empresa,subcta,linea_producto,clv_sub,tarifa,portes,agencia_transporte,tipo_iva,tipo_iva_alt,albaran_valorado,albaran_factura,pedido_albaran,intervalo_factura,copias_albaran,copias_factura,descuento_p_pago,descripcion_dto_2,descuento_2,descripcion_dto_3,descuento_3,cl_circ_oferta,cargo_financiero,cargo_fin_dias,descripcion_car_2,cargo_2,irpf,aplic_irpf,vendedor_1,vendedor_2,vendedor_3,facturar_envase,empresa_id,subcta_id,name
1,4301122,1,,4,0,99,1,1,1,0,1,3,3,4,,,,,,,,,,,0.00,0,,,,N,1,1_4301122,1_4301122
1,4301432,1,,1,0,8,1,1,1,1,0,1,3,4,,,,,,,,,,,0.00,1,,,,N,1,1_4301432,1_4301432
1,4301272,1,,7,0,99,1,1,1,0,1,1,3,2,,,,,,,,,,,0.00,1,4100001,,,N,1,1_4301272,1_4301272
1,4301434,1,,,0,99,1,1,0,0,1,4,3,4,,,,,,,,,,,0.00,1,4100001,,,N,1,1_4301434,1_4301434
1,4000762,1,,1,0,,1,3,1,0,1,1,1,1,,,,,,,,,,,0.00,1,,,,,1,1_4000762,1_4000762
1,4000560,1,,,1,99,5,3,1,1,1,1,1,1,0.00,,,,,,,,,,0.00,1,,,,N,1,1_4000560,1_4000560
19,4301206,1,,,0,,1,1,1,0,1,1,3,4,,,,,,,,,,,0.00,1,4100001,,,N,19,19_4301206,19_4301206
1,4000483,1,,,,,1,1,1,0,1,1,1,1,,,,,,,,,,,0.00,0,,,,N,1,1_4000483,1_4000483
1,4301642,1,,7,0,99,1,3,1,0,1,1,3,4,,,,,,,,,,,0.00,1,,,,,1,1_4301642,1_4301642
19,4301436,1,,,0,98,1,1,1,1,0,1,3,4,,,,,,,,,,,0.00,1,,,,N,19,19_4301436,19_4301436
1,4301603,1,,4,0,99,1,3,1,0,1,1,3,4,,,,,,,,,,,0.00,0,,,,,1,1_4301603,1_4301603
1,4301435,1,,,0,99,1,1,1,1,0,1,3,4,,,,,,,,,,,0.00,1,,,,N,1,1_4301435,1_4301435
1,4301849,1,,6,0,99,1,3,1,0,1,1,3,2,,,,,,,,,,,0.00,1,,,,N,1,1_4301849,1_4301849
1,4301749,1,,4,0,99,1,3,1,0,1,1,3,4,,,,,,,,,,,0.00,1,,,,N,1,1_4301749,1_4301749
1,4301440,1,,,0,99,1,1,1,1,0,1,3,4,,,,,,,,,,,0.00,1,,,,N,1,1_4301440,1_4301440
1,4000562,1,,,0,,1,3,1,0,1,1,1,1,,,,,,,,,,,0.00,1,,,,N,1,1_4000562,1_4000562
1,4000701,1,,1,0,,1,3,1,0,1,1,1,1,,,,,,,,,,,0.00,1,,,,,1,1_4000701,1_4000701
1,4000689,1,,1,0,,1,3,0,0,0,1,1,1,,,,,,,,,,,0.00,1,,,,,1,1_4000689,1_4000689
1,4301443,1,,,0,99,1,1,1,0,1,4,3,4,,,,,,,,,,,0.00,1,4100001,,,N,1,1_4301443,1_4301443
1,4000269,1,,,0,98,1,3,1,0,1,1,1,1,,,,,,,,,,,0.00,1,,,,N,1,1_4000269,1_4000269
1,4301366,1,,7,1,99,1,1,0,0,1,2,3,4,,,,,,,,,,,0.00,1,,,,N,1,1_4301366,1_4301366
1,4301566,1,,1,0,8,1,3,1,0,1,1,3,4,,,,,,,,,,,0.00,0,4100001,,,N,1,1_4301566,1_4301566
1,4301539,1,,,0,8,1,1,0,0,1,1,3,4,,,,,,,,,,,0.00,0,4100001,,,N,1,1_4301539,1_4301539
19,4302257,1,,,,,1,3,1,0,1,1,3,4,,,,,,,,,,,0.00,1,,,,N,19,19_4302257,19_4302257
1,4300893,1,,,0,,1,1,1,0,1,4,3,4,,,,,,,,,,,0.00,1,4100001,,,N,1,1_4300893,1_4300893
1,4000183,1,,,1,99,1,3,1,0,1,1,1,1,,,,,,,,,,,0.00,0,,,,N,1,1_4000183,1_4000183
1,4310016,1,,,,,1,1,0,0,1,1,3,4,,,,,,,,,,,0.00,1,,,,N,1,1_4310016,1_4310016
1,4301698,1,,7,0,98,1,3,1,0,1,1,3,4,,,,,,,,,,,0.00,1,,,,,1,1_4301698,1_4301698
1,4301127,1,,4,0,53,1,1,1,0,1,2,3,4,,,,,,,,,,,0.00,0,,,,N,1,1_4301127,1_4301127
1,4000720,1,,1,1,99,1,3,1,0,1,1,1,1,,,,,,,,,,,0.00,1,,,,,1,1_4000720,1_4000720
1,4000566,1,,,1,99,1,1,1,1,0,1,1,1,,,,,,,,,,,0.00,1,,,,N,1,1_4000566,1_4000566
19,4301161,1,,1,,,1,1,1,0,1,1,3,4,,,,,,,,,,,0.00,1,,,,N,19,19_4301161,19_4301161
1,4000564,1,,,0,,1,3,1,0,1,1,1,1,,,,,,,,,,,0.00,1,,,,N,1,1_4000564,1_4000564
19,4301445,1,,,0,16,1,1,1,1,0,1,3,4,,,,,,,,,,,0.00,1,,,,N,19,19_4301445,19_4301445
1,4000255,1,,,1,99,1,3,1,0,1,1,1,1,,,,,,,,,,,0.00,1,,,,N,1,1_4000255,1_4000255
19,4301241,1,,,0,99,1,1,1,0,1,1,3,4,1.50,,,,,,,,,,0.00,1,,,,N,19,19_4301241,19_4301241
1,4000565,1,,,1,98,1,3,1,0,1,1,1,1,,,,,,,,,,,0.00,1,,,,N,1,1_4000565,1_4000565
1,4000758,1,,1,0,,1,3,1,0,1,1,1,1,,,,,,,,,,,0.00,1,,,,,1,1_4000758,1_4000758
1,4300737,1,,,1,1,1,1,1,0,1,1,3,4,,,,,,,,,,,0.00,1,,,,N,1,1_4300737,1_4300737
1,4301048,1,,,0,,1,1,1,0,1,1,3,4,,,,,,,,,,,0.00,1,4100001,,,N,1,1_4301048,1_4301048
1,4301809,1,,7,0,99,1,3,1,0,1,1,3,2,,,,,,,,,,,0.00,1,4100001,,,N,1,1_4301809,1_4301809
19,4300466,1,,,0,98,1,1,1,1,0,1,3,4,,,,,,,,,,,0.00,1,,,,N,19,19_4300466,19_4300466
1,4301448,1,,,0,8,1,1,1,1,1,1,3,4,,,,,,,,,,,0.00,1,,,,N,1,1_4301448,1_4301448
1,4301139,1,,,0,101,1,1,1,0,1,1,3,4,,,,,,,,,,,0.00,1,4100001,,,N,1,1_4301139,1_4301139
1,4000394,1,,,,,1,3,1,0,1,1,1,1,,,,,,,,,,,0.00,0,,,,N,1,1_4000394,1_4000394
1,4000415,1,,,1,99,1,3,1,0,1,1,1,1,,,,,,,,,,,0.00,0,,,,N,1,1_4000415,1_4000415
1,4300631,1,,,0,16,1,1,1,0,1,1,3,4,,,,,,,,,,,0.00,1,4100001,,,N,1,1_4300631,1_4300631
1,4000021,1,,,0,16,1,3,1,0,1,1,1,1,,,,,,,,,,,0.00,0,,,,N,1,1_4000021,1_4000021
1,4000439,1,,,0,70,1,3,1,0,1,1,1,1,,,,,,,,,,,0.00,0,,,,N,1,1_4000439,1_4000439
1,4000312,1,,,0,98,1,3,1,1,1,1,1,1,2.00,,,,,,,,,,0.00,0,,,,N,1,1_4000312,1_4000312
1,4000423,1,,,1,98,1,3,1,0,1,1,1,1,,,,,,,,,,,0.00,0,,,,N,1,1_4000423,1_4000423
1,4301145,1,,,0,99,1,1,1,0,1,1,3,4,,,,,,,,,,,0.00,1,,,,N,1,1_4301145,1_4301145
1,4000389,1,,,0,99,1,3,1,0,1,1,1,1,,,,,,,,,,,0.00,0,,,,N,1,1_4000389,1_4000389
1,4000416,1,,,,,1,3,1,0,1,1,1,1,,,,,,,,,,,0.00,0,,,,N,1,1_4000416,1_4000416
1,4300750,1,,,1,99,1,1,1,0,1,1,3,4,,,,,,,,,,,0.00,1,4100001,,,N,1,1_4300750,1_4300750
19,4300655,1,,,0,98,1,1,0,0,1,1,3,4,,,,,,,,,,,0.00,1,4100001,,,N,19,19_4300655,19_4300655
19,4301415,1,,,0,99,1,1,1,1,0,1,3,4,,,,,,,,,,,0.00,1,4100001,,,N,19,19_4301415,19_4301415
1,4301116,1,,,0,,1,1,1,0,1,1,3,4,3.00,,,,,,,,,,0.00,1,,,,N,1,1_4301116,1_4301116
19,4301449,1,,,0,99,1,1,1,1,0,1,3,4,,,,,,,,,,,0.00,1,,,,N,19,19_4301449,19_4301449
19,4301240,1,,,0,,1,1,1,0,1,1,3,4,,,,,,,,,,,0.00,1,4100001,,,N,19,19_4301240,19_4301240
1,4301068,1,,,0,8,5,3,1,0,1,1,3,4,,,,,,,,,,,0.00,1,4100001,,,N,1,1_4301068,1_4301068
1,4301217,1,,7,0,99,1,1,1,0,1,1,3,4,,,,,,,,,,,0.00,1,,,,N,1,1_4301217,1_4301217
19,4301447,1,,,0,16,1,1,1,1,1,1,3,4,,,,,,,,,,,0.00,1,,,,N,19,19_4301447,19_4301447
19,4301451,1,,4,0,99,1,1,1,1,0,1,3,4,,,,,,,,,,,0.00,1,,,,N,19,19_4301451,19_4301451
19,4300903,1,,,,,1,1,1,0,1,1,3,4,,,,,,,,,,,0.00,1,,,,N,19,19_4300903,19_4300903
1,4000568,1,,,0,98,1,3,0,0,1,1,1,1,,,,,,,,,,,0.00,1,,,,N,1,1_4000568,1_4000568
19,4301303,1,,,,,1,1,1,0,1,1,3,4,,,,,,,,,,,0.00,1,,,,N,19,19_4301303,19_4301303
1,4301055,1,,,1,1,1,1,1,0,1,1,3,4,,,,,,,,,,1.60,0.00,1,4100001,,,N,1,1_4301055,1_4301055
1,4000428,1,,,1,98,1,3,1,0,1,1,1,1,,,,,,,,,,,0.00,0,,,,N,1,1_4000428,1_4000428
1,4000567,1,,,0,99,1,3,1,0,1,1,1,1,,,,,,,,,,,0.00,1,,,,N,1,1_4000567,1_4000567
1,4300029,1,,,1,1,1,1,1,0,1,1,3,4,3.00,,,,,,,,,,0.00,1,,,,N,1,1_4300029,1_4300029
1,4301492,1,,,0,99,1,1,1,0,1,1,3,4,,,,,,,,,,,0.00,1,,,,N,1,1_4301492,1_4301492
1,4300932,1,,,0,99,1,1,1,0,1,1,3,4,,,,,,,,,,,0.00,1,4100001,,,N,1,1_4300932,1_4300932
1,4000383,1,,,1,99,1,3,1,0,1,1,1,1,,,,,,,,,,,0.00,0,,,,N,1,1_4000383,1_4000383
1,4300381,1,,,1,1,1,1,1,0,1,1,3,4,,,,,,,,,,,0.00,1,4100001,,,N,1,1_4300381,1_4300381
1,4300769,1,,,0,70,1,1,1,0,1,1,3,4,,,,,,,,,,,0.00,1,4100001,,,N,1,1_4300769,1_4300769
1,4300071,1,,8,0,1,1,1,1,0,1,1,3,4,,,,,,,,,,,0.00,1,4100001,,,N,1,1_4300071,1_4300071
1,4300044,1,,,0,1,1,3,1,0,1,1,3,4,,,,,,,1.60,,,,0.00,1,4100001,,,N,1,1_4300044,1_4300044
1,4000162,1,,,,,1,3,1,0,1,1,1,1,,,,,,,,,,,0.00,0,,,,N,1,1_4000162,1_4000162
1,4301793,1,,4,0,99,1,3,1,0,1,1,3,4,,,,,,,,,,,0.00,1,4100001,,,N,1,1_4301793,1_4301793
1,4000531,1,,,0,98,1,3,1,0,1,1,1,1,,,,,,,,,,,0.00,1,,,,N,1,1_4000531,1_4000531
1,4301714,1,,6,0,99,5,3,1,0,1,1,3,4,,,,,,,,,,,0.00,1,,,,,1,1_4301714,1_4301714
1,4300437,1,,,,1,1,3,1,0,1,1,3,4,,,,,,,,,,,0.00,1,,,,N,1,1_4300437,1_4300437
1,4000048,1,,,1,99,1,3,1,1,1,1,1,1,,,,,,,,,,,0.00,0,,,,N,1,1_4000048,1_4000048
1,4100010,1,,1,0,,1,3,1,0,1,1,1,1,,,,,,,,,,,19.00,1,,,,,1,1_4100010,1_4100010
1,4301109,1,,4,1,99,1,1,1,0,1,1,3,4,,,,,,,,,,,0.00,1,,,,N,1,1_4301109,1_4301109
1,4000705,1,,1,1,99,1,3,1,0,1,1,1,1,,,,,,,,,,,0.00,1,,,,,1,1_4000705,1_4000705
1,4300473,1,,,1,1,1,1,1,0,1,1,3,4,,,,,,,,,,,0.00,1,,,,N,1,1_4300473,1_4300473
1,4301053,1,,,1,1,1,1,1,0,1,1,3,4,,,,,,,,,,,0.00,1,,,,N,1,1_4301053,1_4301053
1,4000373,1,,,1,99,1,3,1,0,1,1,1,1,,,,,,,,,,,0.00,0,,,,N,1,1_4000373,1_4000373
1,4300847,1,,6,1,70,1,3,0,0,1,4,3,2,,,,,,,,,,,0.00,1,,,,N,1,1_4300847,1_4300847
1,4300571,1,,,0,1,1,1,1,0,1,1,3,4,,,,,,,,,,,0.00,1,4100001,,,N,1,1_4300571,1_4300571
1,4300346,1,,,1,1,1,1,1,0,1,1,3,4,,,,,,,,,,,0.00,1,4100001,,,N,1,1_4300346,1_4300346
1,4000694,1,,1,0,,1,3,1,0,1,1,1,1,,,,,,,,,,,0.00,1,,,,,1,1_4000694,1_4000694
1,4301788,1,,7,0,99,1,3,0,0,1,1,3,4,,,,,,,,,,,0.00,1,4100001,,,N,1,1_4301788,1_4301788
1,4301086,1,,,1,1,1,1,1,0,1,1,3,4,,,,,,,,,,1.60,0.00,1,4100001,,,N,1,1_4301086,1_4301086
1,4000709,1,,1,0,,1,3,1,0,1,1,1,1,,,,,,,,,,,0.00,1,,,,,1,1_4000709,1_4000709
1,4300099,1,,,0,1,1,3,1,0,1,1,3,4,,,,,,,,,,,0.00,1,,,,N,1,1_4300099,1_4300099
1,4300985,1,,,1,1,1,1,1,0,1,1,3,4,,,,,,,,,,,0.00,1,4100001,,,N,1,1_4300985,1_4300985
1,4300204,1,,,1,1,1,1,1,0,1,1,3,4,,,,,,,,,,,0.00,1,,,,N,1,1_4300204,1_4300204
1,4301323,1,,,0,,1,1,1,0,1,1,3,2,,,,,,,,,,,0.00,1,,,,N,1,1_4301323,1_4301323
1,4301279,1,,,,,1,1,1,0,1,1,3,4,,,,,,,,,,,0.00,1,4100001,,,N,1,1_4301279,1_4301279
1,4000702,1,,1,0,99,5,3,1,0,1,1,1,1,,,,,,,,,,,0.00,1,,,,,1,1_4000702,1_4000702
1,4300999,1,,,1,1,1,1,1,0,1,1,3,4,,,,,,,,,,,0.00,1,4100001,,,N,1,1_4300999,1_4300999
1,4300107,1,,,1,1,1,1,1,0,1,1,3,4,,,,,,,,,,,0.00,1,4100001,,,N,1,1_4300107,1_4300107
1,4300694,1,,,0,,1,1,1,0,1,1,3,4,,,,,,,,,,,0.00,1,,,,N,1,1_4300694,1_4300694
19,4301398,1,,,0,99,1,1,1,1,1,1,3,1,,,,,,,,,,,0.00,1,4100001,,,N,19,19_4301398,19_4301398
1,4300653,1,,,0,,1,1,1,0,1,1,3,4,,,,,,,,,,3.00,0.00,1,,,,N,1,1_4300653,1_4300653
1,4000436,1,,,1,98,1,3,1,0,1,1,1,1,,,,,,,,,,,0.00,0,,,,N,1,1_4000436,1_4000436
1,4301165,1,,,1,1,1,1,1,0,1,1,3,4,3.00,,,,,,,,,,0.00,1,4100001,,,N,1,1_4301165,1_4301165
1,4300820,1,,7,0,99,1,1,1,0,1,1,3,2,,,,,,,,,,,0.00,1,4100001,,,N,1,1_4300820,1_4300820
1,4301406,1,,,0,99,1,1,1,1,1,1,3,4,,,,,,,,,,,0.00,1,4100001,,,N,1,1_4301406,1_4301406
1,4301123,1,,,,,3,3,1,0,1,1,3,4,,,,,,,,,,,0.00,1,,,,N,1,1_4301123,1_4301123
1,4000551,1,,,1,99,1,3,1,0,1,1,1,1,,,,,,,,,,,0.00,1,,,,N,1,1_4000551,1_4000551
1,4301063,1,,,0,,1,1,1,0,1,1,3,4,,,,,,,,,,,0.00,1,,,,N,1,1_4301063,1_4301063
1,4100994,1,,,,,1,3,1,0,1,1,1,1,,,,,,,,,,,0.00,0,,,,N,1,1_4100994,1_4100994
1,4000192,1,,,1,98,1,3,1,0,1,1,1,1,,,,,,,,,,,0.00,0,,,,N,1,1_4000192,1_4000192
1,4101005,1,,1,0,,1,3,1,0,1,1,1,1,,,,,,,,,,,0.00,1,,,,,1,1_4101005,1_4101005
1,4300576,1,,13,1,1,1,1,1,0,1,1,3,2,,,,,,,,,,,0.00,1,,,,N,1,1_4300576,1_4300576
19,4301272,1,,,,,1,1,1,0,1,1,3,1,,,,,,,,,,,0.00,1,4100001,,,N,19,19_4301272,19_4301272
19,4302037,1,,,0,27,1,1,1,0,1,1,3,4,,,,,,,,,,,0.00,1,,,,N,19,19_4302037,19_4302037
1,4301493,1,,,0,99,1,1,0,0,1,1,3,4,,,,,,,,,,,0.00,1,,,,N,1,1_4301493,1_4301493
19,4301062,1,,1,1,1,1,3,1,0,1,1,3,1,,,,,,,,,,,0.00,1,,,,N,19,19_4301062,19_4301062
19,4301129,1,,,,,1,1,1,0,1,1,3,1,0.00,,,,,,,,,,0.00,1,,,,N,19,19_4301129,19_4301129
1,4301023,1,,,0,,1,1,1,0,1,1,3,4,,,,,,,,,,3.00,0.00,1,,,,N,1,1_4301023,1_4301023
1,4300329,1,,,,1,1,1,1,0,1,1,3,4,,,,,,,,,,,0.00,1,4100001,,,N,1,1_4300329,1_4300329
1,4301124,1,,1,0,16,1,3,1,0,1,1,3,4,,,,,,,,,,,0.00,1,4100001,,,N,1,1_4301124,1_4301124
1,4301169,1,,,,,1,1,1,0,1,1,3,4,,,,,,,,,,,0.00,1,4100001,,,N,1,1_4301169,1_4301169
1,4301687,1,,7,1,70,5,3,1,0,1,1,3,4,,,,,,,,,,,0.00,1,,,,,1,1_4301687,1_4301687
1,4300665,1,,4,,1,1,1,1,0,1,1,3,4,,,,,,,,,,,0.00,1,,,,N,1,1_4300665,1_4300665
1,4000038,1,,,1,99,1,3,1,0,1,1,1,1,,,,,,,,,,,0.00,0,,,,N,1,1_4000038,1_4000038
1,4300553,1,,,0,22,1,1,1,0,1,1,3,4,3.00,,,,,,,,,,0.00,1,4100001,,,N,1,1_4300553,1_4300553
1,4300392,1,,,1,1,1,1,1,0,1,1,3,4,,,,,,,,,,,0.00,1,4100001,,,N,1,1_4300392,1_4300392
19,4301270,1,,,,,1,1,1,0,1,1,3,1,,,,,,,,,,,0.00,1,4100001,,,N,19,19_4301270,19_4301270
1,4300987,1,,,0,37,1,1,1,0,1,1,3,4,,,,,,,,,,,0.00,1,4100001,,,N,1,1_4300987,1_4300987
1,4000449,1,,,,,1,3,1,0,1,1,1,1,,,,,,,,,,,0.00,0,,,,N,1,1_4000449,1_4000449
1,4301088,1,,,1,1,1,1,1,0,1,1,3,4,,,,,,,,,,,0.00,1,4100001,,,N,1,1_4301088,1_4301088
1,4000475,1,,,1,98,1,3,1,0,1,1,1,1,,,,,,,,,,,0.00,0,,,,N,1,1_4000475,1_4000475
1,4300993,1,,,1,1,1,1,1,0,1,1,3,4,,,,,,,,,,3.00,0.00,1,4100001,,,N,1,1_4300993,1_4300993
1,4000022,1,,,1,99,1,3,1,0,1,1,1,1,,,,,,,,,,,0.00,0,,,,N,1,1_4000022,1_4000022
1,4301198,1,,,,,1,1,1,0,1,1,3,4,,,,,,,,,,,0.00,1,4100001,,,N,1,1_4301198,1_4301198
19,4301273,1,,,,,1,1,1,0,1,1,3,4,,,,,,,,,,,0.00,1,4100001,,,N,19,19_4301273,19_4301273
1,4301411,1,,8,0,98,1,1,1,0,1,1,3,4,,,,,,,,,,,0.00,1,4100001,,,N,1,1_4301411,1_4301411
1,4300586,1,,,0,1,1,1,1,0,1,1,3,4,,,,,,,,,,,0.00,1,4100001,,,N,1,1_4300586,1_4300586
1,4301289,1,,8,0,99,3,3,1,0,1,1,3,4,,,,,,,,,,,0.00,1,4100001,,,N,1,1_4301289,1_4301289
1,4000590,1,,,0,98,1,1,0,0,0,1,1,1,,,,,,,,,,,0.00,1,,,,N,1,1_4000590,1_4000590
19,4301221,1,,,,,1,1,1,0,1,1,3,1,,,,,,,,,,,0.00,1,,,,N,19,19_4301221,19_4301221
1,4301500,1,,7,0,82,1,1,0,0,1,1,3,4,,,,,,,,,,,0.00,1,,,,N,1,1_4301500,1_4301500
1,4000417,1,,,1,99,1,3,1,0,1,1,1,1,,,,,,,,,,,0.00,1,,,,N,1,1_4000417,1_4000417
1,4301148,1,,,1,1,1,1,1,0,1,1,3,4,,,,,,,,,,,0.00,1,4100001,,,N,1,1_4301148,1_4301148
1,4300203,1,,,,1,1,3,1,0,1,1,3,4,,,,,,,,,,,0.00,1,,,,N,1,1_4300203,1_4300203
1,4301104,1,,,0,8,1,1,1,0,1,1,3,4,,,,,,,,,,,0.00,1,4100001,,,N,1,1_4301104,1_4301104
1,4301062,1,,,1,1,1,1,1,0,1,1,3,4,,,,,,,,,,,0.00,1,,,,N,1,1_4301062,1_4301062
1,4000237,1,,,1,99,1,3,1,1,1,1,1,1,,,,,,,,,,,0.00,1,,,,N,1,1_4000237,1_4000237
1,4300798,1,,,0,58,1,1,1,0,1,1,3,4,,,,,,,,,,,0.00,1,,,,N,1,1_4300798,1_4300798
1,4301486,1,,,0,1,1,1,0,0,1,1,3,4,,,,,,,,,,,0.00,1,4100001,,,N,1,1_4301486,1_4301486
1,4301391,1,,8,0,98,1,1,0,0,1,4,3,4,,,,,,,,,,,0.00,1,4100001,,,N,1,1_4301391,1_4301391
1,4000208,1,,,1,98,1,3,1,0,1,1,1,1,,,,,,,,,,,0.00,0,,,,N,1,1_4000208,1_4000208
1,4300986,1,,,,16,1,3,1,0,1,1,3,4,,,,,,,,,,3.00,0.00,1,4100001,,,N,1,1_4300986,1_4300986
1,4300172,1,,7,,1,1,3,1,0,1,1,3,4,,,,,,,,,,,0.00,1,4100001,,,N,1,1_4300172,1_4300172
1,4300744,1,,,1,1,1,1,1,0,1,1,3,4,,,,,,,,,,,0.00,1,4100001,,,N,1,1_4300744,1_4300744
19,4301175,1,,,0,99,1,1,1,0,1,1,3,4,,,,,,,,,,,0.00,1,4100001,,,N,19,19_4301175,19_4301175
1,4000191,1,,,1,98,1,3,1,0,1,1,1,1,,,,,,,,,,,0.00,0,,,,N,1,1_4000191,1_4000191
1,4100989,1,,1,0,,1,3,1,0,1,1,1,1,,,,,,,,,,,0.00,1,,,,,1,1_4100989,1_4100989
1,4301038,1,,,,,1,1,1,0,1,1,3,4,,,,,,,,,,,0.00,1,4100001,,,N,1,1_4301038,1_4301038
1,4300115,1,,,0,8,1,1,1,0,1,1,3,4,,,,,,,,,,,0.00,1,,,,N,1,1_4300115,1_4300115
1,4000471,1,,,1,16,1,3,1,0,1,1,1,1,,,,,,,,,,,0.00,0,,,,N,1,1_4000471,1_4000471
1,4000012,1,,,1,98,1,3,1,0,1,1,1,1,,,,,,,,,,,0.00,0,,,,N,1,1_4000012,1_4000012
1,4000026,1,,,1,98,1,3,1,0,1,1,1,1,,,,,,,,,,,0.00,0,,,,N,1,1_4000026,1_4000026
1,4000279,1,,,0,99,1,3,1,0,1,4,1,1,,,,,,,,,,,0.00,0,,,,N,1,1_4000279,1_4000279
1,4100244,1,,,,,1,3,1,0,1,4,1,1,,,,,,,,,,,0.00,0,,,,N,1,1_4100244,1_4100244
1,4300084,1,,,,1,1,3,1,0,1,1,3,4,,,,,,,,,,,0.00,1,,,,N,1,1_4300084,1_4300084
1,4100353,1,,,,,1,3,1,0,1,1,1,1,,,,,,,,,,,0.00,0,,,,N,1,1_4100353,1_4100353
1,4100412,1,,,,,1,3,1,0,1,1,1,1,,,,,,,,,,,0.00,0,,,,N,1,1_4100412,1_4100412
1,4301367,1,,,1,98,1,1,1,1,1,1,3,4,,,,,,,,,,,0.00,1,,,,N,1,1_4301367,1_4301367
1,4300047,1,,,,1,1,3,1,0,1,1,3,4,,,,,,,,,,,0.00,1,,,,N,1,1_4300047,1_4300047
1,4000148,1,,,1,99,1,3,1,0,1,1,1,1,,,,,,,,,,,0.00,0,,,,N,1,1_4000148,1_4000148
1,4301720,1,,7,0,79,3,3,1,1,1,1,3,2,,,,,,,,,,,0.00,1,,,,N,1,1_4301720,1_4301720
1,4000437,1,,,1,99,1,3,1,0,1,1,1,1,,,,,,,,,,,0.00,0,,,,N,1,1_4000437,1_4000437
1,4000230,1,,,1,98,1,3,1,0,1,1,1,1,,,,,,,,,,,0.00,0,,,,N,1,1_4000230,1_4000230
1,4000413,1,,,1,16,1,3,1,0,1,1,1,1,,,,,,,,,,,0.00,0,,,,N,1,1_4000413,1_4000413
1,4000338,1,,,1,98,1,3,1,0,1,1,1,1,,,,,,,,,,,0.00,0,,,,N,1,1_4000338,1_4000338
1,4000282,1,,,1,99,1,3,1,0,1,4,1,1,,,,,,,,,,,0.00,0,,,,N,1,1_4000282,1_4000282
19,4301379,1,,,0,99,1,1,0,0,1,2,3,1,,,,,,,,,,,0.00,1,,,,N,19,19_4301379,19_4301379
1,4000106,1,,,1,99,1,3,1,0,1,1,1,1,,,,,,,,,,,0.00,0,,,,N,1,1_4000106,1_4000106
1,4000032,1,,,,,1,3,1,0,1,1,1,1,,,,,,,,,,,0.00,0,,,,N,1,1_4000032,1_4000032
1,4000152,1,,,0,99,1,3,1,0,1,1,1,1,,,,,,,,,,,0.00,0,,,,N,1,1_4000152,1_4000152
1,4000256,1,,,1,99,1,3,1,0,1,1,1,1,,,,,,,,,,,0.00,0,,,,N,1,1_4000256,1_4000256
1,4301399,1,,,0,52,1,1,1,0,1,4,3,4,,,,,,,,,,,0.00,1,,,,N,1,1_4301399,1_4301399
1,4301214,1,,7,0,55,1,1,1,0,1,1,3,2,,,,,,,,,,,0.00,1,4100001,,,N,1,1_4301214,1_4301214
1,4000141,1,,,1,98,1,3,1,0,1,1,1,1,,,,,,,,,,,0.00,0,,,,N,1,1_4000141,1_4000141
1,4301135,1,,,0,8,1,3,1,0,1,1,3,4,,,,,,,,,,,0.00,1,,,,N,1,1_4301135,1_4301135
1,4301414,1,,,0,50,1,1,1,0,1,1,3,4,,,,,,,,,,,0.00,1,,,,N,1,1_4301414,1_4301414
1,4000321,1,,,1,99,1,3,1,0,1,1,1,1,,,,,,,,,,,0.00,0,,,,N,1,1_4000321,1_4000321
1,4000388,1,,,1,99,1,3,1,0,1,1,1,1,,,,,,,,,,,0.00,0,,,,N,1,1_4000388,1_4000388
1,4000623,1,,1,1,98,1,3,1,0,1,1,1,1,,,,,,,,,,,0.00,1,,,,,1,1_4000623,1_4000623
19,4301173,1,,,,1,1,1,1,0,1,1,3,4,,,,,,,,,,,0.00,1,4100001,,,N,19,19_4301173,19_4301173
1,4000486,1,,,,,1,1,1,0,1,1,1,1,,,,,,,,,,,0.00,0,,,,N,1,1_4000486,1_4000486
1,4000050,1,,,1,98,1,3,1,0,1,1,1,1,,,,,,,,,,,0.00,0,,,,N,1,1_4000050,1_4000050
1,4000719,1,,1,1,99,1,3,1,0,1,1,1,1,,,,,,,,,,,0.00,1,,,,,1,1_4000719,1_4000719
1,4000385,1,,,1,99,1,1,1,0,1,1,1,1,,,,,,,,,,,0.00,0,,,,N,1,1_4000385,1_4000385
1,4301213,1,,,0,98,1,1,1,0,1,1,3,4,3.00,,,,,,,,,,0.00,1,,,,N,1,1_4301213,1_4301213
1,4000242,1,,,1,99,1,3,1,0,1,4,1,1,,,,,,,,,,,0.00,0,,,,N,1,1_4000242,1_4000242
19,4301452,1,,,0,99,1,1,1,1,0,1,3,4,,,,,,,,,,,0.00,1,,,,N,19,19_4301452,19_4301452
1,4100160,1,,,,,1,3,1,0,1,4,3,1,,,,,,,,,,,0.00,0,,,,N,1,1_4100160,1_4100160
1,4300686,1,,,0,31,1,1,1,0,1,1,3,4,,,,,,,,,,,0.00,1,,,,N,1,1_4300686,1_4300686
1,4000390,1,,,1,99,1,3,1,0,1,1,1,1,,,,,,,,,,,0.00,0,,,,N,1,1_4000390,1_4000390
1,4301373,1,,,0,8,1,1,0,0,1,2,3,4,,,,,,,,,,,0.00,1,,,,N,1,1_4301373,1_4301373
1,4000397,1,,,1,99,1,3,1,0,1,1,1,1,,,,,,,,,,,0.00,0,,,,N,1,1_4000397,1_4000397
19,4301293,1,,,,,1,1,1,0,1,1,3,1,,,,,,,,,,,0.00,1,,,,N,19,19_4301293,19_4301293
1,4000404,1,,,1,99,1,3,1,0,1,1,1,1,,,,,,,,,,,0.00,0,,,,N,1,1_4000404,1_4000404
1,4000173,1,,,1,8,1,1,1,0,1,4,1,1,,,,,,,,,,,0.00,0,,,,N,1,1_4000173,1_4000173
19,4301466,1,,,0,99,1,1,1,1,1,1,3,4,,,,,,,,,,,0.00,1,,,,N,19,19_4301466,19_4301466
19,4301448,1,,,0,8,1,1,1,1,1,1,3,4,,,,,,,,,,,0.00,1,,,,N,19,19_4301448,19_4301448
1,4300502,1,,,1,1,1,1,1,0,1,1,3,4,,,,,,,,,,,0.00,1,4100001,,,N,1,1_4300502,1_4300502
1,4301154,1,,,1,1,1,1,1,0,1,1,3,4,3.00,,,,,,,,,,0.00,1,4100001,,,N,1,1_4301154,1_4301154
19,4300200,1,,,0,11,1,1,1,0,1,1,3,1,,,,,,,,,,3.00,0.00,1,,,,N,19,19_4300200,19_4300200
19,4300855,1,,,1,1,1,1,1,0,1,1,3,1,3.00,,,,,,,,,,0.00,1,4100001,,,N,19,19_4300855,19_4300855
1,4301082,1,,,1,1,1,1,1,0,1,1,3,4,3.00,,,,,,,,,,0.00,1,4100001,,,N,1,1_4301082,1_4301082
1,4000268,1,,,1,99,1,3,1,0,1,1,1,1,,,,,,,,,,,0.00,0,,,,N,1,1_4000268,1_4000268
1,4300996,1,,,,,1,1,1,1,1,1,3,4,,,,,,,,,,3.00,0.00,1,4100001,,,N,1,1_4300996,1_4300996
1,4000447,1,,,,,1,3,1,0,1,1,1,1,,,,,,,,,,,0.00,0,,,,N,1,1_4000447,1_4000447
1,4300940,1,,8,0,99,1,1,1,0,1,1,3,4,,,,,,,,,,0.00,0.00,0,4100001,,,N,1,1_4300940,1_4300940
1,4301206,1,,7,0,99,1,1,1,0,1,1,3,2,,,,,,,,,,,0.00,1,4100001,,,N,1,1_4301206,1_4301206
1,4300998,1,,,,,1,1,1,0,1,1,3,4,,,,,,,,,,1.60,0.00,1,4100001,,,N,1,1_4300998,1_4300998
1,4000408,1,,,1,49,1,3,1,0,1,1,1,1,,,,,,,,,,,0.00,0,,,,N,1,1_4000408,1_4000408
1,4302053,1,,,1,1,1,1,1,0,1,3,3,4,,,,,,,,,,3.00,0.00,1,4100001,,,N,1,1_4302053,1_4302053
1,4300673,1,,,1,1,1,1,1,0,1,1,3,4,,,,,,,,,,,0.00,1,4100001,,,N,1,1_4300673,1_4300673
19,4300635,1,,,0,50,1,1,1,0,1,1,3,1,,,,,,,,,,,0.00,1,,,,N,19,19_4300635,19_4300635
1,4300600,1,,,1,1,1,1,1,0,1,1,3,4,,,,,,,,,,,0.00,1,4100001,,,N,1,1_4300600,1_4300600
1,4300962,1,,,1,1,1,1,1,0,1,1,3,4,,,,,,,,,,,0.00,1,4100001,,,N,1,1_4300962,1_4300962
1,4000706,1,,1,1,99,5,3,1,0,1,1,1,1,,,,,,,,,,,0.00,1,,,,,1,1_4000706,1_4000706
1,4300585,1,,,,1,1,1,1,0,1,1,3,4,,,,,,,,,,,0.00,1,,,,N,1,1_4300585,1_4300585
1,4300206,1,,,1,1,1,1,1,0,1,1,3,4,,,,,,,,,,,0.00,1,4100001,,,N,1,1_4300206,1_4300206
1,4300865,1,,,0,1,1,1,1,0,1,1,3,4,,,,,,,,,,,0.00,1,4100001,,,N,1,1_4300865,1_4300865
1,4100055,1,,,1,98,1,3,1,0,1,4,1,2,,,,,,,,,,,0.00,0,,,,N,1,1_4100055,1_4100055
1,4300128,1,,,1,1,1,1,1,0,1,1,3,4,,,,,,,,,,3.00,0.00,1,4100001,,,N,1,1_4300128,1_4300128
1,4300619,1,,7,0,1,1,1,1,0,1,1,3,2,,,,,,,,,,,0.00,1,4100001,,,N,1,1_4300619,1_4300619
1,4300614,1,,,,1,1,3,1,0,1,3,3,4,,,,,,,,,,,0.00,1,4100001,,,N,1,1_4300614,1_4300614
19,4301145,1,,,0,99,1,1,1,0,1,1,3,1,,,,,,,,,,,0.00,1,,,,N,19,19_4301145,19_4301145
1,4000374,1,,,1,98,1,3,1,0,1,1,1,1,,,,,,,,,,,0.00,0,,,,N,1,1_4000374,1_4000374
1,4301616,1,,1,0,99,1,3,1,0,1,1,3,4,,,,,,,,,,,0.00,1,4100001,,,,1,1_4301616,1_4301616
1,4301251,1,,,,,1,1,1,0,1,1,3,4,,,,,,,,,,,0.00,1,,,,N,1,1_4301251,1_4301251
1,4302257,1,,,0,1,1,1,1,0,1,1,3,4,,,,,,,,,,,0.00,1,,,,N,1,1_4302257,1_4302257
1,4301694,1,,6,0,8,1,3,1,0,1,1,3,4,,,,,,,,,,,0.00,1,4100001,,,,1,1_4301694,1_4301694
1,4301179,1,,4,,99,1,1,1,0,1,1,3,4,,,,,,,,,,,0.00,1,,,,N,1,1_4301179,1_4301179
1,4300935,1,,,1,99,1,1,1,0,1,1,3,4,,,,,,,,,,3.00,0.00,1,,,,N,1,1_4300935,1_4300935
1,4301484,1,,,0,,1,1,1,0,1,4,3,4,,,,,,,,,,,0.00,1,,,,N,1,1_4301484,1_4301484
1,4000372,1,,,1,98,1,3,1,0,1,1,1,1,,,,,,,,,,,0.00,0,,,,N,1,1_4000372,1_4000372
19,4301124,1,,1,0,16,1,3,1,0,1,1,3,1,,,,,,,,,,,0.00,1,,,,N,19,19_4301124,19_4301124
1,4301140,1,,,0,2,1,1,1,0,1,1,3,4,,,,,,,,,,3.00,0.00,1,,,,N,1,1_4301140,1_4301140
1,4000536,1,,,0,8,1,3,1,1,1,1,1,1,,,,,,,,,,,0.00,1,,,,N,1,1_4000536,1_4000536
1,4300181,1,,,0,1,1,3,1,0,1,1,3,4,,,,,,,,,,,0.00,1,4100001,,,N,1,1_4300181,1_4300181
19,4301198,1,,,,,1,1,1,0,1,1,3,1,,,,,,,,,,,0.00,1,,,,N,19,19_4301198,19_4301198
19,4301135,1,,,0,8,1,3,1,0,1,1,3,1,,,,,,,,,,,0.00,1,,,,N,19,19_4301135,19_4301135
1,4300401,1,,4,0,99,1,1,1,0,1,1,3,4,,,,,,,,,,,0.00,1,,,,N,1,1_4300401,1_4300401
1,4301405,1,,,0,99,1,1,1,1,1,1,3,4,,,,,,,,,,,0.00,1,,,,N,1,1_4301405,1_4301405
1,4301605,1,,7,0,99,1,3,1,0,1,1,3,4,,,,,,,,,,,0.00,1,4100001,,,,1,1_4301605,1_4301605
1,4301159,1,,,1,1,1,1,1,0,1,1,3,4,,,,,,,,,,,0.00,1,4100001,,,N,1,1_4301159,1_4301159
1,4300949,1,,,0,1,1,1,1,0,1,1,3,4,,,,,,,,,,3.00,0.00,1,4100001,,,N,1,1_4300949,1_4300949
1,4300863,1,,,1,1,1,1,1,0,1,1,3,4,,,,,,,,,,,0.00,1,4100001,,,N,1,1_4300863,1_4300863
1,4000691,1,,1,0,,1,3,1,0,1,1,1,1,,,,,,,,,,,0.00,1,,,,,1,1_4000691,1_4000691
1,4000472,1,,,,,1,3,1,0,1,1,1,1,,,,,,,,,,,0.00,0,,,,N,1,1_4000472,1_4000472
1,4301101,1,,,,,1,1,1,0,1,1,3,4,3.00,,,,,,,,,,0.00,1,,,,N,1,1_4301101,1_4301101
1,4301211,1,,7,0,8,1,1,1,0,1,3,3,2,,,,,,,,,,,0.00,0,4100001,,,N,1,1_4301211,1_4301211
1,4300604,1,,,,16,1,1,1,0,1,1,3,4,,,,,,,,,,1.60,0.00,1,,,,N,1,1_4300604,1_4300604
1,4301239,1,,,,,1,1,1,0,1,1,3,4,,,,,,,,,,,0.00,1,4100001,,,N,1,1_4301239,1_4301239
1,4301368,1,,,0,99,1,1,1,1,1,1,3,4,3.00,,,,,,,,,,0.00,1,4100001,,,N,1,1_4301368,1_4301368
1,4301203,1,,6,1,98,1,1,1,0,1,1,3,4,,,,,,,,,,,0.00,1,4100001,,,N,1,1_4301203,1_4301203
1,4301586,1,,1,0,8,1,3,1,0,1,1,3,4,,,,,,,,,,,0.00,1,4100001,,,,1,1_4301586,1_4301586
1,4000518,1,,,0,98,1,1,1,1,1,1,1,1,,,,,,,,,,,0.00,1,,,,N,1,1_4000518,1_4000518
19,4301312,1,,,0,,1,1,0,0,1,1,3,1,,,,,,,,,,,0.00,1,4100001,,,N,19,19_4301312,19_4301312
1,4300069,1,,,0,1,1,1,1,0,1,1,3,4,,,,,,,,,,,0.00,1,4100001,,,N,1,1_4300069,1_4300069
1,4300762,1,,,,8,1,3,1,0,1,1,3,4,,,,,,,3.00,,,,0.00,1,,,,N,1,1_4300762,1_4300762
1,4300042,1,,,,1,1,3,1,0,1,1,3,4,,,,,,,,,,,0.00,1,4100001,,,N,1,1_4300042,1_4300042
1,4301719,1,,7,0,16,1,3,1,0,1,1,3,4,,,,,,,,,,,0.00,1,,,,N,1,1_4301719,1_4301719
19,4301454,1,,4,0,99,1,3,0,0,1,1,3,4,,,,,,,,,,,0.00,1,,,,N,19,19_4301454,19_4301454
1,4300728,1,,,1,1,1,1,1,0,1,1,3,4,,,,,,,,,,,0.00,1,4100001,,,N,1,1_4300728,1_4300728
1,4301113,1,,,1,99,1,1,1,0,1,1,3,4,,,,,,,,,,,0.00,1,,,,N,1,1_4301113,1_4301113
1,4300746,1,,,0,,1,1,1,0,1,1,3,4,,,,,,,,,,,0.00,1,,,,N,1,1_4300746,1_4300746
1,4301004,1,,,0,8,1,1,1,1,0,1,3,4,,,,,,,,,,,0.00,1,,,,N,1,1_4301004,1_4301004
1,4300608,1,,,1,1,1,1,1,0,1,1,3,4,,,,,,,,,,,0.00,1,,,,N,1,1_4300608,1_4300608
1,4301683,1,,7,0,99,1,3,1,0,1,1,3,4,,,,,,,,,,,0.00,1,4100001,,,,1,1_4301683,1_4301683
1,4301567,1,,8,0,1,1,3,1,0,1,1,3,2,,,,,,,,,,,0.00,0,4100001,,,N,1,1_4301567,1_4301567
1,4301612,1,,1,1,70,1,3,1,0,1,1,3,4,,,,,,,,,,,0.00,1,4100001,,,,1,1_4301612,1_4301612
1,4000558,1,,,0,99,1,3,1,0,1,1,1,1,,,,,,,,,,,0.00,1,,,,N,1,1_4000558,1_4000558
1,4301360,1,,,,,1,1,1,0,1,1,3,4,,,,,,,,,,,0.00,1,4100001,,,N,1,1_4301360,1_4301360
19,4300051,1,,,,1,1,1,1,0,1,1,3,1,,,,,,,,,,1.60,0.00,1,,,,N,19,19_4300051,19_4300051
19,4300292,1,,,1,1,1,1,1,0,1,1,3,4,,,,,,,,,,,0.00,1,4100001,,,N,19,19_4300292,19_4300292
1,4300839,1,,,1,1,1,1,1,0,1,1,3,4,3.00,,,,,,,,,,0.00,1,4100001,,,N,1,1_4300839,1_4300839
1,4000593,1,,,0,8,1,3,0,0,1,1,1,1,,,,,,,,,,,0.00,1,,,,N,1,1_4000593,1_4000593
1,4300059,1,,,,1,1,1,1,0,1,4,3,4,,,,,,,,,,,0.00,1,,,,N,1,1_4300059,1_4300059
1,4300967,1,,,0,1,1,1,1,0,1,4,3,4,,,,,,,,,,,0.00,1,4100001,,,N,1,1_4300967,1_4300967
1,4000154,1,,,1,99,1,3,1,0,1,1,1,1,,,,,,,,,,,0.00,1,,,,N,1,1_4000154,1_4000154
1,4300869,1,,7,0,51,1,1,1,0,1,1,3,4,,,,,,,,,,3.00,0.00,1,,,,N,1,1_4300869,1_4300869
1,4301654,1,,1,0,99,1,3,1,0,1,1,3,4,,,,,,,,,,,0.00,1,,,,,1,1_4301654,1_4301654
1,4000445,1,,,,,1,3,1,0,1,1,1,1,,,,,,,,,,,0.00,0,,,,N,1,1_4000445,1_4000445
1,4300491,1,,,,1,1,1,1,0,1,1,3,4,,,,,,,,,,,0.00,1,,,,N,1,1_4300491,1_4300491
1,4301756,1,,7,0,99,1,3,0,0,1,1,3,4,,,,,,,,,,,0.00,1,,,,N,1,1_4301756,1_4301756
1,4301235,1,,,,,1,1,1,0,1,1,3,4,,,,,,,,,,,0.00,1,,,,N,1,1_4301235,1_4301235
1,4300983,1,,,,1,1,3,1,0,1,1,3,4,,,,,,,,,,,0.00,1,4100001,,,N,1,1_4300983,1_4300983
1,4000291,1,,,1,98,1,1,1,0,1,4,1,1,,,,,,,,,,,0.00,0,,,,N,1,1_4000291,1_4000291
19,4300620,1,,,,,1,3,1,0,1,1,3,1,,,,,,,,,,,0.00,1,,,,N,19,19_4300620,19_4300620
1,4000298,1,,,0,99,1,3,1,0,1,1,1,1,,,,,,,,,,,0.00,0,,,,N,1,1_4000298,1_4000298
19,4300104,1,,,,1,1,1,1,0,1,1,3,1,,,,,,,,,,,0.00,1,,,,N,19,19_4300104,19_4300104
1,4300658,1,,,0,46,1,1,1,0,1,1,3,4,3.00,,,,,,,,,,0.00,1,4100001,,,N,1,1_4300658,1_4300658
19,4300895,1,,,,1,1,3,1,0,1,1,3,1,,,,,,,,,,,0.00,1,,,,N,19,19_4300895,19_4300895
1,4301011,1,,,1,1,1,1,1,0,1,1,3,4,,,,,,,,,,1.60,0.00,1,4100001,,,N,1,1_4301011,1_4301011
1,4000454,1,,,,,1,3,1,0,1,1,1,1,,,,,,,,,,,0.00,0,,,,N,1,1_4000454,1_4000454
19,4301224,1,,,,,1,1,1,0,1,1,3,1,,,,,,,,,,,0.00,1,,,,N,19,19_4301224,19_4301224
1,4300668,1,,,0,,1,1,1,0,1,1,3,4,,,,,,,3.00,,,,0.00,1,,,,N,1,1_4300668,1_4300668
1,4301193,1,,,0,1,1,1,1,0,1,1,3,4,,,,,,,,,,,0.00,1,4100001,,,N,1,1_4301193,1_4301193
1,4000462,1,,,,,1,3,1,0,1,1,1,1,,,,,,,,,,,0.00,0,,,,N,1,1_4000462,1_4000462
19,4300970,1,,,,,1,1,1,0,1,1,3,1,,,,,,,,,,,0.00,1,,,,N,19,19_4300970,19_4300970
19,4300553,1,,,,22,1,3,1,0,1,1,3,1,3.00,,,,,,,,,,0.00,1,,,,N,19,19_4300553,19_4300553
19,4300212,1,,,,1,3,1,1,0,1,4,3,1,3.00,,,,,,,,,,0.00,1,,,,N,19,19_4300212,19_4300212
1,4301174,1,,1,0,99,1,1,1,0,1,1,3,4,,,,,,,,,,,0.00,1,4100001,,,N,1,1_4301174,1_4301174
1,4000158,1,,,1,99,1,1,1,0,1,1,1,1,,,,,,,,,,,0.00,0,,,,N,1,1_4000158,1_4000158
19,4300999,1,,,,1,1,3,1,0,1,1,3,1,,,,,,,,,,,0.00,1,,,,N,19,19_4300999,19_4300999
1,4300642,1,,,0,,1,1,1,0,1,1,3,4,,,,,,,,,,,0.00,1,,,,N,1,1_4300642,1_4300642
1,4301636,1,,1,0,1,1,3,1,0,1,1,3,4,,,,,,,,,,,0.00,1,4100001,,,,1,1_4301636,1_4301636
1,4000787,1,,1,0,,1,3,1,0,1,1,1,1,,,,,,,,,,,0.00,1,,,,,1,1_4000787,1_4000787
19,4301178,1,,,0,8,1,1,1,0,1,1,3,1,,,,,,,,,,,0.00,1,,,,N,19,19_4301178,19_4301178
1,4301002,1,,,0,1,1,1,1,0,1,1,3,4,,,,,,,,,,,0.00,1,4100001,,,N,1,1_4301002,1_4301002
1,4000664,1,,1,0,99,1,3,1,0,1,1,1,1,,,,,,,,,,,0.00,1,,,,,1,1_4000664,1_4000664
1,4300661,1,,,0,,1,1,1,0,1,1,3,4,,,,,,,,,,3.00,0.00,1,,,,N,1,1_4300661,1_4300661
1,4000105,1,,,1,99,1,3,1,0,1,1,1,1,,,,,,,,,,,0.00,0,,,,N,1,1_4000105,1_4000105
1,4301503,1,,,0,,1,3,1,0,1,1,3,4,,,,,,,,,,,0.00,1,,,,N,1,1_4301503,1_4301503
1,4000624,1,,1,1,99,1,3,1,0,1,1,1,1,,,,,,,,,,,0.00,1,,,,,1,1_4000624,1_4000624
1,4300613,1,,,0,8,1,1,1,0,1,1,3,4,,,,,,,,,,1.60,0.00,1,,,,N,1,1_4300613,1_4300613
1,4000511,1,,,0,,1,1,1,0,1,1,1,1,,,,,,,,,,,0.00,1,,,,N,1,1_4000511,1_4000511
1,4301579,1,,7,0,1,1,3,0,0,1,1,3,2,,,,,,,,,,,0.00,0,4100001,,,N,1,1_4301579,1_4301579
1,4000296,1,,,1,98,1,1,1,0,1,4,1,1,,,,,,,,,,,0.00,0,,,,N,1,1_4000296,1_4000296
1,4300379,1,,7,,1,1,1,1,0,1,1,3,4,,,,,,,,,,,0.00,1,4100001,,,N,1,1_4300379,1_4300379
1,4000507,1,,,1,99,5,3,1,1,1,1,1,1,,,,,,,,,,,0.00,0,,,,N,1,1_4000507,1_4000507
1,4301106,1,,6,1,70,1,3,1,0,1,1,3,2,,,,,,,,,,,0.00,1,,,,N,1,1_4301106,1_4301106
1,4300323,1,,,,1,1,3,1,0,1,1,3,4,,,,,,,,,,,0.00,1,,,,N,1,1_4300323,1_4300323
1,4301320,1,,8,0,99,1,1,1,0,1,1,3,4,,,,,,,,,,,0.00,1,4100001,,,N,1,1_4301320,1_4301320
1,4300363,1,,,0,,1,1,1,0,1,4,3,4,,,,,,,3.00,,,,0.00,1,,,,N,1,1_4300363,1_4300363
1,4301060,1,,,,1,1,3,1,0,1,1,3,4,,,,,,,,,,,0.00,1,,,,N,1,1_4301060,1_4301060
1,4301637,1,,7,0,1,1,3,1,0,1,1,3,4,,,,,,,,,,,0.00,1,4100001,,,,1,1_4301637,1_4301637
1,4000033,1,,,1,98,1,3,1,0,1,1,1,1,,,,,,,,,,,0.00,0,,,,N,1,1_4000033,1_4000033
1,4300934,1,,,1,1,1,1,1,0,1,1,3,4,,,,,,,,,,,0.00,1,4100001,,,N,1,1_4300934,1_4300934
1,4301089,1,,,,,1,1,1,0,1,1,3,4,,,,,,,,,,,0.00,1,4100001,,,N,1,1_4301089,1_4301089
1,4000546,1,,,0,,1,3,1,0,1,1,1,1,,,,,,,,,,,0.00,1,,,,N,1,1_4000546,1_4000546
1,4300027,1,,,0,,1,1,1,0,1,1,3,4,,,,,,,,,,,0.00,1,,,,N,1,1_4300027,1_4300027
1,4300111,1,,,0,7,1,1,1,0,1,1,3,4,1.50,,,,,,,,,,0.00,1,4100001,,,N,1,1_4300111,1_4300111
1,4301099,1,,,,8,1,3,1,0,1,1,3,4,,,,,,,,,,,0.00,1,,,,N,1,1_4301099,1_4301099
19,4300377,1,,,,,1,1,1,0,1,1,3,1,,,,,,,,,,3.00,0.00,1,,,,N,19,19_4300377,19_4300377
19,4301263,1,,,,,1,1,1,0,1,1,3,1,,,,,,,,,,,0.00,1,,,,N,19,19_4301263,19_4301263
1,4000538,1,,,0,,1,3,1,1,1,1,1,1,,,,,,,,,,,0.00,1,,,,N,1,1_4000538,1_4000538
1,4301377,1,,,0,8,1,3,1,1,1,2,3,4,,,,,,,,,,,0.00,1,,,,N,1,1_4301377,1_4301377
1,4301044,1,,,,1,1,3,1,0,1,1,3,4,,,,,,,,,,,0.00,1,4100001,,,N,1,1_4301044,1_4301044
1,4000402,1,,,1,99,1,3,1,0,1,1,1,1,,,,,,,,,,,0.00,0,,,,N,1,1_4000402,1_4000402
1,4301227,1,,,,,1,1,1,0,1,1,3,4,,,,,,,,,,,0.00,1,,,,N,1,1_4301227,1_4301227
1,4300554,1,,,0,23,1,1,1,0,1,1,3,4,,,,,,,,,,,0.00,1,4100001,,,N,1,1_4300554,1_4300554
1,4301311,1,,,0,,1,3,1,0,1,1,3,4,0.00,,,,,,,,,,0.00,1,,,,N,1,1_4301311,1_4301311
19,4300739,1,,,,8,1,1,1,0,1,1,3,1,,,,,,,,,,,0.00,1,,,,N,19,19_4300739,19_4300739
1,4300195,1,,7,0,82,1,1,1,0,1,1,3,4,,,,,,,,,,,0.00,1,4100001,,,N,1,1_4300195,1_4300195
1,4301456,1,,,0,99,1,1,1,0,1,4,3,4,,,,,,,,,,,0.00,1,,,,N,1,1_4301456,1_4301456
1,4300890,1,,,1,1,1,1,1,0,1,1,3,4,,,,,,,,,,,0.00,1,4100001,,,N,1,1_4300890,1_4300890
1,4300855,1,,,1,1,1,1,1,0,1,1,3,4,,,,,,,,,,,0.00,1,4100001,,,N,1,1_4300855,1_4300855
1,4300643,1,,,0,28,1,1,1,0,1,1,3,4,,,,,,,,,,,0.00,1,,,,N,1,1_4300643,1_4300643
1,4000431,1,,,1,99,1,3,1,0,1,1,1,1,,,,,,,,,,,0.00,0,,,,N,1,1_4000431,1_4000431
1,4301190,1,,6,0,8,1,1,1,0,1,1,3,4,,,,,,,,,,,0.00,1,,,,N,1,1_4301190,1_4301190
1,4000314,1,,,1,98,1,1,1,0,1,1,1,1,,,,,,,,,,,0.00,0,,,,N,1,1_4000314,1_4000314
1,4000405,1,,,1,98,1,3,1,0,1,1,1,1,,,,,,,,,,,0.00,0,,,,N,1,1_4000405,1_4000405
1,4100188,1,,,,1,1,3,1,0,1,1,1,1,,,,,,,,,,,0.00,0,,,,N,1,1_4100188,1_4100188
1,4100996,1,,,,1,1,3,1,0,1,1,1,1,,,,,,,,,,,0.00,0,,,,N,1,1_4100996,1_4100996
1,4000355,1,,,1,99,1,1,1,0,1,1,1,1,,,,,,,,,,,0.00,0,,,,N,1,1_4000355,1_4000355
1,4300070,1,,,0,52,1,1,1,0,1,1,3,4,,,,,,,,,,,0.00,1,,,,N,1,1_4300070,1_4300070
1,4000094,1,,,1,98,1,3,1,0,1,1,1,1,,,,,,,,,,,0.00,0,,,,N,1,1_4000094,1_4000094
1,4100410,1,,,,,1,3,1,0,1,1,1,1,,,,,,,,,,,0.00,0,,,,N,1,1_4100410,1_4100410
1,4000328,1,,,1,99,1,1,1,0,1,4,1,1,,,,,,,,,,,0.00,0,,,,N,1,1_4000328,1_4000328
1,4310075,1,,,,,1,1,0,0,,,,,,,,,,,,,,,0.00,1,,,,,1,1_4310075,1_4310075
1,4100998,1,,,,,1,3,1,0,1,1,1,1,,,,,,,,,,,0.00,0,,,,N,1,1_4100998,1_4100998
1,4301166,1,,,,,1,1,1,0,1,1,3,4,,,,,,,,,,,0.00,1,4100001,,,N,1,1_4301166,1_4301166
1,4300207,1,,4,1,1,1,1,1,0,1,1,3,4,3.00,,,,,,,,,,0.00,1,,,,N,1,1_4300207,1_4300207
1,4000075,1,,,0,99,1,3,1,0,1,1,1,1,,,,,,,,,,,0.00,0,,,,N,1,1_4000075,1_4000075
1,4000576,1,,,0,8,1,3,1,0,1,1,1,1,,,,,,,,,,,0.00,1,,,,N,1,1_4000576,1_4000576
1,4000569,1,,,1,99,1,3,1,0,1,4,1,1,,,,,,,,,,,0.00,1,,,,N,1,1_4000569,1_4000569
1,4301688,1,,1,0,,1,3,1,0,1,1,1,4,,,,,,,,,,,0.00,1,,,,,1,1_4301688,1_4301688
1,4300119,1,,,1,1,1,1,1,0,1,1,3,4,,,,,,,,,,,0.00,1,4100001,,,N,1,1_4300119,1_4300119
1,4000179,1,,,1,99,1,3,1,0,1,1,1,1,,,,,,,,,,,0.00,0,,,,N,1,1_4000179,1_4000179
19,4300882,1,,,1,1,1,1,1,0,1,1,3,1,,,,,,,,,,,0.00,1,,,,N,19,19_4300882,19_4300882
1,4000121,1,,,1,70,1,3,1,0,1,1,1,1,,,,,,,,,,,0.00,0,,,,N,1,1_4000121,1_4000121
1,4301180,1,,,0,70,1,1,1,0,1,1,3,4,,,,,,,,,,,0.00,1,4100001,,,N,1,1_4301180,1_4301180
19,4301167,1,,,,,1,1,1,0,1,1,3,1,,,,,,,,,,,0.00,1,,,,N,19,19_4301167,19_4301167
1,4301079,1,,7,0,8,1,1,1,0,1,1,3,2,,,,,,,,,,,0.00,1,4100001,,,N,1,1_4301079,1_4301079
1,4301387,1,,4,0,67,1,1,1,0,1,4,3,4,,,,,,,,,,,0.00,1,,,,N,1,1_4301387,1_4301387
19,4301457,1,,,0,99,1,1,1,1,0,1,3,4,,,,,,,,,,,0.00,1,,,,N,19,19_4301457,19_4301457
1,4301730,1,,7,0,99,1,3,1,0,1,1,3,4,,,,,,,,,,,0.00,1,4100001,,,N,1,1_4301730,1_4301730
1,4000027,1,,,1,99,1,3,1,0,1,1,1,1,,,,,,,,,,,0.00,0,,,,N,1,1_4000027,1_4000027
1,4000129,1,,,1,99,1,3,1,0,1,1,1,1,,,,,,,,,,,0.00,0,,,,N,1,1_4000129,1_4000129
1,4301452,1,,,0,99,1,1,1,1,0,1,3,4,,,,,,,,,,,0.00,1,,,,N,1,1_4301452,1_4301452
1,4000419,1,,,1,99,1,3,1,0,1,1,1,1,,,,,,,,,,,0.00,0,,,,N,1,1_4000419,1_4000419
1,4300342,1,,,,1,1,1,1,0,1,1,3,4,,,,,,,,,,,0.00,1,4100001,,,N,1,1_4300342,1_4300342
1,4000386,1,,,1,98,1,3,1,0,1,1,1,1,,,,,,,,,,,0.00,0,,,,N,1,1_4000386,1_4000386
1,4301590,1,,4,0,99,1,3,0,0,1,1,3,4,,,,,,,,,,,0.00,1,,,,,1,1_4301590,1_4301590
1,4000052,1,,,1,98,1,3,1,0,1,1,1,1,,,,,,,,,,,0.00,0,,,,N,1,1_4000052,1_4000052
1,4301018,1,,4,0,68,1,1,1,0,1,1,3,4,,,,,,,,,,0.00,0.00,1,,,,N,1,1_4301018,1_4301018
1,4000406,1,,,,,1,3,1,0,1,4,1,1,,,,,,,,,,,0.00,0,,,,N,1,1_4000406,1_4000406
1,4301150,1,,,1,98,3,3,1,0,1,1,3,4,,,,,,,,,,,0.00,1,4100001,,,N,1,1_4301150,1_4301150
1,4301125,1,,1,,1,1,3,1,0,1,1,3,4,,,,,,,,,,,0.00,1,,,,N,1,1_4301125,1_4301125
1,4301015,1,,,0,8,1,1,1,0,1,1,3,4,,,,,,,,,,,0.00,1,4100001,,,N,1,1_4301015,1_4301015
1,4000120,1,,,1,99,1,3,1,0,1,1,1,1,,,,,,,,,,,0.00,0,,,,N,1,1_4000120,1_4000120
1,4301485,1,,,0,99,1,1,0,0,1,1,3,4,,,,,,,,,,,0.00,1,,,,N,1,1_4301485,1_4301485
1,4000409,1,,,1,98,1,3,1,0,1,4,1,1,,,,,,,,,,,0.00,0,,,,N,1,1_4000409,1_4000409
19,4300063,1,,,,1,1,1,1,0,1,1,3,1,,,,,,,,,,3.00,0.00,1,,,,N,19,19_4300063,19_4300063
1,4300620,1,,7,0,99,1,1,1,0,1,1,3,4,,,,,,,,,,,0.00,1,4100001,,,N,1,1_4300620,1_4300620
19,4300763,1,,,0,35,1,1,1,0,1,1,3,1,3.00,,,,,,,,,,0.00,1,,,,N,19,19_4300763,19_4300763
1,4300667,1,,,0,,1,1,1,0,1,1,3,4,,,,,,,,,,3.00,0.00,1,,,,N,1,1_4300667,1_4300667
19,4301214,1,,,0,55,1,1,1,0,1,1,3,1,,,,,,,,,,,0.00,1,,,,N,19,19_4301214,19_4301214
19,4300401,1,,,,1,1,1,1,0,1,1,3,1,,,,,,,,,,,0.00,1,,,,N,19,19_4300401,19_4300401
19,4300681,1,,,,1,1,1,1,0,1,1,3,1,,,,,,,,,,,0.00,1,,,,N,19,19_4300681,19_4300681
19,4300755,1,,,,1,1,1,1,0,1,1,3,1,,,,,,,,,,3.00,0.00,1,,,,N,19,19_4300755,19_4300755
2001,4301410,1,,,0,16,1,1,1,1,0,1,3,1,,,,,,,,,,,0.00,1,,,,N,2001,2001_4301410,2001_4301410
19,4300977,1,,,,1,1,1,1,0,1,1,3,1,,,,,,,,,,,0.00,1,,,,N,19,19_4300977,19_4300977
19,4300906,1,,,,1,1,3,1,0,1,1,3,1,3.00,,,,,,,,,,0.00,1,,,,N,19,19_4300906,19_4300906
19,4301053,1,,,,1,1,1,1,0,1,1,3,1,,,,,,,,,,,0.00,1,,,,N,19,19_4301053,19_4301053
19,4301093,1,,,,1,1,1,1,0,1,1,3,1,,,,,,,,,,,0.00,1,,,,N,19,19_4301093,19_4301093
19,4301146,1,,,1,1,1,1,1,0,1,1,3,1,3.00,,,,,,,,,,0.00,1,,,,N,19,19_4301146,19_4301146
19,4300782,1,,,1,1,1,1,1,0,1,1,3,1,3.00,,,,,,,,,,0.00,1,4100001,,,N,19,19_4300782,19_4300782
1,4301459,1,,1,0,1,1,1,1,1,0,1,3,4,,,,,,,,,,,0.00,1,,,,N,1,1_4301459,1_4301459
1,4000193,1,,,1,99,1,3,1,0,1,1,1,1,,,,,,,,,,,0.00,0,,,,N,1,1_4000193,1_4000193
1,4000243,1,,,1,99,1,3,1,0,1,1,1,1,,,,,,,,,,,0.00,0,,,,N,1,1_4000243,1_4000243
1,4000223,1,,,,,1,3,1,1,1,4,1,1,,,,,,,,,,,0.00,0,,,,N,1,1_4000223,1_4000223
1,4000060,1,,,1,98,1,3,1,0,1,1,1,1,,,,,,,,,,,0.00,0,,,,N,1,1_4000060,1_4000060
1,4301195,1,,,0,,5,3,1,0,1,1,3,4,,,,,,,,,,,0.00,1,,,,N,1,1_4301195,1_4301195
1,4301051,1,,,1,1,1,3,1,0,1,1,3,4,,,,,,,,,,,0.00,1,4100001,,,N,1,1_4301051,1_4301051
1,4000346,1,,,,,1,3,1,0,1,1,1,1,,,,,,,,,,,0.00,0,,,,N,1,1_4000346,1_4000346
1,4301118,1,,,,,1,1,1,0,1,1,3,4,3.00,,,,,,,,,,0.00,1,,,,N,1,1_4301118,1_4301118
1,4300988,1,,,0,,1,1,1,0,1,1,3,4,,,,,,,,,,,0.00,1,4100001,,,N,1,1_4300988,1_4300988
1,4300249,1,,7,,99,1,3,1,0,1,1,3,2,,,,,,,0.00,,,,0.00,1,,,,N,1,1_4300249,1_4300249
1,4301121,1,,,0,1,1,1,1,0,1,2,3,4,,,,,,,,,,,0.00,1,4100001,,,N,1,1_4301121,1_4301121
19,4301118,1,,,,,1,1,1,0,1,1,3,1,3.00,,,,,,,,,,0.00,1,,,,N,19,19_4301118,19_4301118
1,4000047,1,,,1,99,1,3,1,0,1,1,1,1,,,,,,,,,,,0.00,0,,,,N,1,1_4000047,1_4000047
1,4300028,1,,,0,99,1,1,1,0,1,1,3,4,,,,,,,,,,,0.00,1,4100001,,,N,1,1_4300028,1_4300028
1,4301046,1,,,,38,1,3,1,0,1,1,3,4,,,,,,,,,,,0.00,1,,,,N,1,1_4301046,1_4301046
1,4301370,1,,,0,,1,1,1,0,1,4,3,4,,,,,,,,,,,0.00,1,4100001,,,N,1,1_4301370,1_4301370
1,4301552,1,,7,0,8,1,3,1,0,1,1,3,4,,,,,,,,,,,0.00,0,4100001,,,N,1,1_4301552,1_4301552
1,4300969,1,,,1,1,1,1,1,0,1,1,3,4,3.00,,,,,,,,,,0.00,1,,,,N,1,1_4300969,1_4300969
1,4301496,1,,7,1,8,1,1,0,0,1,1,3,2,,,,,,,,,,,0.00,1,,,,N,1,1_4301496,1_4301496
1,4301841,1,,4,0,99,1,3,1,0,1,1,3,4,,,,,,,,,,,0.00,1,,,,N,1,1_4301841,1_4301841
1,4000302,1,,,0,99,1,3,1,0,1,1,1,1,,,,,,,,,,,0.00,0,,,,N,1,1_4000302,1_4000302
1,4300234,1,,,0,99,1,3,1,0,1,1,3,4,0.00,,,,,,,,,0.00,0.00,1,4100001,,,N,1,1_4300234,1_4300234
1,4301649,1,,10,0,8,1,3,1,0,1,1,3,4,,,,,,,,,,,0.00,1,4100001,,,,1,1_4301649,1_4301649
1,4300271,1,,7,0,1,1,1,1,0,1,1,3,4,,,,,,,,,,,0.00,1,4100001,,,N,1,1_4300271,1_4300271
19,4301413,1,,,0,99,1,1,1,1,1,1,3,4,,,,,,,,,,,0.00,1,,,,N,19,19_4301413,19_4301413
1,4300351,1,,,0,,1,1,1,0,1,1,3,4,,,,,,,,,,,0.00,1,,,,N,1,1_4300351,1_4300351
1,4300630,1,,,0,16,1,1,1,1,0,1,3,4,,,,,,,,,,,0.00,1,4100001,,,N,1,1_4300630,1_4300630
1,4301450,1,,,1,1,1,1,0,0,1,1,3,4,,,,,,,,,,,0.00,1,4100001,,,N,1,1_4301450,1_4301450
1,4000499,1,,,,,1,3,1,0,1,1,1,1,,,,,,,,,,,0.00,0,,,,N,1,1_4000499,1_4000499
19,4301103,1,,,0,8,1,3,1,0,1,1,3,1,,,,,,,,,,,0.00,1,,,,N,19,19_4301103,19_4301103
1,4300339,1,,,,1,1,1,1,0,1,4,3,4,,,,,,,,,,,0.00,1,,,,N,1,1_4300339,1_4300339
1,4301080,1,,,0,8,1,1,1,0,1,1,3,4,,,,,,,,,,,0.00,1,,,,N,1,1_4301080,1_4301080
1,4301045,1,,,1,1,1,1,1,0,1,1,3,4,,,,,,,3.00,,,,0.00,1,4100001,,,N,1,1_4301045,1_4301045
1,4302055,1,,,1,99,1,1,1,0,1,1,3,4,,,,,,,,,,,0.00,1,,,,N,1,1_4302055,1_4302055
1,4301390,1,,4,0,99,1,1,1,0,1,2,3,4,,,,,,,,,,,0.00,0,,,,N,1,1_4301390,1_4301390
1,4301146,1,,,1,1,1,1,1,0,1,1,3,4,3.00,,,,,,,,,,0.00,1,,,,N,1,1_4301146,1_4301146
1,4000761,1,,1,1,98,1,3,1,0,1,1,1,1,,,,,,,,,,,0.00,1,,,,N,1,1_4000761,1_4000761
19,4300880,1,,,,1,1,3,1,0,1,1,3,1,,,,,,,,,,,0.00,1,,,,N,19,19_4300880,19_4300880
1,4000433,1,,,1,98,1,3,1,0,1,1,1,1,,,,,,,,,,,0.00,0,,,,N,1,1_4000433,1_4000433
1,4000072,1,,,1,99,1,3,1,0,1,1,1,1,,,,,,,,,,,0.00,0,,,,N,1,1_4000072,1_4000072
1,4301322,1,,,0,,1,1,1,0,1,1,3,4,,,,,,,,,,,0.00,1,4100001,,,N,1,1_4301322,1_4301322
1,4301126,1,,1,1,1,1,3,1,0,1,1,3,4,,,,,,,,,,,0.00,1,,,,N,1,1_4301126,1_4301126
1,4301461,1,,,0,1,1,1,1,0,1,4,3,4,,,,,,,,,,,0.00,1,,,,N,1,1_4301461,1_4301461
1,4000481,1,,,1,99,5,3,1,0,1,1,1,1,,,,,,,,,,,0.00,0,,,,N,1,1_4000481,1_4000481
1,4000418,1,,,,,1,3,1,0,1,1,1,1,,,,,,,,,,,0.00,0,,,,N,1,1_4000418,1_4000418
19,4301166,1,,,,,1,1,1,0,1,1,3,1,,,,,,,,,,,0.00,1,,,,N,19,19_4301166,19_4301166
19,4300872,1,,1,0,,1,3,1,0,1,1,3,1,,,,,,,,,,,0.00,1,,,,N,19,19_4300872,19_4300872
1,4000784,1,,1,1,98,1,3,1,0,1,1,1,1,,,,,,,,,,,0.00,1,,,,N,1,1_4000784,1_4000784
1,4000370,1,,,1,99,1,1,1,0,1,1,1,1,,,,,,,,,,,0.00,0,,,,N,1,1_4000370,1_4000370
1,4101000,1,,,1,,1,3,1,0,1,1,1,1,,,,,,,,,,,0.00,1,,,,N,1,1_4101000,1_4101000
1,4301072,1,,,0,8,1,1,1,0,1,1,3,4,,,,,,,,,,,0.00,1,,,,N,1,1_4301072,1_4301072
1,4300580,1,,1,,1,1,1,1,0,1,1,3,4,,,,,,,,,,,0.00,1,4100001,,,N,1,1_4300580,1_4300580
1,4000159,1,,,1,98,1,3,1,0,1,1,1,1,,,,,,,,,,,0.00,0,,,,N,1,1_4000159,1_4000159
19,4301417,1,,,1,98,1,1,1,1,1,1,3,4,,,,,,,,,,,0.00,1,4100001,,,N,19,19_4301417,19_4301417
19,4301419,1,,,0,16,1,1,1,1,1,1,3,2,,,,,,,,,,,0.00,1,,,,N,19,19_4301419,19_4301419
1,4301490,1,,,0,1,1,1,0,0,1,1,3,4,,,,,,,,,,,0.00,1,4100001,,,N,1,1_4301490,1_4301490
1,4301446,1,,7,0,98,1,1,1,0,1,1,3,4,,,,,,,,,,,0.00,1,4100001,,,N,1,1_4301446,1_4301446
1,4300965,1,,,,1,1,3,1,0,1,1,3,4,,,,,,,,,,,0.00,1,,,,N,1,1_4300965,1_4300965
1,4301462,1,,,0,99,1,1,1,1,0,1,3,4,,,,,,,,,,,0.00,1,,,,N,1,1_4301462,1_4301462
19,4301394,1,,,0,99,1,1,1,0,1,1,3,1,,,,,,,,,,,0.00,1,,,,N,19,19_4301394,19_4301394
19,4300054,1,,,,3,1,3,1,0,1,1,3,1,,,,,,,,,,,0.00,1,,,,N,19,19_4300054,19_4300054
1,4300116,1,,,0,1,1,3,1,0,1,3,1,4,,,,,,,,,,,0.00,1,,,,N,1,1_4300116,1_4300116
1,4301706,1,,7,0,98,1,3,1,0,1,1,3,4,,,,,,,,,,,0.00,1,4100001,,,,1,1_4301706,1_4301706
1,4301105,1,,,,,1,1,1,0,1,4,3,4,,,,,,,,,,,0.00,1,4100001,,,N,1,1_4301105,1_4301105
1,4000456,1,,,,,1,3,1,0,1,1,1,1,,,,,,,,,,,0.00,0,,,,N,1,1_4000456,1_4000456
19,4301128,1,,,,,1,1,1,0,1,1,3,1,3.00,,,,,,,,,,0.00,1,,,,N,19,19_4301128,19_4301128
19,4301116,1,,,0,,1,1,1,0,1,1,3,1,3.00,,,,,,,,,,0.00,1,,,,N,19,19_4301116,19_4301116
1,4300720,1,,,0,1,1,3,1,0,1,1,3,4,,,,,,,0.00,,,0.00,0.00,1,4100001,,,N,1,1_4300720,1_4300720
1,4000429,1,,,1,98,1,3,1,0,1,1,1,1,,,,,,,,,,,0.00,0,,,,N,1,1_4000429,1_4000429
1,4301131,1,,,0,,3,3,1,0,1,1,3,4,3.00,,,,,,,,,,0.00,1,,,,N,1,1_4301131,1_4301131
1,4000426,1,,,,,1,3,1,1,1,1,1,1,,,,,,,,,,,0.00,0,,,,N,1,1_4000426,1_4000426
1,4300625,1,,,0,8,1,1,1,0,1,1,3,4,,,,,,,0.00,,,3.00,0.00,1,,,,N,1,1_4300625,1_4300625
19,4300539,1,,,,1,1,1,1,0,1,1,3,1,,,,,,,,,,,0.00,1,,,,N,19,19_4300539,19_4300539
1,4301702,1,,7,0,8,1,3,1,0,1,1,3,4,,,,,,,,,,,0.00,1,4100001,,,,1,1_4301702,1_4301702
1,4301006,1,,8,0,1,1,1,1,0,1,1,3,4,,,,,,,,,,,0.00,1,4100001,,,N,1,1_4301006,1_4301006
1,4301542,1,,,0,8,1,1,0,0,1,1,3,4,,,,,,,,,,,0.00,0,4100001,,,N,1,1_4301542,1_4301542
19,4300940,1,,,,,1,3,1,0,1,1,3,1,,,,,,,,,,0.00,0.00,1,,,,N,19,19_4300940,19_4300940
1,4301371,1,,7,0,8,1,1,1,0,1,2,3,4,,,,,,,,,,,0.00,1,4100001,,,N,1,1_4301371,1_4301371
19,4301252,1,,,,,1,1,1,0,1,1,3,1,,,,,,,,,,,0.00,1,,,,N,19,19_4301252,19_4301252
1,4301067,1,,,1,1,1,1,1,0,1,1,3,4,,,,,,,,,,,0.00,1,4100001,,,N,1,1_4301067,1_4301067
19,4301460,1,,,0,1,1,1,1,1,0,1,3,4,,,,,,,,,,,0.00,1,,,,N,19,19_4301460,19_4301460
1,4300939,1,,,0,,1,1,1,0,1,1,3,4,,,,,,,,,,,0.00,1,,,,N,1,1_4300939,1_4300939
1,4000425,1,,,,,1,3,1,0,1,1,1,1,,,,,,,,,,,0.00,0,,,,N,1,1_4000425,1_4000425
19,4301121,1,,,0,1,1,1,1,0,1,2,3,1,,,,,,,,,,,0.00,1,,,,N,19,19_4301121,19_4301121
1,4301207,1,,,0,57,1,1,1,0,1,1,3,4,,,,,,,,,,,0.00,1,,,,N,1,1_4301207,1_4301207
1,4301525,1,,,0,98,1,1,0,0,1,1,3,4,,,,,,,,,,,0.00,1,4100001,,,N,1,1_4301525,1_4301525
1,4000596,1,,,0,1,1,3,1,0,1,1,1,1,,,,,,,,,,,0.00,1,,,,N,1,1_4000596,1_4000596
1,4000525,1,,,0,,1,3,1,0,1,1,1,1,,,,,,,,,,,0.00,1,,,,N,1,1_4000525,1_4000525
1,4000665,1,,1,0,99,5,3,1,0,1,1,1,1,,,,,,,,,,,0.00,1,,,,,1,1_4000665,1_4000665
1,4300960,1,,,0,99,1,1,1,0,1,1,3,4,,,,,,,,,,,0.00,1,,,,N,1,1_4300960,1_4300960
1,4301033,1,,,0,,1,1,1,0,1,1,3,4,,,,,,,,,,,0.00,1,4100001,,,N,1,1_4301033,1_4301033
1,4300872,1,,1,0,,1,3,1,0,1,1,3,4,,,,,,,,,,,0.00,1,,,,N,1,1_4300872,1_4300872
1,4300212,1,,,1,1,1,1,1,0,1,4,3,4,,,,,,,,,,,0.00,1,4100001,,,N,1,1_4300212,1_4300212
1,4300575,1,,,,1,1,3,1,0,1,1,3,4,,,,,,,,,,,0.00,1,,,,N,1,1_4300575,1_4300575
1,4301137,1,,,,,1,1,1,0,1,1,3,4,3.00,,,,,,,,,,0.00,1,,,,N,1,1_4301137,1_4301137
1,4301707,1,,7,0,16,1,3,1,0,1,1,3,4,,,,,,,,,,,0.00,1,4100001,,,,1,1_4301707,1_4301707
19,4301243,1,,,0,8,1,1,1,0,1,1,3,1,,,,,,,,,,,0.00,1,,,,N,19,19_4301243,19_4301243
1,4000421,1,,,1,99,1,3,1,0,1,1,1,1,,,,,,,,,,,0.00,0,,,,N,1,1_4000421,1_4000421
19,4300339,1,,,,1,1,1,1,0,1,4,3,1,,,,,,,,,,,0.00,1,,,,N,19,19_4300339,19_4300339
1,4300881,1,,,0,63,1,1,1,0,1,1,3,4,,,,,,,,,,,0.00,1,,,,N,1,1_4300881,1_4300881
19,4301137,1,,,,,1,1,1,0,1,1,3,1,3.00,,,,,,,,,,0.00,1,,,,N,19,19_4301137,19_4301137
19,4300211,1,,,,1,1,1,1,0,1,1,3,1,,,,,,,,,,,0.00,1,,,,N,19,19_4300211,19_4300211
1,4000063,1,,7,1,98,1,3,1,0,1,1,1,1,,,,,,,,,,,0.00,0,,,,N,1,1_4000063,1_4000063
1,4000430,1,,,1,99,1,3,1,0,1,1,1,1,,,,,,,,,,,0.00,0,,,,N,1,1_4000430,1_4000430
1,4302052,1,,,0,41,1,1,1,0,1,1,3,4,,,,,,,,,,3.00,0.00,1,4100001,,,N,1,1_4302052,1_4302052
1,4300937,1,,,1,1,1,1,1,0,1,1,3,4,,,,,,,,,,,0.00,1,4100001,,,N,1,1_4300937,1_4300937
1,4301043,1,,,,,1,1,1,0,1,1,3,4,,,,,,,,,,,0.00,1,,,,N,1,1_4301043,1_4301043
19,4301244,1,,,0,16,1,1,1,0,1,1,3,1,,,,,,,,,,,0.00,1,,,,N,19,19_4301244,19_4301244
1,4000728,1,,1,1,99,3,3,1,0,1,1,1,1,,,,,,,,,,,0.00,1,,,,,1,1_4000728,1_4000728
1,4000081,1,,,0,,1,3,1,0,1,1,1,1,,,,,,,,,,,0.00,1,,,,N,1,1_4000081,1_4000081
1,4301201,1,,,,,1,1,1,0,1,1,3,4,,,,,,,,,,,0.00,1,4100001,,,N,1,1_4301201,1_4301201
1,4300758,1,,7,0,99,1,3,1,0,1,1,3,2,,,,,,,,,,,0.00,1,4100001,,,N,1,1_4300758,1_4300758
1,4000570,1,,,1,99,1,3,1,0,1,1,1,1,,,,,,,,,,,0.00,1,,,,N,1,1_4000570,1_4000570
1,4000337,1,,,1,99,1,3,1,0,1,1,1,1,,,,,,,,,,,0.00,0,,,,N,1,1_4000337,1_4000337
1,4000325,1,,,1,99,1,3,1,0,1,1,1,1,,,,,,,,,,,0.00,0,,,,N,1,1_4000325,1_4000325
1,4000427,1,,,1,98,1,3,1,0,1,1,1,1,,,,,,,,,,,0.00,0,,,,N,1,1_4000427,1_4000427
1,4000606,1,,,0,,1,3,1,0,1,1,1,1,,,,,,,,,,,0.00,1,,,,N,1,1_4000606,1_4000606
1,4301171,1,,,0,8,1,1,1,0,1,1,3,4,,,,,,,,,,,0.00,1,4100001,,,N,1,1_4301171,1_4301171
1,4301040,1,,,0,16,1,1,1,0,1,1,3,4,,,,,,,,,,,0.00,1,4100001,,,N,1,1_4301040,1_4301040
19,4301041,1,,,1,1,1,1,1,0,1,1,3,1,,,,,,,,,,,0.00,1,,,,N,19,19_4301041,19_4301041
19,4300728,1,,,1,1,1,1,1,0,1,1,3,1,,,,,,,,,,,0.00,1,,,,N,19,19_4300728,19_4300728
19,4301141,1,,,,,1,3,1,0,1,1,3,1,,,,,,,,,,,0.00,1,,,,N,19,19_4301141,19_4301141
19,4301140,1,,,0,2,1,3,1,0,1,1,3,1,,,,,,,,,,3.00,0.00,1,,,,N,19,19_4301140,19_4301140
1,4300063,1,,,0,1,1,1,1,0,1,1,3,4,,,,,,,,,,3.00,0.00,1,4100001,,,N,1,1_4300063,1_4300063
19,4301143,1,,,,,1,1,1,0,1,1,3,1,,,,,,,,,,,0.00,1,,,,N,19,19_4301143,19_4301143
1,4301386,1,,,0,98,1,1,1,0,1,1,3,4,,,,,,,,,,,0.00,1,4100001,,,N,1,1_4301386,1_4301386
19,4300117,1,,,1,1,1,1,1,0,1,1,3,1,,,,,,,,,,,0.00,1,,,,N,19,19_4300117,19_4300117
19,4300802,1,,,0,101,1,1,1,0,1,1,3,1,,,,,,,,,,,0.00,1,,,,N,19,19_4300802,19_4300802
1,4300305,1,,,1,1,1,1,1,0,1,1,3,4,,,,,,,,,,,0.00,1,4100001,,,N,1,1_4300305,1_4300305
1,4301283,1,,,,,1,1,1,0,1,1,3,4,,,,,,,,,,,0.00,1,4100001,,,N,1,1_4301283,1_4301283
19,4301287,1,,,,,1,1,1,0,1,1,3,1,,,,,,,,,,,0.00,1,,,,N,19,19_4301287,19_4301287
19,4000211,1,,,1,98,1,3,1,0,1,1,1,1,,,,,,,,,,,0.00,0,,,,N,19,19_4000211,19_4000211
19,4301008,1,,,0,,1,1,1,0,1,1,3,1,,,,,,,,,,,0.00,1,,,,N,19,19_4301008,19_4301008
1,4300906,1,,,1,1,1,1,1,0,1,1,3,4,3.00,,,,,,,,,,0.00,1,4100001,,,N,1,1_4300906,1_4300906
19,4301264,1,,,,,1,1,1,0,1,1,3,4,,,,,,,,,,,0.00,1,4100001,,,N,19,19_4301264,19_4301264
19,4301395,1,,,0,16,1,1,1,1,1,1,3,2,,,,,,,,,,,0.00,1,,,,N,19,19_4301395,19_4301395
19,4301262,1,,,0,8,1,1,1,0,1,4,3,1,,,,,,,,,,,0.00,1,,,,N,19,19_4301262,19_4301262
19,4302055,1,,,1,99,1,1,1,0,1,1,3,1,,,,,,,,,,,0.00,1,,,,N,19,19_4302055,19_4302055
19,4301147,1,,,0,99,1,1,1,0,1,1,3,1,,,,,,,,,,,0.00,1,,,,N,19,19_4301147,19_4301147
19,4300631,1,,,0,16,1,1,1,0,1,1,3,1,,,,,,,,,,,0.00,1,,,,N,19,19_4300631,19_4300631
19,4301285,1,,,,,1,1,1,0,1,1,3,1,,,,,,,,,,,0.00,1,,,,N,19,19_4301285,19_4301285
1,4300601,1,,,1,1,1,1,1,0,1,1,3,4,,,,,,,,,,3.00,0.00,1,4100001,,,N,1,1_4300601,1_4300601
1,4300603,1,,,0,,1,1,1,0,1,1,3,4,,,,,,,3.00,,,,0.00,1,,,,N,1,1_4300603,1_4300603
1,4301523,1,,4,0,99,1,1,0,0,1,1,3,4,,,,,,,,,,,0.00,1,,,,N,1,1_4301523,1_4301523
1,4301761,1,,7,0,98,1,3,0,0,1,1,3,4,,,,,,,,,,,0.00,1,4100001,,,N,1,1_4301761,1_4301761
1,4300655,1,,8,0,98,1,1,0,0,1,1,3,4,,,,,,,,,,,0.00,1,4100001,,,N,1,1_4300655,1_4300655
1,4301710,1,,7,0,99,5,3,1,0,1,1,3,4,,,,,,,,,,,0.00,1,4100001,,,,1,1_4301710,1_4301710
1,4000766,1,,1,1,99,1,3,1,0,1,1,1,1,,,,,,,,,,,0.00,1,,,,N,1,1_4000766,1_4000766
1,4300768,1,,6,1,99,1,1,1,0,1,1,3,2,,,,,,,,,,,0.00,1,4100001,,,N,1,1_4300768,1_4300768
1,4300670,1,,7,0,16,1,1,1,0,1,1,3,4,,,,,,,,,,,0.00,1,4100001,,,N,1,1_4300670,1_4300670
1,4301728,1,,7,0,99,5,3,1,1,1,1,3,4,,,,,,,,,,,0.00,1,4100001,,,N,1,1_4301728,1_4301728
1,4301098,1,,7,0,70,1,1,1,0,1,1,3,4,,,,,,,,,,,0.00,1,,,,N,1,1_4301098,1_4301098
1,4300752,1,,,,1,1,1,1,0,1,3,3,4,,,,,,,,,,1.60,0.00,1,4100001,,,N,1,1_4300752,1_4300752
1,4301158,1,,7,0,99,1,1,1,0,1,1,3,2,,,,,,,,,,,0.00,1,4100001,,,N,1,1_4301158,1_4301158
1,4301388,1,,,0,99,1,1,1,0,1,1,3,4,,,,,,,,,,,0.00,1,4100001,,,N,1,1_4301388,1_4301388
1,4300757,1,,,0,,1,1,1,0,1,1,3,4,,,,,,,,,,,0.00,1,,,,N,1,1_4300757,1_4300757
1,4300782,1,,,1,1,1,1,1,0,1,1,3,4,3.00,,,,,,,,,,0.00,1,4100001,,,N,1,1_4300782,1_4300782
1,4300722,1,,,,,1,1,1,1,,,,4,,,,,,,,,,,0.00,1,,,,,1,1_4300722,1_4300722
1,4300784,1,,,,,1,1,1,1,,,,4,,,,,,,,,,,0.00,1,,,,,1,1_4300784,1_4300784
1,4300794,1,,,1,1,1,1,1,0,1,1,3,4,,,,,,,,,,1.60,0.00,1,4100001,,,N,1,1_4300794,1_4300794
1,4300793,1,,,,,1,1,1,1,,,,4,,,,,,,,,,,0.00,1,,,,,1,1_4300793,1_4300793
1,4300795,1,,,0,,1,1,1,0,1,1,3,4,,,,,,,,,,,0.00,1,4100001,,,N,1,1_4300795,1_4300795
1,4300991,1,,,0,1,1,1,1,0,1,1,3,4,,,,,,,,,,,0.00,1,4100001,,,N,1,1_4300991,1_4300991
1,4301314,1,,7,0,8,1,1,1,0,1,1,3,4,,,,,,,,,,,0.00,1,4100001,,,N,1,1_4301314,1_4301314
1,4000163,1,,,1,99,1,3,1,0,1,4,1,1,,,,,,,,,,,0.00,0,,,,N,1,1_4000163,1_4000163
1,4301069,1,,4,0,99,1,1,1,0,1,1,3,4,,,,,,,,,,,0.00,0,,,,N,1,1_4301069,1_4301069
1,4300841,1,,,,,1,1,1,0,,,,4,,,,,,,,,,,0.00,1,,,,,1,1_4300841,1_4300841
1,4300055,1,,,,4,1,3,1,0,1,1,3,4,,,,,,,,,,,0.00,1,4100001,,,N,1,1_4300055,1_4300055
1,4301685,1,,8,0,99,1,3,1,0,1,1,3,4,,,,,,,,,,,0.00,1,,,,,1,1_4301685,1_4301685
1,4300108,1,,4,0,99,1,1,1,0,1,1,3,4,,,,,,,,,,,0.00,1,,,,N,1,1_4300108,1_4300108
1,4301202,1,,6,0,99,1,1,1,0,1,1,3,4,,,,,,,,,,,0.00,1,4100001,,,N,1,1_4301202,1_4301202
1,4000737,1,,1,0,98,1,3,1,0,1,1,1,1,,,,,,,,,,,0.00,1,,,,N,1,1_4000737,1_4000737
1,4301711,1,,8,0,50,1,3,1,0,1,1,3,4,,,,,,,,,,,0.00,1,,,,,1,1_4301711,1_4301711
1,4300867,1,,,,,1,1,1,0,1,1,3,4,,,,,,,,,,1.60,0.00,1,,,,N,1,1_4300867,1_4300867
1,4000056,1,,,,,1,3,1,0,1,1,1,1,3.00,,,,,,,,,,0.00,0,,,,N,1,1_4000056,1_4000056
1,4000713,1,,1,1,99,5,5,1,0,1,1,1,1,,,,,,,,,,,0.00,1,,,,N,1,1_4000713,1_4000713
1,4301790,1,,7,0,99,1,3,1,0,1,1,3,4,,,,,,,,,,,0.00,1,4100001,,,N,1,1_4301790,1_4301790
1,4301713,1,,10,1,70,3,3,1,0,1,1,1,4,,,,,,,,,,,0.00,1,,,,,1,1_4301713,1_4301713
1,4300903,1,,,,,1,1,1,0,1,1,3,4,,,,,,,,,,,0.00,1,,,,N,1,1_4300903,1_4300903
1,4300901,1,,,,,1,1,1,0,1,1,3,4,,,,,,,,,,,0.00,1,,,,N,1,1_4300901,1_4300901
1,4301858,1,,7,0,99,1,3,1,0,1,1,3,2,,,,,,,,,,,0.00,1,,,,N,1,1_4301858,1_4301858
1,4300809,1,,,1,98,1,1,1,0,1,1,3,4,,,,,,,,,,,0.00,1,4100001,,,N,1,1_4300809,1_4300809
1,4000776,1,,1,1,99,1,3,1,0,1,1,1,1,,,,,,,,,,,0.00,1,,,,N,1,1_4000776,1_4000776
1,4000666,1,,1,1,99,5,5,1,0,1,1,1,1,,,,,,,,,,,0.00,1,,,,,1,1_4000666,1_4000666
1,4301568,1,,1,0,99,1,3,1,0,1,1,3,4,,,,,,,,,,,0.00,1,,,,,1,1_4301568,1_4301568
1,4300306,1,,,0,18,1,1,1,0,1,1,3,4,,,,,,,,,,,0.00,1,,,,N,1,1_4300306,1_4300306
1,4000412,1,,,0,,1,3,1,0,1,1,1,1,,,,,,,,,,,0.00,1,,,,N,1,1_4000412,1_4000412
1,4301236,1,,,,,1,1,1,0,1,1,3,4,,,,,,,,,,,0.00,1,4100001,,,N,1,1_4301236,1_4301236
1,4301483,1,,7,0,70,1,1,0,0,1,1,3,4,,,,,,,,,,,0.00,1,,,,N,1,1_4301483,1_4301483
1,4000582,1,,,1,99,1,3,1,0,1,1,1,1,,,,,,,,,,,0.00,1,,,,N,1,1_4000582,1_4000582
1,4301704,1,,7,0,99,1,3,1,0,1,1,3,4,,,,,,,,,,,0.00,1,,,,,1,1_4301704,1_4301704
1,4300995,1,,7,0,8,1,1,1,0,1,1,3,4,,,,,,,,,,,0.00,1,,,,N,1,1_4300995,1_4300995
1,4301009,1,,,0,,1,1,1,0,1,1,3,4,,,,,,,,,,,0.00,1,,,,N,1,1_4301009,1_4301009
1,4301057,1,,4,1,16,1,1,1,0,1,1,3,4,,,,,,,,,,,0.00,1,,,,N,1,1_4301057,1_4301057
1,4301014,1,,,1,1,1,1,1,0,1,1,3,4,,,,,,,,,,,0.00,1,4100001,,,N,1,1_4301014,1_4301014
1,4300974,1,,,1,1,1,1,1,0,1,1,3,4,,,,,,,,,,,0.00,1,4100001,,,N,1,1_4300974,1_4300974
1,4301016,1,,,0,,1,1,1,0,1,1,3,4,,,,,,,,,,,0.00,1,,,,N,1,1_4301016,1_4301016
1,4300145,1,,7,0,1,1,1,1,0,1,1,3,2,,,,,,,,,,,0.00,1,4100001,,,N,1,1_4300145,1_4300145
1,4000206,1,,,0,,1,3,1,0,1,1,1,1,,,,,,,,,,,0.00,1,,,,N,1,1_4000206,1_4000206
1,4301515,1,,,0,8,1,1,0,0,1,1,3,4,,,,,,,,,,,0.00,1,4100001,,,N,1,1_4301515,1_4301515
1,4301027,1,,,1,1,1,1,1,0,1,1,3,4,,,,,,,,,,,0.00,1,4100001,,,N,1,1_4301027,1_4301027
1,4000769,1,,1,1,99,1,3,1,0,1,1,1,1,,,,,,,,,,,0.00,1,,,,N,1,1_4000769,1_4000769
1,4301036,1,,,1,99,1,1,1,0,1,1,3,4,,,,,,,,,,3.00,0.00,1,,,,N,1,1_4301036,1_4301036
1,4301035,1,,,0,,1,1,1,0,1,1,3,4,3.00,,,,,,,,,,0.00,1,,,,N,1,1_4301035,1_4301035
1,4300098,1,,,,1,1,3,1,0,1,1,3,4,,,,,,,,,,,0.00,1,,,,N,1,1_4300098,1_4300098
1,4301037,1,,,0,,1,1,1,0,1,1,3,4,,,,,,,,,,,0.00,1,,,,N,1,1_4301037,1_4301037
1,4000642,1,,1,0,99,1,3,1,0,1,1,1,1,,,,,,,,,,,0.00,1,,,,,1,1_4000642,1_4000642
1,4301151,1,,,0,48,1,1,1,0,1,1,3,4,,,,,,,,,,,0.00,1,,,,N,1,1_4301151,1_4301151
1,4301071,1,,,0,8,1,1,1,0,1,1,3,4,,,,,,,,,,1.60,0.00,1,4100001,,,N,1,1_4301071,1_4301071
19,4300262,1,,,,1,1,1,1,0,1,1,3,1,,,,,,,,,,1.60,0.00,1,,,,N,19,19_4300262,19_4300262
1,4301721,1,,7,0,1,1,3,1,0,1,1,3,4,,,,,,,,,,,0.00,1,,,,N,1,1_4301721,1_4301721
19,4301150,1,,,1,99,3,3,1,0,1,1,3,1,,,,,,,,,,,0.00,1,,,,N,19,19_4301150,19_4301150
1,4301013,1,,,1,99,1,1,1,0,1,1,3,4,,,,,,,,,,1.60,0.00,1,,,,N,1,1_4301013,1_4301013
1,4301049,1,,,1,99,1,1,1,0,1,1,3,4,3.00,,,,,,,,,,0.00,1,,,,N,1,1_4301049,1_4301049
1,4301052,1,,,1,1,1,1,1,0,1,1,3,4,,,,,,,,,,3.00,0.00,1,,,,N,1,1_4301052,1_4301052
1,4300797,1,,7,1,1,1,1,1,0,1,1,3,4,,,,,,,,,,,0.00,1,4100001,,,N,1,1_4300797,1_4300797
1,4301065,1,,,,,1,1,1,1,,,,4,,,,,,,,,,,0.00,1,,,,,1,1_4301065,1_4301065
1,4301066,1,,,1,1,1,1,1,0,1,1,3,4,,,,,,,,,,,0.00,1,,,,N,1,1_4301066,1_4301066
19,4301149,1,,,0,1,1,1,1,0,1,1,3,1,3.00,,,,,,,,,,0.00,1,,,,N,19,19_4301149,19_4301149
1,4301074,1,,,0,,1,1,1,0,1,1,3,4,3.00,,,,,,,,,,0.00,1,4100001,,,N,1,1_4301074,1_4301074
1,4301075,1,,,,,1,1,1,0,,,,4,,,,,,,,,,,0.00,1,,,,,1,1_4301075,1_4301075
1,4301380,1,,,0,99,1,1,1,0,1,4,3,4,,,,,,,,,,,0.00,1,,,,N,1,1_4301380,1_4301380
1,4301175,1,,,0,99,1,1,1,0,1,1,3,4,,,,,,,,,,,0.00,1,4100001,,,N,1,1_4301175,1_4301175
1,4301093,1,,4,1,99,1,1,1,0,1,1,3,4,,,,,,,,,,,0.00,1,,,,N,1,1_4301093,1_4301093
1,4300457,1,,,,,1,1,1,0,1,1,3,4,,,,,,,,,,,0.00,1,4100001,,,N,1,1_4300457,1_4300457
1,4302067,1,,,,,1,1,1,0,,,,4,,,,,,,,,,,0.00,1,,,,,1,1_4302067,1_4302067
1,4302069,1,,,1,1,1,1,1,0,1,1,3,4,,,,,,,,,,1.60,0.00,1,4100001,,,N,1,1_4302069,1_4302069
1,4301039,1,,,1,1,1,1,1,0,1,1,3,4,,,,,,,,,,,0.00,1,4100001,,,N,1,1_4301039,1_4301039
1,4301152,1,,,0,99,1,1,1,0,1,1,3,4,,,,,,,,,,,0.00,1,,,,N,1,1_4301152,1_4301152
1,4301410,1,,7,0,8,1,1,1,0,0,1,3,4,,,,,,,,,,,0.00,1,4100001,,,N,1,1_4301410,1_4301410
19,4301151,1,,,0,48,1,1,1,0,1,1,3,1,,,,,,,,,,,0.00,1,,,,N,19,19_4301151,19_4301151
1,4301444,1,,7,0,99,1,1,0,0,1,1,3,4,,,,,,,,,,,0.00,1,4100001,,,N,1,1_4301444,1_4301444
1,4000777,1,,1,1,99,1,3,1,0,1,1,1,1,,,,,,,,,,,0.00,1,,,,N,1,1_4000777,1_4000777
1,4301743,1,,4,1,99,1,1,1,0,1,1,3,4,,,,,,,,,,,0.00,1,,,,N,1,1_4301743,1_4301743
1,4000432,1,,,,,1,3,1,0,1,1,1,1,,,,,,,,,,,0.00,0,,,,N,1,1_4000432,1_4000432
1,4000215,1,,,1,98,1,3,1,0,1,1,1,1,,,,,,,,,,,0.00,0,,,,N,1,1_4000215,1_4000215
1,4301155,1,,,,99,1,1,1,0,1,4,3,4,,,,,,,,,,,0.00,1,4100001,,,N,1,1_4301155,1_4301155
1,4300539,1,,,0,1,1,1,1,0,1,1,3,4,,,,,,,,,,,0.00,1,4100001,,,N,1,1_4300539,1_4300539
1,4000435,1,,,1,99,1,3,1,0,1,4,1,1,,,,,,,,,,,0.00,0,,,,N,1,1_4000435,1_4000435
1,4301181,1,,7,0,99,1,1,1,0,1,1,3,2,0.00,,,,,,,,,,0.00,1,4100001,,,N,1,1_4301181,1_4301181
1,4301378,1,,7,0,8,1,1,1,0,1,2,3,2,,,,,,,,,,,0.00,1,,,,N,1,1_4301378,1_4301378
1,4301369,1,,7,0,99,1,1,1,0,1,2,3,2,,,,,,,,,,,0.00,1,4100001,,,N,1,1_4301369,1_4301369
1,4301718,1,,7,0,70,1,3,1,0,1,1,3,2,,,,,,,,,,,0.00,1,,,,N,1,1_4301718,1_4301718
1,4301727,1,,7,0,16,1,3,1,0,1,1,3,4,,,,,,,,,,,0.00,1,4100001,,,N,1,1_4301727,1_4301727
1,4301156,1,,,,99,1,1,1,0,1,1,3,4,,,,,,,,,,,0.00,1,4100001,,,N,1,1_4301156,1_4301156
1,4301301,1,,,0,52,1,1,1,0,1,1,3,4,,,,,,,,,,,0.00,1,4100001,,,N,1,1_4301301,1_4301301
19,4300536,1,,,,99,1,1,1,0,1,1,3,1,,,,,,,,,,,0.00,1,,,,N,19,19_4300536,19_4300536
1,4300054,1,,,0,52,1,3,1,0,1,1,3,4,,,,,,,,,,,0.00,1,,,,N,1,1_4300054,1_4300054
1,4300882,1,,,1,1,1,1,1,0,1,1,3,4,,,,,,,,,,,0.00,1,,,,N,1,1_4300882,1_4300882
1,4301608,1,,1,0,8,1,3,0,0,1,1,3,4,,,,,,,,,,,0.00,1,4100001,,,,1,1_4301608,1_4301608
19,4301156,1,,,,99,1,1,1,0,1,1,3,1,,,,,,,,,,,0.00,1,,,,N,19,19_4301156,19_4301156
19,4300276,1,,,0,50,1,1,1,0,1,1,3,1,,,,,,,,,,,0.00,1,,,,N,19,19_4300276,19_4300276
1,4000211,1,,,1,70,1,3,1,0,1,1,1,1,,,,,,,,,,,0.00,0,,,,N,1,1_4000211,1_4000211
1,4000017,1,,,0,98,1,3,1,0,1,1,1,1,,,,,,,,,,,0.00,0,,,,N,1,1_4000017,1_4000017
1,4301160,1,,1,,,1,1,1,0,1,1,3,4,,,,,,,,,,,0.00,1,,,,N,1,1_4301160,1_4301160
1,4300002,1,,5,0,1,1,1,1,0,1,1,3,4,,,,,,,,,,,0.00,0,,,,N,1,1_4300002,1_4300002
1,4300006,1,,7,0,99,1,3,1,0,1,1,3,4,,,,,,,,,,,0.00,1,4100001,,,N,1,1_4300006,1_4300006
1,4300114,1,,,,1,1,3,1,0,1,1,3,4,,,,,,,,,,,0.00,1,,,,N,1,1_4300114,1_4300114
1,4000375,1,,,1,1,1,3,1,0,1,1,1,1,,,,,,,,,,,0.00,0,,,,N,1,1_4000375,1_4000375
19,4300733,1,,,,,1,1,1,0,1,1,3,1,,,,,,,,,,,0.00,1,,,,N,19,19_4300733,19_4300733
19,4301160,1,,1,,,1,1,1,0,1,1,3,1,,,,,,,,,,,0.00,1,,,,N,19,19_4301160,19_4301160
1,4301288,1,,4,0,99,1,1,1,0,1,1,3,4,,,,,,,,,,,0.00,0,,,,N,1,1_4301288,1_4301288
1,4301162,1,,,,,1,1,1,0,1,1,3,4,,,,,,,,,,,0.00,1,,,,N,1,1_4301162,1_4301162
1,4300077,1,,,,,1,1,1,0,1,1,3,4,,,,,,,,,,,0.00,1,,,,N,1,1_4300077,1_4300077
1,4300899,1,,,0,,1,1,1,0,1,,3,4,,,,,,,,,,,0.00,1,,,,N,1,1_4300899,1_4300899
19,4301163,1,,,0,8,1,1,1,0,1,1,3,1,,,,,,,,,,,0.00,1,,,,N,19,19_4301163,19_4301163
19,4300022,1,,,1,1,1,1,1,0,1,1,3,1,,,,,,,,,,,0.00,1,,,,N,19,19_4300022,19_4300022
1,4301147,1,,,1,99,1,1,1,0,1,1,3,4,,,,,,,,,,,0.00,1,,,,N,1,1_4301147,1_4301147
1,4301003,1,,7,0,,1,1,1,0,1,1,3,4,,,,,,,,,,,0.00,1,4100001,,,N,1,1_4301003,1_4301003
19,4300225,1,,,,1,1,1,1,0,1,1,3,1,,,,,,,,,,,0.00,1,,,,N,19,19_4300225,19_4300225
1,4300924,1,,,0,1,1,1,1,0,1,1,3,4,,,,,,,,,,,0.00,1,4100001,,,N,1,1_4300924,1_4300924
1,4301472,1,,,0,99,1,1,1,0,1,1,3,4,,,,,,,,,,,0.00,1,,,,N,1,1_4301472,1_4301472
19,4301479,1,,,0,99,1,1,0,0,1,1,3,4,,,,,,,,,,,0.00,1,,,,N,19,19_4301479,19_4301479
19,4300995,1,,,1,1,1,1,1,0,1,1,3,1,,,,,,,,,,,0.00,1,,,,N,19,19_4300995,19_4300995
1,4000438,1,,,1,99,1,3,1,0,1,1,1,1,,,,,,,,,,,0.00,0,,,,N,1,1_4000438,1_4000438
1,4300725,1,,,,1,1,3,1,0,1,1,3,4,,,,,,,,,,,0.00,1,4100001,,,N,1,1_4300725,1_4300725
1,4300635,1,,,0,50,1,1,1,0,1,1,3,4,,,,,,,,,,,0.00,1,4100001,,,N,1,1_4300635,1_4300635
19,4300724,1,,,,,1,1,1,0,1,1,3,1,,,,,,,,,,,0.00,1,,,,N,19,19_4300724,19_4300724
1,4000502,1,,,,,1,3,1,0,1,1,1,1,,,,,,,,,,,0.00,0,,,,N,1,1_4000502,1_4000502
1,4000463,1,,,,,1,1,1,0,1,1,1,1,,,,,,,,,,,0.00,0,,,,N,1,1_4000463,1_4000463
19,4300576,1,,,1,1,1,1,1,0,1,1,3,1,,,,,,,,,,,0.00,1,,,,N,19,19_4300576,19_4300576
1,4300555,1,,7,0,98,1,1,0,0,1,1,3,4,,,,,,,,,,,0.00,1,4100001,,,N,1,1_4300555,1_4300555
1,4300812,1,,,0,1,1,1,1,0,1,1,3,4,,,,,,,,,,,0.00,1,4100001,,,N,1,1_4300812,1_4300812
1,4000721,1,,1,1,99,1,3,1,0,1,1,1,1,,,,,,,,,,,0.00,1,,,,,1,1_4000721,1_4000721
1,4300954,1,,4,0,99,1,1,0,0,1,4,3,4,,,,,,,,,,,0.00,1,,,,N,1,1_4300954,1_4300954
1,4000210,1,,,1,98,1,3,1,0,1,4,1,1,,,,,,,,,,,0.00,0,,,,N,1,1_4000210,1_4000210
19,4301401,1,,,0,98,1,1,1,1,1,1,3,1,,,,,,,,,,,0.00,1,4100001,,,N,19,19_4301401,19_4301401
1,4301054,1,,,1,1,1,1,1,0,1,1,3,4,,,,,,,,,,3.00,0.00,1,4100001,,,N,1,1_4301054,1_4301054
1,4300109,1,,,0,99,1,1,0,0,1,1,3,4,,,,,,,,,,,0.00,1,4100001,,,,1,1_4300109,1_4300109
1,4300870,1,,,0,,1,1,1,0,1,1,3,4,,,,,,,,,,,0.00,1,4100001,,,N,1,1_4300870,1_4300870
1,4000434,1,,,1,98,1,1,1,0,1,1,1,1,,,,,,,,,,,0.00,0,,,,N,1,1_4000434,1_4000434
1,4301170,1,,,,,1,1,1,0,1,1,3,4,,,,,,,,,,,0.00,1,,,,N,1,1_4301170,1_4301170
1,4301285,1,,,,,1,1,1,0,1,1,3,4,,,,,,,,,,,0.00,1,4100001,,,N,1,1_4301285,1_4301285
19,4301201,1,,,,,1,1,1,0,1,1,3,1,,,,,,,,,,,0.00,1,,,,N,19,19_4301201,19_4301201
19,4300820,1,,,,,1,1,1,0,1,1,3,1,,,,,,,,,,,0.00,1,,,,N,19,19_4300820,19_4300820
1,4100460,1,,,,,1,3,1,0,,,,,,,,,,,,,,,0.00,0,,,,,1,1_4100460,1_4100460
1,4000703,1,,1,0,99,1,3,1,0,1,1,1,1,,,,,,,,,,,0.00,1,,,,,1,1_4000703,1_4000703
1,4301838,1,,7,0,99,1,3,1,0,1,1,3,4,,,,,,,,,,,0.00,1,,,,N,1,1_4301838,1_4301838
1,4301402,1,,,0,98,1,1,1,1,1,1,3,4,,,,,,,,,,,0.00,1,,,,N,1,1_4301402,1_4301402
1,4300297,1,,,,1,1,3,1,0,1,1,3,4,,,,,,,,,,,0.00,1,4100001,,,N,1,1_4300297,1_4300297
1,4300022,1,,,1,1,1,1,1,0,1,1,3,4,,,,,,,,,,,0.00,1,,,,N,1,1_4300022,1_4300022
19,4301220,1,,,0,15,1,1,1,0,1,1,3,1,,,,,,,,,,,0.00,1,,,,N,19,19_4301220,19_4301220
1,4301178,1,,,0,8,1,1,1,0,1,1,3,4,,,,,,,,,,,0.00,1,4100001,,,N,1,1_4301178,1_4301178
1,4301119,1,,,1,1,1,1,1,0,1,2,3,4,,,,,,,,,,,0.00,1,4100001,,,N,1,1_4301119,1_4301119
1,4301521,1,,7,1,70,1,1,0,0,1,1,3,4,,,,,,,,,,,0.00,1,,,,N,1,1_4301521,1_4301521
1,4301186,1,,,,,1,1,1,0,1,1,3,4,,,,,,,,,,,0.00,1,4100001,,,N,1,1_4301186,1_4301186
1,4000557,1,,,0,,1,3,1,0,1,1,1,1,,,,,,,,,,,0.00,1,,,,N,1,1_4000557,1_4000557
1,4300292,1,,7,1,1,1,1,1,0,1,1,3,4,,,,,,,,,,,0.00,1,4100001,,,N,1,1_4300292,1_4300292
1,4300117,1,,,1,1,1,1,1,0,1,1,3,4,,,,,,,,,,,0.00,1,4100001,,,N,1,1_4300117,1_4300117
19,4301388,1,,,0,99,1,1,1,0,1,1,3,1,,,,,,,,,,,0.00,1,,,,N,19,19_4301388,19_4301388
19,4301107,1,,,0,8,1,1,1,0,1,1,3,4,3.00,,,,,,,,,,0.00,1,,,,N,19,19_4301107,19_4301107
1,4301030,1,,14,0,8,1,3,1,0,1,2,3,2,,,,,,,,,,,0.00,1,,,,N,1,1_4301030,1_4301030
1,4301028,1,,,0,2,1,1,1,0,1,1,3,4,,,,,,,,,,,0.00,1,,,,N,1,1_4301028,1_4301028
1,4100999,1,,,,,1,3,1,0,1,1,1,1,,,,,,,,,,,0.00,0,,,,N,1,1_4100999,1_4100999
1,4301183,1,,,,,1,1,1,0,1,1,3,4,,,,,,,,,,,0.00,1,,,,N,1,1_4301183,1_4301183
1,4300235,1,,7,,,1,1,1,0,1,1,3,4,,,,,,,,,,,0.00,1,4100001,,,N,1,1_4300235,1_4300235
1,4301182,1,,,,,1,1,1,0,1,1,3,4,,,,,,,,,,,0.00,1,,,,N,1,1_4301182,1_4301182
1,4301184,1,,,,,1,1,1,0,1,1,3,4,,,,,,,,,,,0.00,1,,,,N,1,1_4301184,1_4301184
1,4300951,1,,,0,99,1,1,1,0,1,1,3,4,,,,,,,,,,,0.00,1,,,,N,1,1_4300951,1_4300951
1,4301846,1,,7,0,99,1,3,1,0,1,1,3,4,,,,,,,,,,,0.00,1,,,,N,1,1_4301846,1_4301846
1,4000440,1,,,,,1,3,1,0,1,1,1,1,,,,,,,,,,,0.00,0,,,,N,1,1_4000440,1_4000440
1,4301458,1,,,0,99,1,1,1,0,1,4,3,4,,,,,,,,,,,0.00,1,,,,N,1,1_4301458,1_4301458
1,4301540,1,,,0,8,1,3,0,0,1,1,3,4,,,,,,,,,,,0.00,0,4100001,,,N,1,1_4301540,1_4301540
19,4301182,1,,,,,1,1,1,0,1,1,3,1,,,,,,,,,,,0.00,1,,,,N,19,19_4301182,19_4301182
1,4000345,1,,,,,1,3,1,0,1,1,1,1,,,,,,,,,,,0.00,0,,,,N,1,1_4000345,1_4000345
1,4301441,1,,,0,98,1,1,1,1,0,1,3,4,,,,,,,,,,,0.00,1,4100001,,,N,1,1_4301441,1_4301441
1,4000441,1,,,,,1,3,1,0,1,1,1,1,,,,,,,,,,,0.00,0,,,,N,1,1_4000441,1_4000441
1,4300681,1,,,,1,1,1,1,0,1,1,3,4,,,,,,,,,,,0.00,1,4100001,,,N,1,1_4300681,1_4300681
1,4301187,1,,,,,1,1,1,0,1,1,3,4,,,,,,,,,,,0.00,1,,,,N,1,1_4301187,1_4301187
1,4301857,1,,7,0,99,1,3,1,0,1,1,3,2,,,,,,,,,,,0.00,1,4100001,,,N,1,1_4301857,1_4301857
19,4301187,1,,,,,1,1,1,0,1,1,3,1,,,,,,,,,,,0.00,1,,,,N,19,19_4301187,19_4301187
1,4300666,1,,,0,,1,1,1,0,1,1,3,4,,,,,,,,,,16.00,0.00,1,4100001,,,N,1,1_4300666,1_4300666
1,4301189,1,,,0,8,1,1,1,0,1,2,3,4,3.00,,,,,,,,,,0.00,1,,,,N,1,1_4301189,1_4301189
1,4301120,1,,8,0,16,1,1,1,0,1,2,3,2,,,,,,,,,,,0.00,1,4100001,,,N,1,1_4301120,1_4301120
1,4301188,1,,8,0,1,1,1,0,0,1,4,3,2,,,,,,,,,,,0.00,1,4100001,,,N,1,1_4301188,1_4301188
1,4301537,1,,4,0,99,1,1,1,1,0,1,3,2,,,,,,,,,,,0.00,0,,,,N,1,1_4301537,1_4301537
1,4301191,1,,,0,101,1,1,1,0,1,1,3,4,,,,,,,,,,,0.00,1,,,,N,1,1_4301191,1_4301191
1,4301192,1,,,0,99,1,1,1,0,1,1,3,4,,,,,,,,,,,0.00,1,,,,N,1,1_4301192,1_4301192
1,4300688,1,,,0,,1,1,1,0,1,1,3,4,3.00,,,,,,,,,,0.00,1,4100001,,,N,1,1_4300688,1_4300688
1,4301831,1,,8,0,99,1,3,0,0,1,1,3,2,,,,,,,,,,,0.00,1,4100001,,,N,1,1_4301831,1_4301831
1,4300976,1,,,0,,1,1,1,0,1,1,3,4,3.00,,,,,,,,,,0.00,1,,,,N,1,1_4300976,1_4300976
1,4300262,1,,,,1,1,1,1,0,1,1,3,4,,,,,,,,,,,0.00,1,4100001,,,N,1,1_4300262,1_4300262
19,4302013,1,,,0,,1,1,1,0,1,1,3,1,,,,,,,,,,,0.00,1,,,,N,19,19_4302013,19_4302013
1,4301634,1,,7,0,98,1,3,1,0,1,1,3,4,,,,,,,,,,,0.00,1,4100001,,,,1,1_4301634,1_4301634
1,4301425,1,,,0,8,1,1,1,0,1,4,3,4,,,,,,,,,,,0.00,1,,,,N,1,1_4301425,1_4301425
19,4301283,1,,,,,1,1,1,0,1,1,3,1,,,,,,,,,,,0.00,1,4100001,,,N,19,19_4301283,19_4301283
19,4301172,1,,,0,101,1,1,1,1,1,1,3,1,3.00,,,,,,,,,,0.00,1,,,,N,19,19_4301172,19_4301172
1,4301240,1,,7,0,99,1,1,1,0,1,1,3,4,,,,,,,,,,,0.00,1,4100001,,,N,1,1_4301240,1_4301240
1,4301199,1,,,1,98,1,1,1,0,1,1,3,4,,,,,,,,,,,0.00,1,,,,N,1,1_4301199,1_4301199
1,4000600,1,,,0,99,1,3,0,0,1,1,1,1,,,,,,,,,,,0.00,1,,,,N,1,1_4000600,1_4000600
1,4301112,1,,,0,,5,3,1,0,1,1,3,4,,,,,,,,,,,0.00,1,,,,N,1,1_4301112,1_4301112
19,4301199,1,,,1,98,1,1,1,0,1,1,3,1,,,,,,,,,,,0.00,1,,,,N,19,19_4301199,19_4301199
1,4000131,1,,,1,99,1,3,1,0,1,1,1,1,,,,,,,,,,,0.00,0,,,,N,1,1_4000131,1_4000131
1,4301661,1,,9,0,1,1,3,1,0,1,1,3,4,,,,,,,,,,,0.00,1,4100001,,,,1,1_4301661,1_4301661
1,4000401,1,,,0,99,1,3,1,0,1,1,1,1,,,,,,,,,,,0.00,0,,,,N,1,1_4000401,1_4000401
19,4301015,1,,,,,1,1,1,0,1,1,3,1,,,,,,,,,,,0.00,1,,,,N,19,19_4301015,19_4301015
19,4301305,1,,,,,1,1,1,0,1,1,3,1,,,,,,,,,,,0.00,1,,,,N,19,19_4301305,19_4301305
1,4301270,1,,7,0,99,1,1,1,0,1,1,3,4,,,,,,,,,,,0.00,1,4100001,,,N,1,1_4301270,1_4301270
19,4300837,1,,,,1,1,3,1,0,1,1,3,1,,,,,,,,,,,0.00,1,,,,N,19,19_4300837,19_4300837
1,4301431,1,,,0,99,1,1,1,1,1,1,3,4,,,,,,,,,,,0.00,1,4100001,,,N,1,1_4301431,1_4301431
1,4301208,1,,,0,8,1,1,1,0,1,1,3,4,,,,,,,,,,,0.00,1,,,,N,1,1_4301208,1_4301208
1,4000708,1,,1,0,,1,3,1,0,1,1,1,1,,,,,,,,,,,0.00,1,,,,,1,1_4000708,1_4000708
1,4000450,1,,,,,1,3,1,0,1,1,1,1,,,,,,,,,,,0.00,0,,,,N,1,1_4000450,1_4000450
1,4301212,1,,,,,3,3,1,0,1,1,3,4,,,,,,,,,,,0.00,1,,,,N,1,1_4301212,1_4301212
19,4301193,1,,,0,1,1,1,1,0,1,1,3,1,,,,,,,,,,,0.00,1,,,,N,19,19_4301193,19_4301193
19,4300856,1,,,0,1,1,1,1,0,1,1,3,1,0.00,,,,,,,,,,0.00,1,,,,N,19,19_4300856,19_4300856
19,4300809,1,,,,,1,1,1,0,1,1,3,1,,,,,,,,,,,0.00,1,,,,N,19,19_4300809,19_4300809
19,4301938,1,,,0,16,1,1,1,0,1,4,3,1,,,,,,,,,,,0.00,1,,,,N,19,19_4301938,19_4301938
1,4000442,1,,,,,1,1,1,0,1,1,1,1,,,,,,,,,,,0.00,0,,,,N,1,1_4000442,1_4000442
1,4301755,1,,4,0,99,1,3,0,0,1,1,3,4,,,,,,,,,,,0.00,1,4100001,,,N,1,1_4301755,1_4301755
1,4301210,1,,,,,1,1,1,0,1,1,3,4,,,,,,,,,,,0.00,1,,,,N,1,1_4301210,1_4301210
1,4000763,1,,1,1,99,1,3,1,0,1,1,1,1,,,,,,,,,,,0.00,1,,,,N,1,1_4000763,1_4000763
19,4300297,1,,,,1,1,3,1,0,1,1,3,1,,,,,,,,,,,0.00,1,,,,N,19,19_4300297,19_4300297
19,4301207,1,,,0,54,1,1,1,0,1,1,3,1,,,,,,,,,,,0.00,1,,,,N,19,19_4301207,19_4301207
1,4000625,1,,1,1,98,1,3,1,0,1,1,1,1,,,,,,,,,,,0.00,1,,,,,1,1_4000625,1_4000625
1,4301132,1,,,1,1,1,1,1,0,1,1,3,4,,,,,,,,,,,0.00,1,4100001,,,N,1,1_4301132,1_4301132
1,4301259,1,,,,,1,1,1,0,1,1,3,4,3.00,,,,,,,,,,0.00,1,,,,N,1,1_4301259,1_4301259
19,4300726,1,,,1,1,1,1,1,0,1,1,3,1,,,,,,,,,,,0.00,1,,,,N,19,19_4300726,19_4300726
1,4301177,1,,,0,1,1,1,1,0,1,1,3,4,,,,,,,,,,,0.00,1,4100001,,,N,1,1_4301177,1_4301177
19,4301125,1,,1,,1,1,3,1,0,1,1,3,1,,,,,,,,,,,0.00,1,,,,N,19,19_4301125,19_4301125
1,4300776,1,,7,,,1,1,1,0,1,1,3,4,,,,,,,,,,,0.00,1,,,,N,1,1_4300776,1_4300776
1,4301216,1,,,0,50,1,1,1,0,1,1,3,4,,,,,,,,,,,0.00,1,,,,N,1,1_4301216,1_4301216
1,4301258,1,,,0,8,1,1,1,0,1,1,3,4,,,,,,,,,,,0.00,1,,,,N,1,1_4301258,1_4301258
1,4301218,1,,,,,1,1,1,0,1,1,3,4,,,,,,,,,,,0.00,1,,,,N,1,1_4301218,1_4301218
19,4300730,1,,,,,1,1,1,0,1,1,3,1,3.00,,,,,,,,,,0.00,1,,,,N,19,19_4300730,19_4300730
1,4301233,1,,,0,99,1,1,1,0,1,1,3,4,,,,,,,,,,,0.00,0,,,,N,1,1_4301233,1_4301233
19,4301202,1,,,,,1,1,1,0,1,1,3,1,,,,,,,,,,,0.00,1,,,,N,19,19_4301202,19_4301202
1,4000516,1,,,0,99,1,1,1,0,1,1,1,1,,,,,,,,,,,0.00,1,,,,N,1,1_4000516,1_4000516
1,4000263,1,,,,,1,3,1,0,1,1,1,1,,,,,,,,,,,0.00,0,,,,N,1,1_4000263,1_4000263
19,4301217,1,,,,,1,1,1,0,1,1,3,1,,,,,,,,,,,0.00,1,,,,N,19,19_4301217,19_4301217
19,4301218,1,,,,,1,1,1,0,1,1,3,1,,,,,,,,,,,0.00,1,,,,N,19,19_4301218,19_4301218
1,4301489,1,,7,0,99,1,1,0,0,1,1,3,2,,,,,,,,,,,0.00,1,4100001,,,N,1,1_4301489,1_4301489
1,4300690,1,,7,1,1,1,1,1,0,1,1,3,2,,,,,,,,,,,0.00,1,4100001,,,N,1,1_4300690,1_4300690
1,4300618,1,,,1,99,1,1,1,0,1,1,3,4,,,,,,,,,,3.00,0.00,1,,,,N,1,1_4300618,1_4300618
1,4000612,1,,,1,99,1,3,0,0,1,1,1,1,2.00,,,,,,,,,,0.00,1,,,,N,1,1_4000612,1_4000612
19,4300346,1,,,1,1,1,1,1,0,1,1,3,1,,,,,,,,,,,0.00,1,4100001,,,N,19,19_4300346,19_4300346
1,4000451,1,,,,,1,3,1,0,1,1,1,1,,,,,,,,,,,0.00,0,,,,N,1,1_4000451,1_4000451
1,4000572,1,,,1,99,1,3,1,1,1,1,1,1,,,,,,,,,,,0.00,1,,,,N,1,1_4000572,1_4000572
1,4301224,1,,,,,1,1,1,0,1,1,3,4,,,,,,,,,,,0.00,1,4100001,,,N,1,1_4301224,1_4301224
1,4000496,1,,,,,1,3,1,0,1,1,1,1,,,,,,,,,,,0.00,0,,,,N,1,1_4000496,1_4000496
1,4301306,1,,,,,1,1,1,0,1,1,3,4,,,,,,,,,,,0.00,1,4100001,,,N,1,1_4301306,1_4301306
19,4301315,1,,,0,,1,1,1,0,1,1,3,1,,,,,,,,,,,0.00,1,4100001,,,N,19,19_4301315,19_4301315
1,4000452,1,,,,,1,3,1,0,1,1,1,1,,,,,,,,,,,0.00,0,,,,N,1,1_4000452,1_4000452
1,4000398,1,,,,,1,3,1,0,1,1,1,1,,,,,,,,,,,0.00,0,,,,N,1,1_4000398,1_4000398
1,4000453,1,,,1,99,1,3,1,0,1,1,1,1,,,,,,,,,,,0.00,0,,,,N,1,1_4000453,1_4000453
1,4000457,1,,,,,1,3,1,0,1,1,1,1,,,,,,,,,,,0.00,0,,,,N,1,1_4000457,1_4000457
1,4000209,1,,,0,99,1,3,1,0,1,1,1,1,,,,,,,,,,,0.00,0,,,,N,1,1_4000209,1_4000209
1,4301869,1,,7,0,99,1,3,1,0,1,1,3,2,,,,,,,,,,,0.00,1,4100001,,,N,1,1_4301869,1_4301869
1,4000455,1,,,,,1,3,1,0,1,1,1,1,,,,,,,,,,,0.00,0,,,,N,1,1_4000455,1_4000455
19,4300887,1,,,1,1,1,1,1,0,1,4,3,4,,,,,,,,,,,0.00,1,4100001,,,N,19,19_4300887,19_4300887
19,4301257,1,,,,,1,1,1,0,1,1,3,1,,,,,,,,,,,0.00,1,4100001,,,N,19,19_4301257,19_4301257
1,4000585,1,,,0,8,1,3,0,0,1,1,1,1,,,,,,,,,,,0.00,1,,,,N,1,1_4000585,1_4000585
1,4300682,1,,,0,30,1,1,1,0,1,1,3,4,,,,,,,,,,,0.00,1,4100001,,,N,1,1_4300682,1_4300682
1,4000458,1,,,,,1,3,1,0,1,1,1,1,,,,,,,,,,,0.00,0,,,,N,1,1_4000458,1_4000458
1,4301229,1,,,0,16,1,1,1,1,0,1,3,4,,,,,,,,,,,0.00,1,4100001,,,N,1,1_4301229,1_4301229
1,4301231,1,,,,,1,1,1,0,1,1,3,4,,,,,,,,,,,0.00,1,4100001,,,N,1,1_4301231,1_4301231
1,4300106,1,,,0,68,1,1,1,0,1,4,3,4,,,,,,,,,,,0.00,1,,,,N,1,1_4300106,1_4300106
1,4301050,1,,7,0,16,1,1,1,0,1,1,3,2,,,,,,,,,,,0.00,1,4100001,,,N,1,1_4301050,1_4301050
19,4300863,1,,,1,1,1,1,1,0,1,1,3,1,,,,,,,,,,,0.00,1,,,,N,19,19_4300863,19_4300863
19,4301229,1,,,0,16,1,1,1,1,0,1,3,1,,,,,,,,,,,0.00,1,,,,N,19,19_4301229,19_4301229
19,4301231,1,,,,,1,1,1,0,1,1,3,1,,,,,,,,,,,0.00,1,,,,N,19,19_4301231,19_4301231
1,4000588,1,,,0,1,1,3,0,0,1,1,1,1,,,,,,,,,,,0.00,1,,,,N,1,1_4000588,1_4000588
1,4000295,1,,,,,1,3,1,0,1,1,1,1,,,,,,,,,,,0.00,0,,,,N,1,1_4000295,1_4000295
19,4301308,1,,,0,99,1,1,1,0,1,1,3,2,,,,,,,,,,,0.00,1,,,,N,19,19_4301308,19_4301308
1,4000460,1,,,,,1,3,1,0,1,1,1,1,,,,,,,,,,,0.00,0,,,,N,1,1_4000460,1_4000460
1,4000461,1,,,,,1,1,1,0,1,1,1,1,,,,,,,,,,,0.00,0,,,,N,1,1_4000461,1_4000461
1,4301237,1,,,,,1,1,1,0,1,1,3,4,,,,,,,,,,,0.00,1,,,,N,1,1_4301237,1_4301237
1,4301669,1,,7,0,99,1,3,1,0,1,1,3,4,,,,,,,,,,,0.00,1,4100001,,,,1,1_4301669,1_4301669
1,4300677,1,,7,1,1,1,1,1,0,1,1,3,2,,,,,,,,,,,0.00,1,4100001,,,N,1,1_4300677,1_4300677
1,4301801,1,,7,0,99,1,3,1,0,1,1,3,4,,,,,,,,,,,0.00,1,,,,N,1,1_4301801,1_4301801
1,4300616,1,,7,0,52,1,3,1,0,1,1,3,4,,,,,,,,,,0.00,0.00,1,4100001,,,N,1,1_4300616,1_4300616
1,4301249,1,,,0,16,1,1,1,0,1,4,3,4,,,,,,,,,,,0.00,1,4100001,,,N,1,1_4301249,1_4301249
1,4000464,1,,,,,1,3,1,0,1,1,1,1,,,,,,,,,,,0.00,0,,,,N,1,1_4000464,1_4000464
1,4300900,1,,7,,1,1,3,1,0,1,1,3,4,,,,,,,,,,,0.00,1,,,,N,1,1_4300900,1_4300900
1,4000714,1,,1,1,75,1,3,1,0,1,1,1,1,,,,,,,,,,,0.00,1,,,,,1,1_4000714,1_4000714
1,4300740,1,,7,1,1,1,1,1,0,1,1,3,2,,,,,,,,,,,0.00,1,4100001,,,N,1,1_4300740,1_4300740
1,4301765,1,,4,0,99,1,3,0,0,1,1,3,4,,,,,,,,,,,0.00,1,,,,N,1,1_4301765,1_4301765
1,4000521,1,,,0,,1,3,1,0,1,1,1,1,,,,,,,,,,,0.00,1,,,,N,1,1_4000521,1_4000521
19,4300260,1,,,1,1,1,1,1,0,1,1,3,1,3.00,,,,,,,,,,0.00,1,,,,N,19,19_4300260,19_4300260
19,4301177,1,,,0,1,1,1,1,0,1,1,3,1,,,,,,,,,,,0.00,1,,,,N,19,19_4301177,19_4301177
19,4301216,1,,,0,50,1,1,1,0,1,1,3,1,,,,,,,,,,,0.00,1,,,,N,19,19_4301216,19_4301216
1,4300683,1,,,0,,1,1,1,0,1,1,3,4,,,,,,,,,,1.60,0.00,1,,,,N,1,1_4300683,1_4300683
1,4301632,1,,7,0,99,5,1,1,0,1,1,3,4,,,,,,,,,,,0.00,1,,,,N,1,1_4301632,1_4301632
1,4000465,1,,,,,1,3,1,0,1,2,1,1,,,,,,,,,,,0.00,0,,,,N,1,1_4000465,1_4000465
19,4301299,1,,,,,1,1,1,0,1,1,3,1,,,,,,,,,,,0.00,1,,,,N,19,19_4301299,19_4301299
1,4000503,1,,,,,1,3,1,0,1,1,1,1,,,,,,,,,,,0.00,0,,,,N,1,1_4000503,1_4000503
1,4000466,1,,,,,1,3,1,0,1,1,1,1,,,,,,,,,,,0.00,0,,,,N,1,1_4000466,1_4000466
1,4300087,1,,,0,99,1,3,1,0,1,1,3,4,,,,,,,,,,,0.00,1,,,,N,1,1_4300087,1_4300087
1,4101004,1,,1,0,,1,3,1,0,1,1,1,1,,,,,,,,,,,21.00,1,,,,,1,1_4101004,1_4101004
1,4301245,1,,,0,99,1,1,1,0,1,1,3,4,,,,,,,,,,,0.00,1,4100001,,,N,1,1_4301245,1_4301245
1,4000467,1,,,,,1,3,1,0,1,1,1,1,,,,,,,,,,,0.00,0,,,,N,1,1_4000467,1_4000467
1,4000468,1,,,,,1,3,1,0,1,1,1,1,,,,,,,,,,,0.00,0,,,,N,1,1_4000468,1_4000468
1,4000002,1,,,1,99,1,3,1,0,1,1,1,1,,,,,,,,,,0.00,0.00,0,,,,N,1,1_4000002,1_4000002
1,4000180,1,,1,0,70,1,3,1,0,1,1,1,1,,,,,,,,,,,0.00,1,,,,,1,1_4000180,1_4000180
1,4301085,1,,,,,1,3,1,0,1,3,3,4,,,,,,,,,,,0.00,1,,,,N,1,1_4301085,1_4301085
19,4301254,1,,,,,1,1,1,0,1,1,3,1,,,,,,,,,,,0.00,1,,,,N,19,19_4301254,19_4301254
1,4300853,1,,8,0,99,1,1,1,0,1,1,3,4,,,,,,,,,,,0.00,1,4100001,,,N,1,1_4300853,1_4300853
1,4301938,1,,,0,16,1,1,1,0,1,4,3,4,,,,,,,,,,,0.00,1,4100001,,,N,1,1_4301938,1_4301938
1,4301250,1,,,0,8,1,1,1,0,0,4,3,4,,,,,,,,,,,0.00,1,,,,N,1,1_4301250,1_4301250
1,4300497,1,,,,21,1,3,1,0,1,1,3,4,,,,,,,,,,,0.00,1,,,,N,1,1_4300497,1_4300497
1,4301276,1,,,,,1,1,1,0,1,1,3,4,,,,,,,,,,,0.00,1,4100001,,,N,1,1_4301276,1_4301276
1,4301252,1,,,,,1,1,1,0,1,1,3,4,,,,,,,,,,,0.00,1,,,,N,1,1_4301252,1_4301252
1,4301253,1,,,,,1,1,1,0,1,1,3,4,,,,,,,,,,,0.00,1,,,,N,1,1_4301253,1_4301253
1,4300590,1,,,0,8,1,1,1,0,1,1,3,4,,,,,,,,,,1.60,0.00,1,4100001,,,N,1,1_4300590,1_4300590
1,4300723,1,,8,,1,1,1,1,0,1,1,3,4,,,,,,,,,,,0.00,1,4100001,,,N,1,1_4300723,1_4300723
1,4301362,1,,,0,99,1,1,1,0,1,1,3,4,,,,,,,,,,,0.00,1,4100001,,,N,1,1_4301362,1_4301362
1,4301064,1,,7,,1,1,3,1,0,1,3,3,4,,,,,,,,,,,0.00,1,4100001,,,N,1,1_4301064,1_4301064
1,4000166,1,,,1,,1,3,1,0,1,2,1,1,,,,,,,,,,,0.00,0,,,,N,1,1_4000166,1_4000166
19,4301157,1,,,0,52,1,1,1,0,1,1,3,1,,,,,,,,,,,0.00,1,,,,N,19,19_4301157,19_4301157
1,4000683,1,,1,1,70,1,3,1,0,1,1,1,1,,,,,,,,,,,0.00,1,,,,,1,1_4000683,1_4000683
1,4000378,1,,,1,99,1,3,1,0,1,1,1,1,,,,,,,,,,,0.00,0,,,,N,1,1_4000378,1_4000378
1,4301324,1,,,0,,1,1,1,0,1,1,3,4,,,,,,,,,,,0.00,1,,,,N,1,1_4301324,1_4301324
19,4301462,1,,,0,99,1,1,1,1,0,1,3,4,,,,,,,,,,,0.00,1,,,,N,19,19_4301462,19_4301462
1,4000160,1,,,,,1,3,1,0,1,1,1,1,,,,,,,,,,,0.00,0,,,,N,1,1_4000160,1_4000160
1,4301532,1,,,0,8,1,1,0,0,1,1,3,4,,,,,,,,,,,0.00,0,4100001,,,N,1,1_4301532,1_4301532
1,4000474,1,,,1,,1,3,1,0,1,4,1,1,,,,,,,,,,,0.00,0,,,,N,1,1_4000474,1_4000474
1,4301257,1,,,,,1,1,1,0,1,1,3,4,,,,,,,,,,,0.00,1,4100001,,,N,1,1_4301257,1_4301257
19,4301258,1,,,0,8,1,1,1,0,1,1,3,4,,,,,,,,,,,0.00,1,,,,N,19,19_4301258,19_4301258
1,4100997,1,,,,,1,3,1,0,1,,1,1,,,,,,,,,,,0.00,0,,,,N,1,1_4100997,1_4100997
19,4301043,1,,,,,1,1,1,0,1,1,3,4,,,,,,,,,,,0.00,1,,,,N,19,19_4301043,19_4301043
1,4301464,1,,,0,70,1,1,1,0,1,1,3,4,,,,,,,,,,,0.00,1,,,,N,1,1_4301464,1_4301464
1,4301269,1,,,0,8,1,1,1,1,1,1,3,4,,,,,,,,,,,0.00,1,,,,N,1,1_4301269,1_4301269
19,4301225,1,,,,,1,1,1,0,1,1,3,1,,,,,,,,,,,0.00,1,,,,N,19,19_4301225,19_4301225
19,4301144,1,,,,99,1,1,1,0,1,1,3,1,,,,,,,,,,,0.00,1,,,,N,19,19_4301144,19_4301144
1,4301254,1,,,0,,1,1,1,0,1,1,3,4,,,,,,,,,,,0.00,1,4100001,,,N,1,1_4301254,1_4301254
19,4301265,1,,,,,1,1,1,0,1,1,3,1,,,,,,,,,,,0.00,1,4100001,,,N,19,19_4301265,19_4301265
19,4301259,1,,,,,1,1,1,0,1,1,3,1,3.00,,,,,,,,,,0.00,1,,,,N,19,19_4301259,19_4301259
1,4301261,1,,,1,99,1,3,1,0,1,1,1,1,,,,,,,,,,,0.00,1,,,,N,1,1_4301261,1_4301261
1,4301260,1,,,,1,1,3,1,0,1,1,3,4,,,,,,,,,,,0.00,1,,,,N,1,1_4301260,1_4301260
1,4300659,1,,,0,8,1,1,1,0,1,1,3,4,,,,,,,,,,,0.00,1,4100001,,,N,1,1_4300659,1_4300659
1,4301656,1,,7,0,8,1,3,1,0,1,1,3,4,,,,,,,,,,,0.00,1,,,,,1,1_4301656,1_4301656
1,4301157,1,,,0,52,1,1,1,0,1,1,3,4,,,,,,,,,,,0.00,1,4100001,,,N,1,1_4301157,1_4301157
1,4000495,1,,,,,1,3,1,0,1,1,1,1,,,,,,,,,,,0.00,0,,,,N,1,1_4000495,1_4000495
1,4300062,1,,,0,101,1,1,1,0,1,3,3,4,,,,,,,,,,,0.00,1,4100001,,,N,1,1_4300062,1_4300062
1,4000555,1,,,0,98,1,3,1,1,0,1,1,1,,,,,,,,,,,0.00,1,,,,N,1,1_4000555,1_4000555
1,4301262,1,,,0,8,1,1,1,0,1,4,3,4,,,,,,,,,,,0.00,1,,,,N,1,1_4301262,1_4301262
1,4300536,1,,,,99,1,1,1,0,1,1,3,4,,,,,,,,,,,0.00,1,4100001,,,N,1,1_4300536,1_4300536
1,4301263,1,,,,,1,1,1,0,1,1,3,4,,,,,,,,,,,0.00,1,,,,N,1,1_4301263,1_4301263
1,4000476,1,,,,,1,3,1,0,1,4,1,1,,,,,,,,,,,0.00,0,,,,N,1,1_4000476,1_4000476
1,4000781,1,,1,0,,1,3,1,0,1,1,1,1,,,,,,,,,,,0.00,1,,,,,1,1_4000781,1_4000781
1,4301265,1,,,,,1,1,1,0,1,1,3,4,,,,,,,,,,,0.00,1,4100001,,,N,1,1_4301265,1_4301265
19,4301266,1,,,,,1,1,1,0,1,1,3,1,,,,,,,,,,,0.00,1,,,,N,19,19_4301266,19_4301266
1,4301696,1,,7,0,99,1,3,1,0,1,1,3,4,,,,,,,,,,,0.00,1,,,,,1,1_4301696,1_4301696
1,4301204,1,,7,1,1,1,1,1,0,1,1,3,4,,,,,,,,,,,0.00,1,4100001,,,N,1,1_4301204,1_4301204
1,4301267,1,,,,,1,1,1,0,1,1,3,4,,,,,,,,,,,0.00,1,,,,N,1,1_4301267,1_4301267
1,4300160,1,,7,0,99,1,1,1,0,1,1,3,2,,,,,,,,,,,0.00,1,4100001,,,N,1,1_4300160,1_4300160
1,4100990,1,,,,,1,3,1,0,1,1,1,1,,,,,,,,,,,0.00,0,,,,N,1,1_4100990,1_4100990
1,4000597,1,,,0,,5,3,1,0,1,1,1,1,,,,,,,,,,,0.00,1,,,,N,1,1_4000597,1_4000597
19,4301236,1,,,,,1,1,1,0,1,1,3,1,,,,,,,,,,,0.00,1,,,,N,19,19_4301236,19_4301236
1,4000501,1,,,,,1,1,1,0,1,1,1,1,,,,,,,,,,,0.00,0,,,,N,1,1_4000501,1_4000501
1,4301134,1,,6,0,99,1,3,1,0,1,1,3,4,,,,,,,,,,,0.00,1,4100001,,,N,1,1_4301134,1_4301134
19,4301275,1,,,,,1,1,1,0,1,1,3,1,,,,,,,,,,,0.00,1,4100001,,,N,19,19_4301275,19_4301275
1,4301280,1,,,,,1,1,1,0,1,1,3,4,,,,,,,,,,,0.00,1,4100001,,,N,1,1_4301280,1_4301280
19,4301298,1,,,,,1,1,1,0,1,1,3,1,,,,,,,,,,,0.00,1,,,,N,19,19_4301298,19_4301298
1,4000528,1,,,0,,1,3,1,0,1,1,1,1,,,,,,,,,,,0.00,1,,,,N,1,1_4000528,1_4000528
1,4300790,1,,,0,98,1,1,1,1,1,1,3,4,3.00,,,,,,,,,,0.00,1,4100001,,,N,1,1_4300790,1_4300790
1,4000770,1,,1,1,99,1,3,1,0,1,1,1,1,,,,,,,,,,,0.00,1,,,,N,1,1_4000770,1_4000770
1,4301008,1,,,0,8,1,1,1,0,1,1,3,4,,,,,,,,,,,0.00,1,,,,N,1,1_4301008,1_4301008
1,4000479,1,,8,1,99,1,1,1,0,1,1,1,1,,,,,,,,,,,0.00,0,,,,N,1,1_4000479,1_4000479
19,4301453,1,,,1,98,1,1,1,1,0,1,3,4,,,,,,,,,,,0.00,1,,,,N,19,19_4301453,19_4301453
1,4301275,1,,,,,1,1,1,0,1,1,3,4,,,,,,,,,,,0.00,1,4100001,,,N,1,1_4301275,1_4301275
1,4000478,1,,,1,99,1,3,1,1,1,1,1,1,,,,,,,,,,,0.00,0,,,,N,1,1_4000478,1_4000478
1,4301274,1,,,,,1,1,1,0,1,1,3,4,,,,,,,,,,,0.00,1,4100001,,,N,1,1_4301274,1_4301274
1,4301176,1,,7,0,8,1,1,0,0,1,1,3,4,,,,,,,,,,,0.00,1,4100001,,,N,1,1_4301176,1_4301176
1,4301225,1,,,,,1,1,1,0,1,1,3,4,,,,,,,,,,,0.00,1,,,,N,1,1_4301225,1_4301225
1,4301094,1,,6,1,1,1,1,1,0,1,1,3,4,,,,,,,,,,,0.00,1,,,,N,1,1_4301094,1_4301094
1,4301620,1,,1,0,99,1,1,1,0,1,1,3,4,,,,,,,,,,,0.00,1,4100001,,,,1,1_4301620,1_4301620
19,4300723,1,,,,1,1,1,1,0,1,1,3,1,,,,,,,,,,,0.00,1,4100001,,,N,19,19_4300723,19_4300723
1,4300956,1,,,0,15,1,1,1,0,1,1,3,4,,,,,,,,,,3.00,0.00,1,4100001,,,N,1,1_4300956,1_4300956
19,4301367,1,,,1,98,1,1,1,1,1,1,3,1,,,,,,,,,,,0.00,1,,,,N,19,19_4301367,19_4301367
1,4301281,1,,1,,,1,1,1,0,1,1,3,4,,,,,,,,,,,0.00,1,4100001,,,N,1,1_4301281,1_4301281
1,4000480,1,,,,,1,3,1,0,1,1,1,1,,,,,,,,,,,0.00,0,,,,N,1,1_4000480,1_4000480
1,4301316,1,,,0,16,5,3,1,0,1,1,3,4,,,,,,,,,,,0.00,1,,,,N,1,1_4301316,1_4301316
1,4000760,1,,1,1,99,1,3,1,0,1,1,1,1,,,,,,,,,,,0.00,1,,,,N,1,1_4000760,1_4000760
1,4301278,1,,,,,1,1,1,0,1,1,3,4,,,,,,,,,,,0.00,1,4100001,,,N,1,1_4301278,1_4301278
1,4300947,1,,,0,,5,3,1,0,1,1,1,4,,,,,,,,,,,0.00,1,,,,N,1,1_4300947,1_4300947
1,4000090,1,,,1,99,1,3,1,0,1,1,1,1,,,,,,,,,,,0.00,0,,,,N,1,1_4000090,1_4000090
19,4300776,1,,,,,1,1,1,0,1,1,3,1,,,,,,,,,,,0.00,1,,,,N,19,19_4300776,19_4300776
19,4301499,1,,,1,1,1,1,0,0,1,1,3,4,,,,,,,,,,,0.00,1,,,,N,19,19_4301499,19_4301499
1,4000281,1,,,,,1,3,1,0,1,1,1,1,,,,,,,,,,,0.00,0,,,,N,1,1_4000281,1_4000281
1,4000485,1,,,,,1,3,1,0,1,1,1,1,,,,,,,,,,,0.00,0,,,,N,1,1_4000485,1_4000485
19,4300294,1,,,0,8,1,1,1,0,1,1,3,1,,,,,,,,,,,0.00,1,,,,N,19,19_4300294,19_4300294
1,4301161,1,,7,,,1,1,1,0,1,1,3,4,,,,,,,,,,,0.00,1,4100001,,,N,1,1_4301161,1_4301161
1,4301302,1,,,,,1,1,1,0,1,1,3,4,,,,,,,,,,,0.00,1,,,,N,1,1_4301302,1_4301302
1,4301580,1,,7,1,70,1,3,0,0,1,1,3,4,,,,,,,,,,,0.00,1,,,,,1,1_4301580,1_4301580
1,4301284,1,,,,,1,1,1,0,1,1,3,4,,,,,,,,,,,0.00,1,4100001,,,N,1,1_4301284,1_4301284
19,4301292,1,,,,,1,1,1,0,1,1,3,1,,,,,,,,,,,0.00,1,,,,N,19,19_4301292,19_4301292
1,4301287,1,,,1,99,1,1,1,0,1,1,3,4,,,,,,,,,,,0.00,1,4100001,,,N,1,1_4301287,1_4301287
19,4301170,1,,,,,1,1,1,0,1,1,3,1,,,,,,,,,,,0.00,1,,,,N,19,19_4301170,19_4301170
1,4301686,1,,8,0,99,5,5,1,0,1,1,3,4,,,,,,,,,,,0.00,1,,,,,1,1_4301686,1_4301686
1,4301393,1,,4,0,99,1,1,1,0,1,1,3,4,3.00,,,,,,,,,,0.00,0,,,,N,1,1_4301393,1_4301393
1,4000545,1,,,1,99,1,3,1,0,1,1,1,1,,,,,,,,,,,0.00,1,,,,N,1,1_4000545,1_4000545
19,4301194,1,,,0,99,1,1,1,0,1,1,3,1,,,,,,,,,,,0.00,1,,,,N,19,19_4301194,19_4301194
19,4301286,1,,,,,1,1,1,0,1,1,3,1,,,,,,,,,,,0.00,1,,,,N,19,19_4301286,19_4301286
1,4000487,1,,,,,1,1,1,0,1,1,1,1,,,,,,,,,,,0.00,0,,,,N,1,1_4000487,1_4000487
1,4000488,1,,,,,1,3,1,0,1,1,1,1,,,,,,,,,,,0.00,0,,,,N,1,1_4000488,1_4000488
19,4300091,1,,,,1,1,3,1,0,1,1,3,1,,,,,,,,,,,0.00,1,,,,N,19,19_4300091,19_4300091
19,4301396,1,,,0,99,3,3,1,1,0,1,3,1,,,,,,,,,,,0.00,1,,,,N,19,19_4301396,19_4301396
19,4300989,1,,,1,1,1,1,1,0,1,1,3,1,,,,,,,,,,,0.00,1,4100001,,,N,19,19_4300989,19_4300989
19,4301281,1,,1,,,1,1,1,0,1,1,3,1,,,,,,,,,,,0.00,1,4100001,,,N,19,19_4301281,19_4301281
1,4000489,1,,,,,1,3,1,0,1,1,1,1,,,,,,,,,,,0.00,0,,,,N,1,1_4000489,1_4000489
1,4301247,1,,7,0,68,1,1,1,0,1,1,3,4,,,,,,,,,,,0.00,1,4100001,,,N,1,1_4301247,1_4301247
1,4000490,1,,,,,1,3,1,0,1,1,1,1,,,,,,,,,,,0.00,0,,,,N,1,1_4000490,1_4000490
1,4000491,1,,,,,1,3,1,0,1,1,1,1,,,,,,,,,,,0.00,0,,,,N,1,1_4000491,1_4000491
1,4000492,1,,,,,1,3,1,0,1,1,1,1,,,,,,,,,,,0.00,0,,,,N,1,1_4000492,1_4000492
1,4310001,1,,,,,1,1,0,0,,,,,,,,,,,,,,,0.00,1,,,,,1,1_4310001,1_4310001
1,4000482,1,,,1,99,5,3,1,1,1,1,1,1,,,,,,,,,,,0.00,0,,,,N,1,1_4000482,1_4000482
1,4301445,1,,,1,70,1,1,1,0,1,1,3,4,,,,,,,,,,,0.00,1,4100001,,,N,1,1_4301445,1_4301445
19,4301375,1,,,0,99,1,1,1,0,1,1,3,1,,,,,,,,,,,0.00,1,,,,N,19,19_4301375,19_4301375
1,4300920,1,,,0,,1,1,1,0,1,1,3,4,,,,,,,,,,,0.00,1,,,,N,1,1_4300920,1_4300920
1,4300587,1,,,1,1,1,3,1,0,1,4,3,4,,,,,,,,,,,0.00,1,4100001,,,N,1,1_4300587,1_4300587
1,4000117,1,,,,,1,1,1,0,1,1,1,1,,,,,,,,,,,0.00,0,,,,N,1,1_4000117,1_4000117
1,4301774,1,,4,0,99,1,3,1,0,1,1,3,4,,,,,,,,,,,0.00,1,,,,N,1,1_4301774,1_4301774
1,4301291,1,,,0,8,1,1,1,0,0,2,3,4,,,,,,,,,,,0.00,1,,,,N,1,1_4301291,1_4301291
19,4301168,1,,,,,1,1,1,0,1,1,3,1,,,,,,,,,,,0.00,1,,,,N,19,19_4301168,19_4301168
1,4300887,1,,,1,1,1,1,1,0,1,4,3,4,,,,,,,,,,,0.00,1,4100001,,,N,1,1_4300887,1_4300887
1,4301292,1,,,,,1,1,1,0,1,1,3,4,,,,,,,,,,,0.00,1,,,,N,1,1_4301292,1_4301292
1,4300220,1,,,0,1,1,1,1,0,1,1,3,4,,,,,,,,,,,0.00,1,4100001,,,N,1,1_4300220,1_4300220
1,4301293,1,,,,,1,1,1,0,1,1,3,4,,,,,,,,,,,0.00,1,,,,N,1,1_4301293,1_4301293
1,4301299,1,,,,,1,1,1,0,1,1,3,4,,,,,,,,,,,0.00,1,,,,N,1,1_4301299,1_4301299
1,4000275,1,,,1,98,1,3,1,0,1,1,1,1,,,,,,,,,,,0.00,0,,,,N,1,1_4000275,1_4000275
1,4301312,1,,,0,,1,1,0,0,1,1,3,4,,,,,,,,,,,0.00,1,4100001,,,N,1,1_4301312,1_4301312
1,4301256,1,,,,,1,1,1,0,1,1,3,4,,,,,,,,,,,0.00,1,4100001,,,N,1,1_4301256,1_4301256
1,4301295,1,,6,,,1,1,1,0,1,1,3,4,,,,,,,,,,,0.00,1,4100001,,,N,1,1_4301295,1_4301295
1,4000498,1,,,,,1,3,1,0,1,1,1,1,,,,,,,,,,,0.00,0,,,,N,1,1_4000498,1_4000498
1,4000484,1,,,,,1,3,1,0,1,1,1,1,,,,,,,,,,,0.00,0,,,,N,1,1_4000484,1_4000484
1,4300846,1,,,1,1,1,1,1,0,1,1,3,4,,,,,,,,,,,0.00,1,4100001,,,N,1,1_4300846,1_4300846
19,4300592,1,,,,1,1,3,1,0,1,1,3,1,,,,,,,,,,,0.00,1,,,,N,19,19_4300592,19_4300592
19,4300951,1,,,,,1,1,1,0,1,1,3,1,,,,,,,,,,,0.00,1,,,,N,19,19_4300951,19_4300951
1,4301297,1,,,,,1,1,1,0,1,1,3,4,,,,,,,,,,,0.00,1,,,,N,1,1_4301297,1_4301297
1,4301298,1,,,,,1,1,1,0,1,1,3,4,,,,,,,,,,,0.00,1,,,,N,1,1_4301298,1_4301298
1,4301294,1,,,,,1,1,1,0,1,1,3,4,,,,,,,,,,,0.00,1,,,,N,1,1_4301294,1_4301294
1,4301300,1,,,0,16,1,1,1,0,1,1,3,4,,,,,,,,,,,0.00,1,,,,N,1,1_4301300,1_4301300
1,4301303,1,,,,,1,1,1,0,1,1,3,4,,,,,,,,,,,0.00,1,4100001,,,N,1,1_4301303,1_4301303
1,4000500,1,,,,,1,3,1,0,1,1,1,1,,,,,,,,,,,0.00,0,,,,N,1,1_4000500,1_4000500
1,4000473,1,,,1,99,1,3,1,0,1,4,1,1,2.00,,,,,,,,,,0.00,0,,,,N,1,1_4000473,1_4000473
19,4300929,1,,,0,99,1,1,1,0,1,1,3,1,3.00,,,,,,,,,,0.00,1,,,,N,19,19_4300929,19_4300929
1,4301114,1,,,0,16,1,1,1,0,1,1,3,4,,,,,,,,,,,0.00,1,4100001,,,N,1,1_4301114,1_4301114
19,4301408,1,,,1,98,1,1,1,1,1,1,3,1,,,,,,,,,,,0.00,1,4100001,,,N,19,19_4301408,19_4301408
1,4301361,1,,7,0,8,1,1,0,0,1,2,3,4,,,,,,,,,,,0.00,1,4100001,,,N,1,1_4301361,1_4301361
1,4301031,1,,,1,1,1,1,1,0,1,1,3,4,,,,,,,,,,,0.00,1,,,,N,1,1_4301031,1_4301031
19,4301300,1,,,0,16,1,1,1,0,1,1,3,1,,,,,,,,,,,0.00,1,,,,N,19,19_4301300,19_4301300
19,4301242,1,,,,,1,1,1,0,1,1,3,1,,,,,,,,,,,0.00,1,4100001,,,N,19,19_4301242,19_4301242
1,4301359,1,,,1,99,1,1,1,0,1,2,3,4,,,,,,,,,,,0.00,1,,,,N,1,1_4301359,1_4301359
1,4000504,1,,,0,16,1,1,1,1,0,1,1,1,,,,,,,,,,,0.00,0,,,,N,1,1_4000504,1_4000504
1,4301455,1,,,0,99,1,1,1,1,0,1,3,4,,,,,,,,,,,0.00,1,4100001,,,N,1,1_4301455,1_4301455
19,4301365,1,,,1,98,1,1,1,1,1,1,3,1,,,,,,,,,,,0.00,1,,,,N,19,19_4301365,19_4301365
1,4300276,1,,,0,50,1,1,1,0,1,1,3,4,,,,,,,,,,,0.00,1,,,,N,1,1_4300276,1_4300276
1,4301383,1,,,1,98,1,1,1,1,1,1,3,4,,,,,,,,,,,0.00,1,4100001,,,N,1,1_4301383,1_4301383
1,4000057,1,,,0,,1,3,1,1,1,1,1,1,,,,,,,,,,,0.00,1,,,,N,1,1_4000057,1_4000057
1,4301305,1,,,,,1,1,1,0,1,1,3,4,,,,,,,,,,,0.00,1,,,,N,1,1_4301305,1_4301305
1,4000280,1,,,1,99,1,3,1,1,1,1,1,1,,,,,,,,,,,0.00,0,,,,N,1,1_4000280,1_4000280
1,4000506,1,,,,,1,3,1,0,1,1,1,1,,,,,,,,,,,0.00,0,,,,N,1,1_4000506,1_4000506
1,4000494,1,,,1,99,5,3,1,0,1,1,1,1,,,,,,,,,,,0.00,0,,,,N,1,1_4000494,1_4000494
1,4000392,1,,,1,99,1,3,1,0,1,4,1,1,,,,,,,,,,,0.00,0,,,,N,1,1_4000392,1_4000392
1,4000604,1,,,1,99,1,3,0,0,1,1,1,1,,,,,,,,,,,0.00,1,,,,N,1,1_4000604,1_4000604
1,4301417,1,,,1,98,1,1,1,1,1,1,3,4,,,,,,,,,,,0.00,1,4100001,,,N,1,1_4301417,1_4301417
19,4301302,1,,,,,1,1,1,0,1,1,3,1,,,,,,,,,,,0.00,1,,,,N,19,19_4301302,19_4301302
19,4301446,1,,,0,98,1,1,1,1,1,1,3,4,,,,,,,,,,,0.00,1,4100001,,,N,19,19_4301446,19_4301446
19,4301154,1,,,1,1,1,1,1,0,1,1,3,1,3.00,,,,,,,,,,0.00,1,,,,N,19,19_4301154,19_4301154
1,4000512,1,,,1,99,1,3,1,0,1,1,1,1,,,,,,,,,,,0.00,1,,,,N,1,1_4000512,1_4000512
1,4000164,1,,,0,70,1,3,1,0,1,1,1,1,,,,,,,,,,,0.00,0,,,,N,1,1_4000164,1_4000164
1,4301308,1,,,0,99,1,1,1,0,1,1,3,4,,,,,,,,,,,0.00,1,,,,N,1,1_4301308,1_4301308
1,4000530,1,,,0,,1,3,1,0,1,1,1,1,,,,,,,,,,,0.00,1,,,,N,1,1_4000530,1_4000530
1,4301703,1,,7,0,,1,3,1,0,1,1,3,2,,,,,,,,,,,0.00,1,,,,,1,1_4301703,1_4301703
1,4000069,1,,,1,70,1,3,1,0,1,1,1,1,,,,,,,,,,,0.00,0,,,,N,1,1_4000069,1_4000069
19,4301363,1,,,,98,1,1,1,1,1,1,3,1,,,,,,,,,,,0.00,1,,,,N,19,19_4301363,19_4301363
1,4100264,1,,1,0,,1,3,1,0,1,1,1,1,,,,,,,,,,,21.00,1,,,,,1,1_4100264,1_4100264
19,4301318,1,,,0,,1,1,1,0,1,1,1,1,,,,,,,,,,,0.00,1,,,,N,19,19_4301318,19_4301318
1,4301365,1,,,1,98,1,1,1,1,1,1,3,4,,,,,,,,,,,0.00,1,4100001,,,N,1,1_4301365,1_4301365
1,4301273,1,,,,,1,1,1,0,1,1,3,4,,,,,,,,,,,0.00,1,4100001,,,N,1,1_4301273,1_4301273
1,4301304,1,,,0,,1,1,1,0,1,1,3,4,,,,,,,,,,,0.00,1,4100001,,,N,1,1_4301304,1_4301304
1,4000547,1,,,1,99,1,3,1,0,1,1,1,1,,,,,,,,,,,0.00,1,,,,N,1,1_4000547,1_4000547
1,4000509,1,,,0,,1,3,1,0,1,1,1,1,,,,,,,,,,,0.00,1,,,,N,1,1_4000509,1_4000509
1,4000515,1,,,0,99,1,1,1,0,1,1,1,1,,,,,,,,,,,0.00,1,,,,N,1,1_4000515,1_4000515
1,4000510,1,,,0,99,1,1,1,0,1,1,1,1,,,,,,,,,,,0.00,1,,,,N,1,1_4000510,1_4000510
1,4301678,1,,1,0,99,1,3,1,0,1,1,1,4,1.50,,,,,,,,,,0.00,1,4100001,,,,1,1_4301678,1_4301678
19,4300790,1,,,0,98,1,1,1,1,1,1,3,1,3.00,,,,,,,,,,0.00,1,,,,N,19,19_4300790,19_4300790
19,4301404,1,,,0,99,1,1,1,1,1,1,3,4,,,,,,,,,,,0.00,1,,,,N,19,19_4301404,19_4301404
1,4000629,1,,1,0,,1,3,1,0,1,1,1,1,,,,,,,,,,,0.00,1,,,,,1,1_4000629,1_4000629
1,4300040,1,,,1,1,1,1,1,0,1,1,3,4,,,,,,,,,,,0.00,1,,,,N,1,1_4300040,1_4300040
1,4301244,1,,7,0,99,1,1,1,0,1,1,3,2,,,,,,,,,,,0.00,1,,,,N,1,1_4301244,1_4301244
1,4301372,1,,,0,50,1,1,1,0,1,4,3,4,,,,,,,,,,,0.00,1,,,,N,1,1_4301372,1_4301372
19,4301253,1,,,,,1,1,1,0,1,1,3,1,,,,,,,,,,,0.00,1,,,,N,19,19_4301253,19_4301253
1,4300713,1,,,,32,1,3,1,0,1,1,3,4,,,,,,,3.00,,,,0.00,1,,,,N,1,1_4300713,1_4300713
19,4300059,1,,,,1,1,1,1,0,1,4,3,1,,,,,,,,,,,0.00,1,,,,N,19,19_4300059,19_4300059
1,4000556,1,,,0,,1,3,1,0,1,1,1,1,,,,,,,,,,,0.00,1,,,,N,1,1_4000556,1_4000556
1,4000513,1,,,0,,1,3,1,0,1,1,1,1,,,,,,,,,,,0.00,1,,,,N,1,1_4000513,1_4000513
1,4000514,1,,,1,98,1,1,1,0,1,4,1,1,,,,,,,,,,,0.00,1,,,,N,1,1_4000514,1_4000514
1,4000066,1,,,1,99,1,3,1,0,1,1,1,1,,,,,,,,,,,0.00,0,,,,N,1,1_4000066,1_4000066
1,4300596,1,,7,0,99,1,3,1,0,1,1,3,2,,,,,,,,,,,0.00,1,4100001,,,N,1,1_4300596,1_4300596
1,43010000,1,,,0,,1,1,1,1,0,1,3,4,,,,,,,,,,,0.00,1,,,,N,1,1_43010000,1_43010000
1,4000583,1,,,0,,1,3,1,0,1,1,1,1,,,,,,,,,,,0.00,1,,,,N,1,1_4000583,1_4000583
19,4300904,1,,,,1,1,3,1,0,1,1,3,2,,,,,,,,,,,0.00,1,4100001,,,N,19,19_4300904,19_4300904
1,4300763,1,,,0,35,1,1,1,0,1,1,3,4,3.00,,,,,,,,,,0.00,1,4100001,,,N,1,1_4300763,1_4300763
1,4301468,1,,,0,8,1,1,1,1,1,1,3,4,,,,,,,,,,,0.00,1,,,,N,1,1_4301468,1_4301468
1,4301376,1,,,0,8,1,1,0,0,1,2,3,4,,,,,,,,,,,0.00,1,4100001,,,N,1,1_4301376,1_4301376
1,4301315,1,,,0,,1,1,1,0,1,1,3,4,,,,,,,,,,,0.00,1,4100001,,,N,1,1_4301315,1_4301315
1,4000517,1,,,0,98,1,1,1,1,1,1,1,1,2.00,,,,,,,,,,0.00,1,,,,N,1,1_4000517,1_4000517
1,4000523,1,,,0,,1,3,1,0,1,1,1,1,,,,,,,,,,,0.00,1,,,,N,1,1_4000523,1_4000523
19,4301314,1,,,0,8,1,1,1,0,1,1,3,1,,,,,,,,,,,0.00,1,,,,N,19,19_4301314,19_4301314
1,4301185,1,,,0,99,1,1,1,0,1,1,3,4,,,,,,,,,,,0.00,0,,,,N,1,1_4301185,1_4301185
1,4000505,1,,,0,,1,1,1,1,1,1,1,1,,,,,,,,,,,0.00,0,,,,N,1,1_4000505,1_4000505
1,4301424,1,,,0,99,1,1,0,0,1,4,3,4,,,,,,,,,,,0.00,1,,,,N,1,1_4301424,1_4301424
1,4000614,1,,,1,99,1,3,0,0,1,1,1,1,,,,,,,,,,,1.00,1,,,,N,1,1_4000614,1_4000614
1,4000519,1,,,0,,1,3,1,0,1,1,1,1,,,,,,,,,,,0.00,1,,,,N,1,1_4000519,1_4000519
1,4000520,1,,,1,99,1,3,1,0,1,1,1,1,,,,,,,,,,,0.00,1,,,,N,1,1_4000520,1_4000520
1,4301241,1,,,0,99,1,1,1,0,1,1,3,4,1.50,,,,,,,,,,0.00,1,,,,N,1,1_4301241,1_4301241
19,4301391,1,,1,0,98,1,1,0,0,1,4,3,1,,,,,,,,,,,0.00,1,4100001,,,N,19,19_4301391,19_4301391
1,4301379,1,,,0,99,1,1,0,0,1,2,3,4,,,,,,,,,,,0.00,1,,,,N,1,1_4301379,1_4301379
1,4301242,1,,,,,1,1,1,0,1,1,3,4,,,,,,,,,,,0.00,1,4100001,,,N,1,1_4301242,1_4301242
1,4301381,1,,7,0,16,1,1,0,0,1,4,3,4,,,,,,,,,,,0.00,1,,,,N,1,1_4301381,1_4301381
1,4301470,1,,,0,8,1,1,1,0,1,1,3,4,,,,,,,,,,,0.00,1,4100001,,,N,1,1_4301470,1_4301470
1,4301392,1,,,0,63,5,5,1,1,0,1,3,4,,,,,,,,,,,0.00,1,,,,N,1,1_4301392,1_4301392
19,4301152,1,,,0,99,1,1,1,0,1,1,3,1,,,,,,,,,,,0.00,1,,,,N,19,19_4301152,19_4301152
1,4301083,1,,4,0,99,1,1,0,0,1,1,3,4,,,,,,,,,,,0.00,1,4100001,,,N,1,1_4301083,1_4301083
19,4301383,1,,,1,98,1,1,1,1,1,1,3,1,,,,,,,,,,,0.00,1,4100001,,,N,19,19_4301383,19_4301383
1,4000522,1,,,1,99,1,3,1,0,1,1,1,1,,,,,,,,,,,0.00,1,,,,N,1,1_4000522,1_4000522
1,4000532,1,,,0,,1,3,1,0,1,1,1,1,,,,,,,,,,,0.00,1,,,,N,1,1_4000532,1_4000532
1,4301313,1,,,0,16,1,1,1,0,1,1,3,4,,,,,,,,,,,0.00,1,,,,N,1,1_4301313,1_4301313
1,4000379,1,,,1,99,1,3,1,0,1,1,1,1,,,,,,,,,,,0.00,0,,,,N,1,1_4000379,1_4000379
1,4300717,1,,,0,1,1,1,1,0,1,1,3,4,3.00,,,,,,,,,,0.00,1,4100001,,,N,1,1_4300717,1_4300717
1,4300577,1,,13,,,1,1,1,0,1,1,3,4,,,,,,,,,,,0.00,1,,,,N,1,1_4300577,1_4300577
1,4301384,1,,,0,99,1,1,1,1,1,1,3,4,3.00,,,,,,,,,,0.00,1,4100001,,,N,1,1_4301384,1_4301384
19,4301280,1,,,,,1,1,1,0,1,1,3,1,,,,,,,,,,,0.00,1,4100001,,,N,19,19_4301280,19_4301280
1,4301404,1,,,0,99,1,1,1,1,1,1,3,4,,,,,,,,,,,0.00,1,,,,N,1,1_4301404,1_4301404
19,4300571,1,,,0,1,1,1,1,0,1,1,3,1,,,,,,,,,,,0.00,1,,,,N,19,19_4300571,19_4300571
1,4301385,1,,,0,99,1,1,0,0,1,2,3,4,,,,,,,,,,,0.00,1,4100001,,,N,1,1_4301385,1_4301385
1,4301290,1,,4,0,99,1,1,1,0,1,1,3,4,,,,,,,,,,,0.00,1,,,,N,1,1_4301290,1_4301290
19,4300107,1,,,1,1,1,1,1,0,1,1,3,1,,,,,,,,,,,0.00,1,4100001,,,N,19,19_4300107,19_4300107
1,4301129,1,,,1,1,1,1,1,0,1,1,3,4,,,,,,,,,,,0.00,1,4100001,,,N,1,1_4301129,1_4301129
19,4301384,1,,,0,99,1,1,1,1,1,1,3,1,3.00,,,,,,,,,,0.00,1,,,,N,19,19_4301384,19_4301384
19,4301247,1,,,,,1,1,1,0,1,1,3,1,,,,,,,,,,,0.00,1,4100001,,,N,19,19_4301247,19_4301247
19,4301373,1,,,0,8,1,1,0,0,1,2,3,1,,,,,,,,,,,0.00,1,,,,N,19,19_4301373,19_4301373
1,4301317,1,,,0,,1,3,1,0,1,1,1,4,,,,,,,,,,,0.00,1,,,,N,1,1_4301317,1_4301317
1,4000527,1,,,0,,1,3,1,0,1,1,1,1,,,,,,,,,,,0.00,1,,,,N,1,1_4000527,1_4000527
1,4301423,1,,,0,50,1,1,1,1,0,1,3,4,,,,,,,,,,,0.00,1,,,,N,1,1_4301423,1_4301423
19,4301169,1,,,,,1,1,1,0,1,1,3,1,,,,,,,,,,,0.00,1,4100001,,,N,19,19_4301169,19_4301169
1,4301382,1,,4,0,99,1,1,1,0,1,1,3,4,,,,,,,,,,,0.00,1,,,,N,1,1_4301382,1_4301382
1,4000764,1,,1,0,98,1,3,1,0,1,1,1,1,,,,,,,,,,,0.00,1,,,,N,1,1_4000764,1_4000764
1,4000420,1,,,1,99,1,3,1,0,1,1,1,1,,,,,,,,,,,0.00,0,,,,N,1,1_4000420,1_4000420
1,4301692,1,,7,0,99,1,3,1,0,1,1,3,2,,,,,,,,,,,0.00,1,,,,,1,1_4301692,1_4301692
1,4000529,1,,,0,,1,3,1,0,1,1,1,1,,,,,,,,,,,0.00,1,,,,N,1,1_4000529,1_4000529
1,4301475,1,,,0,8,1,1,0,0,0,1,3,4,,,,,,,,,,,0.00,1,,,,N,1,1_4301475,1_4301475
1,4301318,1,,,0,,1,1,1,0,1,1,1,4,,,,,,,,,,,0.00,1,,,,N,1,1_4301318,1_4301318
1,4301396,1,,,0,99,3,3,1,1,0,1,3,4,,,,,,,,,,,0.00,1,,,,N,1,1_4301396,1_4301396
1,4300100,1,,,0,99,1,1,1,0,1,2,3,4,,,,,,,,,,3.00,0.00,1,,,,N,1,1_4300100,1_4300100
1,4301422,1,,,0,8,1,1,1,1,0,1,3,4,,,,,,,,,,,0.00,1,,,,N,1,1_4301422,1_4301422
1,4000779,1,,1,1,98,1,3,1,0,1,1,1,1,,,,,,,,,,,0.00,1,,,,,1,1_4000779,1_4000779
1,4301394,1,,,0,99,1,1,1,0,1,1,3,4,,,,,,,,,,,0.00,1,,,,N,1,1_4301394,1_4301394
19,4301133,1,,,0,8,1,3,1,0,1,1,3,1,,,,,,,,,,,0.00,1,,,,N,19,19_4301133,19_4301133
1,4301115,1,,,0,,1,1,1,0,1,1,3,4,,,,,,,,,,,0.00,1,,,,N,1,1_4301115,1_4301115
19,4300991,1,,,0,1,1,1,1,0,1,1,3,1,,,,,,,,,,,0.00,1,4100001,,,N,19,19_4300991,19_4300991
19,4301386,1,,,0,98,1,1,1,0,1,1,3,1,,,,,,,,,,,0.00,1,4100001,,,N,19,19_4301386,19_4301386
1,4300704,1,,,,1,1,1,1,0,1,1,3,4,,,,,,,,,,,0.00,1,4100001,,,N,1,1_4300704,1_4300704
19,4301309,1,,,0,52,1,1,1,0,1,1,3,1,,,,,,,,,,,0.00,1,,,,N,19,19_4301309,19_4301309
1,4300675,1,,4,1,1,1,1,1,0,1,1,3,4,,,,,,,,,,,0.00,1,,,,N,1,1_4300675,1_4300675
19,4300111,1,,,0,7,1,1,1,0,1,1,3,1,3.00,,,,,,,,,,0.00,1,,,,N,19,19_4300111,19_4300111
19,4301127,1,,4,0,53,1,1,1,0,1,2,3,1,,,,,,,,,,,0.00,1,,,,N,19,19_4301127,19_4301127
19,4301397,1,,,1,98,1,1,1,1,1,1,3,1,,,,,,,,,,,0.00,1,4100001,,,N,19,19_4301397,19_4301397
1,4300052,1,,7,0,70,1,1,1,0,1,4,3,2,,,,,,,,,,0.00,0.00,1,4100001,,,N,1,1_4300052,1_4300052
1,4300307,1,,7,0,1,1,1,1,0,1,1,3,2,,,,,,,,,,0.00,0.00,1,4100001,,,N,1,1_4300307,1_4300307
19,4300207,1,,4,1,1,1,1,1,0,1,1,3,1,3.00,,,,,,,,,,0.00,1,,,,N,19,19_4300207,19_4300207
19,4300960,1,,,,,1,3,1,0,1,1,3,1,,,,,,,,,,,0.00,1,,,,N,19,19_4300960,19_4300960
1,4300567,1,,,,,1,1,1,0,1,1,3,4,,,,,,,,,,,0.00,1,,,,N,1,1_4300567,1_4300567
19,4301319,1,,,0,,1,1,1,0,1,1,1,1,,,,,,,,,,,0.00,1,,,,N,19,19_4301319,19_4301319
1,4301847,1,,7,0,99,1,3,1,0,1,1,3,2,,,,,,,,,,,0.00,1,4100001,,,N,1,1_4301847,1_4301847
1,4301514,1,,7,0,99,1,1,0,0,1,1,3,4,,,,,,,,,,,0.00,1,4100001,,,N,1,1_4301514,1_4301514
1,4300718,1,,8,0,1,1,1,1,0,1,1,3,2,,,,,,,,,,,0.00,1,4100001,,,N,1,1_4300718,1_4300718
19,4301181,1,,,,,1,1,1,0,1,1,3,1,3.00,,,,,,,,,,0.00,1,4100001,,,N,19,19_4301181,19_4301181
1,4301398,1,,8,0,99,1,1,1,1,1,1,3,4,,,,,,,,,,,0.00,1,4100001,,,N,1,1_4301398,1_4301398
1,4000533,1,,,0,,1,3,1,0,1,1,1,1,,,,,,,,,,,0.00,1,,,,N,1,1_4000533,1_4000533
1,4000534,1,,,0,98,1,1,1,0,1,4,1,1,,,,,,,,,,,0.00,1,,,,N,1,1_4000534,1_4000534
1,4301478,1,,4,0,99,1,1,0,0,1,1,3,4,,,,,,,,,,,0.00,1,,,,N,1,1_4301478,1_4301478
1,4301321,1,,,0,,1,1,1,1,1,1,3,4,,,,,,,,,,,0.00,1,4100001,,,N,1,1_4301321,1_4301321
1,4301623,1,,1,0,1,1,3,1,0,1,1,3,4,,,,,,,,,,,0.00,1,4100001,,,,1,1_4301623,1_4301623
1,4301466,1,,,0,99,1,1,1,0,1,1,3,4,,,,,,,,,,,0.00,1,,,,N,1,1_4301466,1_4301466
1,4000768,1,,1,0,,1,3,1,0,1,1,1,1,,,,,,,,,,,0.00,1,,,,,1,1_4000768,1_4000768
19,4300969,1,,,1,1,1,1,1,0,1,1,3,1,3.00,,,,,,,,,,0.00,1,,,,N,19,19_4300969,19_4300969
19,4301406,1,,,0,99,1,1,1,1,1,1,3,1,,,,,,,,,,,0.00,1,,,,N,19,19_4301406,19_4301406
19,4301310,1,,,0,8,1,1,1,0,1,1,3,1,,,,,,,,,,,0.00,1,,,,N,19,19_4301310,19_4301310
19,4301567,1,,1,0,1,1,3,1,0,1,1,3,4,,,,,,,,,,,0.00,1,,,,,19,19_4301567,19_4301567
1,4301103,1,,,0,8,1,3,1,0,1,1,3,4,,,,,,,,,,,0.00,1,,,,N,1,1_4301103,1_4301103
1,4000537,1,,,0,,1,1,1,0,1,1,1,1,,,,,,,,,,,0.00,1,,,,N,1,1_4000537,1_4000537
19,4301435,1,,,0,99,1,1,1,1,0,1,3,4,,,,,,,,,,,0.00,1,,,,N,19,19_4301435,19_4301435
19,4300040,1,,,1,1,1,1,1,0,1,1,3,1,,,,,,,,,,,0.00,1,,,,N,19,19_4300040,19_4300040
19,4301209,1,,,0,99,1,1,1,0,1,1,3,1,,,,,,,,,,,0.00,1,4100001,,,N,19,19_4301209,19_4301209
19,4301403,1,,,0,16,1,1,1,0,1,1,3,1,,,,,,,,,,,0.00,1,,,,N,19,19_4301403,19_4301403
19,4300839,1,,,1,1,1,1,1,0,1,1,3,1,3.00,,,,,,,,,,0.00,1,4100001,,,N,19,19_4300839,19_4300839
1,4301449,1,,,0,99,1,1,1,1,0,1,3,4,,,,,,,,,,,0.00,1,,,,N,1,1_4301449,1_4301449
1,4301476,1,,7,0,8,1,1,1,0,1,1,3,4,,,,,,,,,,,0.00,1,,,,N,1,1_4301476,1_4301476
1,4301401,1,,1,0,8,1,1,1,1,1,1,3,4,,,,,,,,,,,0.00,1,4100001,,,N,1,1_4301401,1_4301401
1,4300051,1,,,1,1,1,1,1,0,1,1,3,4,,,,,,,,,,,0.00,1,4100001,,,N,1,1_4300051,1_4300051
1,4301319,1,,,0,,1,1,1,0,1,1,3,4,,,,,,,,,,,0.00,1,,,,N,1,1_4301319,1_4301319
1,4301277,1,,,0,8,5,3,1,0,1,1,3,4,,,,,,,,,,,0.00,1,,,,N,1,1_4301277,1_4301277
19,4301282,1,,,0,16,1,1,1,0,1,1,3,1,3.00,,,,,,,,,,0.00,1,4100001,,,N,19,19_4301282,19_4301282
1,4301409,1,,,0,98,1,1,1,1,1,1,3,4,,,,,,,,,,,0.00,1,4100001,,,N,1,1_4301409,1_4301409
19,4301412,1,,,0,99,1,1,1,1,0,1,3,1,,,,,,,,,,,0.00,1,,,,N,19,19_4301412,19_4301412
1,4301681,1,,7,0,1,1,3,1,0,1,1,3,4,,,,,,,,,,,0.00,1,,,,,1,1_4301681,1_4301681
19,4301409,1,,,0,98,1,1,1,1,1,1,3,1,,,,,,,,,,,0.00,1,4100001,,,N,19,19_4301409,19_4301409
1,4301412,1,,,0,99,1,1,1,1,0,1,3,4,,,,,,,,,,,0.00,1,,,,N,1,1_4301412,1_4301412
19,4301410,1,,,0,16,1,1,1,1,0,1,3,1,,,,,,,,,,,0.00,1,,,,N,19,19_4301410,19_4301410
19,4301455,1,,,0,99,1,1,1,1,0,1,3,4,,,,,,,,,,,0.00,1,,,,N,19,19_4301455,19_4301455
19,4301205,1,,,,,1,1,1,0,1,1,3,1,,,,,,,,,,,0.00,1,4100001,,,N,19,19_4301205,19_4301205
1,4000539,1,,,0,,1,3,1,1,1,1,1,1,,,,,,,,,,,0.00,1,,,,N,1,1_4000539,1_4000539
1,4300928,1,,,0,,1,1,1,0,1,1,3,4,,,,,,,,,,,0.00,1,4100001,,,N,1,1_4300928,1_4300928
1,4000170,1,,,0,,1,3,1,0,1,1,1,1,0.00,,,,,,,,,,0.00,0,,,,N,1,1_4000170,1_4000170
1,4000540,1,,,0,,1,3,1,0,1,1,1,1,,,,,,,,,,,0.00,1,,,,N,1,1_4000540,1_4000540
1,4000508,1,,,0,99,1,3,1,0,1,1,1,1,0.00,,,,,,,,,,0.00,0,,,,N,1,1_4000508,1_4000508
1,4301415,1,,,0,99,1,1,1,1,0,1,3,4,,,,,,,,,,,0.00,1,4100001,,,N,1,1_4301415,1_4301415
1,4300715,1,,,,33,1,3,1,0,1,1,3,4,,,,,,,,,,,0.00,1,4100001,,,N,1,1_4300715,1_4300715
19,4301284,1,,,,,1,1,1,0,1,1,3,2,,,,,,,,,,,0.00,1,4100001,,,N,19,19_4301284,19_4301284
1,4000541,1,,,0,,1,3,1,0,1,1,1,1,,,,,,,,,,,0.00,1,,,,N,1,1_4000541,1_4000541
1,4310058,1,,,,,1,1,0,0,,,,,,,,,,,,,,,0.00,1,,,,,1,1_4310058,1_4310058
1,4000543,1,,,0,,1,3,1,0,1,1,1,1,,,,,,,,,,,0.00,1,,,,N,1,1_4000543,1_4000543
1,4000542,1,,,0,,1,3,1,0,1,1,1,1,,,,,,,,,,,0.00,1,,,,N,1,1_4000542,1_4000542
1,4301418,1,,,0,99,1,1,0,0,1,4,3,4,,,,,,,,,,,0.00,1,4100001,,,N,1,1_4301418,1_4301418
1,4000544,1,,,0,,1,3,1,0,1,1,1,1,,,,,,,,,,,0.00,1,,,,N,1,1_4000544,1_4000544
1,4301454,1,,4,0,99,1,3,0,0,1,1,3,4,,,,,,,,,,,0.00,1,,,,N,1,1_4301454,1_4301454
1,4301528,1,,,0,99,1,1,0,0,1,1,3,4,,,,,,,,,,,0.00,0,4100001,,,N,1,1_4301528,1_4301528
1,4000181,1,,,0,,1,3,1,0,1,1,1,1,,,,,,,,,,,0.00,1,,,,N,1,1_4000181,1_4000181
1,4000414,1,,,0,,1,3,1,0,1,1,1,1,,,,,,,,,,,0.00,1,,,,N,1,1_4000414,1_4000414
1,4309999,1,,,0,,3,3,1,0,1,4,1,4,,,,,,,,,,,0.00,1,,,,N,1,1_4309999,1_4309999
19,4301158,1,,,0,,1,1,1,0,1,1,3,4,,,,,,,,,,,0.00,1,,,,N,19,19_4301158,19_4301158
1,4301491,1,,7,0,99,1,1,1,0,1,1,3,2,,,,,,,,,,,0.00,1,4100001,,,N,1,1_4301491,1_4301491
19,4301368,1,,,0,99,1,1,1,1,1,1,3,2,3.00,,,,,,,,,,0.00,1,4100001,,,N,19,19_4301368,19_4301368
1,4000553,1,,,0,98,1,3,1,1,0,1,1,1,,,,,,,,,,,0.00,1,,,,N,1,1_4000553,1_4000553
1,4301017,1,,7,,1,1,3,1,0,1,1,3,2,,,,,,,,,,,0.00,1,4100001,,,N,1,1_4301017,1_4301017
1,4300230,1,,7,0,99,1,3,1,0,1,1,3,2,1.20,,,,,,,,,,0.00,1,4100001,,,N,1,1_4300230,1_4300230
1,4000548,1,,,0,,1,3,1,0,1,1,1,1,,,,,,,,,,,0.00,1,,,,N,1,1_4000548,1_4000548
1,4301442,1,,,0,8,1,1,0,0,1,1,3,4,0.00,,,,,,,,,,0.00,1,4100001,,,N,1,1_4301442,1_4301442
1,4301420,1,,1,0,8,1,1,1,1,0,1,3,4,,,,,,,,,,,0.00,1,,,,N,1,1_4301420,1_4301420
19,4301421,1,,,0,99,1,1,1,1,0,1,3,2,,,,,,,,,,,0.00,1,,,,N,19,19_4301421,19_4301421
1,4301451,1,,4,0,99,1,1,1,0,1,1,3,4,,,,,,,,,,,0.00,0,,,,N,1,1_4301451,1_4301451
1,4000357,1,,,0,70,1,3,1,0,1,1,1,1,,,,,,,,,,,0.00,0,,,,N,1,1_4000357,1_4000357
1,4301783,1,,7,0,99,1,3,1,0,1,1,3,4,,,,,,,,,,,0.00,1,,,,N,1,1_4301783,1_4301783
1,4300777,1,,,,,1,1,1,1,0,4,3,4,,,,,,,,,,,0.00,1,4100001,,,N,1,1_4300777,1_4300777
1,4000571,1,,,0,,1,3,0,0,1,3,1,1,,,,,,,,,,,0.00,1,,,,N,1,1_4000571,1_4000571
1,4300263,1,,,1,1,1,1,1,1,0,1,3,4,,,,,,,,,,,0.00,1,4100001,,,N,1,1_4300263,1_4300263
1,4301133,1,,11,0,8,1,3,1,0,1,1,3,4,,,,,,,,,,,0.00,0,4100001,,,N,1,1_4301133,1_4301133
1,4300049,1,,,1,1,1,1,1,0,1,1,3,4,,,,,,,,,,,0.00,1,4100001,,,N,1,1_4300049,1_4300049
19,4301426,1,,,0,99,1,1,1,1,0,1,3,2,,,,,,,,,,,0.00,1,,,,N,19,19_4301426,19_4301426
1,4000626,1,,1,0,98,1,3,1,0,1,1,1,1,,,,,,,,,,,0.00,1,,,,,1,1_4000626,1_4000626
19,4301450,1,,,1,1,1,1,0,0,1,1,3,4,,,,,,,,,,,0.00,1,,,,N,19,19_4301450,19_4301450
1,4301752,1,,4,0,99,1,3,0,0,1,1,3,4,,,,,,,,,,,0.00,1,4100001,,,N,1,1_4301752,1_4301752
1,4000561,1,,,0,,1,1,1,0,1,1,1,1,,,,,,,,,,,0.00,1,,,,N,1,1_4000561,1_4000561
1,4301792,1,,7,1,70,1,3,1,0,1,1,3,4,,,,,,,,,,,0.00,1,,,,N,1,1_4301792,1_4301792
1,4301780,1,,7,0,8,5,3,1,0,1,1,3,4,,,,,,,,,,,0.00,1,,,,N,1,1_4301780,1_4301780
1,4301143,1,,,,,1,1,1,0,1,1,3,4,,,,,,,,,,,0.00,1,,,,N,1,1_4301143,1_4301143
1,4301426,1,,,0,,1,3,1,1,1,1,3,4,,,,,,,,,,,0.00,1,4100001,,,N,1,1_4301426,1_4301426
1,4000591,1,,,0,,1,3,1,0,1,1,1,1,,,,,,,,,,,0.00,1,,,,N,1,1_4000591,1_4000591
19,4301424,1,,,0,99,1,1,0,0,1,4,3,4,,,,,,,,,,,0.00,1,,,,N,19,19_4301424,19_4301424
1,4000579,1,,,0,,1,1,1,0,1,1,1,1,,,,,,,,,,,0.00,1,,,,N,1,1_4000579,1_4000579
1,4000470,1,,,1,99,1,3,1,0,1,1,1,1,,,,,,,,,,,0.00,0,,,,N,1,1_4000470,1_4000470
1,4301845,1,,7,0,99,1,3,1,0,1,1,3,4,,,,,,,,,,,0.00,1,,,,N,1,1_4301845,1_4301845
1,4301473,1,,6,0,77,1,1,1,0,1,1,3,2,,,,,,,,,,,0.00,0,4100001,,,N,1,1_4301473,1_4301473
1,4301582,1,,1,0,8,1,3,0,0,1,1,3,2,,,,,,,,,,,0.00,0,4100001,,,N,1,1_4301582,1_4301582
1,4301631,1,,1,0,98,1,3,1,0,1,1,3,4,,,,,,,,,,,0.00,1,4100001,,,N,1,1_4301631,1_4301631
1,4300711,1,,7,0,99,1,1,1,0,1,1,3,2,,,,,,,,,,,0.00,1,4100001,,,N,1,1_4300711,1_4300711
1,4300260,1,,,1,1,1,1,1,0,1,1,3,4,3.00,,,,,,,,,,0.00,1,4100001,,,N,1,1_4300260,1_4300260
19,4301463,1,,,0,16,1,1,1,1,0,1,3,4,,,,,,,,,,,0.00,1,,,,N,19,19_4301463,19_4301463
1,4301689,1,,8,0,50,1,3,1,0,1,1,3,4,1.50,,,,,,,,,,0.00,1,4100001,,,,1,1_4301689,1_4301689
1,4000273,1,,,1,99,1,1,1,0,1,1,1,1,0.00,,,,,,,,,,0.00,0,,,,N,1,1_4000273,1_4000273
1,4301463,1,,,0,18,1,1,1,1,0,1,3,4,,,,,,,,,,,0.00,1,,,,N,1,1_4301463,1_4301463
1,4000524,1,,,0,,1,3,1,0,1,1,1,1,,,,,,,,,,,0.00,1,,,,N,1,1_4000524,1_4000524
19,4300357,1,,,0,99,1,1,1,0,0,1,3,4,3.00,,,,,,,,,,0.00,1,,,,N,19,19_4300357,19_4300357
19,4300853,1,,,0,99,1,1,1,0,1,1,3,4,,,,,,,,,,,0.00,1,4100001,,,N,19,19_4300853,19_4300853
1,4000573,1,,,1,99,5,5,1,1,1,1,1,1,,,,,,,,,,,0.00,1,,,,N,1,1_4000573,1_4000573
1,4000228,1,,,0,70,1,3,1,0,1,1,1,1,,,,,,,,,,,0.00,0,,,,N,1,1_4000228,1_4000228
1,4301750,1,,4,0,50,1,3,0,0,1,1,3,4,,,,,,,,,,,0.00,1,,,,N,1,1_4301750,1_4301750
1,4300293,1,,,1,1,1,1,1,0,1,1,3,4,,,,,,,,,,3.00,0.00,1,4100001,,,N,1,1_4300293,1_4300293
1,4000575,1,,,0,,1,3,1,0,1,1,1,1,,,,,,,,,,,0.00,1,,,,N,1,1_4000575,1_4000575
1,4000999,1,,,0,1,1,3,1,0,1,1,1,1,,,,,,,,,,,0.00,0,,,,N,1,1_4000999,1_4000999
1,4301469,1,,,0,8,1,1,0,0,1,1,3,4,,,,,,,,,,,0.00,1,,,,N,1,1_4301469,1_4301469
1,4000574,1,,,0,,1,3,1,0,1,1,1,1,,,,,,,,,,,0.00,1,,,,N,1,1_4000574,1_4000574
1,4000577,1,,,0,,1,3,1,0,1,1,1,1,,,,,,,,,,,0.00,1,,,,N,1,1_4000577,1_4000577
1,4301691,1,,7,0,8,1,3,1,0,1,1,3,4,,,,,,,,,,,0.00,1,4100001,,,,1,1_4301691,1_4301691
1,4000497,1,,,1,98,1,3,1,1,1,1,1,1,,,,,,,,,,,0.00,0,,,,N,1,1_4000497,1_4000497
1,4000549,1,,,0,,1,3,1,0,1,1,1,1,,,,,,,,,,,0.00,1,,,,N,1,1_4000549,1_4000549
19,4301471,1,,,0,99,1,1,1,1,0,1,3,4,,,,,,,,,,,0.00,1,,,,N,19,19_4301471,19_4301471
1,4301471,1,,,0,99,1,1,1,1,1,1,3,4,,,,,,,,,,,0.00,1,,,,N,1,1_4301471,1_4301471
1,4301413,1,,,0,8,1,1,1,1,1,1,3,4,,,,,,,,,,,0.00,1,,,,N,1,1_4301413,1_4301413
1,4000578,1,,,0,,1,3,0,0,1,,1,1,,,,,,,,,,,0.00,1,,,,N,1,1_4000578,1_4000578
19,4301307,1,,,0,99,1,1,1,0,1,1,3,4,,,,,,,,,,,0.00,1,,,,N,19,19_4301307,19_4301307
1,4000580,1,,,0,99,1,3,1,0,1,1,1,1,,,,,,,,,,,0.00,1,,,,N,1,1_4000580,1_4000580
1,4000581,1,,,0,,1,3,1,0,1,1,1,1,,,,,,,,,,,0.00,1,,,,N,1,1_4000581,1_4000581
1,4300090,1,,,0,6,1,1,1,0,1,1,3,4,,,,,,,,,,,0.00,1,4100001,,,N,1,1_4300090,1_4300090
1,4310002,1,,,0,,1,1,0,0,0,,,,,,,,,,,,,,0.00,1,,,,N,1,1_4310002,1_4310002
1,4310003,1,,,,,1,1,0,0,,,,,,,,,,,,,,,0.00,1,,,,,1,1_4310003,1_4310003
1,4310004,1,,,,,1,1,0,0,,,,,,,,,,,,,,,0.00,1,,,,,1,1_4310004,1_4310004
1,4310005,1,,,,,1,1,0,0,,,,,,,,,,,,,,,0.00,1,,,,,1,1_4310005,1_4310005
1,4310006,1,,,,,1,1,0,0,,,,,,,,,,,,,,,0.00,1,,,,,1,1_4310006,1_4310006
1,4310007,1,,,,,1,1,0,0,,,,,,,,,,,,,,,0.00,1,,,,,1,1_4310007,1_4310007
1,4310008,1,,,,,1,1,0,0,,,,,,,,,,,,,,,0.00,1,,,,,1,1_4310008,1_4310008
1,4310010,1,,,,,1,1,0,0,,,,,,,,,,,,,,,0.00,1,,,,,1,1_4310010,1_4310010
1,4310011,1,,,,,1,1,0,0,,,,,,,,,,,,,,,0.00,1,,,,,1,1_4310011,1_4310011
1,4310012,1,,,,,1,1,0,0,,,,,,,,,,,,,,,0.00,1,,,,,1,1_4310012,1_4310012
1,4310013,1,,,,,1,1,0,0,,,,,,,,,,,,,,,0.00,1,,,,,1,1_4310013,1_4310013
1,4310014,1,,,,,1,1,0,0,,,,,,,,,,,,,,,0.00,1,,,,,1,1_4310014,1_4310014
1,4000693,1,,1,1,98,1,3,1,0,1,1,1,1,,,,,,,,,,,0.00,1,,,,,1,1_4000693,1_4000693
1,4300964,1,,4,1,1,1,1,1,0,1,1,3,4,,,,,,,0.00,,,0.00,0.00,1,,,,N,1,1_4300964,1_4300964
1,4000627,1,,1,1,98,1,3,1,0,1,1,1,1,,,,,,,,,,,0.00,1,,,,,1,1_4000627,1_4000627
1,4301465,1,,,0,60,1,1,1,0,1,1,3,4,,,,,,,,,,,0.00,1,4100001,,,N,1,1_4301465,1_4301465
1,4301363,1,,,0,98,1,1,1,0,1,1,3,4,,,,,,,,,,,0.00,1,4100001,,,N,1,1_4301363,1_4301363
1,4000595,1,,,0,,1,3,1,0,1,1,1,1,,,,,,,,,,,0.00,1,,,,N,1,1_4000595,1_4000595
1,4301479,1,,,0,99,1,1,0,0,1,1,3,4,,,,,,,,,,,0.00,1,,,,N,1,1_4301479,1_4301479
1,4300856,1,,,0,1,1,1,1,0,1,1,3,4,0.00,,,,,,,,,,0.00,1,,,,N,1,1_4300856,1_4300856
1,4301480,1,,,0,99,1,1,0,0,1,1,3,4,,,,,,,,,,,0.00,1,4100001,,,N,1,1_4301480,1_4301480
1,4301481,1,,,0,8,1,1,0,0,1,1,3,4,,,,,,,,,,,0.00,1,,,,N,1,1_4301481,1_4301481
1,4301572,1,,1,0,99,1,3,0,0,1,1,3,4,,,,,,,,,,,0.00,1,,,,,1,1_4301572,1_4301572
1,4300970,1,,7,0,1,1,1,1,0,1,1,3,4,,,,,,,,,,,0.00,1,4100001,,,N,1,1_4300970,1_4300970
1,4000725,1,,1,0,70,3,3,1,1,1,1,1,1,,,,,,,,,,,0.00,1,,,,N,1,1_4000725,1_4000725
1,4000552,1,,,1,99,5,5,1,1,1,1,1,1,,,,,,,,,,,0.00,1,,,,N,1,1_4000552,1_4000552
1,4301375,1,,,0,99,1,1,1,0,1,1,3,4,,,,,,,,,,,0.00,1,4100001,,,N,1,1_4301375,1_4301375
1,4301128,1,,,0,1,1,1,1,0,1,1,3,4,,,,,,,,,,,0.00,1,4100001,,,N,1,1_4301128,1_4301128
1,4000004,1,,,0,,1,3,1,0,1,1,1,1,,,,,,,,,,,0.00,1,,,,N,1,1_4000004,1_4000004
1,4301026,1,,,0,8,1,1,1,0,1,1,3,4,,,,,,,,,,,0.00,1,,,,N,1,1_4301026,1_4301026
19,4301176,1,,,,,1,1,1,0,1,1,3,4,,,,,,,,,,,0.00,1,,,,N,19,19_4301176,19_4301176
1,4301530,1,,,0,70,1,1,0,0,1,1,3,4,,,,,,,,,,,0.00,0,4100001,,,N,1,1_4301530,1_4301530
1,4300001,1,,,,1,1,3,1,0,1,1,3,4,,,,,,,,,,,0.00,1,,,,N,1,1_4300001,1_4300001
1,4300811,1,,,0,1,1,1,1,0,1,1,3,4,,,,,,,,,,,0.00,1,4100001,,,N,1,1_4300811,1_4300811
1,4301228,1,,7,0,99,3,3,1,0,1,1,3,4,,,,,,,,,,,0.00,1,,,,N,1,1_4301228,1_4301228
1,4000586,1,,,0,,1,3,1,0,1,1,1,1,,,,,,,,,,,0.00,1,,,,N,1,1_4000586,1_4000586
1,4000587,1,,,1,99,1,3,1,0,1,4,1,1,,,,,,,,,,,0.00,1,,,,N,1,1_4000587,1_4000587
1,4300878,1,,4,1,99,1,1,1,0,1,1,3,4,,,,,,,,,,,0.00,1,,,,N,1,1_4300878,1_4300878
1,4000723,1,,1,1,99,1,3,1,0,1,1,1,1,,,,,,,,,,,0.00,1,,,,,1,1_4000723,1_4000723
1,4301488,1,,,0,74,1,1,0,0,1,1,3,4,,,,,,,,,,,0.00,1,,,,N,1,1_4301488,1_4301488
1,4000684,1,,1,1,98,1,3,1,0,1,1,1,1,,,,,,,,,,,0.00,1,,,,,1,1_4000684,1_4000684
1,4000589,1,,,0,,1,3,1,1,1,1,1,1,,,,,,,,,,,0.00,1,,,,N,1,1_4000589,1_4000589
1,4301138,1,,7,0,8,1,3,1,0,1,1,3,4,,,,,,,,,,,0.00,1,,,,N,1,1_4301138,1_4301138
1,4301880,1,,4,0,99,1,3,1,0,0,1,3,1,,,,,,,,,,,0.00,1,,,,N,1,1_4301880,1_4301880
1,4300091,1,,,0,1,1,1,0,0,1,1,3,4,,,,,,,,,,,0.00,1,4100001,,,N,1,1_4300091,1_4300091
1,4300552,1,,4,1,1,1,1,1,0,1,1,3,4,,,,,,,,,,,0.00,1,,,,N,1,1_4300552,1_4300552
1,4000128,1,,,1,70,1,3,0,0,1,1,1,1,,,,,,,,,,,0.00,0,,,,N,1,1_4000128,1_4000128
1,4000214,1,,,0,99,1,3,1,0,1,1,1,1,,,,,,,,,,0.00,0.00,0,,,,N,1,1_4000214,1_4000214
1,4310017,1,,,,,1,1,0,0,,,,,,,,,,,,,,,0.00,1,,,,,1,1_4310017,1_4310017
1,4310018,1,,,,,1,1,0,0,,,,,,,,,,,,,,,0.00,1,,,,,1,1_4310018,1_4310018
1,4310019,1,,,,,1,1,0,0,,,,,,,,,,,,,,,0.00,1,,,,,1,1_4310019,1_4310019
1,4301482,1,,7,0,99,1,1,1,0,1,1,3,4,,,,,,,,,,,0.00,1,,,,N,1,1_4301482,1_4301482
1,4310021,1,,,,,1,1,0,0,,,,,,,,,,,,,,,0.00,1,,,,,1,1_4310021,1_4310021
1,4301543,1,,,0,8,5,5,0,0,1,1,3,4,,,,,,,,,,,0.00,0,4100001,,,N,1,1_4301543,1_4301543
1,4310023,1,,,,,1,1,0,0,,,,,,,,,,,,,,,0.00,1,,,,,1,1_4310023,1_4310023
1,4310024,1,,,,,1,1,0,0,,,,,,,,,,,,,,,0.00,1,,,,,1,1_4310024,1_4310024
1,4310025,1,,,,,1,1,0,0,,,,,,,,,,,,,,,0.00,1,,,,,1,1_4310025,1_4310025
1,4310026,1,,,,,1,1,0,0,,,,,,,,,,,,,,,0.00,1,,,,,1,1_4310026,1_4310026
1,4310028,1,,,,,1,1,0,0,,,,,,,,,,,,,,,0.00,1,,,,,1,1_4310028,1_4310028
1,4310029,1,,,,,1,1,0,0,,,,,,,,,,,,,,,0.00,1,,,,,1,1_4310029,1_4310029
1,4310030,1,,,,,1,1,0,0,,,,,,,,,,,,,,,0.00,1,,,,,1,1_4310030,1_4310030
1,4310031,1,,,,,1,1,0,0,,,,,,,,,,,,,,,0.00,1,,,,,1,1_4310031,1_4310031
1,4310032,1,,,,,1,1,0,0,,,,,,,,,,,,,,,0.00,1,,,,,1,1_4310032,1_4310032
1,4310033,1,,,,,1,1,0,0,,,,,,,,,,,,,,,0.00,1,,,,,1,1_4310033,1_4310033
1,4310034,1,,,,,1,1,0,0,,,,,,,,,,,,,,,0.00,1,,,,,1,1_4310034,1_4310034
1,4310035,1,,,,,1,1,0,0,,,,,,,,,,,,,,,0.00,1,,,,,1,1_4310035,1_4310035
1,4310036,1,,,,,1,1,0,0,,,,,,,,,,,,,,,0.00,1,,,,,1,1_4310036,1_4310036
1,4310037,1,,,,,1,1,0,0,,,,,,,,,,,,,,,0.00,1,,,,,1,1_4310037,1_4310037
1,4310038,1,,,,,1,1,0,0,,,,,,,,,,,,,,,0.00,1,,,,,1,1_4310038,1_4310038
1,4310039,1,,,,,1,1,0,0,,,,,,,,,,,,,,,0.00,1,,,,,1,1_4310039,1_4310039
1,4000594,1,,,0,,1,3,1,0,1,1,1,1,,,,,,,,,,,0.00,1,,,,N,1,1_4000594,1_4000594
1,4310040,1,,,,,1,1,0,0,,,,,,,,,,,,,,,0.00,1,,,,,1,1_4310040,1_4310040
1,4301268,1,,7,1,1,1,1,1,0,1,3,3,4,,,,,,,,,,,0.00,1,4100001,,,N,1,1_4301268,1_4301268
1,4301007,1,,6,0,70,1,3,1,0,1,3,3,2,,,,,,,,,,,0.00,1,,,,N,1,1_4301007,1_4301007
1,4310042,1,,,,,1,1,0,0,,,,,,,,,,,,,,,0.00,1,,,,,1,1_4310042,1_4310042
1,4310043,1,,,,,1,1,0,0,,,,,,,,,,,,,,,0.00,1,,,,,1,1_4310043,1_4310043
1,4310044,1,,,,,1,1,0,0,,,,,,,,,,,,,,,0.00,1,,,,,1,1_4310044,1_4310044
1,4310045,1,,,,,1,1,0,0,,,,,,,,,,,,,,,0.00,1,,,,,1,1_4310045,1_4310045
1,4310046,1,,,,,1,1,0,0,,,,,,,,,,,,,,,0.00,1,,,,,1,1_4310046,1_4310046
1,4310047,1,,,,,1,1,0,0,,,,,,,,,,,,,,,0.00,1,,,,,1,1_4310047,1_4310047
1,4310048,1,,,,,1,1,0,0,,,,,,,,,,,,,,,0.00,1,,,,,1,1_4310048,1_4310048
1,4300941,1,,,1,1,1,1,1,0,1,1,3,4,,,,,,,,,,3.00,0.00,1,4100001,,,N,1,1_4300941,1_4300941
1,4301358,1,,7,,,1,1,1,0,1,1,3,4,,,,,,,,,,,0.00,1,4100001,,,N,1,1_4301358,1_4301358
1,4301499,1,,,1,1,1,1,0,0,1,1,3,4,,,,,,,,,,,0.00,1,4100001,,,N,1,1_4301499,1_4301499
1,4301498,1,,,0,8,1,1,0,0,1,1,3,4,,,,,,,,,,,0.00,1,4100001,,,N,1,1_4301498,1_4301498
1,4000422,1,,,1,98,1,3,1,0,1,1,1,1,,,,,,,,,,,0.00,0,,,,N,1,1_4000422,1_4000422
1,4301501,1,,,0,37,1,1,0,0,1,1,3,4,,,,,,,,,,,0.00,1,,,,N,1,1_4301501,1_4301501
1,4000599,1,,,0,1,1,3,1,0,1,1,1,1,6.00,,,,,,,,,,0.00,1,,,,N,1,1_4000599,1_4000599
1,4301220,1,,,0,15,1,1,1,0,1,1,3,4,,,,,,,,,,,0.00,1,,,,N,1,1_4301220,1_4301220
1,4301364,1,,6,0,63,5,3,1,1,1,1,3,4,,,,,,,,,,,0.00,1,,,,N,1,1_4301364,1_4301364
1,4301504,1,,,0,1,1,1,0,0,1,1,3,4,,,,,,,,,,,0.00,1,,,,N,1,1_4301504,1_4301504
1,4301243,1,,,0,8,1,1,1,0,1,1,3,4,,,,,,,,,,,0.00,1,,,,N,1,1_4301243,1_4301243
19,4300271,1,,,0,1,1,1,1,0,1,1,3,4,,,,,,,,,,,0.00,1,4100001,,,N,19,19_4300271,19_4300271
19,4301000,1,,,0,1,1,1,1,0,1,1,3,2,,,,,,,,,,,0.00,1,,,,N,19,19_4301000,19_4301000
19,4301504,1,,,0,1,1,1,0,0,1,1,3,4,,,,,,,,,,,0.00,1,,,,N,19,19_4301504,19_4301504
19,4301211,1,,,,,1,1,1,0,1,1,3,4,,,,,,,,,,,0.00,1,4100001,,,N,19,19_4301211,19_4301211
1,4000448,1,,,0,70,1,3,1,0,1,1,1,1,,,,,,,,,,,0.00,0,,,,N,1,1_4000448,1_4000448
1,4000007,1,,,0,,1,3,1,0,1,1,1,1,,,,,,,,,,,0.00,1,,,,N,1,1_4000007,1_4000007
1,4310049,1,,,,,1,1,0,0,,,,,,,,,,,,,,,0.00,1,,,,,1,1_4310049,1_4310049
1,4301512,1,,7,0,1,1,1,0,0,1,1,3,4,,,,,,,,,,,0.00,1,4100001,,,N,1,1_4301512,1_4301512
1,4310051,1,,,,,1,1,0,0,,,,,,,,,,,,,,,0.00,1,,,,,1,1_4310051,1_4310051
1,4301538,1,,,0,1,1,1,0,0,1,1,3,4,,,,,,,,,,,0.00,0,4100001,,,N,1,1_4301538,1_4301538
1,4310053,1,,,,,1,1,0,0,,,,,,,,,,,,,,,0.00,1,,,,,1,1_4310053,1_4310053
1,4300309,1,,,,,1,1,0,0,1,1,3,1,,,,,,,,,,,0.00,1,,,,,1,1_4300309,1_4300309
1,4310054,1,,,,,1,1,0,0,,,,,,,,,,,,,,,0.00,1,,,,,1,1_4310054,1_4310054
1,4310055,1,,,,,1,1,0,0,,,,,,,,,,,,,,,0.00,1,,,,,1,1_4310055,1_4310055
1,4301633,1,,1,1,70,1,3,1,0,1,1,3,4,,,,,,,,,,,0.00,1,,,,,1,1_4301633,1_4301633
1,4310057,1,,,,,1,1,0,0,,,,,,,,,,,,,,,0.00,1,,,,,1,1_4310057,1_4310057
1,4000051,1,,,0,,1,3,1,0,1,1,1,1,,,,,,,,,,,0.00,1,,,,N,1,1_4000051,1_4000051
1,4301751,1,,10,0,,2,3,0,0,1,1,3,4,,,,,,,,,,,0.00,1,,,,,1,1_4301751,1_4301751
1,4310060,1,,,,,1,1,0,0,,,,,,,,,,,,,,,0.00,1,,,,,1,1_4310060,1_4310060
1,4310059,1,,,,,1,1,0,0,,,,,,,,,,,,,,,0.00,1,,,,,1,1_4310059,1_4310059
1,4301627,1,,1,0,99,1,3,1,0,1,1,3,4,,,,,,,,,,,0.00,1,,,,,1,1_4301627,1_4301627
1,4310062,1,,,,,1,1,0,0,,,,,,,,,,,,,,,0.00,1,,,,,1,1_4310062,1_4310062
1,4310063,1,,,,,1,1,0,0,,,,,,,,,,,,,,,0.00,1,,,,,1,1_4310063,1_4310063
1,4310064,1,,,,,1,1,0,0,,,,,,,,,,,,,,,0.00,1,,,,,1,1_4310064,1_4310064
19,4300634,1,,,0,1,1,3,1,0,1,1,3,4,,,,,,,,,,,0.00,1,,,,N,19,19_4300634,19_4300634
1,4301421,1,,4,0,99,1,1,1,0,1,1,3,2,,,,,,,,,,,0.00,1,,,,N,1,1_4301421,1_4301421
1,4301430,1,,,0,1,1,1,0,0,1,1,3,4,,,,,,,,,,,0.00,1,4100001,,,N,1,1_4301430,1_4301430
1,4301513,1,,,0,99,1,1,0,0,1,1,3,4,,,,,,,,,,,0.00,1,,,,N,1,1_4301513,1_4301513
1,4310066,1,,,,,1,1,0,0,,,,,,,,,,,,,,,0.00,1,,,,,1,1_4310066,1_4310066
1,4310067,1,,,,,1,1,0,0,,,,,,,,,,,,,,,0.00,1,,,,,1,1_4310067,1_4310067
1,4310068,1,,,,,1,1,0,0,,,,,,,,,,,,,,,0.00,1,,,,,1,1_4310068,1_4310068
1,4310069,1,,,,,1,1,0,0,,,,,,,,,,,,,,,0.00,1,,,,,1,1_4310069,1_4310069
1,4301564,1,,1,0,99,1,3,1,0,1,3,3,4,,,,,,,,,,,0.00,0,4100001,,,N,1,1_4301564,1_4301564
1,4300012,1,,12,0,99,1,1,1,0,1,1,3,2,2.00,,,,,,,,,,0.00,1,,,,N,1,1_4300012,1_4300012
1,4301573,1,,1,1,99,1,3,0,0,1,1,3,4,,,,,,,,,,,0.00,1,,,,,1,1_4301573,1_4301573
1,4000598,1,,,1,99,1,3,0,0,1,1,1,1,,,,,,,,,,,0.00,1,,,,N,1,1_4000598,1_4000598
1,4310073,1,,,,,1,1,0,0,,,,,,,,,,,,,,,0.00,1,,,,,1,1_4310073,1_4310073
1,4310074,1,,,,,1,1,0,0,,,,,,,,,,,,,,,0.00,1,,,,,1,1_4310074,1_4310074
1,4301508,1,,4,0,99,1,1,0,0,1,1,3,4,,,,,,,,,,,0.00,1,,,,N,1,1_4301508,1_4301508
1,4301701,1,,7,0,99,1,3,1,0,1,1,3,4,,,,,,,,,,,0.00,1,4100001,,,,1,1_4301701,1_4301701
1,4310076,1,,,,,1,1,0,0,,,,,,,,,,,,,,,0.00,1,,,,,1,1_4310076,1_4310076
1,4310077,1,,,,,1,1,0,0,,,,,,,,,,,,,,,0.00,1,,,,,1,1_4310077,1_4310077
1,4310078,1,,,,,1,1,0,0,,,,,,,,,,,,,,,0.00,1,,,,,1,1_4310078,1_4310078
1,4310079,1,,,,,1,1,0,0,,,,,,,,,,,,,,,0.00,1,,,,,1,1_4310079,1_4310079
1,4310081,1,,,,,1,1,0,0,,,,,,,,,,,,,,,0.00,1,,,,,1,1_4310081,1_4310081
1,4310082,1,,,,,1,1,0,0,,,,,,,,,,,,,,,0.00,1,,,,,1,1_4310082,1_4310082
1,4000692,1,,1,1,99,1,3,1,0,1,1,1,1,,,,,,,,,,,0.00,1,,,,,1,1_4000692,1_4000692
1,4301509,1,,,0,8,1,1,0,0,1,1,3,4,,,,,,,,,,,0.00,1,4100001,,,N,1,1_4301509,1_4301509
1,4000493,1,,,0,70,1,3,1,0,1,1,1,1,,,,,,,,,,,0.00,0,,,,N,1,1_4000493,1_4000493
1,4000601,1,,,0,98,1,3,0,0,1,1,1,1,,,,,,,,,,,0.00,1,,,,N,1,1_4000601,1_4000601
1,4000602,1,,,0,1,1,3,0,0,1,1,1,1,2.00,,,,,,,,,,0.00,1,,,,N,1,1_4000602,1_4000602
1,4301510,1,,,0,1,1,1,0,0,1,1,3,4,,,,,,,,,,,0.00,1,4100001,,,N,1,1_4301510,1_4301510
1,4000603,1,,,1,99,1,3,0,0,1,1,1,1,,,,,,,,,,,0.00,1,,,,N,1,1_4000603,1_4000603
1,4301246,1,,,,,3,3,1,0,1,1,3,4,,,,,,,,,,,0.00,1,4100001,,,N,1,1_4301246,1_4301246
1,4301511,1,,,0,8,1,1,0,0,1,1,3,4,,,,,,,,,,,0.00,1,,,,N,1,1_4301511,1_4301511
1,4000028,1,,,0,,1,3,1,0,1,1,1,1,,,,,,,,,,,0.00,1,,,,N,1,1_4000028,1_4000028
1,4301059,1,,,0,8,1,1,1,0,1,4,3,4,,,,,,,,,,,0.00,1,4100001,,,N,1,1_4301059,1_4301059
1,4300290,1,,,0,1,1,1,0,0,1,1,3,4,,,,,,,,,,,0.00,1,4100001,,,N,1,1_4300290,1_4300290
1,4301005,1,,7,0,8,1,1,1,0,1,1,3,4,,,,,,,,,,,0.00,1,,,,N,1,1_4301005,1_4301005
1,4301827,1,,8,1,98,1,3,1,0,1,1,3,2,,,,,,,,,,,0.00,1,,,,N,1,1_4301827,1_4301827
1,4301516,1,,,0,18,1,1,0,0,1,1,3,4,,,,,,,,,,,0.00,1,4100001,,,N,1,1_4301516,1_4301516
1,4301497,1,,,0,75,1,1,0,0,1,1,3,4,,,,,,,,,,,0.00,1,4100001,,,N,1,1_4301497,1_4301497
1,4301517,1,,,0,1,1,1,0,0,1,1,3,4,,,,,,,,,,,0.00,1,4100001,,,N,1,1_4301517,1_4301517
1,4310084,1,,,,,1,1,0,0,,,,,,,,,,,,,,,0.00,1,,,,,1,1_4310084,1_4310084
1,4310086,1,,,,,1,1,0,0,,,,,,,,,,,,,,,0.00,1,,,,,1,1_4310086,1_4310086
1,4310087,1,,,,,1,1,0,0,,,,,,,,,,,,,,,0.00,1,,,,,1,1_4310087,1_4310087
1,4310088,1,,,,,1,1,0,0,,,,,,,,,,,,,,,0.00,1,,,,,1,1_4310088,1_4310088
1,4310089,1,,,,,1,1,0,0,,,,,,,,,,,,,,,0.00,1,,,,,1,1_4310089,1_4310089
1,4000605,1,,,0,,1,3,1,0,1,1,1,1,,,,,,,,,,,0.00,1,,,,N,1,1_4000605,1_4000605
1,4301866,1,,7,0,99,1,3,1,0,1,1,3,2,,,,,,,,,,,0.00,1,4100001,,,N,1,1_4301866,1_4301866
1,4301604,1,,1,0,99,1,3,1,0,1,1,3,4,,,,,,,,,,,0.00,1,,,,,1,1_4301604,1_4301604
1,4300799,1,,9,0,98,1,3,1,0,1,1,3,4,,,,,,,,,,,0.00,1,4100001,,,,1,1_4300799,1_4300799
1,4000424,1,,,1,99,1,3,1,0,1,1,1,1,0.00,,,,,,,,,,0.00,0,,,,N,1,1_4000424,1_4000424
1,4000704,1,,1,1,99,1,3,1,0,1,1,1,1,,,,,,,,,,,0.00,1,,,,,1,1_4000704,1_4000704
1,4310090,1,,,,,1,1,0,0,,,,,,,,,,,,,,,0.00,1,,,,,1,1_4310090,1_4310090
1,4310071,1,,,,,1,3,1,1,,,,,,,,,,,,,,,0.00,1,,,,,1,1_4310071,1_4310071
1,4300802,1,,,0,8,1,1,1,0,1,1,3,4,,,,,,,,,,,0.00,1,,,,N,1,1_4300802,1_4300802
1,4301519,1,,,0,68,1,1,0,0,1,1,3,4,,,,,,,,,,,0.00,1,4100001,,,N,1,1_4301519,1_4301519
1,4301374,1,,7,0,8,1,1,1,0,1,1,3,4,,,,,,,,,,,0.00,1,,,,N,1,1_4301374,1_4301374
1,4000609,1,,,1,98,1,3,0,0,1,1,1,1,,,,,,,,,,,0.00,1,,,,N,1,1_4000609,1_4000609
1,4000608,1,,,1,99,5,3,1,0,1,1,1,1,,,,,,,,,,,0.00,1,,,,N,1,1_4000608,1_4000608
1,4301584,1,,1,0,8,1,3,1,0,1,1,3,4,,,,,,,,,,,0.00,1,,,,,1,1_4301584,1_4301584
1,4000610,1,,,0,1,1,3,0,0,1,1,1,1,0.00,,,,,,,,,,0.00,1,,,,N,1,1_4000610,1_4000610
1,4301232,1,,,0,70,1,1,1,0,1,1,3,4,,,,,,,,,,,0.00,1,,,,N,1,1_4301232,1_4301232
1,4300048,1,,5,0,99,1,3,1,0,1,3,3,2,,,,,,,,,,,0.00,0,,,,N,1,1_4300048,1_4300048
1,4000097,1,,,1,98,1,3,1,0,1,1,1,1,,,,,,,,,,,0.00,0,,,,N,1,1_4000097,1_4000097
1,4300634,1,,6,0,1,1,3,1,0,1,1,3,2,,,,,,,,,,,0.00,1,4100001,,,N,1,1_4300634,1_4300634
1,4300813,1,,,0,1,1,3,0,0,1,3,3,4,,,,,,,,,,,0.00,1,4100001,,,N,1,1_4300813,1_4300813
1,4000775,1,,1,1,99,1,3,1,0,1,1,1,1,,,,,,,,,,,0.00,1,,,,N,1,1_4000775,1_4000775
1,4000732,1,,1,1,99,1,3,1,0,1,1,1,1,,,,,,,,,,,0.00,1,,,,,1,1_4000732,1_4000732
1,4301494,1,,7,0,8,1,1,0,0,1,1,3,2,,,,,,,,,,,0.00,1,4100001,,,N,1,1_4301494,1_4301494
1,4301585,1,,1,0,99,1,3,0,0,1,1,3,4,,,,,,,,,,,0.00,1,,,,,1,1_4301585,1_4301585
1,4000717,1,,1,0,99,5,3,1,0,1,1,1,1,,,,,,,,,,,0.00,1,,,,,1,1_4000717,1_4000717
1,4301531,1,,,0,50,1,1,0,0,1,1,3,4,,,,,,,,,,,0.00,0,,,,N,1,1_4301531,1_4301531
1,4301803,1,,7,0,99,1,3,1,0,1,1,3,4,,,,,,,,,,,0.00,1,,,,N,1,1_4301803,1_4301803
1,4301534,1,,,0,68,5,5,0,0,1,1,3,4,,,,,,,,,,,0.00,0,,,,N,1,1_4301534,1_4301534
1,4301536,1,,,0,99,1,1,0,0,1,1,3,4,,,,,,,,,,,0.00,0,,,,N,1,1_4301536,1_4301536
1,4000444,1,,,,,1,1,1,0,1,1,1,1,,,,,,,0.00,,,,1.00,1,,,,N,1,1_4000444,1_4000444
1,4301544,1,,8,0,99,1,1,0,0,1,1,3,4,,,,,,,,,,,0.00,0,,,,N,1,1_4301544,1_4301544
1,4000707,1,,1,0,,1,3,1,0,1,1,1,1,,,,,,,,,,,0.00,1,,,,,1,1_4000707,1_4000707
1,4000034,1,,,0,,1,3,1,0,1,1,1,1,,,,,,,,,,,0.00,1,,,,N,1,1_4000034,1_4000034
1,4301723,1,,8,0,98,1,3,1,0,1,1,3,2,,,,,,,,,,,0.00,1,,,,N,1,1_4301723,1_4301723
1,4301429,1,,7,0,99,1,1,0,0,1,4,3,2,,,,,,,,,,,0.00,1,4100001,,,N,1,1_4301429,1_4301429
1,4000615,1,,,1,99,1,3,0,0,1,1,1,1,,,,,,,,,,,0.00,1,,,,N,1,1_4000615,1_4000615
1,4301533,1,,4,0,99,1,1,0,0,1,1,3,4,,,,,,,,,,,0.00,0,,,,N,1,1_4301533,1_4301533
1,4301403,1,,7,0,8,1,1,1,0,1,1,3,4,,,,,,,,,,,0.00,1,4100001,,,N,1,1_4301403,1_4301403
1,4301541,1,,,0,50,1,1,0,0,1,1,3,4,,,,,,,,,,,0.00,0,4100001,,,N,1,1_4301541,1_4301541
1,4301725,1,,8,0,99,1,3,1,0,1,1,3,2,,,,,,,,,,,0.00,1,4100001,,,N,1,1_4301725,1_4301725
1,4000065,1,,,0,,1,3,1,1,1,1,1,1,,,,,,,,,,,0.00,1,,,,N,1,1_4000065,1_4000065
1,4301545,1,,,0,68,1,1,0,0,1,1,3,4,,,,,,,,,,,0.00,0,4100001,,,N,1,1_4301545,1_4301545
1,4301588,1,,1,1,1,1,3,0,0,1,1,3,4,,,,,,,,,,,0.00,1,,,,,1,1_4301588,1_4301588
1,4000059,1,,,1,98,1,3,1,0,1,1,1,1,,,,,,,,,,,0.00,1,,,,N,1,1_4000059,1_4000059
1,4301548,1,,1,0,,1,3,1,0,1,1,3,4,,,,,,,,,,,0.00,0,,,,,1,1_4301548,1_4301548
1,4000617,1,,1,0,99,1,3,1,0,1,1,1,1,,,,,,,,,,,0.00,1,,,,N,1,1_4000617,1_4000617
1,4000631,1,,1,1,99,1,3,1,0,1,1,1,1,,,,,,,,,,,0.00,1,,,,,1,1_4000631,1_4000631
1,4000734,1,,1,1,99,1,3,1,0,1,1,1,1,,,,,,,,,,,0.00,1,,,,N,1,1_4000734,1_4000734
1,4300610,1,,7,0,2,1,3,0,0,1,4,3,4,,,,,,,,,,,0.00,1,,,,N,1,1_4300610,1_4300610
1,4301591,1,,1,0,8,1,3,0,0,1,1,3,4,,,,,,,,,,,0.00,1,,,,,1,1_4301591,1_4301591
1,4301436,1,,8,0,98,1,1,1,0,1,1,3,4,,,,,,,,,,,0.00,1,4100001,,,N,1,1_4301436,1_4301436
1,4410001,1,,,0,,1,1,1,0,1,1,2,2,,,,,,,,,,,0.00,0,,,,N,1,1_4410001,1_4410001
1,4301522,1,,4,1,98,1,1,0,0,1,1,3,2,,,,,,,,,,,0.00,1,,,,N,1,1_4301522,1_4301522
1,4000636,1,,1,0,,1,3,1,0,1,1,1,1,,,,,,,,,,,0.00,1,,,,,1,1_4000636,1_4000636
1,4301639,1,,1,0,8,1,3,1,0,1,1,3,4,,,,,,,,,,,0.00,1,4100001,,,,1,1_4301639,1_4301639
1,4301597,1,,1,0,99,1,3,1,0,1,1,3,4,,,,,,,,,,,0.00,1,,,,,1,1_4301597,1_4301597
1,4301563,1,,1,0,1,1,3,0,0,1,1,3,4,,,,,,,,,,,0.00,0,4100001,,,N,1,1_4301563,1_4301563
1,4301141,1,,,0,6,1,3,1,0,1,1,3,4,,,,,,,,,,,0.00,1,4100001,,,N,1,1_4301141,1_4301141
1,4301599,1,,1,0,8,1,3,1,0,1,1,3,4,,,,,,,,,,,0.00,1,,,,,1,1_4301599,1_4301599
1,4301715,1,,8,1,70,1,3,1,0,1,1,3,4,,,,,,,,,,,0.00,1,,,,,1,1_4301715,1_4301715
1,4000620,1,,1,0,1,1,3,1,0,1,1,1,1,,,,,,,,,,,0.00,1,,,,N,1,1_4000620,1_4000620
1,4301602,1,,1,0,8,1,3,1,0,1,1,3,4,,,,,,,,,,,0.00,1,,,,,1,1_4301602,1_4301602
1,4000688,1,,1,0,98,1,3,1,0,1,1,1,1,,,,,,,,,,,0.00,1,,,,,1,1_4000688,1_4000688
1,4000639,1,,1,1,99,5,3,1,0,1,1,1,1,,,,,,,,,,,0.00,1,,,,,1,1_4000639,1_4000639
1,4301640,1,,1,0,99,1,3,1,0,1,1,2,4,,,,,,,,,,,0.00,1,4100001,,,,1,1_4301640,1_4301640
1,4301520,1,,7,0,98,1,1,0,0,1,1,3,2,,,,,,,,,,,0.00,1,4100001,,,N,1,1_4301520,1_4301520
1,4000641,1,,1,1,99,1,3,1,0,1,1,1,1,,,,,,,,,,,0.00,1,,,,,1,1_4000641,1_4000641
1,4301569,1,,1,0,99,1,3,1,0,1,1,3,4,,,,,,,,,,,0.00,0,4100001,,,N,1,1_4301569,1_4301569
1,4000643,1,,1,1,99,1,3,1,0,1,1,1,1,,,,,,,,,,,0.00,1,,,,,1,1_4000643,1_4000643
1,4000757,1,,1,0,99,1,3,1,0,1,1,1,1,,,,,,,,,,,0.00,1,,,,,1,1_4000757,1_4000757
1,4301610,1,,1,0,99,1,3,0,0,1,1,3,4,,,,,,,,,,,0.00,1,,,,,1,1_4301610,1_4301610
1,4301570,1,,1,0,70,1,3,1,0,1,1,3,4,,,,,,,,,,,0.00,0,4100001,,,N,1,1_4301570,1_4301570
1,4300663,1,,7,0,99,1,1,1,0,1,1,3,4,,,,,,,3.00,,,,0.00,1,,,,N,1,1_4300663,1_4300663
1,4301571,1,,1,0,99,1,3,1,0,1,1,3,4,,,,,,,,,,,0.00,0,4100001,,,N,1,1_4301571,1_4301571
1,4301575,1,,1,0,8,1,3,0,0,1,1,3,4,,,,,,,,,,,0.00,0,4100001,,,N,1,1_4301575,1_4301575
1,4000584,1,,,0,,1,3,1,0,1,1,1,1,,,,,,,,,,,0.00,1,,,,N,1,1_4000584,1_4000584
1,4000645,1,,1,0,1,1,3,1,0,1,1,1,1,,,,,,,,,,,0.00,1,,,,,1,1_4000645,1_4000645
1,4000646,1,,1,0,,1,3,1,0,1,1,1,1,,,,,,,,,,,0.00,1,,,,,1,1_4000646,1_4000646
1,4301613,1,,7,0,8,1,3,1,0,1,1,3,4,,,,,,,,,,,0.00,1,,,,,1,1_4301613,1_4301613
1,4301614,1,,1,0,16,1,3,1,0,1,1,3,4,,,,,,,,,,,0.00,1,,,,,1,1_4301614,1_4301614
1,4000550,1,,,0,8,1,3,0,0,1,1,1,1,,,,,,,,,,,0.00,1,,,,N,1,1_4000550,1_4000550
1,4301576,1,,1,0,8,1,1,1,0,1,1,3,4,,,,,,,,,,,0.00,0,4100001,,,N,1,1_4301576,1_4301576
1,4301041,1,,7,0,99,1,3,1,0,1,1,3,2,,,,,,,,,,,0.00,1,4100001,,,N,1,1_4301041,1_4301041
1,4301577,1,,1,0,98,1,1,0,0,1,1,3,4,,,,,,,,,,,0.00,0,4100001,,,N,1,1_4301577,1_4301577
1,4301578,1,,1,0,8,1,1,0,0,1,1,3,4,,,,,,,,,,,0.00,0,4100001,,,N,1,1_4301578,1_4301578
1,4301745,1,,7,0,99,1,3,0,0,1,1,3,4,,,,,,,,,,,0.00,1,,,,N,1,1_4301745,1_4301745
1,4301583,1,,1,0,8,1,3,0,0,1,1,3,4,,,,,,,,,,,0.00,0,4100001,,,N,1,1_4301583,1_4301583
1,4301587,1,,1,1,1,1,3,1,0,1,1,3,4,,,,,,,,,,,0.00,0,4100001,,,N,1,1_4301587,1_4301587
1,4000647,1,,1,0,,1,3,1,0,1,1,1,1,,,,,,,,,,,0.00,1,,,,,1,1_4000647,1_4000647
1,4000648,1,,1,0,,1,3,1,0,1,1,1,1,,,,,,,,,,,0.00,1,,,,,1,1_4000648,1_4000648
1,4000649,1,,1,1,99,1,3,1,0,1,1,1,1,,,,,,,,,,,0.00,1,,,,,1,1_4000649,1_4000649
1,4000607,1,,,0,98,1,3,0,0,1,1,1,1,0.00,,,,,,,,,,0.00,1,,,,N,1,1_4000607,1_4000607
1,4301589,1,,1,0,99,1,3,0,0,1,1,3,4,,,,,,,,,,,0.00,0,4100001,,,N,1,1_4301589,1_4301589
1,4301615,1,,4,0,99,1,3,1,0,1,1,3,4,,,,,,,,,,,0.00,1,4100001,,,,1,1_4301615,1_4301615
1,4000611,1,,,1,99,1,3,0,0,1,1,1,1,,,,,,,,,,,0.00,1,,,,N,1,1_4000611,1_4000611
1,4301601,1,,8,0,98,1,3,1,0,1,1,3,4,,,,,,,,,,,0.00,1,4100001,,,,1,1_4301601,1_4301601
1,4301617,1,,1,0,8,1,3,1,0,1,1,3,4,,,,,,,,,,,0.00,1,,,,,1,1_4301617,1_4301617
1,4301593,1,,1,0,8,1,3,1,0,1,1,3,4,,,,,,,,,,,0.00,0,4100001,,,N,1,1_4301593,1_4301593
1,4301618,1,,1,0,99,1,3,1,0,1,1,3,4,,,,,,,,,,,0.00,1,,,,,1,1_4301618,1_4301618
1,4301619,1,,7,0,39,1,3,1,0,1,1,3,4,,,,,,,,,,,0.00,1,,,,,1,1_4301619,1_4301619
1,4301607,1,,1,0,99,1,3,1,0,1,1,3,4,,,,,,,,,,,0.00,1,4100001,,,,1,1_4301607,1_4301607
1,4301194,1,,,0,99,1,1,1,0,1,1,3,4,,,,,,,,,,,0.00,1,4100001,,,N,1,1_4301194,1_4301194
1,4000309,1,,7,0,98,1,1,1,0,1,1,1,1,,,,,,,,,,,0.00,0,,,,N,1,1_4000309,1_4000309
1,4301676,1,,,0,8,1,3,1,0,1,1,3,4,,,,,,,,,,,0.00,1,4100001,,,,1,1_4301676,1_4301676
1,4301622,1,,1,1,70,1,3,1,0,1,1,3,4,,,,,,,,,,,0.00,1,,,,,1,1_4301622,1_4301622
1,4301795,1,,8,0,99,1,3,1,0,1,1,3,2,,,,,,,,,,,0.00,1,,,,N,1,1_4301795,1_4301795
1,4301818,1,,7,0,99,1,3,1,0,1,1,3,4,,,,,,,,,,,0.00,1,,,,N,1,1_4301818,1_4301818
1,4300739,1,,7,0,8,1,1,1,0,1,1,3,2,,,,,,,,,,,0.00,0,4100001,,,N,1,1_4300739,1_4300739
1,4301592,1,,1,0,16,1,3,0,0,1,1,3,4,,,,,,,,,,,0.00,0,4100001,,,N,1,1_4301592,1_4301592
1,4301222,1,,7,0,1,1,1,1,0,1,1,3,4,,,,,,,,,,,0.00,1,4100001,,,N,1,1_4301222,1_4301222
1,4000651,1,,1,1,99,1,3,1,0,1,1,1,1,,,,,,,,,,,0.00,1,,,,,1,1_4000651,1_4000651
1,4301611,1,,1,1,70,1,3,1,0,1,1,3,4,,,,,,,,,,,0.00,1,4100001,,,,1,1_4301611,1_4301611
1,4000652,1,,1,0,,1,3,1,0,1,1,1,1,,,,,,,,,,,0.00,1,,,,,1,1_4000652,1_4000652
1,4301624,1,,1,0,99,1,3,1,0,1,1,3,4,,,,,,,,,,,0.00,1,,,,,1,1_4301624,1_4301624
1,4000653,1,,1,0,,1,3,1,1,1,1,1,1,,,,,,,,,,,0.00,1,,,,,1,1_4000653,1_4000653
1,4000654,1,,1,0,,1,3,1,0,1,1,1,1,,,,,,,,,,,0.00,1,,,,,1,1_4000654,1_4000654
1,4301645,1,,1,0,16,1,3,1,0,1,1,3,4,,,,,,,,,,,0.00,1,4100001,,,,1,1_4301645,1_4301645
1,4000554,1,,,0,,1,3,1,1,1,1,1,1,,,,,,,,,,,15.00,1,,,,N,1,1_4000554,1_4000554
1,4300085,1,,7,0,15,1,1,0,0,1,1,3,2,,,,,,,,,,,0.00,1,4100001,,,N,1,1_4300085,1_4300085
1,4100524,1,,,0,,1,3,1,0,1,1,1,1,,,,,,,,,,,0.00,1,,,,N,1,1_4100524,1_4100524
1,4301600,1,,1,1,1,1,3,0,0,1,1,3,4,,,,,,,,,,,0.00,0,,,,,1,1_4301600,1_4301600
1,4301581,1,,1,0,8,1,3,0,0,1,1,3,4,,,,,,,,,,,0.00,0,,,,,1,1_4301581,1_4301581
1,4300632,1,,8,0,99,1,3,1,0,1,1,3,2,,,,,,,,,,,0.00,1,,,,,1,1_4300632,1_4300632
1,4100265,1,,,0,,1,3,1,0,1,1,1,1,,,,,,,,,,,0.00,1,,,,N,1,1_4100265,1_4100265
1,4300953,1,,7,0,8,1,3,0,0,1,1,3,2,,,,,,,,,,,0.00,1,,,,N,1,1_4300953,1_4300953
1,4301595,1,,1,0,99,1,3,1,0,1,1,3,4,,,,,,,,,,,0.00,0,,,,,1,1_4301595,1_4301595
1,4301657,1,,7,0,98,1,3,1,0,1,1,3,2,,,,,,,,,,,0.00,1,4100001,,,N,1,1_4301657,1_4301657
1,4301652,1,,7,0,98,1,3,1,0,1,1,3,4,,,,,,,,,,,0.00,1,,,,,1,1_4301652,1_4301652
1,4000698,1,,1,1,99,5,3,1,0,1,1,1,1,,,,,,,,,,,0.00,1,,,,,1,1_4000698,1_4000698
1,4000685,1,,1,0,,1,3,1,0,1,1,1,1,,,,,,,,,,,0.00,1,,,,,1,1_4000685,1_4000685
1,4101001,1,,,0,,1,3,1,0,1,1,1,1,,,,,,,,,,,0.00,1,,,,N,1,1_4101001,1_4101001
1,4300032,1,,,0,8,1,1,1,0,1,4,3,4,,,,,,,,,,,0.00,1,4100001,,,N,1,1_4300032,1_4300032
1,4300194,1,,7,0,99,1,1,1,0,1,1,3,2,,,,,,,,,,,0.00,1,4100001,,,N,1,1_4300194,1_4300194
1,4301164,1,,7,0,1,1,1,0,0,1,3,3,4,,,,,,,,,,,0.00,1,4100001,,,N,1,1_4301164,1_4301164
1,4301658,1,,1,0,99,1,3,1,0,1,1,3,4,,,,,,,,,,,0.00,1,,,,,1,1_4301658,1_4301658
1,4301650,1,,1,0,99,1,3,1,0,1,1,3,4,,,,,,,,,,,0.00,1,4100001,,,,1,1_4301650,1_4301650
1,4301660,1,,1,0,99,1,3,1,0,1,1,3,4,,,,,,,,,,,0.00,1,,,,,1,1_4301660,1_4301660
1,4000668,1,,1,0,98,1,3,1,0,1,1,1,1,,,,,,,,,,,0.00,1,,,,,1,1_4000668,1_4000668
1,4300648,1,,,,,1,1,0,0,0,4,3,2,,,,,,,,,,,0.00,1,4100001,,,,1,1_4300648,1_4300648
1,4000669,1,,1,0,70,1,3,1,0,1,1,1,1,,,,,,,,,,,0.00,1,,,,,1,1_4000669,1_4000669
1,4000670,1,,1,1,99,1,3,1,0,1,1,1,1,,,,,,,,,,,0.00,1,,,,,1,1_4000670,1_4000670
1,4301662,1,,1,0,,1,3,1,0,1,1,3,4,,,,,,,,,,,0.00,1,,,,,1,1_4301662,1_4301662
1,4301653,1,,1,0,98,1,3,1,0,1,1,3,4,,,,,,,,,,,0.00,1,4100001,,,,1,1_4301653,1_4301653
1,4301664,1,,,0,99,5,1,1,0,1,1,3,4,,,,,,,,,,,0.00,1,,,,,1,1_4301664,1_4301664
1,4301665,1,,1,1,70,5,3,1,0,1,1,3,4,,,,,,,,,,,0.00,1,,,,,1,1_4301665,1_4301665
1,4301666,1,,1,0,,1,3,1,0,1,1,3,4,,,,,,,,,,,0.00,1,,,,,1,1_4301666,1_4301666
1,4301667,1,,1,1,99,1,3,1,0,1,1,3,4,,,,,,,,,,,0.00,1,,,,,1,1_4301667,1_4301667
1,4000650,1,,1,0,,1,3,1,0,1,1,1,1,,,,,,,,,,,15.00,1,,,,,1,1_4000650,1_4000650
1,4000671,1,,1,1,70,1,3,1,0,1,1,1,1,,,,,,,,,,,0.00,1,,,,,1,1_4000671,1_4000671
1,4000672,1,,1,1,70,1,3,1,0,1,1,1,1,,,,,,,,,,,0.00,1,,,,,1,1_4000672,1_4000672
1,4301655,1,,7,0,8,1,3,1,0,1,1,3,4,,,,,,,,,,,0.00,1,4100001,,,,1,1_4301655,1_4301655
1,4300651,1,,,0,,1,1,1,0,1,1,3,4,,,,,,,,,,,0.00,1,4100001,,,N,1,1_4300651,1_4300651
1,4000731,1,,1,0,68,1,3,1,0,1,1,1,1,,,,,,,,,,,0.00,1,,,,,1,1_4000731,1_4000731
1,4301427,1,,6,0,70,1,1,0,0,1,4,3,4,,,,,,,,,,,0.00,1,,,,N,1,1_4301427,1_4301427
1,4301505,1,,7,0,8,1,1,0,0,1,1,3,2,,,,,,,,,,,0.00,1,4100001,,,N,1,1_4301505,1_4301505
1,4000695,1,,1,0,99,1,3,1,0,1,1,1,1,,,,,,,,,,,0.00,1,,,,,1,1_4000695,1_4000695
1,4000667,1,,1,1,99,1,3,1,0,1,1,1,1,,,,,,,,,,,0.00,1,,,,,1,1_4000667,1_4000667
1,4000655,1,,1,1,1,1,3,1,0,1,1,1,1,,,,,,,,,,,0.00,1,,,,,1,1_4000655,1_4000655
1,4000656,1,,1,0,,1,3,1,0,1,1,1,1,,,,,,,,,,,0.00,1,,,,,1,1_4000656,1_4000656
1,4300691,1,,,0,57,1,1,1,0,1,1,3,4,1.50,,,,,,,,,,0.00,1,4100001,,,N,1,1_4300691,1_4300691
1,4301628,1,,1,0,99,1,3,1,0,1,1,3,4,,,,,,,,,,,0.00,1,,,,,1,1_4301628,1_4301628
1,4301629,1,,1,0,1,1,3,1,0,1,1,3,4,,,,,,,,,,,0.00,1,4100001,,,N,1,1_4301629,1_4301629
1,4000657,1,,1,1,98,3,3,1,1,1,1,1,1,,,,,,,,,,,0.00,1,,,,,1,1_4000657,1_4000657
1,4301606,1,,10,0,99,1,3,1,0,1,1,3,2,,,,,,,,,,,0.00,1,,,,,1,1_4301606,1_4301606
1,4300708,1,,,1,1,1,1,1,0,1,1,3,4,,,,,,,,,,,0.00,1,4100001,,,N,1,1_4300708,1_4300708
1,4301659,1,,1,0,8,1,3,1,0,1,1,3,4,,,,,,,,,,,0.00,1,4100001,,,,1,1_4301659,1_4301659
1,4300767,1,,,0,,1,1,1,0,1,1,3,4,,,,,,,,,,,0.00,1,4100001,,,N,1,1_4300767,1_4300767
1,4000658,1,,1,0,70,1,3,1,0,1,1,1,1,,,,,,,,,,,0.00,1,,,,,1,1_4000658,1_4000658
1,4000659,1,,1,1,99,1,3,1,0,1,1,1,1,,,,,,,,,,,0.00,1,,,,,1,1_4000659,1_4000659
1,4301663,1,,1,0,,1,3,1,0,1,1,3,4,,,,,,,,,,,0.00,1,4100001,,,,1,1_4301663,1_4301663
1,4000660,1,,1,0,,1,3,1,0,1,1,1,1,,,,,,,,,,,0.00,1,,,,,1,1_4000660,1_4000660
1,4301635,1,,,0,99,1,3,1,0,1,1,3,4,,,,,,,,,,,0.00,1,,,,,1,1_4301635,1_4301635
1,4301596,1,,1,0,70,1,3,1,0,1,1,3,4,,,,,,,,,,,0.00,1,4100001,,,,1,1_4301596,1_4301596
1,4301546,1,,1,0,99,1,1,0,0,1,1,3,4,,,,,,,,,,,0.00,0,4100001,,,N,1,1_4301546,1_4301546
1,4301668,1,,1,0,8,1,3,1,0,1,1,3,4,,,,,,,,,,,0.00,1,4100001,,,,1,1_4301668,1_4301668
1,4301670,1,,1,0,99,1,3,1,0,1,1,3,4,,,,,,,,,,,0.00,1,4100001,,,,1,1_4301670,1_4301670
1,4000661,1,,1,0,98,1,3,1,0,1,1,1,1,,,,,,,,,,,0.00,1,,,,,1,1_4000661,1_4000661
1,4301598,1,,1,0,8,1,3,1,0,1,1,3,4,,,,,,,,,,,0.00,0,4100001,,,,1,1_4301598,1_4301598
1,4301307,1,,7,0,99,1,3,1,0,1,1,3,4,,,,,,,,,,,0.00,1,4100001,,,N,1,1_4301307,1_4301307
1,4100662,1,,1,0,,1,3,1,0,1,1,1,1,,,,,,,,,,,0.00,1,,,,,1,1_4100662,1_4100662
1,4301647,1,,1,0,8,1,3,1,0,1,1,3,4,,,,,,,,,,,0.00,1,,,,,1,1_4301647,1_4301647
1,4000662,1,,1,1,99,1,3,1,0,1,1,1,1,,,,,,,,,,,0.00,1,,,,,1,1_4000662,1_4000662
1,4301648,1,,1,0,,1,3,1,0,1,1,3,4,,,,,,,,,,,0.00,1,,,,,1,1_4301648,1_4301648
1,4301651,1,,1,0,98,1,3,1,0,1,1,3,4,,,,,,,,,,,0.00,1,,,,,1,1_4301651,1_4301651
1,4301556,1,,7,0,16,1,3,1,0,1,1,3,4,,,,,,,,,,,0.00,1,,,,,1,1_4301556,1_4301556
1,4301646,1,,7,0,70,1,3,1,0,1,1,3,4,,,,,,,,,,,0.00,1,4100001,,,,1,1_4301646,1_4301646
1,4301502,1,,7,0,99,1,3,1,0,1,1,3,4,,,,,,,,,,,0.00,1,,,,N,1,1_4301502,1_4301502
1,4301708,1,,6,0,99,1,3,1,0,1,1,3,2,,,,,,,,,,,0.00,1,4100001,,,,1,1_4301708,1_4301708
1,4000690,1,,1,1,99,1,3,1,0,1,1,1,1,,,,,,,,,,,0.00,1,,,,,1,1_4000690,1_4000690
1,4301196,1,,,,,1,1,1,0,1,1,3,4,,,,,,,,,,,0.00,1,"",,,N,1,1_4301196,1_4301196
1,4000745,1,,1,0,99,1,3,0,0,1,1,1,1,,,,,,,,,,,0.00,1,,,,N,1,1_4000745,1_4000745
1,4301047,1,,7,0,39,1,3,1,0,1,1,3,2,,,,,,,,,,0.00,0.00,1,,,,N,1,1_4301047,1_4301047
1,4301084,1,,7,0,1,1,1,1,0,1,2,3,4,,,,,,,,,,,0.00,1,,,,N,1,1_4301084,1_4301084
1,4301852,1,,7,0,99,1,3,1,0,1,1,3,2,,,,,,,,,,,0.00,1,4100001,,,N,1,1_4301852,1_4301852
1,4300791,1,,,0,,1,1,1,0,1,1,3,4,,,,,,,,,,,0.00,1,4100001,,,N,1,1_4300791,1_4300791
1,4301693,1,,7,0,99,1,3,1,0,1,1,1,1,,,,,,,,,,,0.00,1,,,,,1,1_4301693,1_4301693
1,4300818,1,,,0,,1,1,1,0,1,1,3,4,,,,,,,,,,,0.00,1,4100001,,,N,1,1_4300818,1_4300818
1,4301695,1,,7,0,16,1,3,1,0,1,1,3,4,,,,,,,,,,,0.00,1,,,,,1,1_4301695,1_4301695
1,4000459,1,,,1,98,1,3,1,0,1,1,1,1,,,,,,,,,,,0.00,0,,,,N,1,1_4000459,1_4000459
1,4301797,1,,7,0,99,1,3,1,0,1,1,3,2,,,,,,,,,,,0.00,1,4100001,,,N,1,1_4301797,1_4301797
1,4301863,1,,7,0,99,1,3,1,0,1,1,3,2,,,,,,,,,,,0.00,1,4100001,,,N,1,1_4301863,1_4301863
1,4301677,1,,7,0,39,1,3,1,0,1,1,3,2,,,,,,,,,,,0.00,1,4100001,,,,1,1_4301677,1_4301677
1,4000696,1,,1,1,99,1,3,1,0,1,1,1,1,,,,,,,,,,,0.00,1,,,,,1,1_4000696,1_4000696
1,4301865,1,,7,0,99,1,3,1,0,1,1,3,2,,,,,,,,,,,0.00,1,,,,N,1,1_4301865,1_4301865
1,4301699,1,,4,1,99,1,3,1,0,1,1,3,4,,,,,,,,,,,0.00,1,,,,,1,1_4301699,1_4301699
1,4301700,1,,7,0,99,1,3,1,0,1,1,3,4,,,,,,,,,,,0.00,1,,,,,1,1_4301700,1_4301700
1,4000697,1,,1,1,70,1,3,1,0,1,1,1,1,,,,,,,,,,,0.00,1,,,,,1,1_4000697,1_4000697
1,4000663,1,,1,1,99,1,3,1,0,1,1,1,1,,,,,,,,,,,0.00,1,,,,,1,1_4000663,1_4000663
1,4000699,1,,1,1,99,1,3,1,0,1,1,1,1,,,,,,,,,,,0.00,1,,,,,1,1_4000699,1_4000699
1,4000786,1,,1,0,99,1,3,1,0,1,1,1,1,,,,,,,,,,,0.00,1,,,,N,1,1_4000786,1_4000786
1,4301643,1,,7,0,99,3,3,1,0,1,1,3,2,,,,,,,,,,,0.00,1,,,,,1,1_4301643,1_4301643
1,4301400,1,,,0,8,1,1,1,0,1,4,3,4,,,,,,,,,,,0.00,1,4100001,,,N,1,1_4301400,1_4301400
1,4000700,1,,1,0,,1,3,1,0,1,1,1,1,,,,,,,,,,,0.00,1,,,,,1,1_4000700,1_4000700
1,4000726,1,,1,0,,1,3,1,0,1,1,1,1,,,,,,,,,,,0.00,1,,,,,1,1_4000726,1_4000726
1,4000673,1,,1,1,99,1,3,1,0,1,3,1,1,,,,,,,,,,,0.00,1,,,,,1,1_4000673,1_4000673
1,4301671,1,,1,0,68,5,3,1,0,1,1,3,4,,,,,,,,,,,0.00,1,,,,,1,1_4301671,1_4301671
1,4301747,1,,7,0,99,1,3,0,0,1,1,3,4,,,,,,,,,,,0.00,1,4100001,,,N,1,1_4301747,1_4301747
1,4301672,1,,7,0,99,3,3,1,0,1,1,3,2,,,,,,,,,,,0.00,1,,,,,1,1_4301672,1_4301672
1,4301673,1,,1,1,99,1,3,1,0,1,1,3,4,,,,,,,,,,,0.00,1,,,,,1,1_4301673,1_4301673
1,4300849,1,,1,0,8,1,3,0,0,1,1,3,4,,,,,,,,,,,0.00,1,4100001,,,,1,1_4300849,1_4300849
1,4301674,1,,1,0,99,1,3,1,0,1,1,3,4,,,,,,,,,,,0.00,1,,,,,1,1_4301674,1_4301674
1,4301675,1,,,0,99,1,3,1,1,1,1,3,4,,,,,,,,,,,0.00,1,4100001,,,,1,1_4301675,1_4301675
1,4000675,1,,1,1,98,1,3,1,0,1,1,1,1,,,,,,,,,,,0.00,1,,,,,1,1_4000675,1_4000675
1,4000676,1,,1,1,99,1,3,1,0,1,1,1,1,,,,,,,,,,,0.00,1,,,,,1,1_4000676,1_4000676
1,4000677,1,,1,1,70,1,3,1,0,1,1,1,1,,,,,,,,,,,0.00,1,,,,,1,1_4000677,1_4000677
1,4000678,1,,1,1,99,1,3,1,0,1,1,1,1,,,,,,,,,,,0.00,1,,,,,1,1_4000678,1_4000678
1,4000686,1,,1,0,70,1,3,1,0,1,1,1,1,,,,,,,,,,,0.00,1,,,,,1,1_4000686,1_4000686
1,4000679,1,,1,1,98,1,3,1,0,1,1,1,1,,,,,,,,,,,0.00,1,,,,,1,1_4000679,1_4000679
1,4000680,1,,1,1,99,1,3,1,0,1,1,1,1,,,,,,,,,,,0.00,1,,,,,1,1_4000680,1_4000680
1,4301022,1,,,0,1,1,1,1,0,1,1,3,4,,,,,,,,,,,0.00,1,4100001,,,N,1,1_4301022,1_4301022
1,4000681,1,,1,1,99,1,3,1,0,1,1,1,1,,,,,,,,,,,0.00,1,,,,,1,1_4000681,1_4000681
1,4301416,1,,4,0,99,1,1,1,0,1,1,3,4,,,,,,,,,,,0.00,1,,,,N,1,1_4301416,1_4301416
1,4301800,1,,7,0,99,1,3,1,0,1,1,3,2,,,,,,,,,,,0.00,1,,,,N,1,1_4301800,1_4301800
1,4301264,1,,8,0,99,1,1,0,0,1,1,3,4,,,,,,,,,,,0.00,1,4100001,,,N,1,1_4301264,1_4301264
1,4301527,1,,7,1,70,1,1,0,0,1,1,3,2,,,,,,,,,,,0.00,0,,,,N,1,1_4301527,1_4301527
1,4301447,1,,,0,16,1,1,1,1,1,1,3,4,,,,,,,,,,,0.00,1,4100001,,,N,1,1_4301447,1_4301447
1,4000722,1,,1,1,99,5,5,1,0,1,1,1,1,,,,,,,,,,,0.00,1,,,,,1,1_4000722,1_4000722
1,4300981,1,,7,0,99,1,1,1,0,1,1,3,2,0.00,,,,,,,,,,0.00,1,,,,N,1,1_4300981,1_4300981
1,4000613,1,,,1,99,5,3,1,0,1,1,1,1,,,,,,,,,,,0.00,1,,,,N,1,1_4000613,1_4000613
1,4301625,1,,7,0,70,1,1,1,0,1,1,3,4,,,,,,,,,,,0.00,1,,,,,1,1_4301625,1_4301625
1,4301679,1,,7,1,81,5,3,1,0,1,1,3,4,,,,,,,,,,,0.00,1,,,,,1,1_4301679,1_4301679
1,4000778,1,,1,1,70,5,3,1,0,1,1,1,1,,,,,,,,,,,0.00,1,,,,N,1,1_4000778,1_4000778
1,4301684,1,,6,0,8,1,3,1,0,1,1,3,4,,,,,,,,,,,0.00,1,,,,,1,1_4301684,1_4301684
1,4301874,1,,7,0,99,1,3,1,0,1,1,3,2,,,,,,,,,,,0.00,1,4100001,,,N,1,1_4301874,1_4301874
1,4301205,1,,7,0,99,1,3,1,0,1,1,3,4,,,,,,,,,,,0.00,1,4100001,,,N,1,1_4301205,1_4301205
1,4301506,1,,7,0,65,1,1,0,0,1,1,3,4,,,,,,,,,,,0.00,1,4100001,,,N,1,1_4301506,1_4301506
1,4301716,1,,8,1,70,1,3,1,0,1,1,3,4,,,,,,,,,,,0.00,1,,,,,1,1_4301716,1_4301716
1,4301081,1,,,0,,1,1,1,0,1,1,3,4,,,,,,,,,,,0.00,1,4100001,,,N,1,1_4301081,1_4301081
1,4100993,1,,,0,,1,3,1,0,1,1,1,1,,,,,,,,,,,0.00,1,,,,N,1,1_4100993,1_4100993
1,4000687,1,,1,1,99,1,3,1,0,1,1,1,1,,,,,,,,,,,0.00,1,,,,,1,1_4000687,1_4000687
1,4000632,1,,,0,,1,3,1,1,1,1,1,1,,,,,,,,,,,0.00,1,,,,N,1,1_4000632,1_4000632
1,4000633,1,,,0,,1,3,1,0,1,1,1,1,,,,,,,,,,,0.00,1,,,,N,1,1_4000633,1_4000633
1,4000634,1,,,0,,1,3,1,0,1,1,1,1,,,,,,,,,,,0.00,1,,,,N,1,1_4000634,1_4000634
1,4000638,1,,,0,,1,3,1,0,1,1,1,1,,,,,,,,,,,0.00,1,,,,N,1,1_4000638,1_4000638
1,4000535,1,,,0,,1,3,1,0,1,1,1,1,,,,,,,,,,,0.00,1,,,,N,1,1_4000535,1_4000535
1,4301549,1,,1,0,16,1,1,1,0,1,1,3,4,,,,,,,,,,,0.00,1,4100001,,,,1,1_4301549,1_4301549
1,4000630,1,,1,0,,1,3,1,0,1,1,1,1,,,,,,,,,,,0.00,1,,,,,1,1_4000630,1_4000630
1,4000628,1,,1,1,99,1,3,0,0,1,1,1,1,,,,,,,,,,,0.00,1,,,,,1,1_4000628,1_4000628
1,4000644,1,,1,0,1,1,3,1,0,1,1,1,1,,,,,,,,,,,0.00,1,,,,,1,1_4000644,1_4000644
1,4000715,1,,1,0,,1,3,1,0,1,1,1,1,,,,,,,,,,,0.00,1,,,,,1,1_4000715,1_4000715
1,4000635,1,,1,1,99,1,3,1,0,1,1,1,1,,,,,,,,,,,0.00,1,,,,,1,1_4000635,1_4000635
1,4301467,1,,7,0,72,1,1,1,1,1,1,3,4,,,,,,,,,,,0.00,1,4100001,,,N,1,1_4301467,1_4301467
1,4000640,1,,1,1,98,1,3,1,0,1,1,1,1,,,,,,,,,,,0.00,1,,,,,1,1_4000640,1_4000640
1,4101002,1,,1,1,,1,3,1,0,1,1,1,1,,,,,,,,,,,0.00,1,,,,,1,1_4101002,1_4101002
1,4101003,1,,1,1,,1,3,1,0,1,1,1,1,,,,,,,,,,,0.00,1,,,,,1,1_4101003,1_4101003
1,4000062,1,,1,0,99,1,3,1,0,1,1,1,1,,,,,,,,,,,0.00,1,,,,,1,1_4000062,1_4000062
1,4000796,1,,1,1,99,1,3,1,0,1,1,1,1,,,,,,,,,,,0.00,1,,,,N,1,1_4000796,1_4000796
1,4000618,1,,1,0,99,5,3,1,0,1,1,1,1,,,,,,,,,,,0.00,1,,,,,1,1_4000618,1_4000618
1,4301551,1,,1,0,99,1,3,1,0,1,1,3,4,,,,,,,,,,,0.00,1,,,,,1,1_4301551,1_4301551
1,4301553,1,,1,0,99,1,3,1,0,1,1,3,4,,,,,,,,,,,0.00,1,,,,,1,1_4301553,1_4301553
1,4301554,1,,1,0,8,1,3,1,0,1,1,3,4,,,,,,,,,,,0.00,1,,,,,1,1_4301554,1_4301554
1,4301562,1,,1,0,99,1,3,1,0,1,1,3,4,,,,,,,,,,,0.00,1,,,,,1,1_4301562,1_4301562
1,4300692,1,,7,0,16,1,1,1,0,1,1,3,4,,,,,,,,,,,0.00,1,4100001,,,N,1,1_4300692,1_4300692
1,4301558,1,,1,0,8,1,3,1,0,1,1,3,4,,,,,,,,,,,0.00,1,,,,,1,1_4301558,1_4301558
1,4301560,1,,1,0,8,1,3,1,0,1,1,3,4,,,,,,,,,,,0.00,1,,,,,1,1_4301560,1_4301560
1,4000619,1,,1,0,1,1,3,1,0,1,1,1,1,,,,,,,,,,,0.00,1,,,,,1,1_4000619,1_4000619
1,4301561,1,,1,0,1,1,3,1,0,1,1,3,4,,,,,,,,,,,0.00,1,,,,,1,1_4301561,1_4301561
1,4000621,1,,1,0,99,1,3,1,0,1,1,1,1,,,,,,,,,,,0.00,1,,,,,1,1_4000621,1_4000621
1,4000622,1,,1,1,98,1,3,1,0,1,1,1,1,,,,,,,,,,,0.00,1,,,,,1,1_4000622,1_4000622
1,4301565,1,,7,0,1,1,3,1,0,1,1,3,4,,,,,,,,,,,0.00,1,,,,,1,1_4301565,1_4301565
1,4000729,1,,1,1,98,1,3,1,0,1,1,1,1,,,,,,,,,,,0.00,1,,,,N,1,1_4000729,1_4000729
1,4300904,1,,7,,1,1,3,1,0,1,1,3,4,,,,,,,,,,,0.00,1,4100001,,,N,1,1_4300904,1_4300904
1,4301550,1,,1,1,99,1,3,0,0,1,1,3,4,,,,,,,,,,,0.00,1,4100001,,,,1,1_4301550,1_4301550
1,4300788,1,,7,0,8,1,3,1,0,1,1,3,2,,,,,,,,,,,0.00,1,4100001,,,N,1,1_4300788,1_4300788
1,4310020,1,,1,,,1,1,0,0,1,4,3,2,,,,,,,,,,,0.00,1,4100001,,,,1,1_4310020,1_4310020
1,4301172,1,,,0,101,1,1,1,1,1,1,3,4,3.00,,,,,,,,,,0.00,1,4100001,,,N,1,1_4301172,1_4301172
1,4300724,1,,7,1,99,1,1,1,0,1,1,3,4,,,,,,,,,,,0.00,1,4100001,,,N,1,1_4300724,1_4300724
1,4301173,1,,7,,1,1,1,1,0,1,1,3,2,,,,,,,,,,,0.00,1,4100001,,,N,1,1_4301173,1_4301173
1,4300726,1,,4,1,99,1,1,0,0,1,1,3,2,,,,,,,,,,,0.00,1,4100001,,,N,1,1_4300726,1_4300726
1,4301286,1,,7,,98,1,1,1,0,1,1,3,2,,,,,,,,,,,0.00,1,4100001,,,N,1,1_4301286,1_4301286
1,4301775,1,,7,0,99,1,3,1,0,1,1,3,4,,,,,,,,,,,0.00,1,4100001,,,N,1,1_4301775,1_4301775
1,4301209,1,,7,0,98,1,1,1,0,1,1,3,4,,,,,,,,,,,0.00,1,4100001,,,N,1,1_4301209,1_4301209
1,4301630,1,,7,0,99,1,3,1,0,1,1,3,2,,,,,,,,,,,0.00,1,,,,,1,1_4301630,1_4301630
1,4301734,1,,7,0,99,1,3,1,0,1,1,3,4,,,,,,,,,,,0.00,1,,,,N,1,1_4301734,1_4301734
1,4300977,1,,7,1,1,1,1,1,0,1,1,3,4,,,,,,,,,,,0.00,1,4100001,,,N,1,1_4300977,1_4300977
1,4000727,1,,1,0,,1,3,1,0,1,1,1,1,,,,,,,,,,,0.00,1,,,,,1,1_4000727,1_4000727
1,4300652,1,,7,1,98,1,1,1,0,1,1,3,2,0.00,,,,,,,,,,0.00,1,,,,N,1,1_4300652,1_4300652
1,4301746,1,,7,0,99,1,3,0,0,1,1,3,4,,,,,,,,,,,0.00,1,,,,N,1,1_4301746,1_4301746
1,4300891,1,,7,,98,1,1,1,0,1,1,3,4,3.00,,,,,,,,,,0.00,1,4100001,,,N,1,1_4300891,1_4300891
1,4301748,1,,7,0,98,1,3,0,0,1,1,3,4,,,,,,,,,,,0.00,1,4100001,,,N,1,1_4301748,1_4301748
1,4301785,1,,7,0,99,1,3,0,0,1,1,3,2,,,,,,,,,,,0.00,1,4100001,,,N,1,1_4301785,1_4301785
1,4301096,1,,7,0,8,1,1,1,0,1,1,3,4,,,,,,,,,,,0.00,1,,,,N,1,1_4301096,1_4301096
1,4301407,1,,4,0,8,1,1,1,0,1,1,3,2,,,,,,,,,,,0.00,1,,,,N,1,1_4301407,1_4301407
1,4301453,1,,,1,98,1,1,1,1,0,1,3,4,,,,,,,,,,,0.00,1,4100001,,,N,1,1_4301453,1_4301453
1,4301766,1,,4,0,99,5,5,1,0,1,1,3,4,,,,,,,,,,,0.00,1,,,,N,1,1_4301766,1_4301766
1,4000126,1,,,1,99,5,3,1,0,1,1,1,1,,,,,,,,,,,0.00,0,,,,N,1,1_4000126,1_4000126
1,4000789,1,,1,0,98,1,3,1,0,1,1,1,1,,,,,,,,,,,0.00,1,,,,N,1,1_4000789,1_4000789
1,4301717,1,,4,0,99,1,3,1,0,1,1,3,4,,,,,,,,,,,0.00,1,,,,,1,1_4301717,1_4301717
1,4000710,1,,1,0,99,5,3,1,0,1,1,1,1,,,,,,,,,,,0.00,1,,,,N,1,1_4000710,1_4000710
1,4000711,1,,1,1,98,3,3,1,0,1,1,1,1,,,,,,,,,,,0.00,1,,,,N,1,1_4000711,1_4000711
1,4300104,1,,6,0,40,1,1,1,0,1,1,3,2,,,,,,,,,,,0.00,1,4100001,,,N,1,1_4300104,1_4300104
1,4301524,1,,7,0,99,1,1,0,0,1,1,3,4,,,,,,,,,,,0.00,0,4100001,,,N,1,1_4301524,1_4301524
1,4000790,1,,1,0,,1,3,1,0,1,1,1,1,,,,,,,,,,,0.00,1,,,,,1,1_4000790,1_4000790
1,4000712,1,,1,1,99,1,3,1,0,1,1,1,1,,,,,,,,,,,0.00,1,,,,N,1,1_4000712,1_4000712
1,4000785,1,,1,0,,1,3,1,0,1,1,1,1,,,,,,,,,,,0.00,1,,,,,1,1_4000785,1_4000785
1,4000767,1,,1,1,99,1,3,1,0,1,1,1,1,,,,,,,,,,,0.00,1,,,,N,1,1_4000767,1_4000767
1,4000469,1,,,,99,1,3,1,0,1,1,1,1,,,,,,,,,,,0.00,0,,,,N,1,1_4000469,1_4000469
1,4000716,1,,1,0,,1,3,1,0,1,1,1,1,,,,,,,,,,,0.00,1,,,,,1,1_4000716,1_4000716
1,4301804,1,,7,0,50,5,3,1,1,1,1,3,2,,,,,,,,,,,0.00,1,4100001,,,N,1,1_4301804,1_4301804
1,4301726,1,,4,0,99,5,3,1,0,1,1,3,4,,,,,,,,,,,0.00,1,,,,N,1,1_4301726,1_4301726
1,4301095,1,,,0,,1,1,1,0,1,1,3,4,,,,,,,,,,,0.00,1,4100001,,,N,1,1_4301095,1_4301095
1,4301108,1,,,,,1,3,1,0,1,1,3,4,,,,,,,,,,,0.00,1,4100001,,,N,1,1_4301108,1_4301108
1,4301136,1,,,0,8,1,1,1,0,1,1,3,4,,,,,,,,,,,0.00,1,4100001,,,N,1,1_4301136,1_4301136
1,4301149,1,,,0,1,1,1,1,0,1,1,3,4,3.00,,,,,,,,,,0.00,1,4100001,,,N,1,1_4301149,1_4301149
1,4301163,1,,,0,8,1,1,1,0,1,1,3,4,,,,,,,,,,,0.00,1,4100001,,,N,1,1_4301163,1_4301163
1,4301168,1,,,,,1,1,1,0,1,1,3,4,,,,,,,,,,,0.00,1,4100001,,,N,1,1_4301168,1_4301168
1,4301238,1,,,,,1,1,1,0,1,1,3,4,,,,,,,,,,,0.00,1,4100001,,,N,1,1_4301238,1_4301238
1,4301266,1,,,,,1,1,1,0,1,1,3,4,,,,,,,,,,,0.00,1,4100001,,,N,1,1_4301266,1_4301266
1,4301310,1,,4,0,80,1,1,1,0,1,1,3,4,,,,,,,,,,,0.00,1,,,,N,1,1_4301310,1_4301310
1,4301457,1,,7,0,99,1,1,0,0,1,1,3,4,,,,,,,,,,,0.00,0,,,,N,1,1_4301457,1_4301457
1,4000718,1,,1,1,99,5,3,1,0,1,1,1,1,,,,,,,,,,,0.00,1,,,,N,1,1_4000718,1_4000718
1,4301437,1,,7,0,70,1,1,1,1,1,1,3,4,,,,,,,,,,,0.00,1,,,,N,1,1_4301437,1_4301437
1,4300065,1,,,,1,1,3,1,0,1,1,3,4,,,,,,,,,,,0.00,1,4100001,,,N,1,1_4300065,1_4300065
1,4301722,1,,7,1,98,1,3,1,1,1,1,3,4,,,,,,,,,,,0.00,1,4100001,,,N,1,1_4301722,1_4301722
1,4300110,1,,,1,1,1,3,1,0,1,1,3,4,5.00,,,,,,,,,,0.00,1,4100001,,,N,1,1_4300110,1_4300110
1,4300155,1,,,0,9,1,1,1,0,1,1,3,4,,,,,,,,,,,0.00,1,4100001,,,N,1,1_4300155,1_4300155
1,4300156,1,,,,1,1,3,1,0,1,1,3,4,3.00,,,,,,,,,,0.00,1,4100001,,,N,1,1_4300156,1_4300156
1,4300188,1,,,0,,1,1,1,0,1,1,3,4,,,,,,,3.00,,,,0.00,1,4100001,,,N,1,1_4300188,1_4300188
1,4300202,1,,,1,1,1,1,1,0,1,1,3,4,,,,,,,,,,,0.00,1,4100001,,,N,1,1_4300202,1_4300202
1,4300205,1,,,,1,1,3,1,0,1,1,3,4,,,,,,,,,,,0.00,1,4100001,,,N,1,1_4300205,1_4300205
1,4300221,1,,,0,12,1,1,1,0,1,1,3,4,,,,,,,,,,,0.00,1,4100001,,,N,1,1_4300221,1_4300221
1,4300222,1,,,0,13,1,1,1,0,1,1,3,4,,,,,,,3.00,,,,0.00,1,4100001,,,N,1,1_4300222,1_4300222
1,4101006,1,,1,0,,1,3,1,0,1,1,1,1,,,,,,,,,,,0.00,1,,,,,1,1_4101006,1_4101006
1,4300289,1,,,0,,1,3,1,0,1,1,3,4,,,,,,,,,,,0.00,1,4100001,,,N,1,1_4300289,1_4300289
1,4300294,1,,,0,8,1,1,1,0,1,1,3,4,,,,,,,,,,,0.00,1,4100001,,,N,1,1_4300294,1_4300294
1,4000446,1,,,0,98,1,3,1,0,1,1,1,1,,,,,,,,,,,0.00,0,,,,N,1,1_4000446,1_4000446
1,4300304,1,,,0,17,1,1,1,0,1,1,3,4,,,,,,,,,,,0.00,1,4100001,,,N,1,1_4300304,1_4300304
1,4300358,1,,,,1,1,3,1,0,1,1,3,4,,,,,,,,,,,0.00,1,4100001,,,N,1,1_4300358,1_4300358
1,4300360,1,,,0,19,1,1,1,0,1,1,3,4,,,,,,,,,,,0.00,1,4100001,,,N,1,1_4300360,1_4300360
1,4300377,1,,,,,1,1,1,0,1,1,3,4,,,,,,,,,,3.00,0.00,1,4100001,,,N,1,1_4300377,1_4300377
1,4300393,1,,,0,1,1,1,1,0,1,1,3,4,,,,,,,,,,,0.00,1,4100001,,,N,1,1_4300393,1_4300393
1,4300410,1,,,0,20,1,1,1,0,1,1,3,4,,,,,,,,,,,0.00,1,4100001,,,N,1,1_4300410,1_4300410
1,4300466,1,,,0,98,1,1,1,1,0,1,3,4,,,,,,,,,,,0.00,1,4100001,,,N,1,1_4300466,1_4300466
1,4300730,1,,,,,1,1,1,0,1,1,3,4,3.00,,,,,,,,,,0.00,1,4100001,,,N,1,1_4300730,1_4300730
1,4300733,1,,,,,1,1,1,0,1,1,3,4,,,,,,,,,,,0.00,1,4100001,,,N,1,1_4300733,1_4300733
1,4300735,1,,,0,,1,1,1,0,1,1,3,4,,,,,,,3.00,,,,0.00,1,4100001,,,N,1,1_4300735,1_4300735
1,4300749,1,,,1,99,1,1,1,0,1,1,3,4,,,,,,,,,,,0.00,1,4100001,,,N,1,1_4300749,1_4300749
1,4300787,1,,7,1,1,1,1,1,0,1,4,3,4,,,,,,,,,,,0.00,1,4100001,,,N,1,1_4300787,1_4300787
1,4300830,1,,,,1,1,3,1,0,1,1,3,4,,,,,,,3.00,,,,0.00,1,4100001,,,N,1,1_4300830,1_4300830
1,4300834,1,,,0,8,1,1,1,0,1,1,3,4,,,,,,,,,,,0.00,1,4100001,,,N,1,1_4300834,1_4300834
1,4300838,1,,,,,1,1,1,1,1,4,3,4,,,,,,,,,,,0.00,1,4100001,,,N,1,1_4300838,1_4300838
1,4300844,1,,,,,1,1,1,0,1,4,2,4,,,,,,,,,,,0.00,1,4100001,,,,1,1_4300844,1_4300844
1,4300860,1,,,0,,1,1,1,0,1,1,3,4,,,,,,,,,,,0.00,1,4100001,,,N,1,1_4300860,1_4300860
1,4300879,1,,,0,,1,1,1,0,1,1,3,4,,,,,,,,,,,0.00,1,4100001,,,N,1,1_4300879,1_4300879
1,4300886,1,,,1,,1,1,1,0,1,1,3,4,3.00,,,,,,,,,,0.00,1,4100001,,,N,1,1_4300886,1_4300886
1,4301771,1,,4,0,99,1,3,0,0,1,1,3,4,,,,,,,,,,,0.00,1,,,,N,1,1_4301771,1_4301771
1,4301770,1,,4,0,99,1,3,1,0,1,1,3,4,1.00,,,,,,,,,,0.00,1,,,,N,1,1_4301770,1_4301770
1,4000730,1,,1,0,98,1,3,0,0,1,1,1,1,,,,,,,,,,,0.00,1,,,,N,1,1_4000730,1_4000730
1,4301753,1,,7,0,98,1,3,0,0,1,1,3,3,,,,,,,,,,,0.00,1,4100001,,,N,1,1_4301753,1_4301753
1,4000773,1,,1,1,99,1,3,1,0,1,1,1,1,,,,,,,,,,,0.00,1,,,,N,1,1_4000773,1_4000773
1,4000682,1,,1,1,70,1,3,1,0,1,1,1,1,,,,,,,,,,,0.00,1,,,,,1,1_4000682,1_4000682
1,4301712,1,,7,0,98,1,3,1,0,1,1,3,4,,,,,,,,,,,0.00,1,4100001,,,,1,1_4301712,1_4301712
1,4000733,1,,1,0,,1,3,1,0,1,1,1,1,,,,,,,,,,,0.00,1,,,,,1,1_4000733,1_4000733
1,4301097,1,,7,0,99,1,1,1,0,1,1,3,2,,,,,,,,,,,0.00,1,4100001,,,N,1,1_4301097,1_4301097
1,4301786,1,,7,0,99,1,3,1,0,1,1,3,4,,,,,,,,,,,0.00,1,,,,N,1,1_4301786,1_4301786
1,4301644,1,,6,0,50,1,3,1,0,1,1,3,2,,,,,,,,,,,0.00,1,,,,,1,1_4301644,1_4301644
1,4301758,1,,7,0,99,1,3,0,0,1,1,3,4,,,,,,,,,,,0.00,1,4100001,,,N,1,1_4301758,1_4301758
1,4301759,1,,8,0,99,1,3,0,0,1,1,3,4,,,,,,,,,,,0.00,1,4100001,,,N,1,1_4301759,1_4301759
1,4000526,1,,,0,99,1,3,1,0,1,1,1,1,,,,,,,,,,,0.00,1,,,,N,1,1_4000526,1_4000526
1,4000563,1,,,0,70,1,1,0,0,1,1,1,1,,,,,,,,,,,0.00,1,,,,N,1,1_4000563,1_4000563
1,4301754,1,,7,0,98,1,3,0,0,1,1,3,2,,,,,,,,,,,0.00,1,4100001,,,N,1,1_4301754,1_4301754
1,4300211,1,,7,,1,1,1,1,0,1,1,3,4,,,,,,,,,,,0.00,1,4100001,,,N,1,1_4300211,1_4300211
1,4301477,1,,7,0,99,1,1,0,0,1,1,3,2,,,,,,,,,,,0.00,1,4100001,,,N,1,1_4301477,1_4301477
1,4301760,1,,4,0,99,1,3,0,0,1,1,3,4,,,,,,,,,,,0.00,1,4100001,,,N,1,1_4301760,1_4301760
1,4000249,1,,,1,99,1,5,1,0,1,2,1,1,,,,,,,,,,,0.00,0,,,,N,1,1_4000249,1_4000249
1,4301762,1,,7,0,99,1,3,0,0,1,1,3,2,,,,,,,,,,,0.00,1,,,,N,1,1_4301762,1_4301762
1,4300989,1,,7,0,99,1,1,1,0,1,1,3,2,,,,,,,,,,,0.00,1,4100001,,,N,1,1_4300989,1_4300989
1,4301817,1,,7,0,8,1,3,1,0,1,1,3,2,,,,,,,,,,,0.00,1,4100001,,,N,1,1_4301817,1_4301817
1,4000791,1,,1,0,,5,3,1,0,1,1,1,1,,,,,,,,,,,0.00,1,,,,,1,1_4000791,1_4000791
1,4300254,1,,7,0,99,1,3,1,0,1,1,3,2,,,,,,,,,,,0.00,1,4100001,,,,1,1_4300254,1_4300254
1,4100995,1,,,1,99,1,3,1,0,1,1,1,1,,,,,,,,,,,19.00,1,,,,N,1,1_4100995,1_4100995
1,4000735,1,,1,0,99,1,3,1,0,1,1,1,1,,,,,,,,,,,0.00,1,,,,N,1,1_4000735,1_4000735
1,4000736,1,,1,1,98,1,3,1,0,1,1,1,1,,,,,,,,,,,0.00,1,,,,,1,1_4000736,1_4000736
1,4301000,1,,7,0,99,1,1,1,0,1,1,3,2,,,,,,,,,,,0.00,1,,,,N,1,1_4301000,1_4301000
1,4301744,1,,7,0,99,1,3,1,0,1,1,3,2,,,,,,,,,,,0.00,1,4100001,,,,1,1_4301744,1_4301744
1,4301769,1,,7,0,99,1,3,1,1,1,1,3,4,,,,,,,,,,,0.00,1,,,,N,1,1_4301769,1_4301769
1,4000738,1,,1,0,99,1,3,1,0,1,1,1,1,,,,,,,,,,,0.00,1,,,,N,1,1_4000738,1_4000738
1,4000232,1,,,1,99,1,3,1,0,1,1,1,1,,,,,,,,,,,0.00,0,,,,N,1,1_4000232,1_4000232
1,4301732,1,,7,0,99,1,3,1,0,1,1,3,4,,,,,,,,,,,0.00,1,4100001,,,,1,1_4301732,1_4301732
1,4301735,1,,7,0,99,1,3,1,0,1,1,3,4,,,,,,,,,,,0.00,1,4100001,,,N,1,1_4301735,1_4301735
1,4300703,1,,7,0,99,1,3,0,0,1,1,3,4,,,,,,,,,,,0.00,1,4100001,,,N,1,1_4300703,1_4300703
1,4301389,1,,,1,1,1,1,0,0,1,4,3,4,,,,,,,,,,,0.00,0,4100001,,,N,1,1_4301389,1_4301389
1,4301772,1,,7,0,99,1,3,1,0,1,1,3,4,,,,,,,,,,,0.00,1,4100001,,,N,1,1_4301772,1_4301772
1,4301767,1,,7,0,99,3,3,0,0,1,1,3,4,,,,,,,,,,,0.00,1,4100001,,,N,1,1_4301767,1_4301767
1,4301777,1,,6,0,99,1,3,1,0,1,1,3,4,,,,,,,,,,,0.00,1,,,,N,1,1_4301777,1_4301777
1,4300331,1,,8,0,99,1,3,1,0,1,1,3,2,,,,,,,,,,,0.00,1,4100001,,,N,1,1_4300331,1_4300331
1,4000739,1,,1,1,99,1,3,1,0,1,1,1,1,,,,,,,,,,,0.00,1,,,,N,1,1_4000739,1_4000739
1,4000740,1,,1,0,,1,3,1,0,1,1,1,1,,,,,,,,,,,0.00,1,,,,,1,1_4000740,1_4000740
1,4301419,1,,7,1,70,1,1,1,0,1,1,3,4,,,,,,,,,,,0.00,0,4100001,,,N,1,1_4301419,1_4301419
1,4000741,1,,1,0,98,1,3,1,0,1,1,1,1,,,,,,,,,,,0.00,1,,,,,1,1_4000741,1_4000741
1,4301781,1,,7,0,99,1,3,1,0,1,1,3,4,,,,,,,,,,,0.00,1,,,,N,1,1_4301781,1_4301781
1,4000742,1,,1,0,99,1,3,1,0,1,1,1,1,,,,,,,,,,,0.00,1,,,,,1,1_4000742,1_4000742
1,4301776,1,,7,0,99,1,3,1,0,1,1,3,4,,,,,,,,,,,0.00,1,4100001,,,N,1,1_4301776,1_4301776
1,4000724,1,,1,1,99,1,3,1,0,1,1,1,1,,,,,,,,,,,0.00,1,,,,,1,1_4000724,1_4000724
1,4000743,1,,1,0,,1,3,1,0,1,1,1,1,,,,,,,,,,,0.00,1,,,,,1,1_4000743,1_4000743
1,4301282,1,,7,0,16,1,1,1,0,1,1,3,4,0.00,,,,,,,,,,0.00,1,4100001,,,N,1,1_4301282,1_4301282
1,4301697,1,,4,0,99,1,3,1,0,1,1,3,2,,,,,,,,,,,0.00,1,,,,,1,1_4301697,1_4301697
1,4301535,1,,7,0,1,1,1,0,0,1,1,3,2,,,,,,,,,,,0.00,0,4100001,,,N,1,1_4301535,1_4301535
1,4000744,1,,1,0,98,1,3,1,0,1,1,1,1,,,,,,,,,,,0.00,1,,,,N,1,1_4000744,1_4000744
1,4301763,1,,7,0,99,1,3,0,0,1,1,4,4,,,,,,,,,,,0.00,1,,,,N,1,1_4301763,1_4301763
1,4301680,1,,7,0,99,5,3,1,0,1,1,3,4,,,,,,,,,,,0.00,1,,,,,1,1_4301680,1_4301680
1,4301724,1,,7,0,1,1,3,1,0,1,1,3,2,,,,,,,,,,,0.00,1,4100001,,,N,1,1_4301724,1_4301724
1,4301507,1,,7,0,99,1,1,0,0,1,1,3,2,,,,,,,,,,,0.00,1,4100001,,,N,1,1_4301507,1_4301507
1,4300016,1,,7,0,98,1,1,0,0,1,1,3,2,,,,,,,,,,,0.00,1,4100001,,,N,1,1_4300016,1_4300016
1,4301144,1,,7,,99,1,1,1,0,1,1,3,2,,,,,,,,,,,0.00,1,,,,N,1,1_4301144,1_4301144
1,4301024,1,,6,0,70,1,1,0,0,1,1,3,2,,,,,,,,,,,0.00,0,,,,N,1,1_4301024,1_4301024
1,4301690,1,,7,0,8,1,3,1,0,1,1,3,2,,,,,,,,,,,0.00,1,,,,N,1,1_4301690,1_4301690
1,4301787,1,,7,1,70,1,3,1,0,1,1,3,4,,,,,,,,,,,0.00,1,,,,N,1,1_4301787,1_4301787
1,4301782,1,,7,0,99,1,3,1,0,1,1,3,4,,,,,,,,,,,0.00,1,4100001,,,N,1,1_4301782,1_4301782
1,4300871,1,,7,0,99,1,1,1,0,1,1,3,2,,,,,,,,,,,0.00,1,,,,N,1,1_4300871,1_4300871
1,4301526,1,,4,0,99,1,1,0,0,1,1,3,2,,,,,,,,,,,0.00,1,,,,N,1,1_4301526,1_4301526
1,4301791,1,,4,0,99,1,3,1,0,1,1,3,4,,,,,,,,,,,0.00,1,,,,N,1,1_4301791,1_4301791
1,4301794,1,,4,0,99,1,3,1,0,1,1,3,4,,,,,,,,,,,0.00,1,,,,N,1,1_4301794,1_4301794
1,4301773,1,,7,0,39,1,3,0,0,1,1,3,2,,,,,,,,,,,0.00,1,,,,N,1,1_4301773,1_4301773
1,4301796,1,,8,0,99,1,3,1,0,1,1,3,4,,,,,,,,,,,0.00,1,,,,N,1,1_4301796,1_4301796
1,4000746,1,,1,0,70,1,3,1,0,1,1,1,1,,,,,,,,,,,0.00,1,,,,N,1,1_4000746,1_4000746
1,4300753,1,,4,0,99,1,1,1,0,1,1,3,2,,,,,,,,,,,0.00,1,,,,N,1,1_4300753,1_4300753
1,4301798,1,,8,0,70,1,3,1,0,1,1,3,4,,,,,,,,,,,0.00,1,,,,N,1,1_4301798,1_4301798
1,4100988,1,,1,0,,1,3,1,0,1,1,1,1,,,,,,,,,,,0.00,1,,,,,1,1_4100988,1_4100988
1,4301805,1,,8,1,98,5,3,1,0,1,1,3,4,,,,,,,,,,,0.00,1,,,,N,1,1_4301805,1_4301805
1,4000747,1,,1,0,,1,3,1,0,1,1,1,1,,,,,,,,,,,0.00,1,,,,,1,1_4000747,1_4000747
1,4300754,1,,7,0,99,1,3,0,0,1,1,3,2,,,,,,,,,,,0.00,1,4100001,,,N,1,1_4300754,1_4300754
1,4301808,1,,7,0,99,1,3,1,0,1,1,3,4,,,,,,,,,,,0.00,1,,,,N,1,1_4301808,1_4301808
1,4000748,1,,1,0,,1,3,1,0,1,1,1,1,,,,,,,,,,,0.00,1,,,,,1,1_4000748,1_4000748
1,4000754,1,,1,1,99,1,3,1,0,1,3,1,1,,,,,,,,,,,0.00,1,,,,N,1,1_4000754,1_4000754
1,4000749,1,,1,0,70,1,3,1,0,1,1,1,1,,,,,,,,,,,0.00,1,,,,N,1,1_4000749,1_4000749
1,4301810,1,,4,0,99,1,3,1,0,1,1,3,4,,,,,,,,,,,0.00,1,,,,N,1,1_4301810,1_4301810
1,4302037,1,,8,0,27,1,1,1,0,1,1,3,2,,,,,,,,,,,0.00,1,4100001,,,N,1,1_4302037,1_4302037
1,4000750,1,,1,0,99,1,3,1,0,1,1,1,1,,,,,,,,,,,0.00,1,,,,N,1,1_4000750,1_4000750
1,4000245,1,,1,0,70,1,3,1,0,1,1,1,1,,,,,,,,,,,0.00,1,,,,N,1,1_4000245,1_4000245
1,4301811,1,,7,0,99,1,3,1,0,1,1,3,4,,,,,,,,,,,0.00,1,,,,N,1,1_4301811,1_4301811
1,4301729,1,,7,0,98,1,3,1,0,1,1,3,2,,,,,,,,,,,0.00,1,4100001,,,N,1,1_4301729,1_4301729
1,4301621,1,,7,0,99,1,1,1,0,1,1,3,2,,,,,,,,,,,0.00,1,4100001,,,,1,1_4301621,1_4301621
1,4000752,1,,1,0,,1,3,1,0,1,1,1,1,,,,,,,,,,,0.00,1,,,,,1,1_4000752,1_4000752
1,4000637,1,,1,1,99,1,3,1,0,1,1,1,1,,,,,,,,,,,0.00,1,,,,,1,1_4000637,1_4000637
1,4301813,1,,7,0,8,1,3,1,0,1,1,3,4,,,,,,,,,,,0.00,1,,,,N,1,1_4301813,1_4301813
1,4301812,1,,7,0,50,1,3,1,0,1,1,3,2,,,,,,,,,,,0.00,1,,,,N,1,1_4301812,1_4301812
1,4301828,1,,8,1,70,1,3,1,0,1,1,3,4,,,,,,,,,,,0.00,1,,,,N,1,1_4301828,1_4301828
1,4301802,1,,4,0,8,1,3,1,0,1,1,3,4,,,,,,,,,,,0.00,1,,,,N,1,1_4301802,1_4301802
1,4000559,1,,,1,99,1,3,1,0,1,4,1,1,,,,,,,,,,,0.00,1,,,,N,1,1_4000559,1_4000559
1,4301820,1,,7,0,99,1,3,1,0,1,1,3,4,,,,,,,,,,,0.00,1,4100001,,,N,1,1_4301820,1_4301820
1,4300332,1,,7,0,98,1,3,1,0,1,1,3,2,,,,,,,,,,,0.00,1,4100001,,,N,1,1_4300332,1_4300332
1,4300240,1,,7,,99,1,3,1,0,1,1,3,2,,,,,,,,,,,0.00,1,,,,N,1,1_4300240,1_4300240
1,4300228,1,,16,1,99,1,1,1,0,1,1,3,2,,,,,,,,,,,0.00,0,,,,N,1,1_4300228,1_4300228
1,4301789,1,,4,0,99,1,3,0,0,1,1,3,2,,,,,,,,,,,0.00,1,,,,N,1,1_4301789,1_4301789
1,4301768,1,,7,0,99,1,3,0,0,1,1,3,2,,,,,,,,,,,0.00,1,4100001,,,N,1,1_4301768,1_4301768
1,4301733,1,,4,0,99,1,3,1,0,1,1,3,2,1.00,,,,,,,,,,0.00,1,4100001,,,N,1,1_4301733,1_4301733
1,4301529,1,,7,0,70,1,1,0,0,1,1,3,2,,,,,,,,,,,0.00,0,,,,N,1,1_4301529,1_4301529
1,4301433,1,,7,0,99,1,1,0,0,1,4,3,2,,,,,,,,,,,0.00,1,,,,N,1,1_4301433,1_4301433
1,4301709,1,,7,0,99,1,3,0,0,1,1,3,2,,,,,,,,,,,0.00,1,4100001,,,,1,1_4301709,1_4301709
1,4000443,1,,,1,70,1,1,1,0,1,1,1,1,,,,,,,,,,,0.00,0,,,,N,1,1_4000443,1_4000443
1,4301815,1,,7,0,99,1,3,1,0,1,1,3,4,,,,,,,,,,,0.00,1,,,,N,1,1_4301815,1_4301815
1,4301221,1,,7,0,50,1,1,1,0,1,1,3,2,,,,,,,,,,,0.00,1,,,,N,1,1_4301221,1_4301221
1,4300921,1,,7,0,99,1,3,1,0,1,1,3,2,,,,,,,,,,,0.00,1,4100001,,,N,1,1_4300921,1_4300921
1,4301799,1,,7,0,99,1,3,1,0,1,1,3,2,,,,,,,,,,,0.00,1,,,,N,1,1_4301799,1_4301799
1,4301757,1,,7,0,99,1,3,0,0,1,1,3,2,,,,,,,,,,,0.00,1,4100001,,,N,1,1_4301757,1_4301757
1,4301814,1,,8,0,99,1,3,0,0,1,1,3,2,,,,,,,,,,,0.00,1,4100001,,,N,1,1_4301814,1_4301814
1,4301107,1,,7,0,77,1,1,1,0,1,1,3,2,0.00,,,,,,,,,,0.00,1,4100001,,,N,1,1_4301107,1_4301107
1,4301234,1,,6,0,27,1,1,0,0,1,1,3,4,,,,,,,,,,,0.00,1,4100001,,,N,1,1_4301234,1_4301234
1,4300013,1,,5,0,99,1,3,1,0,1,1,3,2,,,,,,,,,,,0.00,1,,,,N,1,1_4300013,1_4300013
1,4301682,1,,7,0,75,1,3,1,0,1,1,3,2,,,,,,,,,,,0.00,1,,,,,1,1_4301682,1_4301682
1,4301779,1,,4,0,99,1,3,0,0,1,1,3,2,,,,,,,,,,,0.00,1,,,,N,1,1_4301779,1_4301779
1,4301784,1,,7,0,99,1,3,0,0,1,1,3,2,,,,,,,,,,,0.00,1,,,,N,1,1_4301784,1_4301784
1,4301871,1,,4,0,99,1,3,1,0,1,1,3,2,,,,,,,,,,,0.00,1,,,,N,1,1_4301871,1_4301871
1,4000751,1,,1,1,98,1,3,1,0,1,1,1,1,,,,,,,,,,,0.00,1,,,,N,1,1_4000751,1_4000751
1,4301559,1,,7,1,1,1,3,1,0,1,1,3,2,,,,,,,,,,,0.00,0,4100001,,,N,1,1_4301559,1_4301559
1,4301574,1,,7,0,8,1,3,0,0,1,1,3,2,,,,,,,,,,,0.00,1,,,,,1,1_4301574,1_4301574
1,4300267,1,,6,0,99,1,3,1,0,1,1,3,2,,,,,,,,,,,0.00,1,,,,N,1,1_4300267,1_4300267
1,4301882,1,,7,1,98,1,3,1,0,1,1,3,2,,,,,,,,,,,0.00,1,,,,N,1,1_4301882,1_4301882
1,4100753,1,,1,0,,1,3,1,0,1,1,1,1,,,,,,,,,,,15.00,1,,,,,1,1_4100753,1_4100753
1,4301495,1,,7,0,99,1,1,0,0,1,1,3,4,,,,,,,,,,,0.00,1,4100001,,,N,1,1_4301495,1_4301495
1,4000755,1,,1,0,99,1,3,1,0,1,1,1,1,,,,,,,,,,,0.00,1,,,,N,1,1_4000755,1_4000755
1,4300929,1,,7,0,99,1,1,1,0,1,1,3,2,,,,,,,,,,,0.00,1,4100001,,,N,1,1_4300929,1_4300929
1,4000756,1,,1,0,98,1,3,1,0,1,1,1,1,,,,,,,,,,,0.00,1,,,,,1,1_4000756,1_4000756
1,4301823,1,,4,0,99,1,3,1,0,1,1,3,4,,,,,,,,,,,0.00,1,,,,N,1,1_4301823,1_4301823
1,4301806,1,,8,0,75,1,3,0,0,1,1,3,2,,,,,,,,,,,0.00,1,4100001,,,N,1,1_4301806,1_4301806
1,4301826,1,,1,0,,1,3,1,0,1,1,1,2,,,,,,,,,,,0.00,1,,,,,1,1_4301826,1_4301826
1,4301829,1,,8,1,70,1,3,1,0,1,1,3,4,,,,,,,,,,,0.00,1,,,,N,1,1_4301829,1_4301829
1,4301830,1,,7,0,99,1,3,1,0,1,1,3,4,,,,,,,,,,,0.00,1,,,,N,1,1_4301830,1_4301830
1,4300880,1,,7,,1,1,1,1,0,1,1,3,2,,,0.00,,,,,,,,0.00,1,4100001,,,N,1,1_4300880,1_4300880
1,4301296,1,,7,0,8,1,1,1,0,1,1,3,4,,,,,,,,,,,0.00,1,4100001,,,N,1,1_4301296,1_4301296
1,4301821,1,,7,0,99,1,3,1,0,1,1,3,2,,,,,,,,,,,0.00,1,4100001,,,N,1,1_4301821,1_4301821
1,4301822,1,,7,0,99,1,3,1,0,1,1,3,4,,,,,,,,,,,0.00,1,4100001,,,N,1,1_4301822,1_4301822
1,4301824,1,,7,0,99,1,3,1,0,1,1,3,4,,,,,,,,,,,0.00,1,4100001,,,N,1,1_4301824,1_4301824
1,4301825,1,,7,0,99,1,3,1,0,1,1,3,4,,,,,,,,,,,0.00,1,4100001,,,N,1,1_4301825,1_4301825
1,4301832,1,,7,0,99,1,3,0,0,1,1,3,4,,,,,,,,,,,0.00,1,4100001,,,N,1,1_4301832,1_4301832
1,4300712,1,,7,0,99,1,3,1,0,1,1,3,2,,,,,,,,,,,0.00,1,4100001,,,N,1,1_4300712,1_4300712
1,4300101,1,,8,0,8,1,1,1,0,1,1,3,2,,,,,,,,,,,0.00,1,4100001,,,N,1,1_4300101,1_4300101
1,4301021,1,,7,0,99,1,1,1,0,1,1,3,4,,,,,,,,,,,0.00,1,4100001,,,N,1,1_4301021,1_4301021
1,4000759,1,,1,0,99,1,3,1,0,1,1,1,1,,,,,,,,,,,0.00,1,,,,N,1,1_4000759,1_4000759
1,4301835,1,,7,0,99,1,3,0,0,1,1,3,4,,,,,,,,,,,0.00,1,,,,N,1,1_4301835,1_4301835
1,4000100,1,,1,0,,1,3,1,0,1,1,1,1,,,,,,,,,,,0.00,1,,,,,1,1_4000100,1_4000100
1,4300895,1,,7,0,99,1,3,1,0,1,1,3,2,,,,,,,,,,,0.00,1,4100001,,,N,1,1_4300895,1_4300895
1,4300592,1,,4,0,99,1,1,1,0,1,1,3,2,,,,,,,,,,,0.00,1,,,,N,1,1_4300592,1_4300592
1,4301837,1,,7,0,98,1,3,1,0,1,1,3,4,,,,,,,,,,,0.00,1,4100001,,,N,1,1_4301837,1_4301837
1,4100992,1,,1,0,,1,3,1,0,1,1,1,1,,,,,,,,,,,0.00,1,,,,,1,1_4100992,1_4100992
1,4300066,1,,7,,1,1,3,1,0,1,1,3,2,,,,,,,,,,,0.00,1,4100001,,,N,1,1_4300066,1_4300066
1,4301439,1,,7,0,99,1,1,1,0,1,4,3,2,,,,,,,,,,,0.00,1,4100001,,,N,1,1_4301439,1_4301439
1,4301836,1,,7,0,99,1,3,1,0,1,1,3,2,,,,,,,,,,,0.00,1,,,,N,1,1_4301836,1_4301836
1,4301111,1,,7,0,,5,3,1,0,1,1,3,4,,,,,,,,,,,0.00,1,,,,N,1,1_4301111,1_4301111
1,4000765,1,,1,0,,1,3,1,0,1,1,1,1,,,,,,,,,,,0.00,1,,,,,1,1_4000765,1_4000765
1,4300617,1,,6,0,1,1,1,1,0,1,3,3,2,,,,,,,,,,,0.00,1,,,,N,1,1_4300617,1_4300617
1,4000674,1,,1,1,99,1,3,1,0,1,1,1,1,,,,,,,,,,,0.00,1,,,,,1,1_4000674,1_4000674
1,4301518,1,,7,1,99,1,1,0,0,1,1,3,2,,,,,,,,,,,0.00,1,4100001,,,N,1,1_4301518,1_4301518
1,4300200,1,,7,0,99,1,1,1,0,1,1,3,2,,,,,,,,,,,0.00,1,4100001,,,N,1,1_4300200,1_4300200
1,4301819,1,,7,0,99,1,3,1,0,1,1,3,2,,,,,,,,,,,0.00,1,4100001,,,N,1,1_4301819,1_4301819
1,4301638,1,,7,0,16,1,3,1,0,1,1,3,2,,,,,,,,,,,0.00,1,4100001,,,,1,1_4301638,1_4301638
1,4300755,1,,7,0,66,1,1,1,0,1,1,3,2,,,,,,,,,,0.00,0.00,1,4100001,,,N,1,1_4300755,1_4300755
1,4301843,1,,8,1,8,1,3,1,0,1,1,3,2,,,,,,,,,,,0.00,1,,,,N,1,1_4301843,1_4301843
1,4000771,1,,1,1,99,1,3,1,0,1,1,1,1,,,,,,,,,,,0.00,1,,,,N,1,1_4000771,1_4000771
1,4301226,1,,7,0,1,1,1,1,0,1,1,3,2,,,,,,,,,,,0.00,1,4100001,,,N,1,1_4301226,1_4301226
1,4300545,1,,7,1,1,1,1,1,0,1,1,3,2,,,,,,,,,,,0.00,1,4100001,,,N,1,1_4300545,1_4300545
1,4300714,1,,8,,1,1,3,1,0,1,1,3,2,,,,,,,,,,,0.00,1,4100001,,,N,1,1_4300714,1_4300714
1,4100991,1,,1,0,,1,3,1,0,1,1,1,1,,,,,,,,,,,0.00,1,,,,,1,1_4100991,1_4100991
1,4300845,1,,7,0,99,1,1,1,0,1,1,3,2,,,,,,,,,,0.00,0.00,0,4100001,,,N,1,1_4300845,1_4300845
1,4300678,1,,7,0,1,1,1,1,0,1,1,3,2,,,,,,,,,,,0.00,1,4100001,,,N,1,1_4300678,1_4300678
1,4000774,1,,1,1,99,1,3,1,0,1,1,1,1,,,,,,,,,,,0.00,1,,,,N,1,1_4000774,1_4000774
1,4000772,1,,1,0,,1,3,1,0,1,1,1,1,,,,,,,,,,,0.00,1,,,,,1,1_4000772,1_4000772
1,4300493,1,,7,0,99,1,3,1,0,1,1,3,4,,,,,,,,,,,0.00,1,4100001,,,N,1,1_4300493,1_4300493
1,4301428,1,,7,0,8,1,1,0,0,1,1,3,2,,,,,,,,,,,0.00,1,,,,N,1,1_4301428,1_4301428
1,4301167,1,,6,0,99,1,1,1,0,1,1,3,2,,,,,,,,,,,0.00,1,4100001,,,N,1,1_4301167,1_4301167
1,4301833,1,,7,0,99,1,3,1,0,1,1,3,2,,,,,,,,,,,0.00,1,4100001,,,N,1,1_4301833,1_4301833
1,4301842,1,,7,0,99,1,3,1,0,1,1,3,2,,,,,,,,,,,0.00,1,4100001,,,N,1,1_4301842,1_4301842
1,4301271,1,,7,1,70,1,1,0,0,1,1,3,2,,,,,,,,,,,0.00,1,4100001,,,N,1,1_4301271,1_4301271
1,4300837,1,,7,0,99,1,1,1,0,1,1,3,2,,,,,,,,,,,0.00,1,4100001,,,N,1,1_4300837,1_4300837
1,4301844,1,,7,0,99,1,3,1,0,1,1,3,2,,,,,,,,,,,0.00,1,4100001,,,N,1,1_4301844,1_4301844
1,4301850,1,,7,0,99,1,3,1,0,1,1,3,4,,,,,,,,,,,0.00,1,4100001,,,N,1,1_4301850,1_4301850
1,4301705,1,,7,0,8,1,3,1,0,1,1,3,2,,,,,,,,,,,0.00,1,,,,,1,1_4301705,1_4301705
1,4300532,1,,7,0,99,1,3,1,0,1,1,3,2,,,,,,,0.00,,,,0.00,1,4100001,,,N,1,1_4300532,1_4300532
1,4301487,1,,7,0,70,1,1,0,0,1,1,3,2,,,,,,,,,,,0.00,1,4100001,,,N,1,1_4301487,1_4301487
1,4301555,1,,7,0,99,1,3,1,0,1,1,3,2,,,,,,,,,,,0.00,0,4100001,,,N,1,1_4301555,1_4301555
1,4301626,1,,8,0,1,1,3,1,0,1,1,3,2,,,,,,,,,,,0.00,1,4100001,,,,1,1_4301626,1_4301626
1,4302013,1,,7,0,1,1,1,1,0,1,1,3,2,,,,,,,,,,,0.00,1,4100001,,,N,1,1_4302013,1_4302013
1,4000780,1,,1,1,99,1,3,1,0,1,1,0,0,,,,,,,,,,,0.00,1,,,,N,1,1_4000780,1_4000780
1,4300019,1,,7,1,1,1,1,1,0,0,1,3,2,,,,,,,,,,,0.00,0,4100001,,,N,1,1_4300019,1_4300019
1,4300301,1,,6,1,1,1,1,1,0,1,1,3,2,,,,,,,,,,,0.00,1,4100001,,,N,1,1_4300301,1_4300301
1,4301853,1,,1,0,99,1,3,1,0,1,1,3,2,,,,,,,,,,,0.00,1,,,,N,1,1_4301853,1_4301853
1,4301547,1,,1,1,98,1,1,0,0,1,1,3,4,,,,,,,,,,,0.00,0,4100001,,,N,1,1_4301547,1_4301547
1,4301834,1,,7,1,98,3,3,1,0,1,1,3,4,,,,,,,,,,,0.00,1,,,,N,1,1_4301834,1_4301834
1,4000477,1,,,0,98,1,3,1,0,1,1,1,1,,,,,,,,,,,0.00,0,,,,N,1,1_4000477,1_4000477
1,4000592,1,,,0,98,1,3,0,0,1,1,1,1,,,,,,,,,,,0.00,1,,,,N,1,1_4000592,1_4000592
1,4301855,1,,7,1,98,1,3,1,1,1,1,3,2,,,,,,,,,,,0.00,1,,,,N,1,1_4301855,1_4301855
1,4301219,1,,7,0,16,1,1,1,0,1,1,3,2,,,,,,,,,,,0.00,1,4100001,,,N,1,1_4301219,1_4301219
1,4000782,1,,1,0,99,1,3,1,0,1,1,0,0,,,,,,,,,,,0.00,1,,,,,1,1_4000782,1_4000782
1,4300978,1,,7,0,6,1,1,1,0,1,1,3,2,,,,,,,,,,,0.00,1,4100001,,,N,1,1_4300978,1_4300978
1,4301807,1,,7,1,70,1,3,1,0,1,1,3,2,,,,,,,,,,,0.00,1,4100001,,,N,1,1_4301807,1_4301807
1,4300927,1,,7,0,99,1,1,1,0,1,1,3,2,,,,,,,,,,,0.00,1,,,,N,1,1_4300927,1_4300927
1,4301309,1,,4,0,99,1,1,1,0,1,1,3,2,,,,,,,,,,,0.00,1,,,,N,1,1_4301309,1_4301309
1,4301641,1,,7,0,98,1,3,1,0,1,1,3,2,,,,,,,,,,,0.00,1,4100001,,,,1,1_4301641,1_4301641
1,4301856,1,,7,0,99,1,3,1,0,1,1,3,2,,,,,,,,,,,0.00,1,4100001,,,N,1,1_4301856,1_4301856
1,4301557,1,,7,1,70,5,3,1,0,1,1,3,2,,,,,,,,,,,0.00,1,,,,,1,1_4301557,1_4301557
1,4301862,1,,7,0,99,1,1,1,0,1,1,3,2,,,,,,,,,,,0.00,1,4100001,,,N,1,1_4301862,1_4301862
1,4300852,1,,7,0,99,1,1,1,0,1,1,3,2,,,,,,,,,,,0.00,1,4100001,,,N,1,1_4300852,1_4300852
1,4301816,1,,7,1,70,1,3,1,0,1,1,3,2,,,,,,,,,,,0.00,1,,,,N,1,1_4301816,1_4301816
1,4301764,1,,7,0,70,1,3,0,0,1,1,3,2,,,,,,,,,,,0.00,1,4100001,,,,1,1_4301764,1_4301764
1,4301438,1,,4,0,53,1,1,0,0,1,4,3,2,,,,,,,,,,,0.00,0,,,,N,1,1_4301438,1_4301438
1,4301860,1,,4,0,99,1,3,1,0,1,1,3,1,,,,,,,,,,,0.00,1,,,,N,1,1_4301860,1_4301860
1,4301859,1,,4,0,99,1,3,1,0,1,1,2,2,,,,,,,,,,,0.00,1,,,,N,1,1_4301859,1_4301859
1,4100783,1,,1,0,,1,3,1,0,1,1,1,1,,,,,,,,,,,0.00,1,,,,,1,1_4100783,1_4100783
1,4301854,1,,7,0,99,1,3,1,0,1,1,3,2,,,,,,,,,,,0.00,1,4100001,,,N,1,1_4301854,1_4301854
1,4301861,1,,8,0,99,1,3,1,0,1,1,3,2,,,,,,,,,,,0.00,1,,,,N,1,1_4301861,1_4301861
1,4301395,1,,8,0,16,1,1,1,1,1,1,3,2,,,,,,,,,,,0.00,1,4100001,,,N,1,1_4301395,1_4301395
1,4301408,1,,,1,98,1,1,1,1,1,1,3,2,,,,,,,,,,,0.00,1,4100001,,,N,1,1_4301408,1_4301408
1,4300076,1,,7,0,70,1,3,1,0,1,1,3,2,,,,,,,,,,,0.00,1,4100001,,,N,1,1_4300076,1_4300076
1,4301397,1,,7,1,98,1,1,1,1,1,1,3,2,,,,,,,,,,,0.00,1,4100001,,,N,1,1_4301397,1_4301397
1,4301851,1,,7,0,99,1,3,1,0,1,1,3,2,,,,,,,,,,,0.00,1,4100001,,,N,1,1_4301851,1_4301851
1,4301840,1,,7,0,8,1,3,1,0,1,1,3,2,,,,,,,,,,,0.00,1,4100001,,,N,1,1_4301840,1_4301840
1,4301839,1,,7,0,99,1,3,1,0,1,1,3,2,,,,,,,,,,,0.00,1,4100001,,,N,1,1_4301839,1_4301839
1,4301864,1,,7,0,99,1,3,1,0,1,1,3,2,,,,,,,,,,,0.00,1,4100001,,,N,1,1_4301864,1_4301864
1,4300210,1,,7,0,99,1,3,1,0,1,1,3,2,2.00,,,,,,,,,,0.00,1,4100001,,,N,1,1_4300210,1_4300210
1,4301848,1,,7,0,99,1,3,1,0,1,1,3,2,,,,,,,,,,,0.00,1,,,,N,1,1_4301848,1_4301848
1,4300357,1,,6,0,99,1,1,1,0,1,1,3,2,0.00,,,,,,,,,,0.00,1,,,,N,1,1_4300357,1_4300357
1,4301867,1,,1,0,,3,3,1,0,1,1,2,2,,,,,,,,,,,0.00,1,,,,,1,1_4301867,1_4301867
1,4301731,1,,7,0,98,1,3,1,0,1,1,3,2,,,,,,,,,,,0.00,1,4100001,,,N,1,1_4301731,1_4301731
1,4301153,1,,8,1,70,1,1,1,1,1,1,3,2,,,,,,,,,,,0.00,1,4100001,,,N,1,1_4301153,1_4301153
1,4301868,1,,7,1,98,1,3,1,0,1,1,3,2,,,,,,,,,,,0.00,1,,,,N,1,1_4301868,1_4301868
1,4301474,1,,7,0,99,1,1,0,0,1,4,3,2,,,,,,,,,,,0.00,1,4100001,,,N,1,1_4301474,1_4301474
1,4300637,1,,6,0,99,1,1,1,0,1,1,3,3,,,,,,,,,,,0.00,1,4100001,,,N,1,1_4300637,1_4300637
1,4301870,1,,7,0,99,5,3,1,0,1,1,3,2,,,,,,,,,,,0.00,1,,,,N,1,1_4301870,1_4301870
1,4300227,1,,7,1,99,1,1,1,0,1,1,3,2,,,,,,,0.00,,,,0.00,1,4100001,,,N,1,1_4300227,1_4300227
1,4000788,1,,1,0,99,1,3,1,0,1,1,1,1,,,,,,,,,,,0.00,1,,,,N,1,1_4000788,1_4000788
1,4301872,1,,8,1,98,1,3,1,0,1,1,3,2,,,,,,,,,,,0.00,1,,,,N,1,1_4301872,1_4301872
1,4301460,1,,7,0,1,1,1,1,1,0,1,3,2,,,,,,,,,,,0.00,1,4100001,,,N,1,1_4301460,1_4301460
1,4000795,1,,1,0,99,1,3,1,0,1,1,1,1,,,,,,,,,,,0.00,1,,,,,1,1_4000795,1_4000795
1,4301875,1,,4,0,99,1,3,1,0,1,1,3,2,,,,,,,,,,,0.00,1,,,,N,1,1_4301875,1_4301875
1,4301876,1,,4,0,99,1,3,1,0,1,1,3,2,,,,,,,,,,,0.00,1,,,,N,1,1_4301876,1_4301876
1,4000792,1,,1,0,99,1,3,1,0,1,1,1,1,,,,,,,,,,,0.00,1,,,,N,1,1_4000792,1_4000792
1,4301878,1,,8,1,,1,3,1,0,1,1,3,2,,,,,,,,,,,0.00,1,,,,N,1,1_4301878,1_4301878
1,4301594,1,,7,0,1,1,3,0,0,1,1,3,2,,,,,,,,,,,0.00,0,4100001,,,N,1,1_4301594,1_4301594
1,4301778,1,,7,1,70,1,3,0,0,1,1,3,2,,,,,,,,,,,0.00,1,,,,N,1,1_4301778,1_4301778
1,4301873,1,,10,0,,3,3,1,1,1,1,3,2,,,,,,,,,,,0.00,1,,,,N,1,1_4301873,1_4301873
1,4301877,1,,7,0,8,1,3,1,0,1,1,3,2,,,,,,,,,,,0.00,1,4100001,,,N,1,1_4301877,1_4301877
1,4301879,1,,7,0,98,1,3,1,0,1,1,3,2,,,,,,,,,,,0.00,1,4100001,,,N,1,1_4301879,1_4301879
1,4000794,1,,1,1,99,1,3,1,0,1,1,1,1,,,,,,,,,,,0.00,1,,,,N,1,1_4000794,1_4000794
1,4000616,1,,1,1,99,1,3,0,0,1,1,1,1,,,,,,,,,,,0.00,1,,,,,1,1_4000616,1_4000616
1,4000793,1,,1,1,99,1,3,1,0,1,1,1,1,,,,,,,,,,,0.00,1,,,,,1,1_4000793,1_4000793
1,4301881,1,,7,0,99,1,3,1,0,1,1,3,2,,,,,,,,,,,0.00,1,4100001,,,N,1,1_4301881,1_4301881
1,4000797,1,,1,0,98,1,3,1,0,1,1,1,1,,,,,,,,,,,0.00,1,,,,N,1,1_4000797,1_4000797
1,4301609,1,,4,0,99,1,3,0,0,1,1,3,2,,,,,,,,,,,0.00,1,,,,,1,1_4301609,1_4301609
1,4300225,1,,7,0,99,1,1,1,0,1,1,3,2,,,,,,,,,,,0.00,1,4100001,,,N,1,1_4300225,1_4300225
