empresa,subcta,linea_producto,clv_sub,moneda,limite_credito,riesgo_cartera,riesgo_pedidos,fecha_u_compra,pts_no_factura,empresa_id,moneda_id,subcta_id,name
19,4300357,1,,9,0.00000,0.00000,0.00000,,0.00000,19,9,19_4300357,19_4300357_9
19,4300576,1,,0,0.00000,0.00000,0.00000,,0.00000,19,0,19_4300576,19_4300576_0
19,4301693,1,,9,0.00000,0.00000,0.00000,,0.00000,19,9,19_4301693,19_4301693_9
19,4300576,1,,9,0.00000,0.00000,0.00000,,0.00000,19,9,19_4300576,19_4300576_9
19,4300853,1,,9,0.00000,0.00000,0.00000,,0.00000,19,9,19_4300853,19_4300853_9
19,4300776,1,,9,0.00000,0.00000,0.00000,,0.00000,19,9,19_4300776,19_4300776_9
19,4301145,1,,9,0.00000,0.00000,0.00000,,0.00000,19,9,19_4301145,19_4301145_9
19,4301236,1,,9,0.00000,0.00000,0.00000,,0.00000,19,9,19_4301236,19_4301236_9
19,4301298,1,,9,0.00000,0.00000,0.00000,,0.00000,19,9,19_4301298,19_4301298_9
19,4301463,1,,9,0.00000,0.00000,0.00000,,0.00000,19,9,19_4301463,19_4301463_9
19,4301363,1,,9,0.00000,0.00000,0.00000,,0.00000,19,9,19_4301363,19_4301363_9
19,4301167,1,,9,0.00000,0.00000,0.00000,,0.00000,19,9,19_4301167,19_4301167_9
19,4301426,1,,9,0.00000,0.00000,0.00000,,0.00000,19,9,19_4301426,19_4301426_9
19,4300882,1,,9,0.00000,0.00000,0.00000,,0.00000,19,9,19_4300882,19_4300882_9
19,4300809,1,,9,0.00000,0.00000,0.00000,,0.00000,19,9,19_4300809,19_4300809_9
19,4301198,1,,9,0.00000,0.00000,0.00000,,0.00000,19,9,19_4301198,19_4301198_9
19,4301084,1,,9,0.00000,0.00000,0.00000,,0.00000,19,9,19_4301084,19_4301084_9
19,4300790,1,,9,0.00000,0.00000,0.00000,,0.00000,19,9,19_4300790,19_4300790_9
19,4301043,1,,9,0.00000,0.00000,0.00000,,0.00000,19,9,19_4301043,19_4301043_9
19,4301000,1,,9,0.00000,0.00000,0.00000,,0.00000,19,9,19_4301000,19_4301000_9
19,4301454,1,,9,0.00000,0.00000,0.00000,,0.00000,19,9,19_4301454,19_4301454_9
19,4301293,1,,9,0.00000,0.00000,0.00000,,0.00000,19,9,19_4301293,19_4301293_9
19,4301150,1,,9,0.00000,0.00000,0.00000,,0.00000,19,9,19_4301150,19_4301150_9
19,4301187,1,,9,0.00000,0.00000,0.00000,,0.00000,19,9,19_4301187,19_4301187_9
19,4301460,1,,9,0.00000,0.00000,0.00000,,0.00000,19,9,19_4301460,19_4301460_9
19,4301137,1,,9,0.00000,0.00000,0.00000,,0.00000,19,9,19_4301137,19_4301137_9
19,4300872,1,,9,0.00000,0.00000,0.00000,,0.00000,19,9,19_4300872,19_4300872_9
19,4301008,1,,9,0.00000,0.00000,0.00000,,0.00000,19,9,19_4301008,19_4301008_9
19,4400001,1,,9,0.00000,0.00000,0.00000,,0.00000,19,9,19_4400001,19_4400001_9
19,4301406,1,,9,0.00000,0.00000,0.00000,,0.00000,19,9,19_4301406,19_4301406_9
19,4301373,1,,9,0.00000,0.00000,0.00000,,0.00000,19,9,19_4301373,19_4301373_9
19,4301247,1,,9,0.00000,0.00000,0.00000,,0.00000,19,9,19_4301247,19_4301247_9
19,4301168,1,,9,0.00000,0.00000,0.00000,,0.00000,19,9,19_4301168,19_4301168_9
19,4301421,1,,9,0.00000,0.00000,0.00000,,0.00000,19,9,19_4301421,19_4301421_9
19,4301466,1,,9,0.00000,0.00000,0.00000,,0.00000,19,9,19_4301466,19_4301466_9
19,4301107,1,,9,0.00000,0.00000,0.00000,,0.00000,19,9,19_4301107,19_4301107_9
1,4000570,1,,9,1000.00000,445.06000,0.00000,2024-05-23,0.00000,1,9,1_4000570,1_4000570_9
1,4000614,1,,9,1000.00000,0.00000,0.00000,,0.00000,1,9,1_4000614,1_4000614_9
1,4000416,1,,9,0.00000,694.03000,0.00000,2013-05-01,0.00000,1,9,1_4000416,1_4000416_9
1,4301874,1,,9,0.00000,0.00000,0.00000,2024-05-21,0.00000,1,9,1_4301874,1_4301874_9
1,4300066,1,,9,2999.00000,3062.15000,196.63000,2024-06-25,0.00000,1,9,1_4300066,1_4300066_9
19,4301264,1,,9,0.00000,0.00000,0.00000,,0.00000,19,9,19_4301264,19_4301264_9
19,4301567,1,,9,0.00000,0.00000,0.00000,,0.00000,19,9,19_4301567,19_4301567_9
1,4000763,1,,9,3000.00000,0.00000,0.00000,2024-05-22,0.00000,1,9,1_4000763,1_4000763_9
1,4000792,1,,9,3000.00000,,,2024-06-10,,1,9,1_4000792,1_4000792_9
1,4000791,1,,9,0.00000,,,,,1,9,1_4000791,1_4000791_9
1,4301880,1,,9,2999.00000,,,2024-05-07,,1,9,1_4301880,1_4301880_9
1,4301879,1,,9,2999.00000,,,2024-03-06,,1,9,1_4301879,1_4301879_9
19,4302257,1,,9,0.00000,0.00000,0.00000,,0.00000,19,9,19_4302257,19_4302257_9
19,4301173,1,,9,0.00000,0.00000,0.00000,,0.00000,19,9,19_4301173,19_4301173_9
1,4000771,1,,9,3000.00000,27.64000,0.01000,2024-06-30,0.00000,1,9,1_4000771,1_4000771_9
1,4000479,1,,9,30000.00000,7940.91000,1548.51000,2024-06-30,0.00000,1,9,1_4000479,1_4000479_9
1,4301024,1,,9,12000.00000,2842.29000,0.00000,2024-06-03,0.00000,1,9,1_4301024,1_4301024_9
1,4301881,1,,9,2999.00000,,,2024-07-02,,1,9,1_4301881,1_4301881_9
1,4000770,1,,9,3000.00000,-90.75000,60.50000,2024-05-25,0.00000,1,9,1_4000770,1_4000770_9
1,4100188,1,,9,0.00000,503.12000,0.00000,,0.00000,1,9,1_4100188,1_4100188_9
1,4000796,1,,9,300.00000,,,2024-05-31,,1,9,1_4000796,1_4000796_9
1,4000794,1,,9,0.00000,0.00000,0.00000,,0.00000,1,9,1_4000794,1_4000794_9
1,4301871,1,,9,6000.00000,0.00000,0.00000,2024-04-26,0.00000,1,9,1_4301871,1_4301871_9
1,4000532,1,,9,0.00000,130.44000,-0.01000,2024-07-01,0.00000,1,9,1_4000532,1_4000532_9
1,4301568,1,,9,0.00000,1560.43000,137.22000,2007-02-13,0.00000,1,9,1_4301568,1_4301568_9
1,4301877,1,,9,2999.00000,,,2024-06-25,,1,9,1_4301877,1_4301877_9
1,4301572,1,,9,0.00000,1560.43000,137.22000,2007-04-27,0.00000,1,9,1_4301572,1_4301572_9
1,4000797,1,,9,2999.00000,,,2024-05-31,,1,9,1_4000797,1_4000797_9
1,4310040,1,,9,0.00000,1560.43000,137.22000,,0.00000,1,9,1_4310040,1_4310040_9
19,4301314,1,,9,0.00000,0.00000,0.00000,,0.00000,19,9,19_4301314,19_4301314_9
1,4301616,1,,9,0.00000,1560.43000,137.22000,2008-10-13,0.00000,1,9,1_4301616,1_4301616_9
1,4301617,1,,9,0.00000,1560.43000,137.22000,2009-01-01,0.00000,1,9,1_4301617,1_4301617_9
1,4000651,1,,9,3000.00000,3281.44000,0.00000,2024-06-19,0.00000,1,9,1_4000651,1_4000651_9
1,4000464,1,,9,0.00000,207.18000,0.00000,2021-02-28,0.00000,1,9,1_4000464,1_4000464_9
1,4300617,1,,9,50000.00000,42087.70000,3870.79000,2024-06-28,0.00000,1,9,1_4300617,1_4300617_9
1,4310024,1,,9,0.00000,1560.43000,137.22000,,0.00000,1,9,1_4310024,1_4310024_9
1,4000795,1,,9,3000.00000,,,2024-07-03,,1,9,1_4000795,1_4000795_9
901,4000444,1,,9,0.00000,2992.80000,0.00000,,0.00000,901,9,901_4000444,901_4000444_9
1,4310029,1,,9,0.00000,1560.43000,137.22000,,0.00000,1,9,1_4310029,1_4310029_9
1,4301878,1,,9,0.00000,,,2024-02-13,,1,9,1_4301878,1_4301878_9
1,4301875,1,,9,2999.00000,,,2024-01-19,,1,9,1_4301875,1_4301875_9
1,4310030,1,,9,0.00000,1560.43000,137.22000,,0.00000,1,9,1_4310030,1_4310030_9
1,4000571,1,,9,3000.00000,3601.35000,0.00000,,0.00000,1,9,1_4000571,1_4000571_9
1,4310032,1,,9,0.00000,1560.43000,137.22000,,0.00000,1,9,1_4310032,1_4310032_9
1,4310033,1,,9,0.00000,1560.43000,137.22000,,0.00000,1,9,1_4310033,1_4310033_9
1,4310035,1,,9,0.00000,1560.43000,137.22000,,0.00000,1,9,1_4310035,1_4310035_9
1,4310037,1,,9,0.00000,1560.43000,137.22000,,0.00000,1,9,1_4310037,1_4310037_9
1,4310038,1,,9,0.00000,1560.43000,137.22000,,0.00000,1,9,1_4310038,1_4310038_9
1,4000282,1,,9,0.00000,830.76000,0.00000,2024-07-02,0.00000,1,9,1_4000282,1_4000282_9
1,4000793,1,,9,3000.00000,,,2024-06-03,,1,9,1_4000793,1_4000793_9
1,4301882,1,,9,2999.00000,,,2024-07-04,,1,9,1_4301882,1_4301882_9
1,4000701,1,,9,0.00000,150.31000,0.00000,2024-01-15,0.00000,1,9,1_4000701,1_4000701_9
1,4310086,1,,9,0.00000,1560.43000,137.22000,,0.00000,1,9,1_4310086,1_4310086_9
1,4301876,1,,9,2999.00000,0.00000,0.01000,2024-05-28,0.00000,1,9,1_4301876,1_4301876_9
1,4300648,1,,9,0.00000,1560.43000,137.22000,,0.00000,1,9,1_4300648,1_4300648_9
1,4310089,1,,9,0.00000,1560.43000,137.22000,,0.00000,1,9,1_4310089,1_4310089_9
1,4310090,1,,9,0.00000,1560.43000,137.22000,,0.00000,1,9,1_4310090,1_4310090_9
19,4301315,1,,9,0.00000,0.00000,0.00000,,0.00000,19,9,19_4301315,19_4301315_9
19,4301202,1,,9,0.00000,0.00000,0.00000,,0.00000,19,9,19_4301202,19_4301202_9
19,4301209,1,,9,0.00000,0.00000,0.00000,,0.00000,19,9,19_4301209,19_4301209_9
19,4301211,1,,9,0.00000,0.00000,0.00000,,0.00000,19,9,19_4301211,19_4301211_9
19,4301408,1,,9,0.00000,0.00000,0.00000,,0.00000,19,9,19_4301408,19_4301408_9
1,4310039,1,,9,0.00000,1560.43000,137.22000,,0.00000,1,9,1_4310039,1_4310039_9
1,4310043,1,,9,0.00000,1560.43000,137.22000,,0.00000,1,9,1_4310043,1_4310043_9
1,4310044,1,,9,0.00000,1560.43000,137.22000,,0.00000,1,9,1_4310044,1_4310044_9
1,4310045,1,,9,0.00000,1560.43000,137.22000,,0.00000,1,9,1_4310045,1_4310045_9
1,4310047,1,,9,0.00000,1560.43000,137.22000,,0.00000,1,9,1_4310047,1_4310047_9
1,4310079,1,,9,0.00000,1560.43000,137.22000,,0.00000,1,9,1_4310079,1_4310079_9
1,4310055,1,,9,0.00000,1560.43000,137.22000,,0.00000,1,9,1_4310055,1_4310055_9
1,4310054,1,,9,0.00000,1560.43000,137.22000,,0.00000,1,9,1_4310054,1_4310054_9
1,4310002,1,,9,0.00000,1560.43000,137.22000,,0.00000,1,9,1_4310002,1_4310002_9
1,4310062,1,,9,0.00000,1560.43000,137.22000,,0.00000,1,9,1_4310062,1_4310062_9
1,4310063,1,,9,0.00000,1560.43000,137.22000,,0.00000,1,9,1_4310063,1_4310063_9
1,4310064,1,,9,0.00000,1560.43000,137.22000,,0.00000,1,9,1_4310064,1_4310064_9
1,4310067,1,,9,0.00000,1560.43000,137.22000,,0.00000,1,9,1_4310067,1_4310067_9
1,4310068,1,,9,0.00000,1560.43000,137.22000,,0.00000,1,9,1_4310068,1_4310068_9
1,4310069,1,,9,0.00000,1560.43000,137.22000,,0.00000,1,9,1_4310069,1_4310069_9
1,4310077,1,,9,0.00000,1560.43000,137.22000,,0.00000,1,9,1_4310077,1_4310077_9
1,4310078,1,,9,0.00000,1560.43000,137.22000,,0.00000,1,9,1_4310078,1_4310078_9
1,4310057,1,,9,0.00000,1560.43000,137.22000,,0.00000,1,9,1_4310057,1_4310057_9
1,4310081,1,,9,0.00000,1560.43000,137.22000,,0.00000,1,9,1_4310081,1_4310081_9
1,4310084,1,,9,0.00000,1560.43000,137.22000,,0.00000,1,9,1_4310084,1_4310084_9
1,4301232,1,,9,0.00000,1560.43000,137.22000,2005-12-02,0.00000,1,9,1_4301232,1_4301232_9
1,4301236,1,,9,0.00000,1560.43000,137.22000,1998-02-25,0.00000,1,9,1_4301236,1_4301236_9
1,4310048,1,,9,0.00000,1560.43000,137.22000,,0.00000,1,9,1_4310048,1_4310048_9
1,4310060,1,,9,0.00000,1560.43000,137.22000,,0.00000,1,9,1_4310060,1_4310060_9
1,4301363,1,,9,0.00000,1560.43000,137.22000,2004-02-04,0.00000,1,9,1_4301363,1_4301363_9
1,4301150,1,,9,0.00000,1560.43000,137.22000,1998-09-18,0.00000,1,9,1_4301150,1_4301150_9
1,4310073,1,,9,0.00000,1560.43000,137.22000,,0.00000,1,9,1_4310073,1_4310073_9
1,4310001,1,,9,0.00000,1560.43000,137.22000,,0.00000,1,9,1_4310001,1_4310001_9
1,4310008,1,,9,0.00000,1560.43000,137.22000,,0.00000,1,9,1_4310008,1_4310008_9
1,4310007,1,,9,0.00000,1560.43000,137.22000,,0.00000,1,9,1_4310007,1_4310007_9
1,4310006,1,,9,0.00000,1560.43000,137.22000,,0.00000,1,9,1_4310006,1_4310006_9
1,4310010,1,,9,0.00000,1560.43000,137.22000,,0.00000,1,9,1_4310010,1_4310010_9
1,4310011,1,,9,0.00000,1560.43000,137.22000,,0.00000,1,9,1_4310011,1_4310011_9
1,4310012,1,,9,0.00000,1560.43000,137.22000,,0.00000,1,9,1_4310012,1_4310012_9
1,4310014,1,,9,0.00000,1560.43000,137.22000,,0.00000,1,9,1_4310014,1_4310014_9
1,4301145,1,,9,0.00000,1560.43000,137.22000,1996-11-11,0.00000,1,9,1_4301145,1_4301145_9
1,4310051,1,,9,0.00000,1560.43000,137.22000,,0.00000,1,9,1_4310051,1_4310051_9
1,4300882,1,,9,0.00000,1560.43000,137.22000,1997-02-10,0.00000,1,9,1_4300882,1_4300882_9
1,4301480,1,,9,0.00000,1560.43000,137.22000,2004-04-23,0.00000,1,9,1_4301480,1_4301480_9
1,4310075,1,,9,0.00000,1560.43000,137.22000,,0.00000,1,9,1_4310075,1_4310075_9
1,4310005,1,,9,0.00000,1560.43000,137.22000,,0.00000,1,9,1_4310005,1_4310005_9
1,4310042,1,,9,0.00000,1560.43000,137.22000,,0.00000,1,9,1_4310042,1_4310042_9
1,4301293,1,,9,0.00000,1560.43000,137.22000,2002-05-16,0.00000,1,9,1_4301293,1_4301293_9
1,4301192,1,,9,0.00000,1560.43000,137.22000,,0.00000,1,9,1_4301192,1_4301192_9
1,4310016,1,,9,0.00000,1560.43000,137.22000,,0.00000,1,9,1_4310016,1_4310016_9
1,4310023,1,,9,0.00000,1560.43000,137.22000,,0.00000,1,9,1_4310023,1_4310023_9
1,4301276,1,,9,0.00000,1560.43000,137.22000,1999-03-31,0.00000,1,9,1_4301276,1_4301276_9
1,4301297,1,,9,0.00000,1560.43000,137.22000,1999-11-26,0.00000,1,9,1_4301297,1_4301297_9
1,4300567,1,,9,0.00000,1560.43000,137.22000,,0.00000,1,9,1_4300567,1_4300567_9
1,4310053,1,,9,0.00000,1560.43000,137.22000,,0.00000,1,9,1_4310053,1_4310053_9
19,4300267,1,,9,0.00000,0.00000,0.00000,,0.00000,19,9,19_4300267,19_4300267_9
1,4000731,1,,9,0.00000,0.00000,0.00000,,0.00000,1,9,1_4000731,1_4000731_9
1,4301868,1,,3,3000.00000,0.00000,0.00000,,0.00000,1,3,1_4301868,1_4301868_3
19,4301241,1,,9,0.00000,0.00000,0.00000,,0.00000,19,9,19_4301241,19_4301241_9
19,4301154,1,,9,0.00000,0.00000,0.00000,,0.00000,19,9,19_4301154,19_4301154_9
19,4301176,1,,9,0.00000,0.00000,0.00000,,0.00000,19,9,19_4301176,19_4301176_9
19,4300297,1,,9,0.00000,0.00000,0.00000,,0.00000,19,9,19_4300297,19_4300297_9
19,4301181,1,,9,0.00000,0.00000,0.00000,,0.00000,19,9,19_4301181,19_4301181_9
19,4301678,1,,9,0.00000,0.00000,0.00000,,0.00000,19,9,19_4301678,19_4301678_9
19,4301504,1,,9,0.00000,0.00000,0.00000,,0.00000,19,9,19_4301504,19_4301504_9
19,4301240,1,,9,0.00000,0.00000,0.00000,,0.00000,19,9,19_4301240,19_4301240_9
19,4300634,1,,9,0.00000,0.00000,0.00000,,0.00000,19,9,19_4300634,19_4300634_9
19,4300200,1,,9,0.00000,0.00000,0.00000,,0.00000,19,9,19_4300200,19_4300200_9
19,4300040,1,,9,0.00000,0.00000,0.00000,,0.00000,19,9,19_4300040,19_4300040_9
19,4300225,1,,9,0.00000,0.00000,0.00000,,0.00000,19,9,19_4300225,19_4300225_9
19,4301457,1,,9,0.00000,0.00000,0.00000,,0.00000,19,9,19_4301457,19_4301457_9
19,4300211,1,,9,0.00000,0.00000,0.00000,,0.00000,19,9,19_4300211,19_4300211_9
1,4301000,1,,9,0.00000,1560.43000,137.22000,2023-10-10,0.00000,1,9,1_4301000,1_4301000_9
1,4300844,1,,9,0.00000,1560.43000,137.22000,,0.00000,1,9,1_4300844,1_4300844_9
1,4301493,1,,9,0.00000,1560.43000,137.22000,2004-07-29,0.00000,1,9,1_4301493,1_4301493_9
1,4310004,1,,9,0.00000,1560.43000,137.22000,,0.00000,1,9,1_4310004,1_4310004_9
1,4310049,1,,9,0.00000,1560.43000,137.22000,,0.00000,1,9,1_4310049,1_4310049_9
1,4301463,1,,9,0.00000,1560.43000,137.22000,2003-06-16,0.00000,1,9,1_4301463,1_4301463_9
1,4300309,1,,9,0.00000,1560.43000,137.22000,,0.00000,1,9,1_4300309,1_4300309_9
1,4301373,1,,9,0.00000,1560.43000,137.22000,2001-11-14,0.00000,1,9,1_4301373,1_4301373_9
1,4310013,1,,9,0.00000,1560.43000,137.22000,,0.00000,1,9,1_4310013,1_4310013_9
1,4301198,1,,9,0.00000,1560.43000,137.22000,1997-09-09,0.00000,1,9,1_4301198,1_4301198_9
1,4310059,1,,9,0.00000,1560.43000,137.22000,,0.00000,1,9,1_4310059,1_4310059_9
1,4310003,1,,9,0.00000,1560.43000,137.22000,,0.00000,1,9,1_4310003,1_4310003_9
1,4310066,1,,9,0.00000,1560.43000,137.22000,,0.00000,1,9,1_4310066,1_4310066_9
1,4310076,1,,9,0.00000,1560.43000,137.22000,,0.00000,1,9,1_4310076,1_4310076_9
1,4310058,1,,9,0.00000,1560.43000,137.22000,,0.00000,1,9,1_4310058,1_4310058_9
1,4301168,1,,9,0.00000,1560.43000,137.22000,2001-02-16,0.00000,1,9,1_4301168,1_4301168_9
1,4301492,1,,9,0.00000,1560.43000,137.22000,,0.00000,1,9,1_4301492,1_4301492_9
1,4301052,1,,9,0.00000,1560.43000,137.22000,,0.00000,1,9,1_4301052,1_4301052_9
1,4300872,1,,9,0.00000,1560.43000,137.22000,1996-10-10,0.00000,1,9,1_4300872,1_4300872_9
1,4301406,1,,9,0.00000,1560.43000,137.22000,2002-02-25,0.00000,1,9,1_4301406,1_4301406_9
1,4310017,1,,9,0.00000,1560.43000,137.22000,,0.00000,1,9,1_4310017,1_4310017_9
1,4310082,1,,9,0.00000,1560.43000,137.22000,,0.00000,1,9,1_4310082,1_4310082_9
1,4301454,1,,9,0.00000,1560.43000,137.22000,2004-01-27,0.00000,1,9,1_4301454,1_4301454_9
1,4301755,1,,9,2999.00000,1560.43000,137.22000,2015-06-17,0.00000,1,9,1_4301755,1_4301755_9
1,4300290,1,,9,0.00000,1560.43000,137.22000,2005-06-28,0.00000,1,9,1_4300290,1_4300290_9
1,4301860,1,,9,2999.00000,1560.43000,137.22000,2022-05-06,0.00000,1,9,1_4301860,1_4301860_9
1,4100524,1,,9,0.00000,0.00000,0.00000,,0.00000,1,9,1_4100524,1_4100524_9
1,4100010,1,,9,0.00000,0.00000,0.00000,,0.00000,1,9,1_4100010,1_4100010_9
1,4000100,1,,9,0.00000,0.00000,0.00000,,0.00000,1,9,1_4000100,1_4000100_9
1,4100783,1,,9,3000.00000,0.00000,0.00000,,0.00000,1,9,1_4100783,1_4100783_9
1,4100992,1,,9,0.00000,0.00000,0.00000,,0.00000,1,9,1_4100992,1_4100992_9
1,4101001,1,,9,0.00000,0.00000,0.00000,,0.00000,1,9,1_4101001,1_4101001_9
1,4100995,1,,9,0.00000,0.00000,0.00000,,0.00000,1,9,1_4100995,1_4100995_9
1,4101006,1,,9,0.00000,26.62000,0.00000,,0.00000,1,9,1_4101006,1_4101006_9
1,4100998,1,,9,0.00000,0.00000,0.00000,,0.00000,1,9,1_4100998,1_4100998_9
1,4301893,1,,9,0.00000,0.00000,0.00000,,0.00000,1,9,1_4301893,1_4301893_9
1,4301251,1,,1,0.00000,0.00000,0.00000,,0.00000,1,1,1_4301251,1_4301251_1
1,4100991,1,,9,0.00000,175.33000,0.00000,,0.00000,1,9,1_4100991,1_4100991_9
1,4000657,1,,0,0.00000,0.00000,0.00000,,0.00000,1,0,1_4000657,1_4000657_0
1,4000664,1,,0,0.00000,0.00000,0.00000,,0.00000,1,0,1_4000664,1_4000664_0
1,4300076,1,,0,0.00000,0.00000,0.00000,,0.00000,1,0,1_4300076,1_4300076_0
1,4310016,1,,0,0.00000,0.00000,0.00000,,0.00000,1,0,1_4310016,1_4310016_0
1,4310012,1,,0,0.00000,0.00000,0.00000,,0.00000,1,0,1_4310012,1_4310012_0
1,4300212,1,,1,0.00000,0.00000,0.00000,,0.00000,1,1,1_4300212,1_4300212_1
1,4300720,1,,1,0.00000,0.00000,0.00000,,0.00000,1,1,1_4300720,1_4300720_1
1,4300790,1,,1,0.00000,0.00000,0.00000,,0.00000,1,1,1_4300790,1_4300790_1
1,4300728,1,,1,0.00000,0.00000,0.00000,,0.00000,1,1,1_4300728,1_4300728_1
1,4000689,1,,9,0.00000,0.00000,0.00000,,0.00000,1,9,1_4000689,1_4000689_9
1,4300019,1,,1,0.00000,0.00000,0.00000,,0.00000,1,1,1_4300019,1_4300019_1
1,4301054,1,,1,0.00000,0.00000,0.00000,,0.00000,1,1,1_4301054,1_4301054_1
1,4000549,1,,9,0.00000,0.00000,0.00000,,0.00000,1,9,1_4000549,1_4000549_9
1,4301182,1,,1,0.00000,0.00000,0.00000,,0.00000,1,1,1_4301182,1_4301182_1
1,4000748,1,,9,0.00000,0.00000,0.00000,,0.00000,1,9,1_4000748,1_4000748_9
1,4100244,1,,9,0.00000,0.00000,0.00000,,0.00000,1,9,1_4100244,1_4100244_9
1,4300725,1,,1,0.00000,0.00000,0.00000,,0.00000,1,1,1_4300725,1_4300725_1
1,4300040,1,,1,0.00000,0.00000,0.00000,,0.00000,1,1,1_4300040,1_4300040_1
1,4301260,1,,1,0.00000,0.00000,0.00000,,0.00000,1,1,1_4301260,1_4301260_1
1,4301254,1,,1,0.00000,0.00000,0.00000,,0.00000,1,1,1_4301254,1_4301254_1
1,4301275,1,,1,0.00000,0.00000,0.00000,,0.00000,1,1,1_4301275,1_4301275_1
1,4301238,1,,1,0.00000,0.00000,0.00000,,0.00000,1,1,1_4301238,1_4301238_1
1,4300932,1,,1,0.00000,0.00000,0.00000,,0.00000,1,1,1_4300932,1_4300932_1
1,4300871,1,,1,0.00000,0.00000,0.00000,,0.00000,1,1,1_4300871,1_4300871_1
1,4301004,1,,1,0.00000,0.00000,0.00000,,0.00000,1,1,1_4301004,1_4301004_1
1,4300670,1,,1,0.00000,0.00000,0.00000,,0.00000,1,1,1_4300670,1_4300670_1
1,4300856,1,,1,0.00000,0.00000,0.00000,,0.00000,1,1,1_4300856,1_4300856_1
1,4301140,1,,1,0.00000,0.00000,0.00000,,0.00000,1,1,1_4301140,1_4301140_1
1,4301361,1,,1,0.00000,0.00000,0.00000,,0.00000,1,1,1_4301361,1_4301361_1
1,4301394,1,,1,0.00000,0.00000,0.00000,,0.00000,1,1,1_4301394,1_4301394_1
1,4300596,1,,1,0.00000,0.00000,0.00000,,0.00000,1,1,1_4300596,1_4300596_1
1,4301216,1,,1,0.00000,0.00000,0.00000,,0.00000,1,1,1_4301216,1_4301216_1
1,4301389,1,,1,0.00000,0.00000,0.00000,,0.00000,1,1,1_4301389,1_4301389_1
1,4301202,1,,1,0.00000,0.00000,0.00000,,0.00000,1,1,1_4301202,1_4301202_1
1,4301377,1,,1,0.00000,0.00000,0.00000,,0.00000,1,1,1_4301377,1_4301377_1
1,4301152,1,,1,0.00000,0.00000,0.00000,,0.00000,1,1,1_4301152,1_4301152_1
1,4301367,1,,1,0.00000,0.00000,0.00000,,0.00000,1,1,1_4301367,1_4301367_1
1,4301391,1,,1,0.00000,0.00000,0.00000,,0.00000,1,1,1_4301391,1_4301391_1
1,4301271,1,,1,0.00000,0.00000,0.00000,,0.00000,1,1,1_4301271,1_4301271_1
1,4301289,1,,1,0.00000,0.00000,0.00000,,0.00000,1,1,1_4301289,1_4301289_1
1,4301363,1,,1,0.00000,0.00000,0.00000,,0.00000,1,1,1_4301363,1_4301363_1
1,4300006,1,,1,0.00000,0.00000,0.00000,,0.00000,1,1,1_4300006,1_4300006_1
1,4301292,1,,1,0.00000,0.00000,0.00000,,0.00000,1,1,1_4301292,1_4301292_1
1,4301231,1,,1,0.00000,0.00000,0.00000,,0.00000,1,1,1_4301231,1_4301231_1
1,4300637,1,,1,0.00000,0.00000,0.00000,,0.00000,1,1,1_4300637,1_4300637_1
1,4301169,1,,1,0.00000,0.00000,0.00000,,0.00000,1,1,1_4301169,1_4301169_1
1,4301379,1,,1,0.00000,0.00000,0.00000,,0.00000,1,1,1_4301379,1_4301379_1
1,4300342,1,,1,0.00000,0.00000,0.00000,,0.00000,1,1,1_4300342,1_4300342_1
1,4301396,1,,1,0.00000,0.00000,0.00000,,0.00000,1,1,1_4301396,1_4301396_1
1,4301388,1,,1,0.00000,0.00000,0.00000,,0.00000,1,1,1_4301388,1_4301388_1
1,4301115,1,,1,0.00000,0.00000,0.00000,,0.00000,1,1,1_4301115,1_4301115_1
1,4301256,1,,1,0.00000,0.00000,0.00000,,0.00000,1,1,1_4301256,1_4301256_1
1,4301136,1,,1,0.00000,0.00000,0.00000,,0.00000,1,1,1_4301136,1_4301136_1
1,4300983,1,,1,0.00000,0.00000,0.00000,,0.00000,1,1,1_4300983,1_4300983_1
1,4300802,1,,1,0.00000,0.00000,0.00000,,0.00000,1,1,1_4300802,1_4300802_1
1,4301258,1,,1,0.00000,0.00000,0.00000,,0.00000,1,1,1_4301258,1_4301258_1
1,4302037,1,,1,0.00000,0.00000,0.00000,,0.00000,1,1,1_4302037,1_4302037_1
1,4300054,1,,1,0.00000,0.00000,0.00000,,0.00000,1,1,1_4300054,1_4300054_1
1,4300331,1,,1,0.00000,0.00000,0.00000,,0.00000,1,1,1_4300331,1_4300331_1
1,4301007,1,,1,0.00000,0.00000,0.00000,,0.00000,1,1,1_4301007,1_4301007_1
1,4301401,1,,1,0.00000,0.00000,0.00000,,0.00000,1,1,1_4301401,1_4301401_1
1,4300049,1,,1,0.00000,0.00000,0.00000,,0.00000,1,1,1_4300049,1_4300049_1
1,4301265,1,,1,0.00000,0.00000,0.00000,,0.00000,1,1,1_4301265,1_4301265_1
1,4301405,1,,1,0.00000,0.00000,0.00000,,0.00000,1,1,1_4301405,1_4301405_1
1,4301040,1,,1,0.00000,0.00000,0.00000,,0.00000,1,1,1_4301040,1_4301040_1
1,4300107,1,,1,0.00000,0.00000,0.00000,,0.00000,1,1,1_4300107,1_4300107_1
1,4300100,1,,1,0.00000,0.00000,0.00000,,0.00000,1,1,1_4300100,1_4300100_1
1,4301371,1,,1,0.00000,0.00000,0.00000,,0.00000,1,1,1_4301371,1_4301371_1
1,4301189,1,,1,0.00000,0.00000,0.00000,,0.00000,1,1,1_4301189,1_4301189_1
1,4300998,1,,1,0.00000,0.00000,0.00000,,0.00000,1,1,1_4300998,1_4300998_1
1,4300553,1,,1,0.00000,0.00000,0.00000,,0.00000,1,1,1_4300553,1_4300553_1
1,4301114,1,,1,0.00000,0.00000,0.00000,,0.00000,1,1,1_4301114,1_4301114_1
1,4301028,1,,1,0.00000,0.00000,0.00000,,0.00000,1,1,1_4301028,1_4301028_1
1,4000513,1,1074372392,1,0.00000,0.00000,0.00000,,0.00000,1,1,1_4000513,1_4000513_1
1,4000514,1,,1,200000.00000,0.00000,0.00000,,0.00000,1,1,1_4000514,1_4000514_1
1,4000515,1,,1,500000.00000,0.00000,0.00000,,0.00000,1,1,1_4000515,1_4000515_1
1,4000516,1,,1,500000.00000,0.00000,0.00000,,0.00000,1,1,1_4000516,1_4000516_1
1,4000517,1,,1,200000.00000,0.00000,0.00000,,0.00000,1,1,1_4000517,1_4000517_1
1,4000518,1,,1,200000.00000,0.00000,0.00000,,0.00000,1,1,1_4000518,1_4000518_1
1,4000519,1,1074457632,1,0.00000,0.00000,0.00000,,0.00000,1,1,1_4000519,1_4000519_1
1,4000520,1,1074457632,1,0.00000,0.00000,0.00000,,0.00000,1,1,1_4000520,1_4000520_1
1,4000521,1,1074457632,1,0.00000,0.00000,0.00000,,0.00000,1,1,1_4000521,1_4000521_1
1,4300986,1,,1,0.00000,0.00000,0.00000,,0.00000,1,1,1_4300986,1_4300986_1
1,4301015,1,,1,0.00000,0.00000,0.00000,,0.00000,1,1,1_4301015,1_4301015_1
1,4301250,1,,1,0.00000,0.00000,0.00000,,0.00000,1,1,1_4301250,1_4301250_1
1,4300753,1,,1,0.00000,0.00000,0.00000,,0.00000,1,1,1_4300753,1_4300753_1
1,4300723,1,,1,0.00000,0.00000,0.00000,,0.00000,1,1,1_4300723,1_4300723_1
1,4301204,1,,1,0.00000,0.00000,0.00000,,0.00000,1,1,1_4301204,1_4301204_1
1,4300207,1,,1,0.00000,0.00000,0.00000,,0.00000,1,1,1_4300207,1_4300207_1
1,4301060,1,,1,0.00000,0.00000,0.00000,,0.00000,1,1,1_4301060,1_4301060_1
1,4301320,1,,1,0.00000,0.00000,0.00000,,0.00000,1,1,1_4301320,1_4301320_1
1,4300032,1,,1,0.00000,0.00000,0.00000,,0.00000,1,1,1_4300032,1_4300032_1
1,4301146,1,,1,0.00000,0.00000,0.00000,,0.00000,1,1,1_4301146,1_4301146_1
1,4300934,1,,1,0.00000,0.00000,0.00000,,0.00000,1,1,1_4300934,1_4300934_1
1,4301298,1,,1,0.00000,0.00000,0.00000,,0.00000,1,1,1_4301298,1_4301298_1
1,4301237,1,,1,0.00000,0.00000,0.00000,,0.00000,1,1,1_4301237,1_4301237_1
1,4300812,1,,1,0.00000,0.00000,0.00000,,0.00000,1,1,1_4300812,1_4300812_1
1,4301008,1,,1,0.00000,0.00000,0.00000,,0.00000,1,1,1_4301008,1_4301008_1
1,4301273,1,,1,0.00000,0.00000,0.00000,,0.00000,1,1,1_4301273,1_4301273_1
1,4300101,1,,1,0.00000,0.00000,0.00000,,0.00000,1,1,1_4300101,1_4300101_1
1,4301018,1,,1,0.00000,0.00000,0.00000,,0.00000,1,1,1_4301018,1_4301018_1
1,4300758,1,,1,0.00000,0.00000,0.00000,,0.00000,1,1,1_4300758,1_4300758_1
1,4300381,1,,1,0.00000,0.00000,0.00000,,0.00000,1,1,1_4300381,1_4300381_1
1,4301365,1,,1,0.00000,0.00000,0.00000,,0.00000,1,1,1_4301365,1_4301365_1
1,4301315,1,,1,0.00000,0.00000,0.00000,,0.00000,1,1,1_4301315,1_4301315_1
1,4301380,1,,1,0.00000,0.00000,0.00000,,0.00000,1,1,1_4301380,1_4301380_1
1,4301093,1,,1,0.00000,0.00000,0.00000,,0.00000,1,1,1_4301093,1_4301093_1
1,4301195,1,,1,0.00000,0.00000,0.00000,,0.00000,1,1,1_4301195,1_4301195_1
1,4300643,1,,1,0.00000,0.00000,0.00000,,0.00000,1,1,1_4300643,1_4300643_1
1,4300839,1,,1,0.00000,0.00000,0.00000,,0.00000,1,1,1_4300839,1_4300839_1
1,4300882,1,,1,0.00000,0.00000,0.00000,,0.00000,1,1,1_4300882,1_4300882_1
1,4300235,1,,1,0.00000,0.00000,0.00000,,0.00000,1,1,1_4300235,1_4300235_1
1,4301313,1,,1,0.00000,0.00000,0.00000,,0.00000,1,1,1_4301313,1_4301313_1
1,4301045,1,,1,0.00000,0.00000,0.00000,,0.00000,1,1,1_4301045,1_4301045_1
1,4301381,1,,1,0.00000,0.00000,0.00000,,0.00000,1,1,1_4301381,1_4301381_1
1,4300203,1,,1,0.00000,0.00000,0.00000,,0.00000,1,1,1_4300203,1_4300203_1
1,4301069,1,,1,0.00000,0.00000,0.00000,,0.00000,1,1,1_4301069,1_4301069_1
1,4300869,1,,1,0.00000,0.00000,0.00000,,0.00000,1,1,1_4300869,1_4300869_1
1,4301261,1,,1,0.00000,0.00000,0.00000,,0.00000,1,1,1_4301261,1_4301261_1
1,4301314,1,,1,0.00000,0.00000,0.00000,,0.00000,1,1,1_4301314,1_4301314_1
1,4300305,1,,1,0.00000,0.00000,0.00000,,0.00000,1,1,1_4300305,1_4300305_1
1,4301133,1,,1,0.00000,0.00000,0.00000,,0.00000,1,1,1_4301133,1_4301133_1
1,4301938,1,,1,0.00000,0.00000,0.00000,,0.00000,1,1,1_4301938,1_4301938_1
1,4300360,1,,1,0.00000,0.00000,0.00000,,0.00000,1,1,1_4300360,1_4300360_1
1,4301051,1,,1,0.00000,0.00000,0.00000,,0.00000,1,1,1_4301051,1_4301051_1
1,4300002,1,,1,0.00000,0.00000,0.00000,,0.00000,1,1,1_4300002,1_4300002_1
1,4301395,1,,1,0.00000,0.00000,0.00000,,0.00000,1,1,1_4301395,1_4301395_1
1,4301175,1,,1,0.00000,0.00000,0.00000,,0.00000,1,1,1_4301175,1_4301175_1
1,4301246,1,,1,0.00000,0.00000,0.00000,,0.00000,1,1,1_4301246,1_4301246_1
1,4302053,1,,1,0.00000,0.00000,0.00000,,0.00000,1,1,1_4302053,1_4302053_1
1,4301294,1,,1,0.00000,0.00000,0.00000,,0.00000,1,1,1_4301294,1_4301294_1
1,4300991,1,,1,0.00000,0.00000,0.00000,,0.00000,1,1,1_4300991,1_4300991_1
1,4301308,1,,1,0.00000,0.00000,0.00000,,0.00000,1,1,1_4301308,1_4301308_1
1,4301240,1,,1,0.00000,0.00000,0.00000,,0.00000,1,1,1_4301240,1_4301240_1
1,4301151,1,,1,0.00000,0.00000,0.00000,,0.00000,1,1,1_4301151,1_4301151_1
1,4301050,1,,1,0.00000,0.00000,0.00000,,0.00000,1,1,1_4301050,1_4301050_1
1,4301178,1,,1,0.00000,0.00000,0.00000,,0.00000,1,1,1_4301178,1_4301178_1
1,4301224,1,,1,0.00000,0.00000,0.00000,,0.00000,1,1,1_4301224,1_4301224_1
1,4300047,1,,1,0.00000,0.00000,0.00000,,0.00000,1,1,1_4300047,1_4300047_1
1,4100753,1,,9,0.00000,0.00000,0.00000,,0.00000,1,9,1_4100753,1_4100753_9
1,4301222,1,,1,0.00000,0.00000,0.00000,,0.00000,1,1,1_4301222,1_4301222_1
1,4300730,1,,1,0.00000,0.00000,0.00000,,0.00000,1,1,1_4300730,1_4300730_1
1,4301242,1,,1,0.00000,0.00000,0.00000,,0.00000,1,1,1_4301242,1_4301242_1
1,4301181,1,,1,0.00000,0.00000,0.00000,,0.00000,1,1,1_4301181,1_4301181_1
1,4301083,1,,1,0.00000,0.00000,0.00000,,0.00000,1,1,1_4301083,1_4301083_1
1,4300065,1,,1,0.00000,0.00000,0.00000,,0.00000,1,1,1_4300065,1_4300065_1
1,4000215,1,,1,100000000.00000,0.00000,0.00000,,0.00000,1,1,1_4000215,1_4000215_1
1,4000228,1,,1,100000000.00000,0.00000,0.00000,,0.00000,1,1,1_4000228,1_4000228_1
1,4000230,1,,1,100000000.00000,0.00000,0.00000,,0.00000,1,1,1_4000230,1_4000230_1
1,4000263,1,1074225448,1,100000000.00000,0.00000,0.00000,,0.00000,1,1,1_4000263,1_4000263_1
1,4000268,1,,1,100000000.00000,0.00000,0.00000,,0.00000,1,1,1_4000268,1_4000268_1
1,4000273,1,,1,100000000.00000,0.00000,0.00000,,0.00000,1,1,1_4000273,1_4000273_1
1,4000275,1,1074276304,1,0.00000,0.00000,0.00000,,0.00000,1,1,1_4000275,1_4000275_1
1,4000280,1,,1,100000000.00000,0.00000,0.00000,,0.00000,1,1,1_4000280,1_4000280_1
1,4000282,1,,1,100000000.00000,0.00000,0.00000,,0.00000,1,1,1_4000282,1_4000282_1
1,4000291,1,,1,100000000.00000,0.00000,0.00000,,0.00000,1,1,1_4000291,1_4000291_1
1,4000295,1,1074225448,1,100000000.00000,0.00000,0.00000,,0.00000,1,1,1_4000295,1_4000295_1
1,4000296,1,,1,100000000.00000,0.00000,0.00000,,0.00000,1,1,1_4000296,1_4000296_1
1,4000298,1,,1,100000000.00000,0.00000,0.00000,,0.00000,1,1,1_4000298,1_4000298_1
1,4000302,1,1074084288,1,100000000.00000,0.00000,0.00000,,0.00000,1,1,1_4000302,1_4000302_1
1,4000309,1,,1,0.00000,0.00000,0.00000,,0.00000,1,1,1_4000309,1_4000309_1
1,4000312,1,1074167968,1,100000000.00000,0.00000,0.00000,,0.00000,1,1,1_4000312,1_4000312_1
1,4301185,1,,1,0.00000,0.00000,0.00000,,0.00000,1,1,1_4301185,1_4301185_1
1,4301089,1,,1,0.00000,0.00000,0.00000,,0.00000,1,1,1_4301089,1_4301089_1
1,4301236,1,,1,0.00000,0.00000,0.00000,,0.00000,1,1,1_4301236,1_4301236_1
1,4300022,1,,1,0.00000,0.00000,0.00000,,0.00000,1,1,1_4300022,1_4300022_1
1,4300062,1,,1,0.00000,0.00000,0.00000,,0.00000,1,1,1_4300062,1_4300062_1
1,4301147,1,,1,0.00000,0.00000,0.00000,,0.00000,1,1,1_4301147,1_4301147_1
1,4301213,1,,1,0.00000,0.00000,0.00000,,0.00000,1,1,1_4301213,1_4301213_1
1,4301392,1,,1,0.00000,0.00000,0.00000,,0.00000,1,1,1_4301392,1_4301392_1
1,4301413,1,,1,0.00000,0.00000,0.00000,,0.00000,1,1,1_4301413,1_4301413_1
1,4300863,1,,1,0.00000,0.00000,0.00000,,0.00000,1,1,1_4300863,1_4300863_1
1,4301098,1,,1,0.00000,0.00000,0.00000,,0.00000,1,1,1_4301098,1_4301098_1
1,4300951,1,,1,0.00000,0.00000,0.00000,,0.00000,1,1,1_4300951,1_4300951_1
1,4300071,1,,1,0.00000,0.00000,0.00000,,0.00000,1,1,1_4300071,1_4300071_1
1,4301288,1,,1,0.00000,0.00000,0.00000,,0.00000,1,1,1_4301288,1_4301288_1
1,4301214,1,,1,0.00000,0.00000,0.00000,,0.00000,1,1,1_4301214,1_4301214_1
1,4301210,1,,1,0.00000,0.00000,0.00000,,0.00000,1,1,1_4301210,1_4301210_1
1,4301235,1,,1,0.00000,0.00000,0.00000,,0.00000,1,1,1_4301235,1_4301235_1
1,4301154,1,,1,0.00000,0.00000,0.00000,,0.00000,1,1,1_4301154,1_4301154_1
1,4301409,1,,1,0.00000,0.00000,0.00000,,0.00000,1,1,1_4301409,1_4301409_1
1,4300675,1,,1,0.00000,0.00000,0.00000,,0.00000,1,1,1_4300675,1_4300675_1
1,4301227,1,,1,0.00000,0.00000,0.00000,,0.00000,1,1,1_4301227,1_4301227_1
1,4300797,1,,1,0.00000,0.00000,0.00000,,0.00000,1,1,1_4300797,1_4300797_1
1,4300181,1,,1,0.00000,0.00000,0.00000,,0.00000,1,1,1_4300181,1_4300181_1
1,4300262,1,,1,0.00000,0.00000,0.00000,,0.00000,1,1,1_4300262,1_4300262_1
1,4301299,1,,1,0.00000,0.00000,0.00000,,0.00000,1,1,1_4301299,1_4301299_1
1,4300610,1,,1,0.00000,0.00000,0.00000,,0.00000,1,1,1_4300610,1_4300610_1
1,4301084,1,,1,0.00000,0.00000,0.00000,,0.00000,1,1,1_4301084,1_4301084_1
1,4300776,1,,1,0.00000,0.00000,0.00000,,0.00000,1,1,1_4300776,1_4300776_1
1,4300820,1,,1,0.00000,0.00000,0.00000,,0.00000,1,1,1_4300820,1_4300820_1
1,4301068,1,,1,0.00000,0.00000,0.00000,,0.00000,1,1,1_4301068,1_4301068_1
1,4301229,1,,1,0.00000,0.00000,0.00000,,0.00000,1,1,1_4301229,1_4301229_1
1,4301135,1,,1,0.00000,0.00000,0.00000,,0.00000,1,1,1_4301135,1_4301135_1
1,4301375,1,,1,0.00000,0.00000,0.00000,,0.00000,1,1,1_4301375,1_4301375_1
1,4301199,1,,1,0.00000,0.00000,0.00000,,0.00000,1,1,1_4301199,1_4301199_1
1,4300292,1,,1,0.00000,0.00000,0.00000,,0.00000,1,1,1_4300292,1_4300292_1
1,4301155,1,,1,0.00000,0.00000,0.00000,,0.00000,1,1,1_4301155,1_4301155_1
1,4300577,1,,1,0.00000,0.00000,0.00000,,0.00000,1,1,1_4300577,1_4300577_1
1,4300297,1,,1,0.00000,0.00000,0.00000,,0.00000,1,1,1_4300297,1_4300297_1
1,4300084,1,,1,0.00000,0.00000,0.00000,,0.00000,1,1,1_4300084,1_4300084_1
1,4300028,1,,1,0.00000,0.00000,0.00000,,0.00000,1,1,1_4300028,1_4300028_1
1,4300625,1,,1,0.00000,0.00000,0.00000,,0.00000,1,1,1_4300625,1_4300625_1
1,4300809,1,,1,0.00000,0.00000,0.00000,,0.00000,1,1,1_4300809,1_4300809_1
1,4300895,1,,1,0.00000,0.00000,0.00000,,0.00000,1,1,1_4300895,1_4300895_1
1,4301305,1,,1,0.00000,0.00000,0.00000,,0.00000,1,1,1_4301305,1_4301305_1
1,4300117,1,,1,0.00000,0.00000,0.00000,,0.00000,1,1,1_4300117,1_4300117_1
1,4300788,1,,1,0.00000,0.00000,0.00000,,0.00000,1,1,1_4300788,1_4300788_1
1,4301370,1,,1,0.00000,0.00000,0.00000,,0.00000,1,1,1_4301370,1_4301370_1
1,4301000,1,,1,0.00000,0.00000,0.00000,,0.00000,1,1,1_4301000,1_4301000_1
1,4300872,1,,1,0.00000,0.00000,0.00000,,0.00000,1,1,1_4300872,1_4300872_1
1,4301245,1,,1,0.00000,0.00000,0.00000,,0.00000,1,1,1_4301245,1_4301245_1
1,4300098,1,,1,0.00000,0.00000,0.00000,,0.00000,1,1,1_4300098,1_4300098_1
1,4301247,1,,1,0.00000,0.00000,0.00000,,0.00000,1,1,1_4301247,1_4301247_1
1,4300665,1,,1,0.00000,0.00000,0.00000,,0.00000,1,1,1_4300665,1_4300665_1
1,4300726,1,,1,0.00000,0.00000,0.00000,,0.00000,1,1,1_4300726,1_4300726_1
1,4300195,1,,1,0.00000,0.00000,0.00000,,0.00000,1,1,1_4300195,1_4300195_1
1,4301166,1,,1,0.00000,0.00000,0.00000,,0.00000,1,1,1_4301166,1_4301166_1
1,4300099,1,,1,0.00000,0.00000,0.00000,,0.00000,1,1,1_4300099,1_4300099_1
1,4300029,1,,1,0.00000,0.00000,0.00000,,0.00000,1,1,1_4300029,1_4300029_1
1,4301382,1,,1,0.00000,0.00000,0.00000,,0.00000,1,1,1_4301382,1_4301382_1
1,4301080,1,,1,0.00000,0.00000,0.00000,,0.00000,1,1,1_4301080,1_4301080_1
1,4000479,1,,1,500000.00000,0.00000,0.00000,,0.00000,1,1,1_4000479,1_4000479_1
1,4000480,1,1074276304,1,0.00000,0.00000,0.00000,,0.00000,1,1,1_4000480,1_4000480_1
1,4000481,1,,2,100000.00000,0.00000,0.00000,,0.00000,1,2,1_4000481,1_4000481_2
1,4000482,1,,7,100000.00000,0.00000,0.00000,,0.00000,1,7,1_4000482,1_4000482_7
1,4000483,1,1074276304,1,0.00000,0.00000,0.00000,,0.00000,1,1,1_4000483,1_4000483_1
1,4000484,1,1074276304,1,0.00000,0.00000,0.00000,,0.00000,1,1,1_4000484,1_4000484_1
1,4000486,1,1074276304,1,0.00000,0.00000,0.00000,,0.00000,1,1,1_4000486,1_4000486_1
1,4000487,1,1074276304,1,0.00000,0.00000,0.00000,,0.00000,1,1,1_4000487,1_4000487_1
1,4000488,1,1074276304,1,0.00000,0.00000,0.00000,,0.00000,1,1,1_4000488,1_4000488_1
1,4000489,1,1074276304,1,0.00000,0.00000,0.00000,,0.00000,1,1,1_4000489,1_4000489_1
1,4000490,1,,1,500000.00000,0.00000,0.00000,,0.00000,1,1,1_4000490,1_4000490_1
1,4000491,1,1074105864,1,0.00000,0.00000,0.00000,,0.00000,1,1,1_4000491,1_4000491_1
1,4000492,1,1074276304,1,0.00000,0.00000,0.00000,,0.00000,1,1,1_4000492,1_4000492_1
1,4000493,1,,1,0.00000,0.00000,0.00000,,0.00000,1,1,1_4000493,1_4000493_1
1,4000494,1,,5,0.00000,0.00000,0.00000,,0.00000,1,5,1_4000494,1_4000494_5
1,4000495,1,1074276304,1,0.00000,0.00000,0.00000,,0.00000,1,1,1_4000495,1_4000495_1
1,4000496,1,1074276304,1,0.00000,0.00000,0.00000,,0.00000,1,1,1_4000496,1_4000496_1
1,4310073,1,,1,0.00000,0.00000,0.00000,,0.00000,1,1,1_4310073,1_4310073_1
1,4301463,1,,1,0.00000,0.00000,0.00000,,0.00000,1,1,1_4301463,1_4301463_1
1,4310055,1,,1,0.00000,0.00000,0.00000,,0.00000,1,1,1_4310055,1_4310055_1
1,4310060,1,,1,0.00000,0.00000,0.00000,,0.00000,1,1,1_4310060,1_4310060_1
1,4310023,1,,1,0.00000,0.00000,0.00000,,0.00000,1,1,1_4310023,1_4310023_1
1,4310030,1,,1,0.00000,0.00000,0.00000,,0.00000,1,1,1_4310030,1_4310030_1
1,4310057,1,,1,0.00000,0.00000,0.00000,,0.00000,1,1,1_4310057,1_4310057_1
1,4310003,1,,1,0.00000,0.00000,0.00000,,0.00000,1,1,1_4310003,1_4310003_1
1,4310008,1,,1,0.00000,0.00000,0.00000,,0.00000,1,1,1_4310008,1_4310008_1
1,4310043,1,,1,0.00000,0.00000,0.00000,,0.00000,1,1,1_4310043,1_4310043_1
1,4310049,1,,1,0.00000,0.00000,0.00000,,0.00000,1,1,1_4310049,1_4310049_1
1,4310066,1,,1,0.00000,0.00000,0.00000,,0.00000,1,1,1_4310066,1_4310066_1
1,4310081,1,,1,0.00000,0.00000,0.00000,,0.00000,1,1,1_4310081,1_4310081_1
1,4310002,1,,1,0.00000,0.00000,0.00000,,0.00000,1,1,1_4310002,1_4310002_1
1,4310004,1,,1,0.00000,0.00000,0.00000,,0.00000,1,1,1_4310004,1_4310004_1
1,4310016,1,,1,0.00000,0.00000,0.00000,,0.00000,1,1,1_4310016,1_4310016_1
1,4310001,1,,1,0.00000,0.00000,0.00000,,0.00000,1,1,1_4310001,1_4310001_1
1,4301052,1,,1,0.00000,0.00000,0.00000,,0.00000,1,1,1_4301052,1_4301052_1
1,4301480,1,,1,0.00000,0.00000,0.00000,,0.00000,1,1,1_4301480,1_4301480_1
1,4300844,1,,1,0.00000,0.00000,0.00000,,0.00000,1,1,1_4300844,1_4300844_1
1,4300793,1,,1,0.00000,0.00000,0.00000,,0.00000,1,1,1_4300793,1_4300793_1
1,4000524,1,1074457632,1,0.00000,0.00000,0.00000,,0.00000,1,1,1_4000524,1_4000524_1
1,4000522,1,1074218136,1,0.00000,0.00000,0.00000,,0.00000,1,1,1_4000522,1_4000522_1
1,4000523,1,1074457632,1,0.00000,0.00000,0.00000,,0.00000,1,1,1_4000523,1_4000523_1
1,4300967,1,,1,0.00000,0.00000,0.00000,,0.00000,1,1,1_4300967,1_4300967_1
1,4300323,1,,1,0.00000,0.00000,0.00000,,0.00000,1,1,1_4300323,1_4300323_1
1,4301163,1,,1,0.00000,0.00000,0.00000,,0.00000,1,1,1_4301163,1_4301163_1
1,4301188,1,,1,0.00000,0.00000,0.00000,,0.00000,1,1,1_4301188,1_4301188_1
1,4301177,1,,1,0.00000,0.00000,0.00000,,0.00000,1,1,1_4301177,1_4301177_1
1,4300306,1,,1,0.00000,0.00000,0.00000,,0.00000,1,1,1_4300306,1_4300306_1
1,4301393,1,,1,0.00000,0.00000,0.00000,,0.00000,1,1,1_4301393,1_4301393_1
1,4301290,1,,1,0.00000,0.00000,0.00000,,0.00000,1,1,1_4301290,1_4301290_1
1,4300878,1,,1,0.00000,0.00000,0.00000,,0.00000,1,1,1_4300878,1_4300878_1
1,4301186,1,,1,0.00000,0.00000,0.00000,,0.00000,1,1,1_4301186,1_4301186_1
1,4301296,1,,1,0.00000,0.00000,0.00000,,0.00000,1,1,1_4301296,1_4301296_1
1,4301180,1,,1,0.00000,0.00000,0.00000,,0.00000,1,1,1_4301180,1_4301180_1
1,4301293,1,,1,0.00000,0.00000,0.00000,,0.00000,1,1,1_4301293,1_4301293_1
1,4301414,1,,1,0.00000,0.00000,0.00000,,0.00000,1,1,1_4301414,1_4301414_1
1,4301264,1,,1,0.00000,0.00000,0.00000,,0.00000,1,1,1_4301264,1_4301264_1
1,4300539,1,,1,0.00000,0.00000,0.00000,,0.00000,1,1,1_4300539,1_4300539_1
1,4301183,1,,1,0.00000,0.00000,0.00000,,0.00000,1,1,1_4301183,1_4301183_1
1,4300116,1,,1,0.00000,0.00000,0.00000,,0.00000,1,1,1_4300116,1_4300116_1
1,4301253,1,,1,0.00000,0.00000,0.00000,,0.00000,1,1,1_4301253,1_4301253_1
1,4301376,1,,1,0.00000,0.00000,0.00000,,0.00000,1,1,1_4301376,1_4301376_1
1,4301085,1,,1,0.00000,0.00000,0.00000,,0.00000,1,1,1_4301085,1_4301085_1
1,4301141,1,,1,0.00000,0.00000,0.00000,,0.00000,1,1,1_4301141,1_4301141_1
1,4301359,1,,1,0.00000,0.00000,0.00000,,0.00000,1,1,1_4301359,1_4301359_1
1,4300271,1,,1,0.00000,0.00000,0.00000,,0.00000,1,1,1_4300271,1_4300271_1
1,4301165,1,,1,0.00000,0.00000,0.00000,,0.00000,1,1,1_4301165,1_4301165_1
1,4300846,1,,1,0.00000,0.00000,0.00000,,0.00000,1,1,1_4300846,1_4300846_1
1,4301239,1,,1,0.00000,0.00000,0.00000,,0.00000,1,1,1_4301239,1_4301239_1
1,4300160,1,,1,0.00000,0.00000,0.00000,,0.00000,1,1,1_4300160,1_4300160_1
1,4300552,1,,1,0.00000,0.00000,0.00000,,0.00000,1,1,1_4300552,1_4300552_1
1,4300956,1,,1,0.00000,0.00000,0.00000,,0.00000,1,1,1_4300956,1_4300956_1
1,4301372,1,,1,0.00000,0.00000,0.00000,,0.00000,1,1,1_4301372,1_4301372_1
1,4301402,1,,1,0.00000,0.00000,0.00000,,0.00000,1,1,1_4301402,1_4301402_1
1,4300339,1,,1,0.00000,0.00000,0.00000,,0.00000,1,1,1_4300339,1_4300339_1
1,4300225,1,,1,0.00000,0.00000,0.00000,,0.00000,1,1,1_4300225,1_4300225_1
1,4301132,1,,1,0.00000,0.00000,0.00000,,0.00000,1,1,1_4301132,1_4301132_1
1,4302257,1,,1,0.00000,0.00000,0.00000,,0.00000,1,1,1_4302257,1_4302257_1
1,4301158,1,,1,0.00000,0.00000,0.00000,,0.00000,1,1,1_4301158,1_4301158_1
1,4301283,1,,1,0.00000,0.00000,0.00000,,0.00000,1,1,1_4301283,1_4301283_1
1,4000441,1,1074101688,1,100000000.00000,0.00000,0.00000,,0.00000,1,1,1_4000441,1_4000441_1
1,4000442,1,1074102456,1,100000000.00000,0.00000,0.00000,,0.00000,1,1,1_4000442,1_4000442_1
1,4000443,1,1074083392,1,100000000.00000,0.00000,0.00000,,0.00000,1,1,1_4000443,1_4000443_1
1,4000444,1,1074102456,1,100000000.00000,0.00000,0.00000,,0.00000,1,1,1_4000444,1_4000444_1
1,4000445,1,1074102456,1,100000000.00000,0.00000,0.00000,,0.00000,1,1,1_4000445,1_4000445_1
1,4000446,1,1074102456,1,100000000.00000,0.00000,0.00000,,0.00000,1,1,1_4000446,1_4000446_1
1,4000447,1,1074102456,1,100000000.00000,0.00000,0.00000,,0.00000,1,1,1_4000447,1_4000447_1
1,4000448,1,,1,100000000.00000,0.00000,0.00000,,0.00000,1,1,1_4000448,1_4000448_1
1,4000449,1,1074102456,1,100000000.00000,0.00000,0.00000,,0.00000,1,1,1_4000449,1_4000449_1
1,4000450,1,1074102456,1,100000000.00000,0.00000,0.00000,,0.00000,1,1,1_4000450,1_4000450_1
1,4000451,1,,1,100000000.00000,0.00000,0.00000,,0.00000,1,1,1_4000451,1_4000451_1
1,4000452,1,1074225448,1,100000000.00000,0.00000,0.00000,,0.00000,1,1,1_4000452,1_4000452_1
1,4000453,1,1074225448,1,100000000.00000,0.00000,0.00000,,0.00000,1,1,1_4000453,1_4000453_1
1,4301277,1,,1,0.00000,0.00000,0.00000,,0.00000,1,1,1_4301277,1_4301277_1
1,4301281,1,,1,0.00000,0.00000,0.00000,,0.00000,1,1,1_4301281,1_4301281_1
1,4300887,1,,1,0.00000,0.00000,0.00000,,0.00000,1,1,1_4300887,1_4300887_1
1,4301390,1,,1,0.00000,0.00000,0.00000,,0.00000,1,1,1_4301390,1_4301390_1
1,4301196,1,,1,0.00000,0.00000,0.00000,,0.00000,1,1,1_4301196,1_4301196_1
1,4300999,1,,1,0.00000,0.00000,0.00000,,0.00000,1,1,1_4300999,1_4300999_1
1,4301131,1,,1,0.00000,0.00000,0.00000,,0.00000,1,1,1_4301131,1_4301131_1
1,4301176,1,,1,0.00000,0.00000,0.00000,,0.00000,1,1,1_4301176,1_4301176_1
1,4300294,1,,1,0.00000,0.00000,0.00000,,0.00000,1,1,1_4300294,1_4300294_1
1,4300940,1,,1,0.00000,0.00000,0.00000,,0.00000,1,1,1_4300940,1_4300940_1
1,4000473,1,,1,100000000.00000,0.00000,0.00000,,0.00000,1,1,1_4000473,1_4000473_1
1,4000474,1,,1,100000000.00000,0.00000,0.00000,,0.00000,1,1,1_4000474,1_4000474_1
1,4000170,1,1074225448,1,100000000.00000,0.00000,0.00000,,0.00000,1,1,1_4000170,1_4000170_1
1,4000173,1,,1,100000000.00000,0.00000,0.00000,,0.00000,1,1,1_4000173,1_4000173_1
1,4000179,1,,1,100000000.00000,0.00000,0.00000,,0.00000,1,1,1_4000179,1_4000179_1
1,4000325,1,,1,100000000.00000,0.00000,0.00000,,0.00000,1,1,1_4000325,1_4000325_1
1,4000183,1,,1,100000000.00000,0.00000,0.00000,,0.00000,1,1,1_4000183,1_4000183_1
1,4000208,1,,1,100000000.00000,0.00000,0.00000,,0.00000,1,1,1_4000208,1_4000208_1
1,4000209,1,,1,1000000.00000,0.00000,0.00000,,0.00000,1,1,1_4000209,1_4000209_1
1,4000477,1,1074250176,1,3000.00000,0.00000,0.00000,,0.00000,1,1,1_4000477,1_4000477_1
1,4000210,1,,1,100000000.00000,0.00000,0.00000,,0.00000,1,1,1_4000210,1_4000210_1
1,4000211,1,,1,100000000.00000,0.00000,0.00000,,0.00000,1,1,1_4000211,1_4000211_1
1,4000214,1,1074074416,1,100000000.00000,0.00000,0.00000,,0.00000,1,1,1_4000214,1_4000214_1
1,4000066,1,,0,0.00000,0.00000,0.00000,,0.00000,1,0,1_4000066,1_4000066_0
1,4000072,1,,1,100000000.00000,0.00000,0.00000,,0.00000,1,1,1_4000072,1_4000072_1
1,4000163,1,,0,0.00000,0.00000,0.00000,,0.00000,1,0,1_4000163,1_4000163_0
1,4000191,1,,0,0.00000,0.00000,0.00000,,0.00000,1,0,1_4000191,1_4000191_0
1,4000208,1,,0,0.00000,0.00000,0.00000,,0.00000,1,0,1_4000208,1_4000208_0
1,4000228,1,,0,0.00000,0.00000,0.00000,,0.00000,1,0,1_4000228,1_4000228_0
1,4000232,1,,0,0.00000,0.00000,0.00000,,0.00000,1,0,1_4000232,1_4000232_0
1,4310013,1,,0,0.00000,0.00000,0.00000,,0.00000,1,0,1_4310013,1_4310013_0
1,4301272,1,,0,0.00000,0.00000,0.00000,,0.00000,1,0,1_4301272,1_4301272_0
1,4301276,1,,0,0.00000,0.00000,0.00000,,0.00000,1,0,1_4301276,1_4301276_0
1,4310005,1,,0,0.00000,0.00000,0.00000,,0.00000,1,0,1_4310005,1_4310005_0
1,4310006,1,,0,0.00000,0.00000,0.00000,,0.00000,1,0,1_4310006,1_4310006_0
1,4310048,1,,0,0.00000,0.00000,0.00000,,0.00000,1,0,1_4310048,1_4310048_0
1,4310049,1,,0,0.00000,0.00000,0.00000,,0.00000,1,0,1_4310049,1_4310049_0
1,4310051,1,,0,0.00000,0.00000,0.00000,,0.00000,1,0,1_4310051,1_4310051_0
1,4310053,1,,0,0.00000,0.00000,0.00000,,0.00000,1,0,1_4310053,1_4310053_0
1,4310054,1,,0,0.00000,0.00000,0.00000,,0.00000,1,0,1_4310054,1_4310054_0
1,4310055,1,,0,0.00000,0.00000,0.00000,,0.00000,1,0,1_4310055,1_4310055_0
1,4310057,1,,0,0.00000,0.00000,0.00000,,0.00000,1,0,1_4310057,1_4310057_0
1,4310058,1,,0,0.00000,0.00000,0.00000,,0.00000,1,0,1_4310058,1_4310058_0
1,4310059,1,,0,0.00000,0.00000,0.00000,,0.00000,1,0,1_4310059,1_4310059_0
1,4310060,1,,0,0.00000,0.00000,0.00000,,0.00000,1,0,1_4310060,1_4310060_0
1,4310062,1,,0,0.00000,0.00000,0.00000,,0.00000,1,0,1_4310062,1_4310062_0
1,4310063,1,,0,0.00000,0.00000,0.00000,,0.00000,1,0,1_4310063,1_4310063_0
1,4310064,1,,0,0.00000,0.00000,0.00000,,0.00000,1,0,1_4310064,1_4310064_0
1,4310066,1,,0,0.00000,0.00000,0.00000,,0.00000,1,0,1_4310066,1_4310066_0
1,4310067,1,,0,0.00000,0.00000,0.00000,,0.00000,1,0,1_4310067,1_4310067_0
1,4000314,1,,1,100000000.00000,0.00000,0.00000,,0.00000,1,1,1_4000314,1_4000314_1
1,4000321,1,,1,100000000.00000,0.00000,0.00000,,0.00000,1,1,1_4000321,1_4000321_1
1,4301171,1,,1,0.00000,0.00000,0.00000,,0.00000,1,1,1_4301171,1_4301171_1
1,4300001,1,,1,0.00000,0.00000,0.00000,,0.00000,1,1,1_4300001,1_4300001_1
1,4301221,1,,1,0.00000,0.00000,0.00000,,0.00000,1,1,1_4301221,1_4301221_1
1,4301233,1,,1,0.00000,0.00000,0.00000,,0.00000,1,1,1_4301233,1_4301233_1
1,4301403,1,,1,0.00000,0.00000,0.00000,,0.00000,1,1,1_4301403,1_4301403_1
1,4301208,1,,1,0.00000,0.00000,0.00000,,0.00000,1,1,1_4301208,1_4301208_1
1,4301123,1,,1,0.00000,0.00000,0.00000,,0.00000,1,1,1_4301123,1_4301123_1
1,4302055,1,,1,0.00000,0.00000,0.00000,,0.00000,1,1,1_4302055,1_4302055_1
1,4301094,1,,1,0.00000,0.00000,0.00000,,0.00000,1,1,1_4301094,1_4301094_1
1,4301279,1,,1,0.00000,0.00000,0.00000,,0.00000,1,1,1_4301279,1_4301279_1
1,4300346,1,,1,0.00000,0.00000,0.00000,,0.00000,1,1,1_4300346,1_4300346_1
1,4302052,1,,1,0.00000,0.00000,0.00000,,0.00000,1,1,1_4302052,1_4302052_1
1,4300307,1,,1,0.00000,0.00000,0.00000,,0.00000,1,1,1_4300307,1_4300307_1
1,4301072,1,,1,0.00000,0.00000,0.00000,,0.00000,1,1,1_4301072,1_4301072_1
1,4301170,1,,1,0.00000,0.00000,0.00000,,0.00000,1,1,1_4301170,1_4301170_1
1,4301257,1,,1,0.00000,0.00000,0.00000,,0.00000,1,1,1_4301257,1_4301257_1
1,4300724,1,,1,0.00000,0.00000,0.00000,,0.00000,1,1,1_4300724,1_4300724_1
1,4301046,1,,1,0.00000,0.00000,0.00000,,0.00000,1,1,1_4301046,1_4301046_1
1,4300686,1,,1,0.00000,0.00000,0.00000,,0.00000,1,1,1_4300686,1_4300686_1
1,4300063,1,,1,0.00000,0.00000,0.00000,,0.00000,1,1,1_4300063,1_4300063_1
1,4301366,1,,1,0.00000,0.00000,0.00000,,0.00000,1,1,1_4301366,1_4301366_1
1,4301408,1,,1,0.00000,0.00000,0.00000,,0.00000,1,1,1_4301408,1_4301408_1
1,4300048,1,,1,0.00000,0.00000,0.00000,,0.00000,1,1,1_4300048,1_4300048_1
1,4300813,1,,1,0.00000,0.00000,0.00000,,0.00000,1,1,1_4300813,1_4300813_1
1,4301129,1,,1,0.00000,0.00000,0.00000,,0.00000,1,1,1_4301129,1_4301129_1
1,4000999,1,1074146776,1,100000000.00000,0.00000,0.00000,,0.00000,1,1,1_4000999,1_4000999_1
1,4100055,1,,1,100000000.00000,0.00000,0.00000,,0.00000,1,1,1_4100055,1_4100055_1
1,4301270,1,,1,0.00000,0.00000,0.00000,,0.00000,1,1,1_4301270,1_4301270_1
1,4301232,1,,1,0.00000,0.00000,0.00000,,0.00000,1,1,1_4301232,1_4301232_1
1,4301062,1,,1,0.00000,0.00000,0.00000,,0.00000,1,1,1_4301062,1_4301062_1
1,4301153,1,,1,0.00000,0.00000,0.00000,,0.00000,1,1,1_4301153,1_4301153_1
1,4301111,1,,1,0.00000,0.00000,0.00000,,0.00000,1,1,1_4301111,1_4301111_1
1,4301101,1,,1,0.00000,0.00000,0.00000,,0.00000,1,1,1_4301101,1_4301101_1
1,4300681,1,,1,0.00000,0.00000,0.00000,,0.00000,1,1,1_4300681,1_4300681_1
1,4300763,1,,1,0.00000,0.00000,0.00000,,0.00000,1,1,1_4300763,1_4300763_1
1,4310020,1,,0,0.00000,0.00000,0.00000,,0.00000,1,0,1_4310020,1_4310020_0
1,4301322,1,,1,0.00000,0.00000,0.00000,,0.00000,1,1,1_4301322,1_4301322_1
1,4000097,1,,1,100000000.00000,0.00000,0.00000,,0.00000,1,1,1_4000097,1_4000097_1
1,4000105,1,,1,100000.00000,0.00000,0.00000,,0.00000,1,1,1_4000105,1_4000105_1
1,4000106,1,,1,100000000.00000,0.00000,0.00000,,0.00000,1,1,1_4000106,1_4000106_1
1,4000117,1,1074276304,1,0.00000,0.00000,0.00000,,0.00000,1,1,1_4000117,1_4000117_1
1,4000120,1,,1,100000000.00000,0.00000,0.00000,,0.00000,1,1,1_4000120,1_4000120_1
1,4000121,1,,1,100000000.00000,0.00000,0.00000,,0.00000,1,1,1_4000121,1_4000121_1
1,4000126,1,,1,500000.00000,0.00000,0.00000,,0.00000,1,1,1_4000126,1_4000126_1
1,4000128,1,,1,500000.00000,0.00000,0.00000,,0.00000,1,1,1_4000128,1_4000128_1
1,4000129,1,,1,100000000.00000,0.00000,0.00000,,0.00000,1,1,1_4000129,1_4000129_1
1,4000131,1,1074101688,1,100000000.00000,0.00000,0.00000,,0.00000,1,1,1_4000131,1_4000131_1
1,4000141,1,,1,100000000.00000,0.00000,0.00000,,0.00000,1,1,1_4000141,1_4000141_1
1,4000148,1,,1,500000.00000,0.00000,0.00000,,0.00000,1,1,1_4000148,1_4000148_1
1,4000152,1,,1,100000000.00000,0.00000,0.00000,,0.00000,1,1,1_4000152,1_4000152_1
1,4301310,1,,1,0.00000,0.00000,0.00000,,0.00000,1,1,1_4301310,1_4301310_1
1,4300782,1,,1,0.00000,0.00000,0.00000,,0.00000,1,1,1_4300782,1_4300782_1
1,4301118,1,,1,0.00000,0.00000,0.00000,,0.00000,1,1,1_4301118,1_4301118_1
1,4301306,1,,1,0.00000,0.00000,0.00000,,0.00000,1,1,1_4301306,1_4301306_1
1,4301385,1,,1,0.00000,0.00000,0.00000,,0.00000,1,1,1_4301385,1_4301385_1
1,4301162,1,,1,0.00000,0.00000,0.00000,,0.00000,1,1,1_4301162,1_4301162_1
1,4301287,1,,1,0.00000,0.00000,0.00000,,0.00000,1,1,1_4301287,1_4301287_1
1,4301259,1,,1,0.00000,0.00000,0.00000,,0.00000,1,1,1_4301259,1_4301259_1
1,4000543,1,,1,0.00000,0.00000,0.00000,,0.00000,1,1,1_4000543,1_4000543_1
1,4000475,1,1074225448,1,100000000.00000,0.00000,0.00000,,0.00000,1,1,1_4000475,1_4000475_1
1,4000478,1,,1,100000.00000,0.00000,0.00000,,0.00000,1,1,1_4000478,1_4000478_1
1,4310020,1,,1,0.00000,0.00000,0.00000,,0.00000,1,1,1_4310020,1_4310020_1
1,4301616,1,,1,0.00000,0.00000,0.00000,,0.00000,1,1,1_4301616,1_4301616_1
1,4301421,1,,1,0.00000,0.00000,0.00000,,0.00000,1,1,1_4301421,1_4301421_1
1,4310007,1,,1,0.00000,0.00000,0.00000,,0.00000,1,1,1_4310007,1_4310007_1
1,4310037,1,,1,0.00000,0.00000,0.00000,,0.00000,1,1,1_4310037,1_4310037_1
1,4310077,1,,1,0.00000,0.00000,0.00000,,0.00000,1,1,1_4310077,1_4310077_1
1,4310054,1,,1,0.00000,0.00000,0.00000,,0.00000,1,1,1_4310054,1_4310054_1
1,4310051,1,,1,0.00000,0.00000,0.00000,,0.00000,1,1,1_4310051,1_4310051_1
1,4100264,1,,9,0.00000,0.00000,0.00000,,0.00000,1,9,1_4100264,1_4100264_9
1,4301236,1,,0,0.00000,0.00000,0.00000,,0.00000,1,0,1_4301236,1_4301236_0
1,4301247,1,,0,0.00000,0.00000,0.00000,,0.00000,1,0,1_4301247,1_4301247_0
1,4301263,1,,0,0.00000,0.00000,0.00000,,0.00000,1,0,1_4301263,1_4301263_0
1,4301284,1,,0,0.00000,0.00000,0.00000,,0.00000,1,0,1_4301284,1_4301284_0
1,4301293,1,,0,0.00000,0.00000,0.00000,,0.00000,1,0,1_4301293,1_4301293_0
1,4301297,1,,0,0.00000,0.00000,0.00000,,0.00000,1,0,1_4301297,1_4301297_0
1,4301309,1,,0,0.00000,0.00000,0.00000,,0.00000,1,0,1_4301309,1_4301309_0
1,4301310,1,,0,0.00000,0.00000,0.00000,,0.00000,1,0,1_4301310,1_4301310_0
1,4301314,1,,0,0.00000,0.00000,0.00000,,0.00000,1,0,1_4301314,1_4301314_0
1,4301315,1,,0,0.00000,0.00000,0.00000,,0.00000,1,0,1_4301315,1_4301315_0
1,4300637,1,,0,0.00000,0.00000,0.00000,,0.00000,1,0,1_4300637,1_4300637_0
1,4300648,1,,0,0.00000,0.00000,0.00000,,0.00000,1,0,1_4300648,1_4300648_0
1,4300670,1,,0,0.00000,0.00000,0.00000,,0.00000,1,0,1_4300670,1_4300670_0
1,4300690,1,,0,0.00000,0.00000,0.00000,,0.00000,1,0,1_4300690,1_4300690_0
1,4300714,1,,0,0.00000,0.00000,0.00000,,0.00000,1,0,1_4300714,1_4300714_0
1,4300726,1,,0,0.00000,0.00000,0.00000,,0.00000,1,0,1_4300726,1_4300726_0
1,4300753,1,,0,0.00000,0.00000,0.00000,,0.00000,1,0,1_4300753,1_4300753_0
1,4300758,1,,0,0.00000,0.00000,0.00000,,0.00000,1,0,1_4300758,1_4300758_0
1,4300788,1,,0,0.00000,0.00000,0.00000,,0.00000,1,0,1_4300788,1_4300788_0
1,4300799,1,,0,0.00000,0.00000,0.00000,,0.00000,1,0,1_4300799,1_4300799_0
1,4300844,1,,0,0.00000,0.00000,0.00000,,0.00000,1,0,1_4300844,1_4300844_0
1,4300855,1,,0,0.00000,0.00000,0.00000,,0.00000,1,0,1_4300855,1_4300855_0
1,4000525,1,1074457632,1,0.00000,0.00000,0.00000,,0.00000,1,1,1_4000525,1_4000525_1
1,4000527,1,1074457632,1,0.00000,0.00000,0.00000,,0.00000,1,1,1_4000527,1_4000527_1
1,4000528,1,1074457632,1,0.00000,0.00000,0.00000,,0.00000,1,1,1_4000528,1_4000528_1
1,4000529,1,,1,0.00000,0.00000,0.00000,,0.00000,1,1,1_4000529,1_4000529_1
1,4000531,1,1074218136,1,0.00000,0.00000,0.00000,,0.00000,1,1,1_4000531,1_4000531_1
1,4000534,1,,1,500000.00000,0.00000,0.00000,,0.00000,1,1,1_4000534,1_4000534_1
1,4000535,1,,1,0.00000,0.00000,0.00000,,0.00000,1,1,1_4000535,1_4000535_1
1,4000536,1,,1,1000000.00000,0.00000,0.00000,,0.00000,1,1,1_4000536,1_4000536_1
1,4000537,1,,1,0.00000,0.00000,0.00000,,0.00000,1,1,1_4000537,1_4000537_1
1,4000538,1,,1,0.00000,0.00000,0.00000,,0.00000,1,1,1_4000538,1_4000538_1
1,4000541,1,,1,0.00000,0.00000,0.00000,,0.00000,1,1,1_4000541,1_4000541_1
1,4000542,1,,1,0.00000,0.00000,0.00000,,0.00000,1,1,1_4000542,1_4000542_1
1,4000392,1,,1,100000000.00000,0.00000,0.00000,,0.00000,1,1,1_4000392,1_4000392_1
1,4000394,1,1074074416,1,100000000.00000,0.00000,0.00000,,0.00000,1,1,1_4000394,1_4000394_1
1,4000397,1,,1,500000.00000,0.00000,0.00000,,0.00000,1,1,1_4000397,1_4000397_1
1,4000401,1,,1,100000000.00000,0.00000,0.00000,,0.00000,1,1,1_4000401,1_4000401_1
1,4000402,1,,1,100000000.00000,0.00000,0.00000,,0.00000,1,1,1_4000402,1_4000402_1
1,4000404,1,,1,0.00000,0.00000,0.00000,,0.00000,1,1,1_4000404,1_4000404_1
1,4000405,1,,1,100000000.00000,0.00000,0.00000,,0.00000,1,1,1_4000405,1_4000405_1
1,4000408,1,,1,100000000.00000,0.00000,0.00000,,0.00000,1,1,1_4000408,1_4000408_1
1,4000409,1,,1,100000000.00000,0.00000,0.00000,,0.00000,1,1,1_4000409,1_4000409_1
1,4000415,1,,1,100000000.00000,0.00000,0.00000,,0.00000,1,1,1_4000415,1_4000415_1
1,4000416,1,,1,100000000.00000,0.00000,0.00000,,0.00000,1,1,1_4000416,1_4000416_1
1,4000417,1,,1,100000000.00000,0.00000,0.00000,,0.00000,1,1,1_4000417,1_4000417_1
1,4000420,1,,1,100000.00000,0.00000,0.00000,,0.00000,1,1,1_4000420,1_4000420_1
1,4000421,1,,1,100000000.00000,0.00000,0.00000,,0.00000,1,1,1_4000421,1_4000421_1
1,4000422,1,1074066776,1,100000000.00000,0.00000,0.00000,,0.00000,1,1,1_4000422,1_4000422_1
1,4000423,1,,1,100000000.00000,0.00000,0.00000,,0.00000,1,1,1_4000423,1_4000423_1
1,4000424,1,,1,100000000.00000,0.00000,0.00000,,0.00000,1,1,1_4000424,1_4000424_1
1,4000427,1,,1,100000000.00000,0.00000,0.00000,,0.00000,1,1,1_4000427,1_4000427_1
1,4000428,1,,1,100000000.00000,0.00000,0.00000,,0.00000,1,1,1_4000428,1_4000428_1
1,4000430,1,,1,100000000.00000,0.00000,0.00000,,0.00000,1,1,1_4000430,1_4000430_1
1,4000431,1,,1,100000000.00000,0.00000,0.00000,,0.00000,1,1,1_4000431,1_4000431_1
1,4000432,1,,1,100000000.00000,0.00000,0.00000,,0.00000,1,1,1_4000432,1_4000432_1
1,4000433,1,,1,100000000.00000,0.00000,0.00000,,0.00000,1,1,1_4000433,1_4000433_1
1,4000434,1,,1,100000000.00000,0.00000,0.00000,,0.00000,1,1,1_4000434,1_4000434_1
1,4000435,1,,1,100000000.00000,0.00000,0.00000,,0.00000,1,1,1_4000435,1_4000435_1
1,4000436,1,,1,100000000.00000,0.00000,0.00000,,0.00000,1,1,1_4000436,1_4000436_1
1,4000437,1,,1,10000.00000,0.00000,0.00000,,0.00000,1,1,1_4000437,1_4000437_1
1,4000438,1,,1,100000000.00000,0.00000,0.00000,,0.00000,1,1,1_4000438,1_4000438_1
1,4000439,1,,1,100000000.00000,0.00000,0.00000,,0.00000,1,1,1_4000439,1_4000439_1
1,4000440,1,1074095872,1,100000000.00000,0.00000,0.00000,,0.00000,1,1,1_4000440,1_4000440_1
1,4310011,1,,1,0.00000,0.00000,0.00000,,0.00000,1,1,1_4310011,1_4310011_1
1,4310024,1,,1,0.00000,0.00000,0.00000,,0.00000,1,1,1_4310024,1_4310024_1
1,4310059,1,,1,0.00000,0.00000,0.00000,,0.00000,1,1,1_4310059,1_4310059_1
1,4310063,1,,1,0.00000,0.00000,0.00000,,0.00000,1,1,1_4310063,1_4310063_1
1,4310086,1,,0,0.00000,0.00000,0.00000,,0.00000,1,0,1_4310086,1_4310086_0
1,4310087,1,,0,0.00000,0.00000,0.00000,,0.00000,1,0,1_4310087,1_4310087_0
1,4310088,1,,0,0.00000,0.00000,0.00000,,0.00000,1,0,1_4310088,1_4310088_0
1,4310089,1,,0,0.00000,0.00000,0.00000,,0.00000,1,0,1_4310089,1_4310089_0
1,4310090,1,,0,0.00000,0.00000,0.00000,,0.00000,1,0,1_4310090,1_4310090_0
1,4000454,1,1074225448,1,100000000.00000,0.00000,0.00000,,0.00000,1,1,1_4000454,1_4000454_1
1,4000455,1,1074225448,1,100000000.00000,0.00000,0.00000,,0.00000,1,1,1_4000455,1_4000455_1
1,4000458,1,1074225448,1,100000000.00000,0.00000,0.00000,,0.00000,1,1,1_4000458,1_4000458_1
1,4000459,1,1074225448,1,100000000.00000,0.00000,0.00000,,0.00000,1,1,1_4000459,1_4000459_1
1,4000465,1,1074225448,1,100000000.00000,0.00000,0.00000,,0.00000,1,1,1_4000465,1_4000465_1
1,4000466,1,1074225448,1,100000000.00000,0.00000,0.00000,,0.00000,1,1,1_4000466,1_4000466_1
1,4000470,1,,1,100000000.00000,0.00000,0.00000,,0.00000,1,1,1_4000470,1_4000470_1
1,4000471,1,1074084288,1,100000000.00000,0.00000,0.00000,,0.00000,1,1,1_4000471,1_4000471_1
1,4000472,1,1074225448,1,100000000.00000,0.00000,0.00000,,0.00000,1,1,1_4000472,1_4000472_1
1,4310001,1,,0,0.00000,0.00000,0.00000,,0.00000,1,0,1_4310001,1_4310001_0
1,4310002,1,,0,0.00000,0.00000,0.00000,,0.00000,1,0,1_4310002,1_4310002_0
1,4310003,1,,0,0.00000,0.00000,0.00000,,0.00000,1,0,1_4310003,1_4310003_0
1,4310004,1,,0,0.00000,0.00000,0.00000,,0.00000,1,0,1_4310004,1_4310004_0
1,4000279,1,,1,100000000.00000,0.00000,0.00000,,0.00000,1,1,1_4000279,1_4000279_1
1,4000309,1,,0,0.00000,0.00000,0.00000,,0.00000,1,0,1_4000309,1_4000309_0
1,4000375,1,,1,100000000.00000,0.00000,0.00000,,0.00000,1,1,1_4000375,1_4000375_1
1,4000404,1,,0,0.00000,0.00000,0.00000,,0.00000,1,0,1_4000404,1_4000404_0
1,4000413,1,,1,100000000.00000,0.00000,0.00000,,0.00000,1,1,1_4000413,1_4000413_1
1,4000418,1,,1,100000000.00000,0.00000,0.00000,,0.00000,1,1,1_4000418,1_4000418_1
1,4000419,1,,1,100000000.00000,0.00000,0.00000,,0.00000,1,1,1_4000419,1_4000419_1
1,4000047,1,,0,0.00000,0.00000,0.00000,,0.00000,1,0,1_4000047,1_4000047_0
1,4301209,1,,1,0.00000,0.00000,0.00000,,0.00000,1,1,1_4301209,1_4301209_1
1,4000314,1,,0,0.00000,0.00000,0.00000,,0.00000,1,0,1_4000314,1_4000314_0
1,4310042,1,,0,0.00000,0.00000,0.00000,,0.00000,1,0,1_4310042,1_4310042_0
1,4310043,1,,0,0.00000,0.00000,0.00000,,0.00000,1,0,1_4310043,1_4310043_0
1,4310044,1,,0,0.00000,0.00000,0.00000,,0.00000,1,0,1_4310044,1_4310044_0
1,4310045,1,,0,0.00000,0.00000,0.00000,,0.00000,1,0,1_4310045,1_4310045_0
1,4310047,1,,0,0.00000,0.00000,0.00000,,0.00000,1,0,1_4310047,1_4310047_0
1,4301568,1,,0,0.00000,0.00000,0.00000,,0.00000,1,0,1_4301568,1_4301568_0
1,4301572,1,,0,0.00000,0.00000,0.00000,,0.00000,1,0,1_4301572,1_4301572_0
1,4301574,1,,0,0.00000,0.00000,0.00000,,0.00000,1,0,1_4301574,1_4301574_0
1,4301590,1,,0,0.00000,0.00000,0.00000,,0.00000,1,0,1_4301590,1_4301590_0
1,4301603,1,,0,0.00000,0.00000,0.00000,,0.00000,1,0,1_4301603,1_4301603_0
1,4301616,1,,0,0.00000,0.00000,0.00000,,0.00000,1,0,1_4301616,1_4301616_0
1,4301617,1,,0,0.00000,0.00000,0.00000,,0.00000,1,0,1_4301617,1_4301617_0
1,4301624,1,,0,0.00000,0.00000,0.00000,,0.00000,1,0,1_4301624,1_4301624_0
1,4301625,1,,0,0.00000,0.00000,0.00000,,0.00000,1,0,1_4301625,1_4301625_0
1,4301629,1,,0,0.00000,0.00000,0.00000,,0.00000,1,0,1_4301629,1_4301629_0
1,4301632,1,,0,0.00000,0.00000,0.00000,,0.00000,1,0,1_4301632,1_4301632_0
1,4301637,1,,0,0.00000,0.00000,0.00000,,0.00000,1,0,1_4301637,1_4301637_0
1,4301645,1,,0,0.00000,0.00000,0.00000,,0.00000,1,0,1_4301645,1_4301645_0
1,4301363,1,,0,0.00000,0.00000,0.00000,,0.00000,1,0,1_4301363,1_4301363_0
1,4301364,1,,0,0.00000,0.00000,0.00000,,0.00000,1,0,1_4301364,1_4301364_0
1,4301366,1,,0,0.00000,0.00000,0.00000,,0.00000,1,0,1_4301366,1_4301366_0
1,4301371,1,,0,0.00000,0.00000,0.00000,,0.00000,1,0,1_4301371,1_4301371_0
1,4301373,1,,0,0.00000,0.00000,0.00000,,0.00000,1,0,1_4301373,1_4301373_0
1,4310068,1,,0,0.00000,0.00000,0.00000,,0.00000,1,0,1_4310068,1_4310068_0
1,4000328,1,,1,100000000.00000,0.00000,0.00000,,0.00000,1,1,1_4000328,1_4000328_1
1,4000337,1,,1,100000000.00000,0.00000,0.00000,,0.00000,1,1,1_4000337,1_4000337_1
1,4000338,1,,1,100000000.00000,0.00000,0.00000,,0.00000,1,1,1_4000338,1_4000338_1
1,4000345,1,1074095872,1,100000000.00000,0.00000,0.00000,,0.00000,1,1,1_4000345,1_4000345_1
1,4000346,1,1074276304,1,0.00000,0.00000,0.00000,,0.00000,1,1,1_4000346,1_4000346_1
1,4000355,1,,1,100000000.00000,0.00000,0.00000,,0.00000,1,1,1_4000355,1_4000355_1
1,4000357,1,,1,100000000.00000,0.00000,0.00000,,0.00000,1,1,1_4000357,1_4000357_1
1,4000370,1,,1,100000000.00000,0.00000,0.00000,,0.00000,1,1,1_4000370,1_4000370_1
1,4000372,1,,1,2000000.00000,0.00000,0.00000,,0.00000,1,1,1_4000372,1_4000372_1
1,4000373,1,,1,100000.00000,0.00000,0.00000,,0.00000,1,1,1_4000373,1_4000373_1
1,4000374,1,,1,1000000.00000,0.00000,0.00000,,0.00000,1,1,1_4000374,1_4000374_1
1,4000378,1,,1,0.00000,0.00000,0.00000,,0.00000,1,1,1_4000378,1_4000378_1
1,4000379,1,,1,100000.00000,0.00000,0.00000,,0.00000,1,1,1_4000379,1_4000379_1
1,4000383,1,,1,500000.00000,0.00000,0.00000,,0.00000,1,1,1_4000383,1_4000383_1
1,4000385,1,,1,100000000.00000,0.00000,0.00000,,0.00000,1,1,1_4000385,1_4000385_1
1,4000386,1,,1,100000000.00000,0.00000,0.00000,,0.00000,1,1,1_4000386,1_4000386_1
1,4000388,1,,1,100000000.00000,0.00000,0.00000,,0.00000,1,1,1_4000388,1_4000388_1
1,4000389,1,,1,100000000.00000,0.00000,0.00000,,0.00000,1,1,1_4000389,1_4000389_1
1,4000390,1,,1,100000000.00000,0.00000,0.00000,,0.00000,1,1,1_4000390,1_4000390_1
1,4000002,1,,1,3000.00000,0.00000,0.00000,,0.00000,1,1,1_4000002,1_4000002_1
1,4000012,1,,1,100000000.00000,0.00000,0.00000,,0.00000,1,1,1_4000012,1_4000012_1
1,4000017,1,,1,100000000.00000,0.00000,0.00000,,0.00000,1,1,1_4000017,1_4000017_1
1,4000021,1,,1,100000000.00000,0.00000,0.00000,,0.00000,1,1,1_4000021,1_4000021_1
1,4000022,1,,1,100000000.00000,0.00000,0.00000,,0.00000,1,1,1_4000022,1_4000022_1
1,4000026,1,,1,100000000.00000,0.00000,0.00000,,0.00000,1,1,1_4000026,1_4000026_1
1,4000027,1,,1,300000.00000,0.00000,0.00000,,0.00000,1,1,1_4000027,1_4000027_1
1,4000032,1,1074225448,1,100000000.00000,0.00000,0.00000,,0.00000,1,1,1_4000032,1_4000032_1
1,4000033,1,,1,100000000.00000,0.00000,0.00000,,0.00000,1,1,1_4000033,1_4000033_1
1,4000038,1,,1,500000.00000,0.00000,0.00000,,0.00000,1,1,1_4000038,1_4000038_1
1,4000047,1,,1,2000000.00000,0.00000,0.00000,,0.00000,1,1,1_4000047,1_4000047_1
1,4000048,1,,1,100000000.00000,0.00000,0.00000,,0.00000,1,1,1_4000048,1_4000048_1
1,4000050,1,,1,100000000.00000,0.00000,0.00000,,0.00000,1,1,1_4000050,1_4000050_1
1,4000052,1,,1,500000.00000,0.00000,0.00000,,0.00000,1,1,1_4000052,1_4000052_1
1,4000056,1,1074095872,1,100000000.00000,0.00000,0.00000,,0.00000,1,1,1_4000056,1_4000056_1
1,4000059,1,,1,100000000.00000,0.00000,0.00000,,0.00000,1,1,1_4000059,1_4000059_1
1,4000060,1,,1,100000000.00000,0.00000,0.00000,,0.00000,1,1,1_4000060,1_4000060_1
1,4000063,1,,1,1000000.00000,0.00000,0.00000,,0.00000,1,1,1_4000063,1_4000063_1
1,4000066,1,,1,100000000.00000,0.00000,0.00000,,0.00000,1,1,1_4000066,1_4000066_1
1,4000069,1,,1,100000000.00000,0.00000,0.00000,,0.00000,1,1,1_4000069,1_4000069_1
1,4000075,1,1074146776,1,100000000.00000,0.00000,0.00000,,0.00000,1,1,1_4000075,1_4000075_1
1,4000090,1,,1,100000000.00000,0.00000,0.00000,,0.00000,1,1,1_4000090,1_4000090_1
1,4000094,1,,1,100000000.00000,0.00000,0.00000,,0.00000,1,1,1_4000094,1_4000094_1
1,4000667,1,,0,0.00000,0.00000,0.00000,,0.00000,1,0,1_4000667,1_4000667_0
1,4000672,1,,0,0.00000,0.00000,0.00000,,0.00000,1,0,1_4000672,1_4000672_0
1,4000999,1,,0,0.00000,0.00000,0.00000,,0.00000,1,0,1_4000999,1_4000999_0
1,4000501,1,,9,1000.00000,0.00000,0.00000,,0.00000,1,9,1_4000501,1_4000501_9
1,4000507,1,2063840282,1,0.00000,0.00000,0.00000,,0.00000,1,1,1_4000507,1_4000507_1
1,4000508,1,,1,0.00000,0.00000,0.00000,,0.00000,1,1,1_4000508,1_4000508_1
1,4000521,1,,0,0.00000,0.00000,0.00000,,0.00000,1,0,1_4000521,1_4000521_0
1,4301512,1,,0,0.00000,0.00000,0.00000,,0.00000,1,0,1_4301512,1_4301512_0
1,4301517,1,,0,0.00000,0.00000,0.00000,,0.00000,1,0,1_4301517,1_4301517_0
1,4301526,1,,0,0.00000,0.00000,0.00000,,0.00000,1,0,1_4301526,1_4301526_0
1,4000158,1,,1,100000000.00000,0.00000,0.00000,,0.00000,1,1,1_4000158,1_4000158_1
1,4000159,1,,1,100000000.00000,0.00000,0.00000,,0.00000,1,1,1_4000159,1_4000159_1
1,4000160,1,1074250176,1,0.00000,0.00000,0.00000,,0.00000,1,1,1_4000160,1_4000160_1
1,4000163,1,,1,1000000.00000,0.00000,0.00000,,0.00000,1,1,1_4000163,1_4000163_1
1,4000164,1,,1,100000000.00000,0.00000,0.00000,,0.00000,1,1,1_4000164,1_4000164_1
1,4000166,1,1074084288,1,100000000.00000,0.00000,0.00000,,0.00000,1,1,1_4000166,1_4000166_1
1,4310012,1,,1,0.00000,0.00000,0.00000,,0.00000,1,1,1_4310012,1_4310012_1
1,4310047,1,,1,0.00000,0.00000,0.00000,,0.00000,1,1,1_4310047,1_4310047_1
1,4310045,1,,1,0.00000,0.00000,0.00000,,0.00000,1,1,1_4310045,1_4310045_1
1,4301052,1,,0,0.00000,0.00000,0.00000,,0.00000,1,0,1_4301052,1_4301052_0
1,4301083,1,,0,0.00000,0.00000,0.00000,,0.00000,1,0,1_4301083,1_4301083_0
1,4301107,1,,0,0.00000,0.00000,0.00000,,0.00000,1,0,1_4301107,1_4301107_0
1,4301144,1,,0,0.00000,0.00000,0.00000,,0.00000,1,0,1_4301144,1_4301144_0
1,4310062,1,,1,0.00000,0.00000,0.00000,,0.00000,1,1,1_4310062,1_4310062_1
1,4310034,1,,1,0.00000,0.00000,0.00000,,0.00000,1,1,1_4310034,1_4310034_1
1,4301232,1,,0,0.00000,0.00000,0.00000,,0.00000,1,0,1_4301232,1_4301232_0
1,4310023,1,,0,0.00000,0.00000,0.00000,,0.00000,1,0,1_4310023,1_4310023_0
1,4310024,1,,0,0.00000,0.00000,0.00000,,0.00000,1,0,1_4310024,1_4310024_0
1,4310025,1,,0,0.00000,0.00000,0.00000,,0.00000,1,0,1_4310025,1_4310025_0
1,4301145,1,,0,0.00000,0.00000,0.00000,,0.00000,1,0,1_4301145,1_4301145_0
1,4301148,1,,0,0.00000,0.00000,0.00000,,0.00000,1,0,1_4301148,1_4301148_0
1,4301150,1,,0,0.00000,0.00000,0.00000,,0.00000,1,0,1_4301150,1_4301150_0
1,4301168,1,,0,0.00000,0.00000,0.00000,,0.00000,1,0,1_4301168,1_4301168_0
1,4301192,1,,0,0.00000,0.00000,0.00000,,0.00000,1,0,1_4301192,1_4301192_0
1,4301198,1,,0,0.00000,0.00000,0.00000,,0.00000,1,0,1_4301198,1_4301198_0
1,4301202,1,,0,0.00000,0.00000,0.00000,,0.00000,1,0,1_4301202,1_4301202_0
1,4301211,1,,0,0.00000,0.00000,0.00000,,0.00000,1,0,1_4301211,1_4301211_0
1,4301214,1,,0,0.00000,0.00000,0.00000,,0.00000,1,0,1_4301214,1_4301214_0
1,4301000,1,,0,0.00000,0.00000,0.00000,,0.00000,1,0,1_4301000,1_4301000_0
1,4301007,1,,0,0.00000,0.00000,0.00000,,0.00000,1,0,1_4301007,1_4301007_0
1,4301024,1,,0,0.00000,0.00000,0.00000,,0.00000,1,0,1_4301024,1_4301024_0
1,4301030,1,,0,0.00000,0.00000,0.00000,,0.00000,1,0,1_4301030,1_4301030_0
1,4100188,1,,1,100000000.00000,0.00000,0.00000,,0.00000,1,1,1_4100188,1_4100188_1
1,4100244,1,,1,100000000.00000,0.00000,0.00000,,0.00000,1,1,1_4100244,1_4100244_1
1,4100265,1,,1,100000000.00000,0.00000,0.00000,,0.00000,1,1,1_4100265,1_4100265_1
1,4100410,1,,1,100000000.00000,0.00000,0.00000,,0.00000,1,1,1_4100410,1_4100410_1
1,4100994,1,,1,9999999999.00000,0.00000,0.00000,,0.00000,1,1,1_4100994,1_4100994_1
1,4100995,1,,1,100000000.00000,0.00000,0.00000,,0.00000,1,1,1_4100995,1_4100995_1
1,4100996,1,,1,100000000.00000,0.00000,0.00000,,0.00000,1,1,1_4100996,1_4100996_1
1,4100998,1,,0,0.00000,0.00000,0.00000,,0.00000,1,0,1_4100998,1_4100998_0
1,4100998,1,,1,100000000.00000,0.00000,0.00000,,0.00000,1,1,1_4100998,1_4100998_1
1,4300002,1,,0,0.00000,0.00000,0.00000,,0.00000,1,0,1_4300002,1_4300002_0
1,4300006,1,,0,0.00000,0.00000,0.00000,,0.00000,1,0,1_4300006,1_4300006_0
1,4300019,1,,0,0.00000,0.00000,0.00000,,0.00000,1,0,1_4300019,1_4300019_0
1,4300048,1,,0,0.00000,0.00000,0.00000,,0.00000,1,0,1_4300048,1_4300048_0
1,4300051,1,,0,0.00000,0.00000,0.00000,,0.00000,1,0,1_4300051,1_4300051_0
1,4300871,1,,0,0.00000,0.00000,0.00000,,0.00000,1,0,1_4300871,1_4300871_0
1,4300872,1,,0,0.00000,0.00000,0.00000,,0.00000,1,0,1_4300872,1_4300872_0
1,4310005,1,,1,0.00000,0.00000,0.00000,,0.00000,1,1,1_4310005,1_4310005_1
1,4301493,1,,1,0.00000,0.00000,0.00000,,0.00000,1,1,1_4301493,1_4301493_1
1,4310039,1,,1,0.00000,0.00000,0.00000,,0.00000,1,1,1_4310039,1_4310039_1
1,4310076,1,,1,0.00000,0.00000,0.00000,,0.00000,1,1,1_4310076,1_4310076_1
1,4310006,1,,1,0.00000,0.00000,0.00000,,0.00000,1,1,1_4310006,1_4310006_1
1,4301617,1,,1,0.00000,0.00000,0.00000,,0.00000,1,1,1_4301617,1_4301617_1
1,4300532,1,,1,0.00000,0.00000,0.00000,,0.00000,1,1,1_4300532,1_4300532_1
1,4310029,1,,1,0.00000,0.00000,0.00000,,0.00000,1,1,1_4310029,1_4310029_1
1,4310089,1,,1,0.00000,0.00000,0.00000,,0.00000,1,1,1_4310089,1_4310089_1
1,4310053,1,,1,0.00000,0.00000,0.00000,,0.00000,1,1,1_4310053,1_4310053_1
1,4301572,1,,1,0.00000,0.00000,0.00000,,0.00000,1,1,1_4301572,1_4301572_1
1,4310082,1,,1,0.00000,0.00000,0.00000,,0.00000,1,1,1_4310082,1_4310082_1
1,4310068,1,,1,0.00000,0.00000,0.00000,,0.00000,1,1,1_4310068,1_4310068_1
1,4310084,1,,1,0.00000,0.00000,0.00000,,0.00000,1,1,1_4310084,1_4310084_1
1,4300648,1,,1,0.00000,0.00000,0.00000,,0.00000,1,1,1_4300648,1_4300648_1
1,4310058,1,,1,0.00000,0.00000,0.00000,,0.00000,1,1,1_4310058,1_4310058_1
1,4310090,1,,1,0.00000,0.00000,0.00000,,0.00000,1,1,1_4310090,1_4310090_1
1,4310010,1,,1,0.00000,0.00000,0.00000,,0.00000,1,1,1_4310010,1_4310010_1
1,4301454,1,,1,0.00000,0.00000,0.00000,,0.00000,1,1,1_4301454,1_4301454_1
1,4310048,1,,1,0.00000,0.00000,0.00000,,0.00000,1,1,1_4310048,1_4310048_1
1,4310040,1,,1,0.00000,0.00000,0.00000,,0.00000,1,1,1_4310040,1_4310040_1
1,4310014,1,,1,0.00000,0.00000,0.00000,,0.00000,1,1,1_4310014,1_4310014_1
1,4310078,1,,1,0.00000,0.00000,0.00000,,0.00000,1,1,1_4310078,1_4310078_1
1,4310031,1,,1,0.00000,0.00000,0.00000,,0.00000,1,1,1_4310031,1_4310031_1
1,4310017,1,,1,0.00000,0.00000,0.00000,,0.00000,1,1,1_4310017,1_4310017_1
1,4301492,1,,1,0.00000,0.00000,0.00000,,0.00000,1,1,1_4301492,1_4301492_1
1,4310035,1,,1,0.00000,0.00000,0.00000,,0.00000,1,1,1_4310035,1_4310035_1
1,4310064,1,,1,0.00000,0.00000,0.00000,,0.00000,1,1,1_4310064,1_4310064_1
1,4310033,1,,1,0.00000,0.00000,0.00000,,0.00000,1,1,1_4310033,1_4310033_1
1,4310038,1,,1,0.00000,0.00000,0.00000,,0.00000,1,1,1_4310038,1_4310038_1
1,4310079,1,,1,0.00000,0.00000,0.00000,,0.00000,1,1,1_4310079,1_4310079_1
1,4300567,1,,1,0.00000,0.00000,0.00000,,0.00000,1,1,1_4300567,1_4300567_1
1,4301568,1,,1,0.00000,0.00000,0.00000,,0.00000,1,1,1_4301568,1_4301568_1
1,4310013,1,,1,0.00000,0.00000,0.00000,,0.00000,1,1,1_4310013,1_4310013_1
1,4310075,1,,1,0.00000,0.00000,0.00000,,0.00000,1,1,1_4310075,1_4310075_1
1,4310032,1,,1,0.00000,0.00000,0.00000,,0.00000,1,1,1_4310032,1_4310032_1
1,4310044,1,,1,0.00000,0.00000,0.00000,,0.00000,1,1,1_4310044,1_4310044_1
1,4310042,1,,1,0.00000,0.00000,0.00000,,0.00000,1,1,1_4310042,1_4310042_1
1,4310086,1,,1,0.00000,0.00000,0.00000,,0.00000,1,1,1_4310086,1_4310086_1
1,4310067,1,,1,0.00000,0.00000,0.00000,,0.00000,1,1,1_4310067,1_4310067_1
1,4310032,1,,0,0.00000,0.00000,0.00000,,0.00000,1,0,1_4310032,1_4310032_0
1,4310033,1,,0,0.00000,0.00000,0.00000,,0.00000,1,0,1_4310033,1_4310033_0
1,4310034,1,,0,0.00000,0.00000,0.00000,,0.00000,1,0,1_4310034,1_4310034_0
1,4310035,1,,0,0.00000,0.00000,0.00000,,0.00000,1,0,1_4310035,1_4310035_0
1,4310037,1,,0,0.00000,0.00000,0.00000,,0.00000,1,0,1_4310037,1_4310037_0
1,4310038,1,,0,0.00000,0.00000,0.00000,,0.00000,1,0,1_4310038,1_4310038_0
1,4301675,1,,0,0.00000,0.00000,0.00000,,0.00000,1,0,1_4301675,1_4301675_0
1,4301676,1,,0,0.00000,0.00000,0.00000,,0.00000,1,0,1_4301676,1_4301676_0
1,4301677,1,,0,0.00000,0.00000,0.00000,,0.00000,1,0,1_4301677,1_4301677_0
1,4301678,1,,0,0.00000,0.00000,0.00000,,0.00000,1,0,1_4301678,1_4301678_0
1,4000703,1,,9,0.00000,0.00000,0.00000,,0.00000,1,9,1_4000703,1_4000703_9
1,4302053,1,,0,0.00000,0.00000,0.00000,,0.00000,1,0,1_4302053,1_4302053_0
1,4301145,1,,1,0.00000,0.00000,0.00000,,0.00000,1,1,1_4301145,1_4301145_1
1,4300683,1,,1,0.00000,0.00000,0.00000,,0.00000,1,1,1_4300683,1_4300683_1
1,4300953,1,,1,0.00000,0.00000,0.00000,,0.00000,1,1,1_4300953,1_4300953_1
1,4300203,1,,0,0.00000,0.00000,0.00000,,0.00000,1,0,1_4300203,1_4300203_0
1,4301421,1,,0,0.00000,0.00000,0.00000,,0.00000,1,0,1_4301421,1_4301421_0
1,4301319,1,,1,0.00000,0.00000,0.00000,,0.00000,1,1,1_4301319,1_4301319_1
1,4301436,1,,0,0.00000,0.00000,0.00000,,0.00000,1,0,1_4301436,1_4301436_0
1,4310073,1,,0,0.00000,0.00000,0.00000,,0.00000,1,0,1_4310073,1_4310073_0
1,4301406,1,,1,0.00000,0.00000,0.00000,,0.00000,1,1,1_4301406,1_4301406_1
1,4000418,1,,9,0.00000,0.00000,0.00000,,0.00000,1,9,1_4000418,1_4000418_9
1,4301225,1,,1,0.00000,0.00000,0.00000,,0.00000,1,1,1_4301225,1_4301225_1
1,4301064,1,,1,0.00000,0.00000,0.00000,,0.00000,1,1,1_4301064,1_4301064_1
1,4300906,1,,1,0.00000,0.00000,0.00000,,0.00000,1,1,1_4300906,1_4300906_1
1,4000708,1,,9,0.00000,0.00000,0.00000,,0.00000,1,9,1_4000708,1_4000708_9
1,4300969,1,,1,0.00000,0.00000,0.00000,,0.00000,1,1,1_4300969,1_4300969_1
1,4300834,1,,1,0.00000,0.00000,0.00000,,0.00000,1,1,1_4300834,1_4300834_1
1,4301406,1,,0,0.00000,0.00000,0.00000,,0.00000,1,0,1_4301406,1_4301406_0
1,4300351,1,,1,0.00000,0.00000,0.00000,,0.00000,1,1,1_4300351,1_4300351_1
1,4301143,1,,1,0.00000,0.00000,0.00000,,0.00000,1,1,1_4301143,1_4301143_1
1,4301103,1,,1,0.00000,0.00000,0.00000,,0.00000,1,1,1_4301103,1_4301103_1
1,4301191,1,,1,0.00000,0.00000,0.00000,,0.00000,1,1,1_4301191,1_4301191_1
1,4301107,1,,1,0.00000,0.00000,0.00000,,0.00000,1,1,1_4301107,1_4301107_1
1,4300276,1,,1,0.00000,0.00000,0.00000,,0.00000,1,1,1_4300276,1_4300276_1
1,4301263,1,,1,0.00000,0.00000,0.00000,,0.00000,1,1,1_4301263,1_4301263_1
1,4301243,1,,1,0.00000,0.00000,0.00000,,0.00000,1,1,1_4301243,1_4301243_1
1,4300661,1,,1,0.00000,0.00000,0.00000,,0.00000,1,1,1_4300661,1_4300661_1
1,4301364,1,,1,0.00000,0.00000,0.00000,,0.00000,1,1,1_4301364,1_4301364_1
1,4300811,1,,1,0.00000,0.00000,0.00000,,0.00000,1,1,1_4300811,1_4300811_1
1,4300076,1,,1,0.00000,0.00000,0.00000,,0.00000,1,1,1_4300076,1_4300076_1
1,4300947,1,,1,0.00000,0.00000,0.00000,,0.00000,1,1,1_4300947,1_4300947_1
1,4300059,1,,1,0.00000,0.00000,0.00000,,0.00000,1,1,1_4300059,1_4300059_1
1,4301383,1,,1,0.00000,0.00000,0.00000,,0.00000,1,1,1_4301383,1_4301383_1
1,4301411,1,,1,0.00000,0.00000,0.00000,,0.00000,1,1,1_4301411,1_4301411_1
1,4300960,1,,1,0.00000,0.00000,0.00000,,0.00000,1,1,1_4300960,1_4300960_1
1,4301688,1,,9,0.00000,0.00000,0.00000,,0.00000,1,9,1_4301688,1_4301688_9
1,4301193,1,,1,0.00000,0.00000,0.00000,,0.00000,1,1,1_4301193,1_4301193_1
1,4300941,1,,1,0.00000,0.00000,0.00000,,0.00000,1,1,1_4300941,1_4300941_1
1,4301205,1,,1,0.00000,0.00000,0.00000,,0.00000,1,1,1_4301205,1_4301205_1
1,4301038,1,,1,0.00000,0.00000,0.00000,,0.00000,1,1,1_4301038,1_4301038_1
1,4000413,1,,9,0.00000,0.00000,0.00000,,0.00000,1,9,1_4000413,1_4000413_9
1,4301212,1,,1,0.00000,0.00000,0.00000,,0.00000,1,1,1_4301212,1_4301212_1
1,4100662,1,,9,0.00000,0.00000,0.00000,,0.00000,1,9,1_4100662,1_4100662_9
1,4000681,1,,9,3000.00000,0.00000,0.00000,,0.00000,1,9,1_4000681,1_4000681_9
1,4301391,1,,0,0.00000,0.00000,0.00000,,0.00000,1,0,1_4301391,1_4301391_0
1,4301403,1,,0,0.00000,0.00000,0.00000,,0.00000,1,0,1_4301403,1_4301403_0
1,4310069,1,,0,0.00000,0.00000,0.00000,,0.00000,1,0,1_4310069,1_4310069_0
1,4310075,1,,0,0.00000,0.00000,0.00000,,0.00000,1,0,1_4310075,1_4310075_0
1,4310076,1,,0,0.00000,0.00000,0.00000,,0.00000,1,0,1_4310076,1_4310076_0
1,4310077,1,,0,0.00000,0.00000,0.00000,,0.00000,1,0,1_4310077,1_4310077_0
1,4310078,1,,0,0.00000,0.00000,0.00000,,0.00000,1,0,1_4310078,1_4310078_0
1,4310079,1,,0,0.00000,0.00000,0.00000,,0.00000,1,0,1_4310079,1_4310079_0
1,4310081,1,,0,0.00000,0.00000,0.00000,,0.00000,1,0,1_4310081,1_4310081_0
1,4310082,1,,0,0.00000,0.00000,0.00000,,0.00000,1,0,1_4310082,1_4310082_0
1,4310084,1,,0,0.00000,0.00000,0.00000,,0.00000,1,0,1_4310084,1_4310084_0
1,4000538,1,,0,0.00000,0.00000,0.00000,,0.00000,1,0,1_4000538,1_4000538_0
1,4000564,1,,0,0.00000,0.00000,0.00000,,0.00000,1,0,1_4000564,1_4000564_0
1,4000574,1,,9,3000.00000,0.00000,0.00000,,0.00000,1,9,1_4000574,1_4000574_9
1,4000580,1,,0,0.00000,0.00000,0.00000,,0.00000,1,0,1_4000580,1_4000580_0
1,4000426,1,,0,0.00000,0.00000,0.00000,,0.00000,1,0,1_4000426,1_4000426_0
1,4000426,1,,1,100000000.00000,0.00000,0.00000,,0.00000,1,1,1_4000426,1_4000426_1
1,4000469,1,,0,0.00000,0.00000,0.00000,,0.00000,1,0,1_4000469,1_4000469_0
1,4000476,1,,1,99999999.00000,0.00000,0.00000,,0.00000,1,1,1_4000476,1_4000476_1
1,4000481,1,,1,0.00000,0.00000,0.00000,,0.00000,1,1,1_4000481,1_4000481_1
1,4000482,1,2063811362,1,0.00000,0.00000,0.00000,,0.00000,1,1,1_4000482,1_4000482_1
1,4000269,1,,0,0.00000,0.00000,0.00000,,0.00000,1,0,1_4000269,1_4000269_0
1,4301679,1,,1,0.00000,0.00000,0.00000,,0.00000,1,1,1_4301679,1_4301679_1
1,4301680,1,,1,0.00000,0.00000,0.00000,,0.00000,1,1,1_4301680,1_4301680_1
1,4000429,1,,1,100000000.00000,0.00000,0.00000,,0.00000,1,1,1_4000429,1_4000429_1
1,4000448,1,,0,0.00000,0.00000,0.00000,,0.00000,1,0,1_4000448,1_4000448_0
1,4300733,1,,1,0.00000,0.00000,0.00000,,0.00000,1,1,1_4300733,1_4300733_1
1,4000587,1,,0,0.00000,0.00000,0.00000,,0.00000,1,0,1_4000587,1_4000587_0
1,4000590,1,,0,0.00000,0.00000,0.00000,,0.00000,1,0,1_4000590,1_4000590_0
1,4000636,1,,0,0.00000,0.00000,0.00000,,0.00000,1,0,1_4000636,1_4000636_0
1,4301159,1,,1,0.00000,0.00000,0.00000,,0.00000,1,1,1_4301159,1_4301159_1
1,4301387,1,,1,0.00000,0.00000,0.00000,,0.00000,1,1,1_4301387,1_4301387_1
1,4300631,1,,1,0.00000,0.00000,0.00000,,0.00000,1,1,1_4300631,1_4300631_1
1,4300651,1,,1,0.00000,0.00000,0.00000,,0.00000,1,1,1_4300651,1_4300651_1
1,4301150,1,,1,0.00000,0.00000,0.00000,,0.00000,1,1,1_4301150,1_4301150_1
1,4301113,1,,1,0.00000,0.00000,0.00000,,0.00000,1,1,1_4301113,1_4301113_1
1,4300659,1,,1,0.00000,0.00000,0.00000,,0.00000,1,1,1_4300659,1_4300659_1
1,4301416,1,,1,0.00000,0.00000,0.00000,,0.00000,1,1,1_4301416,1_4301416_1
1,4301137,1,,1,0.00000,0.00000,0.00000,,0.00000,1,1,1_4301137,1_4301137_1
1,4300069,1,,1,0.00000,0.00000,0.00000,,0.00000,1,1,1_4300069,1_4300069_1
1,4300714,1,,1,0.00000,0.00000,0.00000,,0.00000,1,1,1_4300714,1_4300714_1
1,4301309,1,,1,0.00000,0.00000,0.00000,,0.00000,1,1,1_4301309,1_4301309_1
1,4300853,1,,1,0.00000,0.00000,0.00000,,0.00000,1,1,1_4300853,1_4300853_1
1,4301304,1,,1,0.00000,0.00000,0.00000,,0.00000,1,1,1_4301304,1_4301304_1
1,4300301,1,,1,0.00000,0.00000,0.00000,,0.00000,1,1,1_4300301,1_4300301_1
1,4301125,1,,1,0.00000,0.00000,0.00000,,0.00000,1,1,1_4301125,1_4301125_1
1,4301241,1,,1,0.00000,0.00000,0.00000,,0.00000,1,1,1_4301241,1_4301241_1
1,4301311,1,,1,0.00000,0.00000,0.00000,,0.00000,1,1,1_4301311,1_4301311_1
1,4301099,1,,1,0.00000,0.00000,0.00000,,0.00000,1,1,1_4301099,1_4301099_1
1,4301374,1,,1,0.00000,0.00000,0.00000,,0.00000,1,1,1_4301374,1_4301374_1
1,4000657,1,,2,0.00000,0.00000,0.00000,,0.00000,1,2,1_4000657,1_4000657_2
1,4301168,1,,1,0.00000,0.00000,0.00000,,0.00000,1,1,1_4301168,1_4301168_1
1,4301412,1,,1,0.00000,0.00000,0.00000,,0.00000,1,1,1_4301412,1_4301412_1
1,4310074,1,,0,0.00000,0.00000,0.00000,,0.00000,1,0,1_4310074,1_4310074_0
1,4000497,1,,1,100000.00000,0.00000,0.00000,,0.00000,1,1,1_4000497,1_4000497_1
1,4301127,1,,1,0.00000,0.00000,0.00000,,0.00000,1,1,1_4301127,1_4301127_1
1,4300769,1,,1,0.00000,0.00000,0.00000,,0.00000,1,1,1_4300769,1_4300769_1
1,4301398,1,,1,0.00000,0.00000,0.00000,,0.00000,1,1,1_4301398,1_4301398_1
1,4300852,1,,1,0.00000,0.00000,0.00000,,0.00000,1,1,1_4300852,1_4300852_1
1,4300211,1,,1,0.00000,0.00000,0.00000,,0.00000,1,1,1_4300211,1_4300211_1
1,4301179,1,,1,0.00000,0.00000,0.00000,,0.00000,1,1,1_4301179,1_4301179_1
1,4301156,1,,1,0.00000,0.00000,0.00000,,0.00000,1,1,1_4301156,1_4301156_1
1,4301404,1,,1,0.00000,0.00000,0.00000,,0.00000,1,1,1_4301404,1_4301404_1
1,4301014,1,,1,0.00000,0.00000,0.00000,,0.00000,1,1,1_4301014,1_4301014_1
1,4000530,1,,9,0.00000,0.00000,0.00000,,0.00000,1,9,1_4000530,1_4000530_9
1,4301300,1,,1,0.00000,0.00000,0.00000,,0.00000,1,1,1_4301300,1_4301300_1
1,4300882,1,,0,0.00000,0.00000,0.00000,,0.00000,1,0,1_4300882,1_4300882_0
1,4300895,1,,0,0.00000,0.00000,0.00000,,0.00000,1,0,1_4300895,1_4300895_0
1,4300890,1,,1,0.00000,0.00000,0.00000,,0.00000,1,1,1_4300890,1_4300890_1
1,4300635,1,,1,0.00000,0.00000,0.00000,,0.00000,1,1,1_4300635,1_4300635_1
1,4301128,1,,1,0.00000,0.00000,0.00000,,0.00000,1,1,1_4301128,1_4301128_1
1,4301174,1,,1,0.00000,0.00000,0.00000,,0.00000,1,1,1_4301174,1_4301174_1
1,4300115,1,,1,0.00000,0.00000,0.00000,,0.00000,1,1,1_4300115,1_4300115_1
1,4301439,1,,0,0.00000,0.00000,0.00000,,0.00000,1,0,1_4301439,1_4301439_0
1,4301450,1,,0,0.00000,0.00000,0.00000,,0.00000,1,0,1_4301450,1_4301450_0
1,4301454,1,,0,0.00000,0.00000,0.00000,,0.00000,1,0,1_4301454,1_4301454_0
1,4301463,1,,0,0.00000,0.00000,0.00000,,0.00000,1,0,1_4301463,1_4301463_0
1,4301477,1,,0,0.00000,0.00000,0.00000,,0.00000,1,0,1_4301477,1_4301477_0
1,4301478,1,,0,0.00000,0.00000,0.00000,,0.00000,1,0,1_4301478,1_4301478_0
1,4301480,1,,0,0.00000,0.00000,0.00000,,0.00000,1,0,1_4301480,1_4301480_0
1,4301492,1,,0,0.00000,0.00000,0.00000,,0.00000,1,0,1_4301492,1_4301492_0
1,4301493,1,,0,0.00000,0.00000,0.00000,,0.00000,1,0,1_4301493,1_4301493_0
1,4301187,1,,1,0.00000,0.00000,0.00000,,0.00000,1,1,1_4301187,1_4301187_1
1,4301220,1,,1,0.00000,0.00000,0.00000,,0.00000,1,1,1_4301220,1_4301220_1
1,4000685,1,,9,0.00000,0.00000,0.00000,,0.00000,1,9,1_4000685,1_4000685_9
1,4300995,1,,1,0.00000,0.00000,0.00000,,0.00000,1,1,1_4300995,1_4300995_1
1,4300929,1,,1,0.00000,0.00000,0.00000,,0.00000,1,1,1_4300929,1_4300929_1
1,4301274,1,,1,0.00000,0.00000,0.00000,,0.00000,1,1,1_4301274,1_4301274_1
1,4300457,1,,1,0.00000,0.00000,0.00000,,0.00000,1,1,1_4300457,1_4300457_1
1,4300260,1,,1,0.00000,0.00000,0.00000,,0.00000,1,1,1_4300260,1_4300260_1
1,4300940,1,,0,0.00000,0.00000,0.00000,,0.00000,1,0,1_4300940,1_4300940_0
1,4300953,1,,0,0.00000,0.00000,0.00000,,0.00000,1,0,1_4300953,1_4300953_0
1,4301284,1,,1,0.00000,0.00000,0.00000,,0.00000,1,1,1_4301284,1_4301284_1
1,4301207,1,,1,0.00000,0.00000,0.00000,,0.00000,1,1,1_4301207,1_4301207_1
1,4301139,1,,1,0.00000,0.00000,0.00000,,0.00000,1,1,1_4301139,1_4301139_1
1,4301318,1,,1,0.00000,0.00000,0.00000,,0.00000,1,1,1_4301318,1_4301318_1
1,4301266,1,,1,0.00000,0.00000,0.00000,,0.00000,1,1,1_4301266,1_4301266_1
1,4300613,1,,1,0.00000,0.00000,0.00000,,0.00000,1,1,1_4300613,1_4300613_1
1,4300616,1,,1,0.00000,0.00000,0.00000,,0.00000,1,1,1_4300616,1_4300616_1
1,4300392,1,,1,0.00000,0.00000,0.00000,,0.00000,1,1,1_4300392,1_4300392_1
1,4300587,1,,1,0.00000,0.00000,0.00000,,0.00000,1,1,1_4300587,1_4300587_1
1,4301172,1,,1,0.00000,0.00000,0.00000,,0.00000,1,1,1_4301172,1_4301172_1
1,4301157,1,,1,0.00000,0.00000,0.00000,,0.00000,1,1,1_4301157,1_4301157_1
1,4300694,1,,1,0.00000,0.00000,0.00000,,0.00000,1,1,1_4300694,1_4300694_1
1,4301276,1,,1,0.00000,0.00000,0.00000,,0.00000,1,1,1_4301276,1_4301276_1
1,4300091,1,,1,0.00000,0.00000,0.00000,,0.00000,1,1,1_4300091,1_4300091_1
1,4301026,1,,1,0.00000,0.00000,0.00000,,0.00000,1,1,1_4301026,1_4301026_1
1,4301415,1,,1,0.00000,0.00000,0.00000,,0.00000,1,1,1_4301415,1_4301415_1
1,4301121,1,,1,0.00000,0.00000,0.00000,,0.00000,1,1,1_4301121,1_4301121_1
1,4300571,1,,1,0.00000,0.00000,0.00000,,0.00000,1,1,1_4300571,1_4300571_1
1,4300401,1,,1,0.00000,0.00000,0.00000,,0.00000,1,1,1_4300401,1_4300401_1
1,4300935,1,,1,0.00000,0.00000,0.00000,,0.00000,1,1,1_4300935,1_4300935_1
1,4300377,1,,1,0.00000,0.00000,0.00000,,0.00000,1,1,1_4300377,1_4300377_1
1,4301116,1,,1,0.00000,0.00000,0.00000,,0.00000,1,1,1_4301116,1_4301116_1
1,4301272,1,,1,0.00000,0.00000,0.00000,,0.00000,1,1,1_4301272,1_4301272_1
1,4300937,1,,1,0.00000,0.00000,0.00000,,0.00000,1,1,1_4300937,1_4300937_1
1,4300554,1,,1,0.00000,0.00000,0.00000,,0.00000,1,1,1_4300554,1_4300554_1
1,4300614,1,,1,0.00000,0.00000,0.00000,,0.00000,1,1,1_4300614,1_4300614_1
1,4301307,1,,1,0.00000,0.00000,0.00000,,0.00000,1,1,1_4301307,1_4301307_1
1,4300473,1,,1,0.00000,0.00000,0.00000,,0.00000,1,1,1_4300473,1_4300473_1
1,4301303,1,,1,0.00000,0.00000,0.00000,,0.00000,1,1,1_4301303,1_4301303_1
1,4301317,1,,1,0.00000,0.00000,0.00000,,0.00000,1,1,1_4301317,1_4301317_1
1,4301138,1,,1,0.00000,0.00000,0.00000,,0.00000,1,1,1_4301138,1_4301138_1
1,4301119,1,,1,0.00000,0.00000,0.00000,,0.00000,1,1,1_4301119,1_4301119_1
1,4301198,1,,1,0.00000,0.00000,0.00000,,0.00000,1,1,1_4301198,1_4301198_1
1,4301201,1,,1,0.00000,0.00000,0.00000,,0.00000,1,1,1_4301201,1_4301201_1
1,4300087,1,,1,0.00000,0.00000,0.00000,,0.00000,1,1,1_4300087,1_4300087_1
1,4300618,1,,1,0.00000,0.00000,0.00000,,0.00000,1,1,1_4300618,1_4300618_1
1,4301228,1,,1,0.00000,0.00000,0.00000,,0.00000,1,1,1_4301228,1_4301228_1
1,4300855,1,,1,0.00000,0.00000,0.00000,,0.00000,1,1,1_4300855,1_4300855_1
1,4300798,1,,1,0.00000,0.00000,0.00000,,0.00000,1,1,1_4300798,1_4300798_1
1,4300155,1,,1,0.00000,0.00000,0.00000,,0.00000,1,1,1_4300155,1_4300155_1
1,4301194,1,,1,0.00000,0.00000,0.00000,,0.00000,1,1,1_4301194,1_4301194_1
1,4301386,1,,1,0.00000,0.00000,0.00000,,0.00000,1,1,1_4301386,1_4301386_1
1,4301269,1,,1,0.00000,0.00000,0.00000,,0.00000,1,1,1_4301269,1_4301269_1
1,4300691,1,,1,0.00000,0.00000,0.00000,,0.00000,1,1,1_4300691,1_4300691_1
1,4301126,1,,1,0.00000,0.00000,0.00000,,0.00000,1,1,1_4301126,1_4301126_1
1,4301109,1,,1,0.00000,0.00000,0.00000,,0.00000,1,1,1_4301109,1_4301109_1
1,4300865,1,,1,0.00000,0.00000,0.00000,,0.00000,1,1,1_4300865,1_4300865_1
1,4301124,1,,1,0.00000,0.00000,0.00000,,0.00000,1,1,1_4301124,1_4301124_1
1,4301252,1,,1,0.00000,0.00000,0.00000,,0.00000,1,1,1_4301252,1_4301252_1
1,4300690,1,,1,0.00000,0.00000,0.00000,,0.00000,1,1,1_4300690,1_4300690_1
1,4300106,1,,1,0.00000,0.00000,0.00000,,0.00000,1,1,1_4300106,1_4300106_1
1,4301211,1,,1,0.00000,0.00000,0.00000,,0.00000,1,1,1_4301211,1_4301211_1
1,4300987,1,,1,0.00000,0.00000,0.00000,,0.00000,1,1,1_4300987,1_4300987_1
1,4301160,1,,1,0.00000,0.00000,0.00000,,0.00000,1,1,1_4301160,1_4301160_1
1,4301368,1,,1,0.00000,0.00000,0.00000,,0.00000,1,1,1_4301368,1_4301368_1
1,4300964,1,,1,0.00000,0.00000,0.00000,,0.00000,1,1,1_4300964,1_4300964_1
1,4301030,1,,1,0.00000,0.00000,0.00000,,0.00000,1,1,1_4301030,1_4301030_1
1,4301022,1,,1,0.00000,0.00000,0.00000,,0.00000,1,1,1_4301022,1_4301022_1
1,4300620,1,,1,0.00000,0.00000,0.00000,,0.00000,1,1,1_4300620,1_4300620_1
1,4301410,1,,1,0.00000,0.00000,0.00000,,0.00000,1,1,1_4301410,1_4301410_1
1,4301373,1,,1,0.00000,0.00000,0.00000,,0.00000,1,1,1_4301373,1_4301373_1
1,4301249,1,,1,0.00000,0.00000,0.00000,,0.00000,1,1,1_4301249,1_4301249_1
1,4301399,1,,1,0.00000,0.00000,0.00000,,0.00000,1,1,1_4301399,1_4301399_1
1,4301149,1,,1,0.00000,0.00000,0.00000,,0.00000,1,1,1_4301149,1_4301149_1
1,4301048,1,,1,0.00000,0.00000,0.00000,,0.00000,1,1,1_4301048,1_4301048_1
1,4300194,1,,1,0.00000,0.00000,0.00000,,0.00000,1,1,1_4300194,1_4300194_1
1,4301184,1,,1,0.00000,0.00000,0.00000,,0.00000,1,1,1_4301184,1_4301184_1
1,4300051,1,,1,0.00000,0.00000,0.00000,,0.00000,1,1,1_4300051,1_4300051_1
1,4000502,1,1074276304,1,0.00000,0.00000,0.00000,,0.00000,1,1,1_4000502,1_4000502_1
1,4000503,1,1074276304,1,0.00000,0.00000,0.00000,,0.00000,1,1,1_4000503,1_4000503_1
1,4000504,1,,1,100000.00000,0.00000,0.00000,,0.00000,1,1,1_4000504,1_4000504_1
1,4000505,1,,1,500000.00000,0.00000,0.00000,,0.00000,1,1,1_4000505,1_4000505_1
1,4000506,1,1074276304,1,0.00000,0.00000,0.00000,,0.00000,1,1,1_4000506,1_4000506_1
1,4000509,1,1074372392,1,0.00000,0.00000,0.00000,,0.00000,1,1,1_4000509,1_4000509_1
1,4000510,1,,1,500000.00000,0.00000,0.00000,,0.00000,1,1,1_4000510,1_4000510_1
1,4000511,1,,1,200000.00000,0.00000,0.00000,,0.00000,1,1,1_4000511,1_4000511_1
1,4000512,1,,1,0.00000,0.00000,0.00000,,0.00000,1,1,1_4000512,1_4000512_1
1,4300536,1,,1,0.00000,0.00000,0.00000,,0.00000,1,1,1_4300536,1_4300536_1
1,4301321,1,,1,0.00000,0.00000,0.00000,,0.00000,1,1,1_4301321,1_4301321_1
1,4301053,1,,1,0.00000,0.00000,0.00000,,0.00000,1,1,1_4301053,1_4301053_1
1,4301360,1,,1,0.00000,0.00000,0.00000,,0.00000,1,1,1_4301360,1_4301360_1
1,4301384,1,,1,0.00000,0.00000,0.00000,,0.00000,1,1,1_4301384,1_4301384_1
1,4301280,1,,1,0.00000,0.00000,0.00000,,0.00000,1,1,1_4301280,1_4301280_1
1,4301285,1,,1,0.00000,0.00000,0.00000,,0.00000,1,1,1_4301285,1_4301285_1
1,4301312,1,,1,0.00000,0.00000,0.00000,,0.00000,1,1,1_4301312,1_4301312_1
1,4301362,1,,1,0.00000,0.00000,0.00000,,0.00000,1,1,1_4301362,1_4301362_1
1,4301407,1,,1,0.00000,0.00000,0.00000,,0.00000,1,1,1_4301407,1_4301407_1
1,4300677,1,,1,0.00000,0.00000,0.00000,,0.00000,1,1,1_4300677,1_4300677_1
1,4301148,1,,1,0.00000,0.00000,0.00000,,0.00000,1,1,1_4301148,1_4301148_1
1,4300794,1,,1,0.00000,0.00000,0.00000,,0.00000,1,1,1_4300794,1_4300794_1
1,4301005,1,,1,0.00000,0.00000,0.00000,,0.00000,1,1,1_4301005,1_4301005_1
1,4300739,1,,1,0.00000,0.00000,0.00000,,0.00000,1,1,1_4300739,1_4300739_1
1,4301043,1,,1,0.00000,0.00000,0.00000,,0.00000,1,1,1_4301043,1_4301043_1
1,4301244,1,,1,0.00000,0.00000,0.00000,,0.00000,1,1,1_4301244,1_4301244_1
1,4300234,1,,1,0.00000,0.00000,0.00000,,0.00000,1,1,1_4300234,1_4300234_1
1,4301301,1,,1,0.00000,0.00000,0.00000,,0.00000,1,1,1_4301301,1_4301301_1
1,4000232,1,,1,1000000.00000,0.00000,0.00000,,0.00000,1,1,1_4000232,1_4000232_1
1,4000237,1,,1,9999999.00000,0.00000,0.00000,,0.00000,1,1,1_4000237,1_4000237_1
1,4000242,1,,1,100000000.00000,0.00000,0.00000,,0.00000,1,1,1_4000242,1_4000242_1
1,4000243,1,,1,100000000.00000,0.00000,0.00000,,0.00000,1,1,1_4000243,1_4000243_1
1,4000249,1,,1,3000.00000,0.00000,0.00000,,0.00000,1,1,1_4000249,1_4000249_1
1,4000256,1,,1,500000.00000,0.00000,0.00000,,0.00000,1,1,1_4000256,1_4000256_1
1,4000498,1,1074105864,1,0.00000,0.00000,0.00000,,0.00000,1,1,1_4000498,1_4000498_1
1,4000499,1,1074276304,1,0.00000,0.00000,0.00000,,0.00000,1,1,1_4000499,1_4000499_1
1,4000500,1,1074372392,1,0.00000,0.00000,0.00000,,0.00000,1,1,1_4000500,1_4000500_1
1,4310074,1,,1,0.00000,0.00000,0.00000,,0.00000,1,1,1_4310074,1_4310074_1
1,4301192,1,,1,0.00000,0.00000,0.00000,,0.00000,1,1,1_4301192,1_4301192_1
1,4000191,1,,1,100000000.00000,0.00000,0.00000,,0.00000,1,1,1_4000191,1_4000191_1
1,4000192,1,,1,100000000.00000,0.00000,0.00000,,0.00000,1,1,1_4000192,1_4000192_1
1,4000193,1,,1,100000000.00000,0.00000,0.00000,,0.00000,1,1,1_4000193,1_4000193_1
1,4310088,1,,1,0.00000,0.00000,0.00000,,0.00000,1,1,1_4310088,1_4310088_1
1,4310069,1,,1,0.00000,0.00000,0.00000,,0.00000,1,1,1_4310069,1_4310069_1
1,4310025,1,,1,0.00000,0.00000,0.00000,,0.00000,1,1,1_4310025,1_4310025_1
1,4300309,1,,1,0.00000,0.00000,0.00000,,0.00000,1,1,1_4300309,1_4300309_1
1,4310087,1,,1,0.00000,0.00000,0.00000,,0.00000,1,1,1_4310087,1_4310087_1
1,4000460,1,1074225448,1,100000000.00000,0.00000,0.00000,,0.00000,1,1,1_4000460,1_4000460_1
1,4000461,1,1074225448,1,100000000.00000,0.00000,0.00000,,0.00000,1,1,1_4000461,1_4000461_1
1,4000462,1,1074225448,1,100000000.00000,0.00000,0.00000,,0.00000,1,1,1_4000462,1_4000462_1
1,4310039,1,,0,0.00000,0.00000,0.00000,,0.00000,1,0,1_4310039,1_4310039_0
1,4000004,1,,9,0.00000,282.61000,0.00000,,0.00000,1,9,1_4000004,1_4000004_9
1,4301792,1,,9,2999.00000,0.00000,0.00000,,0.00000,1,9,1_4301792,1_4301792_9
1,4310040,1,,0,0.00000,0.00000,0.00000,,0.00000,1,0,1_4310040,1_4310040_0
1,4000733,1,,9,0.00000,0.00000,0.00000,,0.00000,1,9,1_4000733,1_4000733_9
1,4301297,1,,1,0.00000,0.00000,0.00000,,0.00000,1,1,1_4301297,1_4301297_1
1,4301670,1,,0,0.00000,0.00000,0.00000,,0.00000,1,0,1_4301670,1_4301670_0
1,4301671,1,,0,0.00000,0.00000,0.00000,,0.00000,1,0,1_4301671,1_4301671_0
1,4301672,1,,0,0.00000,0.00000,0.00000,,0.00000,1,0,1_4301672,1_4301672_0
1,4000630,1,,9,0.00000,0.00000,0.00000,,0.00000,1,9,1_4000630,1_4000630_9
1,4101005,1,,9,0.00000,0.00000,0.00000,,0.00000,1,9,1_4101005,1_4101005_9
1,4000426,1,,9,0.00000,0.00000,0.00000,,0.00000,1,9,1_4000426,1_4000426_9
1,4301674,1,,0,0.00000,0.00000,0.00000,,0.00000,1,0,1_4301674,1_4301674_0
1,4000637,1,,0,0.00000,0.00000,0.00000,,0.00000,1,0,1_4000637,1_4000637_0
1,4300160,1,,0,0.00000,0.00000,0.00000,,0.00000,1,0,1_4300160,1_4300160_0
1,4300194,1,,0,0.00000,0.00000,0.00000,,0.00000,1,0,1_4300194,1_4300194_0
1,4301059,1,,1,0.00000,0.00000,0.00000,,0.00000,1,1,1_4301059,1_4301059_1
1,4300301,1,,0,0.00000,0.00000,0.00000,,0.00000,1,0,1_4300301,1_4300301_0
1,4300309,1,,0,0.00000,0.00000,0.00000,,0.00000,1,0,1_4300309,1_4300309_0
1,4300532,1,,0,0.00000,0.00000,0.00000,,0.00000,1,0,1_4300532,1_4300532_0
1,4300567,1,,0,0.00000,0.00000,0.00000,,0.00000,1,0,1_4300567,1_4300567_0
1,4310007,1,,0,0.00000,0.00000,0.00000,,0.00000,1,0,1_4310007,1_4310007_0
1,4300752,1,,1,0.00000,0.00000,0.00000,,0.00000,1,1,1_4300752,1_4300752_1
1,4310008,1,,0,0.00000,0.00000,0.00000,,0.00000,1,0,1_4310008,1_4310008_0
1,4310010,1,,0,0.00000,0.00000,0.00000,,0.00000,1,0,1_4310010,1_4310010_0
1,4310011,1,,0,0.00000,0.00000,0.00000,,0.00000,1,0,1_4310011,1_4310011_0
1,4301291,1,,1,0.00000,0.00000,0.00000,,0.00000,1,1,1_4301291,1_4301291_1
1,4301302,1,,1,0.00000,0.00000,0.00000,,0.00000,1,1,1_4301302,1_4301302_1
1,4310014,1,,0,0.00000,0.00000,0.00000,,0.00000,1,0,1_4310014,1_4310014_0
1,4000709,1,,9,0.00000,0.00000,0.00000,,0.00000,1,9,1_4000709,1_4000709_9
1,4310017,1,,0,0.00000,0.00000,0.00000,,0.00000,1,0,1_4310017,1_4310017_0
1,4300108,1,,1,0.00000,0.00000,0.00000,,0.00000,1,1,1_4300108,1_4300108_1
1,4301105,1,,1,0.00000,0.00000,0.00000,,0.00000,1,1,1_4301105,1_4301105_1
1,4300111,1,,1,0.00000,0.00000,0.00000,,0.00000,1,1,1_4300111,1_4300111_1
1,4301002,1,,1,0.00000,0.00000,0.00000,,0.00000,1,1,1_4301002,1_4301002_1
1,4301024,1,,1,0.00000,0.00000,0.00000,,0.00000,1,1,1_4301024,1_4301024_1
1,4301218,1,,1,0.00000,0.00000,0.00000,,0.00000,1,1,1_4301218,1_4301218_1
1,4300985,1,,1,0.00000,0.00000,0.00000,,0.00000,1,1,1_4300985,1_4300985_1
1,4301262,1,,1,0.00000,0.00000,0.00000,,0.00000,1,1,1_4301262,1_4301262_1
1,4301278,1,,1,0.00000,0.00000,0.00000,,0.00000,1,1,1_4301278,1_4301278_1
1,4301400,1,,1,0.00000,0.00000,0.00000,,0.00000,1,1,1_4301400,1_4301400_1
1,4301057,1,,1,0.00000,0.00000,0.00000,,0.00000,1,1,1_4301057,1_4301057_1
1,4301217,1,,1,0.00000,0.00000,0.00000,,0.00000,1,1,1_4301217,1_4301217_1
1,4100994,1,,9,0.00000,0.00000,0.00000,,0.00000,1,9,1_4100994,1_4100994_9
1,4000598,1,,9,3000.00000,0.00000,0.00000,,0.00000,1,9,1_4000598,1_4000598_9
1,4000603,1,,0,0.00000,0.00000,0.00000,,0.00000,1,0,1_4000603,1_4000603_0
1,4000624,1,,0,0.00000,0.00000,0.00000,,0.00000,1,0,1_4000624,1_4000624_0
1,4000625,1,,9,3000.00000,0.00000,0.00000,,0.00000,1,9,1_4000625,1_4000625_9
1,4000635,1,,0,0.00000,0.00000,0.00000,,0.00000,1,0,1_4000635,1_4000635_0
1,4100989,1,,9,0.00000,0.00000,0.00000,,0.00000,1,9,1_4100989,1_4100989_9
1,4000325,1,,9,0.00000,0.00000,0.00000,,0.00000,1,9,1_4000325,1_4000325_9
1,4301144,1,,1,0.00000,0.00000,0.00000,,0.00000,1,1,1_4301144,1_4301144_1
1,4000494,1,,1,0.00000,0.00000,0.00000,,0.00000,1,1,1_4000494,1_4000494_1
1,4300977,1,,1,1800.00000,0.00000,0.00000,,0.00000,1,1,1_4300977,1_4300977_1
1,4310029,1,,0,0.00000,0.00000,0.00000,,0.00000,1,0,1_4310029,1_4310029_0
1,4310030,1,,0,0.00000,0.00000,0.00000,,0.00000,1,0,1_4310030,1_4310030_0
1,4310031,1,,0,0.00000,0.00000,0.00000,,0.00000,1,0,1_4310031,1_4310031_0
1,4300590,1,,1,0.00000,0.00000,0.00000,,0.00000,1,1,1_4300590,1_4300590_1
1,4101004,1,,9,0.00000,0.00000,0.00000,,0.00000,1,9,1_4101004,1_4101004_9
1,4000548,1,,9,0.00000,0.00000,0.00000,,0.00000,1,9,1_4000548,1_4000548_9
1,4101002,1,,9,0.00000,0.00000,0.00000,,0.00000,1,9,1_4101002,1_4101002_9
1,4000743,1,,9,0.00000,0.00000,0.00000,,0.00000,1,9,1_4000743,1_4000743_9
1,4000726,1,,9,0.00000,0.00000,0.00000,,0.00000,1,9,1_4000726,1_4000726_9
1,4100993,1,,9,0.00000,0.00000,0.00000,,0.00000,1,9,1_4100993,1_4100993_9
1,4101003,1,,9,0.00000,0.00000,0.00000,,0.00000,1,9,1_4101003,1_4101003_9
1,4100999,1,,9,0.00000,0.00000,0.00000,,0.00000,1,9,1_4100999,1_4100999_9
1,4000062,1,,9,0.00000,0.00000,0.00000,,0.00000,1,9,1_4000062,1_4000062_9
1,4000715,1,,9,0.00000,0.00000,0.00000,,0.00000,1,9,1_4000715,1_4000715_9
1,4101000,1,,9,0.00000,0.00000,0.00000,,0.00000,1,9,1_4101000,1_4101000_9
1,4100988,1,,9,0.00000,0.00000,0.00000,,0.00000,1,9,1_4100988,1_4100988_9
1,4000772,1,,9,0.00000,0.00000,0.00000,,0.00000,1,9,1_4000772,1_4000772_9
1,4000587,1,,9,600.00000,0.00000,0.00000,,0.00000,1,9,1_4000587,1_4000587_9
1,4000629,1,,9,0.00000,351.46000,0.00000,,0.00000,1,9,1_4000629,1_4000629_9
1,4000766,1,,9,3000.00000,0.00000,0.00000,2024-04-15,0.00000,1,9,1_4000766,1_4000766_9
1,4000787,1,,9,0.00000,0.00000,0.00000,2024-03-22,0.00000,1,9,1_4000787,1_4000787_9
1,4000424,1,,9,6000.00000,0.00000,0.00000,2024-01-31,0.00000,1,9,1_4000424,1_4000424_9
1,4000059,1,,9,1000.00000,0.00000,0.00000,2024-03-20,0.00000,1,9,1_4000059,1_4000059_9
1,4000072,1,,9,0.00000,0.00000,0.00000,2024-04-30,0.00000,1,9,1_4000072,1_4000072_9
1,4000129,1,,9,3000.00000,1845.59000,0.01000,2024-06-21,0.00000,1,9,1_4000129,1_4000129_9
1,4000999,1,,9,0.00000,0.00000,0.00000,2024-04-30,0.00000,1,9,1_4000999,1_4000999_9
1,4000713,1,,9,6000.00000,0.00000,0.00000,2014-01-06,0.00000,1,9,1_4000713,1_4000713_9
1,4000321,1,,9,0.00000,0.00000,0.00000,1996-09-27,0.00000,1,9,1_4000321,1_4000321_9
1,4000075,1,,9,0.00000,0.00000,0.00000,1998-11-01,0.00000,1,9,1_4000075,1_4000075_9
1,4000620,1,,9,0.00000,0.00000,0.00000,2006-11-09,0.00000,1,9,1_4000620,1_4000620_9
1,4000552,1,,9,3000.00000,0.00000,0.00000,2023-06-19,0.00000,1,9,1_4000552,1_4000552_9
1,4000131,1,,9,1800.00000,0.00000,0.00000,2008-03-01,0.00000,1,9,1_4000131,1_4000131_9
1,4000495,1,,9,0.00000,0.00000,0.00000,2000-10-31,0.00000,1,9,1_4000495,1_4000495_9
1,4000784,1,,9,3000.00000,0.00000,0.00000,2022-09-01,0.00000,1,9,1_4000784,1_4000784_9
1,4000405,1,,9,0.00000,0.00000,0.00000,2021-08-20,0.00000,1,9,1_4000405,1_4000405_9
1,4000769,1,,9,3000.00000,0.00000,0.00000,2020-09-21,0.00000,1,9,1_4000769,1_4000769_9
1,4000183,1,,9,3000.00000,0.00000,0.00000,2022-05-18,0.00000,1,9,1_4000183,1_4000183_9
1,4000275,1,,9,1000.00000,0.00000,0.00000,2014-06-16,0.00000,1,9,1_4000275,1_4000275_9
1,4000581,1,,9,0.00000,0.00000,0.00000,2004-03-01,0.00000,1,9,1_4000581,1_4000581_9
1,4000537,1,,9,0.00000,0.00000,0.00000,2001-10-08,0.00000,1,9,1_4000537,1_4000537_9
1,4000105,1,,9,600.00000,0.00000,0.00000,2006-03-15,0.00000,1,9,1_4000105,1_4000105_9
1,4000529,1,,9,600.00000,0.00000,0.00000,2008-05-06,0.00000,1,9,1_4000529,1_4000529_9
1,4000555,1,,9,600.00000,0.00000,0.00000,2003-04-30,0.00000,1,9,1_4000555,1_4000555_9
1,4000427,1,,9,0.00000,0.00000,0.00000,2001-01-30,0.00000,1,9,1_4000427,1_4000427_9
1,4000697,1,,9,3000.00000,0.00000,0.00000,2022-09-29,0.00000,1,9,1_4000697,1_4000697_9
1,4000128,1,,9,3000.00000,0.00000,0.00000,2006-02-03,0.00000,1,9,1_4000128,1_4000128_9
1,4000735,1,,9,3000.00000,0.00000,0.00000,2022-10-07,0.00000,1,9,1_4000735,1_4000735_9
1,4000560,1,,9,12000.00000,0.00000,0.00000,2022-09-15,0.00000,1,9,1_4000560,1_4000560_9
1,4000193,1,,9,0.00000,0.00000,0.00000,2001-07-01,0.00000,1,9,1_4000193,1_4000193_9
1,4000557,1,,9,0.00000,0.00000,0.00000,2002-05-29,0.00000,1,9,1_4000557,1_4000557_9
1,4000520,1,,9,0.00000,0.00000,0.00000,2020-02-12,0.00000,1,9,1_4000520,1_4000520_9
1,4000600,1,,9,0.00000,0.00000,0.00000,2005-07-27,0.00000,1,9,1_4000600,1_4000600_9
1,4000483,1,,9,0.00000,0.00000,0.00000,2004-07-12,0.00000,1,9,1_4000483,1_4000483_9
1,4000617,1,,9,6000.00000,0.00000,0.00000,2009-12-30,0.00000,1,9,1_4000617,1_4000617_9
1,4000379,1,,9,600.00000,0.00000,0.00000,2007-10-25,0.00000,1,9,1_4000379,1_4000379_9
1,4000051,1,,9,0.00000,0.00000,0.00000,2005-02-14,0.00000,1,9,1_4000051,1_4000051_9
1,4000490,1,,9,3000.00000,0.00000,0.00000,2002-07-23,0.00000,1,9,1_4000490,1_4000490_9
1,4000597,1,,9,0.00000,0.00000,0.00000,2005-01-14,0.00000,1,9,1_4000597,1_4000597_9
1,4000676,1,,9,3000.00000,0.00000,0.00000,2021-01-29,0.00000,1,9,1_4000676,1_4000676_9
1,4000663,1,,9,3000.00000,0.00000,0.00000,2022-09-29,0.00000,1,9,1_4000663,1_4000663_9
1,4000482,1,,9,0.00000,0.00000,0.00000,2001-03-15,0.00000,1,9,1_4000482,1_4000482_9
1,4000642,1,,9,1800.00000,0.00000,0.00000,2023-10-26,0.00000,1,9,1_4000642,1_4000642_9
1,4000506,1,,9,0.00000,0.00000,0.00000,2000-01-11,0.00000,1,9,1_4000506,1_4000506_9
1,4000437,1,,9,2000.00000,0.00000,0.00000,2010-05-30,0.00000,1,9,1_4000437,1_4000437_9
1,4000478,1,,9,600.00000,0.00000,0.00000,2023-04-05,0.00000,1,9,1_4000478,1_4000478_9
1,4000465,1,,9,0.00000,0.00000,0.00000,1999-09-30,0.00000,1,9,1_4000465,1_4000465_9
1,4000517,1,,9,0.00000,0.00000,0.00000,2000-11-27,0.00000,1,9,1_4000517,1_4000517_9
1,4000678,1,,9,0.00000,0.00000,0.00000,2011-06-06,0.00000,1,9,1_4000678,1_4000678_9
1,4000475,1,,9,0.00000,0.00000,0.00000,2019-10-07,0.00000,1,9,1_4000475,1_4000475_9
1,4000754,1,,9,3000.00000,0.00000,0.00000,2023-09-27,0.00000,1,9,1_4000754,1_4000754_9
1,4000456,1,,9,0.00000,0.00000,0.00000,2024-01-29,0.00000,1,9,1_4000456,1_4000456_9
1,4000414,1,,9,0.00000,0.00000,0.00000,2009-07-01,0.00000,1,9,1_4000414,1_4000414_9
1,4000245,1,,9,3000.00000,0.00000,0.00000,2020-11-02,0.00000,1,9,1_4000245,1_4000245_9
1,4000563,1,,9,3000.00000,0.00000,0.00000,2015-09-28,0.00000,1,9,1_4000563,1_4000563_9
1,4000644,1,,9,1800.00000,0.00000,0.00000,2022-09-30,0.00000,1,9,1_4000644,1_4000644_9
1,4000702,1,,9,3000.00000,0.00000,0.00000,2013-09-12,0.00000,1,9,1_4000702,1_4000702_9
1,4000723,1,,9,3000.00000,0.00000,0.00000,2019-05-30,0.00000,1,9,1_4000723,1_4000723_9
1,4000679,1,,9,3000.00000,0.00000,0.00000,2011-03-30,0.00000,1,9,1_4000679,1_4000679_9
1,4000345,1,,9,0.00000,0.00000,0.00000,1997-06-13,0.00000,1,9,1_4000345,1_4000345_9
1,4000605,1,,9,1000.00000,0.00000,0.00000,2005-08-01,0.00000,1,9,1_4000605,1_4000605_9
1,4000547,1,,9,3000.00000,0.00000,0.00000,2012-08-01,0.00000,1,9,1_4000547,1_4000547_9
1,4000615,1,,9,3000.00000,0.00000,0.00000,2006-06-13,0.00000,1,9,1_4000615,1_4000615_9
1,4000593,1,,9,1200.00000,0.00000,0.00000,2004-10-01,0.00000,1,9,1_4000593,1_4000593_9
1,4000740,1,,9,0.00000,0.00000,0.00000,2023-09-19,0.00000,1,9,1_4000740,1_4000740_9
1,4000522,1,,9,0.00000,0.00000,0.00000,2003-09-04,0.00000,1,9,1_4000522,1_4000522_9
1,4000419,1,,9,1000.00000,0.00000,0.00000,2007-11-14,0.00000,1,9,1_4000419,1_4000419_9
1,4000050,1,,9,0.00000,0.00000,0.00000,2000-02-16,0.00000,1,9,1_4000050,1_4000050_9
1,4000648,1,,9,0.00000,0.00000,0.00000,2014-01-30,0.00000,1,9,1_4000648,1_4000648_9
1,4000525,1,,9,0.00000,0.00000,0.00000,2004-02-19,0.00000,1,9,1_4000525,1_4000525_9
1,4000539,1,,9,0.00000,0.00000,0.00000,2002-06-14,0.00000,1,9,1_4000539,1_4000539_9
1,4000573,1,,9,6000.00000,0.00000,0.00000,2003-09-17,0.00000,1,9,1_4000573,1_4000573_9
1,4000776,1,,9,3000.00000,0.00000,0.00000,2021-03-08,0.00000,1,9,1_4000776,1_4000776_9
1,4000228,1,,9,6000.00000,0.00000,0.00000,2011-03-30,0.00000,1,9,1_4000228,1_4000228_9
1,4000443,1,,9,0.00000,0.00000,0.00000,2018-05-29,0.00000,1,9,1_4000443,1_4000443_9
1,4000441,1,,9,0.00000,0.00000,0.00000,1997-12-30,0.00000,1,9,1_4000441,1_4000441_9
1,4000533,1,,9,0.00000,0.00000,0.00000,2004-05-01,0.00000,1,9,1_4000533,1_4000533_9
1,4000481,1,,9,30000.00000,0.00000,0.00000,2024-02-20,0.00000,1,9,1_4000481,1_4000481_9
1,4000518,1,,9,3000.00000,0.00000,0.00000,2008-05-24,0.00000,1,9,1_4000518,1_4000518_9
1,4000706,1,,9,12000.00000,0.00000,0.00000,2013-04-24,0.00000,1,9,1_4000706,1_4000706_9
1,4000415,1,,9,1000.00000,0.00000,0.00000,2012-06-30,0.00000,1,9,1_4000415,1_4000415_9
1,4000624,1,,9,1000.00000,0.00000,0.00000,2008-07-30,0.00000,1,9,1_4000624,1_4000624_9
1,4000430,1,,9,0.00000,0.00000,0.00000,1999-09-25,0.00000,1,9,1_4000430,1_4000430_9
1,4000449,1,,9,0.00000,0.00000,0.00000,1997-11-06,0.00000,1,9,1_4000449,1_4000449_9
1,4000394,1,,9,0.00000,0.00000,0.00000,1996-08-01,0.00000,1,9,1_4000394,1_4000394_9
1,4000687,1,,9,3000.00000,0.00000,0.00000,2013-10-31,0.00000,1,9,1_4000687,1_4000687_9
1,4000484,1,,9,0.00000,0.00000,0.00000,2001-11-01,0.00000,1,9,1_4000484,1_4000484_9
1,4000060,1,,9,0.00000,0.00000,0.00000,1996-02-27,0.00000,1,9,1_4000060,1_4000060_9
1,4000428,1,,9,1000.00000,0.00000,-0.01000,2024-02-28,0.00000,1,9,1_4000428,1_4000428_9
1,4000578,1,,9,1200.00000,0.00000,0.00000,2004-01-02,0.00000,1,9,1_4000578,1_4000578_9
1,4000296,1,,9,0.00000,0.00000,0.00000,2002-07-18,0.00000,1,9,1_4000296,1_4000296_9
1,4000469,1,,9,0.00000,-798.60000,0.00000,2014-02-17,0.00000,1,9,1_4000469,1_4000469_9
1,4000739,1,,9,5000.00000,0.00000,0.00000,2016-08-05,0.00000,1,9,1_4000739,1_4000739_9
1,4000445,1,,9,0.00000,0.00000,0.00000,1997-10-30,0.00000,1,9,1_4000445,1_4000445_9
1,4000749,1,,9,3000.00000,0.00000,0.00000,2023-06-01,0.00000,1,9,1_4000749,1_4000749_9
1,4000675,1,,9,1800.00000,0.00000,0.00000,2018-05-15,0.00000,1,9,1_4000675,1_4000675_9
1,4000486,1,,9,0.00000,0.00000,0.00000,2005-10-03,0.00000,1,9,1_4000486,1_4000486_9
1,4000745,1,,9,3000.00000,0.00000,0.00000,2018-02-28,0.00000,1,9,1_4000745,1_4000745_9
1,4000759,1,,9,3000.00000,0.00000,0.00000,2019-12-19,0.00000,1,9,1_4000759,1_4000759_9
1,4000556,1,,9,0.00000,0.00000,0.00000,2002-05-01,0.00000,1,9,1_4000556,1_4000556_9
1,4000595,1,,9,0.00000,0.00000,0.00000,2004-11-01,0.00000,1,9,1_4000595,1_4000595_9
1,4000732,1,,9,0.00000,0.00000,0.00000,2018-10-31,0.00000,1,9,1_4000732,1_4000732_9
1,4000762,1,,9,0.00000,0.00000,0.00000,2020-09-22,0.00000,1,9,1_4000762,1_4000762_9
1,4000767,1,,9,3000.00000,0.00000,0.00000,2020-09-01,0.00000,1,9,1_4000767,1_4000767_9
1,4000569,1,,9,6000.00000,0.00000,0.00000,2003-09-08,0.00000,1,9,1_4000569,1_4000569_9
1,4000652,1,,9,0.00000,0.00000,0.00000,2008-12-17,0.00000,1,9,1_4000652,1_4000652_9
1,4000540,1,,9,0.00000,0.00000,0.00000,2007-05-01,0.00000,1,9,1_4000540,1_4000540_9
1,4000665,1,,9,0.00000,0.00000,0.00000,2010-04-20,0.00000,1,9,1_4000665,1_4000665_9
1,4000643,1,,9,1800.00000,0.00000,0.00000,2008-07-16,0.00000,1,9,1_4000643,1_4000643_9
1,4000269,1,,9,3000.00000,-355.62000,0.00000,2024-06-12,0.00000,1,9,1_4000269,1_4000269_9
1,4000480,1,,9,0.00000,0.00000,0.00000,2003-02-10,0.00000,1,9,1_4000480,1_4000480_9
1,4000780,1,,9,3000.00000,0.00000,0.00000,2021-07-19,0.00000,1,9,1_4000780,1_4000780_9
1,4000302,1,,9,0.00000,0.00000,0.00000,2002-02-25,0.00000,1,9,1_4000302,1_4000302_9
1,4000591,1,,9,0.00000,0.00000,0.00000,2008-11-24,0.00000,1,9,1_4000591,1_4000591_9
1,4000618,1,,9,12000.00000,0.00000,0.00000,2014-06-05,0.00000,1,9,1_4000618,1_4000618_9
1,4000500,1,,9,0.00000,0.00000,0.00000,2007-02-08,0.00000,1,9,1_4000500,1_4000500_9
1,4000439,1,,9,600.00000,0.00000,0.00000,2018-07-23,0.00000,1,9,1_4000439,1_4000439_9
1,4000373,1,,9,600.00000,0.00000,0.00000,2021-11-30,0.00000,1,9,1_4000373,1_4000373_9
1,4000546,1,,9,0.00000,0.00000,0.00000,2002-01-25,0.00000,1,9,1_4000546,1_4000546_9
1,4000459,1,,9,0.00000,0.00000,0.00000,2023-07-21,0.00000,1,9,1_4000459,1_4000459_9
1,4000671,1,,9,0.00000,0.00000,0.00000,2017-06-27,0.00000,1,9,1_4000671,1_4000671_9
1,4000527,1,,9,0.00000,0.00000,0.00000,2001-12-31,0.00000,1,9,1_4000527,1_4000527_9
1,4000440,1,,9,0.00000,0.00000,0.00000,2003-10-22,0.00000,1,9,1_4000440,1_4000440_9
1,4000585,1,,9,3000.00000,0.00000,0.00000,2008-03-01,0.00000,1,9,1_4000585,1_4000585_9
1,4000309,1,,9,3000.00000,0.00000,0.00000,2023-09-29,0.00000,1,9,1_4000309,1_4000309_9
1,4000680,1,,9,5000.00000,0.00000,0.00000,2011-04-29,0.00000,1,9,1_4000680,1_4000680_9
1,4000538,1,,9,0.00000,0.00000,0.00000,2004-07-21,0.00000,1,9,1_4000538,1_4000538_9
1,4000590,1,,9,3000.00000,0.00000,0.00000,2019-04-17,0.00000,1,9,1_4000590,1_4000590_9
1,4000012,1,,9,0.00000,0.00000,0.00000,2001-02-19,0.00000,1,9,1_4000012,1_4000012_9
1,4000280,1,,9,0.00000,0.00000,0.00000,2018-09-07,0.00000,1,9,1_4000280,1_4000280_9
1,4000782,1,,9,3000.00000,0.00000,0.00000,2023-05-22,0.00000,1,9,1_4000782,1_4000782_9
1,4000390,1,,9,0.00000,0.00000,0.00000,2002-02-01,0.00000,1,9,1_4000390,1_4000390_9
1,4000599,1,,9,6000.00000,0.00000,0.00000,2016-05-05,0.00000,1,9,1_4000599,1_4000599_9
1,4000616,1,,9,3000.00000,127.51000,0.00000,2024-05-29,0.00000,1,9,1_4000616,1_4000616_9
1,4000451,1,,9,2000.00000,0.00000,0.00000,2008-11-12,0.00000,1,9,1_4000451,1_4000451_9
1,4000758,1,,9,0.00000,0.00000,0.00000,2024-03-30,0.00000,1,9,1_4000758,1_4000758_9
1,4000515,1,,9,6000.00000,867.72000,-15.13000,2024-05-30,0.00000,1,9,1_4000515,1_4000515_9
1,4000401,1,,9,6000.00000,1496.52000,0.00000,2024-05-30,0.00000,1,9,1_4000401,1_4000401_9
1,4000613,1,,9,30000.00000,0.00000,1135.00000,2024-05-30,0.00000,1,9,1_4000613,1_4000613_9
1,4000711,1,,9,30000.00000,-10730.96000,20982.46000,2024-07-08,0.00000,1,9,1_4000711,1_4000711_9
1,4000673,1,,9,3000.00000,1023.79000,277.71000,2024-06-17,0.00000,1,9,1_4000673,1_4000673_9
1,4000633,1,,9,0.00000,0.00000,0.00000,2007-11-22,0.00000,1,9,1_4000633,1_4000633_9
1,4000346,1,,9,0.00000,0.00000,0.00000,1999-04-25,0.00000,1,9,1_4000346,1_4000346_9
1,4000173,1,,9,0.00000,0.00000,0.00000,2015-01-16,0.00000,1,9,1_4000173,1_4000173_9
1,4000453,1,,9,0.00000,0.00000,0.00000,2014-07-01,0.00000,1,9,1_4000453,1_4000453_9
1,4000434,1,,9,0.00000,0.00000,0.00000,2019-03-08,0.00000,1,9,1_4000434,1_4000434_9
1,4000048,1,,9,0.00000,0.00000,0.00000,1998-05-05,0.00000,1,9,1_4000048,1_4000048_9
1,4000686,1,,9,3000.00000,0.00000,0.00000,2024-02-21,0.00000,1,9,1_4000686,1_4000686_9
1,4000550,1,,9,10000.00000,0.00000,0.00000,2008-05-30,0.00000,1,9,1_4000550,1_4000550_9
1,4000604,1,,9,3000.00000,0.00000,0.00000,2024-03-27,0.00000,1,9,1_4000604,1_4000604_9
1,4000505,1,,9,0.00000,0.00000,0.00000,2002-02-15,0.00000,1,9,1_4000505,1_4000505_9
1,4000531,1,,9,0.00000,0.00000,0.00000,2007-04-10,0.00000,1,9,1_4000531,1_4000531_9
1,4000460,1,,9,0.00000,0.00000,0.00000,1998-02-27,0.00000,1,9,1_4000460,1_4000460_9
1,4000298,1,,9,3000.00000,0.00000,0.00000,2007-05-01,0.00000,1,9,1_4000298,1_4000298_9
1,4000090,1,,9,0.00000,0.00000,0.00000,2013-10-11,0.00000,1,9,1_4000090,1_4000090_9
1,4000756,1,,9,3000.00000,0.00000,0.00000,2019-01-28,0.00000,1,9,1_4000756,1_4000756_9
1,4000214,1,,9,0.00000,0.00000,0.00000,2007-02-07,0.00000,1,9,1_4000214,1_4000214_9
1,4000433,1,,9,0.00000,0.00000,0.00000,1996-12-05,0.00000,1,9,1_4000433,1_4000433_9
1,4000215,1,,9,3000.00000,0.00000,0.00000,2008-10-13,0.00000,1,9,1_4000215,1_4000215_9
1,4000508,1,,9,1200.00000,0.00000,0.01000,2024-04-25,0.00000,1,9,1_4000508,1_4000508_9
1,4000504,1,,9,0.00000,0.00000,0.00000,1999-12-23,0.00000,1,9,1_4000504,1_4000504_9
1,4000721,1,,9,3000.00000,0.00000,0.00000,2015-09-28,0.00000,1,9,1_4000721,1_4000721_9
1,4000034,1,,9,0.00000,0.00000,0.00000,2019-07-10,0.00000,1,9,1_4000034,1_4000034_9
1,4000725,1,,9,0.00000,0.00000,0.00000,2015-02-01,0.00000,1,9,1_4000725,1_4000725_9
1,4000154,1,,9,12000.00000,0.00000,0.00000,2003-09-17,0.00000,1,9,1_4000154,1_4000154_9
1,4000688,1,,9,3000.00000,0.00000,0.00000,2018-07-24,0.00000,1,9,1_4000688,1_4000688_9
1,4000668,1,,9,2000.00000,0.00000,0.00000,2010-07-12,0.00000,1,9,1_4000668,1_4000668_9
1,4000420,1,,9,600.00000,0.00000,0.00000,2002-11-08,0.00000,1,9,1_4000420,1_4000420_9
1,4000788,1,,9,3000.00000,0.00000,0.00000,2024-01-09,0.00000,1,9,1_4000788,1_4000788_9
1,4000474,1,,9,0.00000,0.00000,0.00000,1999-10-15,0.00000,1,9,1_4000474,1_4000474_9
1,4000511,1,,9,0.00000,0.00000,0.00000,2000-04-10,0.00000,1,9,1_4000511,1_4000511_9
1,4000516,1,,9,0.00000,0.00000,0.00000,2002-11-04,0.00000,1,9,1_4000516,1_4000516_9
1,4000576,1,,9,6000.00000,0.00000,0.00000,2005-05-23,0.00000,1,9,1_4000576,1_4000576_9
1,4000471,1,,9,0.00000,0.00000,0.00000,2002-01-30,0.00000,1,9,1_4000471,1_4000471_9
1,4000607,1,,9,1200.00000,0.00000,0.00000,2024-05-28,0.00000,1,9,1_4000607,1_4000607_9
1,4000022,1,,9,0.00000,0.00000,0.00000,2014-10-27,0.00000,1,9,1_4000022,1_4000022_9
1,4000295,1,,9,0.00000,0.00000,0.00000,2000-10-13,0.00000,1,9,1_4000295,1_4000295_9
1,4000514,1,,9,0.00000,0.00000,0.00000,2000-05-11,0.00000,1,9,1_4000514,1_4000514_9
1,4000268,1,,9,0.00000,0.00000,0.00000,1999-05-03,0.00000,1,9,1_4000268,1_4000268_9
1,4000596,1,,9,0.00000,0.00000,0.00000,2006-01-02,0.00000,1,9,1_4000596,1_4000596_9
1,4000737,1,,9,6000.00000,0.00000,0.00000,2016-02-10,0.00000,1,9,1_4000737,1_4000737_9
1,4100055,1,,9,0.00000,0.00000,0.00000,1996-12-12,0.00000,1,9,1_4100055,1_4100055_9
1,4000273,1,,9,600.00000,602.99000,0.00000,2024-05-29,0.00000,1,9,1_4000273,1_4000273_9
1,4000385,1,,9,0.00000,0.00000,0.00000,2019-11-20,0.00000,1,9,1_4000385,1_4000385_9
1,4000489,1,,9,0.00000,0.00000,0.00000,1999-06-01,0.00000,1,9,1_4000489,1_4000489_9
1,4000121,1,,9,6000.00000,0.00000,0.00000,2006-07-11,0.00000,1,9,1_4000121,1_4000121_9
1,4000601,1,,9,6000.00000,0.00000,0.00000,2023-04-21,0.00000,1,9,1_4000601,1_4000601_9
1,4000263,1,,9,0.00000,0.00000,0.00000,2009-12-28,0.00000,1,9,1_4000263,1_4000263_9
1,4000558,1,,9,600.00000,0.00000,0.00000,2011-06-16,0.00000,1,9,1_4000558,1_4000558_9
1,4000621,1,,9,1000.00000,0.00000,0.00000,2007-01-22,0.00000,1,9,1_4000621,1_4000621_9
1,4000568,1,,9,6000.00000,0.00000,0.00000,2013-02-25,0.00000,1,9,1_4000568,1_4000568_9
1,4000551,1,,9,600.00000,0.00000,0.00000,2020-07-16,0.00000,1,9,1_4000551,1_4000551_9
1,4000612,1,,9,600.00000,0.00000,0.00000,2006-11-16,0.00000,1,9,1_4000612,1_4000612_9
1,4000491,1,,9,0.00000,0.00000,0.00000,1999-09-20,0.00000,1,9,1_4000491,1_4000491_9
1,4000669,1,,9,1000.00000,0.00000,0.00000,2010-07-14,0.00000,1,9,1_4000669,1_4000669_9
1,4000544,1,,9,0.00000,0.00000,0.00000,2003-11-30,0.00000,1,9,1_4000544,1_4000544_9
1,4000256,1,,9,3000.00000,0.00000,0.00000,2009-06-01,0.00000,1,9,1_4000256,1_4000256_9
1,4000542,1,,9,0.00000,0.00000,0.00000,2003-09-15,0.00000,1,9,1_4000542,1_4000542_9
1,4000032,1,,9,0.00000,0.00000,0.00000,1998-05-12,0.00000,1,9,1_4000032,1_4000032_9
1,4000682,1,,9,2000.00000,0.00000,0.00000,2015-07-13,0.00000,1,9,1_4000682,1_4000682_9
1,4000638,1,,9,0.00000,0.00000,0.00000,2011-12-16,0.00000,1,9,1_4000638,1_4000638_9
1,4000328,1,,9,0.00000,0.00000,0.00000,1996-02-09,0.00000,1,9,1_4000328,1_4000328_9
1,4000661,1,,9,1000.00000,0.00000,0.00000,2011-01-24,0.00000,1,9,1_4000661,1_4000661_9
1,4000720,1,,9,3000.00000,0.00000,0.00000,2020-04-24,0.00000,1,9,1_4000720,1_4000720_9
1,4000655,1,,9,1800.00000,0.00000,0.00000,2009-03-05,0.00000,1,9,1_4000655,1_4000655_9
1,4000438,1,,9,0.00000,0.00000,0.00000,1998-02-04,0.00000,1,9,1_4000438,1_4000438_9
1,4000779,1,,9,3000.00000,0.00000,0.00000,2021-06-16,0.00000,1,9,1_4000779,1_4000779_9
1,4000768,1,,9,0.00000,0.00000,0.00000,2021-09-16,0.00000,1,9,1_4000768,1_4000768_9
1,4000498,1,,9,0.00000,0.00000,0.00000,2006-04-26,0.00000,1,9,1_4000498,1_4000498_9
1,4000357,1,,9,600.00000,0.00000,0.00000,2007-09-28,0.00000,1,9,1_4000357,1_4000357_9
1,4000789,1,,9,0.00000,0.00000,0.00000,2023-06-30,0.00000,1,9,1_4000789,1_4000789_9
1,4000541,1,,9,0.00000,0.00000,0.00000,2017-12-01,0.00000,1,9,1_4000541,1_4000541_9
1,4000572,1,,9,1200.00000,0.00000,0.00000,2007-01-10,0.00000,1,9,1_4000572,1_4000572_9
1,4000586,1,,9,0.00000,0.00000,0.00000,2004-06-26,0.00000,1,9,1_4000586,1_4000586_9
1,4000684,1,,9,3000.00000,0.00000,0.00000,2018-03-08,0.00000,1,9,1_4000684,1_4000684_9
1,4000191,1,,9,0.00000,0.00000,0.00000,2004-06-18,0.00000,1,9,1_4000191,1_4000191_9
1,4000337,1,,9,0.00000,0.00000,0.00000,2013-03-01,0.00000,1,9,1_4000337,1_4000337_9
1,4000584,1,,9,3000.00000,0.00000,0.00000,2017-01-28,0.00000,1,9,1_4000584,1_4000584_9
1,4000519,1,,9,0.00000,0.00000,0.00000,2003-05-01,0.00000,1,9,1_4000519,1_4000519_9
1,4000626,1,,9,1000.00000,0.00000,0.00000,2007-04-02,0.00000,1,9,1_4000626,1_4000626_9
1,4000180,1,,9,3000.00000,0.00000,0.00000,2013-02-20,0.00000,1,9,1_4000180,1_4000180_9
1,4000422,1,,9,3000.00000,0.00000,0.00000,2020-07-22,0.00000,1,9,1_4000422,1_4000422_9
1,4000786,1,,9,3000.00000,0.00000,0.00000,2023-02-21,0.00000,1,9,1_4000786,1_4000786_9
1,4000255,1,,9,3000.00000,0.00000,0.00000,2020-03-02,0.00000,1,9,1_4000255,1_4000255_9
1,4000534,1,,9,0.00000,0.00000,0.00000,2001-03-27,0.00000,1,9,1_4000534,1_4000534_9
1,4000081,1,,9,0.00000,0.00000,0.00000,2002-08-07,0.00000,1,9,1_4000081,1_4000081_9
1,4000764,1,,9,3000.00000,0.00000,0.00000,2020-09-01,0.00000,1,9,1_4000764,1_4000764_9
1,4000436,1,,9,0.00000,0.00000,0.00000,1996-12-20,0.00000,1,9,1_4000436,1_4000436_9
1,4000476,1,,9,0.00000,0.00000,0.00000,2004-12-01,0.00000,1,9,1_4000476,1_4000476_9
1,4000452,1,,9,0.00000,0.00000,0.00000,1997-12-16,0.00000,1,9,1_4000452,1_4000452_9
1,4000659,1,,9,1800.00000,0.00000,0.00000,2011-01-19,0.00000,1,9,1_4000659,1_4000659_9
1,4000141,1,,9,3000.00000,0.00000,0.00000,1999-11-03,0.00000,1,9,1_4000141,1_4000141_9
1,4000662,1,,9,3000.00000,0.00000,0.00000,2016-06-21,0.00000,1,9,1_4000662,1_4000662_9
1,4000378,1,,9,100000.00000,0.00000,0.00000,2021-09-23,0.00000,1,9,1_4000378,1_4000378_9
1,4000338,1,,9,0.00000,0.00000,0.00000,2003-06-25,0.00000,1,9,1_4000338,1_4000338_9
1,4000738,1,,9,3000.00000,0.00000,0.00000,2016-03-01,0.00000,1,9,1_4000738,1_4000738_9
1,4000386,1,,9,0.00000,0.00000,0.00000,2003-03-31,0.00000,1,9,1_4000386,1_4000386_9
1,4000785,1,,9,0.00000,0.00000,0.00000,2023-02-10,0.00000,1,9,1_4000785,1_4000785_9
1,4000448,1,,9,6000.00000,0.00000,1279.12000,2005-03-10,0.00000,1,9,1_4000448,1_4000448_9
1,4000431,1,,9,0.00000,0.00000,0.00000,2006-12-28,0.00000,1,9,1_4000431,1_4000431_9
1,4000417,1,,9,3000.00000,0.00000,0.00000,2014-05-26,0.00000,1,9,1_4000417,1_4000417_9
1,4000761,1,,9,3000.00000,0.00000,0.00000,2024-04-30,0.00000,1,9,1_4000761,1_4000761_9
1,4000543,1,,9,0.00000,0.00000,0.00000,2002-05-15,0.00000,1,9,1_4000543,1_4000543_9
1,4000497,1,,9,600.00000,0.00000,0.00000,2005-10-27,0.00000,1,9,1_4000497,1_4000497_9
1,4000699,1,,9,1000.00000,0.00000,0.00000,2023-05-25,0.00000,1,9,1_4000699,1_4000699_9
1,4000007,1,,9,0.00000,0.00000,0.00000,2005-01-31,0.00000,1,9,1_4000007,1_4000007_9
1,4000208,1,,9,0.00000,0.00000,0.00000,2004-11-09,0.00000,1,9,1_4000208,1_4000208_9
1,4000509,1,,9,0.00000,0.00000,0.00000,2000-03-01,0.00000,1,9,1_4000509,1_4000509_9
1,4000727,1,,9,6000.00000,0.00000,0.00000,2014-12-01,0.00000,1,9,1_4000727,1_4000727_9
1,4000454,1,,9,0.00000,0.00000,0.00000,1997-12-15,0.00000,1,9,1_4000454,1_4000454_9
1,4000069,1,,9,2000.00000,0.00000,0.00000,2019-06-19,0.00000,1,9,1_4000069,1_4000069_9
1,4000512,1,,9,3000.00000,0.00000,0.00000,2023-06-14,0.00000,1,9,1_4000512,1_4000512_9
1,4000667,1,,9,3000.00000,0.00000,0.00000,2010-12-09,0.00000,1,9,1_4000667,1_4000667_9
1,4000639,1,,9,1800.00000,0.00000,0.00000,2015-07-27,0.00000,1,9,1_4000639,1_4000639_9
1,4000623,1,,9,1000.00000,0.00000,0.00000,2019-05-29,0.00000,1,9,1_4000623,1_4000623_9
1,4000466,1,,9,0.00000,0.00000,0.00000,2000-09-30,0.00000,1,9,1_4000466,1_4000466_9
1,4000755,1,,9,3000.00000,-617.21000,0.00000,2019-01-30,0.00000,1,9,1_4000755,1_4000755_9
1,4000435,1,,9,0.00000,0.00000,0.00000,2024-03-07,0.00000,1,9,1_4000435,1_4000435_9
1,4000164,1,,9,1800.00000,0.00000,0.00000,2008-09-03,0.00000,1,9,1_4000164,1_4000164_9
1,4000631,1,,9,3000.00000,0.00000,0.00000,2022-11-23,0.00000,1,9,1_4000631,1_4000631_9
1,4000291,1,,9,0.00000,0.00000,0.00000,1999-02-05,0.00000,1,9,1_4000291,1_4000291_9
1,4000106,1,,9,0.00000,0.00000,0.00000,1996-11-07,0.00000,1,9,1_4000106,1_4000106_9
1,4000611,1,,9,10000.00000,0.00000,0.00000,2023-01-25,0.00000,1,9,1_4000611,1_4000611_9
1,4000564,1,,9,0.00000,0.00000,0.00000,2012-06-08,0.00000,1,9,1_4000564,1_4000564_9
1,4000117,1,,9,0.00000,0.00000,0.00000,2001-01-29,0.00000,1,9,1_4000117,1_4000117_9
1,4000021,1,,9,0.00000,0.00000,0.00000,2003-05-08,0.00000,1,9,1_4000021,1_4000021_9
1,4000760,1,,9,3000.00000,0.00000,0.00000,2019-11-15,0.00000,1,9,1_4000760,1_4000760_9
1,4000674,1,,9,3000.00000,0.00000,0.00000,2022-06-27,0.00000,1,9,1_4000674,1_4000674_9
1,4000492,1,,9,0.00000,0.00000,0.00000,2000-12-19,0.00000,1,9,1_4000492,1_4000492_9
1,4000589,1,,9,0.00000,0.00000,0.00000,2023-08-21,0.00000,1,9,1_4000589,1_4000589_9
1,4000312,1,,9,0.00000,0.00000,0.00000,2000-02-09,0.00000,1,9,1_4000312,1_4000312_9
1,4000658,1,,9,1800.00000,0.00000,0.00000,2016-05-02,0.00000,1,9,1_4000658,1_4000658_9
1,4000695,1,,9,0.00000,0.00000,0.00000,2012-08-15,0.00000,1,9,1_4000695,1_4000695_9
1,4000211,1,,9,3000.00000,0.00000,0.00000,2020-11-12,0.00000,1,9,1_4000211,1_4000211_9
1,4000404,1,,9,6000.00000,0.00000,0.00000,2011-12-12,0.00000,1,9,1_4000404,1_4000404_9
1,4000781,1,,9,0.00000,0.00000,0.00000,2022-07-25,0.00000,1,9,1_4000781,1_4000781_9
1,4000374,1,,9,6000.00000,0.00000,0.00000,2013-01-22,0.00000,1,9,1_4000374,1_4000374_9
1,4000513,1,,9,0.00000,0.00000,0.00000,2000-05-18,0.00000,1,9,1_4000513,1_4000513_9
1,4000442,1,,9,0.00000,0.00000,0.00000,1997-10-28,0.00000,1,9,1_4000442,1_4000442_9
1,4000710,1,,9,1800.00000,0.00000,0.00000,2014-03-04,0.00000,1,9,1_4000710,1_4000710_9
1,4000526,1,,9,0.00000,0.00000,0.00000,2019-01-09,0.00000,1,9,1_4000526,1_4000526_9
1,4000577,1,,9,0.00000,0.00000,0.00000,2008-06-04,0.00000,1,9,1_4000577,1_4000577_9
1,4000677,1,,9,3000.00000,0.00000,0.00000,2011-04-14,0.00000,1,9,1_4000677,1_4000677_9
1,4000705,1,,9,3000.00000,0.00000,0.00000,2024-01-31,0.00000,1,9,1_4000705,1_4000705_9
1,4000383,1,,9,3000.00000,0.00000,0.00000,2019-04-15,0.00000,1,9,1_4000383,1_4000383_9
1,4000528,1,,9,0.00000,0.00000,0.00000,2018-11-30,0.00000,1,9,1_4000528,1_4000528_9
1,4000166,1,,9,0.00000,0.00000,0.00000,1998-10-08,0.00000,1,9,1_4000166,1_4000166_9
1,4000026,1,,9,0.00000,0.00000,0.00000,2003-06-13,0.00000,1,9,1_4000026,1_4000026_9
1,4000148,1,,9,3000.00000,0.00000,0.00000,2014-06-15,0.00000,1,9,1_4000148,1_4000148_9
1,4000653,1,,9,0.00000,0.00000,0.00000,2009-02-01,0.00000,1,9,1_4000653,1_4000653_9
1,4000496,1,,9,0.00000,0.00000,0.00000,1999-11-01,0.00000,1,9,1_4000496,1_4000496_9
1,4000602,1,,9,3000.00000,0.00000,0.00000,2007-04-17,0.00000,1,9,1_4000602,1_4000602_9
1,4000609,1,,9,600.00000,0.00000,0.00000,2020-01-22,0.00000,1,9,1_4000609,1_4000609_9
1,4000575,1,,9,3000.00000,0.00000,0.00000,2008-04-30,0.00000,1,9,1_4000575,1_4000575_9
1,4000707,1,,9,0.00000,0.00000,0.00000,2013-06-12,0.00000,1,9,1_4000707,1_4000707_9
1,4000670,1,,9,5000.00000,0.00000,1512.74000,2023-05-04,0.00000,1,9,1_4000670,1_4000670_9
1,4000640,1,,9,1800.00000,0.00000,0.00000,2008-07-15,0.00000,1,9,1_4000640,1_4000640_9
1,4000510,1,,9,0.00000,0.00000,0.00000,2000-05-24,0.00000,1,9,1_4000510,1_4000510_9
1,4000450,1,,9,0.00000,0.00000,0.00000,1999-02-19,0.00000,1,9,1_4000450,1_4000450_9
1,4000666,1,,9,6000.00000,0.00000,0.00000,2019-09-26,0.00000,1,9,1_4000666,1_4000666_9
1,4000372,1,,9,12000.00000,0.00000,0.00000,2022-05-17,0.00000,1,9,1_4000372,1_4000372_9
1,4000690,1,,9,3000.00000,0.00000,0.00000,2012-10-25,0.00000,1,9,1_4000690,1_4000690_9
1,4000493,1,,9,600.00000,0.00000,0.00000,2007-01-26,0.00000,1,9,1_4000493,1_4000493_9
1,4000388,1,,9,0.00000,0.00000,0.00000,2009-02-17,0.00000,1,9,1_4000388,1_4000388_9
1,4000097,1,,9,0.00000,0.00000,0.00000,2005-01-18,0.00000,1,9,1_4000097,1_4000097_9
1,4000056,1,,9,0.00000,0.00000,0.00000,1997-04-09,0.00000,1,9,1_4000056,1_4000056_9
1,4000094,1,,9,6000.00000,0.00000,0.00000,2010-03-25,0.00000,1,9,1_4000094,1_4000094_9
1,4000645,1,,9,1800.00000,0.00000,0.00000,2018-11-30,0.00000,1,9,1_4000645,1_4000645_9
1,4000694,1,,9,0.00000,0.00000,0.00000,2012-08-23,0.00000,1,9,1_4000694,1_4000694_9
1,4000249,1,,9,3000.00000,0.00000,0.00000,2024-01-31,0.00000,1,9,1_4000249,1_4000249_9
1,4000736,1,,9,3000.00000,0.00000,0.00000,2017-10-15,0.00000,1,9,1_4000736,1_4000736_9
1,4000192,1,,9,0.00000,0.00000,0.00000,2000-09-29,0.00000,1,9,1_4000192,1_4000192_9
1,4000561,1,,9,3000.00000,0.00000,0.00000,2003-02-12,0.00000,1,9,1_4000561,1_4000561_9
1,4000158,1,,9,0.00000,0.00000,0.00000,1998-04-15,0.00000,1,9,1_4000158,1_4000158_9
1,4000242,1,,9,0.00000,0.00000,0.00000,2021-03-01,0.00000,1,9,1_4000242,1_4000242_9
1,4000693,1,,9,3000.00000,0.00000,0.00000,2023-07-31,0.00000,1,9,1_4000693,1_4000693_9
1,4000461,1,,9,0.00000,0.00000,0.00000,1998-02-25,0.00000,1,9,1_4000461,1_4000461_9
1,4000654,1,,9,0.00000,0.00000,0.00000,2009-01-21,0.00000,1,9,1_4000654,1_4000654_9
1,4000588,1,,9,600.00000,0.00000,0.00000,2008-12-23,0.00000,1,9,1_4000588,1_4000588_9
1,4000566,1,,9,0.00000,0.00000,0.00000,2012-03-09,0.00000,1,9,1_4000566,1_4000566_9
1,4000402,1,,9,0.00000,0.00000,0.00000,2002-07-22,0.00000,1,9,1_4000402,1_4000402_9
1,4000159,1,,9,0.00000,0.00000,0.00000,2020-05-25,0.00000,1,9,1_4000159,1_4000159_9
1,4000696,1,,9,3000.00000,0.00000,0.00000,2020-02-11,0.00000,1,9,1_4000696,1_4000696_9
1,4000389,1,,9,0.00000,0.00000,0.00000,1999-01-19,0.00000,1,9,1_4000389,1_4000389_9
1,4000210,1,,9,0.00000,0.00000,0.00000,1999-08-01,0.00000,1,9,1_4000210,1_4000210_9
1,4000120,1,,9,6000.00000,0.00000,0.00000,2010-11-17,0.00000,1,9,1_4000120,1_4000120_9
1,4000592,1,,9,1200.00000,0.00000,0.00000,2023-11-17,0.00000,1,9,1_4000592,1_4000592_9
1,4000503,1,,9,0.00000,0.00000,0.00000,1999-12-01,0.00000,1,9,1_4000503,1_4000503_9
1,4000553,1,,9,600.00000,0.00000,0.00000,2002-09-02,0.00000,1,9,1_4000553,1_4000553_9
1,4000033,1,,9,1200.00000,0.00000,0.00000,2008-07-28,0.00000,1,9,1_4000033,1_4000033_9
1,4000052,1,,9,3000.00000,0.00000,0.00000,2022-02-11,0.00000,1,9,1_4000052,1_4000052_9
1,4000423,1,,9,0.00000,0.00000,0.00000,2000-10-10,0.00000,1,9,1_4000423,1_4000423_9
1,4000565,1,,9,3000.00000,0.00000,0.00000,2003-02-17,0.00000,1,9,1_4000565,1_4000565_9
1,4000521,1,,9,0.00000,0.00000,0.00000,2000-09-30,0.00000,1,9,1_4000521,1_4000521_9
1,4000714,1,,9,3000.00000,0.00000,0.00000,2024-04-12,0.00000,1,9,1_4000714,1_4000714_9
1,4000627,1,,9,1000.00000,0.00000,0.00000,2022-03-31,0.00000,1,9,1_4000627,1_4000627_9
1,4000774,1,,9,3000.00000,0.00000,0.00000,2020-11-23,0.00000,1,9,1_4000774,1_4000774_9
1,4000717,1,,9,0.00000,0.00000,0.00000,2019-04-29,0.00000,1,9,1_4000717,1_4000717_9
1,4000603,1,,9,6000.00000,0.00000,0.00000,2005-05-25,0.00000,1,9,1_4000603,1_4000603_9
1,4000657,1,,9,20000.00000,0.00000,0.00000,2015-01-19,0.00000,1,9,1_4000657,1_4000657_9
1,4000065,1,,9,1000.00000,0.00000,0.00000,2006-10-01,0.00000,1,9,1_4000065,1_4000065_9
1,4000704,1,,9,3000.00000,0.00000,0.00000,2013-11-30,0.00000,1,9,1_4000704,1_4000704_9
1,4000444,1,,9,6000.00000,0.00000,0.00000,2009-12-30,0.00000,1,9,1_4000444,1_4000444_9
1,4000716,1,,9,0.00000,0.00000,0.00000,2015-11-27,0.00000,1,9,1_4000716,1_4000716_9
1,4000730,1,,9,0.00000,0.00000,0.00000,2015-05-27,0.00000,1,9,1_4000730,1_4000730_9
1,4000536,1,,9,0.00000,0.00000,0.00000,2001-06-01,0.00000,1,9,1_4000536,1_4000536_9
1,4000432,1,,9,0.00000,0.00000,0.00000,2003-12-10,0.00000,1,9,1_4000432,1_4000432_9
1,4000028,1,,9,0.00000,0.00000,0.00000,2024-02-06,0.00000,1,9,1_4000028,1_4000028_9
1,4000002,1,,9,6000.00000,0.00000,-36.30000,2024-03-27,0.00000,1,9,1_4000002,1_4000002_9
1,4000729,1,,9,3000.00000,0.00000,0.00000,2023-09-13,0.00000,1,9,1_4000729,1_4000729_9
1,4000181,1,,9,0.00000,0.00000,0.00000,2003-07-25,0.00000,1,9,1_4000181,1_4000181_9
1,4000209,1,,9,6000.00000,0.00000,0.00000,2009-06-15,0.00000,1,9,1_4000209,1_4000209_9
1,4000632,1,,9,0.00000,0.00000,0.00000,2009-08-01,0.00000,1,9,1_4000632,1_4000632_9
1,4000741,1,,9,3000.00000,0.00000,0.00000,2018-12-13,0.00000,1,9,1_4000741,1_4000741_9
1,4000734,1,,9,3000.00000,0.00000,0.00000,2015-11-25,0.00000,1,9,1_4000734,1_4000734_9
1,4000487,1,,9,0.00000,0.00000,0.00000,2000-12-01,0.00000,1,9,1_4000487,1_4000487_9
1,4000499,1,,9,0.00000,0.00000,0.00000,2009-08-01,0.00000,1,9,1_4000499,1_4000499_9
1,4000649,1,,9,1800.00000,0.00000,0.00000,2009-07-16,0.00000,1,9,1_4000649,1_4000649_9
1,4000170,1,,9,0.00000,0.00000,0.00000,2001-12-13,0.00000,1,9,1_4000170,1_4000170_9
1,4000698,1,,9,3000.00000,0.00000,0.00000,2013-03-06,0.00000,1,9,1_4000698,1_4000698_9
1,4000744,1,,9,3000.00000,0.00000,0.00000,2018-07-16,0.00000,1,9,1_4000744,1_4000744_9
1,4000567,1,,9,3000.00000,0.00000,0.00000,2008-06-13,0.00000,1,9,1_4000567,1_4000567_9
1,4000606,1,,9,0.00000,0.00000,0.00000,2005-08-29,0.00000,1,9,1_4000606,1_4000606_9
1,4000392,1,,9,3000.00000,0.00000,0.00000,2007-03-21,0.00000,1,9,1_4000392,1_4000392_9
1,4000523,1,,9,0.00000,0.00000,0.00000,2000-12-12,0.00000,1,9,1_4000523,1_4000523_9
1,4000752,1,,9,0.00000,0.00000,0.00000,2023-02-14,0.00000,1,9,1_4000752,1_4000752_9
1,4000524,1,,9,0.00000,0.00000,0.00000,2008-06-01,0.00000,1,9,1_4000524,1_4000524_9
1,4000635,1,,9,3000.00000,0.00000,0.00000,2007-12-19,0.00000,1,9,1_4000635,1_4000635_9
1,4000641,1,,9,1800.00000,0.00000,0.00000,2008-09-08,0.00000,1,9,1_4000641,1_4000641_9
1,4000692,1,,9,0.00000,0.00000,0.00000,2012-06-07,0.00000,1,9,1_4000692,1_4000692_9
1,4000750,1,,9,0.00000,0.00000,0.00000,2018-03-15,0.00000,1,9,1_4000750,1_4000750_9
1,4000017,1,,9,3000.00000,0.00000,0.00000,2009-05-12,0.00000,1,9,1_4000017,1_4000017_9
1,4000488,1,,9,0.00000,0.00000,0.00000,1999-09-01,0.00000,1,9,1_4000488,1_4000488_9
1,4000619,1,,9,1000.00000,0.00000,0.00000,2006-10-06,0.00000,1,9,1_4000619,1_4000619_9
1,4000777,1,,9,3000.00000,0.00000,0.00000,2023-09-28,0.00000,1,9,1_4000777,1_4000777_9
1,4000580,1,,9,3000.00000,0.00000,0.00000,2014-01-29,0.00000,1,9,1_4000580,1_4000580_9
1,4000473,1,,9,600.00000,0.00000,0.00000,2013-11-27,0.00000,1,9,1_4000473,1_4000473_9
1,4000126,1,,9,3000.00000,0.00000,0.00000,2014-10-01,0.00000,1,9,1_4000126,1_4000126_9
1,4000152,1,,9,0.00000,0.00000,0.00000,1997-03-21,0.00000,1,9,1_4000152,1_4000152_9
1,4000582,1,,9,3000.00000,0.00000,0.00000,2009-04-01,0.00000,1,9,1_4000582,1_4000582_9
1,4000691,1,,9,0.00000,0.00000,0.00000,2014-12-23,0.00000,1,9,1_4000691,1_4000691_9
1,4000472,1,,9,1800.00000,0.00000,0.00000,2008-10-01,0.00000,1,9,1_4000472,1_4000472_9
1,4000583,1,,9,0.00000,0.00000,0.00000,2004-07-14,0.00000,1,9,1_4000583,1_4000583_9
1,4000370,1,,9,0.00000,0.00000,0.00000,1998-03-02,0.00000,1,9,1_4000370,1_4000370_9
1,4000724,1,,9,2000.00000,0.00000,0.00000,2017-11-30,0.00000,1,9,1_4000724,1_4000724_9
1,4000398,1,,9,0.00000,0.00000,0.00000,2013-11-27,0.00000,1,9,1_4000398,1_4000398_9
1,4000421,1,,9,1200.00000,0.00000,0.00000,2015-09-24,0.00000,1,9,1_4000421,1_4000421_9
1,4000462,1,,9,0.00000,0.00000,0.00000,1998-03-18,0.00000,1,9,1_4000462,1_4000462_9
1,4000742,1,,9,3000.00000,0.00000,0.00000,2016-10-20,0.00000,1,9,1_4000742,1_4000742_9
1,4000507,1,,9,30000.00000,0.00000,0.00000,2004-06-15,0.00000,1,9,1_4000507,1_4000507_9
1,4301474,1,,9,3000.00000,0.00000,0.00000,2023-06-23,0.00000,1,9,1_4301474,1_4301474_9
1,4000237,1,,9,0.00000,0.00000,0.00000,2005-03-09,0.00000,1,9,1_4000237,1_4000237_9
1,4000502,1,,9,0.00000,0.00000,0.00000,2001-01-26,0.00000,1,9,1_4000502,1_4000502_9
1,4000179,1,,9,0.00000,0.00000,0.00000,1997-08-01,0.00000,1,9,1_4000179,1_4000179_9
1,4301724,1,,9,2999.00000,1063.59000,0.00000,2024-06-06,0.00000,1,9,1_4301724,1_4301724_9
1,4000636,1,,9,0.00000,0.00000,0.00000,2013-12-30,0.00000,1,9,1_4000636,1_4000636_9
1,4000778,1,,9,6000.00000,0.00000,0.00000,2022-10-26,0.00000,1,9,1_4000778,1_4000778_9
1,4000230,1,,9,0.00000,0.00000,0.00000,2000-12-19,0.00000,1,9,1_4000230,1_4000230_9
1,4000455,1,,9,0.00000,0.00000,0.00000,1997-12-29,0.00000,1,9,1_4000455,1_4000455_9
1,4000447,1,,9,0.00000,0.00000,0.00000,1999-06-07,0.00000,1,9,1_4000447,1_4000447_9
1,4000722,1,,9,30000.00000,0.00000,0.00000,2014-08-25,0.00000,1,9,1_4000722,1_4000722_9
1,4000545,1,,9,3000.00000,0.00000,0.00000,2015-09-28,0.00000,1,9,1_4000545,1_4000545_9
1,4000535,1,,9,0.00000,0.00000,0.00000,2023-01-25,0.00000,1,9,1_4000535,1_4000535_9
1,4000047,1,,9,12000.00000,0.00000,0.00000,2004-03-25,0.00000,1,9,1_4000047,1_4000047_9
1,4000206,1,,9,0.00000,0.00000,0.00000,2019-07-01,0.00000,1,9,1_4000206,1_4000206_9
1,4000355,1,,9,3000.00000,0.00000,0.00000,2007-12-12,0.00000,1,9,1_4000355,1_4000355_9
1,4300934,1,,9,1800.00000,0.00000,0.00000,2003-12-15,0.00000,1,9,1_4300934,1_4300934_9
1,4300262,1,,9,0.00000,0.00000,0.00000,2005-05-25,0.00000,1,9,1_4300262,1_4300262_9
1,4300977,1,,9,0.00000,0.00000,0.00000,2020-09-07,0.00000,1,9,1_4300977,1_4300977_9
1,4301544,1,,9,1800.00000,0.00000,0.00000,2008-11-25,0.00000,1,9,1_4301544,1_4301544_9
1,4300940,1,,9,1800.00000,0.00000,0.00000,2018-05-18,0.00000,1,9,1_4300940,1_4300940_9
1,4301314,1,,9,1800.00000,0.00000,0.00000,2019-09-17,0.00000,1,9,1_4301314,1_4301314_9
1,4300855,1,,9,1800.00000,0.00000,0.00000,2011-03-29,0.00000,1,9,1_4300855,1_4300855_9
1,4301556,1,,9,1800.00000,0.00000,0.00000,2018-11-21,0.00000,1,9,1_4301556,1_4301556_9
1,4301488,1,,9,0.00000,0.00000,0.00000,2005-06-28,0.00000,1,9,1_4301488,1_4301488_9
1,4302055,1,,9,0.00000,0.00000,0.00000,1996-11-07,0.00000,1,9,1_4302055,1_4302055_9
1,4301627,1,,9,2999.00000,0.00000,0.00000,2009-04-24,0.00000,1,9,1_4301627,1_4301627_9
1,4301184,1,,9,0.00000,0.00000,0.00000,1998-02-25,0.00000,1,9,1_4301184,1_4301184_9
1,4301423,1,,9,0.00000,0.00000,0.00000,2003-04-09,0.00000,1,9,1_4301423,1_4301423_9
1,4300960,1,,9,0.00000,0.00000,0.00000,2004-10-18,0.00000,1,9,1_4300960,1_4300960_9
1,4301567,1,,9,2999.00000,0.00000,0.00000,2024-05-30,0.00000,1,9,1_4301567,1_4301567_9
1,4301237,1,,9,0.00000,0.00000,0.00000,1998-04-01,0.00000,1,9,1_4301237,1_4301237_9
1,4300554,1,,9,0.00000,0.00000,0.00000,2006-10-09,0.00000,1,9,1_4300554,1_4300554_9
1,4301064,1,,9,0.00000,0.00000,0.00000,2003-04-10,0.00000,1,9,1_4301064,1_4301064_9
1,4301053,1,,9,0.00000,0.00000,0.00000,1996-03-22,0.00000,1,9,1_4301053,1_4301053_9
1,4000672,1,,9,0.00000,0.00000,0.00000,2010-10-27,0.00000,1,9,1_4000672,1_4000672_9
1,4301658,1,,9,1800.00000,0.00000,0.00000,2010-06-03,0.00000,1,9,1_4301658,1_4301658_9
1,4301669,1,,9,2999.00000,0.00000,0.00000,2019-07-01,0.00000,1,9,1_4301669,1_4301669_9
1,4301303,1,,9,0.00000,0.00000,0.00000,2003-05-12,0.00000,1,9,1_4301303,1_4301303_9
1,4301715,1,,9,1800.00000,0.00000,0.00000,2013-07-08,0.00000,1,9,1_4301715,1_4301715_9
1,4300577,1,,9,1800.00000,0.00000,0.00000,2008-10-28,0.00000,1,9,1_4300577,1_4300577_9
1,4301686,1,,9,0.00000,0.00000,0.00000,2013-03-15,0.00000,1,9,1_4301686,1_4301686_9
1,4300733,1,,9,0.00000,0.00000,0.00000,1998-09-29,0.00000,1,9,1_4300733,1_4300733_9
1,4300552,1,,9,0.00000,0.00000,0.00000,2007-11-19,0.00000,1,9,1_4300552,1_4300552_9
1,4301233,1,,9,0.00000,0.00000,0.00000,2005-07-01,0.00000,1,9,1_4301233,1_4301233_9
1,4301638,1,,9,2999.00000,0.00000,0.00000,2023-10-10,0.00000,1,9,1_4301638,1_4301638_9
1,4301774,1,,9,2999.00000,0.00000,0.00000,2016-07-22,0.00000,1,9,1_4301774,1_4301774_9
1,4301764,1,,9,2999.00000,0.00000,0.00000,2023-09-05,0.00000,1,9,1_4301764,1_4301764_9
1,4301873,1,,9,2999.00000,0.00000,0.00000,2024-02-20,0.00000,1,9,1_4301873,1_4301873_9
1,4301815,1,,9,2999.00000,0.00000,0.00000,2020-05-08,0.00000,1,9,1_4301815,1_4301815_9
1,4301134,1,,9,2999.00000,0.00000,0.00000,2017-07-25,0.00000,1,9,1_4301134,1_4301134_9
1,4301726,1,,9,2999.00000,0.00000,0.00000,2017-05-25,0.00000,1,9,1_4301726,1_4301726_9
1,4301122,1,,9,2999.00000,0.00000,0.00000,2016-02-12,0.00000,1,9,1_4301122,1_4301122_9
1,4300634,1,,9,2999.00000,0.00000,0.00000,2022-01-10,0.00000,1,9,1_4300634,1_4300634_9
1,4000458,1,,9,0.00000,0.00000,0.00000,2024-05-24,0.00000,1,9,1_4000458,1_4000458_9
1,4300941,1,,9,0.00000,0.00000,0.00000,2004-01-29,0.00000,1,9,1_4300941,1_4300941_9
1,4301133,1,,9,0.00000,0.00000,0.00000,2008-11-04,0.00000,1,9,1_4301133,1_4301133_9
1,4301404,1,,9,0.00000,0.00000,0.00000,2001-06-22,0.00000,1,9,1_4301404,1_4301404_9
1,4301469,1,,9,0.00000,0.00000,0.00000,2004-09-10,0.00000,1,9,1_4301469,1_4301469_9
1,4301390,1,,9,0.00000,0.00000,0.00000,2007-03-05,0.00000,1,9,1_4301390,1_4301390_9
1,4301273,1,,9,0.00000,0.00000,0.00000,2003-07-30,0.00000,1,9,1_4301273,1_4301273_9
1,4301290,1,,9,0.00000,0.00000,0.00000,2003-09-25,0.00000,1,9,1_4301290,1_4301290_9
1,4300539,1,,9,0.00000,0.00000,0.00000,2007-07-10,0.00000,1,9,1_4300539,1_4300539_9
1,4301214,1,,9,0.00000,0.00000,0.00000,2020-10-19,0.00000,1,9,1_4301214,1_4301214_9
1,4301394,1,,9,0.00000,0.00000,0.00000,2004-03-24,0.00000,1,9,1_4301394,1_4301394_9
1,4301527,1,,9,0.00000,0.00000,0.00000,2017-03-15,0.00000,1,9,1_4301527,1_4301527_9
1,4300022,1,,9,0.00000,0.00000,0.00000,1996-04-29,0.00000,1,9,1_4300022,1_4300022_9
1,4300878,1,,9,0.00000,0.00000,0.00000,1997-02-12,0.00000,1,9,1_4300878,1_4300878_9
1,4301430,1,,9,1800.00000,0.00000,0.00000,2008-04-08,0.00000,1,9,1_4301430,1_4301430_9
1,4301183,1,,9,0.00000,0.00000,0.00000,2002-07-26,0.00000,1,9,1_4301183,1_4301183_9
1,4300714,1,,9,1800.00000,0.00000,0.00000,2020-10-15,0.00000,1,9,1_4300714,1_4300714_9
1,4301743,1,,9,0.00000,0.00000,0.00000,1999-09-27,0.00000,1,9,1_4301743,1_4301743_9
1,4301720,1,,9,0.00000,0.00000,0.00000,2016-03-10,0.00000,1,9,1_4301720,1_4301720_9
1,4301222,1,,9,1800.00000,0.00000,0.00000,2011-07-29,0.00000,1,9,1_4301222,1_4301222_9
1,4301603,1,,9,1800.00000,0.00000,0.00000,2011-10-28,0.00000,1,9,1_4301603,1_4301603_9
1,4300890,1,,9,0.00000,0.00000,0.00000,2007-10-16,0.00000,1,9,1_4300890,1_4300890_9
1,4301140,1,,9,0.00000,0.00000,0.00000,1996-10-21,0.00000,1,9,1_4301140,1_4301140_9
1,4301470,1,,9,0.00000,0.00000,0.00000,2004-06-08,0.00000,1,9,1_4301470,1_4301470_9
1,4410001,1,,9,0.00000,0.00000,0.00000,2006-07-25,0.00000,1,9,1_4410001,1_4410001_9
1,4301643,1,,9,0.00000,0.00000,0.00000,2015-02-10,0.00000,1,9,1_4301643,1_4301643_9
1,4301526,1,,9,1800.00000,429.03000,0.00000,2024-07-09,0.00000,1,9,1_4301526,1_4301526_9
1,4300970,1,,9,1800.00000,0.00000,0.00000,2017-03-28,0.00000,1,9,1_4300970,1_4300970_9
1,4300895,1,,9,1800.00000,0.00000,0.00000,2023-06-07,0.00000,1,9,1_4300895,1_4300895_9
1,4300613,1,,9,0.00000,0.00000,0.00000,1999-03-19,0.00000,1,9,1_4300613,1_4300613_9
1,4301509,1,,9,0.00000,0.00000,0.00000,2007-05-02,0.00000,1,9,1_4301509,1_4301509_9
1,4301252,1,,9,0.00000,0.00000,0.00000,1999-11-10,0.00000,1,9,1_4301252,1_4301252_9
1,4301253,1,,9,1800.00000,0.00000,0.00000,2008-10-23,0.00000,1,9,1_4301253,1_4301253_9
1,4301622,1,,9,1800.00000,0.00000,0.00000,2008-12-17,0.00000,1,9,1_4301622,1_4301622_9
1,4301864,1,,9,2999.00000,0.00000,0.00000,2023-06-09,0.00000,1,9,1_4301864,1_4301864_9
1,4300740,1,,9,3000.00000,0.00000,0.00000,2023-06-02,0.00000,1,9,1_4300740,1_4300740_9
1,4301450,1,,9,0.00000,0.00000,0.00000,2003-03-13,0.00000,1,9,1_4301450,1_4301450_9
1,4301301,1,,9,0.00000,0.00000,0.00000,1999-12-17,0.00000,1,9,1_4301301,1_4301301_9
1,4301660,1,,9,0.00000,0.00000,0.00000,2010-11-17,0.00000,1,9,1_4301660,1_4301660_9
1,4301412,1,,9,0.00000,0.00000,0.00000,2001-10-31,0.00000,1,9,1_4301412,1_4301412_9
1,4300108,1,,9,0.00000,0.00000,0.00000,2007-04-26,0.00000,1,9,1_4300108,1_4300108_9
1,4301675,1,,9,0.00000,0.00000,0.00000,2011-03-17,0.00000,1,9,1_4301675,1_4301675_9
1,4300042,1,,9,0.00000,0.00000,0.00000,2005-07-11,0.00000,1,9,1_4300042,1_4300042_9
1,4301714,1,,9,0.00000,0.00000,0.00000,2023-01-26,0.00000,1,9,1_4301714,1_4301714_9
1,4301471,1,,9,0.00000,0.00000,0.00000,2003-11-19,0.00000,1,9,1_4301471,1_4301471_9
1,4300763,1,,9,0.00000,0.00000,0.00000,2003-07-28,0.00000,1,9,1_4300763,1_4300763_9
1,4301465,1,,9,0.00000,0.00000,0.00000,2007-03-07,0.00000,1,9,1_4301465,1_4301465_9
1,4301455,1,,9,1800.00000,0.00000,0.00000,2010-12-17,0.00000,1,9,1_4301455,1_4301455_9
1,4300754,1,,9,2999.00000,0.00000,0.00000,2024-04-16,0.00000,1,9,1_4300754,1_4300754_9
1,4301699,1,,9,1800.00000,0.00000,0.00000,2012-09-26,0.00000,1,9,1_4301699,1_4301699_9
1,4301383,1,,9,0.00000,0.00000,0.00000,2000-09-21,0.00000,1,9,1_4301383,1_4301383_9
1,4301069,1,,9,1800.00000,0.00000,0.00000,2012-04-17,0.00000,1,9,1_4301069,1_4301069_9
1,4301228,1,,9,0.00000,0.00000,0.00000,2023-03-15,0.00000,1,9,1_4301228,1_4301228_9
1,4301277,1,,9,0.00000,0.00000,0.00000,2002-05-16,0.00000,1,9,1_4301277,1_4301277_9
1,4301164,1,,9,0.00000,0.00000,0.00000,2014-11-05,0.00000,1,9,1_4301164,1_4301164_9
1,4301468,1,,9,0.00000,0.00000,0.00000,2003-09-05,0.00000,1,9,1_4301468,1_4301468_9
1,4301427,1,,9,3000.00000,0.00000,0.00000,2021-03-24,0.00000,1,9,1_4301427,1_4301427_9
1,4301312,1,,9,0.00000,0.00000,0.00000,2000-07-17,0.00000,1,9,1_4301312,1_4301312_9
1,4301432,1,,9,0.00000,0.00000,0.00000,2002-10-22,0.00000,1,9,1_4301432,1_4301432_9
1,4301562,1,,9,0.00000,0.00000,0.00000,2006-12-18,0.00000,1,9,1_4301562,1_4301562_9
1,4301151,1,,9,0.00000,0.00000,0.00000,1996-11-28,0.00000,1,9,1_4301151,1_4301151_9
1,4301381,1,,9,1800.00000,0.00000,0.00000,2015-07-20,0.00000,1,9,1_4301381,1_4301381_9
1,4301219,1,,9,2999.00000,0.00000,0.00000,2023-03-22,0.00000,1,9,1_4301219,1_4301219_9
1,4301671,1,,9,0.00000,0.00000,0.00000,2011-05-10,0.00000,1,9,1_4301671,1_4301671_9
1,4300692,1,,9,1800.00000,0.00000,0.00000,2013-01-04,0.00000,1,9,1_4300692,1_4300692_9
1,4301387,1,,9,1800.00000,0.00000,0.00000,2009-04-27,0.00000,1,9,1_4301387,1_4301387_9
1,4301689,1,,9,1800.00000,0.00000,0.00000,2012-06-01,0.00000,1,9,1_4301689,1_4301689_9
1,4301466,1,,9,0.00000,0.00000,0.00000,2004-10-13,0.00000,1,9,1_4301466,1_4301466_9
1,4300111,1,,9,1800.00000,0.00000,0.00000,2009-06-08,0.00000,1,9,1_4300111,1_4300111_9
1,4301655,1,,9,1800.00000,0.00000,0.00000,2010-05-17,0.00000,1,9,1_4301655,1_4301655_9
1,4301593,1,,9,1800.00000,0.00000,0.00000,2010-11-30,0.00000,1,9,1_4301593,1_4301593_9
1,4301105,1,,9,0.00000,0.00000,0.00000,1996-05-09,0.00000,1,9,1_4301105,1_4301105_9
1,4301452,1,,9,1800.00000,0.00000,0.00000,2010-04-15,0.00000,1,9,1_4301452,1_4301452_9
1,4301257,1,,9,0.00000,0.00000,0.00000,1998-11-06,0.00000,1,9,1_4301257,1_4301257_9
1,4301216,1,,9,0.00000,0.00000,0.00000,2004-09-27,0.00000,1,9,1_4301216,1_4301216_9
1,4300107,1,,9,0.00000,0.00000,0.00000,2000-12-30,0.00000,1,9,1_4300107,1_4300107_9
1,4301243,1,,9,0.00000,0.00000,0.00000,2007-02-20,0.00000,1,9,1_4301243,1_4301243_9
1,4301022,1,,9,1800.00000,0.00000,0.00000,2008-06-11,0.00000,1,9,1_4301022,1_4301022_9
1,4301059,1,,9,0.00000,0.00000,0.00000,2006-05-05,0.00000,1,9,1_4301059,1_4301059_9
1,4300839,1,,9,0.00000,0.00000,0.00000,2001-06-20,0.00000,1,9,1_4300839,1_4300839_9
1,4301825,1,,9,2999.00000,0.00000,0.00000,2019-02-07,0.00000,1,9,1_4301825,1_4301825_9
1,4300115,1,,9,0.00000,0.00000,0.00000,2007-09-06,0.00000,1,9,1_4300115,1_4300115_9
1,4300091,1,,9,0.00000,0.00000,0.00000,2005-03-16,0.00000,1,9,1_4300091,1_4300091_9
1,4301530,1,,9,0.00000,0.00000,0.00000,2006-02-20,0.00000,1,9,1_4301530,1_4301530_9
1,4300937,1,,9,0.00000,0.00000,0.00000,2008-07-30,0.00000,1,9,1_4300937,1_4300937_9
1,4300040,1,,9,0.00000,0.00000,0.00000,2006-09-29,0.00000,1,9,1_4300040,1_4300040_9
1,4301862,1,,9,2999.00000,0.00000,0.00000,2023-02-16,0.00000,1,9,1_4301862,1_4301862_9
1,4301007,1,,9,3000.00000,0.00000,0.00000,2022-11-18,0.00000,1,9,1_4301007,1_4301007_9
1,4301366,1,,9,2999.00000,0.00000,0.00000,2015-09-16,0.00000,1,9,1_4301366,1_4301366_9
1,4301793,1,,9,2999.00000,0.00000,0.00000,2018-05-24,0.00000,1,9,1_4301793,1_4301793_9
1,4301787,1,,9,2999.00000,0.00000,0.00000,2018-07-04,0.00000,1,9,1_4301787,1_4301787_9
1,4301770,1,,9,2999.00000,0.00000,0.00000,2016-02-03,0.00000,1,9,1_4301770,1_4301770_9
1,4301802,1,,9,2999.00000,0.00000,0.00000,2019-05-08,0.00000,1,9,1_4301802,1_4301802_9
1,4301006,1,,9,2999.00000,0.00000,0.00000,2022-06-13,0.00000,1,9,1_4301006,1_4301006_9
1,4300787,1,,9,2999.00000,0.00000,0.00000,2017-10-20,0.00000,1,9,1_4300787,1_4300787_9
1,4301765,1,,9,2999.00000,0.00000,0.00000,2016-12-01,0.00000,1,9,1_4301765,1_4301765_9
1,4301667,1,,9,2999.00000,0.00000,0.00000,2012-01-16,0.00000,1,9,1_4301667,1_4301667_9
1,4301814,1,,9,2999.00000,0.00000,0.00000,2022-03-24,0.00000,1,9,1_4301814,1_4301814_9
1,4301723,1,,9,0.00000,0.00000,519.09000,2024-03-06,0.00000,1,9,1_4301723,1_4301723_9
1,4301203,1,,9,2999.00000,0.00000,0.00000,2015-01-29,0.00000,1,9,1_4301203,1_4301203_9
1,4301780,1,,9,2999.00000,0.00000,0.00000,2016-10-19,0.00000,1,9,1_4301780,1_4301780_9
1,4301813,1,,9,2999.00000,0.00000,0.00000,2018-04-12,0.00000,1,9,1_4301813,1_4301813_9
1,4301777,1,,9,2999.00000,0.00000,0.00000,2016-05-25,0.00000,1,9,1_4301777,1_4301777_9
1,4301807,1,,9,2999.00000,0.00000,0.00000,2024-02-05,0.00000,1,9,1_4301807,1_4301807_9
1,4301760,1,,9,2999.00000,0.00000,0.00000,2015-09-09,0.00000,1,9,1_4301760,1_4301760_9
1,4301823,1,,9,2999.00000,0.00000,0.00000,2019-02-01,0.00000,1,9,1_4301823,1_4301823_9
1,4301522,1,,9,2999.00000,230.51000,0.00000,2024-05-27,0.00000,1,9,1_4301522,1_4301522_9
1,4301693,1,,9,1800.00000,0.00000,0.00000,2012-06-19,0.00000,1,9,1_4301693,1_4301693_9
1,4301283,1,,9,0.00000,0.00000,0.00000,1999-06-08,0.00000,1,9,1_4301283,1_4301283_9
1,4301405,1,,9,0.00000,0.00000,0.00000,2001-07-05,0.00000,1,9,1_4301405,1_4301405_9
1,4301456,1,,9,1800.00000,0.00000,0.00000,2009-04-21,0.00000,1,9,1_4301456,1_4301456_9
1,4300076,1,,9,1800.00000,0.00000,0.00000,2022-11-07,0.00000,1,9,1_4300076,1_4300076_9
1,4300983,1,,9,0.00000,0.00000,0.00000,2004-04-02,0.00000,1,9,1_4300983,1_4300983_9
1,4301106,1,,9,2999.00000,0.00000,0.00000,2022-11-10,0.00000,1,9,1_4301106,1_4301106_9
1,4301231,1,,9,0.00000,0.00000,0.00000,1998-01-30,0.00000,1,9,1_4301231,1_4301231_9
1,4301155,1,,9,0.00000,0.00000,0.00000,1996-11-14,0.00000,1,9,1_4301155,1_4301155_9
1,4301642,1,,9,1800.00000,0.00000,0.00000,2014-12-16,0.00000,1,9,1_4301642,1_4301642_9
1,4301204,1,,9,0.00000,0.00000,0.00000,1998-11-13,0.00000,1,9,1_4301204,1_4301204_9
1,4301060,1,,9,0.00000,0.00000,0.00000,2004-07-26,0.00000,1,9,1_4301060,1_4301060_9
1,4301719,1,,9,1800.00000,0.00000,0.00000,2013-12-05,0.00000,1,9,1_4301719,1_4301719_9
1,4301372,1,,9,0.00000,0.00000,0.00000,2000-10-16,0.00000,1,9,1_4301372,1_4301372_9
1,4301597,1,,9,0.00000,0.00000,0.00000,2008-05-30,0.00000,1,9,1_4301597,1_4301597_9
1,4300659,1,,9,0.00000,0.00000,0.00000,2004-09-30,0.00000,1,9,1_4300659,1_4300659_9
1,4309999,1,,9,0.00000,0.00000,0.00000,2018-02-07,0.00000,1,9,1_4309999,1_4309999_9
1,4301317,1,,9,0.00000,0.00000,0.00000,2002-10-10,0.00000,1,9,1_4301317,1_4301317_9
1,4300995,1,,9,1800.00000,0.00000,0.00000,2015-04-16,0.00000,1,9,1_4300995,1_4300995_9
1,4301245,1,,9,0.00000,0.00000,0.00000,2000-05-26,0.00000,1,9,1_4301245,1_4301245_9
1,4301607,1,,9,1800.00000,0.00000,0.00000,2008-04-17,0.00000,1,9,1_4301607,1_4301607_9
1,4301270,1,,9,1800.00000,0.00000,0.00000,2021-10-20,0.00000,1,9,1_4301270,1_4301270_9
1,4300964,1,,9,0.00000,0.00000,0.00000,2003-11-24,0.00000,1,9,1_4300964,1_4300964_9
1,4301156,1,,9,0.00000,0.00000,0.00000,1998-02-18,0.00000,1,9,1_4301156,1_4301156_9
1,4301386,1,,9,0.00000,0.00000,0.00000,2003-02-13,0.00000,1,9,1_4301386,1_4301386_9
1,4300651,1,,9,0.00000,0.00000,0.00000,1996-06-20,0.00000,1,9,1_4300651,1_4300651_9
1,4301599,1,,9,1800.00000,0.00000,0.00000,2008-02-04,0.00000,1,9,1_4301599,1_4301599_9
1,4300590,1,,9,0.00000,0.00000,0.00000,1999-10-19,0.00000,1,9,1_4300590,1_4300590_9
1,4301136,1,,9,0.00000,0.00000,0.00000,1997-12-12,0.00000,1,9,1_4301136,1_4301136_9
1,4301038,1,,9,0.00000,0.00000,0.00000,1996-01-17,0.00000,1,9,1_4301038,1_4301038_9
1,4301294,1,,9,0.00000,0.00000,0.00000,1999-11-08,0.00000,1,9,1_4301294,1_4301294_9
1,4301272,1,,9,1800.00000,0.00000,0.00000,2021-11-23,0.00000,1,9,1_4301272,1_4301272_9
1,4301246,1,,9,0.00000,0.00000,0.00000,1998-07-08,0.00000,1,9,1_4301246,1_4301246_9
1,4300305,1,,9,0.00000,0.00000,0.00000,2002-10-23,0.00000,1,9,1_4300305,1_4300305_9
1,4301694,1,,9,1800.00000,0.00000,0.00000,2017-03-08,0.00000,1,9,1_4301694,1_4301694_9
1,4301756,1,,9,2999.00000,0.00000,0.00000,2016-05-05,0.00000,1,9,1_4301756,1_4301756_9
1,4301549,1,,9,0.00000,0.00000,0.00000,2007-06-26,0.00000,1,9,1_4301549,1_4301549_9
1,4301835,1,,9,2999.00000,0.00000,0.00000,2020-03-19,0.00000,1,9,1_4301835,1_4301835_9
1,4301141,1,,9,1800.00000,0.00000,0.00000,2010-10-25,0.00000,1,9,1_4301141,1_4301141_9
1,4301279,1,,9,0.00000,0.00000,0.00000,2000-02-23,0.00000,1,9,1_4301279,1_4301279_9
1,4301152,1,,9,0.00000,0.00000,0.00000,2003-04-08,0.00000,1,9,1_4301152,1_4301152_9
1,4300587,1,,9,0.00000,0.00000,0.00000,2004-02-03,0.00000,1,9,1_4300587,1_4300587_9
1,4301464,1,,9,0.00000,0.00000,0.00000,2003-06-05,0.00000,1,9,1_4301464,1_4301464_9
1,4300769,1,,9,0.00000,0.00000,0.00000,2007-01-09,0.00000,1,9,1_4300769,1_4300769_9
1,4300978,1,,9,6000.00000,0.00000,0.00000,2023-08-28,0.00000,1,9,1_4300978,1_4300978_9
1,4300947,1,,9,0.00000,0.00000,0.00000,1996-10-21,0.00000,1,9,1_4300947,1_4300947_9
1,4301121,1,,9,0.00000,0.00000,0.00000,1997-02-21,0.00000,1,9,1_4301121,1_4301121_9
1,4301808,1,,9,0.00000,0.00000,0.00000,2018-10-22,0.00000,1,9,1_4301808,1_4301808_9
1,4301566,1,,9,0.00000,0.00000,0.00000,2007-02-28,0.00000,1,9,1_4301566,1_4301566_9
1,4301067,1,,9,0.00000,0.00000,0.00000,2003-07-31,0.00000,1,9,1_4301067,1_4301067_9
1,4301289,1,,9,0.00000,0.00000,0.00000,2001-10-23,0.00000,1,9,1_4301289,1_4301289_9
1,4300929,1,,9,1800.00000,0.00000,0.00000,2018-10-08,0.00000,1,9,1_4300929,1_4300929_9
1,4301632,1,,9,0.00000,0.00000,0.00000,2012-11-29,0.00000,1,9,1_4301632,1_4301632_9
1,4301620,1,,9,1800.00000,0.00000,0.00000,2008-11-19,0.00000,1,9,1_4301620,1_4301620_9
1,4301174,1,,9,0.00000,0.00000,0.00000,1997-04-17,0.00000,1,9,1_4301174,1_4301174_9
1,4301415,1,,9,0.00000,0.00000,0.00000,2006-10-31,0.00000,1,9,1_4301415,1_4301415_9
1,4301608,1,,9,1800.00000,0.00000,0.00000,2008-06-25,0.00000,1,9,1_4301608,1_4301608_9
1,4300099,1,,9,0.00000,0.00000,0.00000,2005-03-30,0.00000,1,9,1_4300099,1_4300099_9
1,4301099,1,,9,0.00000,0.00000,0.00000,1997-03-04,0.00000,1,9,1_4301099,1_4301099_9
1,4301306,1,,9,0.00000,0.00000,0.00000,2003-06-04,0.00000,1,9,1_4301306,1_4301306_9
1,4300809,1,,9,0.00000,0.00000,0.00000,2003-05-06,0.00000,1,9,1_4300809,1_4300809_9
1,4300065,1,,9,0.00000,0.00000,0.00000,1996-01-11,0.00000,1,9,1_4300065,1_4300065_9
1,4301242,1,,9,0.00000,0.00000,0.00000,1999-11-10,0.00000,1,9,1_4301242,1_4301242_9
1,4300643,1,,9,0.00000,0.00000,0.00000,2007-09-12,0.00000,1,9,1_4300643,1_4300643_9
1,4301393,1,,9,1800.00000,0.00000,0.00000,2013-12-12,0.00000,1,9,1_4301393,1_4301393_9
1,4301600,1,,9,0.00000,0.00000,0.00000,2009-04-30,0.00000,1,9,1_4301600,1_4301600_9
1,4301477,1,,9,3000.00000,0.00000,0.00000,2023-02-09,0.00000,1,9,1_4301477,1_4301477_9
1,4301396,1,,9,0.00000,0.00000,0.00000,2001-10-22,0.00000,1,9,1_4301396,1_4301396_9
1,4301436,1,,9,1800.00000,0.00000,0.00000,2011-07-14,0.00000,1,9,1_4301436,1_4301436_9
1,4301307,1,,9,1800.00000,0.00000,0.00000,2014-01-09,0.00000,1,9,1_4301307,1_4301307_9
1,4301085,1,,9,0.00000,0.00000,0.00000,1999-06-08,0.00000,1,9,1_4301085,1_4301085_9
1,4301101,1,,9,0.00000,0.00000,0.00000,1996-05-31,0.00000,1,9,1_4301101,1_4301101_9
1,4301542,1,,9,0.00000,0.00000,0.00000,2007-07-12,0.00000,1,9,1_4301542,1_4301542_9
1,4301576,1,,9,0.00000,0.00000,0.00000,2007-05-29,0.00000,1,9,1_4301576,1_4301576_9
1,4301234,1,,9,3000.00000,0.00000,0.00000,2018-07-12,0.00000,1,9,1_4301234,1_4301234_9
1,4301852,1,,9,2999.00000,0.00000,0.00000,2021-04-20,0.00000,1,9,1_4301852,1_4301852_9
1,4301674,1,,9,1800.00000,0.00000,0.00000,2011-02-24,0.00000,1,9,1_4301674,1_4301674_9
1,4301639,1,,9,1800.00000,0.00000,0.00000,2009-10-21,0.00000,1,9,1_4301639,1_4301639_9
1,4301229,1,,9,0.00000,0.00000,0.00000,1998-01-29,0.00000,1,9,1_4301229,1_4301229_9
1,4300906,1,,9,0.00000,0.00000,0.00000,1996-01-16,0.00000,1,9,1_4300906,1_4300906_9
1,4301098,1,,9,0.00000,0.00000,0.00000,1998-11-11,0.00000,1,9,1_4301098,1_4301098_9
1,4300553,1,,9,0.00000,0.00000,0.00000,2000-01-01,0.00000,1,9,1_4300553,1_4300553_9
1,4301309,1,,9,1800.00000,0.00000,0.00000,2023-10-23,0.00000,1,9,1_4301309,1_4301309_9
1,4301614,1,,9,1800.00000,0.00000,0.00000,2008-07-28,0.00000,1,9,1_4301614,1_4301614_9
1,4301868,1,,9,0.00000,0.00000,0.00000,2023-05-17,0.00000,1,9,1_4301868,1_4301868_9
1,4301665,1,,9,0.00000,0.00000,0.00000,2010-10-14,0.00000,1,9,1_4301665,1_4301665_9
1,4301311,1,,9,0.00000,0.00000,673.47000,2008-02-28,0.00000,1,9,1_4301311,1_4301311_9
1,4300101,1,,9,2999.00000,0.00000,0.00000,2017-12-18,0.00000,1,9,1_4300101,1_4300101_9
1,4301827,1,,9,0.00000,0.00000,0.00000,2024-05-20,0.00000,1,9,1_4301827,1_4301827_9
1,4300210,1,,9,2999.00000,0.00000,0.00000,2023-03-03,0.00000,1,9,1_4300210,1_4300210_9
1,4301518,1,,9,2999.00000,0.00000,0.00000,2024-04-25,0.00000,1,9,1_4301518,1_4301518_9
1,4301789,1,,9,12000.00000,0.00000,1548.12000,2024-07-10,0.00000,1,9,1_4301789,1_4301789_9
1,4301869,1,,9,2999.00000,0.00000,0.00000,2023-06-15,0.00000,1,9,1_4301869,1_4301869_9
1,4301771,1,,9,2999.00000,0.00000,0.00000,2016-05-10,0.00000,1,9,1_4301771,1_4301771_9
1,4301858,1,,9,2999.00000,0.00000,0.00000,2023-05-02,0.00000,1,9,1_4301858,1_4301858_9
1,4301844,1,,9,2999.00000,185.86000,0.00000,2024-06-11,0.00000,1,9,1_4301844,1_4301844_9
1,4301803,1,,9,2999.00000,0.00000,0.00000,2018-03-08,0.00000,1,9,1_4301803,1_4301803_9
1,4300592,1,,9,2999.00000,0.00000,0.00000,2022-10-13,0.00000,1,9,1_4300592,1_4300592_9
1,4301594,1,,9,2999.00000,0.00000,0.00000,2024-02-12,0.00000,1,9,1_4301594,1_4301594_9
1,4301804,1,,9,0.00000,0.00000,0.00000,2024-06-06,0.00000,1,9,1_4301804,1_4301804_9
1,4300331,1,,9,1800.00000,0.00000,0.00000,2024-04-15,0.00000,1,9,1_4300331,1_4300331_9
1,4300768,1,,9,2999.00000,0.00000,112.53000,2024-07-04,0.00000,1,9,1_4300768,1_4300768_9
1,4301854,1,,9,6000.00000,0.00000,2505.30000,2024-07-01,0.00000,1,9,1_4301854,1_4301854_9
1,4301123,1,,9,0.00000,0.00000,0.00000,1996-02-15,0.00000,1,9,1_4301123,1_4301123_9
1,4301137,1,,9,0.00000,0.00000,0.00000,1997-06-30,0.00000,1,9,1_4301137,1_4301137_9
1,4301545,1,,9,0.00000,0.00000,0.00000,2006-07-12,0.00000,1,9,1_4301545,1_4301545_9
1,4300596,1,,9,3000.00000,0.00000,0.00000,2022-06-16,0.00000,1,9,1_4300596,1_4300596_9
1,4301324,1,,9,0.00000,0.00000,0.00000,2019-09-23,0.00000,1,9,1_4301324,1_4301324_9
1,4300752,1,,9,0.00000,0.00000,0.00000,1996-05-13,0.00000,1,9,1_4300752,1_4300752_9
1,4301515,1,,9,0.00000,0.00000,0.00000,2005-05-04,0.00000,1,9,1_4301515,1_4301515_9
1,4301367,1,,9,0.00000,0.00000,0.00000,2001-11-16,0.00000,1,9,1_4301367,1_4301367_9
1,4300790,1,,9,0.00000,0.00000,0.00000,2006-02-09,0.00000,1,9,1_4300790,1_4300790_9
1,4300797,1,,9,0.00000,0.00000,0.00000,2010-12-27,0.00000,1,9,1_4300797,1_4300797_9
1,4301202,1,,9,1800.00000,0.00000,0.00000,2016-07-27,0.00000,1,9,1_4301202,1_4301202_9
1,4301172,1,,9,0.00000,0.00000,0.00000,2003-07-01,0.00000,1,9,1_4301172,1_4301172_9
1,4300675,1,,9,0.00000,0.00000,0.00000,2006-01-01,0.00000,1,9,1_4300675,1_4300675_9
1,4300172,1,,9,0.00000,0.00000,37.57000,2012-09-13,0.00000,1,9,1_4300172,1_4300172_9
1,4300723,1,,9,0.00000,0.00000,0.00000,2013-11-18,0.00000,1,9,1_4300723,1_4300723_9
1,4300116,1,,9,0.00000,0.00000,0.00000,1995-12-18,0.00000,1,9,1_4300116,1_4300116_9
1,4300725,1,,9,0.00000,0.00000,0.00000,2005-06-28,0.00000,1,9,1_4300725,1_4300725_9
1,4301532,1,,9,0.00000,0.00000,0.00000,2006-03-10,0.00000,1,9,1_4301532,1_4301532_9
1,4301159,1,,9,0.00000,0.00000,0.00000,1999-05-12,0.00000,1,9,1_4301159,1_4301159_9
1,4301513,1,,9,0.00000,0.00000,0.00000,2005-05-19,0.00000,1,9,1_4301513,1_4301513_9
1,4301269,1,,9,0.00000,0.00000,0.00000,2000-10-26,0.00000,1,9,1_4301269,1_4301269_9
1,4301843,1,,9,0.00000,0.00000,0.00000,2020-09-28,0.00000,1,9,1_4301843,1_4301843_9
1,4300106,1,,9,0.00000,0.00000,0.00000,2006-03-27,0.00000,1,9,1_4300106,1_4300106_9
1,4301395,1,,9,0.00000,0.00000,0.00000,2022-10-03,0.00000,1,9,1_4301395,1_4301395_9
1,4301402,1,,9,1800.00000,0.00000,0.00000,2008-09-30,0.00000,1,9,1_4301402,1_4301402_9
1,4301182,1,,9,0.00000,0.00000,0.00000,1997-06-05,0.00000,1,9,1_4301182,1_4301182_9
1,4300703,1,,9,2999.00000,0.00000,0.00000,2020-10-29,0.00000,1,9,1_4300703,1_4300703_9
1,4300989,1,,9,2999.00000,0.00000,0.00000,2024-03-18,0.00000,1,9,1_4300989,1_4300989_9
1,4301241,1,,9,0.00000,0.00000,0.00000,2006-04-07,0.00000,1,9,1_4301241,1_4301241_9
1,4301769,1,,9,2999.00000,0.00000,0.00000,2017-04-25,0.00000,1,9,1_4301769,1_4301769_9
1,4301260,1,,9,0.00000,0.00000,0.00000,2001-02-01,0.00000,1,9,1_4301260,1_4301260_9
1,4300887,1,,9,0.00000,0.00000,0.00000,2007-03-22,0.00000,1,9,1_4300887,1_4300887_9
1,4301278,1,,9,0.00000,0.00000,0.00000,1999-11-01,0.00000,1,9,1_4301278,1_4301278_9
1,4301199,1,,9,0.00000,0.00000,0.00000,1997-09-01,0.00000,1,9,1_4301199,1_4301199_9
1,4301193,1,,9,0.00000,0.00000,0.00000,1997-10-02,0.00000,1,9,1_4301193,1_4301193_9
1,4301323,1,,9,0.00000,0.00000,0.00000,2010-01-05,0.00000,1,9,1_4301323,1_4301323_9
1,4300928,1,,9,0.00000,0.00000,0.00000,2003-02-17,0.00000,1,9,1_4300928,1_4300928_9
1,4301194,1,,9,0.00000,0.00000,0.00000,1999-06-09,0.00000,1,9,1_4301194,1_4301194_9
1,4301582,1,,9,2999.00000,0.00000,0.00000,2023-01-02,0.00000,1,9,1_4301582,1_4301582_9
1,4300006,1,,9,0.00000,0.00000,0.00000,2015-03-17,0.00000,1,9,1_4300006,1_4300006_9
1,4301125,1,,9,0.00000,0.00000,0.00000,2004-07-16,0.00000,1,9,1_4301125,1_4301125_9
1,4301089,1,,9,0.00000,0.00000,0.00000,2007-09-05,0.00000,1,9,1_4301089,1_4301089_9
1,4300849,1,,9,1800.00000,0.00000,0.00000,2008-01-01,0.00000,1,9,1_4300849,1_4300849_9
1,4301258,1,,9,0.00000,0.00000,0.00000,2003-03-04,0.00000,1,9,1_4301258,1_4301258_9
1,4301584,1,,9,0.00000,0.00000,0.00000,2007-07-16,0.00000,1,9,1_4301584,1_4301584_9
1,4301292,1,,9,0.00000,0.00000,0.00000,2000-02-09,0.00000,1,9,1_4301292,1_4301292_9
1,4300987,1,,9,0.00000,0.00000,0.00000,1999-11-11,0.00000,1,9,1_4300987,1_4300987_9
1,4301592,1,,9,1800.00000,0.00000,0.00000,2008-02-12,0.00000,1,9,1_4301592,1_4301592_9
1,4301534,1,,9,0.00000,0.00000,0.00000,2006-03-14,0.00000,1,9,1_4301534,1_4301534_9
1,4300212,1,,9,0.00000,0.00000,0.00000,2009-02-20,0.00000,1,9,1_4300212,1_4300212_9
1,4300655,1,,9,0.00000,0.00000,0.00000,2011-10-17,0.00000,1,9,1_4300655,1_4300655_9
1,4301254,1,,9,0.00000,0.00000,0.00000,2005-03-04,0.00000,1,9,1_4301254,1_4301254_9
1,4301094,1,,9,0.00000,0.00000,0.00000,2004-04-02,0.00000,1,9,1_4301094,1_4301094_9
1,4302052,1,,9,0.00000,0.00000,0.00000,2004-06-28,0.00000,1,9,1_4302052,1_4302052_9
1,4301296,1,,9,0.00000,0.00000,0.00000,2019-06-27,0.00000,1,9,1_4301296,1_4301296_9
1,4300678,1,,9,2999.00000,0.00000,0.00000,2020-11-03,0.00000,1,9,1_4300678,1_4300678_9
1,4301227,1,,9,0.00000,0.00000,0.00000,1997-12-22,0.00000,1,9,1_4301227,1_4301227_9
1,4301623,1,,9,1800.00000,0.00000,0.00000,2009-01-09,0.00000,1,9,1_4301623,1_4301623_9
1,4301735,1,,9,1800.00000,0.00000,0.00000,2015-01-29,0.00000,1,9,1_4301735,1_4301735_9
1,4300670,1,,9,1800.00000,0.00000,0.00000,2011-11-28,0.00000,1,9,1_4300670,1_4300670_9
1,4301687,1,,9,0.00000,0.00000,0.00000,2011-10-26,0.00000,1,9,1_4301687,1_4301687_9
1,4301127,1,,9,1800.00000,0.00000,0.00000,2008-04-30,0.00000,1,9,1_4301127,1_4301127_9
1,4300951,1,,9,1800.00000,0.00000,0.00000,2008-12-18,0.00000,1,9,1_4300951,1_4300951_9
1,4301631,1,,9,1800.00000,0.00000,0.00000,2009-05-28,0.00000,1,9,1_4301631,1_4301631_9
1,4300339,1,,9,0.00000,0.00000,0.00000,2002-09-09,0.00000,1,9,1_4300339,1_4300339_9
1,4301818,1,,9,2999.00000,0.00000,0.00000,2018-10-30,0.00000,1,9,1_4301818,1_4301818_9
1,4300856,1,,9,0.00000,0.00000,0.00000,1998-04-01,0.00000,1,9,1_4300856,1_4300856_9
1,4301442,1,,9,1800.00000,0.00000,0.00000,2009-07-15,0.00000,1,9,1_4301442,1_4301442_9
1,4301364,1,,9,0.00000,0.00000,0.00000,2011-06-16,0.00000,1,9,1_4301364,1_4301364_9
1,4301817,1,,9,2999.00000,0.00000,0.00000,2023-08-28,0.00000,1,9,1_4301817,1_4301817_9
1,4301615,1,,9,1800.00000,0.00000,0.00000,2008-09-25,0.00000,1,9,1_4301615,1_4301615_9
1,4300100,1,,9,0.00000,0.00000,0.00000,1996-10-29,0.00000,1,9,1_4300100,1_4300100_9
1,4301114,1,,9,0.00000,0.00000,0.00000,2000-10-16,0.00000,1,9,1_4301114,1_4301114_9
1,4300292,1,,9,1800.00000,0.00000,0.00000,2016-03-01,0.00000,1,9,1_4300292,1_4300292_9
1,4301517,1,,9,1800.00000,0.00000,0.00000,2011-05-05,0.00000,1,9,1_4301517,1_4301517_9
1,4301501,1,,9,0.00000,0.00000,0.00000,2005-03-11,0.00000,1,9,1_4301501,1_4301501_9
1,4301611,1,,9,1800.00000,0.00000,0.00000,2017-09-20,0.00000,1,9,1_4301611,1_4301611_9
1,4301685,1,,9,1800.00000,0.00000,0.00000,2011-10-10,0.00000,1,9,1_4301685,1_4301685_9
1,4300473,1,,9,0.00000,0.00000,0.00000,1999-10-01,0.00000,1,9,1_4300473,1_4300473_9
1,4301721,1,,9,1800.00000,0.00000,0.00000,2013-11-28,0.00000,1,9,1_4301721,1_4301721_9
1,4301821,1,,9,2999.00000,0.00000,0.00000,2020-04-24,0.00000,1,9,1_4301821,1_4301821_9
1,4300062,1,,9,0.00000,0.00000,0.00000,2004-05-17,0.00000,1,9,1_4300062,1_4300062_9
1,4301266,1,,9,0.00000,0.00000,0.00000,1999-01-22,0.00000,1,9,1_4301266,1_4301266_9
1,4301579,1,,9,1800.00000,0.00000,0.00000,2022-12-12,0.00000,1,9,1_4301579,1_4301579_9
1,4301288,1,,9,0.00000,0.00000,0.00000,2005-12-19,0.00000,1,9,1_4301288,1_4301288_9
1,4301093,1,,9,0.00000,0.00000,0.00000,2000-03-27,0.00000,1,9,1_4301093,1_4301093_9
1,4301571,1,,9,0.00000,0.00000,0.00000,2007-05-22,0.00000,1,9,1_4301571,1_4301571_9
1,4301008,1,,9,0.00000,0.00000,0.00000,2001-04-27,0.00000,1,9,1_4301008,1_4301008_9
1,4301185,1,,9,0.00000,0.00000,4320.45000,2008-11-06,0.00000,1,9,1_4301185,1_4301185_9
1,4302037,1,,9,1800.00000,0.00000,0.00000,2020-06-09,0.00000,1,9,1_4302037,1_4302037_9
1,4300297,1,,9,0.00000,0.00000,0.00000,2006-09-19,0.00000,1,9,1_4300297,1_4300297_9
1,4301732,1,,9,1800.00000,0.00000,0.00000,2015-02-02,0.00000,1,9,1_4301732,1_4301732_9
1,4301604,1,,9,1800.00000,0.00000,0.00000,2008-02-27,0.00000,1,9,1_4301604,1_4301604_9
1,4300063,1,,9,0.00000,0.00000,0.00000,2002-11-26,0.00000,1,9,1_4300063,1_4300063_9
1,4301538,1,,9,1800.00000,0.00000,0.00000,2008-07-18,0.00000,1,9,1_4301538,1_4301538_9
1,4301710,1,,9,0.00000,0.00000,0.00000,2014-07-29,0.00000,1,9,1_4301710,1_4301710_9
1,4301716,1,,9,1800.00000,0.00000,0.00000,2013-07-22,0.00000,1,9,1_4301716,1_4301716_9
1,4301448,1,,9,0.00000,0.00000,0.00000,2003-03-19,0.00000,1,9,1_4301448,1_4301448_9
1,4301484,1,,9,0.00000,0.00000,0.00000,2004-04-13,0.00000,1,9,1_4301484,1_4301484_9
1,4301097,1,,9,2999.00000,0.00000,0.00000,2019-05-06,0.00000,1,9,1_4301097,1_4301097_9
1,4300493,1,,9,0.00000,0.00000,0.00000,2019-10-09,0.00000,1,9,1_4300493,1_4300493_9
1,4301761,1,,9,2999.00000,0.00000,0.00000,2017-04-27,0.00000,1,9,1_4301761,1_4301761_9
1,4301158,1,,9,0.00000,0.00000,0.00000,2024-03-12,0.00000,1,9,1_4301158,1_4301158_9
1,4300225,1,,9,0.00000,154.20000,0.00000,2024-07-08,0.00000,1,9,1_4300225,1_4300225_9
1,4301718,1,,9,1800.00000,0.00000,0.00000,2024-02-26,0.00000,1,9,1_4301718,1_4301718_9
1,4301360,1,,9,0.00000,0.00000,0.00000,2001-04-17,0.00000,1,9,1_4301360,1_4301360_9
1,4300580,1,,9,0.00000,0.00000,0.00000,2004-06-22,0.00000,1,9,1_4300580,1_4300580_9
1,4300260,1,,9,0.00000,0.00000,0.00000,1998-04-16,0.00000,1,9,1_4300260,1_4300260_9
1,4300047,1,,9,0.00000,0.00000,0.00000,1998-11-18,0.00000,1,9,1_4300047,1_4300047_9
1,4301287,1,,9,0.00000,0.00000,0.00000,1999-10-29,0.00000,1,9,1_4301287,1_4301287_9
1,4301475,1,,9,1800.00000,0.00000,0.00000,2008-12-19,0.00000,1,9,1_4301475,1_4301475_9
1,4301208,1,,9,0.00000,0.00000,0.00000,2006-11-02,0.00000,1,9,1_4301208,1_4301208_9
1,4301047,1,,9,3000.00000,0.00000,0.00000,2022-03-16,0.00000,1,9,1_4301047,1_4301047_9
1,4301679,1,,9,0.00000,0.00000,0.00000,2011-05-31,0.00000,1,9,1_4301679,1_4301679_9
1,4301664,1,,9,0.00000,0.00000,0.00000,2010-10-01,0.00000,1,9,1_4301664,1_4301664_9
1,4300379,1,,9,0.00000,0.00000,0.00000,2012-03-09,0.00000,1,9,1_4300379,1_4300379_9
1,4301519,1,,9,1800.00000,0.00000,0.00000,2009-10-09,0.00000,1,9,1_4301519,1_4301519_9
1,4301251,1,,9,0.00000,0.00000,0.00000,1998-09-22,0.00000,1,9,1_4301251,1_4301251_9
1,4300294,1,,9,0.00000,0.00000,0.00000,2002-06-13,0.00000,1,9,1_4300294,1_4300294_9
1,4301472,1,,9,0.00000,0.00000,0.00000,2004-12-30,0.00000,1,9,1_4301472,1_4301472_9
1,4301265,1,,9,0.00000,0.00000,0.00000,1999-03-15,0.00000,1,9,1_4301265,1_4301265_9
1,4300016,1,,9,2999.00000,0.00000,150.16000,2024-06-13,0.00000,1,9,1_4300016,1_4300016_9
1,4300571,1,,9,0.00000,0.00000,0.00000,2005-05-26,0.00000,1,9,1_4300571,1_4300571_9
1,4301449,1,,9,0.00000,0.00000,0.00000,2003-03-18,0.00000,1,9,1_4301449,1_4301449_9
1,4301497,1,,9,0.00000,0.00000,0.00000,2006-04-04,0.00000,1,9,1_4301497,1_4301497_9
1,4301485,1,,9,0.00000,0.00000,0.00000,2004-03-26,0.00000,1,9,1_4301485,1_4301485_9
1,4300694,1,,9,0.00000,0.00000,0.00000,1998-09-15,0.00000,1,9,1_4300694,1_4300694_9
1,4301703,1,,9,1800.00000,0.00000,0.00000,2023-01-04,0.00000,1,9,1_4301703,1_4301703_9
1,4301148,1,,9,1800.00000,0.00000,0.00000,2011-04-01,0.00000,1,9,1_4301148,1_4301148_9
1,4301855,1,,9,2999.00000,0.00000,0.00000,2021-11-09,0.00000,1,9,1_4301855,1_4301855_9
1,4301564,1,,9,1800.00000,0.00000,0.00000,2010-09-27,0.00000,1,9,1_4301564,1_4301564_9
1,4300117,1,,9,0.00000,0.00000,0.00000,2000-12-20,0.00000,1,9,1_4300117,1_4300117_9
1,4301109,1,,9,0.00000,0.00000,0.00000,2001-03-01,0.00000,1,9,1_4301109,1_4301109_9
1,4301392,1,,9,0.00000,0.00000,0.00000,2003-06-05,0.00000,1,9,1_4301392,1_4301392_9
1,4301195,1,,9,0.00000,0.00000,0.00000,1997-09-18,0.00000,1,9,1_4301195,1_4301195_9
1,4301160,1,,9,0.00000,0.00000,0.00000,1997-01-22,0.00000,1,9,1_4301160,1_4301160_9
1,4301512,1,,9,0.00000,0.00000,0.00000,2014-10-30,0.00000,1,9,1_4301512,1_4301512_9
1,4300616,1,,9,1800.00000,0.00000,0.00000,2012-04-03,0.00000,1,9,1_4300616,1_4300616_9
1,4301299,1,,9,0.00000,0.00000,0.00000,1999-11-29,0.00000,1,9,1_4301299,1_4301299_9
1,4301709,1,,9,1800.00000,0.00000,0.00000,2022-09-27,0.00000,1,9,1_4301709,1_4301709_9
1,4301124,1,,9,0.00000,0.00000,0.00000,2005-09-08,0.00000,1,9,1_4301124,1_4301124_9
1,4301536,1,,9,0.00000,0.00000,0.00000,2006-03-23,0.00000,1,9,1_4301536,1_4301536_9
1,4301280,1,,9,0.00000,0.00000,0.00000,2000-09-29,0.00000,1,9,1_4301280,1_4301280_9
1,4301816,1,,9,2999.00000,0.00000,0.00000,2023-02-13,0.00000,1,9,1_4301816,1_4301816_9
1,4301187,1,,9,0.00000,0.00000,0.00000,1997-09-26,0.00000,1,9,1_4301187,1_4301187_9
1,4301316,1,,9,0.00000,0.00000,0.00000,2000-08-02,0.00000,1,9,1_4301316,1_4301316_9
1,4300401,1,,9,0.00000,0.00000,0.00000,2011-10-18,0.00000,1,9,1_4300401,1_4300401_9
1,4301581,1,,9,1800.00000,0.00000,0.00000,2009-03-13,0.00000,1,9,1_4301581,1_4301581_9
1,4300981,1,,9,500.00000,0.00000,0.00000,2018-10-22,0.00000,1,9,1_4300981,1_4300981_9
1,4301598,1,,9,1800.00000,0.00000,0.00000,2008-01-18,0.00000,1,9,1_4301598,1_4301598_9
1,4301400,1,,9,0.00000,0.00000,0.00000,2001-05-18,0.00000,1,9,1_4301400,1_4301400_9
1,4301126,1,,9,0.00000,0.00000,0.00000,2003-05-13,0.00000,1,9,1_4301126,1_4301126_9
1,4301128,1,,9,0.00000,0.00000,0.00000,2005-05-06,0.00000,1,9,1_4301128,1_4301128_9
1,4300351,1,,9,0.00000,0.00000,0.00000,2000-02-09,0.00000,1,9,1_4300351,1_4300351_9
1,4301784,1,,9,2999.00000,0.00000,0.00000,2023-05-11,0.00000,1,9,1_4301784,1_4301784_9
1,4301570,1,,9,0.00000,0.00000,0.00000,2007-11-22,0.00000,1,9,1_4301570,1_4301570_9
1,4301521,1,,9,1800.00000,0.00000,0.00000,2016-07-26,0.00000,1,9,1_4301521,1_4301521_9
1,4301249,1,,9,0.00000,0.00000,0.00000,1998-07-14,0.00000,1,9,1_4301249,1_4301249_9
1,4301437,1,,9,0.00000,0.00000,0.00000,2007-01-19,0.00000,1,9,1_4301437,1_4301437_9
1,4301433,1,,9,2999.00000,0.00000,0.00000,2021-12-02,0.00000,1,9,1_4301433,1_4301433_9
1,4300846,1,,9,0.00000,0.00000,0.00000,1998-08-10,0.00000,1,9,1_4300846,1_4300846_9
1,4301672,1,,9,0.00000,0.00000,0.00000,2022-02-28,0.00000,1,9,1_4301672,1_4301672_9
1,4301409,1,,9,0.00000,0.00000,0.00000,2002-02-12,0.00000,1,9,1_4301409,1_4301409_9
1,4300059,1,,9,0.00000,0.00000,0.00000,2001-03-26,0.00000,1,9,1_4300059,1_4300059_9
1,4301040,1,,9,0.00000,0.00000,0.00000,1998-10-05,0.00000,1,9,1_4301040,1_4301040_9
1,4301385,1,,9,0.00000,0.00000,0.00000,2000-11-08,0.00000,1,9,1_4301385,1_4301385_9
1,4301624,1,,9,1800.00000,0.00000,0.00000,2012-10-15,0.00000,1,9,1_4301624,1_4301624_9
1,4301591,1,,9,1800.00000,0.00000,0.00000,2008-01-24,0.00000,1,9,1_4301591,1_4301591_9
1,4301380,1,,9,0.00000,0.00000,0.00000,2000-07-17,0.00000,1,9,1_4301380,1_4301380_9
1,4301319,1,,9,0.00000,0.00000,0.00000,2003-07-18,0.00000,1,9,1_4301319,1_4301319_9
1,4301391,1,,9,1800.00000,0.00000,0.00000,2013-05-22,0.00000,1,9,1_4301391,1_4301391_9
1,4301310,1,,9,1800.00000,0.00000,0.00000,2014-09-09,0.00000,1,9,1_4301310,1_4301310_9
1,4301684,1,,9,1800.00000,0.00000,0.00000,2014-05-23,0.00000,1,9,1_4301684,1_4301684_9
1,4300323,1,,9,0.00000,0.00000,0.00000,1997-06-19,0.00000,1,9,1_4300323,1_4300323_9
1,4301666,1,,9,1800.00000,0.00000,0.00000,2010-10-07,0.00000,1,9,1_4301666,1_4301666_9
1,4301550,1,,9,0.00000,0.00000,0.00000,2006-09-22,0.00000,1,9,1_4301550,1_4301550_9
1,4301692,1,,9,2999.00000,0.00000,0.00000,2024-04-04,0.00000,1,9,1_4301692,1_4301692_9
1,4300155,1,,9,0.00000,0.00000,0.00000,1998-01-26,0.00000,1,9,1_4300155,1_4300155_9
1,4301596,1,,9,1800.00000,0.00000,0.00000,2008-01-29,0.00000,1,9,1_4301596,1_4301596_9
1,4301867,1,,9,0.00000,0.00000,0.00000,2023-03-21,0.00000,1,9,1_4301867,1_4301867_9
1,4301154,1,,9,0.00000,0.00000,0.00000,2005-09-09,0.00000,1,9,1_4301154,1_4301154_9
1,4301712,1,,9,1800.00000,0.00000,0.00000,2015-12-16,0.00000,1,9,1_4301712,1_4301712_9
1,4301068,1,,9,0.00000,0.00000,0.00000,2004-04-01,0.00000,1,9,1_4301068,1_4301068_9
1,4300802,1,,9,0.00000,0.00000,0.00000,2007-10-23,0.00000,1,9,1_4300802,1_4300802_9
1,4301361,1,,9,0.00000,0.00000,0.00000,2017-11-16,0.00000,1,9,1_4301361,1_4301361_9
1,4300306,1,,9,0.00000,0.00000,0.00000,1999-01-01,0.00000,1,9,1_4300306,1_4300306_9
1,4301420,1,,9,0.00000,0.00000,0.00000,2002-08-08,0.00000,1,9,1_4301420,1_4301420_9
1,4300812,1,,9,0.00000,0.00000,0.00000,2006-01-10,0.00000,1,9,1_4300812,1_4300812_9
1,4300847,1,,9,2999.00000,0.00000,0.00000,2018-01-15,0.00000,1,9,1_4300847,1_4300847_9
1,4300228,1,,9,0.00000,-229.90000,0.00000,2024-03-15,0.00000,1,9,1_4300228,1_4300228_9
1,4300755,1,,9,2999.00000,0.00000,0.00000,2024-04-18,0.00000,1,9,1_4300755,1_4300755_9
1,4301805,1,,9,0.00000,0.00000,0.00000,2018-01-03,0.00000,1,9,1_4301805,1_4301805_9
1,4301079,1,,9,2999.00000,650.38000,0.00000,2024-05-17,0.00000,1,9,1_4301079,1_4301079_9
1,4300845,1,,9,2999.00000,0.00000,0.00000,2021-03-02,0.00000,1,9,1_4300845,1_4300845_9
1,4301824,1,,9,2999.00000,0.00000,0.00000,2020-04-28,0.00000,1,9,1_4301824,1_4301824_9
1,4301271,1,,9,1800.00000,660.67000,0.00000,2024-06-17,0.00000,1,9,1_4301271,1_4301271_9
1,4301865,1,,9,2999.00000,0.00000,0.00000,2023-01-25,0.00000,1,9,1_4301865,1_4301865_9
1,4301848,1,,9,2999.00000,0.00000,0.00000,2023-03-03,0.00000,1,9,1_4301848,1_4301848_9
1,4301831,1,,9,2999.00000,0.00000,0.00000,2022-10-03,0.00000,1,9,1_4301831,1_4301831_9
1,4301487,1,,9,2999.00000,0.00000,0.00000,2021-04-13,0.00000,1,9,1_4301487,1_4301487_9
1,4300052,1,,9,2999.00000,0.00000,0.00000,2024-01-15,0.00000,1,9,1_4300052,1_4300052_9
1,4301754,1,,9,2999.00000,399.30000,0.00000,2024-07-03,0.00000,1,9,1_4301754,1_4301754_9
1,4301767,1,,9,2999.00000,0.00000,0.00000,2015-11-20,0.00000,1,9,1_4301767,1_4301767_9
1,4301644,1,,9,2999.00000,0.00000,0.00000,2019-05-30,0.00000,1,9,1_4301644,1_4301644_9
1,4300227,1,,9,2999.00000,0.00000,0.00000,2023-07-24,0.00000,1,9,1_4300227,1_4300227_9
1,4301295,1,,9,2999.00000,0.00000,0.00000,2019-12-11,0.00000,1,9,1_4301295,1_4301295_9
1,4301839,1,,9,2999.00000,0.00000,0.00000,2023-04-26,0.00000,1,9,1_4301839,1_4301839_9
1,4301786,1,,9,2999.00000,0.00000,0.00000,2017-02-14,0.00000,1,9,1_4301786,1_4301786_9
1,4301751,1,,9,2999.00000,0.00000,0.00000,2015-10-30,0.00000,1,9,1_4301751,1_4301751_9
1,4301707,1,,9,1800.00000,0.00000,0.00000,2013-12-16,0.00000,1,9,1_4301707,1_4301707_9
1,4300029,1,,9,0.00000,0.00000,0.00000,2001-02-19,0.00000,1,9,1_4300029,1_4300029_9
1,4301413,1,,9,0.00000,0.00000,0.00000,2002-10-08,0.00000,1,9,1_4301413,1_4301413_9
1,4300620,1,,9,0.00000,0.00000,0.00000,2011-10-03,0.00000,1,9,1_4300620,1_4300620_9
1,4301744,1,,9,1800.00000,0.00000,0.00000,2024-02-28,0.00000,1,9,1_4301744,1_4301744_9
1,4301680,1,,9,0.00000,0.00000,0.00000,2023-04-12,0.00000,1,9,1_4301680,1_4301680_9
1,4300235,1,,9,1800.00000,0.00000,0.00000,2012-02-14,0.00000,1,9,1_4300235,1_4300235_9
1,4301552,1,,9,1800.00000,0.00000,0.00000,2012-10-01,0.00000,1,9,1_4301552,1_4301552_9
1,4300263,1,,9,0.00000,0.00000,0.00000,2007-12-21,0.00000,1,9,1_4300263,1_4300263_9
1,4301613,1,,9,1800.00000,0.00000,0.00000,2008-07-22,0.00000,1,9,1_4301613,1_4301613_9
1,4301612,1,,9,1800.00000,0.00000,0.00000,2008-06-05,0.00000,1,9,1_4301612,1_4301612_9
1,4301370,1,,9,0.00000,0.00000,0.00000,2000-04-17,0.00000,1,9,1_4301370,1_4301370_9
1,4301062,1,,9,0.00000,0.00000,0.00000,1996-12-16,0.00000,1,9,1_4301062,1_4301062_9
1,4301371,1,,9,2999.00000,0.00000,0.00000,2018-03-01,0.00000,1,9,1_4301371,1_4301371_9
1,4301045,1,,9,0.00000,0.00000,0.00000,2008-04-18,0.00000,1,9,1_4301045,1_4301045_9
1,4301315,1,,9,0.00000,0.00000,0.00000,2010-09-20,0.00000,1,9,1_4301315,1_4301315_9
1,4301426,1,,9,0.00000,0.00000,0.00000,2002-06-25,0.00000,1,9,1_4301426,1_4301426_9
1,4300683,1,,9,0.00000,0.00000,0.00000,1998-06-18,0.00000,1,9,1_4300683,1_4300683_9
1,4300834,1,,9,0.00000,0.00000,0.00000,1999-09-08,0.00000,1,9,1_4300834,1_4300834_9
1,4301677,1,,9,12000.00000,0.00000,0.00000,2024-03-07,0.00000,1,9,1_4301677,1_4301677_9
1,4300220,1,,9,0.00000,0.00000,0.00000,2004-04-22,0.00000,1,9,1_4300220,1_4300220_9
1,4301401,1,,9,0.00000,0.00000,0.00000,2007-06-26,0.00000,1,9,1_4301401,1_4301401_9
1,4301781,1,,9,0.00000,0.00000,0.00000,2016-11-07,0.00000,1,9,1_4301781,1_4301781_9
1,4301606,1,,9,1800.00000,0.00000,0.00000,2022-03-29,0.00000,1,9,1_4301606,1_4301606_9
1,4301177,1,,9,0.00000,0.00000,0.00000,2001-03-08,0.00000,1,9,1_4301177,1_4301177_9
1,4301800,1,,9,2999.00000,0.00000,0.00000,2022-01-03,0.00000,1,9,1_4301800,1_4301800_9
1,4301486,1,,9,0.00000,0.00000,0.00000,2004-06-30,0.00000,1,9,1_4301486,1_4301486_9
1,4301446,1,,9,1800.00000,0.00000,0.00000,2010-04-20,0.00000,1,9,1_4301446,1_4301446_9
1,4301482,1,,9,0.00000,0.00000,0.00000,2016-06-15,0.00000,1,9,1_4301482,1_4301482_9
1,4301131,1,,9,0.00000,0.00000,0.00000,1996-06-03,0.00000,1,9,1_4301131,1_4301131_9
1,4301503,1,,9,1800.00000,0.00000,0.00000,2009-05-11,0.00000,1,9,1_4301503,1_4301503_9
1,4301043,1,,9,0.00000,0.00000,0.00000,2005-10-11,0.00000,1,9,1_4301043,1_4301043_9
1,4301411,1,,9,1800.00000,0.00000,0.00000,2015-05-07,0.00000,1,9,1_4301411,1_4301411_9
1,4302053,1,,9,0.00000,0.00000,0.00000,2010-06-03,0.00000,1,9,1_4302053,1_4302053_9
1,4301221,1,,9,1800.00000,0.00000,0.00000,2023-04-03,0.00000,1,9,1_4301221,1_4301221_9
1,4301096,1,,9,1800.00000,0.00000,0.00000,2015-03-10,0.00000,1,9,1_4301096,1_4301096_9
1,4300991,1,,9,1800.00000,0.00000,0.00000,2008-02-19,0.00000,1,9,1_4300991,1_4300991_9
1,4301670,1,,9,1800.00000,0.00000,0.00000,2010-12-29,0.00000,1,9,1_4301670,1_4301670_9
1,4301676,1,,9,1800.00000,0.00000,0.00000,2011-03-17,0.00000,1,9,1_4301676,1_4301676_9
1,4301153,1,,9,0.00000,0.00000,0.00000,2022-09-19,0.00000,1,9,1_4301153,1_4301153_9
1,4301051,1,,9,0.00000,0.00000,0.00000,2003-07-07,0.00000,1,9,1_4301051,1_4301051_9
1,4300466,1,,9,0.00000,0.00000,0.00000,2003-02-20,0.00000,1,9,1_4300466,1_4300466_9
1,4300870,1,,9,0.00000,0.00000,0.00000,2002-11-18,0.00000,1,9,1_4300870,1_4300870_9
1,4300001,1,,9,0.00000,0.00000,0.00000,2008-03-28,0.00000,1,9,1_4300001,1_4300001_9
1,4300635,1,,9,0.00000,0.00000,0.00000,1997-01-23,0.00000,1,9,1_4300635,1_4300635_9
1,4301407,1,,9,1800.00000,0.00000,0.00000,2023-03-14,0.00000,1,9,1_4301407,1_4301407_9
1,4300999,1,,9,0.00000,0.00000,0.00000,2009-09-03,0.00000,1,9,1_4300999,1_4300999_9
1,4301398,1,,9,0.00000,0.00000,0.00000,2016-03-16,0.00000,1,9,1_4301398,1_4301398_9
1,4301170,1,,9,0.00000,0.00000,0.00000,1999-06-07,0.00000,1,9,1_4301170,1_4301170_9
1,4301365,1,,9,0.00000,0.00000,0.00000,2000-01-27,0.00000,1,9,1_4301365,1_4301365_9
1,4301586,1,,9,0.00000,0.00000,0.00000,2007-09-12,0.00000,1,9,1_4301586,1_4301586_9
1,4301264,1,,9,1800.00000,0.00000,0.00000,2017-06-23,0.00000,1,9,1_4301264,1_4301264_9
1,4300051,1,,9,1800.00000,0.00000,0.00000,2012-04-25,0.00000,1,9,1_4300051,1_4300051_9
1,4301285,1,,9,0.00000,0.00000,0.00000,1999-08-10,0.00000,1,9,1_4301285,1_4301285_9
1,4301421,1,,9,1800.00000,0.00000,0.00000,2021-05-27,0.00000,1,9,1_4301421,1_4301421_9
1,4300392,1,,9,0.00000,0.00000,0.00000,2008-03-03,0.00000,1,9,1_4300392,1_4300392_9
1,4301057,1,,9,0.00000,0.00000,0.00000,2001-10-03,0.00000,1,9,1_4301057,1_4301057_9
1,4301476,1,,9,0.00000,0.00000,0.00000,2004-02-26,0.00000,1,9,1_4301476,1_4301476_9
1,4300724,1,,9,0.00000,0.00000,0.00000,1997-02-21,0.00000,1,9,1_4300724,1_4300724_9
1,4301553,1,,9,0.00000,0.00000,0.00000,2007-04-26,0.00000,1,9,1_4301553,1_4301553_9
1,4301169,1,,9,0.00000,0.00000,0.00000,2000-11-10,0.00000,1,9,1_4301169,1_4301169_9
1,4301451,1,,9,1800.00000,0.00000,0.00000,2008-04-30,0.00000,1,9,1_4301451,1_4301451_9
1,4301747,1,,9,2999.00000,0.00000,0.00000,2015-03-30,0.00000,1,9,1_4301747,1_4301747_9
1,4301531,1,,9,0.00000,0.00000,0.00000,2006-04-03,0.00000,1,9,1_4301531,1_4301531_9
1,4301645,1,,9,1800.00000,0.00000,0.00000,2011-03-14,0.00000,1,9,1_4301645,1_4301645_9
1,4301209,1,,9,0.00000,0.00000,0.00000,2018-01-11,0.00000,1,9,1_4301209,1_4301209_9
1,4300630,1,,9,0.00000,0.00000,0.00000,2003-10-01,0.00000,1,9,1_4300630,1_4300630_9
1,4301424,1,,9,0.00000,0.00000,0.00000,2002-07-23,0.00000,1,9,1_4301424,1_4301424_9
1,4301462,1,,9,0.00000,0.00000,0.00000,2007-06-28,0.00000,1,9,1_4301462,1_4301462_9
1,4301478,1,,9,1800.00000,0.00000,0.00000,2014-12-18,0.00000,1,9,1_4301478,1_4301478_9
1,4300610,1,,9,0.00000,0.00000,0.00000,2018-05-30,0.00000,1,9,1_4300610,1_4300610_9
1,4300794,1,,9,0.00000,0.00000,0.00000,2000-04-18,0.00000,1,9,1_4300794,1_4300794_9
1,4301005,1,,9,0.00000,0.00000,0.00000,2015-09-16,0.00000,1,9,1_4301005,1_4301005_9
1,4300927,1,,9,2999.00000,0.00000,0.00000,2024-04-29,0.00000,1,9,1_4300927,1_4300927_9
1,4300019,1,,9,2999.00000,0.00000,0.00000,2022-03-24,0.00000,1,9,1_4300019,1_4300019_9
1,4301362,1,,9,0.00000,0.00000,0.00000,2003-06-30,0.00000,1,9,1_4301362,1_4301362_9
1,4301389,1,,9,2999.00000,0.00000,0.00000,2009-01-01,0.00000,1,9,1_4301389,1_4301389_9
1,4301014,1,,9,0.00000,0.00000,0.00000,1999-01-27,0.00000,1,9,1_4301014,1_4301014_9
1,4301696,1,,9,1800.00000,0.00000,0.00000,2012-08-06,0.00000,1,9,1_4301696,1_4301696_9
1,4301773,1,,9,2999.00000,0.00000,0.00000,2016-03-21,0.00000,1,9,1_4301773,1_4301773_9
1,4301543,1,,9,0.00000,0.00000,0.00000,2006-09-01,0.00000,1,9,1_4301543,1_4301543_9
1,4300085,1,,9,2999.00000,0.00000,0.00000,2023-10-09,0.00000,1,9,1_4300085,1_4300085_9
1,4301559,1,,9,2999.00000,0.00000,0.00000,2021-04-13,0.00000,1,9,1_4301559,1_4301559_9
1,4301794,1,,9,2999.00000,0.00000,0.00000,2017-11-22,0.00000,1,9,1_4301794,1_4301794_9
1,4301836,1,,9,2999.00000,0.00000,0.00000,2020-04-24,0.00000,1,9,1_4301836,1_4301836_9
1,4300711,1,,9,2999.00000,0.00000,0.00000,2024-02-19,0.00000,1,9,1_4300711,1_4300711_9
1,4301861,1,,9,2999.00000,0.00000,0.00000,2022-09-05,0.00000,1,9,1_4301861,1_4301861_9
1,4301758,1,,9,2999.00000,0.00000,0.00000,2015-09-04,0.00000,1,9,1_4301758,1_4301758_9
1,4301580,1,,9,2999.00000,0.00000,0.00000,2015-09-04,0.00000,1,9,1_4301580,1_4301580_9
1,4301282,1,,9,2999.00000,0.00000,0.00000,2017-01-13,0.00000,1,9,1_4301282,1_4301282_9
1,4301752,1,,9,2999.00000,0.00000,0.00000,2015-05-11,0.00000,1,9,1_4301752,1_4301752_9
1,4301494,1,,9,2999.00000,0.00000,0.00000,2023-01-04,0.00000,1,9,1_4301494,1_4301494_9
1,4301369,1,,9,2999.00000,0.00000,0.00000,2023-03-15,0.00000,1,9,1_4301369,1_4301369_9
1,4301429,1,,9,2999.00000,0.00000,0.00000,2023-09-15,0.00000,1,9,1_4301429,1_4301429_9
1,4301798,1,,9,2999.00000,0.00000,0.00000,2019-05-31,0.00000,1,9,1_4301798,1_4301798_9
1,4301845,1,,9,2999.00000,0.00000,0.00000,2020-11-16,0.00000,1,9,1_4301845,1_4301845_9
1,4301822,1,,9,2999.00000,0.00000,0.00000,2018-12-18,0.00000,1,9,1_4301822,1_4301822_9
1,4301847,1,,9,2999.00000,0.00000,0.00000,2022-12-02,0.00000,1,9,1_4301847,1_4301847_9
1,4301841,1,,9,2999.00000,0.00000,0.00000,2020-09-07,0.00000,1,9,1_4301841,1_4301841_9
1,4301846,1,,9,2999.00000,0.00000,0.00000,2020-11-10,0.00000,1,9,1_4301846,1_4301846_9
1,4300904,1,,9,0.00000,0.00000,0.00000,2019-02-04,0.00000,1,9,1_4300904,1_4300904_9
1,4301833,1,,9,2999.00000,577.37000,0.00000,2024-07-04,0.00000,1,9,1_4301833,1_4301833_9
1,4301863,1,,9,2999.00000,0.00000,0.00000,2024-03-13,0.00000,1,9,1_4301863,1_4301863_9
1,4301491,1,,9,2999.00000,603.25000,2155.95000,2024-06-18,0.00000,1,9,1_4301491,1_4301491_9
1,4301083,1,,9,1800.00000,0.00000,0.00000,2015-07-01,0.00000,1,9,1_4301083,1_4301083_9
1,4301262,1,,9,0.00000,0.00000,0.00000,1998-12-17,0.00000,1,9,1_4301262,1_4301262_9
1,4300234,1,,9,1800.00000,0.00000,410.04000,2010-09-14,0.00000,1,9,1_4300234,1_4300234_9
1,4301275,1,,9,0.00000,0.00000,0.00000,1999-03-15,0.00000,1,9,1_4301275,1_4301275_9
1,4301026,1,,9,1800.00000,0.00000,0.00000,2009-06-04,0.00000,1,9,1_4301026,1_4301026_9
1,4301157,1,,9,0.00000,0.00000,0.00000,2000-05-18,0.00000,1,9,1_4301157,1_4301157_9
1,4300614,1,,9,0.00000,0.00000,0.00000,2005-06-10,0.00000,1,9,1_4300614,1_4300614_9
1,4301379,1,,9,0.00000,0.00000,0.00000,2000-07-14,0.00000,1,9,1_4301379,1_4301379_9
1,4301080,1,,9,0.00000,0.00000,0.00000,1996-03-26,0.00000,1,9,1_4301080,1_4301080_9
1,4301175,1,,9,0.00000,0.00000,0.00000,2003-05-12,0.00000,1,9,1_4301175,1_4301175_9
1,4301261,1,,9,1800.00000,0.00000,0.00000,2008-02-14,0.00000,1,9,1_4301261,1_4301261_9
1,4301701,1,,9,2999.00000,0.00000,0.00000,2019-11-15,0.00000,1,9,1_4301701,1_4301701_9
1,4301775,1,,9,0.00000,0.00000,0.00000,2016-05-10,0.00000,1,9,1_4301775,1_4301775_9
1,4301602,1,,9,1800.00000,0.00000,0.00000,2008-04-02,0.00000,1,9,1_4301602,1_4301602_9
1,4301180,1,,9,0.00000,0.00000,0.00000,2006-06-07,0.00000,1,9,1_4301180,1_4301180_9
1,4301247,1,,9,0.00000,0.00000,0.00000,2013-03-22,0.00000,1,9,1_4301247,1_4301247_9
1,4301577,1,,9,0.00000,0.00000,0.00000,2007-06-07,0.00000,1,9,1_4301577,1_4301577_9
1,4301190,1,,9,0.00000,0.00000,0.00000,2013-03-07,0.00000,1,9,1_4301190,1_4301190_9
1,4301118,1,,9,0.00000,0.00000,0.00000,1996-01-25,0.00000,1,9,1_4301118,1_4301118_9
1,4301766,1,,9,0.00000,0.00000,0.00000,2016-09-13,0.00000,1,9,1_4301766,1_4301766_9
1,4301678,1,,9,1800.00000,0.00000,0.00000,2011-10-05,0.00000,1,9,1_4301678,1_4301678_9
1,4301801,1,,9,2999.00000,0.00000,0.00000,2023-05-05,0.00000,1,9,1_4301801,1_4301801_9
1,4301826,1,,9,0.00000,0.00000,0.00000,2019-01-31,0.00000,1,9,1_4301826,1_4301826_9
1,4300381,1,,9,0.00000,0.00000,0.00000,1996-02-01,0.00000,1,9,1_4300381,1_4300381_9
1,4301648,1,,9,0.00000,0.00000,0.00000,2010-02-10,0.00000,1,9,1_4301648,1_4301648_9
1,4301107,1,,9,1800.00000,0.00000,0.00000,2024-05-07,0.00000,1,9,1_4301107,1_4301107_9
1,4300069,1,,9,0.00000,0.00000,0.00000,1997-06-12,0.00000,1,9,1_4300069,1_4300069_9
1,4301502,1,,9,0.00000,0.00000,0.00000,2012-05-10,0.00000,1,9,1_4301502,1_4301502_9
1,4301403,1,,9,0.00000,0.00000,0.00000,2011-10-03,0.00000,1,9,1_4301403,1_4301403_9
1,4301224,1,,9,0.00000,0.00000,0.00000,2003-05-12,0.00000,1,9,1_4301224,1_4301224_9
1,4300307,1,,9,1800.00000,0.00000,0.00000,2022-01-03,0.00000,1,9,1_4300307,1_4300307_9
1,4301573,1,,9,0.00000,0.00000,0.00000,2007-07-11,0.00000,1,9,1_4301573,1_4301573_9
1,4301308,1,,9,0.00000,0.00000,0.00000,2001-12-17,0.00000,1,9,1_4301308,1_4301308_9
1,4301635,1,,9,1800.00000,0.00000,0.00000,2009-09-17,0.00000,1,9,1_4301635,1_4301635_9
1,4300863,1,,9,0.00000,0.00000,0.00000,2000-02-07,0.00000,1,9,1_4300863,1_4300863_9
1,4301733,1,,9,1800.00000,0.00000,0.00000,2023-02-27,0.00000,1,9,1_4301733,1_4301733_9
1,4301811,1,,9,2999.00000,0.00000,0.00000,2018-11-23,0.00000,1,9,1_4301811,1_4301811_9
1,4301745,1,,9,2999.00000,0.00000,0.00000,2016-11-24,0.00000,1,9,1_4301745,1_4301745_9
1,4301143,1,,9,1800.00000,0.00000,0.00000,2008-10-27,0.00000,1,9,1_4301143,1_4301143_9
1,4301776,1,,9,2999.00000,0.00000,0.00000,2017-07-18,0.00000,1,9,1_4301776,1_4301776_9
1,4301717,1,,9,2999.00000,0.00000,0.00000,2019-09-27,0.00000,1,9,1_4301717,1_4301717_9
1,4301525,1,,9,0.00000,0.00000,0.00000,2003-07-30,0.00000,1,9,1_4301525,1_4301525_9
1,4301734,1,,9,1800.00000,0.00000,0.00000,2014-11-25,0.00000,1,9,1_4301734,1_4301734_9
1,4300967,1,,9,0.00000,0.00000,0.00000,1996-02-28,0.00000,1,9,1_4300967,1_4300967_9
1,4301668,1,,9,1800.00000,0.00000,0.00000,2010-10-29,0.00000,1,9,1_4301668,1_4301668_9
1,4300109,1,,9,1800.00000,0.00000,0.00000,2011-01-27,0.00000,1,9,1_4300109,1_4300109_9
1,4301300,1,,9,0.00000,0.00000,0.00000,2005-01-21,0.00000,1,9,1_4301300,1_4301300_9
1,4300625,1,,9,0.00000,0.00000,0.00000,2003-09-23,0.00000,1,9,1_4300625,1_4300625_9
1,4301661,1,,9,1800.00000,0.00000,0.00000,2013-07-30,0.00000,1,9,1_4301661,1_4301661_9
1,4301417,1,,9,0.00000,0.00000,0.00000,2005-09-09,0.00000,1,9,1_4301417,1_4301417_9
1,4301418,1,,9,0.00000,0.00000,0.00000,2005-05-17,0.00000,1,9,1_4301418,1_4301418_9
1,4301654,1,,9,1800.00000,0.00000,0.00000,2010-03-23,0.00000,1,9,1_4301654,1_4301654_9
1,4301205,1,,9,0.00000,0.00000,0.00000,2013-09-05,0.00000,1,9,1_4301205,1_4301205_9
1,4301569,1,,9,1800.00000,0.00000,0.00000,2009-02-17,0.00000,1,9,1_4301569,1_4301569_9
1,4301461,1,,9,0.00000,0.00000,0.00000,2004-09-29,0.00000,1,9,1_4301461,1_4301461_9
1,4301313,1,,9,0.00000,0.00000,0.00000,2001-10-19,0.00000,1,9,1_4301313,1_4301313_9
1,4301218,1,,9,0.00000,0.00000,0.00000,1997-11-18,0.00000,1,9,1_4301218,1_4301218_9
1,4300998,1,,9,0.00000,0.00000,0.00000,1996-02-15,0.00000,1,9,1_4300998,1_4300998_9
1,4301443,1,,9,0.00000,0.00000,0.00000,2003-01-10,0.00000,1,9,1_4301443,1_4301443_9
1,4301459,1,,9,0.00000,0.00000,0.00000,2003-06-04,0.00000,1,9,1_4301459,1_4301459_9
1,4301358,1,,9,2999.00000,0.00000,0.00000,2011-03-31,0.00000,1,9,1_4301358,1_4301358_9
1,4301181,1,,9,0.00000,0.00000,0.00000,2024-03-20,0.00000,1,9,1_4301181,1_4301181_9
1,4302257,1,,9,1800.00000,0.00000,0.00000,2009-09-03,0.00000,1,9,1_4302257,1_4302257_9
1,4301302,1,,9,0.00000,0.00000,0.00000,2000-01-12,0.00000,1,9,1_4301302,1_4301302_9
1,4301397,1,,9,2999.00000,0.00000,0.00000,2022-11-29,0.00000,1,9,1_4301397,1_4301397_9
1,4301558,1,,9,0.00000,0.00000,0.00000,2006-11-15,0.00000,1,9,1_4301558,1_4301558_9
1,4301506,1,,9,1800.00000,0.00000,0.00000,2012-01-12,0.00000,1,9,1_4301506,1_4301506_9
1,4301050,1,,9,1800.00000,0.00000,0.00000,2021-12-16,0.00000,1,9,1_4301050,1_4301050_9
1,4301857,1,,9,6000.00000,0.00000,0.00000,2023-02-14,0.00000,1,9,1_4301857,1_4301857_9
1,4300665,1,,9,0.00000,0.00000,0.00000,2006-11-23,0.00000,1,9,1_4300665,1_4300665_9
1,4301305,1,,9,0.00000,0.00000,0.00000,2002-06-19,0.00000,1,9,1_4301305,1_4301305_9
1,4300271,1,,9,0.00000,0.00000,0.00000,2016-05-02,0.00000,1,9,1_4300271,1_4300271_9
1,4301220,1,,9,0.00000,0.00000,0.00000,2003-05-22,0.00000,1,9,1_4301220,1_4301220_9
1,4300730,1,,9,0.00000,0.00000,0.00000,1997-11-07,0.00000,1,9,1_4300730,1_4300730_9
1,4301810,1,,9,2999.00000,0.00000,0.00000,2018-02-16,0.00000,1,9,1_4301810,1_4301810_9
1,4301799,1,,9,2999.00000,0.00000,0.00000,2023-01-27,0.00000,1,9,1_4301799,1_4301799_9
1,4301834,1,,9,0.00000,0.00000,0.00000,2022-02-04,0.00000,1,9,1_4301834,1_4301834_9
1,4301490,1,,9,0.00000,0.00000,0.00000,2006-05-09,0.00000,1,9,1_4301490,1_4301490_9
1,4300865,1,,9,0.00000,0.00000,0.00000,1999-11-25,0.00000,1,9,1_4300865,1_4300865_9
1,4301046,1,,9,0.00000,0.00000,0.00000,2001-02-05,0.00000,1,9,1_4301046,1_4301046_9
1,4301516,1,,9,0.00000,0.00000,0.00000,2005-07-12,0.00000,1,9,1_4301516,1_4301516_9
1,4301499,1,,9,0.00000,0.00000,0.00000,2005-02-22,0.00000,1,9,1_4301499,1_4301499_9
1,4300032,1,,9,0.00000,0.00000,0.00000,2001-01-02,0.00000,1,9,1_4300032,1_4300032_9
1,4301842,1,,9,2999.00000,0.00000,0.00000,2022-01-03,0.00000,1,9,1_4301842,1_4301842_9
1,4301657,1,,9,2999.00000,0.00000,0.00000,2021-06-10,0.00000,1,9,1_4301657,1_4301657_9
1,4301796,1,,9,2999.00000,0.00000,0.00000,2017-09-25,0.00000,1,9,1_4301796,1_4301796_9
1,4301704,1,,9,2999.00000,0.00000,0.00000,2013-03-18,0.00000,1,9,1_4301704,1_4301704_9
1,4301772,1,,9,2999.00000,0.00000,0.00000,2016-02-29,0.00000,1,9,1_4301772,1_4301772_9
1,4301859,1,,9,2999.00000,0.00000,0.00000,2022-05-06,0.00000,1,9,1_4301859,1_4301859_9
1,4301782,1,,9,2999.00000,0.00000,0.00000,2017-02-20,0.00000,1,9,1_4301782,1_4301782_9
1,4301565,1,,9,2999.00000,0.00000,0.00000,2019-04-25,0.00000,1,9,1_4301565,1_4301565_9
1,4301850,1,,9,2999.00000,0.00000,0.00000,2021-02-22,0.00000,1,9,1_4301850,1_4301850_9
1,4301778,1,,9,2999.00000,0.00000,0.00000,2024-02-12,0.00000,1,9,1_4301778,1_4301778_9
1,4300652,1,,9,0.00000,0.00000,0.00000,2024-03-14,0.00000,1,9,1_4300652,1_4300652_9
1,4301753,1,,9,2999.00000,0.00000,0.00000,2016-05-17,0.00000,1,9,1_4301753,1_4301753_9
1,4301750,1,,9,2999.00000,0.00000,0.00000,2015-04-22,0.00000,1,9,1_4301750,1_4301750_9
1,4301021,1,,9,2999.00000,0.00000,0.00000,2019-06-10,0.00000,1,9,1_4301021,1_4301021_9
1,4300230,1,,9,2999.00000,0.00000,0.00000,2023-10-03,0.00000,1,9,1_4300230,1_4300230_9
1,4300753,1,,9,1800.00000,0.00000,0.01000,2024-03-21,0.00000,1,9,1_4300753,1_4300753_9
1,4300880,1,,9,3000.00000,1887.60000,0.00000,2024-06-17,0.00000,1,9,1_4300880,1_4300880_9
1,4301217,1,,9,1800.00000,0.00000,0.00000,2015-02-24,0.00000,1,9,1_4301217,1_4301217_9
1,4301431,1,,9,0.00000,0.00000,0.00000,2006-02-14,0.00000,1,9,1_4301431,1_4301431_9
1,4301028,1,,9,0.00000,0.00000,0.00000,2001-05-14,0.00000,1,9,1_4301028,1_4301028_9
1,4301653,1,,9,1800.00000,0.00000,0.00000,2010-04-21,0.00000,1,9,1_4301653,1_4301653_9
1,4301650,1,,9,1800.00000,0.00000,0.00000,2010-10-26,0.00000,1,9,1_4301650,1_4301650_9
1,4301441,1,,9,0.00000,0.00000,0.00000,2005-10-18,0.00000,1,9,1_4301441,1_4301441_9
1,4301649,1,,9,1800.00000,0.00000,0.00000,2010-02-02,0.00000,1,9,1_4301649,1_4301649_9
1,4301711,1,,9,1800.00000,0.00000,0.00000,2015-04-08,0.00000,1,9,1_4301711,1_4301711_9
1,4301500,1,,9,1800.00000,0.00000,0.00000,2015-11-10,0.00000,1,9,1_4301500,1_4301500_9
1,4300881,1,,9,0.00000,0.00000,0.00000,2003-10-30,0.00000,1,9,1_4300881,1_4300881_9
1,4301179,1,,9,0.00000,0.00000,0.00000,2004-09-27,0.00000,1,9,1_4301179,1_4301179_9
1,4301235,1,,9,0.00000,0.00000,0.00000,1998-02-23,0.00000,1,9,1_4301235,1_4301235_9
1,4300637,1,,9,0.00000,0.00000,0.00000,2023-07-18,0.00000,1,9,1_4300637,1_4300637_9
1,4301467,1,,9,1800.00000,0.00000,0.00000,2014-01-29,0.00000,1,9,1_4301467,1_4301467_9
1,4301375,1,,9,0.00000,0.00000,0.00000,2012-11-08,0.00000,1,9,1_4301375,1_4301375_9
1,4301537,1,,9,1800.00000,0.00000,0.00000,2024-04-08,0.00000,1,9,1_4301537,1_4301537_9
1,4301637,1,,9,0.00000,0.00000,0.00000,2012-02-20,0.00000,1,9,1_4301637,1_4301637_9
1,4301166,1,,9,0.00000,0.00000,0.00000,1998-04-01,0.00000,1,9,1_4301166,1_4301166_9
1,4301320,1,,9,0.00000,0.00000,0.00000,2007-04-16,0.00000,1,9,1_4301320,1_4301320_9
1,4300686,1,,9,0.00000,0.00000,0.00000,1997-06-13,0.00000,1,9,1_4300686,1_4300686_9
1,4300249,1,,9,1800.00000,0.00000,0.00000,2021-12-15,0.00000,1,9,1_4300249,1_4300249_9
1,4301115,1,,9,0.00000,0.00000,0.00000,2001-01-22,0.00000,1,9,1_4301115,1_4301115_9
1,4301849,1,,9,2999.00000,0.00000,0.00000,2023-02-13,0.00000,1,9,1_4301849,1_4301849_9
1,4301504,1,,9,0.00000,0.00000,0.00000,2005-01-20,0.00000,1,9,1_4301504,1_4301504_9
1,4300728,1,,9,0.00000,0.00000,0.00000,1999-12-02,0.00000,1,9,1_4300728,1_4300728_9
1,4300954,1,,9,0.00000,0.00000,0.00000,2002-12-05,0.00000,1,9,1_4300954,1_4300954_9
1,4301416,1,,9,1800.00000,0.00000,0.00000,2018-11-23,0.00000,1,9,1_4301416,1_4301416_9
1,4301163,1,,9,0.00000,0.00000,0.00000,1997-01-31,0.00000,1,9,1_4301163,1_4301163_9
1,4300720,1,1074300584,9,1800.00000,0.00000,0.00000,2008-06-09,0.00000,1,9,1_4300720,1_4300720_9
1,4300726,1,,9,1800.00000,0.00000,0.00000,2020-10-07,0.00000,1,9,1_4300726,1_4300726_9
1,4301763,1,,9,2999.00000,0.00000,0.00000,2019-05-21,0.00000,1,9,1_4301763,1_4301763_9
1,4301447,1,,9,0.00000,0.00000,0.00000,2003-03-10,0.00000,1,9,1_4301447,1_4301447_9
1,4301129,1,,9,1800.00000,0.00000,0.00000,2009-03-06,0.00000,1,9,1_4301129,1_4301129_9
1,4301524,1,,9,1800.00000,0.00000,0.00000,2009-10-28,0.00000,1,9,1_4301524,1_4301524_9
1,4301938,1,,9,0.00000,0.00000,0.00000,1998-07-09,0.00000,1,9,1_4301938,1_4301938_9
1,4300921,1,,9,2999.00000,0.00000,0.00000,2024-01-29,0.00000,1,9,1_4300921,1_4300921_9
1,4300953,1,,9,20000.00000,13053.48000,0.00000,2024-04-09,0.00000,1,9,1_4300953,1_4300953_9
1,4301178,1,,9,0.00000,0.00000,0.00000,1997-04-25,0.00000,1,9,1_4301178,1_4301178_9
1,4300903,1,,9,0.00000,0.00000,0.00000,2003-03-10,0.00000,1,9,1_4300903,1_4300903_9
1,4301212,1,,9,0.00000,0.00000,0.00000,1998-09-24,0.00000,1,9,1_4301212,1_4301212_9
1,4301633,1,,9,1800.00000,0.00000,0.00000,2009-07-14,0.00000,1,9,1_4301633,1_4301633_9
1,4300782,1,,9,0.00000,0.00000,0.00000,2003-05-27,0.00000,1,9,1_4300782,1_4300782_9
1,4301541,1,,9,0.00000,0.00000,0.00000,2007-05-07,0.00000,1,9,1_4301541,1_4301541_9
1,4300254,1,,9,6000.00000,2992.98000,227.61000,2024-07-01,0.00000,1,9,1_4300254,1_4300254_9
1,4301419,1,,9,1800.00000,0.00000,0.00000,2016-09-23,0.00000,1,9,1_4301419,1_4301419_9
1,4301681,1,,9,1800.00000,0.00000,0.00000,2011-09-12,0.00000,1,9,1_4301681,1_4301681_9
1,4300956,1,,9,0.00000,0.00000,0.00000,1999-03-01,0.00000,1,9,1_4300956,1_4300956_9
1,4300195,1,,9,1800.00000,0.00000,0.00000,2015-12-16,0.00000,1,9,1_4300195,1_4300195_9
1,4301698,1,,9,0.00000,0.00000,0.00000,2014-11-27,0.00000,1,9,1_4301698,1_4301698_9
1,4301727,1,,9,1800.00000,0.00000,0.00000,2014-05-23,0.00000,1,9,1_4301727,1_4301727_9
1,4301458,1,,9,1800.00000,0.00000,0.00000,2010-06-28,0.00000,1,9,1_4301458,1_4301458_9
1,4301523,1,,9,0.00000,0.00000,0.00000,2012-08-31,0.00000,1,9,1_4301523,1_4301523_9
1,4301722,1,,9,1800.00000,0.00000,0.00000,2021-03-04,0.00000,1,9,1_4301722,1_4301722_9
1,4301673,1,,9,1800.00000,0.00000,0.00000,2011-01-31,0.00000,1,9,1_4301673,1_4301673_9
1,4301806,1,,9,2999.00000,0.00000,0.00000,2019-02-04,0.00000,1,9,1_4301806,1_4301806_9
1,4301618,1,,9,1800.00000,0.00000,0.00000,2008-11-21,0.00000,1,9,1_4301618,1_4301618_9
1,4300799,1,,9,1800.00000,0.00000,0.00000,2012-03-20,0.00000,1,9,1_4300799,1_4300799_9
1,4300194,1,,9,0.00000,0.00000,0.00000,2023-01-25,0.00000,1,9,1_4300194,1_4300194_9
1,4301368,1,,9,0.00000,0.00000,0.00000,2007-04-23,0.00000,1,9,1_4301368,1_4301368_9
1,4300798,1,,9,0.00000,0.00000,0.00000,1997-12-17,0.00000,1,9,1_4300798,1_4300798_9
1,4301322,1,,9,0.00000,0.00000,0.00000,2001-07-09,0.00000,1,9,1_4301322,1_4301322_9
1,4301659,1,,9,1800.00000,0.00000,0.00000,2010-07-05,0.00000,1,9,1_4301659,1_4301659_9
1,4300084,1,,9,0.00000,0.00000,0.00000,1997-06-13,0.00000,1,9,1_4300084,1_4300084_9
1,4301207,1,,9,0.00000,0.00000,0.00000,2000-09-14,0.00000,1,9,1_4301207,1_4301207_9
1,4301663,1,,9,1800.00000,0.00000,0.00000,2010-08-30,0.00000,1,9,1_4301663,1_4301663_9
1,4301540,1,,9,0.00000,0.00000,0.00000,2006-05-17,0.00000,1,9,1_4301540,1_4301540_9
1,4301318,1,,9,0.00000,0.00000,0.00000,2019-09-24,0.00000,1,9,1_4301318,1_4301318_9
1,4301004,1,,9,0.00000,0.00000,0.00000,2000-05-18,0.00000,1,9,1_4301004,1_4301004_9
1,4301578,1,,9,1800.00000,0.00000,0.00000,2008-02-22,0.00000,1,9,1_4301578,1_4301578_9
1,4301188,1,,9,1800.00000,0.00000,0.00000,2017-07-21,0.00000,1,9,1_4301188,1_4301188_9
1,4301116,1,,9,0.00000,0.00000,0.00000,2004-07-21,0.00000,1,9,1_4301116,1_4301116_9
1,4300457,1,,9,0.00000,0.00000,0.00000,1997-09-05,0.00000,1,9,1_4300457,1_4300457_9
1,4301634,1,,9,1800.00000,0.00000,0.00000,2012-02-27,0.00000,1,9,1_4301634,1_4301634_9
1,4300203,1,,9,1800.00000,0.00000,0.00000,2011-04-19,0.00000,1,9,1_4300203,1_4300203_9
1,4300054,1,,9,0.00000,0.00000,0.00000,2007-06-13,0.00000,1,9,1_4300054,1_4300054_9
1,4300935,1,,9,0.00000,0.00000,0.00000,1997-12-10,0.00000,1,9,1_4300935,1_4300935_9
1,4300207,1,,9,0.00000,0.00000,0.00000,2001-10-23,0.00000,1,9,1_4300207,1_4300207_9
1,4301585,1,,9,0.00000,0.00000,0.00000,2007-07-25,0.00000,1,9,1_4301585,1_4301585_9
1,4300276,1,,9,0.00000,0.00000,0.00000,2003-01-28,0.00000,1,9,1_4300276,1_4300276_9
1,4301473,1,,9,0.00000,0.00000,0.00000,2022-11-16,0.00000,1,9,1_4301473,1_4301473_9
1,4301589,1,,9,1800.00000,0.00000,0.00000,2009-03-25,0.00000,1,9,1_4301589,1_4301589_9
1,4301551,1,,9,0.00000,0.00000,0.00000,2006-10-18,0.00000,1,9,1_4301551,1_4301551_9
1,4300813,1,,9,0.00000,0.00000,0.00000,2008-10-16,0.00000,1,9,1_4300813,1_4300813_9
1,4301139,1,,9,0.00000,0.00000,0.00000,1999-01-11,0.00000,1,9,1_4301139,1_4301139_9
1,4300342,1,,9,0.00000,0.00000,0.00000,2002-04-05,0.00000,1,9,1_4300342,1_4300342_9
1,4301453,1,,9,0.00000,0.00000,0.00000,2003-03-20,0.00000,1,9,1_4301453,1_4301453_9
1,4301820,1,,9,2999.00000,0.00000,0.00000,2018-11-28,0.00000,1,9,1_4301820,1_4301820_9
1,4301240,1,,9,0.00000,0.00000,0.00000,2013-04-05,0.00000,1,9,1_4301240,1_4301240_9
1,4301695,1,,9,1800.00000,0.00000,0.00000,2012-07-27,0.00000,1,9,1_4301695,1_4301695_9
1,4301588,1,,9,0.00000,0.00000,0.00000,2007-09-14,0.00000,1,9,1_4301588,1_4301588_9
1,4301135,1,,9,0.00000,0.00000,0.00000,1996-08-01,0.00000,1,9,1_4301135,1_4301135_9
1,4301691,1,,9,1800.00000,0.00000,0.00000,2012-05-10,0.00000,1,9,1_4301691,1_4301691_9
1,4301015,1,,9,0.00000,0.00000,0.00000,2007-03-06,0.00000,1,9,1_4301015,1_4301015_9
1,4301574,1,,9,1800.00000,0.00000,0.00000,2023-06-12,0.00000,1,9,1_4301574,1_4301574_9
1,4301546,1,,9,1800.00000,0.00000,0.00000,2008-09-26,0.00000,1,9,1_4301546,1_4301546_9
1,4300986,1,,9,0.00000,0.00000,0.00000,1999-02-25,0.00000,1,9,1_4300986,1_4300986_9
1,4300681,1,,9,0.00000,0.00000,0.00000,2005-10-07,0.00000,1,9,1_4300681,1_4300681_9
1,4300049,1,,9,0.00000,0.00000,0.00000,2004-01-13,0.00000,1,9,1_4300049,1_4300049_9
1,4300332,1,,9,2999.00000,0.00000,0.00000,2023-07-06,0.00000,1,9,1_4300332,1_4300332_9
1,4301838,1,,9,2999.00000,0.00000,0.00000,2020-04-22,0.00000,1,9,1_4301838,1_4301838_9
1,4301428,1,,9,6000.00000,0.00000,0.00000,2024-03-21,0.00000,1,9,1_4301428,1_4301428_9
1,4301768,1,,9,2999.00000,0.00000,0.00000,2024-01-19,0.00000,1,9,1_4301768,1_4301768_9
1,4300690,1,,9,12000.00000,2981.71000,-0.01000,2024-05-23,0.00000,1,9,1_4300690,1_4300690_9
1,4301382,1,,9,0.00000,0.00000,0.00000,2002-01-17,0.00000,1,9,1_4301382,1_4301382_9
1,4301511,1,,9,0.00000,0.00000,0.00000,2005-06-23,0.00000,1,9,1_4301511,1_4301511_9
1,4301113,1,,9,0.00000,0.00000,0.00000,2002-04-24,0.00000,1,9,1_4301113,1_4301113_9
1,4301206,1,,9,2999.00000,0.00000,0.00000,2023-05-02,0.00000,1,9,1_4301206,1_4301206_9
1,4301498,1,,9,0.00000,0.00000,0.00000,2005-12-20,0.00000,1,9,1_4301498,1_4301498_9
1,4300211,1,,9,0.00000,0.00000,0.00000,2018-10-24,0.00000,1,9,1_4300211,1_4300211_9
1,4301284,1,,9,0.00000,0.00000,0.00000,2011-05-19,0.00000,1,9,1_4301284,1_4301284_9
1,4300852,1,,9,0.00000,0.00000,0.00000,2023-01-16,0.00000,1,9,1_4300852,1_4300852_9
1,4301440,1,,9,0.00000,0.00000,0.00000,2003-10-28,0.00000,1,9,1_4301440,1_4301440_9
1,4301749,1,,9,2999.00000,0.00000,0.00000,2015-04-13,0.00000,1,9,1_4301749,1_4301749_9
1,4300346,1,,9,0.00000,0.00000,0.00000,2000-10-23,0.00000,1,9,1_4300346,1_4300346_9
1,4301425,1,,9,0.00000,0.00000,0.00000,2004-01-01,0.00000,1,9,1_4301425,1_4301425_9
1,4301481,1,,9,0.00000,0.00000,0.00000,2004-03-11,0.00000,1,9,1_4301481,1_4301481_9
1,4300853,1,,9,1800.00000,0.00000,0.00000,2016-07-25,0.00000,1,9,1_4300853,1_4300853_9
1,4301628,1,,9,1800.00000,0.00000,0.00000,2009-04-17,0.00000,1,9,1_4301628,1_4301628_9
1,4301619,1,,9,1800.00000,0.00000,0.00000,2012-09-07,0.00000,1,9,1_4301619,1_4301619_9
1,4301610,1,,9,1800.00000,0.00000,0.00000,2009-09-25,0.00000,1,9,1_4301610,1_4301610_9
1,4301547,1,,9,0.00000,0.00000,0.00000,2021-10-21,0.00000,1,9,1_4301547,1_4301547_9
1,4300536,1,,9,0.00000,0.00000,0.00000,2006-09-18,0.00000,1,9,1_4300536,1_4300536_9
1,4301662,1,,9,1800.00000,0.00000,0.00000,2010-08-24,0.00000,1,9,1_4301662,1_4301662_9
1,4301256,1,,9,0.00000,0.00000,0.00000,1998-12-17,0.00000,1,9,1_4301256,1_4301256_9
1,4301162,1,,9,0.00000,0.00000,0.00000,1997-07-01,0.00000,1,9,1_4301162,1_4301162_9
1,4301479,1,,9,0.00000,0.00000,0.00000,2004-03-10,0.00000,1,9,1_4301479,1_4301479_9
1,4301560,1,,9,1800.00000,0.00000,0.00000,2008-06-03,0.00000,1,9,1_4301560,1_4301560_9
1,4301495,1,,9,0.00000,0.00000,0.00000,2018-10-29,0.00000,1,9,1_4301495,1_4301495_9
1,4301250,1,,9,0.00000,0.00000,0.00000,2001-07-04,0.00000,1,9,1_4301250,1_4301250_9
1,4301563,1,,9,0.00000,0.00000,0.00000,2007-03-22,0.00000,1,9,1_4301563,1_4301563_9
1,4301146,1,,9,0.00000,0.00000,0.00000,1997-04-18,0.00000,1,9,1_4301146,1_4301146_9
1,4301652,1,,9,1800.00000,0.00000,0.00000,2014-01-16,0.00000,1,9,1_4301652,1_4301652_9
1,4301213,1,,9,0.00000,0.00000,0.00000,1997-11-05,0.00000,1,9,1_4301213,1_4301213_9
1,4301587,1,,9,1800.00000,0.00000,0.00000,2010-12-15,0.00000,1,9,1_4301587,1_4301587_9
1,4301384,1,,9,0.00000,0.00000,0.00000,2000-10-23,0.00000,1,9,1_4301384,1_4301384_9
1,4301191,1,,9,0.00000,0.00000,0.00000,1997-07-22,0.00000,1,9,1_4301191,1_4301191_9
1,4300181,1,,9,0.00000,0.00000,0.00000,2007-05-02,0.00000,1,9,1_4300181,1_4300181_9
1,4301201,1,,9,0.00000,0.00000,0.00000,1997-10-09,0.00000,1,9,1_4301201,1_4301201_9
1,4301483,1,,9,0.00000,0.00000,0.00000,2012-09-19,0.00000,1,9,1_4301483,1_4301483_9
1,4300098,1,,9,0.00000,0.00000,0.00000,1996-07-05,0.00000,1,9,1_4300098,1_4300098_9
1,4301149,1,,9,0.00000,0.00000,0.00000,2010-03-26,0.00000,1,9,1_4301149,1_4301149_9
1,4301728,1,,9,0.00000,0.00000,0.00000,2015-10-20,0.00000,1,9,1_4301728,1_4301728_9
1,4301496,1,,9,0.00000,0.00000,0.00000,2021-09-16,0.00000,1,9,1_4301496,1_4301496_9
1,4301435,1,,9,0.00000,0.00000,0.00000,2002-12-17,0.00000,1,9,1_4301435,1_4301435_9
1,4301748,1,,9,0.00000,0.00000,0.00000,2015-10-21,0.00000,1,9,1_4301748,1_4301748_9
1,4301304,1,,9,0.00000,0.00000,0.00000,2000-04-17,0.00000,1,9,1_4301304,1_4301304_9
1,4300087,1,,9,0.00000,0.00000,0.00000,2006-03-29,0.00000,1,9,1_4300087,1_4300087_9
1,4301583,1,,9,1800.00000,0.00000,0.00000,2012-07-04,0.00000,1,9,1_4301583,1_4301583_9
1,4300811,1,,9,0.00000,0.00000,0.00000,2005-11-15,0.00000,1,9,1_4300811,1_4300811_9
1,4301510,1,,9,0.00000,0.00000,0.00000,2005-06-07,0.00000,1,9,1_4301510,1_4301510_9
1,4301445,1,,9,1800.00000,0.00000,0.00000,2010-03-26,0.00000,1,9,1_4301445,1_4301445_9
1,4301259,1,,9,0.00000,0.00000,0.00000,1998-12-22,0.00000,1,9,1_4301259,1_4301259_9
1,4301103,1,,9,0.00000,0.00000,0.00000,2001-11-19,0.00000,1,9,1_4301103,1_4301103_9
1,4301640,1,,9,1800.00000,0.00000,0.00000,2009-11-03,0.00000,1,9,1_4301640,1_4301640_9
1,4301646,1,,9,1800.00000,0.00000,0.00000,2015-11-04,0.00000,1,9,1_4301646,1_4301646_9
1,4301132,1,,9,1800.00000,0.00000,0.00000,2009-03-17,0.00000,1,9,1_4301132,1_4301132_9
1,4301111,1,,9,0.00000,0.00000,0.00000,1995-12-20,0.00000,1,9,1_4301111,1_4301111_9
1,4300985,1,,9,0.00000,0.00000,0.00000,1996-06-26,0.00000,1,9,1_4300985,1_4300985_9
1,4301514,1,,9,0.00000,0.00000,0.00000,2017-06-13,0.00000,1,9,1_4301514,1_4301514_9
1,4301281,1,,9,0.00000,0.00000,0.00000,2003-09-23,0.00000,1,9,1_4301281,1_4301281_9
1,4301291,1,,9,0.00000,0.00000,0.00000,1999-10-15,0.00000,1,9,1_4301291,1_4301291_9
1,4301376,1,,9,1800.00000,0.00000,0.00000,2009-06-04,0.00000,1,9,1_4301376,1_4301376_9
1,4300360,1,,9,0.00000,0.00000,0.00000,2000-05-23,0.00000,1,9,1_4300360,1_4300360_9
1,4301186,1,,9,0.00000,0.00000,0.00000,1997-08-06,0.00000,1,9,1_4301186,1_4301186_9
1,4301377,1,,9,0.00000,0.00000,0.00000,2000-08-24,0.00000,1,9,1_4301377,1_4301377_9
1,4300070,1,,9,0.00000,0.00000,0.00000,2005-08-29,0.00000,1,9,1_4300070,1_4300070_9
1,4300071,1,,9,1800.00000,0.00000,0.00000,2014-12-01,0.00000,1,9,1_4300071,1_4300071_9
1,4301189,1,,9,0.00000,0.00000,0.00000,1997-07-09,0.00000,1,9,1_4301189,1_4301189_9
1,4301138,1,,9,0.00000,0.00000,0.00000,2012-09-17,0.00000,1,9,1_4301138,1_4301138_9
1,4301018,1,,9,0.00000,0.00000,0.00000,2004-03-22,0.00000,1,9,1_4301018,1_4301018_9
1,4301539,1,,9,0.00000,0.00000,0.00000,2006-05-09,0.00000,1,9,1_4301539,1_4301539_9
1,4301508,1,,9,0.00000,0.00000,0.00000,2005-10-07,0.00000,1,9,1_4301508,1_4301508_9
1,4301647,1,,9,1800.00000,0.00000,0.00000,2009-12-24,0.00000,1,9,1_4301647,1_4301647_9
1,4300377,1,,9,0.00000,0.00000,0.00000,1996-10-10,0.00000,1,9,1_4300377,1_4300377_9
1,4301554,1,,9,0.00000,0.00000,0.00000,2006-10-20,0.00000,1,9,1_4301554,1_4301554_9
1,4301837,1,,9,2999.00000,0.00000,0.00000,2020-04-30,0.00000,1,9,1_4301837,1_4301837_9
1,4300969,1,,9,0.00000,0.00000,0.00000,2001-04-27,0.00000,1,9,1_4300969,1_4300969_9
1,4301298,1,,9,0.00000,0.00000,0.00000,1999-11-24,0.00000,1,9,1_4301298,1_4301298_9
1,4301072,1,,9,0.00000,0.00000,0.00000,2000-06-15,0.00000,1,9,1_4301072,1_4301072_9
1,4301533,1,,9,0.00000,0.00000,0.00000,2006-05-19,0.00000,1,9,1_4301533,1_4301533_9
1,4301165,1,,9,0.00000,0.00000,0.00000,1998-05-20,0.00000,1,9,1_4301165,1_4301165_9
1,4301713,1,,9,1800.00000,0.00000,0.00000,2013-05-28,0.00000,1,9,1_4301713,1_4301713_9
1,4301041,1,,9,2999.00000,0.00000,0.00000,2023-01-11,0.00000,1,9,1_4301041,1_4301041_9
1,4301176,1,,9,0.00000,0.00000,0.00000,2019-07-19,0.00000,1,9,1_4301176,1_4301176_9
1,4301119,1,,9,0.00000,0.00000,0.00000,1996-01-30,0.00000,1,9,1_4301119,1_4301119_9
1,4300618,1,,9,0.00000,0.00000,0.00000,1999-09-24,0.00000,1,9,1_4300618,1_4300618_9
1,4301002,1,,9,1800.00000,0.00000,0.00000,2009-12-31,0.00000,1,9,1_4301002,1_4301002_9
1,4301548,1,,9,0.00000,0.00000,0.00000,2008-03-04,0.00000,1,9,1_4301548,1_4301548_9
1,4301762,1,,9,2999.00000,0.00000,0.00000,2022-07-01,0.00000,1,9,1_4301762,1_4301762_9
1,4301410,1,,9,1800.00000,0.00000,0.00000,2014-06-30,0.00000,1,9,1_4301410,1_4301410_9
1,4301561,1,,9,0.00000,0.00000,0.00000,2007-07-04,0.00000,1,9,1_4301561,1_4301561_9
1,4301263,1,,9,1800.00000,0.00000,0.00000,2011-01-19,0.00000,1,9,1_4301263,1_4301263_9
1,4301210,1,,9,0.00000,0.00000,0.00000,1998-02-06,0.00000,1,9,1_4301210,1_4301210_9
1,4301702,1,,9,1800.00000,0.00000,0.00000,2012-11-08,0.00000,1,9,1_4301702,1_4301702_9
1,4301268,1,,9,0.00000,0.00000,0.00000,2014-12-01,0.00000,1,9,1_4301268,1_4301268_9
1,4301321,1,,9,0.00000,0.00000,0.00000,2001-11-14,0.00000,1,9,1_4301321,1_4301321_9
1,4301729,1,,9,2999.00000,391.44000,0.00000,2024-06-13,0.00000,1,9,1_4301729,1_4301729_9
1,4301790,1,,9,2999.00000,0.00000,0.00000,2017-04-27,0.00000,1,9,1_4301790,1_4301790_9
1,4300576,1,,9,2999.00000,0.00000,0.00000,2023-11-28,0.00000,1,9,1_4300576,1_4300576_9
1,4301226,1,,9,2999.00000,0.00000,0.00000,2020-10-22,0.00000,1,9,1_4301226,1_4301226_9
1,4300104,1,,9,2999.00000,0.00000,0.00000,2023-06-16,0.00000,1,9,1_4300104,1_4300104_9
1,4301832,1,,9,2999.00000,0.00000,0.00000,2021-05-10,0.00000,1,9,1_4301832,1_4301832_9
1,4301779,1,,9,2999.00000,0.00000,0.00000,2023-09-26,0.00000,1,9,1_4301779,1_4301779_9
1,4301797,1,,9,2999.00000,0.00000,0.00000,2023-03-03,0.00000,1,9,1_4301797,1_4301797_9
1,4301830,1,,9,2999.00000,0.00000,0.00000,2019-05-10,0.00000,1,9,1_4301830,1_4301830_9
1,4301795,1,,9,2999.00000,0.00000,0.00000,2023-02-09,0.00000,1,9,1_4301795,1_4301795_9
1,4301812,1,,9,2999.00000,0.00000,0.00000,2018-05-30,0.00000,1,9,1_4301812,1_4301812_9
1,4301828,1,,9,0.00000,0.00000,0.00000,2019-04-02,0.00000,1,9,1_4301828,1_4301828_9
1,4300758,1,,9,6000.00000,790.37000,3957.14000,2024-07-02,0.00000,1,9,1_4300758,1_4300758_9
1,4300712,1,,9,2999.00000,0.00000,0.00000,2024-06-27,0.00000,1,9,1_4300712,1_4300712_9
1,4300932,1,,9,0.00000,0.00000,0.00000,1997-09-30,0.00000,1,9,1_4300932,1_4300932_9
1,4301840,1,,9,2999.00000,0.00000,0.00000,2020-12-10,0.00000,1,9,1_4301840,1_4301840_9
1,4301590,1,,9,1800.00000,0.00000,0.00000,2015-09-21,0.00000,1,9,1_4301590,1_4301590_9
1,4301706,1,,9,1800.00000,0.00000,0.00000,2013-02-04,0.00000,1,9,1_4301706,1_4301706_9
1,4301171,1,,9,0.00000,0.00000,0.00000,2007-07-16,0.00000,1,9,1_4301171,1_4301171_9
1,4301422,1,,9,1800.00000,0.00000,0.00000,2010-11-15,0.00000,1,9,1_4301422,1_4301422_9
1,4300691,1,,9,0.00000,0.00000,0.00000,2001-04-24,0.00000,1,9,1_4300691,1_4300691_9
1,4301656,1,,9,1800.00000,0.00000,0.00000,2010-05-24,0.00000,1,9,1_4301656,1_4301656_9
1,4300661,1,,9,0.00000,0.00000,0.00000,1996-03-19,0.00000,1,9,1_4300661,1_4300661_9
1,4301147,1,,9,0.00000,0.00000,0.00000,1998-02-19,0.00000,1,9,1_4301147,1_4301147_9
1,4301359,1,,9,0.00000,0.00000,0.00000,2000-09-07,0.00000,1,9,1_4301359,1_4301359_9
1,4301408,1,,9,0.00000,0.00000,0.00000,2023-04-04,0.00000,1,9,1_4301408,1_4301408_9
1,4301625,1,,9,1800.00000,0.00000,0.00000,2012-12-11,0.00000,1,9,1_4301625,1_4301625_9
1,4301457,1,,9,1800.00000,0.00000,0.00000,2014-07-29,0.00000,1,9,1_4301457,1_4301457_9
1,4300820,1,,9,0.00000,0.00000,0.00000,2022-09-12,0.00000,1,9,1_4300820,1_4300820_9
1,4301399,1,,9,0.00000,0.00000,0.00000,2001-04-09,0.00000,1,9,1_4301399,1_4301399_9
1,4301374,1,,9,0.00000,0.00000,0.00000,2012-03-28,0.00000,1,9,1_4301374,1_4301374_9
1,4301697,1,,9,1800.00000,0.00000,0.00000,2023-10-27,0.00000,1,9,1_4301697,1_4301697_9
1,4301161,1,,9,1800.00000,0.00000,0.00000,2014-05-19,0.00000,1,9,1_4301161,1_4301161_9
1,4301239,1,,9,0.00000,0.00000,0.00000,1998-04-15,0.00000,1,9,1_4301239,1_4301239_9
1,4301414,1,,9,1800.00000,0.00000,0.00000,2009-04-20,0.00000,1,9,1_4301414,1_4301414_9
1,4301378,1,,9,2999.00000,0.00000,0.00000,2024-03-07,0.00000,1,9,1_4301378,1_4301378_9
1,4300776,1,,9,1800.00000,0.00000,0.00000,2020-06-01,0.00000,1,9,1_4300776,1_4300776_9
1,4301084,1,,9,0.00000,0.00000,0.00000,2013-12-16,0.00000,1,9,1_4301084,1_4301084_9
1,4301438,1,,9,800.00000,0.00000,0.00000,2023-10-10,0.00000,1,9,1_4301438,1_4301438_9
1,4301605,1,,9,1800.00000,0.00000,0.00000,2016-01-21,0.00000,1,9,1_4301605,1_4301605_9
1,4300028,1,,9,0.00000,0.00000,0.00000,1997-04-08,0.00000,1,9,1_4300028,1_4300028_9
1,4301725,1,,9,1800.00000,0.00000,0.00000,2022-11-02,0.00000,1,9,1_4301725,1_4301725_9
1,4301196,1,,9,0.00000,0.00000,0.00000,1997-09-08,0.00000,1,9,1_4301196,1_4301196_9
1,4301238,1,,9,0.00000,0.00000,0.00000,1998-03-13,0.00000,1,9,1_4301238,1_4301238_9
1,4300788,1,,9,1800.00000,0.00000,0.00000,2023-06-20,0.00000,1,9,1_4300788,1_4300788_9
1,4300545,1,,9,2999.00000,0.00000,0.00000,2024-03-07,0.00000,1,9,1_4300545,1_4300545_9
1,4301601,1,,9,1800.00000,0.00000,0.00000,2008-02-29,0.00000,1,9,1_4301601,1_4301601_9
1,4301048,1,,9,0.00000,0.00000,0.00000,1999-10-20,0.00000,1,9,1_4301048,1_4301048_9
1,4301700,1,,9,1800.00000,0.00000,0.00000,2013-01-08,0.00000,1,9,1_4301700,1_4301700_9
1,4301388,1,,9,0.00000,0.00000,0.00000,2000-12-05,0.00000,1,9,1_4301388,1_4301388_9
1,4301054,1,,9,0.00000,0.00000,0.00000,2006-09-29,0.00000,1,9,1_4301054,1_4301054_9
1,4301444,1,,9,1800.00000,0.00000,0.00000,2015-03-24,0.00000,1,9,1_4301444,1_4301444_9
1,4301575,1,,9,0.00000,0.00000,0.00000,2007-05-16,0.00000,1,9,1_4301575,1_4301575_9
1,4301274,1,,9,0.00000,0.00000,0.00000,1999-03-19,0.00000,1,9,1_4301274,1_4301274_9
1,4301651,1,,9,1800.00000,0.00000,0.00000,2010-02-17,0.00000,1,9,1_4301651,1_4301651_9
1,4301636,1,,9,1800.00000,0.00000,0.00000,2009-09-25,0.00000,1,9,1_4301636,1_4301636_9
1,4301528,1,,9,0.00000,0.00000,0.00000,2006-03-06,0.00000,1,9,1_4301528,1_4301528_9
1,4301746,1,,9,1800.00000,0.00000,0.00000,2015-05-08,0.00000,1,9,1_4301746,1_4301746_9
1,4301460,1,,9,0.00000,0.00000,0.00000,2023-12-20,0.00000,1,9,1_4301460,1_4301460_9
1,4301225,1,,9,0.00000,0.00000,0.00000,2003-09-04,0.00000,1,9,1_4301225,1_4301225_9
1,4301629,1,,9,1800.00000,0.00000,0.00000,2011-09-21,0.00000,1,9,1_4301629,1_4301629_9
1,4300631,1,,9,0.00000,0.00000,0.00000,2007-11-06,0.00000,1,9,1_4300631,1_4300631_9
1,4300869,1,,9,0.00000,0.00000,0.00000,1997-09-23,0.00000,1,9,1_4300869,1_4300869_9
1,4300837,1,,9,0.00000,5544.34000,0.00000,2024-06-25,0.00000,1,9,1_4300837,1_4300837_9
1,4301017,1,,9,2999.00000,0.00000,0.00000,2024-03-21,0.00000,1,9,1_4301017,1_4301017_9
1,4301173,1,,9,6000.00000,0.00000,3008.79000,2024-04-08,0.00000,1,9,1_4301173,1_4301173_9
1,4301731,1,,9,2999.00000,135.47000,0.00000,2024-06-12,0.00000,1,9,1_4301731,1_4301731_9
1,4301211,1,,9,1800.00000,0.00000,0.00000,2024-04-04,0.00000,1,9,1_4301211,1_4301211_9
1,4301705,1,,9,2999.00000,2504.70000,0.00000,2024-06-14,0.00000,1,9,1_4301705,1_4301705_9
1,4300013,1,,9,120000.00000,0.00000,76230.00000,2024-04-03,0.00000,1,9,1_4300013,1_4300013_9
1,4000773,1,,9,3000.00000,74.05000,101.34000,2024-06-06,0.00000,1,9,1_4000773,1_4000773_9
1,4000232,1,,9,12000.00000,9836.09000,14584.13000,2024-07-09,0.00000,1,9,1_4000232,1_4000232_9
1,4301595,1,,9,0.00000,0.00000,0.00000,2014-02-20,0.00000,1,9,1_4301595,1_4301595_9
1,4000038,1,,9,3000.00000,797.91000,128.07000,2024-06-17,0.00000,1,9,1_4000038,1_4000038_9
1,4301439,1,,9,6000.00000,0.00000,0.00000,2024-04-05,0.00000,1,9,1_4301439,1_4301439_9
1,4301557,1,,9,65000.00000,10583.00000,6612.00000,2024-06-11,0.00000,1,9,1_4301557,1_4301557_9
1,4000163,1,,9,6000.00000,-832.87000,0.01000,2024-04-30,0.00000,1,9,1_4000163,1_4000163_9
1,4301757,1,,9,2999.00000,0.00000,0.00000,2024-01-08,0.00000,1,9,1_4301757,1_4301757_9
1,4301683,1,,9,2999.00000,0.00000,0.00000,2021-01-21,0.00000,1,9,1_4301683,1_4301683_9
1,4300555,1,,9,2999.00000,0.00000,0.00000,2013-04-04,0.00000,1,9,1_4300555,1_4300555_9
1,4301791,1,,9,2999.00000,0.00000,0.00000,2017-07-27,0.00000,1,9,1_4301791,1_4301791_9
1,4301030,1,,9,1800.00000,0.00000,0.00000,2024-04-22,0.00000,1,9,1_4301030,1_4301030_9
1,4000063,1,,9,12000.00000,678.19000,0.00000,2024-06-25,0.00000,1,9,1_4000063,1_4000063_9
1,4301788,1,,9,2999.00000,0.00000,0.00000,2017-06-15,0.00000,1,9,1_4301788,1_4301788_9
1,4301785,1,,9,2999.00000,0.00000,0.00000,2020-06-19,0.00000,1,9,1_4301785,1_4301785_9
1,4301783,1,,9,2999.00000,0.00000,0.00000,2017-05-08,0.00000,1,9,1_4301783,1_4301783_9
1,4301853,1,,9,2999.00000,0.00000,0.00000,2024-02-22,0.00000,1,9,1_4301853,1_4301853_9
1,4301507,1,,9,2999.00000,1219.68000,0.00000,2024-06-25,0.00000,1,9,1_4301507,1_4301507_9
1,4301730,1,,9,2999.00000,0.00000,0.00000,2021-07-05,0.00000,1,9,1_4301730,1_4301730_9
1,4301829,1,,9,0.00000,0.00000,0.00000,2019-04-11,0.00000,1,9,1_4301829,1_4301829_9
1,4301759,1,,9,2999.00000,0.00000,0.00000,2017-11-27,0.00000,1,9,1_4301759,1_4301759_9
1,4300357,1,,9,2999.00000,219.80000,251.20000,2024-07-05,0.00000,1,9,1_4300357,1_4300357_9
1,4000446,1,,9,1800.00000,0.00000,0.00000,2024-02-29,0.00000,1,9,1_4000446,1_4000446_9
1,4000494,1,,9,6000.00000,0.00000,0.00000,2024-04-08,0.00000,1,9,1_4000494,1_4000494_9
1,4301641,1,,9,2999.00000,0.00000,0.00000,2024-05-07,0.00000,1,9,1_4301641,1_4301641_9
1,4300012,1,,9,2999.00000,0.00000,76.07000,2024-06-13,0.00000,1,9,1_4300012,1_4300012_9
1,4000728,1,,9,12000.00000,0.00000,1040.00000,2024-06-25,0.00000,1,9,1_4000728,1_4000728_9
1,4000646,1,,9,0.00000,989.78000,197.98000,2024-07-02,0.00000,1,9,1_4000646,1_4000646_9
1,4301520,1,,9,2999.00000,916.58000,0.00000,2024-06-11,0.00000,1,9,1_4301520,1_4301520_9
1,4301505,1,,9,3000.00000,1809.07000,0.00000,2024-06-25,0.00000,1,9,1_4301505,1_4301505_9
1,4300240,1,,9,2999.00000,990.81000,0.00000,2024-07-03,0.00000,1,9,1_4300240,1_4300240_9
1,4300532,1,,9,6000.00000,0.00000,0.00000,2024-03-06,0.00000,1,9,1_4300532,1_4300532_9
1,4301872,1,,9,0.00000,0.00000,0.00000,2024-01-04,0.00000,1,9,1_4301872,1_4301872_9
1,4300301,1,,9,3000.00000,0.00000,0.00000,2024-01-23,0.00000,1,9,1_4300301,1_4300301_9
1,4300619,1,,9,0.00000,0.00000,0.00000,2023-09-05,0.00000,1,9,1_4300619,1_4300619_9
1,4301167,1,,9,30000.00000,17470.34000,0.01000,2024-07-01,0.00000,1,9,1_4301167,1_4301167_9
1,4301120,1,,9,2999.00000,0.00000,0.00000,2023-11-23,0.00000,1,9,1_4301120,1_4301120_9
1,4301690,1,,9,60000.00000,0.00000,0.00000,2024-02-28,0.00000,1,9,1_4301690,1_4301690_9
1,4300200,1,,9,12000.00000,1153.05000,0.00000,2024-05-08,0.00000,1,9,1_4300200,1_4300200_9
1,4000610,1,,9,3000.00000,3279.85000,0.00000,2024-05-29,0.00000,1,9,1_4000610,1_4000610_9
1,4301286,1,,9,2999.00000,0.00000,0.00000,2023-12-20,0.00000,1,9,1_4301286,1_4301286_9
1,4000757,1,,9,3000.00000,1060.27000,0.00000,,0.00000,1,9,1_4000757,1_4000757_9
1,4301866,1,,9,2999.00000,308.94000,0.00000,2024-05-08,0.00000,1,9,1_4301866,1_4301866_9
1,4000027,1,,9,1800.00000,-125.84000,0.00000,2023-09-27,0.00000,1,9,1_4000027,1_4000027_9
1,4301870,1,,9,0.00000,195.75000,0.00000,2024-07-03,0.00000,1,9,1_4301870,1_4301870_9
1,4000751,1,,9,3000.00000,459.80000,0.00000,2024-06-04,0.00000,1,9,1_4000751,1_4000751_9
1,4000637,1,,9,6000.00000,522.24000,0.00000,2024-06-28,0.00000,1,9,1_4000637,1_4000637_9
1,4302013,1,,9,2999.00000,3600.96000,0.00000,2024-06-18,0.00000,1,9,1_4302013,1_4302013_9
1,4301682,1,,9,20000.00000,525.43000,428.88000,2024-05-29,0.00000,1,9,1_4301682,1_4301682_9
1,4301626,1,,9,1800.00000,0.00000,0.00000,2024-04-08,0.00000,1,9,1_4301626,1_4301626_9
1,4000477,1,,9,3000.00000,396.88000,0.00000,2024-05-31,0.00000,1,9,1_4000477,1_4000477_9
1,4000160,1,,9,0.00000,291.31000,0.00000,2024-06-20,0.00000,1,9,1_4000160,1_4000160_9
1,4000747,1,,9,0.00000,0.00000,0.00000,,0.00000,1,9,1_4000747,1_4000747_9
1,4000765,1,,9,0.00000,0.00000,0.00000,2023-12-20,0.00000,1,9,1_4000765,1_4000765_9
1,4301630,1,,9,2999.00000,0.00000,0.00000,2023-10-30,0.00000,1,9,1_4301630,1_4301630_9
1,4301555,1,,9,3000.00000,0.00000,0.00000,2024-05-08,0.00000,1,9,1_4301555,1_4301555_9
1,4300677,1,,9,6000.00000,0.00000,0.00000,2024-03-26,0.00000,1,9,1_4300677,1_4300677_9
1,4301535,1,,9,2999.00000,467.88000,0.00000,2024-05-13,0.00000,1,9,1_4301535,1_4301535_9
1,4000066,1,,9,12000.00000,1291.22000,340.98000,2024-07-01,0.00000,1,9,1_4000066,1_4000066_9
1,4301708,1,,9,6000.00000,961.95000,0.00000,2024-06-06,0.00000,1,9,1_4301708,1_4301708_9
1,4000559,1,,9,600.00000,0.00000,0.00000,2024-03-28,0.00000,1,9,1_4000559,1_4000559_9
1,4300718,1,,9,2999.00000,1454.57000,0.00000,2024-06-11,0.00000,1,9,1_4300718,1_4300718_9
1,4301489,1,,9,6000.00000,0.00000,0.00000,2023-11-13,0.00000,1,9,1_4301489,1_4301489_9
1,4301609,1,,9,0.00000,3348.53000,0.00000,2024-06-05,0.00000,1,9,1_4301609,1_4301609_9
1,4301819,1,,9,2999.00000,842.16000,0.00000,2024-05-28,0.00000,1,9,1_4301819,1_4301819_9
1,4000746,1,,9,3000.00000,0.00000,0.00000,2024-05-10,0.00000,1,9,1_4000746,1_4000746_9
1,4100990,1,,9,0.00000,0.00000,0.00000,,0.00000,1,9,1_4100990,1_4100990_9
1,4000712,1,,9,3000.00000,0.00000,0.00000,2023-12-14,0.00000,1,9,1_4000712,1_4000712_9
1,4301809,1,,9,2999.00000,0.00000,0.00000,2024-03-06,0.00000,1,9,1_4301809,1_4301809_9
1,4000408,1,,9,6000.00000,393.09000,0.00000,2024-06-30,0.00000,1,9,1_4000408,1_4000408_9
1,4301856,1,,9,2999.00000,3622.98000,0.00000,2024-05-02,0.00000,1,9,1_4301856,1_4301856_9
1,4000700,1,,9,0.00000,0.00000,0.00000,,0.00000,1,9,1_4000700,1_4000700_9
1,4000622,1,,9,3000.00000,0.00000,925.65000,2024-07-03,0.00000,1,9,1_4000622,1_4000622_9
1,4100265,1,,9,0.00000,0.00000,0.00000,,0.00000,1,9,1_4100265,1_4100265_9
1,4300002,1,,9,3000.00000,0.00000,0.00000,2016-11-28,0.00000,1,9,1_4300002,1_4300002_9
1,4000628,1,,9,600.00000,0.00000,0.00000,2024-01-11,0.00000,1,9,1_4000628,1_4000628_9
1,4000790,1,,9,0.00000,0.00000,0.00000,2023-08-01,0.00000,1,9,1_4000790,1_4000790_9
1,4300267,1,,9,200000.00000,89965.44000,3744.96000,2024-06-25,0.00000,1,9,1_4300267,1_4300267_9
1,4300632,1,,9,2999.00000,0.00000,0.00000,2024-03-13,0.00000,1,9,1_4300632,1_4300632_9
1,4000314,1,,9,6000.00000,1245.70000,0.00000,2024-05-22,0.00000,1,9,1_4000314,1_4000314_9
1,4300048,1,,9,3000.00000,0.00000,0.00000,2023-12-15,0.00000,1,9,1_4300048,1_4300048_9
1,4100997,1,,9,0.00000,0.00000,0.00000,,0.00000,1,9,1_4100997,1_4100997_9
1,4301529,1,,9,3000.00000,0.00000,0.00000,2024-01-10,0.00000,1,9,1_4301529,1_4301529_9
1,4000608,1,,9,30000.00000,0.00000,1900.00000,2023-12-18,0.00000,1,9,1_4000608,1_4000608_9
1,4000409,1,,9,3000.00000,0.00000,0.00000,2023-10-31,0.00000,1,9,1_4000409,1_4000409_9
1,4301144,1,,9,6000.00000,0.00000,0.00000,2024-01-18,0.00000,1,9,1_4301144,1_4301144_9
1,4000243,1,,9,0.00000,265.46000,0.00000,2024-06-30,0.00000,1,9,1_4000243,1_4000243_9
1,4300739,1,,9,1800.00000,0.00000,0.00000,2024-03-12,0.00000,1,9,1_4300739,1_4300739_9
1,4301621,1,,9,12000.00000,560.85000,0.00000,2024-05-09,0.00000,1,9,1_4301621,1_4301621_9
1,4301851,1,,9,2999.00000,1349.15000,2946.35000,2024-07-04,0.00000,1,9,1_4301851,1_4301851_9
1,4300160,1,,9,3000.00000,0.00000,0.00000,2024-02-29,0.00000,1,9,1_4300160,1_4300160_9
1,4000397,1,,9,3000.00000,0.00000,0.00000,2024-02-26,0.00000,1,9,1_4000397,1_4000397_9
1,4300145,1,,9,3000.00000,553.55000,0.00000,2024-05-28,0.00000,1,9,1_4300145,1_4300145_9
1,4300871,1,,9,6000.00000,0.00000,513.04000,2024-03-15,0.00000,1,9,1_4300871,1_4300871_9
1,4000775,1,,9,1000.00000,189.50000,0.00000,,0.00000,1,9,1_4000775,1_4000775_9
1,4000664,1,,9,6000.00000,1880.60000,3710.93000,2024-07-10,0.00000,1,9,1_4000664,1_4000664_9
1,4000718,1,,9,6000.00000,7933.28000,0.00000,2024-05-29,0.00000,1,9,1_4000718,1_4000718_9
1,4000470,1,,9,5000.00000,0.00000,0.00000,2024-03-31,0.00000,1,9,1_4000470,1_4000470_9
1,4310087,1,,9,0.00000,1560.43000,137.22000,,0.00000,1,9,1_4310087,1_4310087_9
1,4310088,1,,9,0.00000,1560.43000,137.22000,,0.00000,1,9,1_4310088,1_4310088_9
1,4000719,1,,9,3000.00000,523.11000,0.00000,2024-06-15,0.00000,1,9,1_4000719,1_4000719_9
1,4300793,1,,9,0.00000,1560.43000,137.22000,,0.00000,1,9,1_4300793,1_4300793_9
1,4310074,1,,9,0.00000,1560.43000,137.22000,,0.00000,1,9,1_4310074,1_4310074_9
1,4310020,1,,9,0.00000,1560.43000,137.22000,,0.00000,1,9,1_4310020,1_4310020_9
1,4301244,1,,9,30000.00000,302.50000,12363.78000,2024-07-09,0.00000,1,9,1_4301244,1_4301244_9
1,4000683,1,,9,3000.00000,0.00000,0.00000,2023-11-06,0.00000,1,9,1_4000683,1_4000683_9
1,4310025,1,,9,0.00000,1560.43000,137.22000,,0.00000,1,9,1_4310025,1_4310025_9
1,4310031,1,,9,0.00000,1560.43000,137.22000,,0.00000,1,9,1_4310031,1_4310031_9
1,4310034,1,,9,0.00000,1560.43000,137.22000,,0.00000,1,9,1_4310034,1_4310034_9
