empresa,subcta,linea_producto,clv_sub,subcta_contable,subcta_facturacion,zona_comercial,categoria,categoria_rappel,categoria_oferta,ficha_cerrada,fecha_alta,fecha_baja,subcta_contra,empresa_id,subcta_contable_id,subcta_facturacion_id,name
1,4300762,1,,4300762,4300762,48,0,,,1,1995-11-20,2000-01-01,,1,1_4300762,1_4300762,1_4300762
1,4301424,1,,4301424,4301424,77,0,,,1,2002-03-22,2003-01-01,,1,1_4301424,1_4301424,1_4301424
1,4000492,1,,4000492,4000492,77,,,,1,1999-07-02,2002-10-22,,1,1_4000492,1_4000492,1_4000492
1,4300900,1,,4300900,4300900,9,0,,,1,1995-11-20,2003-05-09,,1,1_4300900,1_4300900,1_4300900
1,4301099,1,,4301099,4301099,50,0,,,1,1995-11-21,2002-12-18,,1,1_4301099,1_4301099,1_4301099
1,4301281,1,,4301281,4301281,13,0,,,1,1999-04-29,2011-02-21,,1,1_4301281,1_4301281,1_4301281
1,4301035,1,,4301035,4301035,28,0,,,1,1996-11-26,2003-03-06,,1,1_4301035,1_4301035,1_4301035
1,4301031,1,,4301031,4301031,3,NO VISITA,,,1,1995-11-21,2011-04-14,,1,1_4301031,1_4301031,1_4301031
1,4301250,1,,4301250,4301250,48,0,,,1,1998-07-08,2002-09-02,,1,1_4301250,1_4301250,1_4301250
1,4300339,1,,4300339,4300339,10,0,,,1,1996-02-27,2003-04-01,,1,1_4300339,1_4300339,1_4300339
1,4300028,1,,4300028,4300028,8,0,,,1,1997-03-17,2011-02-28,,1,1_4300028,1_4300028,1_4300028
1,4300988,1,,4300988,4300988,13,0,,,1,1995-11-20,2011-04-14,,1,1_4300988,1_4300988,1_4300988
1,4300839,1,,4300839,4300839,77,0,,,1,1995-11-20,2004-12-23,,1,1_4300839,1_4300839,1_4300839
1,4300001,1,,4300001,4300001,8,0,,,1,1995-11-10,2010-02-17,,1,1_4300001,1_4300001,1_4300001
1,4000357,1,,4000357,4000357,77,,,,1,1996-05-29,2011-02-01,,1,1_4000357,1_4000357,1_4000357
1,4301279,1,,4301279,4301279,50,0,,,1,1999-04-19,2005-05-01,,1,1_4301279,1_4301279,1_4301279
1,4300212,1,,4300212,4300212,10,0,,,1,1995-11-14,2009-04-14,,1,1_4300212,1_4300212,1_4300212
1,4301119,1,,4301119,4301119,3,0,,,1,1996-02-15,2004-09-01,,1,1_4301119,1_4301119,1_4301119
1,4301287,1,,4301287,4301287,10,0,,,1,1999-06-16,2009-12-30,,1,1_4301287,1_4301287,1_4301287
1,4300715,1,,4300715,4300715,4,0,,,1,1995-11-20,1999-01-01,,1,1_4300715,1_4300715,1_4300715
1,4301151,1,,4301151,4301151,16,0,,,1,1996-11-27,2011-04-18,,1,1_4301151,1_4301151,1_4301151
1,4301072,1,,4301072,4301072,41,0,,,1,1996-11-27,2011-04-15,,1,1_4301072,1_4301072,1_4301072
1,4300749,1,,4300749,4300749,10,0,,,1,1996-11-25,2004-09-01,,1,1_4300749,1_4300749,1_4300749
1,4301434,1,,4301434,4301434,80,0,,,1,2002-11-06,2004-12-01,,1,1_4301434,1_4301434,1_4301434
1,4301033,1,,4301033,4301033,13,0,,,1,1996-11-26,2011-04-14,,1,1_4301033,1_4301033,1_4301033
1,4300084,1,,4300084,4300084,77,0,,,1,1995-11-13,2001-08-09,,1,1_4300084,1_4300084,1_4300084
1,4301044,1,,4301044,4301044,10,0,,,1,1995-11-21,1996-01-01,,1,1_4301044,1_4301044,1_4301044
1,4301450,1,,4301450,4301450,81,0,,,1,2003-03-03,2011-02-21,,1,1_4301450,1_4301450,1_4301450
1,4000758,1,,4000758,4000758,,,,,0,2019-09-18,,,1,1_4000758,1_4000758,1_4000758
1,4310054,1,,4310054,4310054,5,S,,,1,2005-02-14,2008-03-01,,1,1_4310054,1_4310054,1_4310054
1,4301224,1,,4301224,4301224,7,A,,,1,1997-12-18,2011-02-21,,1,1_4301224,1_4301224,1_4301224
1,4301159,1,,4301159,4301159,1,0,,,1,1997-01-14,2003-02-27,,1,1_4301159,1_4301159,1_4301159
1,4300860,1,,4300860,4300860,28,0,,,1,1996-11-25,2011-04-04,,1,1_4300860,1_4300860,1_4300860
1,4300867,1,,4300867,4300867,4,0,,,1,1996-11-25,2003-03-06,,1,1_4300867,1_4300867,1_4300867
1,4300466,1,,4300466,4300466,82,0,,,0,2003-02-17,2011-02-21,,1,1_4300466,1_4300466,1_4300466
1,4300757,1,,4300757,4300757,10,0,,,1,1996-11-25,2003-03-06,,1,1_4300757,1_4300757,1_4300757
1,4300351,1,,4300351,4300351,47,0,,,1,1995-11-14,2003-01-01,,1,1_4300351,1_4300351,1_4300351
1,4300878,1,,4300878,4300878,10,0,,,0,1995-11-20,2011-02-28,,1,1_4300878,1_4300878,1_4300878
1,4300673,1,,4300673,4300673,9,0,,,1,1996-01-01,2000-04-04,,1,1_4300673,1_4300673,1_4300673
1,4301051,1,,4301051,4301051,3,A,,,1,1995-11-21,2011-02-21,,1,1_4301051,1_4301051,1_4301051
1,4000141,1,,4000141,4000141,77,,,,1,1995-11-15,2010-05-01,,1,1_4000141,1_4000141,1_4000141
1,4301191,1,,4301191,4301191,28,0,,,1,1997-07-15,2003-03-06,,1,1_4301191,1_4301191,1_4301191
1,4301319,1,,4301319,4301319,17,0,,,0,2001-02-07,2011-02-17,,1,1_4301319,1_4301319,1_4301319
1,4300728,1,,4300728,4300728,3,0,,,1,1995-11-20,2001-08-09,,1,1_4300728,1_4300728,1_4300728
1,4300983,1,,4300983,4300983,3,A,,,1,1995-11-20,2006-05-02,,1,1_4300983,1_4300983,1_4300983
1,4300985,1,,4300985,4300985,4,A,,,1,1995-11-20,2011-04-14,,1,1_4300985,1_4300985,1_4300985
1,4301118,1,,4301118,4301118,77,0,,,1,1996-02-16,2002-03-01,,1,1_4301118,1_4301118,1_4301118
1,4000688,1,,4000688,4000688,,,,,0,2012-03-02,,,1,1_4000688,1_4000688,1_4000688
1,4300128,1,,4300128,4300128,81,0,,,1,1995-11-13,2002-01-01,,1,1_4300128,1_4300128,1_4300128
1,4300962,1,,4300962,4300962,3,0,,,1,1995-11-20,2004-12-14,,1,1_4300962,1_4300962,1_4300962
1,4000687,1,,4000687,4000687,,,,,0,2012-01-12,,,1,1_4000687,1_4000687,1_4000687
1,4301259,1,,4301259,4301259,3,0,,,1,1998-11-16,2003-03-13,,1,1_4301259,1_4301259,1_4301259
1,4301052,1,,4301052,4301052,5,NO VISITA,,,1,1996-11-27,2011-04-15,,1,1_4301052,1_4301052,1_4301052
1,4300668,1,,4300668,4300668,48,0,,,1,1995-11-20,2003-03-06,,1,1_4300668,1_4300668,1_4300668
1,4301082,1,,4301082,4301082,9,0,,,1,1996-11-27,1997-04-04,,1,1_4301082,1_4301082,1_4301082
1,4301133,1,,4301133,4301133,28,0,,,0,1996-06-25,2011-02-28,,1,1_4301133,1_4301133,1_4301133
1,4300575,1,,4300575,4300575,4,0,,,1,1995-11-16,2003-03-06,,1,1_4300575,1_4300575,1_4300575
1,4300091,1,,4300091,4300091,82,0,,,1,1995-11-14,2011-02-21,,1,1_4300091,1_4300091,1_4300091
1,4300289,1,,4300289,4300289,46,0,,,1,1995-11-14,2003-03-06,,1,1_4300289,1_4300289,1_4300289
1,4301147,1,,4301147,4301147,5,0,,,1,1996-11-11,2001-08-09,,1,1_4301147,1_4301147,1_4301147
1,4301065,1,,4301065,4301065,1,0,,,1,1996-11-27,1997-01-01,,1,1_4301065,1_4301065,1_4301065
1,4300846,1,,4300846,4300846,82,0,,,1,1995-11-20,2001-08-09,,1,1_4300846,1_4300846,1_4300846
1,4301273,1,,4301273,4301273,6,0,,,1,1999-02-17,2008-01-01,,1,1_4301273,1_4301273,1_4301273
1,4000408,1,,4000408,4000408,77,,,,0,1995-11-15,,,1,1_4000408,1_4000408,1_4000408
1,4300491,1,,4300491,4300491,41,0,,,1,1995-11-16,2003-03-06,,1,1_4300491,1_4300491,1_4300491
1,4301039,1,,4301039,4301039,77,0,,,1,1995-11-21,2011-04-15,,1,1_4301039,1_4301039,1_4301039
1,4301175,1,,4301175,4301175,6,0,,,1,1997-04-17,2011-02-21,,1,1_4301175,1_4301175,1_4301175
1,4300381,1,,4300381,4300381,1,0,,,1,1995-11-15,2000-01-01,,1,1_4300381,1_4300381,1_4300381
1,4300204,1,,4300204,4300204,6,0,,,1,1995-11-14,2003-03-06,,1,1_4300204,1_4300204,1_4300204
1,4301036,1,,4301036,4301036,81,0,,,1,1996-11-26,2011-04-25,,1,1_4301036,1_4301036,1_4301036
1,4300924,1,,4300924,4300924,8,0,,,1,1996-11-26,2003-03-06,,1,1_4300924,1_4300924,1_4300924
1,4301055,1,,4301055,4301055,8,0,,,1,1996-11-27,1997-04-16,,1,1_4301055,1_4301055,1_4301055
1,4300795,1,,4300795,4300795,43,0,,,1,1996-11-25,2003-01-01,,1,1_4300795,1_4300795,1_4300795
1,4301682,1,,4301682,4301682,41,,,,0,2011-07-25,,,1,1_4301682,1_4301682,1_4301682
1,4300029,1,,4300029,4300029,22,0,,,1,1995-11-10,2011-02-17,,1,1_4300029,1_4300029,1_4300029
1,4300608,1,,4300608,4300608,9,0,,,0,1996-11-22,2011-02-28,,1,1_4300608,1_4300608,1_4300608
1,4300625,1,,4300625,4300625,48,0,,,1,1995-11-16,2010-05-07,,1,1_4300625,1_4300625,1_4300625
1,4301302,1,,4301302,4301302,3,0,,,1,1999-11-17,2001-08-09,,1,1_4301302,1_4301302,1_4301302
1,4300110,1,,4300110,4300110,8,0,,,1,1995-11-13,2011-02-21,,1,1_4300110,1_4300110,1_4300110
1,4300722,1,,4300722,4300722,77,0,,,1,1996-11-25,2000-01-01,,1,1_4300722,1_4300722,1_4300722
1,4301088,1,,4301088,4301088,9,0,,,1,1996-11-27,1997-03-07,,1,1_4301088,1_4301088,1_4301088
1,4301166,1,,4301166,4301166,28,0,,,1,1997-03-03,2003-01-01,,1,1_4301166,1_4301166,1_4301166
1,4300363,1,,4300363,4300363,10,0,,,1,1995-11-14,1998-10-01,,1,1_4300363,1_4300363,1_4300363
1,4301104,1,,4301104,4301104,13,4301104,,,1,1995-11-21,2000-01-01,,1,1_4301104,1_4301104,1_4301104
1,4301089,1,,4301089,4301089,8,0,,,1,1998-12-11,2010-11-23,,1,1_4301089,1_4301089,1_4301089
1,4301196,1,,4301196,4301196,28,0,,,1,1997-08-01,2011-04-26,,1,1_4301196,1_4301196,1_4301196
1,4300567,1,,4300567,4300567,81,0,,,0,1999-02-25,2011-02-28,,1,1_4300567,1_4300567,1_4300567
1,4300960,1,,4300960,4300960,17,1,,,1,1996-09-25,2011-04-13,,1,1_4300960,1_4300960,1_4300960
1,4301386,1,,4301386,4301386,3,A,,,1,2000-10-27,2011-02-21,,1,1_4301386,1_4301386,1_4301386
1,4300202,1,,4300202,4300202,1,0,,,1,1995-11-14,2000-01-01,,1,1_4300202,1_4300202,1_4300202
1,4301071,1,,4301071,4301071,50,0,,,1,1996-11-27,2003-01-01,,1,1_4301071,1_4301071,1_4301071
1,4301199,1,,4301199,4301199,81,0,,,1,1997-09-01,2003-03-06,,1,1_4301199,1_4301199,1_4301199
1,4300834,1,,4300834,4300834,50,NO_VISITA,,,1,1995-11-20,2011-04-04,,1,1_4300834,1_4300834,1_4300834
1,4000560,1,,4000560,4000560,77,,,,0,2002-10-25,,,1,1_4000560,1_4000560,1_4000560
1,4301225,1,,4301225,4301225,77,0,,,1,1997-12-18,2004-09-01,,1,1_4301225,1_4301225,1_4301225
1,4301660,1,,4301660,4301660,82,,,,1,2010-06-16,,,1,1_4301660,1_4301660,1_4301660
1,4301275,1,,4301275,4301275,9,0,,,1,1999-03-12,2003-03-06,,1,1_4301275,1_4301275,1_4301275
1,4000419,1,,4000419,4000419,77,,,,0,1996-05-01,2011-03-07,,1,1_4000419,1_4000419,1_4000419
1,4301663,1,,4301663,4301663,,,,,0,2010-08-30,,,1,1_4301663,1_4301663,1_4301663
1,4000105,1,,4000105,4000105,77,,,,1,1996-05-04,2011-03-02,,1,1_4000105,1_4000105,1_4000105
1,4300666,1,,4300666,4300666,25,0,,,1,1996-11-22,2000-01-01,,1,1_4300666,1_4300666,1_4300666
1,4000714,1,,4000714,4000714,,,,,0,2013-11-26,,,1,1_4000714,1_4000714,1_4000714
1,4300106,1,,4300106,4300106,28,0,,,1,1995-11-13,2007-05-17,,1,1_4300106,1_4300106,1_4300106
1,4301418,1,,4301418,4301418,4,S,,,1,2002-01-10,2010-01-01,,1,1_4301418,1_4301418,1_4301418
1,4300262,1,,4300262,4300262,7,S,,,1,1995-11-14,2008-12-18,,1,1_4300262,1_4300262,1_4300262
1,4300730,1,,4300730,4300730,8,0,,,0,1995-11-20,2011-02-28,,1,1_4300730,1_4300730,1_4300730
1,4301128,1,,4301128,4301128,22,0,,,1,1996-05-14,2008-12-18,,1,1_4301128,1_4301128,1_4301128
1,4301373,1,,4301373,4301373,36,0,,,1,2000-05-29,2003-01-01,,1,1_4301373,1_4301373,1_4301373
1,4301114,1,,4301114,4301114,13,0,,,1,1997-01-01,2002-03-01,,1,1_4301114,1_4301114,1_4301114
1,4301186,1,,4301186,4301186,5,0,,,1,1997-07-01,2003-03-25,,1,1_4301186,1_4301186,1_4301186
1,4300473,1,,4300473,4300473,8,0,,,0,1995-11-16,2011-02-28,,1,1_4300473,1_4300473,1_4300473
1,4301015,1,,4301015,4301015,28,0,,,0,1996-03-18,2011-02-28,,1,1_4301015,1_4301015,1_4301015
1,4300901,1,,4300901,4300901,22,0,,,1,1996-11-26,2003-03-06,,1,1_4300901,1_4300901,1_4300901
1,4310003,1,,4310003,4310003,1,0,,,1,2004-01-14,2005-02-15,,1,1_4310003,1_4310003,1_4310003
1,4301360,1,,4301360,4301360,3,A,,,1,1999-12-27,2011-02-24,,1,1_4301360,1_4301360,1_4301360
1,4301239,1,,4301239,4301239,1,0,,,1,1998-04-01,2004-12-02,,1,1_4301239,1_4301239,1_4301239
1,4301169,1,,4301169,4301169,8,1,,,1,1997-03-24,2011-02-21,,1,1_4301169,1_4301169,1_4301169
1,4300276,1,,4300276,4300276,46,0,,,1,1995-11-14,2011-03-28,,1,1_4300276,1_4300276,1_4300276
1,4301146,1,,4301146,4301146,4,0,,,1,1996-11-07,1997-06-01,,1,1_4301146,1_4301146,1_4301146
1,4300750,1,,4300750,4300750,77,0,,,1,1996-11-25,2011-02-28,,1,1_4300750,1_4300750,1_4300750
1,4301075,1,,4301075,4301075,77,0,,,1,1996-11-27,1997-01-01,,1,1_4301075,1_4301075,1_4301075
1,4300437,1,,4300437,4300437,43,0,,,1,1995-11-16,2004-12-14,,1,1_4300437,1_4300437,1_4300437
1,4301066,1,,4301066,4301066,82,0,,,1,1996-11-27,2003-03-06,,1,1_4301066,1_4301066,1_4301066
1,4300793,1,,4300793,4300793,77,0,,,0,1996-11-25,2011-04-04,,1,1_4300793,1_4300793,1_4300793
1,4301280,1,,4301280,4301280,80,0,,,1,1999-04-22,2005-01-01,,1,1_4301280,1_4301280,1_4301280
1,4301074,1,,4301074,4301074,46,0,,,1,1996-11-27,2003-03-06,,1,1_4301074,1_4301074,1_4301074
1,4300947,1,,4300947,4300947,77,0,,,1,1995-11-20,2001-08-09,,1,1_4300947,1_4300947,1_4300947
1,4300865,1,,4300865,4300865,8,0,,,1,1996-11-25,2008-03-13,,1,1_4300865,1_4300865,1_4300865
1,4300571,1,,4300571,4300571,9,0,,,1,1995-11-16,2008-03-01,,1,1_4300571,1_4300571,1_4300571
1,4301150,1,,4301150,4301150,81,0,,,1,1996-11-26,2003-03-06,,1,1_4301150,1_4301150,1_4301150
1,4301027,1,,4301027,4301027,82,0,,,1,1996-11-26,2004-12-14,,1,1_4301027,1_4301027,1_4301027
1,4301178,1,,4301178,4301178,50,0,,,1,1997-04-25,2010-07-15,,1,1_4301178,1_4301178,1_4301178
1,4301103,1,,4301103,4301103,41,0,,,1,1995-11-21,2003-01-01,,1,1_4301103,1_4301103,1_4301103
1,4301177,1,,4301177,4301177,9,0,,,1,1997-04-18,2008-03-01,,1,1_4301177,1_4301177,1_4301177
1,4300893,1,,4300893,4300893,7,A,,,0,1996-11-26,2011-02-21,,1,1_4300893,1_4300893,1_4300893
1,4300054,1,,4300054,4300054,16,0,,,1,1995-11-13,2011-02-21,,1,1_4300054,1_4300054,1_4300054
1,4300882,1,,4300882,4300882,17,0,,,1,1997-02-06,1999-01-01,,1,1_4300882,1_4300882,1_4300882
1,4300306,1,,4300306,4300306,41,0,,,1,1995-11-14,2011-03-29,,1,1_4300306,1_4300306,1_4300306
1,4301301,1,,4301301,4301301,28,0,,,1,1999-11-12,2010-05-21,,1,1_4301301,1_4301301,1_4301301
1,4301086,1,,4301086,4301086,6,0,,,1,1996-11-27,1997-03-13,,1,1_4301086,1_4301086,1_4301086
1,4000582,1,,4000582,4000582,,,,,1,2004-02-18,2010-09-01,,1,1_4000582,1_4000582,1_4000582
1,4300206,1,,4300206,4300206,82,0,,,1,1995-11-14,1998-01-01,,1,1_4300206,1_4300206,1_4300206
1,4000719,1,,4000719,4000719,,,,,0,2014-06-30,,,1,1_4000719,1_4000719,1_4000719
1,4301101,1,,4301101,4301101,41,0,,,1,1995-11-21,1996-05-31,,1,1_4301101,1_4301101,1_4301101
1,4302069,1,,4302069,4302069,10,0,,,1,1996-11-27,2003-03-06,,1,1_4302069,1_4302069,1_4302069
1,4301304,1,,4301304,4301304,8,0,,,1,1999-12-27,2004-12-14,,1,1_4301304,1_4301304,1_4301304
1,4300393,1,,4300393,4300393,81,0,,,1,1995-11-15,1996-01-01,,1,1_4300393,1_4300393,1_4300393
1,4301198,1,,4301198,4301198,10,0,,,0,1997-08-25,2011-02-21,,1,1_4301198,1_4301198,1_4301198
1,4300027,1,,4300027,4300027,48,0,,,0,1995-11-10,2011-02-28,,1,1_4300027,1_4300027,1_4300027
1,4300935,1,,4300935,4300935,10,0,,,1,1995-11-20,2001-08-09,,1,1_4300935,1_4300935,1_4300935
1,4301063,1,,4301063,4301063,41,0,,,1,1996-11-27,2011-04-15,,1,1_4301063,1_4301063,1_4301063
1,4000721,1,,4000721,4000721,,,,,0,2014-07-04,,,1,1_4000721,1_4000721,1_4000721
1,4300812,1,,4300812,4300812,9,0,,,1,1997-03-17,2009-04-15,,1,1_4300812,1_4300812,1_4300812
1,4300769,1,,4300769,4300769,6,0,,,1,1995-11-20,2008-12-18,,1,1_4300769,1_4300769,1_4300769
1,4300457,1,,4300457,4300457,9,0,,,1,1997-08-25,2003-01-01,,1,1_4300457,1_4300457,1_4300457
1,4000730,1,,4000730,4000730,,,,,0,2015-05-22,,,1,1_4000730,1_4000730,1_4000730
1,4300974,1,,4300974,4300974,8,0,,,1,1996-11-26,1997-02-25,,1,1_4300974,1_4300974,1_4300974
1,4301379,1,,4301379,4301379,2,0,,,1,2000-07-11,2004-12-02,,1,1_4301379,1_4301379,1_4301379
1,4301384,1,,4301384,4301384,22,NO VISITA,,,1,2000-09-22,2010-05-12,,1,1_4301384,1_4301384,1_4301384
1,4000152,1,,4000152,4000152,77,,,,0,1995-11-15,1997-11-15,,1,1_4000152,1_4000152,1_4000152
1,4000668,1,,4000668,4000668,,,,,0,2010-07-01,,,1,1_4000668,1_4000668,1_4000668
1,4301094,1,,4301094,4301094,3,0,,,1,1995-11-21,2004-01-01,,1,1_4301094,1_4301094,1_4301094
1,4300879,1,,4300879,4300879,28,0,,,1,1996-11-25,2011-04-04,,1,1_4300879,1_4300879,1_4300879
1,4301049,1,,4301049,4301049,3,0,,,1,1996-11-27,2003-03-06,,1,1_4301049,1_4301049,1_4301049
1,4301291,1,,4301291,4301291,48,0,,,1,1999-09-14,2002-09-02,,1,1_4301291,1_4301291,1_4301291
1,4301359,1,,4301359,4301359,2,0,,,1,1999-12-15,2001-08-09,,1,1_4301359,1_4301359,1_4301359
1,4300841,1,,4300841,4300841,47,0,,,1,1996-11-25,2004-12-02,,1,1_4300841,1_4300841,1_4300841
1,4300100,1,,4300100,4300100,16,0,,,1,1996-05-16,2001-08-09,,1,1_4300100,1_4300100,1_4300100
1,4301179,1,,4301179,4301179,10,0,,,0,1997-05-05,2011-02-28,,1,1_4301179,1_4301179,1_4301179
1,4300059,1,,4300059,4300059,7,0,,,1,1995-11-14,2003-03-06,,1,1_4300059,1_4300059,1_4300059
1,4300590,1,,4300590,4300590,13,0,,,1,1995-11-16,2001-08-09,,1,1_4300590,1_4300590,1_4300590
1,4301121,1,,4301121,4301121,5,0,,,1,1996-02-15,2004-12-14,,1,1_4301121,1_4301121,1_4301121
1,4000711,1,,4000711,4000711,,,,,0,2013-11-07,,,1,1_4000711,1_4000711,1_4000711
1,4301093,1,,4301093,4301093,8,0,,,1,1995-11-21,2011-04-15,,1,1_4301093,1_4301093,1_4301093
1,4301160,1,,4301160,4301160,7,0,,,1,1997-01-21,2003-03-06,,1,1_4301160,1_4301160,1_4301160
1,4301152,1,,4301152,4301152,43,0,,,1,1996-11-28,2003-05-13,,1,1_4301152,1_4301152,1_4301152
1,4300022,1,,4300022,4300022,1,0,,,1,1995-11-10,2003-02-27,,1,1_4300022,1_4300022,1_4300022
1,4300704,1,,4300704,4300704,1,0,,,1,1995-11-20,1996-01-01,,1,1_4300704,1_4300704,1_4300704
1,4301681,1,,4301681,4301681,82,,,,0,2011-07-15,,,1,1_4301681,1_4301681,1_4301681
1,4301491,1,,4301491,4301491,7,"",,,0,2012-01-23,,,1,1_4301491,1_4301491,1_4301491
1,4300323,1,,4300323,4300323,22,0,,,1,1995-11-14,2002-01-01,,1,1_4300323,1_4300323,1_4300323
1,4301412,1,,4301412,4301412,77,0,,,1,2001-10-25,2004-12-02,,1,1_4301412,1_4301412,1_4301412
1,4300049,1,,4300049,4300049,81,0,,,1,1995-11-10,2008-10-01,,1,1_4300049,1_4300049,1_4300049
1,4301162,1,,4301162,4301162,17,0,,,1,1997-01-29,2011-04-21,,1,1_4301162,1_4301162,1_4301162
1,4300329,1,,4300329,4300329,4,A,,,1,1995-11-14,2011-03-29,,1,1_4300329,1_4300329,1_4300329
1,4000712,1,,4000712,4000712,,,,,0,2013-11-08,,,1,1_4000712,1_4000712,1_4000712
1,4300580,1,,4300580,4300580,3,0,,,1,1995-11-16,2005-08-01,,1,1_4300580,1_4300580,1_4300580
1,4300863,1,,4300863,4300863,6,0,,,1,1996-11-25,2001-08-09,,1,1_4300863,1_4300863,1_4300863
1,4301292,1,,4301292,4301292,8,0,,,1,1999-09-24,2004-12-02,,1,1_4301292,1_4301292,1_4301292
1,4300117,1,,4300117,4300117,8,0,,,1,1995-11-13,2001-08-09,,1,1_4300117,1_4300117,1_4300117
1,4301011,1,,4301011,4301011,3,0,,,1,1996-11-26,2003-03-06,,1,1_4301011,1_4301011,1_4301011
1,4301417,1,,4301417,4301417,81,0,,,1,2002-01-07,2007-10-22,,1,1_4301417,1_4301417,1_4301417
1,4100264,1,,4100264,4100264,,,,,0,2014-02-18,,,1,1_4100264,1_4100264,1_4100264
1,4300586,1,,4300586,4300586,22,0,,,1,1995-11-16,2001-08-09,,1,1_4300586,1_4300586,1_4300586
1,4301043,1,,4301043,4301043,10,N,,,1,1996-09-25,2007-08-01,,1,1_4301043,1_4301043,1_4301043
1,4000192,1,,4000192,4000192,77,,,,1,1995-11-15,2002-09-01,,1,1_4000192,1_4000192,1_4000192
1,4301053,1,,4301053,4301053,7,0,,,1,1995-11-21,1996-08-01,,1,1_4301053,1_4301053,1_4301053
1,4300784,1,,4300784,4300784,9,0,,,1,1996-11-25,2001-08-09,,1,1_4300784,1_4300784,1_4300784
1,4000578,1,,4000578,4000578,,,,,1,2003-12-04,2009-01-01,,1,1_4000578,1_4000578,1_4000578
1,4310004,1,,4310004,4310004,1,0,,,1,2004-01-14,2005-02-15,,1,1_4310004,1_4310004,1_4310004
1,4310005,1,,4310005,4310005,1,0,,,1,2004-01-14,2005-02-15,,1,1_4310005,1_4310005,1_4310005
1,4301415,1,,4301415,4301415,1,T,,,1,2001-12-05,2009-01-01,,1,1_4301415,1_4301415,1_4301415
1,4000490,1,,4000490,4000490,77,,,,1,1999-06-25,2003-09-01,,1,1_4000490,1_4000490,1_4000490
1,4300044,1,,4300044,4300044,9,0,,,1,1995-11-10,2001-08-09,,1,1_4300044,1_4300044,1_4300044
1,4300188,1,,4300188,4300188,25,0,,,1,1995-11-14,1996-01-01,,1,1_4300188,1_4300188,1_4300188
1,4000588,1,,4000588,4000588,,,,,1,2004-07-26,2009-05-18,,1,1_4000588,1_4000588,1_4000588
1,4300899,1,,4300899,4300899,80,0,,,1,1996-11-26,2011-04-05,,1,1_4300899,1_4300899,1_4300899
1,4301193,1,,4301193,4301193,80,0,,,1,1997-07-15,2004-09-19,,1,1_4301193,1_4301193,1_4301193
1,4300794,1,,4300794,4300794,77,0,,,1,1995-11-20,2003-11-06,,1,1_4300794,1_4300794,1_4300794
1,4000579,1,,4000579,4000579,,,,,,2003-12-12,,,1,1_4000579,1_4000579,1_4000579
1,4300090,1,,4300090,4300090,43,0,,,0,1995-11-14,2011-02-28,,1,1_4300090,1_4300090,1_4300090
1,4000682,1,,4000682,4000682,,,,,0,2011-06-22,,,1,1_4000682,1_4000682,1_4000682
1,4300063,1,,4300063,4300063,7,0,,,1,1995-11-13,2005-02-15,,1,1_4300063,1_4300063,1_4300063
1,4301721,1,,4301721,4301721,4,,,,0,2013-12-02,,,1,1_4301721,1_4301721,1_4301721
1,4301398,1,,4301398,4301398,77,"",,,0,2001-03-02,,,1,1_4301398,1_4301398,1_4301398
1,4310057,1,,4310057,4310057,5,A,,,1,2005-02-14,2008-03-01,,1,1_4310057,1_4310057,1_4310057
1,4301113,1,,4301113,4301113,17,0,,,1,1996-01-08,2005-01-01,,1,1_4301113,1_4301113,1_4301113
1,4300998,1,,4300998,4300998,1,A,,,0,1996-02-21,2011-02-28,,1,1_4300998,1_4300998,1_4300998
1,4300290,1,,4300290,4300290,81,A,,,1,2005-06-17,2011-03-28,,1,1_4300290,1_4300290,1_4300290
1,4300119,1,,4300119,4300119,81,0,,,1,1995-11-14,2004-12-01,,1,1_4300119,1_4300119,1_4300119
1,4301254,1,,4301254,4301254,4,A,,,1,1998-09-25,2006-01-26,,1,1_4301254,1_4301254,1_4301254
1,4301548,1,,4301548,4301548,,4301548,,,0,2006-07-24,2011-02-17,,1,1_4301548,1_4301548,1_4301548
1,4301364,1,,4301364,4301364,77,0,,,0,2000-01-19,,,1,1_4301364,1_4301364,1_4301364
1,4301600,1,,4301600,4301600,8,0,,,0,2008-01-30,,,1,1_4301600,1_4301600,1_4301600
1,4301701,1,,4301701,4301701,2,,,,0,2012-10-17,,,1,1_4301701,1_4301701,1_4301701
1,4300818,1,,4300818,4300818,43,0,,,0,1996-11-25,,,1,1_4300818,1_4300818,1_4300818
1,4301445,1,,4301445,4301445,48,0,,,0,2003-01-29,,,1,1_4301445,1_4301445,1_4301445
1,4300617,1,,4300617,4300617,17,0,,,0,1995-11-16,,,1,1_4300617,1_4300617,1_4300617
1,4310039,1,,4310039,4310039,5,NO VISITA,,,0,2004-10-18,,,1,1_4310039,1_4310039,1_4310039
19,4300292,1,,4300292,4300292,77,0,,,0,1995-11-14,,,19,19_4300292,19_4300292,19_4300292
1,4300667,1,,4300667,4300667,3,NO VISITA,,,0,1996-11-22,,,1,1_4300667,1_4300667,1_4300667
1,4000596,1,,4000596,4000596,,,,,,2005-01-14,,,1,1_4000596,1_4000596,1_4000596
19,4301435,1,,4301435,4301435,77,0,,,,2002-11-11,,,19,19_4301435,19_4301435,19_4301435
1,4000774,1,,4000774,4000774,,,,,0,2020-11-19,,,1,1_4000774,1_4000774,1_4000774
1,4300880,1,,4300880,4300880,5,A,,,0,1995-11-20,,,1,1_4300880,1_4300880,1_4300880
1,4300294,1,,4300294,4300294,41,0,,,0,1998-10-30,,,1,1_4300294,1_4300294,1_4300294
1,4000562,1,,4000562,4000562,77,,,,,2002-12-31,,,1,1_4000562,1_4000562,1_4000562
1,4300160,1,,4300160,4300160,12,0,,,0,1995-11-14,,,1,1_4300160,1_4300160,1_4300160
1,4301691,1,,4301691,4301691,36,,,,0,2012-05-02,,,1,1_4301691,1_4301691,1_4301691
1,4301404,1,,4301404,4301404,4,NO VISITA,,,0,2001-06-20,,,1,1_4301404,1_4301404,1_4301404
1,4300292,1,,4300292,4300292,10,0,,,1,1995-11-14,2017-10-23,,1,1_4300292,1_4300292,1_4300292
19,4301175,1,,4301175,4301175,6,0,,,0,1997-04-17,,,19,19_4301175,19_4301175,19_4301175
19,4302257,1,,4302257,4302257,77,1,,,0,1996-10-10,,,19,19_4302257,19_4302257,19_4302257
1,4000255,1,,4000255,4000255,77,,,,0,2003-02-17,,,1,1_4000255,1_4000255,1_4000255
1,4301004,1,,4301004,4301004,39,0,,,0,2000-03-14,,,1,1_4301004,1_4301004,1_4301004
1,4300652,1,,4300652,4300652,77,0,,,0,1995-11-17,,,1,1_4300652,1_4300652,1_4300652
1,4300681,1,,4300681,4300681,4,A,,,0,1995-11-20,,,1,1_4300681,1_4300681,1_4300681
1,4000563,1,,4000563,4000563,77,,,,,2003-01-29,,,1,1_4000563,1_4000563,1_4000563
19,4301161,1,,4301161,4301161,77,0,,,,1997-01-21,,,19,19_4301161,19_4301161,19_4301161
19,4301445,1,,4301445,4301445,77,0,,,,2003-01-29,,,19,19_4301445,19_4301445,19_4301445
1,4000209,1,,4000209,4000209,77,,,,0,1997-02-12,,,1,1_4000209,1_4000209,1_4000209
19,4301241,1,,4301241,4301241,77,0,,,,1998-04-21,,,19,19_4301241,19_4301241,19_4301241
1,4000565,1,,4000565,4000565,77,,,,,2003-02-17,,,1,1_4000565,1_4000565,1_4000565
1,4000066,1,,4000066,4000066,77,,,,0,1995-11-15,,,1,1_4000066,1_4000066,1_4000066
1,4000615,1,,4000615,4000615,,,,,,2006-05-04,,,1,1_4000615,1_4000615,1_4000615
19,4300466,1,,4300466,4300466,77,0,,,,2003-02-17,,,19,19_4300466,19_4300466,19_4300466
1,4000017,1,,4000017,4000017,77,,,,0,1995-12-12,,,1,1_4000017,1_4000017,1_4000017
1,4000268,1,,4000268,4000268,77,,,,0,1995-12-12,,,1,1_4000268,1_4000268,1_4000268
1,4000228,1,,4000228,4000228,77,,,,0,1995-11-15,,,1,1_4000228,1_4000228,1_4000228
1,4000302,1,,4000302,4000302,77,,,,0,1995-12-12,,,1,1_4000302,1_4000302,1_4000302
1,4000383,1,,4000383,4000383,77,,,,0,1995-12-12,,,1,1_4000383,1_4000383,1_4000383
1,4000394,1,,4000394,4000394,77,,,,0,1995-12-12,,,1,1_4000394,1_4000394,1_4000394
1,4000405,1,,4000405,4000405,77,,,,0,1995-12-12,,,1,1_4000405,1_4000405,1_4000405
1,4000416,1,,4000416,4000416,77,,,,0,1995-12-12,,,1,1_4000416,1_4000416,1_4000416
1,4301164,1,,4301164,4301164,3,S,,,1,1997-01-30,2015-10-08,,1,1_4301164,1_4301164,1_4301164
1,4100055,1,,4100055,4100055,77,,,,0,1995-12-19,,,1,1_4100055,1_4100055,1_4100055
1,4300776,1,,4300776,4300776,82,0,,,0,1997-03-06,,,1,1_4300776,1_4300776,1_4300776
19,4301415,1,,4301415,4301415,77,0,,,,2001-12-05,,,19,19_4301415,19_4301415,19_4301415
19,4301449,1,,4301449,4301449,,0,,,,2003-03-03,,,19,19_4301449,19_4301449,19_4301449
19,4301240,1,,4301240,4301240,7,0,,,0,1998-04-20,,,19,19_4301240,19_4301240,19_4301240
1,4000692,1,,4000692,4000692,,,,,0,2012-05-10,,,1,1_4000692,1_4000692,1_4000692
19,4301451,1,,4301451,4301451,7,0,,,0,2003-03-06,,,19,19_4301451,19_4301451,19_4301451
19,4300903,1,,4300903,4300903,3,0,,,0,1996-11-26,,,19,19_4300903,19_4300903,19_4300903
1,4000566,1,,4000566,4000566,,,,,,2003-03-11,,,1,1_4000566,1_4000566,1_4000566
1,4300013,1,,4300013,4300013,9,0,,,0,1995-11-10,,,1,1_4300013,1_4300013,1_4300013
1,4300970,1,,4300970,4300970,5,S,,,0,1997-06-09,,,1,1_4300970,1_4300970,1_4300970
1,4301500,1,,4301500,4301500,50,0,,,0,2004-11-29,,,1,1_4301500,1_4301500,1_4301500
1,4301472,1,,4301472,4301472,9,0,,,0,2003-12-02,,,1,1_4301472,1_4301472,1_4301472
1,4301069,1,,4301069,4301069,9,0,,,1,1995-11-21,2014-03-24,,1,1_4301069,1_4301069,1_4301069
1,4300604,1,,4300604,4300604,46,0,,,0,1995-11-16,,,1,1_4300604,1_4300604,1_4300604
1,4300114,1,,4300114,4300114,22,0,,,0,1995-11-14,,,1,1_4300114,1_4300114,1_4300114
1,4300895,1,,4300895,4300895,4,S,,,0,1995-11-20,,,1,1_4300895,1_4300895,1_4300895
1,4300066,1,,4300066,4300066,3,A,,,0,1995-11-13,,,1,1_4300066,1_4300066,1_4300066
1,4301743,1,,4301743,4301743,4,NO VISITA,,,0,1995-11-21,,,1,1_4301743,1_4301743,1_4301743
1,4300077,1,,4300077,4300077,80,0,,,0,1995-11-13,,,1,1_4300077,1_4300077,1_4300077
1,4000215,1,,4000215,4000215,77,,,,0,1996-01-03,,,1,1_4000215,1_4000215,1_4000215
1,4300576,1,,4300576,4300576,81,0,,,0,1995-11-16,,,1,1_4300576,1_4300576,1_4300576
1,4300293,1,,4300293,4300293,81,0,,,1,1995-11-14,2017-10-23,,1,1_4300293,1_4300293,1_4300293
1,4000337,1,,4000337,4000337,77,,,,0,1996-01-24,,,1,1_4000337,1_4000337,1_4000337
1,4300585,1,,4300585,4300585,80,0,,,0,1995-11-16,,,1,1_4300585,1_4300585,1_4300585
1,4301003,1,,4301003,4301003,28,0,,,0,1995-12-13,,,1,1_4301003,1_4301003,1_4301003
19,4301205,1,,4301205,4301205,77,0,,,,1997-10-01,,,19,19_4301205,19_4301205,19_4301205
1,4300903,1,,4300903,4300903,3,NO VISITA,,,0,1996-11-26,,,1,1_4300903,1_4300903,1_4300903
1,4300042,1,,4300042,4300042,10,0,,,0,1995-11-10,,,1,1_4300042,1_4300042,1_4300042
1,4300659,1,,4300659,4300659,25,0,,,0,1995-11-17,,,1,1_4300659,1_4300659,1_4300659
19,4301421,1,,4301421,4301421,77,0,,,,2002-02-18,,,19,19_4301421,19_4301421,19_4301421
1,4301620,1,,4301620,4301620,4,,,,1,2008-11-18,2017-11-09,,1,1_4301620,1_4301620,1_4301620
1,4000206,1,,4000206,4000206,,,,,0,2006-04-05,,,1,1_4000206,1_4000206,1_4000206
1,4300830,1,,4300830,4300830,7,A,,,0,1995-11-20,,,1,1_4300830,1_4300830,1_4300830
1,4000610,1,,4000610,4000610,,,,,,2005-11-16,,,1,1_4000610,1_4000610,1_4000610
1,4300203,1,,4300203,4300203,77,0,,,0,1995-11-14,,,1,1_4300203,1_4300203,1_4300203
1,4300870,1,,4300870,4300870,28,0,,,1,1996-11-25,2016-04-04,,1,1_4300870,1_4300870,1_4300870
19,4301173,1,,4301173,4301173,4,0,,,0,1997-04-09,,,19,19_4301173,19_4301173,19_4301173
1,4300677,1,,4300677,4300677,5,T,,,0,1995-11-20,,,1,1_4300677,1_4300677,1_4300677
1,4301266,1,,4301266,4301266,41,0,,,0,1998-12-22,,,1,1_4301266,1_4301266,1_4301266
1,4300986,1,,4300986,4300986,25,0,,,0,1995-11-20,,,1,1_4300986,1_4300986,1_4300986
1,4302055,1,,4302055,4302055,17,0,,,0,1996-06-26,,,1,1_4302055,1_4302055,1_4302055
1,4301123,1,,4301123,4301123,77,0,,,0,1996-02-21,,,1,1_4301123,1_4301123,1_4301123
1,4000370,1,,4000370,4000370,77,,,,0,1996-02-23,,,1,1_4000370,1_4000370,1_4000370
1,4301022,1,,4301022,4301022,7,S,,,0,1996-11-26,,,1,1_4301022,1_4301022,1_4301022
1,4301433,1,,4301433,4301433,17,0,,,0,2002-10-25,,,1,1_4301433,1_4301433,1_4301433
1,4301038,1,,4301038,4301038,36,0,,,0,1996-02-21,,,1,1_4301038,1_4301038,1_4301038
1,4301054,1,,4301054,4301054,9,0,,,1,1996-11-26,2013-01-01,,1,1_4301054,1_4301054,1_4301054
1,4100989,1,,4100989,4100989,,,,,0,2013-12-18,,,1,1_4100989,1_4100989,1_4100989
1,4100991,1,,4100991,4100991,,,,,0,2021-02-17,,,1,1_4100991,1_4100991,1_4100991
19,4301129,1,,4301129,4301129,77,0,,,0,1996-05-17,,,19,19_4301129,19_4301129,19_4301129
1,4300797,1,,4300797,4300797,6,0,,,0,1995-11-20,,,1,1_4300797,1_4300797,1_4300797
1,4301541,1,,4301541,4301541,28,A,,,0,2006-05-29,,,1,1_4301541,1_4301541,1_4301541
19,4301388,1,,4301388,4301388,77,0,,,,2000-11-16,,,19,19_4301388,19_4301388,19_4301388
1,4300195,1,,4300195,4300195,17,0,,,0,1995-11-14,,,1,1_4300195,1_4300195,1_4300195
1,4000421,1,,4000421,4000421,77,,,,,1996-05-10,,,1,1_4000421,1_4000421,1_4000421
1,4301245,1,,4301245,4301245,22,0,,,0,1998-06-04,,,1,1_4301245,1_4301245,1_4301245
1,4301108,1,,4301108,4301108,46,1,,,1,1996-05-10,2017-11-03,,1,1_4301108,1_4301108,1_4301108
1,4000026,1,,4000026,4000026,77,,,,,1996-04-19,,,1,1_4000026,1_4000026,1_4000026
1,4300225,1,,4300225,4300225,77,0,,,0,1995-11-14,,,1,1_4300225,1_4300225,1_4300225
1,4301046,1,,4301046,4301046,39,0,,,0,1995-11-21,,,1,1_4301046,1_4301046,1_4301046
1,4301390,1,,4301390,4301390,7,A,,,0,2000-11-21,,,1,1_4301390,1_4301390,1_4301390
1,4301845,1,,4301845,4301845,7,,,,0,2020-10-20,,,1,1_4301845,1_4301845,1_4301845
1,4300616,1,,4300616,4300616,46,0,,,0,1995-11-16,,,1,1_4300616,1_4300616,1_4300616
1,4301407,1,,4301407,4301407,17,0,,,0,2001-07-17,,,1,1_4301407,1_4301407,1_4301407
1,4301451,1,,4301451,4301451,22,0,,,0,2003-03-06,,,1,1_4301451,1_4301451,1_4301451
1,4300940,1,,4300940,4300940,25,0,,,0,1996-06-10,,,1,1_4300940,1_4300940,1_4300940
19,4301454,1,,4301454,4301454,1,0,,,0,2003-03-27,,,19,19_4301454,19_4301454,19_4301454
1,4301422,1,,4301422,4301422,48,0,,,0,2002-02-22,,,1,1_4301422,1_4301422,1_4301422
1,4302052,1,,4302052,4302052,4,A,,,1,1995-11-21,2018-11-22,,1,1_4302052,1_4302052,1_4302052
1,4000296,1,,4000296,4000296,77,,,,0,1996-03-29,,,1,1_4000296,1_4000296,1_4000296
1,4301252,1,,4301252,4301252,48,0,,,0,1998-07-24,,,1,1_4301252,1_4301252,1_4301252
1,4301314,1,,4301314,4301314,22,0,,,0,2000-06-27,,,1,1_4301314,1_4301314,1_4301314
19,4301270,1,,4301270,4301270,77,0,,,,1999-02-02,,,19,19_4301270,19_4301270,19_4301270
19,4301043,1,,4301043,4301043,10,N,,,0,1996-09-25,,,19,19_4301043,19_4301043,19_4301043
1,4300809,1,,4300809,4300809,4,A,,,0,1997-10-09,,,1,1_4300809,1_4300809,1_4300809
1,4000764,1,,4000764,4000764,,,,,0,2020-06-23,,,1,1_4000764,1_4000764,1_4000764
1,4300886,1,,4300886,4300886,9,0,,,0,1996-11-25,,,1,1_4300886,1_4300886,1_4300886
1,4000593,1,,4000593,4000593,,,,,,2004-09-20,,,1,1_4000593,1_4000593,1_4000593
1,4301442,1,,4301442,4301442,28,0,,,0,2002-12-20,,,1,1_4301442,1_4301442,1_4301442
1,4301045,1,,4301045,4301045,80,0,,,0,1995-11-21,,,1,1_4301045,1_4301045,1_4301045
1,4301181,1,,4301181,4301181,81,0,,,0,1997-05-30,,,1,1_4301181,1_4301181,1_4301181
1,4300267,1,,4300267,4300267,12,0,,,0,1995-11-14,,,1,1_4300267,1_4300267,1_4300267
1,4300690,1,,4300690,4300690,5,S,,,0,1995-11-20,,,1,1_4300690,1_4300690,1_4300690
1,4301017,1,,4301017,4301017,3,S,,,0,1995-11-21,,,1,1_4301017,1_4301017,1_4301017
1,4300040,1,,4300040,4300040,82,0,,,0,1995-11-10,,,1,1_4300040,1_4300040,1_4300040
1,4301456,1,,4301456,4301456,43,0,,,0,2003-04-03,,,1,1_4301456,1_4301456,1_4301456
1,4310046,1,,4310046,4310046,50,S,,,0,2004-10-21,,,1,1_4310046,1_4310046,1_4310046
1,4000298,1,,4000298,4000298,77,,,,0,1995-11-15,,,1,1_4000298,1_4000298,1_4000298
1,4000163,1,,4000163,4000163,77,,,,0,1995-11-15,,,1,1_4000163,1_4000163,1_4000163
1,4000012,1,,4000012,4000012,77,,,,0,1995-11-15,,,1,1_4000012,1_4000012,1_4000012
1,4000063,1,,4000063,4000063,77,,,,0,1995-11-15,,,1,1_4000063,1_4000063,1_4000063
1,4000002,1,,4000002,4000002,77,,,,0,1995-11-15,,,1,1_4000002,1_4000002,1_4000002
1,4000402,1,,4000402,4000402,77,,,,0,1995-11-15,,,1,1_4000402,1_4000402,1_4000402
1,4000415,1,,4000415,4000415,77,,,,0,1995-11-15,,,1,1_4000415,1_4000415,1_4000415
1,4000409,1,,4000409,4000409,77,,,,0,1995-11-15,,,1,1_4000409,1_4000409,1_4000409
19,4301452,1,,4301452,4301452,7,0,,,0,2003-03-11,,,19,19_4301452,19_4301452,19_4301452
1,4000273,1,,4000273,4000273,77,,,,0,1995-12-20,,,1,1_4000273,1_4000273,1_4000273
1,4000038,1,,4000038,4000038,77,,,,0,1995-11-15,,,1,1_4000038,1_4000038,1_4000038
1,4000208,1,,4000208,4000208,77,,,,0,1995-11-15,,,1,1_4000208,1_4000208,1_4000208
1,4000768,1,,4000768,4000768,,,,,0,2020-08-31,,,1,1_4000768,1_4000768,1_4000768
1,4000129,1,,4000129,4000129,77,,,,0,1995-11-15,,,1,1_4000129,1_4000129,1_4000129
1,4000191,1,,4000191,4000191,77,,,,0,1995-11-15,,,1,1_4000191,1_4000191,1_4000191
1,4000282,1,,4000282,4000282,77,,,,0,1995-12-12,,,1,1_4000282,1_4000282,1_4000282
1,4000179,1,,4000179,4000179,77,,,,0,1995-11-15,,,1,1_4000179,1_4000179,1_4000179
1,4000075,1,,4000075,4000075,77,,,,0,1995-11-15,,,1,1_4000075,1_4000075,1_4000075
1,4000032,1,,4000032,4000032,77,,,,0,1995-11-15,,,1,1_4000032,1_4000032,1_4000032
1,4000214,1,,4000214,4000214,77,,,,0,1995-11-15,,,1,1_4000214,1_4000214,1_4000214
1,4000449,1,,4000449,4000449,77,,,,,1997-11-21,,,1,1_4000449,1_4000449,1_4000449
1,4000106,1,,4000106,4000106,77,,,,0,1995-11-15,,,1,1_4000106,1_4000106,1_4000106
1,4000193,1,,4000193,4000193,77,,,,0,1995-11-15,,,1,1_4000193,1_4000193,1_4000193
1,4000373,1,,4000373,4000373,77,,,,0,1995-11-15,,,1,1_4000373,1_4000373,1_4000373
1,4000388,1,,4000388,4000388,77,,,,0,1995-11-15,,,1,1_4000388,1_4000388,1_4000388
1,4000126,1,,4000126,4000126,77,,,,0,1995-11-15,,,1,1_4000126,1_4000126,1_4000126
1,4000050,1,,4000050,4000050,77,,,,0,1995-11-15,,,1,1_4000050,1_4000050,1_4000050
1,4000052,1,,4000052,4000052,77,,,,0,1995-11-15,,,1,1_4000052,1_4000052,1_4000052
1,4000183,1,,4000183,4000183,77,,,,0,1995-11-15,,,1,1_4000183,1_4000183,1_4000183
1,4000404,1,,4000404,4000404,77,,,,1,1995-11-23,,,1,1_4000404,1_4000404,1_4000404
1,4000094,1,,4000094,4000094,77,,,,0,1995-11-15,,,1,1_4000094,1_4000094,1_4000094
1,4000378,1,,4000378,4000378,77,,,,0,1995-11-15,,,1,1_4000378,1_4000378,1_4000378
1,4000372,1,,4000372,4000372,77,,,,0,1995-11-15,,,1,1_4000372,1_4000372,1_4000372
1,4000121,1,,4000121,4000121,77,,,,0,1995-11-15,,,1,1_4000121,1_4000121,1_4000121
1,4000386,1,,4000386,4000386,77,,,,0,1995-11-15,,,1,1_4000386,1_4000386,1_4000386
1,4000232,1,,4000232,4000232,77,,,,0,1995-11-15,,,1,1_4000232,1_4000232,1_4000232
1,4000148,1,,4000148,4000148,77,,,,0,1995-11-15,,,1,1_4000148,1_4000148,1_4000148
1,4000090,1,,4000090,4000090,77,,,,0,1995-11-15,,,1,1_4000090,1_4000090,1_4000090
1,4000397,1,,4000397,4000397,77,,,,0,1995-11-15,,,1,1_4000397,1_4000397,1_4000397
1,4000390,1,,4000390,4000390,77,,,,0,1995-11-15,,,1,1_4000390,1_4000390,1_4000390
1,4000069,1,,4000069,4000069,77,,,,0,1995-11-15,,,1,1_4000069,1_4000069,1_4000069
1,4000027,1,,4000027,4000027,77,,,,0,1995-11-15,,,1,1_4000027,1_4000027,1_4000027
1,4000097,1,,4000097,4000097,77,,,,0,1995-11-15,,,1,1_4000097,1_4000097,1_4000097
1,4300070,1,,4300070,4300070,46,0,,,0,1995-11-14,,,1,1_4300070,1_4300070,1_4300070
1,4301153,1,,4301153,4301153,46,0,,,0,1996-12-04,,,1,1_4301153,1_4301153,1_4301153
1,4301084,1,,4301084,4301084,10,0,,,1,1995-12-11,2016-04-11,,1,1_4301084,1_4301084,1_4301084
1,4300346,1,,4300346,4300346,17,0,,,1,1995-11-14,2016-04-21,,1,1_4300346,1_4300346,1_4300346
1,4301776,1,,4301776,4301776,12,,,,0,2016-05-24,,,1,1_4301776,1_4301776,1_4301776
1,4301262,1,,4301262,4301262,50,0,,,0,1998-11-26,,,1,1_4301262,1_4301262,1_4301262
1,4000325,1,,4000325,4000325,77,,,,,1996-06-13,,,1,1_4000325,1_4000325,1_4000325
1,4000599,1,,4000599,4000599,,,,,0,2005-04-20,,,1,1_4000599,1_4000599,1_4000599
1,4000128,1,,4000128,4000128,77,,,,,1996-07-09,,,1,1_4000128,1_4000128,1_4000128
1,4301746,1,,4301746,4301746,39,,,,0,2015-03-03,,,1,1_4301746,1_4301746,1_4301746
1,4000056,1,,4000056,4000056,77,,,,,1997-04-16,,,1,1_4000056,1_4000056,1_4000056
1,4301002,1,,4301002,4301002,1,S,,,0,1997-07-14,,,1,1_4301002,1_4301002,1_4301002
1,4000598,1,,4000598,4000598,,,,,,2005-03-15,,,1,1_4000598,1_4000598,1_4000598
1,4310007,1,,4310007,4310007,1,A,,,0,2004-01-14,,,1,1_4310007,1_4310007,1_4310007
1,4301135,1,,4301135,4301135,41,0,,,0,1996-07-24,,,1,1_4301135,1_4301135,1_4301135
1,4300838,1,,4300838,4300838,46,0,,,0,1996-11-25,,,1,1_4300838,1_4300838,1_4300838
1,4300999,1,,4300999,4300999,7,S,,,1,1995-11-21,2012-01-01,,1,1_4300999,1_4300999,1_4300999
1,4301432,1,,4301432,4301432,2,NO VISITA,,,0,2002-10-22,,,1,1_4301432,1_4301432,1_4301432
1,4300619,1,,4300619,4300619,3,S,,,0,1995-11-16,,,1,1_4300619,1_4300619,1_4300619
19,4301062,1,,4301062,4301062,77,1,,,0,1996-04-29,,,19,19_4301062,19_4301062,19_4301062
1,4301470,1,,4301470,4301470,28,0,,,0,2003-10-16,,,1,1_4301470,1_4301470,1_4301470
1,4000613,1,,4000613,4000613,,,,,0,2005-12-27,,,1,1_4000613,1_4000613,1_4000613
1,4300802,1,,4300802,4300802,25,0,,,0,1996-10-17,,,1,1_4300802,1_4300802,1_4300802
19,4301448,1,,4301448,4301448,,0,,,0,2003-02-26,,,19,19_4301448,19_4301448,19_4301448
1,4300993,1,,4300993,4300993,82,0,,,0,1996-11-26,,,1,1_4300993,1_4300993,1_4300993
1,4301041,1,,4301041,4301041,5,A,,,0,1995-11-21,,,1,1_4301041,1_4301041,1_4301041
1,4301134,1,,4301134,4301134,1,A,,,0,1996-07-24,,,1,1_4301134,1_4301134,1_4301134
1,4301661,1,,4301661,4301661,6,,,,1,2010-07-06,2014-06-01,,1,1_4301661,1_4301661,1_4301661
1,4300987,1,,4300987,4300987,50,NO_VISITA,,,0,1995-11-20,,,1,1_4300987,1_4300987,1_4300987
1,4301126,1,,4301126,4301126,4,A,,,0,1996-05-02,,,1,1_4301126,1_4301126,1_4301126
1,4300844,1,,4300844,4300844,1,A_MOROSO,,,1,1996-11-25,2017-10-31,,1,1_4300844,1_4300844,1_4300844
1,4300052,1,,4300052,4300052,7,S,,,0,1995-11-13,,,1,1_4300052,1_4300052,1_4300052
1,4300758,1,,4300758,4300758,12,0,,,0,1995-11-20,,,1,1_4300758,1_4300758,1_4300758
19,4301258,1,,4301258,4301258,77,0,,,,1998-10-30,,,19,19_4301258,19_4301258,19_4301258
1,4301149,1,,4301149,4301149,5,NO VISITA,,,0,1996-11-25,,,1,1_4301149,1_4301149,1_4301149
1,4300708,1,,4300708,4300708,4,A,,,0,1995-11-20,,,1,1_4300708,1_4300708,1_4300708
1,4300904,1,,4300904,4300904,3,T,,,0,1995-11-20,,,1,1_4300904,1_4300904,1_4300904
1,4301805,1,,4301805,4301805,,,,,0,2017-12-20,,,1,1_4301805,1_4301805,1_4301805
1,4300777,1,,4300777,4300777,80,0,,,0,1996-11-25,,,1,1_4300777,1_4300777,1_4300777
1,4310055,1,,4310055,4310055,5,A,,,0,2005-02-14,,,1,1_4310055,1_4310055,1_4310055
1,4301321,1,,4301321,4301321,12,0,,,0,2001-05-14,,,1,1_4301321,1_4301321,1_4301321
1,4301312,1,,4301312,4301312,1,A,,,0,2000-06-15,,,1,1_4301312,1_4301312,1_4301312
1,4300790,1,,4300790,4300790,6,0,,,0,2000-03-20,,,1,1_4300790,1_4300790,1_4300790
1,4301005,1,,4301005,4301005,41,0,,,0,1998-09-30,,,1,1_4301005,1_4301005,1_4301005
1,4300713,1,,4300713,4300713,48,0,,,0,1995-11-20,,,1,1_4300713,1_4300713,1_4300713
1,4301204,1,,4301204,4301204,3,A,,,0,1997-09-18,,,1,1_4301204,1_4301204,1_4301204
1,4301095,1,,4301095,4301095,28,0,,,0,1995-11-21,,,1,1_4301095,1_4301095,1_4301095
1,4300200,1,,4300200,4300200,43,0,,,0,1995-11-14,,,1,1_4300200,1_4300200,1_4300200
19,4300880,1,,4300880,4300880,77,0,,,0,1995-11-20,,,19,19_4300880,19_4300880,19_4300880
19,4301145,1,,4301145,4301145,77,0,,,,1996-10-30,,,19,19_4301145,19_4301145,19_4301145
1,4300228,1,,4300228,4300228,7,A,,,0,1995-11-14,,,1,1_4300228,1_4300228,1_4300228
1,4301030,1,,4301030,4301030,48,0,,,0,1995-12-11,,,1,1_4301030,1_4301030,1_4301030
1,4300989,1,,4300989,4300989,6,0,,,0,1995-11-21,,,1,1_4300989,1_4300989,1_4300989
1,4300379,1,,4300379,4300379,5,A,,,0,1995-11-15,,,1,1_4300379,1_4300379,1_4300379
1,4301512,1,,4301512,4301512,3,A,,,1,2005-05-17,2020-12-15,,1,1_4301512,1_4301512,1_4301512
1,4300934,1,,4300934,4300934,80,0,,,0,1996-11-26,,,1,1_4300934,1_4300934,1_4300934
1,4000470,1,,4000470,4000470,77,,,,,1998-07-28,,,1,1_4000470,1_4000470,1_4000470
1,4300651,1,,4300651,4300651,4,NO VISITA,,,0,1996-06-10,,,1,1_4300651,1_4300651,1_4300651
1,4000691,1,,4000691,4000691,,,,,0,2012-04-13,,,1,1_4000691,1_4000691,1_4000691
1,4300726,1,,4300726,4300726,82,0,,,0,1995-11-20,,,1,1_4300726,1_4300726,1_4300726
1,4301237,1,,4301237,4301237,4,NO VISITA,,,0,1998-03-04,,,1,1_4301237,1_4301237,1_4301237
1,4301580,1,,4301580,4301580,46,,"",,0,2007-06-14,, ,1,1_4301580,1_4301580,1_4301580
1,4000154,1,,4000154,4000154,,,,,,2003-03-27,,,1,1_4000154,1_4000154,1_4000154
1,4300953,1,,4300953,4300953,50,A,,,0,1996-11-26,,,1,1_4300953,1_4300953,1_4300953
1,4301220,1,,4301220,4301220,12,0,,,0,1997-12-10,,,1,1_4301220,1_4301220,1_4301220
1,4301376,1,,4301376,4301376,50,S,,,0,2000-06-19,,,1,1_4301376,1_4301376,1_4301376
1,4000392,1,,4000392,4000392,77,0,,,0,1996-02-15,,,1,1_4000392,1_4000392,1_4000392
19,4300104,1,,4300104,4300104,77,0,,,0,1995-11-13,,,19,19_4300104,19_4300104,19_4300104
1,4300357,1,,4300357,4300357,82,0,,,0,2002-07-18,,,1,1_4300357,1_4300357,1_4300357
1,4301712,1,,4301712,4301712,,,,,1,2013-04-04,2017-06-13,,1,1_4301712,1_4301712,1_4301712
1,4301270,1,,4301270,4301270,5,S,,,0,1999-02-02,,,1,1_4301270,1_4301270,1_4301270
19,4300733,1,,4300733,4300733,77,0,,,,1998-09-29,,,19,19_4300733,19_4300733,19_4300733
19,4301224,1,,4301224,4301224,77,0,,,,1997-12-18,,,19,19_4301224,19_4301224,19_4301224
1,4301501,1,,4301501,4301501,39,0,,,0,2004-11-29,,,1,1_4301501,1_4301501,1_4301501
19,4300970,1,,4300970,4300970,77,0,,,,1997-06-09,,,19,19_4300970,19_4300970,19_4300970
19,4300553,1,,4300553,4300553,77,0,,,0,1995-11-16,,,19,19_4300553,19_4300553,19_4300553
1,4300788,1,,4300788,4300788,28,0,,,0,1995-11-20,,,1,1_4300788,1_4300788,1_4300788
1,4301000,1,,4301000,4301000,77,0,,,0,1995-12-14,,,1,1_4301000,1_4301000,1_4301000
1,4300763,1,,4300763,4300763,15,0,,,0,1995-11-20,,,1,1_4300763,1_4300763,1_4300763
1,4000180,1,,4000180,4000180,,,,,0,2013-02-21,,,1,1_4000180,1_4000180,1_4000180
19,4300999,1,,4300999,4300999,77,0,,,0,1995-11-21,,,19,19_4300999,19_4300999,19_4300999
1,4300635,1,,4300635,4300635,46,0,,,0,1995-11-16,,,1,1_4300635,1_4300635,1_4300635
1,4301358,1,,4301358,4301358,77,A,,,0,1997-05-27,,,1,1_4301358,1_4301358,1_4301358
1,4300941,1,,4300941,4300941,8,0,,,0,1995-11-20,,,1,1_4300941,1_4300941,1_4300941
1,4301458,1,,4301458,4301458,8,0,,,0,2003-05-06,,,1,1_4301458,1_4301458,1_4301458
1,4301208,1,,4301208,4301208,48,0,,,0,1997-10-06,,,1,1_4301208,1_4301208,1_4301208
1,4300618,1,,4300618,4300618,8,0,,,0,1996-11-22,,,1,1_4300618,1_4300618,1_4300618
1,4300553,1,,4300553,4300553,6,0,,,0,1995-11-16,,,1,1_4300553,1_4300553,1_4300553
1,4300739,1,,4300739,4300739,39,N,,,0,1995-11-20,,,1,1_4300739,1_4300739,1_4300739
19,4300377,1,,4300377,4300377,77,1,,,,1996-09-13,,,19,19_4300377,19_4300377,19_4300377
1,4301141,1,,4301141,4301141,43,0,,,0,1996-10-23,,,1,1_4301141,1_4301141,1_4301141
1,4000242,1,,4000242,4000242,77,,,,0,1996-02-15,,,1,1_4000242,1_4000242,1_4000242
1,4301182,1,,4301182,4301182,17,0,,,0,1997-05-30,,,1,1_4301182,1_4301182,1_4301182
1,4301217,1,,4301217,4301217,10,0,,,0,1997-11-13,,,1,1_4301217,1_4301217,1_4301217
1,4301057,1,,4301057,4301057,50,0,,,0,1995-11-21,,,1,1_4301057,1_4301057,1_4301057
1,4000256,1,,4000256,4000256,77,,,,,1996-01-17,,,1,1_4000256,1_4000256,1_4000256
1,4300002,1,,4300002,4300002,8,0,,,0,1995-11-10,,,1,1_4300002,1_4300002,1_4300002
19,4300895,1,,4300895,4300895,77,0,,,0,1995-11-20,,,19,19_4300895,19_4300895,19_4300895
1,4300733,1,,4300733,4300733,9,0,,,0,1998-09-29,,,1,1_4300733,1_4300733,1_4300733
1,4300207,1,,4300207,4300207,8,0,,,0,1995-11-14,,,1,1_4300207,1_4300207,1_4300207
1,4301441,1,,4301441,4301441,77,0,,,,2002-12-19,,,1,1_4301441,1_4301441,1_4301441
1,4301229,1,,4301229,4301229,28,0,,,0,1998-01-29,,,1,1_4301229,1_4301229,1_4301229
1,4301454,1,,4301454,4301454,1,A,,,0,2003-03-27,,,1,1_4301454,1_4301454,1_4301454
1,4300951,1,,4300951,4300951,10,0,,,0,1997-03-17,,,1,1_4300951,1_4300951,1_4300951
1,4300837,1,,4300837,4300837,80,0,,,0,1995-11-20,,,1,1_4300837,1_4300837,1_4300837
1,4300545,1,,4300545,4300545,9,0,,,0,1995-11-16,,,1,1_4300545,1_4300545,1_4300545
19,4301417,1,,4301417,4301417,77,0,,,,2002-01-07,,,19,19_4301417,19_4301417,19_4301417
1,4000230,1,,4000230,4000230,81,,,,0,1995-11-15,,,1,1_4000230,1_4000230,1_4000230
1,4301475,1,,4301475,4301475,28,NO_VISITA,,,0,2004-02-03,,,1,1_4301475,1_4301475,1_4301475
1,4301112,1,,4301112,4301112,77,0,,,0,1995-12-12,,,1,1_4301112,1_4301112,1_4301112
1,4301013,1,,4301013,4301013,10,0,,,0,1996-11-26,,,1,1_4301013,1_4301013,1_4301013
1,4301214,1,,4301214,4301214,50,S,,,1,1997-10-31,2021-01-20,,1,1_4301214,1_4301214,1_4301214
1,4301111,1,,4301111,4301111,77,0,,,0,1995-12-11,,,1,1_4301111,1_4301111,1_4301111
1,4100244,1,,4100244,4100244,77,,,,0,1995-11-23,,,1,1_4100244,1_4100244,1_4100244
1,4000456,1,,4000456,4000456,77,,,,0,1998-01-26,,,1,1_4000456,1_4000456,1_4000456
1,4100410,1,,4100410,4100410,77,,,,0,1995-11-23,,,1,1_4100410,1_4100410,1_4100410
1,4100353,1,,4100353,4100353,77,,,,0,1995-11-23,,,1,1_4100353,1_4100353,1_4100353
1,4100412,1,,4100412,4100412,77,,,,0,1995-11-23,,,1,1_4100412,1_4100412,1_4100412
1,4000389,1,,4000389,4000389,77,,,,0,1995-11-23,,,1,1_4000389,1_4000389,1_4000389
1,4100996,1,,4100996,4100996,77,,,,0,1995-11-23,,,1,1_4100996,1_4100996,1_4100996
1,4100188,1,,4100188,4100188,77,,,,0,1995-11-23,,,1,1_4100188,1_4100188,1_4100188
1,4100995,1,,4100995,4100995,77,,,,0,1995-11-23,,,1,1_4100995,1_4100995,1_4100995
1,4000413,1,,4000413,4000413,77,,,,0,1995-11-23,,,1,1_4000413,1_4000413,1_4000413
1,4000060,1,,4000060,4000060,77,,,,0,1995-11-23,,,1,1_4000060,1_4000060,1_4000060
1,4000374,1,,4000374,4000374,77,,,,0,1995-11-23,,,1,1_4000374,1_4000374,1_4000374
1,4100998,1,,4100998,4100998,77,,,,0,1995-11-23,,,1,1_4100998,1_4100998,1_4100998
1,4000379,1,,4000379,4000379,77,,,,0,1995-11-23,,,1,1_4000379,1_4000379,1_4000379
1,4301718,1,,4301718,4301718,17,,,,0,2013-09-25,,,1,1_4301718,1_4301718,1_4301718
1,4000375,1,,4000375,4000375,77,,,,0,1995-11-23,,,1,1_4000375,1_4000375,1_4000375
1,4301605,1,,4301605,4301605,9,,,,1,2008-03-05,2018-09-19,,1,1_4301605,1_4301605,1_4301605
1,4000569,1,,4000569,4000569,,,,,,2003-04-08,,,1,1_4000569,1_4000569,1_4000569
19,4300212,1,,4300212,4300212,77,0,,,0,1995-11-14,,,19,19_4300212,19_4300212,19_4300212
1,4301216,1,,4301216,4301216,82,0,,,0,1997-11-13,,,1,1_4301216,1_4301216,1_4301216
1,4301161,1,,4301161,4301161,80,0,,,1,1997-01-21,2017-11-03,,1,1_4301161,1_4301161,1_4301161
1,4000570,1,,4000570,4000570,,,,,,2003-04-10,,,1,1_4000570,1_4000570,1_4000570
1,4300555,1,,4300555,4300555,10,0,,,0,1996-11-22,,,1,1_4300555,1_4300555,1_4300555
1,4000021,1,,4000021,4000021,77,,,,0,1995-12-19,,,1,1_4000021,1_4000021,1_4000021
1,4000999,1,,4000999,4000999,77,,,,0,1995-12-13,,,1,1_4000999,1_4000999,1_4000999
1,4000159,1,,4000159,4000159,77,,,,0,1995-12-12,,,1,1_4000159,1_4000159,1_4000159
19,4301457,1,,4301457,4301457,77,0,,,0,2003-04-10,,,19,19_4301457,19_4301457,19_4301457
1,4000338,1,,4000338,4000338,77,,,,0,1995-12-28,,,1,1_4000338,1_4000338,1_4000338
1,4000120,1,,4000120,4000120,77,,,,0,1995-12-28,,,1,1_4000120,1_4000120,1_4000120
1,4100160,1,,4100160,4100160,77,,,,0,1996-01-02,,,1,1_4100160,1_4100160,1_4100160
1,4301463,1,,4301463,4301463,41,0,,,0,2003-05-19,,,1,1_4301463,1_4301463,1_4301463
1,4000162,1,,4000162,4000162,77,,,,0,1996-01-03,,,1,1_4000162,1_4000162,1_4000162
1,4300869,1,,4300869,4300869,17,0,,,0,1996-11-25,,,1,1_4300869,1_4300869,1_4300869
1,4000406,1,,4000406,4000406,77,,,,0,1996-01-08,,,1,1_4000406,1_4000406,1_4000406
1,4300691,1,,4300691,4300691,46,0,,,0,1995-11-20,,,1,1_4300691,1_4300691,1_4300691
1,4300686,1,,4300686,4300686,25,0,,,0,1995-11-20,,,1,1_4300686,1_4300686,1_4300686
19,4300063,1,,4300063,4300063,77,0,,,0,1995-11-13,,,19,19_4300063,19_4300063,19_4300063
1,4301213,1,,4301213,4301213,8,0,,,0,1997-10-27,,,1,1_4301213,1_4301213,1_4301213
19,4300763,1,,4300763,4300763,77,0,,,0,1995-11-20,,,19,19_4300763,19_4300763,19_4300763
19,4301214,1,,4301214,4301214,77,0,,,,1997-10-31,,,19,19_4301214,19_4301214,19_4301214
19,4300401,1,,4300401,4300401,77,0,,,0,1995-11-15,,,19,19_4300401,19_4300401,19_4300401
19,4300681,1,,4300681,4300681,77,0,,,0,1995-11-20,,,19,19_4300681,19_4300681,19_4300681
19,4300755,1,,4300755,4300755,77,0,,,0,1995-11-20,,,19,19_4300755,19_4300755,19_4300755
2001,4301410,1,,4301410,4301410,77,0,,,,2001-10-19,,,2001,2001_4301410,2001_4301410,2001_4301410
19,4300977,1,,4300977,4300977,77,0,,,0,1995-11-20,,,19,19_4300977,19_4300977,19_4300977
19,4300906,1,,4300906,4300906,77,0,,,0,1995-11-20,,,19,19_4300906,19_4300906,19_4300906
19,4301053,1,,4301053,4301053,77,0,,,0,1995-11-21,,,19,19_4301053,19_4301053,19_4301053
19,4301093,1,,4301093,4301093,77,0,,,0,1995-11-21,,,19,19_4301093,19_4301093,19_4301093
19,4301146,1,,4301146,4301146,77,0,,,,1996-11-07,,,19,19_4301146,19_4301146,19_4301146
19,4300782,1,,4300782,4300782,77,0,,,0,1995-11-20,,,19,19_4300782,19_4300782,19_4300782
1,4300845,1,,4300845,4300845,3,S,,,0,1995-11-20,,,1,1_4300845,1_4300845,1_4300845
1,4300820,1,,4300820,4300820,10,0,,,0,1996-11-25,,,1,1_4300820,1_4300820,1_4300820
1,4000355,1,,4000355,4000355,77,,,,0,1996-03-08,,,1,1_4000355,1_4000355,1_4000355
1,4000223,1,,4000223,4000223,77,,,,,1996-02-12,,,1,1_4000223,1_4000223,1_4000223
1,4301477,1,,4301477,4301477,12,0,,,0,2004-02-18,,,1,1_4301477,1_4301477,1_4301477
1,4000279,1,,4000279,4000279,77,,,,,1996-02-12,,,1,1_4000279,1_4000279,1_4000279
1,4301271,1,,4301271,4301271,50,S,,,0,1999-02-04,,,1,1_4301271,1_4301271,1_4301271
1,4301219,1,,4301219,4301219,13,0,,,0,1997-11-25,,,1,1_4301219,1_4301219,1_4301219
1,4301290,1,,4301290,4301290,5,A,,,0,1999-09-07,,,1,1_4301290,1_4301290,1_4301290
1,4301047,1,,4301047,4301047,39,0,,,0,1995-11-21,,,1,1_4301047,1_4301047,1_4301047
1,4000775,1,,4000775,4000775,,,,,0,2021-02-02,,,1,1_4000775,1_4000775,1_4000775
1,4300104,1,,4300104,4300104,3,A,,,0,1995-11-13,,,1,1_4300104,1_4300104,1_4300104
1,4300932,1,,4300932,4300932,5,NO VISITA,,,0,1996-05-23,,,1,1_4300932,1_4300932,1_4300932
19,4301118,1,,4301118,4301118,77,0,,,0,1996-02-16,,,19,19_4301118,19_4301118,19_4301118
1,4000725,1,,4000725,4000725,,,,,0,2014-10-27,,,1,1_4000725,1_4000725,1_4000725
1,4301511,1,,4301511,4301511,39,A,,,0,2005-05-13,,,1,1_4301511,1_4301511,1_4301511
1,4301313,1,,4301313,4301313,17,0,,,1,2000-06-21,2011-05-13,,1,1_4301313,1_4301313,1_4301313
1,4301391,1,,4301391,4301391,5,S,,,0,2000-11-23,,,1,1_4301391,1_4301391,1_4301391
1,4300342,1,,4300342,4300342,3,A,,,0,1995-11-14,,,1,1_4300342,1_4300342,1_4300342
1,4301202,1,,4301202,4301202,8,0,,,0,1997-09-16,,,1,1_4301202,1_4301202,1_4301202
1,4000291,1,,4000291,4000291,77,,,,0,1996-02-27,,,1,1_4000291,1_4000291,1_4000291
1,4000328,1,,4000328,4000328,77,,,,0,1996-02-28,,,1,1_4000328,1_4000328,1_4000328
19,4301206,1,,4301206,4301206,77,0,,,,1997-10-06,,,19,19_4301206,19_4301206,19_4301206
1,4300603,1,,4300603,4300603,6,A,,,0,1995-11-16,,,1,1_4300603,1_4300603,1_4300603
1,4000497,1,,4000497,4000497,77,,,,,1999-09-23,,,1,1_4000497,1_4000497,1_4000497
1,4301096,1,,4301096,4301096,48,0,,,0,1996-11-27,,,1,1_4301096,1_4301096,1_4301096
1,4000173,1,,4000173,4000173,77,,,,0,1996-03-19,,,1,1_4000173,1_4000173,1_4000173
1,4301067,1,,4301067,4301067,77,0,,,1,1996-11-27,2015-01-28,,1,1_4301067,1_4301067,1_4301067
19,4301103,1,,4301103,4301103,77,0,,,0,1995-11-21,,,19,19_4301103,19_4301103,19_4301103
1,4000770,1,,4000770,4000770,,,,,0,2020-10-01,,,1,1_4000770,1_4000770,1_4000770
1,4301764,1,,4301764,4301764,43,,,,0,2015-09-24,,,1,1_4301764,1_4301764,1_4301764
19,4300051,1,,4300051,4300051,77,0,,,0,1995-11-10,,,19,19_4300051,19_4300051,19_4300051
1,4000314,1,,4000314,4000314,77,0,,,0,1996-04-09,,,1,1_4000314,1_4000314,1_4000314
1,4300737,1,,4300737,4300737,82,0,,,0,1995-11-20,,,1,1_4300737,1_4300737,1_4300737
1,4300047,1,,4300047,4300047,8,0,,,0,1995-11-10,,,1,1_4300047,1_4300047,1_4300047
1,4000689,1,,4000689,4000689,,,,,0,2012-03-27,,,1,1_4000689,1_4000689,1_4000689
1,4000048,1,,4000048,4000048,77,,,,0,1996-04-23,,,1,1_4000048,1_4000048,1_4000048
1,4301236,1,,4301236,4301236,50,NO_VISITA,,,0,1998-02-21,,,1,1_4301236,1_4301236,1_4301236
1,4301497,1,,4301497,4301497,41,0,,,1,2004-10-27,2017-11-03,,1,1_4301497,1_4301497,1_4301497
1,4000418,1,,4000418,4000418,77,,,,0,1996-05-01,,,1,1_4000418,1_4000418,1_4000418
19,4301166,1,,4301166,4301166,77,0,,,,1997-03-03,,,19,19_4301166,19_4301166,19_4301166
19,4300872,1,,4300872,4300872,77,1,,,,1996-09-06,,,19,19_4300872,19_4300872,19_4300872
19,4301124,1,,4301124,4301124,77,0,,,0,1996-04-25,,,19,19_4301124,19_4301124,19_4301124
1,4000321,1,,4000321,4000321,77,,,,,1996-05-03,,,1,1_4000321,1_4000321,1_4000321
19,4301178,1,,4301178,4301178,77,0,,,,1997-04-25,,,19,19_4301178,19_4301178,19_4301178
1,4000420,1,,4000420,4000420,77,,,,,1996-05-09,,,1,1_4000420,1_4000420,1_4000420
1,4301172,1,,4301172,4301172,46,0,,,0,1997-04-07,,,1,1_4301172,1_4301172,1_4301172
1,4301008,1,,4301008,4301008,39,0,,,0,1996-11-28,,,1,1_4301008,1_4301008,1_4301008
1,4000065,1,,4000065,4000065,77,,,,0,2006-07-07,,,1,1_4000065,1_4000065,1_4000065
1,4300071,1,,4300071,4300071,5,A,,,0,1995-11-13,,,1,1_4300071,1_4300071,1_4300071
19,4301394,1,,4301394,4301394,77,0,,,,2001-01-12,,,19,19_4301394,19_4301394,19_4301394
19,4300054,1,,4300054,4300054,77,0,,,0,1995-11-13,,,19,19_4300054,19_4300054,19_4300054
1,4301758,1,,4301758,4301758,,,,,1,2015-09-01,2017-11-09,,1,1_4301758,1_4301758,1_4301758
1,4301490,1,,4301490,4301490,12,0,,,0,2004-06-18,,,1,1_4301490,1_4301490,1_4301490
19,4301128,1,,4301128,4301128,77,0,,,,1996-05-14,,,19,19_4301128,19_4301128,19_4301128
19,4301116,1,,4301116,4301116,77,0,,,,1996-02-06,,,19,19_4301116,19_4301116,19_4301116
1,4300890,1,,4300890,4300890,8,0,,,0,1995-11-20,,,1,1_4300890,1_4300890,1_4300890
1,4000423,1,,4000423,4000423,77,,,,,1996-05-29,,,1,1_4000423,1_4000423,1_4000423
1,4301131,1,,4301131,4301131,77,0,,,,1996-06-03,,,1,1_4301131,1_4301131,1_4301131
1,4300194,1,,4300194,4300194,4,S,,,0,1995-11-14,,,1,1_4300194,1_4300194,1_4300194
1,4310053,1,,4310053,4310053,4,A,,,0,2005-02-14,,,1,1_4310053,1_4310053,1_4310053
19,4300739,1,,4300739,4300739,77,N,,,0,1995-11-20,,,19,19_4300739,19_4300739,19_4300739
1,4000592,1,,4000592,4000592,,,,,0,2004-09-17,,,1,1_4000592,1_4000592,1_4000592
1,4301300,1,,4301300,4301300,41,0,,,0,1999-11-09,,,1,1_4301300,1_4301300,1_4301300
19,4300940,1,,4300940,4300940,77,0,,,,1996-06-10,,,19,19_4300940,19_4300940,19_4300940
1,4301227,1,,4301227,4301227,28,NO_VISITA,,,0,1997-12-24,,,1,1_4301227,1_4301227,1_4301227
1,4301127,1,,4301127,4301127,17,0,,,0,1996-05-07,,,1,1_4301127,1_4301127,1_4301127
1,4301282,1,,4301282,4301282,13,0,,,0,1999-05-17,,,1,1_4301282,1_4301282,1_4301282
1,4301405,1,,4301405,4301405,77,0,,,,2001-06-29,,,1,1_4301405,1_4301405,1_4301405
19,4301121,1,,4301121,4301121,77,0,,,0,1996-02-15,,,19,19_4301121,19_4301121,19_4301121
1,4301244,1,,4301244,4301244,41,0,,,0,1998-06-03,,,1,1_4301244,1_4301244,1_4301244
1,4000164,1,,4000164,4000164,77,,,,,1996-07-17,,,1,1_4000164,1_4000164,1_4000164
1,4000424,1,,4000424,4000424,77,,,,,1996-07-25,,,1,1_4000424,1_4000424,1_4000424
1,4301136,1,,4301136,4301136,50,S,,,0,1996-07-30,,,1,1_4301136,1_4301136,1_4301136
1,4000425,1,,4000425,4000425,77,,,,,1996-08-19,,,1,1_4000425,1_4000425,1_4000425
1,4000426,1,,4000426,4000426,77,,,,,1996-09-04,,,1,1_4000426,1_4000426,1_4000426
1,4301727,1,,4301727,4301727,28,,,,0,2014-04-04,,,1,1_4301727,1_4301727,1_4301727
1,4300967,1,,4300967,4300967,77,0,,,0,1996-02-26,,,1,1_4300967,1_4300967,1_4300967
1,4300682,1,,4300682,4300682,36,0,,,0,1995-11-20,,,1,1_4300682,1_4300682,1_4300682
1,4301107,1,,4301107,4301107,41,0,,,0,1996-06-19,,,1,1_4301107,1_4301107,1_4301107
19,4300882,1,,4300882,4300882,77,0,,,,1997-02-06,,,19,19_4300882,19_4300882,19_4300882
19,4300339,1,,4300339,4300339,77,0,,,0,1996-02-27,,,19,19_4300339,19_4300339,19_4300339
19,4301137,1,,4301137,4301137,77,N,,,,1996-09-12,,,19,19_4301137,19_4301137,19_4301137
19,4300211,1,,4300211,4300211,77,0,,,0,1995-11-14,,,19,19_4300211,19_4300211,19_4300211
19,4300539,1,,4300539,4300539,77,0,,,0,1995-11-16,,,19,19_4300539,19_4300539,19_4300539
1,4000211,1,,4000211,4000211,77,,,,,1996-09-30,,,1,1_4000211,1_4000211,1_4000211
1,4301549,1,,4301549,4301549,39,A,,,0,2006-09-06,,,1,1_4301549,1_4301549,1_4301549
1,4000427,1,,4000427,4000427,77,,,,,1996-09-30,,,1,1_4000427,1_4000427,1_4000427
1,4301145,1,,4301145,4301145,2,A,,,0,1996-10-30,,,1,1_4301145,1_4301145,1_4301145
1,4300076,1,,4300076,4300076,81,0,,,0,1995-11-13,,,1,1_4300076,1_4300076,1_4300076
1,4301139,1,,4301139,4301139,28,0,,,0,1996-10-10,,,1,1_4301139,1_4301139,1_4301139
1,4301122,1,,4301122,4301122,3,A,,,0,1996-02-19,,,1,1_4301122,1_4301122,1_4301122
1,4000669,1,,4000669,4000669,,,,,0,2010-07-14,,,1,1_4000669,1_4000669,1_4000669
19,4300620,1,,4300620,4300620,77,1,,,,1996-10-08,,,19,19_4300620,19_4300620,19_4300620
1,4301509,1,,4301509,4301509,50,S,,,1,2005-04-22,2011-06-14,,1,1_4301509,1_4301509,1_4301509
1,4000428,1,,4000428,4000428,77,,,,,1996-10-17,,,1,1_4000428,1_4000428,1_4000428
1,4000429,1,,4000429,4000429,77,,,,,1996-10-17,,,1,1_4000429,1_4000429,1_4000429
1,4000430,1,,4000430,4000430,77,,,,,1996-10-17,,,1,1_4000430,1_4000430,1_4000430
1,4300249,1,,4300249,4300249,48,0,,,0,1995-11-14,,,1,1_4300249,1_4300249,1_4300249
19,4302037,1,,4302037,4302037,77,0,,,0,1995-11-21,,,19,19_4302037,19_4302037,19_4302037
1,4300798,1,,4300798,4300798,46,0,,,0,1995-11-20,,,1,1_4300798,1_4300798,1_4300798
19,4301041,1,,4301041,4301041,77,1,,,0,1995-11-21,,,19,19_4301041,19_4301041,19_4301041
19,4300728,1,,4300728,4300728,77,0,,,0,1995-11-20,,,19,19_4300728,19_4300728,19_4300728
19,4301141,1,,4301141,4301141,77,0,,,,1996-10-23,,,19,19_4301141,19_4301141,19_4301141
19,4301140,1,,4301140,4301140,77,0,,,,1996-10-21,,,19,19_4301140,19_4301140,19_4301140
19,4301143,1,,4301143,4301143,77,1,,,0,1996-10-23,,,19,19_4301143,19_4301143,19_4301143
1,4301165,1,,4301165,4301165,82,0,,,0,1997-02-13,,,1,1_4301165,1_4301165,1_4301165
19,4300117,1,,4300117,4300117,77,0,,,0,1995-11-13,,,19,19_4300117,19_4300117,19_4300117
19,4300802,1,,4300802,4300802,77,0,,,,1996-10-17,,,19,19_4300802,19_4300802,19_4300802
1,4301393,1,,4301393,4301393,22,0,,,0,2000-12-22,,,1,1_4301393,1_4301393,1_4301393
1,4301261,1,,4301261,4301261,3,NO VISITA,,,0,1998-11-17,,,1,1_4301261,1_4301261,1_4301261
19,4301135,1,,4301135,4301135,77,0,,,,1996-07-24,,,19,19_4301135,19_4301135,19_4301135
19,4301008,1,,4301008,4301008,77,0,,,,1996-11-28,,,19,19_4301008,19_4301008,19_4301008
1,4000431,1,,4000431,4000431,77,,,,1,1996-11-07,,,1,1_4000431,1_4000431,1_4000431
1,4300227,1,,4300227,4300227,3,NO VISITA,,,0,1995-11-14,,,1,1_4300227,1_4300227,1_4300227
1,4301286,1,,4301286,4301286,4,S,,,0,1999-06-10,,,1,1_4301286,1_4301286,1_4301286
19,4301262,1,,4301262,4301262,77,0,,,,1998-11-26,,,19,19_4301262,19_4301262,19_4301262
19,4302055,1,,4302055,4302055,77,0,,,,1996-06-26,,,19,19_4302055,19_4302055,19_4302055
19,4301147,1,,4301147,4301147,77,0,,,,1996-11-11,,,19,19_4301147,19_4301147,19_4301147
19,4300631,1,,4300631,4300631,77,0,,,0,1995-11-16,,,19,19_4300631,19_4300631,19_4300631
1,4300954,1,,4300954,4300954,10,0,,,0,2002-07-16,,,1,1_4300954,1_4300954,1_4300954
1,4301176,1,,4301176,4301176,41,0,,,0,1997-04-17,,,1,1_4301176,1_4301176,1_4301176
1,4300906,1,,4300906,4300906,77,0,,,0,1995-11-20,,,1,1_4300906,1_4300906,1_4300906
1,4300746,1,,4300746,4300746,46,0,,,0,1996-11-25,,,1,1_4300746,1_4300746,1_4300746
1,4301297,1,,4301297,4301297,5,A,,,0,1999-11-08,,,1,1_4301297,1_4301297,1_4301297
1,4300663,1,,4300663,4300663,46,0,,,0,1995-11-20,,,1,1_4300663,1_4300663,1_4300663
1,4301016,1,,4301016,4301016,48,0,,,0,1996-11-26,,,1,1_4301016,1_4301016,1_4301016
1,4310059,1,,4310059,4310059,2,A,,,0,2005-02-23,,,1,1_4310059,1_4310059,1_4310059
1,4301448,1,,4301448,4301448,46,0,,,0,2003-02-26,,,1,1_4301448,1_4301448,1_4301448
19,4301436,1,,4301436,4301436,77,0,,,,2002-11-15,,,19,19_4301436,19_4301436,19_4301436
1,4301414,1,,4301414,4301414,39,0,,,0,2001-12-03,,,1,1_4301414,1_4301414,1_4301414
1,4300856,1,,4300856,4300856,2,NO VISITA,,,0,1996-04-29,,,1,1_4300856,1_4300856,1_4300856
1,4301784,1,,4301784,4301784,39,,,,0,2017-01-24,,,1,1_4301784,1_4301784,1_4301784
1,4301374,1,,4301374,4301374,47,0,,,0,2000-06-01,,,1,1_4301374,1_4301374,1_4301374
1,4301188,1,,4301188,4301188,6,0,,,0,1997-07-03,,,1,1_4301188,1_4301188,1_4301188
19,4300200,1,,4300200,4300200,77,0,,,0,1995-11-14,,,19,19_4300200,19_4300200,19_4300200
1,4301394,1,,4301394,4301394,3,NO VISITA,,,0,2001-01-12,,,1,1_4301394,1_4301394,1_4301394
1,4301465,1,,4301465,4301465,13,0,,,0,2003-07-08,,,1,1_4301465,1_4301465,1_4301465
1,4300032,1,,4300032,4300032,48,0,,,0,2000-04-13,,,1,1_4300032,1_4300032,1_4300032
1,4301040,1,,4301040,4301040,28,0,,,0,1995-11-21,,,1,1_4301040,1_4301040,1_4301040
1,4000081,1,,4000081,4000081,77,,,,,2002-08-12,,,1,1_4000081,1_4000081,1_4000081
1,4301455,1,,4301455,4301455,10,0,,,0,2003-04-02,,,1,1_4301455,1_4301455,1_4301455
1,4300929,1,,4300929,4300929,22,0,,,0,1996-10-30,,,1,1_4300929,1_4300929,1_4300929
1,4301125,1,,4301125,4301125,80,0,,,0,1996-04-25,,,1,1_4301125,1_4301125,1_4301125
1,4000683,1,,4000683,4000683,,,,,1,2011-07-05,2024-04-01,,1,1_4000683,1_4000683,1_4000683
1,4301253,1,,4301253,4301253,3,NO VISITA,,,0,1998-07-24,,,1,1_4301253,1_4301253,1_4301253
1,4000778,1,,4000778,4000778,,,,,0,2021-05-05,,,1,1_4000778,1_4000778,1_4000778
1,4300978,1,,4300978,4300978,43,0,,,0,1995-11-20,,,1,1_4300978,1_4300978,1_4300978
1,4301009,1,,4301009,4301009,46,0,,,0,1996-11-26,,,1,1_4301009,1_4301009,1_4301009
1,4301486,1,,4301486,4301486,6,0,,,0,2004-04-14,,,1,1_4301486,1_4301486,1_4301486
1,4301684,1,,4301684,4301684,48,,,,0,2011-09-01,,,1,1_4301684,1_4301684,1_4301684
1,4301241,1,,4301241,4301241,80,0,,,0,1998-04-21,,,1,1_4301241,1_4301241,1_4301241
1,4301592,1,,4301592,4301592,, ,,,1,2007-12-05,2021-10-18,,1,1_4301592,1_4301592,1_4301592
1,4301206,1,,4301206,4301206,8,0,,,0,1997-10-06,,,1,1_4301206,1_4301206,1_4301206
1,4301062,1,,4301062,4301062,82,1,,,0,1996-04-29,,,1,1_4301062,1_4301062,1_4301062
1,4301028,1,,4301028,4301028,39,0,,,0,1996-11-26,,,1,1_4301028,1_4301028,1_4301028
1,4300661,1,,4300661,4300661,48,0,,,1,1995-11-20,2017-06-01,,1,1_4300661,1_4300661,1_4300661
1,4301753,1,,4301753,4301753,,,,,1,2015-06-02,2017-09-28,,1,1_4301753,1_4301753,1_4301753
1,4301802,1,,4301802,4301802,43,,,,0,2017-12-15,,,1,1_4301802,1_4301802,1_4301802
1,4300891,1,,4300891,4300891,10,0,,,1,1996-11-26,2014-10-31,,1,1_4300891,1_4300891,1_4300891
1,4300653,1,,4300653,4300653,46,0,,,0,1996-11-22,,,1,1_4300653,1_4300653,1_4300653
1,4301305,1,,4301305,4301305,10,0,,,0,2000-01-13,,,1,1_4301305,1_4301305,1_4301305
1,4300969,1,,4300969,4300969,5,A,,,0,1996-11-26,,,1,1_4300969,1_4300969,1_4300969
1,4301428,1,,4301428,4301428,48,0,,,0,2002-09-03,,,1,1_4301428,1_4301428,1_4301428
1,4301234,1,,4301234,4301234,48,0,,,0,1998-02-10,,,1,1_4301234,1_4301234,1_4301234
1,4301098,1,,4301098,4301098,43,0,,,0,1996-01-22,,,1,1_4301098,1_4301098,1_4301098
1,4301106,1,,4301106,4301106,46,0,,,0,1995-11-21,,,1,1_4301106,1_4301106,1_4301106
1,4301294,1,,4301294,4301294,80,0,,,0,1999-09-30,,,1,1_4301294,1_4301294,1_4301294
1,4301249,1,,4301249,4301249,13,0,,,0,1998-07-06,,,1,1_4301249,1_4301249,1_4301249
1,4301018,1,,4301018,4301018,28,0,,,0,1995-11-21,,,1,1_4301018,1_4301018,1_4301018
1,4301265,1,,4301265,4301265,9,0,,,0,1998-12-22,,,1,1_4301265,1_4301265,1_4301265
1,4301251,1,,4301251,4301251,81,0,,,0,1998-07-23,,,1,1_4301251,1_4301251,1_4301251
19,4301221,1,,4301221,4301221,77,0,,,,1997-12-15,,,19,19_4301221,19_4301221,19_4301221
19,4300262,1,,4300262,4300262,77,0,,,0,1995-11-14,,,19,19_4300262,19_4300262,19_4300262
1,4000469,1,,4000469,4000469,77,,,,,1998-07-04,,,1,1_4000469,1_4000469,1_4000469
19,4301150,1,,4301150,4301150,77,0,,,,1996-11-26,,,19,19_4301150,19_4301150,19_4301150
1,4301425,1,,4301425,4301425,39,0,,,0,2002-04-17,,,1,1_4301425,1_4301425,1_4301425
1,4301209,1,,4301209,4301209,81,0,,,0,1997-10-07,,,1,1_4301209,1_4301209,1_4301209
1,4300853,1,,4300853,4300853,8,0,,,0,1996-11-25,,,1,1_4300853,1_4300853,1_4300853
1,4301144,1,,4301144,4301144,82,0,,,0,1996-10-30,,,1,1_4301144,1_4301144,1_4301144
1,4301517,1,,4301517,4301517,3,A,,,0,2005-07-11,,,1,1_4301517,1_4301517,1_4301517
1,4300222,1,,4300222,4300222,17,0,,,0,1995-11-14,,,1,1_4300222,1_4300222,1_4300222
1,4301411,1,,4301411,4301411,3,A,,,0,2001-10-19,,,1,1_4301411,1_4301411,1_4301411
1,4301116,1,,4301116,4301116,9,0,,,0,1996-02-06,,,1,1_4301116,1_4301116,1_4301116
1,4301371,1,,4301371,4301371,48,0,,,0,2000-04-13,,,1,1_4301371,1_4301371,1_4301371
1,4301303,1,,4301303,4301303,12,0,,,0,1999-11-30,,,1,1_4301303,1_4301303,1_4301303
1,4000739,1,,4000739,4000739,,,,,0,2016-07-07,,,1,1_4000739,1_4000739,1_4000739
1,4301190,1,,4301190,4301190,39,0,,,0,1997-07-10,,,1,1_4301190,1_4301190,1_4301190
1,4000720,1,,4000720,4000720,,,,,0,2014-07-23,,,1,1_4000720,1_4000720,1_4000720
19,4301149,1,,4301149,4301149,77,0,,,,1996-11-25,,,19,19_4301149,19_4301149,19_4301149
19,4301151,1,,4301151,4301151,77,0,,,,1996-11-27,,,19,19_4301151,19_4301151,19_4301151
1,4000576,1,,4000576,4000576,,,,,,2003-09-05,,,1,1_4000576,1_4000576,1_4000576
1,4000722,1,,4000722,4000722,,,,,0,2014-07-31,,,1,1_4000722,1_4000722,1_4000722
1,4301690,1,,4301690,4301690,39,,,,0,2012-03-09,,,1,1_4301690,1_4301690,1_4301690
1,4000432,1,,4000432,4000432,77,,,,,1996-12-05,,,1,1_4000432,1_4000432,1_4000432
1,4000433,1,,4000433,4000433,77,,,,,1996-12-11,,,1,1_4000433,1_4000433,1_4000433
1,4300752,1,,4300752,4300752,4,NO VISITA,,,0,1995-11-20,,,1,1_4300752,1_4300752,1_4300752
1,4000434,1,,4000434,4000434,77,,,,,1996-12-13,,,1,1_4000434,1_4000434,1_4000434
1,4300145,1,,4300145,4300145,2,NO VISITA,,,0,1995-11-14,,,1,1_4300145,1_4300145,1_4300145
1,4301293,1,,4301293,4301293,3,NO VISITA,,,0,1999-09-28,,,1,1_4301293,1_4301293,1_4301293
19,4300536,1,,4300536,4300536,77,0,,,,1996-12-13,,,19,19_4300536,19_4300536,19_4300536
1,4301023,1,,4301023,4301023,48,0,,,0,1996-11-26,,,1,1_4301023,1_4301023,1_4301023
1,4301174,1,,4301174,4301174,3,NO VISITA,,,1,1997-04-17,2017-01-24,,1,1_4301174,1_4301174,1_4301174
1,4301481,1,,4301481,4301481,50,NO_VISITA,,,0,2004-03-10,,,1,1_4301481,1_4301481,1_4301481
19,4301156,1,,4301156,4301156,77,0,,,,1996-12-13,,,19,19_4301156,19_4301156,19_4301156
19,4300276,1,,4300276,4300276,77,0,,,0,1995-11-14,,,19,19_4300276,19_4300276,19_4300276
1,4000436,1,,4000436,4000436,77,,,,,1997-01-02,,,1,1_4000436,1_4000436,1_4000436
1,4310001,1,,4310001,4310001,1,A,,,0,2004-01-14,,,1,1_4310001,1_4310001,1_4310001
19,4301236,1,,4301236,4301236,77,0,,,,1998-02-21,,,19,19_4301236,19_4301236,19_4301236
1,4300927,1,,4300927,4300927,46,0,,,0,1996-11-26,,,1,1_4300927,1_4300927,1_4300927
1,4000158,1,,4000158,4000158,77,,,,,1997-01-23,,,1,1_4000158,1_4000158,1_4000158
1,4000437,1,,4000437,4000437,77,,,,,1997-01-24,,,1,1_4000437,1_4000437,1_4000437
1,4000438,1,,4000438,4000438,77,,,,,1997-01-24,,,1,1_4000438,1_4000438,1_4000438
19,4300635,1,,4300635,4300635,77,0,,,0,1995-11-16,,,19,19_4300635,19_4300635,19_4300635
19,4301160,1,,4301160,4301160,77,0,,,,1997-01-21,,,19,19_4301160,19_4301160,19_4301160
1,4000483,1,,4000483,4000483,77,,,,,1999-04-20,,,1,1_4000483,1_4000483,1_4000483
1,4300497,1,,4300497,4300497,17,0,,,0,1995-11-16,,,1,1_4300497,1_4300497,1_4300497
1,4301109,1,,4301109,4301109,28,0,,,0,1995-11-21,,,1,1_4301109,1_4301109,1_4301109
1,4301222,1,,4301222,4301222,3,A,,,0,1997-12-15,,,1,1_4301222,1_4301222,1_4301222
1,4300755,1,,4300755,4300755,22,0,,,0,1995-11-20,,,1,1_4300755,1_4300755,1_4300755
19,4301163,1,,4301163,4301163,77,0,,,,1997-01-29,,,19,19_4301163,19_4301163,19_4301163
19,4300022,1,,4300022,4300022,77,0,,,0,1995-11-10,,,19,19_4300022,19_4300022,19_4300022
19,4301303,1,,4301303,4301303,77,0,,,,1999-11-30,,,19,19_4301303,19_4301303,19_4301303
19,4301462,1,,4301462,4301462,7,0,,,0,2003-05-13,,,19,19_4301462,19_4301462,19_4301462
1,4301289,1,,4301289,4301289,35,0,,,0,1999-08-10,,,1,1_4301289,1_4301289,1_4301289
19,4300225,1,,4300225,4300225,77,0,,,0,1995-11-14,,,19,19_4300225,19_4300225,19_4300225
1,4301466,1,,4301466,4301466,7,A,,,0,2003-07-16,,,1,1_4301466,1_4301466,1_4301466
1,4301464,1,,4301464,4301464,41,0,,,0,2003-05-28,,,1,1_4301464,1_4301464,1_4301464
19,4300995,1,,4300995,4300995,77,0,,,0,1995-11-21,,,19,19_4300995,19_4300995,19_4300995
1,4000072,1,,4000072,4000072,77,,,,,1997-02-20,,,1,1_4000072,1_4000072,1_4000072
1,4301137,1,,4301137,4301137,3,A,,,0,1996-09-12,,,1,1_4301137,1_4301137,1_4301137
1,4301685,1,,4301685,4301685,6,,,,0,2011-10-10,,,1,1_4301685,1_4301685,1_4301685
19,4300724,1,,4300724,4300724,77,0,,,,1997-02-21,,,19,19_4300724,19_4300724,19_4300724
1,4000502,1,,4000502,4000502,77,,,,,1999-11-24,,,1,1_4000502,1_4000502,1_4000502
1,4301514,1,,4301514,4301514,80,NO_VISITA,,,0,2005-06-13,,,1,1_4301514,1_4301514,1_4301514
19,4301293,1,,4301293,4301293,77,0,,,,1999-09-28,,,19,19_4301293,19_4301293,19_4301293
1,4000791,1,,4000791,4000791,,,,,0,2024-01-11,,,1,1_4000791,1_4000791,1_4000791
1,4300675,1,,4300675,4300675,6,0,,,0,1999-03-08,,,1,1_4300675,1_4300675,1_4300675
1,4301833,1,,4301833,4301833,80,,,,0,2019-05-14,,,1,1_4301833,1_4301833,1_4301833
1,4000398,1,,4000398,4000398,77,,,,0,1997-12-22,,,1,1_4000398,1_4000398,1_4000398
19,4301401,1,,4301401,4301401,77,0,,,,2001-05-15,,,19,19_4301401,19_4301401,19_4301401
1,4301246,1,,4301246,4301246,8,0,,,0,1998-06-11,,,1,1_4301246,1_4301246,1_4301246
1,4301499,1,,4301499,4301499,10,0,,,1,2004-11-04,2017-11-03,,1,1_4301499,1_4301499,1_4301499
1,4300240,1,,4300240,4300240,8,0,,,0,1995-11-14,,,1,1_4300240,1_4300240,1_4300240
19,4300576,1,,4300576,4300576,77,0,,,0,1995-11-16,,,19,19_4300576,19_4300576,19_4300576
1,4000057,1,,4000057,4000057,,,,,,2005-10-21,,,1,1_4000057,1_4000057,1_4000057
1,4301462,1,,4301462,4301462,7,A,,,0,2003-05-13,,,1,1_4301462,1_4301462,1_4301462
19,4301167,1,,4301167,4301167,77,0,,,,1997-03-14,,,19,19_4301167,19_4301167,19_4301167
19,4301201,1,,4301201,4301201,77,0,,,,1997-09-15,,,19,19_4301201,19_4301201,19_4301201
1,4100460,1,,4100460,4100460,77,,,,,1997-04-02,,,1,1_4100460,1_4100460,1_4100460
19,4300820,1,,4300820,4300820,77,0,,,,1996-11-25,,,19,19_4300820,19_4300820,19_4300820
1,4000561,1,,4000561,4000561,77,,,,,2002-11-15,,,1,1_4000561,1_4000561,1_4000561
1,4302013,1,,4302013,4302013,12,0,,,0,1996-11-27,,,1,1_4302013,1_4302013,1_4302013
1,4300304,1,,4300304,4300304,46,0,,,0,1995-11-14,,,1,1_4300304,1_4300304,1_4300304
1,4300235,1,,4300235,4300235,1,T,,,0,1998-05-28,,,1,1_4300235,1_4300235,1_4300235
19,4301220,1,,4301220,4301220,77,0,,,,1997-12-10,,,19,19_4301220,19_4301220,19_4301220
1,4301722,1,,4301722,4301722,28,,,,0,2013-12-02,,,1,1_4301722,1_4301722,1_4301722
1,4300694,1,,4300694,4300694,41,0,,,0,1995-11-20,,,1,1_4300694,1_4300694,1_4300694
1,4301437,1,,4301437,4301437,50,0,,,0,2002-11-15,,,1,1_4301437,1_4301437,1_4301437
1,4301124,1,,4301124,4301124,50,NO_VISITA,,,0,1996-04-25,,,1,1_4301124,1_4301124,1_4301124
1,4301235,1,,4301235,4301235,10,0,,,0,1998-02-13,,,1,1_4301235,1_4301235,1_4301235
19,4301460,1,,4301460,4301460,5,0,,,0,2003-05-09,,,19,19_4301460,19_4301460,19_4301460
19,4301107,1,,4301107,4301107,77,0,,,,1996-06-19,,,19,19_4301107,19_4301107,19_4301107
1,4301158,1,,4301158,4301158,43,0,,,0,1996-12-30,,,1,1_4301158,1_4301158,1_4301158
1,4000004,1,,4000004,4000004,,,,,0,2004-04-06,,,1,1_4000004,1_4000004,1_4000004
1,4309999,1,,4309999,4309999,77,0,,,,1997-05-28,,,1,1_4309999,1_4309999,1_4309999
1,4100999,1,,4100999,4100999,77,,,,,1997-05-28,,,1,1_4100999,1_4100999,1_4100999
1,4300087,1,,4300087,4300087,5,NO VISITA,,,0,1995-11-13,,,1,1_4300087,1_4300087,1_4300087
1,4302257,1,,4302257,4302257,81,1,,,0,1996-10-10,,,1,1_4302257,1_4302257,1_4302257
1,4300965,1,,4300965,4300965,6,0,,,0,1995-11-20,,,1,1_4300965,1_4300965,1_4300965
1,4301184,1,,4301184,4301184,77,0,,,,1997-06-04,,,1,1_4301184,1_4301184,1_4301184
1,4301129,1,,4301129,4301129,5,S,,,1,1996-05-17,2020-02-18,,1,1_4301129,1_4301129,1_4301129
1,4000440,1,,4000440,4000440,77,,,,,1997-06-10,,,1,1_4000440,1_4000440,1_4000440
1,4301429,1,,4301429,4301429,10,0,,,0,2002-09-19,,,1,1_4301429,1_4301429,1_4301429
1,4000728,1,,4000728,4000728,,,,,0,2015-02-27,,,1,1_4000728,1_4000728,1_4000728
19,4301182,1,,4301182,4301182,77,0,,,,1997-05-30,,,19,19_4301182,19_4301182,19_4301182
1,4000345,1,,4000345,4000345,77,,,,,1997-06-17,,,1,1_4000345,1_4000345,1_4000345
1,4000627,1,,4000627,4000627,,,,,0,2007-04-12,,,1,1_4000627,1_4000627,1_4000627
1,4000441,1,,4000441,4000441,77,,,,,1997-06-26,,,1,1_4000441,1_4000441,1_4000441
1,4301221,1,,4301221,4301221,5,A,,,0,1997-12-15,,,1,1_4301221,1_4301221,1_4301221
1,4301413,1,,4301413,4301413,4,A,,,0,2001-11-29,,,1,1_4301413,1_4301413,1_4301413
19,4301187,1,,4301187,4301187,77,0,,,,1997-07-02,,,19,19_4301187,19_4301187,19_4301187
1,4301276,1,,4301276,4301276,13,0,,,0,1999-03-26,,,1,1_4301276,1_4301276,1_4301276
1,4301189,1,,4301189,4301189,48,0,,,1,1997-07-09,,,1,1_4301189,1_4301189,1_4301189
1,4301105,1,,4301105,4301105,17,0,,,0,1996-02-26,,,1,1_4301105,1_4301105,1_4301105
1,4301120,1,,4301120,4301120,13,0,,,0,1996-02-15,,,1,1_4301120,1_4301120,1_4301120
1,4301322,1,,4301322,4301322,12,0,,,1,2001-08-04,2011-05-12,,1,1_4301322,1_4301322,1_4301322
1,4301192,1,,4301192,4301192,17,0,,,0,1997-07-15,,,1,1_4301192,1_4301192,1_4301192
1,4300768,1,,4300768,4300768,3,A,,,0,1995-11-20,,,1,1_4300768,1_4300768,1_4300768
19,4302013,1,,4302013,4302013,77,0,,,,1996-11-27,,,19,19_4302013,19_4302013,19_4302013
1,4000751,1,,4000751,4000751,,,,,0,2018-02-27,,,1,1_4000751,1_4000751,1_4000751
1,4301195,1,,4301195,4301195,77,0,,,,1997-07-22,,,1,1_4301195,1_4301195,1_4301195
19,4301283,1,,4301283,4301283,77,0,,,,1999-06-02,,,19,19_4301283,19_4301283,19_4301283
19,4301172,1,,4301172,4301172,77,0,,,,1997-04-07,,,19,19_4301172,19_4301172,19_4301172
19,4301447,1,,4301447,4301447,77,0,,,,2003-02-20,,,19,19_4301447,19_4301447,19_4301447
1,4301382,1,,4301382,4301382,10,0,,,0,2000-09-04,,,1,1_4301382,1_4301382,1_4301382
19,4301198,1,,4301198,4301198,77,0,,,,1997-08-25,,,19,19_4301198,19_4301198,19_4301198
1,4301502,1,,4301502,4301502,,0,,,,2004-12-02,,,1,1_4301502,1_4301502,1_4301502
19,4301199,1,,4301199,4301199,77,0,,,,1997-09-01,,,19,19_4301199,19_4301199,19_4301199
1,4300711,1,,4300711,4300711,4,S,,,0,1995-11-20,,,1,1_4300711,1_4300711,1_4300711
1,4300301,1,,4300301,4300301,7,A,,,0,1995-11-14,,,1,1_4300301,1_4300301,1_4300301
1,4000131,1,,4000131,4000131,77,,,,0,1997-09-17,,,1,1_4000131,1_4000131,1_4000131
1,4000736,1,,4000736,4000736,,,,,0,2015-12-03,,,1,1_4000736,1_4000736,1_4000736
1,4000788,1,,4000788,4000788,,,,,0,2023-05-08,,,1,1_4000788,1_4000788,1_4000788
19,4301015,1,,4301015,4301015,77,0,,,0,1996-03-18,,,19,19_4301015,19_4301015,19_4301015
19,4301305,1,,4301305,4301305,77,0,,,,2000-01-13,,,19,19_4301305,19_4301305,19_4301305
1,4300714,1,,4300714,4300714,5,S,,,0,1995-11-20,,,1,1_4300714,1_4300714,1_4300714
19,4300837,1,,4300837,4300837,77,0,,,0,1995-11-20,,,19,19_4300837,19_4300837,19_4300837
1,4300670,1,,4300670,4300670,13,0,,,0,1995-11-20,,,1,1_4300670,1_4300670,1_4300670
1,4300630,1,,4300630,4300630,28,0,,,0,2003-10-01,,,1,1_4300630,1_4300630,1_4300630
19,4000211,1,,4000211,4000211,77,,,,,1996-09-30,,,19,19_4000211,19_4000211,19_4000211
19,4301193,1,,4301193,4301193,77,0,,,,1997-07-15,,,19,19_4301193,19_4301193,19_4301193
19,4300856,1,,4300856,4300856,77,0,,,0,1996-04-29,,,19,19_4300856,19_4300856,19_4300856
19,4300809,1,,4300809,4300809,77,0,,,,1997-10-09,,,19,19_4300809,19_4300809,19_4300809
19,4301938,1,,4301938,4301938,77,0,,,,1998-07-06,,,19,19_4301938,19_4301938,19_4301938
1,4301473,1,,4301473,4301473,41,0,,,0,2003-12-30,,,1,1_4301473,1_4301473,1_4301473
1,4000442,1,,4000442,4000442,77,,,,,1997-10-18,,,1,1_4000442,1_4000442,1_4000442
1,4000443,1,,4000443,4000443,77,,,,,1997-10-18,,,1,1_4000443,1_4000443,1_4000443
1,4301212,1,,4301212,4301212,77,0,,,,1997-10-24,,,1,1_4301212,1_4301212,1_4301212
19,4301207,1,,4301207,4301207,77,0,,,,1997-10-06,,,19,19_4301207,19_4301207,19_4301207
1,4000444,1,,4000444,4000444,77,,,,,1997-10-27,,,1,1_4000444,1_4000444,1_4000444
1,4301257,1,,4301257,4301257,8,0,,,0,1998-10-30,,,1,1_4301257,1_4301257,1_4301257
1,4000464,1,,4000464,4000464,77,,,,,1998-05-07,,,1,1_4000464,1_4000464,1_4000464
19,4300726,1,,4300726,4300726,77,0,,,0,1995-11-20,,,19,19_4300726,19_4300726,19_4300726
1,4000445,1,,4000445,4000445,77,,,,,1997-11-04,,,1,1_4000445,1_4000445,1_4000445
1,4000446,1,,4000446,4000446,77,,,,0,1997-11-04,,,1,1_4000446,1_4000446,1_4000446
1,4000447,1,,4000447,4000447,77,,,,,1997-11-11,,,1,1_4000447,1_4000447,1_4000447
1,4000448,1,,4000448,4000448,77,,,,,1997-11-11,,,1,1_4000448,1_4000448,1_4000448
1,4301525,1,,4301525,4301525,82,0,,,0,2003-01-20,,,1,1_4301525,1_4301525,1_4301525
1,4300116,1,,4300116,4300116,10,0,,,0,1995-11-13,,,1,1_4300116,1_4300116,1_4300116
1,4301218,1,,4301218,4301218,77,0,,,,1997-11-13,,,1,1_4301218,1_4301218,1_4301218
19,4300730,1,,4300730,4300730,77,0,,,0,1995-11-20,,,19,19_4300730,19_4300730,19_4300730
19,4301202,1,,4301202,4301202,77,0,,,,1997-09-16,,,19,19_4301202,19_4301202,19_4301202
1,4000263,1,,4000263,4000263,77,,,,,1998-04-24,,,1,1_4000263,1_4000263,1_4000263
19,4301217,1,,4301217,4301217,77,0,,,,1997-11-13,,,19,19_4301217,19_4301217,19_4301217
19,4301218,1,,4301218,4301218,77,0,,,,1997-11-13,,,19,19_4301218,19_4301218,19_4301218
1,4301247,1,,4301247,4301247,13,0,,,0,1998-06-26,2014-09-30,,1,1_4301247,1_4301247,1_4301247
19,4301125,1,,4301125,4301125,77,0,,,0,1996-04-25,,,19,19_4301125,19_4301125,19_4301125
1,4000526,1,,4000526,4000526,77,,,,0,2000-11-02,,,1,1_4000526,1_4000526,1_4000526
1,4301460,1,,4301460,4301460,5,S,,,0,2003-05-09,,,1,1_4301460,1_4301460,1_4301460
1,4000450,1,,4000450,4000450,77,,,,,1997-12-17,,,1,1_4000450,1_4000450,1_4000450
19,4301312,1,,4301312,4301312,77,0,,,,2000-06-15,,,19,19_4301312,19_4301312,19_4301312
1,4301170,1,,4301170,4301170,7,A,,,0,1997-03-24,,,1,1_4301170,1_4301170,1_4301170
1,4310002,1,,4310002,4310002,1,NO_BAÑOS,,,0,2004-01-14,,,1,1_4310002,1_4310002,1_4310002
19,4301315,1,,4301315,4301315,77,0,,,,2000-06-28,,,19,19_4301315,19_4301315,19_4301315
1,4000452,1,,4000452,4000452,77,,,,,1997-12-22,,,1,1_4000452,1_4000452,1_4000452
1,4301717,1,,4301717,4301717,6,,,,0,2013-08-02,,,1,1_4301717,1_4301717,1_4301717
1,4000453,1,,4000453,4000453,77,,,,,1997-12-22,,,1,1_4000453,1_4000453,1_4000453
1,4000454,1,,4000454,4000454,77,,,,,1997-12-30,,,1,1_4000454,1_4000454,1_4000454
1,4301680,1,,4301680,4301680,77,,,,0,2011-06-23,,,1,1_4301680,1_4301680,1_4301680
1,4000455,1,,4000455,4000455,77,,,,,1998-01-08,,,1,1_4000455,1_4000455,1_4000455
19,4300887,1,,4300887,4300887,77,0,,,0,1996-03-25,,,19,19_4300887,19_4300887,19_4300887
19,4301257,1,,4301257,4301257,77,0,,,,1998-10-30,,,19,19_4301257,19_4301257,19_4301257
1,4000795,1,,4000795,4000795,,,,,0,2024-01-17,,,1,1_4000795,1_4000795,1_4000795
1,4000457,1,,4000457,4000457,77,,,,,1998-01-28,,,1,1_4000457,1_4000457,1_4000457
1,4000458,1,,4000458,4000458,77,,,,,1998-01-28,,,1,1_4000458,1_4000458,1_4000458
1,4301419,1,,4301419,4301419,28,0,,,0,2002-01-17,,,1,1_4301419,1_4301419,1_4301419
1,4300620,1,,4300620,4300620,2,A,,,0,1996-10-08,,,1,1_4300620,1_4300620,1_4300620
1,4300767,1,,4300767,4300767,48,0,,,0,1996-11-25,,,1,1_4300767,1_4300767,1_4300767
19,4300863,1,,4300863,4300863,77,0,,,,1996-11-25,,,19,19_4300863,19_4300863,19_4300863
19,4301229,1,,4301229,4301229,77,0,,,,1998-01-29,,,19,19_4301229,19_4301229,19_4301229
19,4301231,1,,4301231,4301231,77,0,,,,1998-02-02,,,19,19_4301231,19_4301231,19_4301231
1,4301298,1,,4301298,4301298,10,0,,,0,1999-11-08,,,1,1_4301298,1_4301298,1_4301298
1,4000295,1,,4000295,4000295,77,,,,,1998-02-17,,,1,1_4000295,1_4000295,1_4000295
1,4000459,1,,4000459,4000459,77,,,,0,1998-02-17,,,1,1_4000459,1_4000459,1_4000459
1,4301307,1,,4301307,4301307,3,A,,,1,2000-02-09,2020-12-14,,1,1_4301307,1_4301307,1_4301307
1,4000460,1,,4000460,4000460,77,,,,,1998-02-24,,,1,1_4000460,1_4000460,1_4000460
1,4000461,1,,4000461,4000461,77,,,,,1998-02-24,,,1,1_4000461,1_4000461,1_4000461
1,4301173,1,,4301173,4301173,4,S,,,0,1997-04-09,,,1,1_4301173,1_4301173,1_4301173
1,4301797,1,,4301797,4301797,3,,,,0,2017-10-16,,,1,1_4301797,1_4301797,1_4301797
1,4000170,1,,4000170,4000170,77,,,,,1998-03-23,,,1,1_4000170,1_4000170,1_4000170
1,4000462,1,,4000462,4000462,77,,,,,1998-04-02,,,1,1_4000462,1_4000462,1_4000462
1,4000463,1,,4000463,4000463,77,,,,,1998-04-08,,,1,1_4000463,1_4000463,1_4000463
1,4000777,1,,4000777,4000777,,,,,0,2021-02-23,,,1,1_4000777,1_4000777,1_4000777
1,4310051,1,,4310051,4310051,7,A,,,0,2005-02-11,,,1,1_4310051,1_4310051,1_4310051
1,4300016,1,,4300016,4300016,81,0,,,0,2003-01-21,,,1,1_4300016,1_4300016,1_4300016
19,4300260,1,,4300260,4300260,77,0,,,0,1995-11-14,,,19,19_4300260,19_4300260,19_4300260
19,4301177,1,,4301177,4301177,77,0,,,,1997-04-18,,,19,19_4301177,19_4301177,19_4301177
19,4301216,1,,4301216,4301216,77,0,,,,1997-11-13,,,19,19_4301216,19_4301216,19_4301216
1,4300740,1,,4300740,4300740,80,0,,,0,1995-11-20,,,1,1_4300740,1_4300740,1_4300740
1,4301361,1,,4301361,4301361,50,S,,,0,1999-12-28,,,1,1_4301361,1_4301361,1_4301361
1,4000465,1,,4000465,4000465,77,,,,,1998-05-15,,,1,1_4000465,1_4000465,1_4000465
1,4301362,1,,4301362,4301362,1,A,,,1,2000-01-13,2011-05-12,,1,1_4301362,1_4301362,1_4301362
1,4000503,1,,4000503,4000503,77,,,,,1999-12-14,,,1,1_4000503,1_4000503,1_4000503
1,4000466,1,,4000466,4000466,77,,,,,1998-05-20,,,1,1_4000466,1_4000466,1_4000466
1,4000782,1,,4000782,4000782,,,,,0,2022-05-19,,,1,1_4000782,1_4000782,1_4000782
1,4301269,1,,4301269,4301269,41,0,,,0,1999-01-26,,,1,1_4301269,1_4301269,1_4301269
1,4000467,1,,4000467,4000467,77,,,,,1998-06-05,,,1,1_4000467,1_4000467,1_4000467
1,4000468,1,,4000468,4000468,77,,,,,1998-06-05,,,1,1_4000468,1_4000468,1_4000468
1,4301299,1,,4301299,4301299,8,0,,,0,1999-11-09,,,1,1_4301299,1_4301299,1_4301299
1,4000499,1,,4000499,4000499,77,,,,,1999-11-04,,,1,1_4000499,1_4000499,1_4000499
19,4301244,1,,4301244,4301244,77,0,,,,1998-06-03,,,19,19_4301244,19_4301244,19_4301244
19,4301254,1,,4301254,4301254,77,0,,,,1998-09-25,,,19,19_4301254,19_4301254,19_4301254
1,4300688,1,,4300688,4300688,13,0,,,0,1995-11-20,,,1,1_4300688,1_4300688,1_4300688
1,4301725,1,,4301725,4301725,,,,,0,2013-12-18,,,1,1_4301725,1_4301725,1_4301725
1,4000385,1,,4000385,4000385,77,0,,,0,1996-04-16,,,1,1_4000385,1_4000385,1_4000385
19,4301395,1,,4301395,4301395,77,0,,,,2001-01-17,,,19,19_4301395,19_4301395,19_4301395
1,4301263,1,,4301263,4301263,81,0,,,0,1998-12-11,,,1,1_4301263,1_4301263,1_4301263
1,4301369,1,,4301369,4301369,48,0,,,0,2000-03-31,,,1,1_4301369,1_4301369,1_4301369
1,4301085,1,,4301085,4301085,48,0,,,1,1995-12-14,2017-04-24,,1,1_4301085,1_4301085,1_4301085
1,4301452,1,,4301452,4301452,7,A,,,0,2003-03-11,,,1,1_4301452,1_4301452,1_4301452
1,4000471,1,,4000471,4000471,77,,,,,1998-08-26,,,1,1_4000471,1_4000471,1_4000471
19,4301299,1,,4301299,4301299,77,0,,,,1999-11-09,,,19,19_4301299,19_4301299,19_4301299
1,4301060,1,,4301060,4301060,77,0,,,0,1995-11-21,,,1,1_4301060,1_4301060,1_4301060
1,4000166,1,,4000166,4000166,77,,,,,1998-09-25,,,1,1_4000166,1_4000166,1_4000166
1,4301493,1,,4301493,4301493,17,0,,,0,2004-07-15,,,1,1_4301493,1_4301493,1_4301493
1,4000472,1,,4000472,4000472,77,,,,0,1998-10-06,,,1,1_4000472,1_4000472,1_4000472
1,4301187,1,,4301187,4301187,4,NO VISITA,,,0,1997-07-02,,,1,1_4301187,1_4301187,1_4301187
1,4000473,1,,4000473,4000473,77,,,,0,1998-10-14,,,1,1_4000473,1_4000473,1_4000473
1,4000160,1,,4000160,4000160,77,,,,,1999-01-28,,,1,1_4000160,1_4000160,1_4000160
1,4300976,1,,4300976,4300976,41,0,,,1,1996-11-26,2024-05-03,,1,1_4300976,1_4300976,1_4300976
1,4000474,1,,4000474,4000474,77,,,,,1998-10-30,,,1,1_4000474,1_4000474,1_4000474
1,4300401,1,,4300401,4300401,4,A,,,0,1995-11-15,,,1,1_4300401,1_4300401,1_4300401
1,4000684,1,,4000684,4000684,,,,,0,2011-07-21,,,1,1_4000684,1_4000684,1_4000684
1,4301395,1,,4301395,4301395,48,0,,,0,2001-01-17,,,1,1_4301395,1_4301395,1_4301395
1,43010000,1,,43010000,43010000,,0,,,,2003-05-27,,,1,1_43010000,1_43010000,1_43010000
1,4000281,1,,4000281,4000281,77,,,,,1999-05-24,,,1,1_4000281,1_4000281,1_4000281
19,4301225,1,,4301225,4301225,77,0,,,,1997-12-18,,,19,19_4301225,19_4301225,19_4301225
19,4301144,1,,4301144,4301144,77,0,,,,1996-10-30,,,19,19_4301144,19_4301144,19_4301144
1,4301306,1,,4301306,4301306,6,0,,,0,2000-01-18,,,1,1_4301306,1_4301306,1_4301306
19,4301265,1,,4301265,4301265,77,0,,,,1998-12-22,,,19,19_4301265,19_4301265,19_4301265
19,4301259,1,,4301259,4301259,77,0,,,,1998-11-16,,,19,19_4301259,19_4301259,19_4301259
1,4301478,1,,4301478,4301478,3,A,,,0,2004-02-23,,,1,1_4301478,1_4301478,1_4301478
1,4301484,1,,4301484,4301484,3,NO VISITA,,,0,2004-03-22,,,1,1_4301484,1_4301484,1_4301484
1,4000047,1,,4000047,4000047,77,,,,,1998-11-17,,,1,1_4000047,1_4000047,1_4000047
1,4100997,1,,4100997,4100997,77,,,,,1998-11-18,,,1,1_4100997,1_4100997,1_4100997
1,4000475,1,,4000475,4000475,77,,,,,1998-11-21,,,1,1_4000475,1_4000475,1_4000475
1,4000495,1,,4000495,4000495,77,,,,,1999-08-03,,,1,1_4000495,1_4000495,1_4000495
1,4000512,1,,4000512,4000512,77,,,,0,2000-05-08,,,1,1_4000512,1_4000512,1_4000512
1,4000555,1,,4000555,4000555,77,,,,,2002-05-08,,,1,1_4000555,1_4000555,1_4000555
1,4301420,1,,4301420,4301420,50,0,,,0,2002-02-05,,,1,1_4301420,1_4301420,1_4301420
1,4301724,1,,4301724,4301724,4,,,,0,2013-12-10,,,1,1_4301724,1_4301724,1_4301724
1,4100010,1,,4100010,4100010,,,,,0,2022-10-05,,,1,1_4100010,1_4100010,1_4100010
1,4000476,1,,4000476,4000476,77,,,,,1998-12-11,,,1,1_4000476,1_4000476,1_4000476
1,4301258,1,,4301258,4301258,48,0,,,0,1998-10-30,,,1,1_4301258,1_4301258,1_4301258
19,4301263,1,,4301263,4301263,77,0,,,,1998-12-11,,,19,19_4301263,19_4301263,19_4301263
19,4301266,1,,4301266,4301266,77,0,,,,1998-12-22,,,19,19_4301266,19_4301266,19_4301266
1,4301288,1,,4301288,4301288,3,NO VISITA,,,0,1999-06-23,,,1,1_4301288,1_4301288,1_4301288
1,4302067,1,,4302067,4302067,41,0,,,0,1996-11-27,,,1,1_4302067,1_4302067,1_4302067
1,4301157,1,,4301157,4301157,43,0,,,0,1996-12-13,,,1,1_4301157,1_4301157,1_4301157
1,4000477,1,,4000477,4000477,77,,,,,1999-01-08,,,1,1_4000477,1_4000477,1_4000477
1,4301827,1,,4301827,4301827,28,,,,0,2019-02-21,,,1,1_4301827,1_4301827,1_4301827
1,4100994,1,,4100994,4100994,77,,,,0,1998-11-24,,,1,1_4100994,1_4100994,1_4100994
1,4300613,1,,4300613,4300613,41,0,,,0,1995-12-14,,,1,1_4300613,1_4300613,1_4300613
1,4300753,1,,4300753,4300753,9,0,,,0,1999-03-08,,,1,1_4300753,1_4300753,1_4300753
19,4301275,1,,4301275,4301275,77,0,,,,1999-03-12,,,19,19_4301275,19_4301275,19_4301275
1,4301167,1,,4301167,4301167,6,0,,,0,1997-03-14,,,1,1_4301167,1_4301167,1_4301167
19,4301298,1,,4301298,4301298,77,0,,,,1999-11-08,,,19,19_4301298,19_4301298,19_4301298
1,4000528,1,,4000528,4000528,77,,,,,2000-12-04,,,1,1_4000528,1_4000528,1_4000528
1,4301083,1,,4301083,4301083,5,A,,,0,1998-12-02,,,1,1_4301083,1_4301083,1_4301083
1,4300724,1,,4300724,4300724,3,0,,,0,1997-02-21,,,1,1_4300724,1_4300724,1_4300724
1,4301226,1,,4301226,4301226,2,S,,,0,1997-12-18,,,1,1_4301226,1_4301226,1_4301226
1,4000479,1,,4000479,4000479,77,,,,,1999-02-17,,,1,1_4000479,1_4000479,1_4000479
1,4301430,1,,4301430,4301430,3,S,,,1,2002-09-20,2012-01-27,,1,1_4301430,1_4301430,1_4301430
19,4301453,1,,4301453,4301453,4,0,,,0,2003-03-19,,,19,19_4301453,19_4301453,19_4301453
19,4300855,1,,4300855,4300855,77,0,,,,1996-11-25,,,19,19_4300855,19_4300855,19_4300855
1,4000309,1,,4000309,4000309,77,,,,,1999-02-23,,,1,1_4000309,1_4000309,1_4000309
1,4301285,1,,4301285,4301285,12,0,,,1,1999-06-10,2020-12-14,,1,1_4301285,1_4301285,1_4301285
1,4000486,1,,4000486,4000486,77,,,,,1999-06-03,,,1,1_4000486,1_4000486,1_4000486
1,4300791,1,,4300791,4300791,46,0,,,0,1996-11-25,,,1,1_4300791,1_4300791,1_4300791
19,4300723,1,,4300723,4300723,77,0,,,0,1995-11-20,,,19,19_4300723,19_4300723,19_4300723
1,4000346,1,,4000346,4000346,77,,,,,1999-05-05,,,1,1_4000346,1_4000346,1_4000346
19,4301367,1,,4301367,4301367,77,0,,,,2000-03-13,,,19,19_4301367,19_4301367,19_4301367
1,4301296,1,,4301296,4301296,13,0,,,0,1999-10-15,,,1,1_4301296,1_4301296,1_4301296
1,4000480,1,,4000480,4000480,77,,,,,1999-04-08,,,1,1_4000480,1_4000480,1_4000480
1,4301277,1,,4301277,4301277,77,0,,,,1999-04-09,,,1,1_4301277,1_4301277,1_4301277
1,4301320,1,,4301320,4301320,4,A,,,0,2001-04-24,,,1,1_4301320,1_4301320,1_4301320
1,4000481,1,,4000481,4000481,77,,,,0,1999-04-16,,,1,1_4000481,1_4000481,1_4000481
1,4000482,1,,4000482,4000482,77,,,,,1999-04-19,,,1,1_4000482,1_4000482,1_4000482
19,4300776,1,,4300776,4300776,77,0,,,,1997-03-06,,,19,19_4300776,19_4300776,19_4300776
19,4301499,1,,4301499,4301499,10,0,,,0,2004-11-04,,,19,19_4301499,19_4301499,19_4301499
19,4300294,1,,4300294,4300294,77,0,,,,1998-10-30,,,19,19_4300294,19_4300294,19_4300294
1,4301278,1,,4301278,4301278,4,NO VISITA,,,0,1999-04-13,,,1,1_4301278,1_4301278,1_4301278
1,4300006,1,,4300006,4300006,22,0,,,1,1995-11-10,2017-10-20,,1,1_4300006,1_4300006,1_4300006
19,4301287,1,,4301287,4301287,77,0,,,,1999-06-16,,,19,19_4301287,19_4301287,19_4301287
1,4000484,1,,4000484,4000484,77,,,,0,1999-05-24,,,1,1_4000484,1_4000484,1_4000484
1,4000485,1,,4000485,4000485,77,,,,,1999-05-24,,,1,1_4000485,1_4000485,1_4000485
19,4301292,1,,4301292,4301292,77,0,,,,1999-09-24,,,19,19_4301292,19_4301292,19_4301292
19,4301170,1,,4301170,4301170,77,1,,,,1997-03-24,,,19,19_4301170,19_4301170,19_4301170
1,4000757,1,,4000757,4000757,,,,,0,2019-04-26,,,1,1_4000757,1_4000757,1_4000757
1,4300230,1,,4300230,4300230,17,0,,,0,1995-11-14,,,1,1_4300230,1_4300230,1_4300230
1,4301385,1,,4301385,4301385,4,A,,,0,2000-10-11,,,1,1_4301385,1_4301385,1_4301385
1,4000496,1,,4000496,4000496,77,,,,,1999-09-21,,,1,1_4000496,1_4000496,1_4000496
19,4301194,1,,4301194,4301194,77,0,,,,1997-07-22,,,19,19_4301194,19_4301194,19_4301194
19,4301286,1,,4301286,4301286,77,0,,,,1999-06-10,,,19,19_4301286,19_4301286,19_4301286
1,4000487,1,,4000487,4000487,77,,,,,1999-06-14,,,1,1_4000487,1_4000487,1_4000487
1,4000488,1,,4000488,4000488,77,,,,,1999-06-15,,,1,1_4000488,1_4000488,1_4000488
1,4301396,1,,4301396,4301396,10,0,,,0,2001-01-31,,,1,1_4301396,1_4301396,1_4301396
19,4301396,1,,4301396,4301396,77,0,,,,2001-01-31,,,19,19_4301396,19_4301396,19_4301396
19,4300989,1,,4300989,4300989,77,0,,,0,1995-11-21,,,19,19_4300989,19_4300989,19_4300989
19,4301281,1,,4301281,4301281,77,0,,,,1999-04-29,,,19,19_4301281,19_4301281,19_4301281
1,4000489,1,,4000489,4000489,77,,,,,1999-06-25,,,1,1_4000489,1_4000489,1_4000489
1,4000491,1,,4000491,4000491,77,,,,,1999-07-01,,,1,1_4000491,1_4000491,1_4000491
1,4000710,1,,4000710,4000710,,,,,0,2013-09-05,,,1,1_4000710,1_4000710,1_4000710
1,4000493,1,,4000493,4000493,77,,,,,1999-07-19,,,1,1_4000493,1_4000493,1_4000493
1,4310048,1,,4310048,4310048,3,A,,,0,2004-10-21,,,1,1_4310048,1_4310048,1_4310048
1,4000521,1,,4000521,4000521,77,,,,,2000-07-20,,,1,1_4000521,1_4000521,1_4000521
19,4301375,1,,4301375,4301375,77,0,,,,2000-06-12,,,19,19_4301375,19_4301375,19_4301375
1,4301014,1,,4301014,4301014,5,NO VISITA,,,0,1996-11-26,,,1,1_4301014,1_4301014,1_4301014
19,4301285,1,,4301285,4301285,77,0,,,,1999-06-10,,,19,19_4301285,19_4301285,19_4301285
1,4000117,1,,4000117,4000117,77,,,,,1999-09-06,,,1,1_4000117,1_4000117,1_4000117
1,4000717,1,,4000717,4000717,,,,,0,2014-03-03,,,1,1_4000717,1_4000717,1_4000717
1,4301243,1,,4301243,4301243,48,0,,,0,1998-05-19,,,1,1_4301243,1_4301243,1_4301243
19,4301168,1,,4301168,4301168,77,0,,,,1997-03-17,,,19,19_4301168,19_4301168,19_4301168
1,4000249,1,,4000249,4000249,77,,,,0,1996-02-12,,,1,1_4000249,1_4000249,1_4000249
1,4000531,1,,4000531,4000531,77,,,,,2001-03-15,,,1,1_4000531,1_4000531,1_4000531
1,4301392,1,,4301392,4301392,77,0,,,0,2000-12-20,,,1,1_4301392,1_4301392,1_4301392
1,4300928,1,,4300928,4300928,17,0,,,1,1996-11-26,2020-12-10,,1,1_4300928,1_4300928,1_4300928
1,4300991,1,,4300991,4300991,81,0,,,1,1996-11-26,2020-12-10,,1,1_4300991,1_4300991,1_4300991
19,4300091,1,,4300091,4300091,77,0,,,0,1995-11-14,,,19,19_4300091,19_4300091,19_4300091
1,4300634,1,,4300634,4300634,8,0,,,0,1995-12-18,,,1,1_4300634,1_4300634,1_4300634
1,4301295,1,,4301295,4301295,77,0,,,,1999-10-05,,,1,1_4301295,1_4301295,1_4301295
1,4000498,1,,4000498,4000498,77,,,,,1999-10-06,,,1,1_4000498,1_4000498,1_4000498
1,4301387,1,,4301387,4301387,28,0,,,0,2000-11-02,,,1,1_4301387,1_4301387,1_4301387
19,4300592,1,,4300592,4300592,77,0,,,0,1995-11-16,,,19,19_4300592,19_4300592,19_4300592
19,4300951,1,,4300951,4300951,77,0,,,,1997-03-17,,,19,19_4300951,19_4300951,19_4300951
1,4301363,1,,4301363,4301363,5,A,,,1,2000-01-13,2013-02-05,,1,1_4301363,1_4301363,1_4301363
1,4301421,1,,4301421,4301421,10,0,,,0,2002-02-18,,,1,1_4301421,1_4301421,1_4301421
1,4300964,1,,4300964,4300964,8,0,,,0,1995-11-20,,,1,1_4300964,1_4300964,1_4300964
1,4301050,1,,4301050,4301050,46,0,,,0,1995-11-15,,,1,1_4301050,1_4301050,1_4301050
1,4300881,1,,4300881,4300881,39,0,,,0,2003-10-28,,,1,1_4300881,1_4300881,1_4300881
1,4000500,1,,4000500,4000500,77,,,,,1999-11-18,,,1,1_4000500,1_4000500,1_4000500
1,4000501,1,,4000501,4000501,77,,,,,1999-11-19,,,1,1_4000501,1_4000501,1_4000501
19,4300929,1,,4300929,4300929,77,0,,,,1996-10-30,,,19,19_4300929,19_4300929,19_4300929
19,4301252,1,,4301252,4301252,77,0,,,,1998-07-24,,,19,19_4301252,19_4301252,19_4301252
19,4301408,1,,4301408,4301408,77,0,,,,2001-10-01,,,19,19_4301408,19_4301408,19_4301408
1,4301203,1,,4301203,4301203,12,0,,,0,1997-09-17,,,1,1_4301203,1_4301203,1_4301203
1,4300577,1,,4300577,4300577,81,0,,,0,1999-12-01,,,1,1_4300577,1_4300577,1_4300577
19,4301300,1,,4301300,4301300,77,0,,,,1999-11-09,,,19,19_4301300,19_4301300,19_4301300
19,4301242,1,,4301242,4301242,77,0,,,,1998-05-16,,,19,19_4301242,19_4301242,19_4301242
19,4301243,1,,4301243,4301243,77,0,,,,1998-05-19,,,19,19_4301243,19_4301243,19_4301243
1,4000504,1,,4000504,4000504,77,,,,,1999-12-16,,,1,1_4000504,1_4000504,1_4000504
1,4300297,1,,4300297,4300297,3,A,,,0,1995-11-14,,,1,1_4300297,1_4300297,1_4300297
19,4301365,1,,4301365,4301365,77,0,,,,2000-01-25,,,19,19_4301365,19_4301365,19_4301365
1,4301686,1,,4301686,4301686,,,,,0,2011-10-21,,,1,1_4301686,1_4301686,1_4301686
1,4301495,1,,4301495,4301495,22,0,,,1,2004-09-16,2020-12-15,,1,1_4301495,1_4301495,1_4301495
1,4000505,1,,4000505,4000505,77,,,,,2000-01-05,,,1,1_4000505,1_4000505,1_4000505
1,4301627,1,,4301627,4301627,4,,,,0,2009-04-15,,,1,1_4301627,1_4301627,1_4301627
1,4301228,1,,4301228,4301228,77,0,,,0,1998-01-07,,,1,1_4301228,1_4301228,1_4301228
1,4301440,1,,4301440,4301440,5,NO VISITA,,,0,2002-12-13,,,1,1_4301440,1_4301440,1_4301440
1,4000506,1,,4000506,4000506,77,,,,,2000-01-14,,,1,1_4000506,1_4000506,1_4000506
1,4300655,1,,4300655,4300655,8,0,,,0,2003-01-27,,,1,1_4300655,1_4300655,1_4300655
1,4301664,1,,4301664,4301664,,,,,0,2010-09-15,,,1,1_4301664,1_4301664,1_4301664
1,4301368,1,,4301368,4301368,8,0,,,0,2000-03-20,,,1,1_4301368,1_4301368,1_4301368
1,4000507,1,,4000507,4000507,77,,,,,2000-01-28,,,1,1_4000507,1_4000507,1_4000507
1,4301503,1,,4301503,4301503,3,NO VISITA,,,0,2004-12-22,,,1,1_4301503,1_4301503,1_4301503
19,4301302,1,,4301302,4301302,77,0,,,,1999-11-17,,,19,19_4301302,19_4301302,19_4301302
19,4301446,1,,4301446,4301446,3,0,,,0,2003-02-10,,,19,19_4301446,19_4301446,19_4301446
19,4301154,1,,4301154,4301154,77,0,,,,1996-12-05,,,19,19_4301154,19_4301154,19_4301154
1,4000508,1,,4000508,4000508,77,,,,,2000-02-08,,,1,1_4000508,1_4000508,1_4000508
1,4301367,1,,4301367,4301367,81,0,,,0,2000-03-13,,,1,1_4301367,1_4301367,1_4301367
1,4000585,1,,4000585,4000585,,,,,,2004-06-14,,,1,1_4000585,1_4000585,1_4000585
19,4301157,1,,4301157,4301157,77,0,,,,1996-12-13,,,19,19_4301157,19_4301157,19_4301157
1,4300754,1,,4300754,4300754,4,,,,0,2016-05-05,,,1,1_4300754,1_4300754,1_4300754
19,4301363,1,,4301363,4301363,77,0,,,,2000-01-13,,,19,19_4301363,19_4301363,19_4301363
1,4301232,1,,4301232,4301232,48,0,,,0,1998-02-03,,,1,1_4301232,1_4301232,1_4301232
1,4300610,1,,4300610,4300610,39,0,,,0,1995-11-16,,,1,1_4300610,1_4300610,1_4300610
1,4000635,1,,4000635,4000635,,,,,0,2007-12-19,,,1,1_4000635,1_4000635,1_4000635
1,4301375,1,,4301375,4301375,8,0,,,0,2000-06-12,,,1,1_4301375,1_4301375,1_4301375
1,4301402,1,,4301402,4301402,77,0,,,,2001-05-30,,,1,1_4301402,1_4301402,1_4301402
1,4000509,1,,4000509,4000509,77,,,,,2000-03-23,,,1,1_4000509,1_4000509,1_4000509
1,4000510,1,,4000510,4000510,77,,,,,2000-03-24,,,1,1_4000510,1_4000510,1_4000510
1,4000511,1,,4000511,4000511,77,,,,,2000-03-27,,,1,1_4000511,1_4000511,1_4000511
1,4301381,1,,4301381,4301381,48,0,,,0,2000-07-19,,,1,1_4301381,1_4301381,1_4301381
19,4300790,1,,4300790,4300790,77,0,,,,2000-03-20,,,19,19_4300790,19_4300790,19_4300790
19,4301404,1,,4301404,4301404,77,0,,,,2001-06-20,,,19,19_4301404,19_4301404,19_4301404
1,4100265,1,,4100265,4100265,77,,,,0,1995-11-23,,,1,1_4100265,1_4100265,1_4100265
1,4301777,1,,4301777,4301777,28,,,,0,2016-05-25,,,1,1_4301777,1_4301777,1_4301777
1,4301007,1,,4301007,4301007,48,0,,,0,1995-11-21,,,1,1_4301007,1_4301007,1_4301007
1,4301311,1,,4301311,4301311,77,0,,,0,2000-05-02,,,1,1_4301311,1_4301311,1_4301311
19,4301253,1,,4301253,4301253,77,0,,,,1998-07-24,,,19,19_4301253,19_4301253,19_4301253
19,4300059,1,,4300059,4300059,77,0,,,0,1995-11-14,,,19,19_4300059,19_4300059,19_4300059
1,4000556,1,,4000556,4000556,77,,,,,2002-05-27,,,1,1_4000556,1_4000556,1_4000556
1,4000513,1,,4000513,4000513,77,,,,,2000-05-19,,,1,1_4000513,1_4000513,1_4000513
1,4000514,1,,4000514,4000514,77,,,,,2000-05-19,,,1,1_4000514,1_4000514,1_4000514
1,4300872,1,,4300872,4300872,36,1,,,0,1996-09-06,,,1,1_4300872,1_4300872,1_4300872
19,4301379,1,,4301379,4301379,77,0,,,,2000-07-11,,,19,19_4301379,19_4301379,19_4301379
1,4000553,1,,4000553,4000553,77,,,,,2002-05-06,,,1,1_4000553,1_4000553,1_4000553
1,4000515,1,,4000515,4000515,77,,,,,2000-06-02,,,1,1_4000515,1_4000515,1_4000515
19,4300904,1,,4300904,4300904,77,0,,,0,1995-11-20,,,19,19_4300904,19_4300904,19_4300904
1,4000516,1,,4000516,4000516,77,,,,,2000-06-19,,,1,1_4000516,1_4000516,1_4000516
1,4000517,1,,4000517,4000517,77,,,,,2000-06-20,,,1,1_4000517,1_4000517,1_4000517
1,4301438,1,,4301438,4301438,17,0,,,0,2002-12-10,,,1,1_4301438,1_4301438,1_4301438
19,4301314,1,,4301314,4301314,77,0,,,,2000-06-27,,,19,19_4301314,19_4301314,19_4301314
1,4301397,1,,4301397,4301397,3,S,,,0,2001-02-06,,,1,1_4301397,1_4301397,1_4301397
1,4301850,1,,4301850,4301850,22,,,,0,2021-02-09,,,1,1_4301850,1_4301850,1_4301850
1,4301389,1,,4301389,4301389,12,0,,,0,2000-11-20,,,1,1_4301389,1_4301389,1_4301389
1,4301037,1,,4301037,4301037,39,0,,,0,1996-11-27,,,1,1_4301037,1_4301037,1_4301037
1,4000518,1,,4000518,4000518,77,,,,,2000-06-26,,,1,1_4000518,1_4000518,1_4000518
1,4300360,1,,4300360,4300360,22,0,,,0,1995-11-14,,,1,1_4300360,1_4300360,1_4300360
1,4301435,1,,4301435,4301435,5,NO VISITA,,,0,2002-11-11,,,1,1_4301435,1_4301435,1_4301435
1,4000519,1,,4000519,4000519,77,,,,,2000-06-29,,,1,1_4000519,1_4000519,1_4000519
1,4000520,1,,4000520,4000520,77,,,,0,2000-06-29,,,1,1_4000520,1_4000520,1_4000520
1,4000524,1,,4000524,4000524,77,,,,,2000-10-06,,,1,1_4000524,1_4000524,1_4000524
19,4301391,1,,4301391,4301391,77,0,,,,2000-11-23,,,19,19_4301391,19_4301391,19_4301391
1,4000051,1,,4000051,4000051,,,,,,2005-02-16,,,1,1_4000051,1_4000051,1_4000051
1,4310079,1,,4310079,4310079,5,A,,,0,2005-04-15,,,1,1_4310079,1_4310079,1_4310079
1,4300725,1,,4300725,4300725,5,NO VISITA,,,1,1995-11-20,2011-02-17,,1,1_4300725,1_4300725,1_4300725
1,4301431,1,,4301431,4301431,43,0,,,0,2002-10-07,,,1,1_4301431,1_4301431,1_4301431
1,4000532,1,,4000532,4000532,77,,,,0,2001-03-21,,,1,1_4000532,1_4000532,1_4000532
19,4301152,1,,4301152,4301152,77,0,,,,1996-11-28,,,19,19_4301152,19_4301152,19_4301152
19,4300655,1,,4300655,4300655,77,0,,,,2003-01-27,,,19,19_4300655,19_4300655,19_4300655
19,4301383,1,,4301383,4301383,77,0,,,,2000-09-15,,,19,19_4301383,19_4301383,19_4301383
1,4000522,1,,4000522,4000522,77,,,,,2000-07-26,,,1,1_4000522,1_4000522,1_4000522
1,4301316,1,,4301316,4301316,77,0,,,,2000-08-01,,,1,1_4301316,1_4301316,1_4301316
1,4000523,1,,4000523,4000523,77,,,,,2000-08-09,,,1,1_4000523,1_4000523,1_4000523
1,4301308,1,,4301308,4301308,81,0,,,1,2000-02-11,2016-03-28,,1,1_4301308,1_4301308,1_4301308
1,4300048,1,,4300048,4300048,10,0,,,0,1995-11-10,,,1,1_4300048,1_4300048,1_4300048
1,4301383,1,,4301383,4301383,77,0,,,,2000-09-15,,,1,1_4301383,1_4301383,1_4301383
1,4301423,1,,4301423,4301423,22,0,,,0,2002-03-06,,,1,1_4301423,1_4301423,1_4301423
19,4301280,1,,4301280,4301280,77,0,,,,1999-04-22,,,19,19_4301280,19_4301280,19_4301280
19,4300297,1,,4300297,4300297,77,0,,,0,1995-11-14,,,19,19_4300297,19_4300297,19_4300297
19,4300571,1,,4300571,4300571,77,0,,,0,1995-11-16,,,19,19_4300571,19_4300571,19_4300571
1,4301453,1,,4301453,4301453,4,A,,,0,2003-03-19,,,1,1_4301453,1_4301453,1_4301453
1,4000525,1,,4000525,4000525,77,,,,,2000-10-27,,,1,1_4000525,1_4000525,1_4000525
1,4301694,1,,4301694,4301694,48,,,,0,2012-07-18,,,1,1_4301694,1_4301694,1_4301694
1,4000564,1,,4000564,4000564,77,,,,,2003-02-04,,,1,1_4000564,1_4000564,1_4000564
19,4301384,1,,4301384,4301384,77,0,,,,2000-09-22,,,19,19_4301384,19_4301384,19_4301384
19,4301247,1,,4301247,4301247,77,0,,,,1998-06-26,,,19,19_4301247,19_4301247,19_4301247
19,4301373,1,,4301373,4301373,77,0,,,,2000-05-29,,,19,19_4301373,19_4301373,19_4301373
1,4300631,1,,4300631,4300631,28,0,,,0,1995-11-16,,,1,1_4300631,1_4300631,1_4300631
1,4301526,1,,4301526,4301526,,N_VISITA,,,0,2006-01-16,,,1,1_4301526,1_4301526,1_4301526
1,4301317,1,,4301317,4301317,77,0,,,,2000-11-03,,,1,1_4301317,1_4301317,1_4301317
1,4000527,1,,4000527,4000527,77,,,,,2000-11-07,,,1,1_4000527,1_4000527,1_4000527
19,4300346,1,,4300346,4300346,77,0,,,0,1995-11-14,,,19,19_4300346,19_4300346,19_4300346
19,4301169,1,,4301169,4301169,77,1,,,,1997-03-24,,,19,19_4301169,19_4301169,19_4301169
1,4101006,1,,4101006,4101006,,,,,0,2023-07-05,,,1,1_4101006,1_4101006,1_4101006
1,4300552,1,,4300552,4300552,82,0,,,0,1995-11-16,,,1,1_4300552,1_4300552,1_4300552
1,4301310,1,,4301310,4301310,48,0,,,0,2000-02-29,,,1,1_4301310,1_4301310,1_4301310
1,4000529,1,,4000529,4000529,77,,,,,2001-01-02,,,1,1_4000529,1_4000529,1_4000529
1,4300205,1,,4300205,4300205,10,1,,,0,1995-11-14,,,1,1_4300205,1_4300205,1_4300205
1,4301318,1,,4301318,4301318,77,0,,,,2000-12-20,,,1,1_4301318,1_4301318,1_4301318
19,4300107,1,,4300107,4300107,77,0,,,0,1995-11-13,,,19,19_4300107,19_4300107,19_4300107
1,4301513,1,,4301513,4301513,5,A,,,0,2005-05-19,,,1,1_4301513,1_4301513,1_4301513
1,4000530,1,,4000530,4000530,77,,,,,2001-01-10,,,1,1_4000530,1_4000530,1_4000530
19,4301133,1,,4301133,4301133,77,0,,,,1996-06-25,,,19,19_4301133,19_4301133,19_4301133
19,4301318,1,,4301318,4301318,77,0,,,,2000-12-20,,,19,19_4301318,19_4301318,19_4301318
19,4300991,1,,4300991,4300991,77,0,,,,1996-11-26,,,19,19_4300991,19_4300991,19_4300991
19,4301386,1,,4301386,4301386,77,0,,,,2000-10-27,,,19,19_4301386,19_4301386,19_4301386
1,4300643,1,,4300643,4300643,41,0,,,0,1995-12-11,,,1,1_4300643,1_4300643,1_4300643
19,4301309,1,,4301309,4301309,77,0,,,,2000-02-11,,,19,19_4301309,19_4301309,19_4301309
1,4301416,1,,4301416,4301416,10,0,,,0,2001-12-10,,,1,1_4301416,1_4301416,1_4301416
19,4300111,1,,4300111,4300111,77,0,,,0,1995-11-13,,,19,19_4300111,19_4300111,19_4300111
19,4301127,1,,4301127,4301127,77,0,,,,1996-05-07,,,19,19_4301127,19_4301127,19_4301127
19,4301397,1,,4301397,4301397,77,0,,,,2001-02-06,,,19,19_4301397,19_4301397,19_4301397
1,4000237,1,,4000237,4000237,77,,,,,2001-06-12,,,1,1_4000237,1_4000237,1_4000237
1,4301426,1,,4301426,4301426,17,0,,,0,2002-06-11,,,1,1_4301426,1_4301426,1_4301426
19,4301272,1,,4301272,4301272,77,0,,,,1999-02-12,,,19,19_4301272,19_4301272,19_4301272
19,4301319,1,,4301319,4301319,77,0,,,,2001-02-07,,,19,19_4301319,19_4301319,19_4301319
1,4301508,1,,4301508,4301508,10,NO VISITA,,,0,2005-04-01,,,1,1_4301508,1_4301508,1_4301508
19,4301466,1,,4301466,4301466,7,0,,,0,2003-07-16,,,19,19_4301466,19_4301466,19_4301466
19,4301181,1,,4301181,4301181,77,0,,,,1997-05-30,,,19,19_4301181,19_4301181,19_4301181
19,4301398,1,,4301398,4301398,77,0,,,,2001-03-02,,,19,19_4301398,19_4301398,19_4301398
1,4000533,1,,4000533,4000533,77,,,,,2001-03-23,,,1,1_4000533,1_4000533,1_4000533
1,4000534,1,,4000534,4000534,77,,,,,2001-03-28,,,1,1_4000534,1_4000534,1_4000534
1,4300115,1,,4300115,4300115,39,0,,,0,1995-11-14,,,1,1_4300115,1_4300115,1_4300115
1,4000535,1,,4000535,4000535,77,,,,,2001-04-11,,,1,1_4000535,1_4000535,1_4000535
1,4310075,1,,4310075,4310075,4,A,,,0,2005-04-14,,,1,1_4310075,1_4310075,1_4310075
1,4301388,1,,4301388,4301388,4,A,,,0,2000-11-16,,,1,1_4301388,1_4301388,1_4301388
1,4000536,1,,4000536,4000536,77,,,,,2001-05-11,,,1,1_4000536,1_4000536,1_4000536
19,4300969,1,,4300969,4300969,77,0,,,,1996-11-26,,,19,19_4300969,19_4300969,19_4300969
19,4301406,1,,4301406,4301406,77,0,,,,2001-07-11,,,19,19_4301406,19_4301406,19_4301406
19,4301310,1,,4301310,4301310,77,0,,,,2000-02-29,,,19,19_4301310,19_4301310,19_4301310
1,4000537,1,,4000537,4000537,77,,,,,2001-05-31,,,1,1_4000537,1_4000537,1_4000537
19,4300207,1,,4300207,4300207,77,0,,,0,1995-11-14,,,19,19_4300207,19_4300207,19_4300207
1,4301449,1,,4301449,4301449,4,NO VISITA,,,0,2003-03-03,,,1,1_4301449,1_4301449,1_4301449
19,4300040,1,,4300040,4300040,77,0,,,0,1995-11-10,,,19,19_4300040,19_4300040,19_4300040
19,4301209,1,,4301209,4301209,77,0,,,,1997-10-07,,,19,19_4301209,19_4301209,19_4301209
19,4301403,1,,4301403,4301403,77,0,,,,2001-06-13,,,19,19_4301403,19_4301403,19_4301403
19,4300839,1,,4300839,4300839,77,0,,,0,1995-11-20,,,19,19_4300839,19_4300839,19_4300839
1,4301115,1,,4301115,4301115,39,0,,,0,1996-01-29,,,1,1_4301115,1_4301115,1_4301115
1,4301459,1,,4301459,4301459,77,0,,,0,2003-05-09,,,1,1_4301459,1_4301459,1_4301459
19,4300960,1,,4300960,4300960,77,1,,,,1996-09-25,,,19,19_4300960,19_4300960,19_4300960
1,4000538,1,,4000538,4000538,77,,,,,2001-10-10,,,1,1_4000538,1_4000538,1_4000538
19,4301282,1,,4301282,4301282,77,0,,,,1999-05-17,,,19,19_4301282,19_4301282,19_4301282
1,4300658,1,,4300658,4300658,41,0,,,0,1996-11-22,,,1,1_4300658,1_4300658,1_4300658
1,4300234,1,,4300234,4300234,22,0,,,0,1995-11-14,,,1,1_4300234,1_4300234,1_4300234
19,4301409,1,,4301409,4301409,77,0,,,,2001-10-18,,,19,19_4301409,19_4301409,19_4301409
19,4301410,1,,4301410,4301410,77,0,,,,2001-10-19,,,19,19_4301410,19_4301410,19_4301410
19,4301412,1,,4301412,4301412,77,0,,,,2001-10-25,,,19,19_4301412,19_4301412,19_4301412
1,4000539,1,,4000539,4000539,77,,,,0,2001-10-29,,,1,1_4000539,1_4000539,1_4000539
1,4301723,1,,4301723,4301723,77,,,,0,2013-12-10,,,1,1_4301723,1_4301723,1_4301723
1,4300307,1,,4300307,4300307,7,A,,,0,1995-11-14,,,1,1_4300307,1_4300307,1_4300307
1,4300683,1,,4300683,4300683,15,0,,,0,1995-11-20,,,1,1_4300683,1_4300683,1_4300683
1,4000540,1,,4000540,4000540,77,,,,,2001-12-18,,,1,1_4000540,1_4000540,1_4000540
19,4301308,1,,4301308,4301308,77,0,,,,2000-02-11,,,19,19_4301308,19_4301308,19_4301308
19,4301284,1,,4301284,4301284,77,0,,,,1999-06-02,,,19,19_4301284,19_4301284,19_4301284
1,4000541,1,,4000541,4000541,77,,,,,2002-01-02,,,1,1_4000541,1_4000541,1_4000541
1,4000542,1,,4000542,4000542,77,,,,,2002-01-07,,,1,1_4000542,1_4000542,1_4000542
1,4000543,1,,4000543,4000543,77,,,,,2002-01-07,,,1,1_4000543,1_4000543,1_4000543
1,4301485,1,,4301485,4301485,3,NO VISITA,,,0,2004-03-25,,,1,1_4301485,1_4301485,1_4301485
1,4000544,1,,4000544,4000544,77,,,,,2002-01-16,,,1,1_4000544,1_4000544,1_4000544
1,4301163,1,,4301163,4301163,28,0,,,0,1997-01-29,,,1,1_4301163,1_4301163,1_4301163
1,4000181,1,,4000181,4000181,77,,,,0,2002-01-23,,,1,1_4000181,1_4000181,1_4000181
1,4000414,1,,4000414,4000414,77,,,,,2002-01-23,,,1,1_4000414,1_4000414,1_4000414
1,4000546,1,,4000546,4000546,77,,,,,2002-01-31,,,1,1_4000546,1_4000546,1_4000546
1,4000670,1,,4000670,4000670,,,,,0,2010-07-16,,,1,1_4000670,1_4000670,1_4000670
19,4301158,1,,4301158,4301158,77,0,,,,1996-12-30,,,19,19_4301158,19_4301158,19_4301158
19,4301368,1,,4301368,4301368,77,0,,,,2000-03-20,,,19,19_4301368,19_4301368,19_4301368
1,4000547,1,,4000547,4000547,77,,,,1,2002-02-08,2013-02-07,,1,1_4000547,1_4000547,1_4000547
1,4000548,1,,4000548,4000548,77,,,,0,2002-02-12,,,1,1_4000548,1_4000548,1_4000548
1,4301457,1,,4301457,4301457,10,0,,,0,2003-04-10,,,1,1_4301457,1_4301457,1_4301457
1,4301079,1,,4301079,4301079,48,0,,,0,1995-11-21,,,1,1_4301079,1_4301079,1_4301079
1,4301156,1,,4301156,4301156,2,A,,,0,1996-12-13,,,1,1_4301156,1_4301156,1_4301156
1,4000550,1,,4000550,4000550,77,,,,0,2002-03-22,,,1,1_4000550,1_4000550,1_4000550
1,4300101,1,,4300101,4300101,28,NO_VISITA,,,0,1995-11-13,,,1,1_4300101,1_4300101,1_4300101
19,4301413,1,,4301413,4301413,77,0,,,,2001-11-29,,,19,19_4301413,19_4301413,19_4301413
1,4301665,1,,4301665,4301665,,,,,0,2010-10-05,,,1,1_4301665,1_4301665,1_4301665
1,4000551,1,,4000551,4000551,77,,,,,2002-04-19,,,1,1_4000551,1_4000551,1_4000551
1,4000552,1,,4000552,4000552,77,,,,,2002-04-22,,,1,1_4000552,1_4000552,1_4000552
19,4301419,1,,4301419,4301419,77,0,,,,2002-01-17,,,19,19_4301419,19_4301419,19_4301419
19,4301455,1,,4301455,4301455,77,0,,,0,2003-04-02,,,19,19_4301455,19_4301455,19_4301455
19,4301426,1,,4301426,4301426,77,0,,,,2002-04-25,,,19,19_4301426,19_4301426,19_4301426
1,4000554,1,,4000554,4000554,77,,,,,2002-05-07,,,1,1_4000554,1_4000554,1_4000554
19,4301450,1,,4301450,4301450,,0,,,,2003-03-03,,,19,19_4301450,19_4301450,19_4301450
1,4000557,1,,4000557,4000557,77,,,,,2002-06-03,,,1,1_4000557,1_4000557,1_4000557
1,4302037,1,,4302037,4302037,17,0,,,0,1995-11-21,,,1,1_4302037,1_4302037,1_4302037
1,4000558,1,,4000558,4000558,77,,,,,2002-06-12,,,1,1_4000558,1_4000558,1_4000558
1,4300155,1,,4300155,4300155,48,0,,,0,1995-11-14,,,1,1_4300155,1_4300155,1_4300155
1,4000559,1,,4000559,4000559,77,,,,0,2002-07-02,,,1,1_4000559,1_4000559,1_4000559
1,4300782,1,,4300782,4300782,1,S,,,1,1995-11-20,2020-12-10,,1,1_4300782,1_4300782,1_4300782
19,4301424,1,,4301424,4301424,77,0,,,,2002-03-22,,,19,19_4301424,19_4301424,19_4301424
1,4000567,1,,4000567,4000567,,,,,0,2003-03-19,,,1,1_4000567,1_4000567,1_4000567
1,4310049,1,,4310049,4310049,7,A,,,0,2005-02-11,,,1,1_4310049,1_4310049,1_4310049
1,4000572,1,,4000572,4000572,,,,,,2003-06-20,,,1,1_4000572,1_4000572,1_4000572
1,4300012,1,,4300012,4300012,10,0,,,0,1995-11-10,,,1,1_4300012,1_4300012,1_4300012
19,4301273,1,,4301273,4301273,6,0,,,0,1999-02-17,,,19,19_4301273,19_4301273,19_4301273
19,4301463,1,,4301463,4301463,,0,,,,2003-05-19,,,19,19_4301463,19_4301463,19_4301463
1,4301021,1,,4301021,4301021,4,MOROSO,,,1,1995-11-21,2020-12-10,,1,1_4301021,1_4301021,1_4301021
1,4301708,1,,4301708,4301708,4,,,,0,2013-02-12,,,1,1_4301708,1_4301708,1_4301708
1,4300108,1,,4300108,4300108,7,A,,,0,1995-11-13,,,1,1_4300108,1_4300108,1_4300108
19,4300357,1,,4300357,4300357,82,0,,,0,2002-07-18,,,19,19_4300357,19_4300357,19_4300357
19,4300853,1,,4300853,4300853,8,0,,,0,1996-11-25,,,19,19_4300853,19_4300853,19_4300853
1,4000573,1,,4000573,4000573,,,,,,2003-07-24,,,1,1_4000573,1_4000573,1_4000573
1,4301468,1,,4301468,4301468,41,0,,,0,2003-07-31,,,1,1_4301468,1_4301468,1_4301468
1,4301467,1,,4301467,4301467,13,0,,,0,2003-07-17,,,1,1_4301467,1_4301467,1_4301467
1,4300718,1,,4300718,4300718,8,0,,,0,1997-03-12,,,1,1_4300718,1_4300718,1_4300718
1,4000575,1,,4000575,4000575,,,,,,2003-08-06,,,1,1_4000575,1_4000575,1_4000575
1,4301469,1,,4301469,4301469,17,0,,,0,2003-09-01,,,1,1_4301469,1_4301469,1_4301469
1,4301143,1,,4301143,4301143,10,1,,,0,1996-10-23,,,1,1_4301143,1_4301143,1_4301143
1,4000577,1,,4000577,4000577,,,,,,2003-09-24,,,1,1_4000577,1_4000577,1_4000577
1,4000724,1,,4000724,4000724,,,,,0,2014-10-09,,,1,1_4000724,1_4000724,1_4000724
1,4300871,1,,4300871,4300871,48,0,,,0,1996-11-25,,,1,1_4300871,1_4300871,1_4300871
1,4310016,1,,4310016,4310016,3,0,,,0,2004-10-18,,,1,1_4310016,1_4310016,1_4310016
19,4301471,1,,4301471,4301471,10,0,,,0,2003-11-11,,,19,19_4301471,19_4301471,19_4301471
1,4301471,1,,4301471,4301471,10,0,,,0,2003-11-11,,,1,1_4301471,1_4301471,1_4301471
19,4301307,1,,4301307,4301307,3,0,,,0,2000-02-09,,,19,19_4301307,19_4301307,19_4301307
1,4100783,1,,4100783,4100783,,,,,0,2022-06-03,,,1,1_4100783,1_4100783,1_4100783
1,4000580,1,,4000580,4000580,,,,,0,2003-12-31,,,1,1_4000580,1_4000580,1_4000580
1,4000581,1,,4000581,4000581,,,,,,2004-01-02,,,1,1_4000581,1_4000581,1_4000581
1,4310058,1,,4310058,4310058,1,T,,,0,2005-02-18,,,1,1_4310058,1_4310058,1_4310058
1,4310006,1,,4310006,4310006,1,A,,,0,2004-01-14,,,1,1_4310006,1_4310006,1_4310006
1,4300592,1,,4300592,4300592,1,A,,,0,1995-11-16,,,1,1_4300592,1_4300592,1_4300592
1,4000715,1,,4000715,4000715,,,,,0,2014-01-07,,,1,1_4000715,1_4000715,1_4000715
1,4310008,1,,4310008,4310008,6,0,,,0,2004-01-14,,,1,1_4310008,1_4310008,1_4310008
1,4301474,1,,4301474,4301474,80,0,,,0,2004-01-15,,,1,1_4301474,1_4301474,1_4301474
1,4310010,1,,4310010,4310010,16,0,,,0,2004-01-15,,,1,1_4310010,1_4310010,1_4310010
1,4310011,1,,4310011,4310011,81,0,,,0,2004-01-15,,,1,1_4310011,1_4310011,1_4310011
1,4310012,1,,4310012,4310012,80,0,,,0,2004-01-15,,,1,1_4310012,1_4310012,1_4310012
1,4310013,1,,4310013,4310013,8,0,,,0,2004-01-15,,,1,1_4310013,1_4310013,1_4310013
1,4310014,1,,4310014,4310014,81,0,,,0,2004-01-15,,,1,1_4310014,1_4310014,1_4310014
1,4300937,1,,4300937,4300937,2,A,,,0,1995-11-20,,,1,1_4300937,1_4300937,1_4300937
1,4101000,1,,4101000,4101000,,,,,0,2004-01-21,,,1,1_4101000,1_4101000,1_4101000
1,4101001,1,,4101001,4101001,,,,,,2004-01-21,,,1,1_4101001,1_4101001,1_4101001
1,4000713,1,,4000713,4000713,,,,,0,2013-11-11,,,1,1_4000713,1_4000713,1_4000713
1,4301476,1,,4301476,4301476,50,0,,,0,2004-02-09,,,1,1_4301476,1_4301476,1_4301476
1,4000280,1,,4000280,4000280,77,,,,0,1996-02-12,,,1,1_4000280,1_4000280,1_4000280
1,4300085,1,,4300085,4300085,12,0,,,0,2003-05-29,,,1,1_4300085,1_4300085,1_4300085
1,4000494,1,,4000494,4000494,77,,,,0,1999-07-19,,,1,1_4000494,1_4000494,1_4000494
1,4301479,1,,4301479,4301479,6,0,,,0,2004-03-05,,,1,1_4301479,1_4301479,1_4301479
1,4301480,1,,4301480,4301480,17,0,,,0,2004-03-05,,,1,1_4301480,1_4301480,1_4301480
1,4300852,1,,4300852,4300852,50,S,,,0,1995-11-20,,,1,1_4300852,1_4300852,1_4300852
19,4301479,1,,4301479,4301479,6,0,,,0,2004-03-05,,,19,19_4301479,19_4301479,19_4301479
1,4301482,1,,4301482,4301482,8,0,,,0,2004-03-16,,,1,1_4301482,1_4301482,1_4301482
1,4310064,1,,4310064,4310064,7,A,,,0,2005-02-23,,,1,1_4310064,1_4310064,1_4310064
19,4300634,1,,4300634,4300634,8,0,,,0,1995-12-18,,,19,19_4300634,19_4300634,19_4300634
1,4000583,1,,4000583,4000583,,,,,,2004-04-01,,,1,1_4000583,1_4000583,1_4000583
1,4301068,1,,4301068,4301068,77,0,,,0,1996-10-10,,,1,1_4301068,1_4301068,1_4301068
1,4301267,1,,4301267,4301267,43,0,,,0,1998-12-31,,,1,1_4301267,1_4301267,1_4301267
1,4000545,1,,4000545,4000545,77,,,,0,2002-01-16,,,1,1_4000545,1_4000545,1_4000545
19,4301176,1,,4301176,4301176,41,0,,,0,1997-04-17,,,19,19_4301176,19_4301176,19_4301176
1,4301488,1,,4301488,4301488,17,0,,,0,2004-06-03,,,1,1_4301488,1_4301488,1_4301488
1,4300305,1,,4300305,4300305,3,NO_BAÑOS,,,0,1995-11-14,,,1,1_4300305,1_4300305,1_4300305
1,4300221,1,,4300221,4300221,12,0,,,0,1995-11-14,,,1,1_4300221,1_4300221,1_4300221
1,4000586,1,,4000586,4000586,,,,,0,2004-07-08,,,1,1_4000586,1_4000586,1_4000586
1,4000587,1,,4000587,4000587,,,,,0,2004-07-08,,,1,1_4000587,1_4000587,1_4000587
1,4301492,1,,4301492,4301492,8,0,,,0,2004-07-13,,,1,1_4301492,1_4301492,1_4301492
1,4301154,1,,4301154,4301154,3,A,,,0,1996-12-05,,,1,1_4301154,1_4301154,1_4301154
1,4000589,1,,4000589,4000589,,,,,,2004-07-29,,,1,1_4000589,1_4000589,1_4000589
1,4000590,1,,4000590,4000590,,,,,,2004-07-29,,,1,1_4000590,1_4000590,1_4000590
1,4000591,1,,4000591,4000591,,,,,,2004-08-05,,,1,1_4000591,1_4000591,1_4000591
1,4301494,1,,4301494,4301494,36,0,,,0,2004-09-07,,,1,1_4301494,1_4301494,1_4301494
1,4301496,1,,4301496,4301496,46,0,,,0,2004-09-23,,,1,1_4301496,1_4301496,1_4301496
1,4301380,1,,4301380,4301380,5,NO VISITA,,,0,2000-07-17,,,1,1_4301380,1_4301380,1_4301380
1,4310017,1,,4310017,4310017,17,0,,,0,2004-10-18,,,1,1_4310017,1_4310017,1_4310017
1,4310018,1,,4310018,4310018,28,0,,,0,2004-10-18,,,1,1_4310018,1_4310018,1_4310018
1,4310019,1,,4310019,4310019,28,0,,,0,2004-10-18,,,1,1_4310019,1_4310019,1_4310019
1,4310021,1,,4310021,4310021,16,0,,,0,2004-10-18,,,1,1_4310021,1_4310021,1_4310021
1,4310020,1,,4310020,4310020,46,0,,,0,2004-10-18,,,1,1_4310020,1_4310020,1_4310020
1,4310023,1,,4310023,4310023,28,0,,,0,2004-10-18,,,1,1_4310023,1_4310023,1_4310023
1,4301543,1,,4301543,4301543,77,A,,,0,2006-06-08,,,1,1_4301543,1_4301543,1_4301543
1,4310024,1,,4310024,4310024,50,0,,,0,2004-10-18,,,1,1_4310024,1_4310024,1_4310024
1,4310025,1,,4310025,4310025,12,0,,,0,2004-10-18,,,1,1_4310025,1_4310025,1_4310025
1,4310026,1,,4310026,4310026,22,0,,,0,2004-10-18,,,1,1_4310026,1_4310026,1_4310026
1,4000605,1,,4000605,4000605,,,,,0,2005-07-28,,,1,1_4000605,1_4000605,1_4000605
1,4310028,1,,4310028,4310028,50,0,,,0,2004-10-18,,,1,1_4310028,1_4310028,1_4310028
1,4310029,1,,4310029,4310029,48,0,,,0,2004-10-18,,,1,1_4310029,1_4310029,1_4310029
1,4310031,1,,4310031,4310031,28,0,,,0,2004-10-18,,,1,1_4310031,1_4310031,1_4310031
1,4310030,1,,4310030,4310030,48,0,,,0,2004-10-18,,,1,1_4310030,1_4310030,1_4310030
1,4310032,1,,4310032,4310032,39,0,,,0,2004-10-18,,,1,1_4310032,1_4310032,1_4310032
1,4310034,1,,4310034,4310034,8,0,,,0,2004-10-18,,,1,1_4310034,1_4310034,1_4310034
1,4310035,1,,4310035,4310035,48,0,,,0,2004-10-18,,,1,1_4310035,1_4310035,1_4310035
1,4310036,1,,4310036,4310036,6,0,,,0,2004-10-18,,,1,1_4310036,1_4310036,1_4310036
1,4310037,1,,4310037,4310037,81,0,,,0,2004-10-18,,,1,1_4310037,1_4310037,1_4310037
1,4310038,1,,4310038,4310038,28,0,,,0,2004-10-18,,,1,1_4310038,1_4310038,1_4310038
1,4300532,1,,4300532,4300532,5,S,,,0,1995-11-16,,,1,1_4300532,1_4300532,1_4300532
1,4000594,1,,4000594,4000594,,,,,,2004-10-20,,,1,1_4000594,1_4000594,1_4000594
1,4310040,1,,4310040,4310040,48,0,,,0,2004-10-21,,,1,1_4310040,1_4310040,1_4310040
1,4000597,1,,4000597,4000597,,,,,,2005-02-10,,,1,1_4000597,1_4000597,1_4000597
1,4310042,1,,4310042,4310042,48,0,,,0,2004-10-21,,,1,1_4310042,1_4310042,1_4310042
1,4310043,1,,4310043,4310043,41,0,,,0,2004-10-21,,,1,1_4310043,1_4310043,1_4310043
1,4310044,1,,4310044,4310044,48,0,,,0,2004-10-21,,,1,1_4310044,1_4310044,1_4310044
1,4310045,1,,4310045,4310045,13,0,,,0,2004-10-21,,,1,1_4310045,1_4310045,1_4310045
1,4301547,1,,4301547,4301547,48,A,,,0,2006-07-13,,,1,1_4301547,1_4301547,1_4301547
1,4310047,1,,4310047,4310047,41,0,,,0,2004-10-21,,,1,1_4310047,1_4310047,1_4310047
1,4301268,1,,4301268,4301268,3,T,,,0,1999-01-18,,,1,1_4301268,1_4301268,1_4301268
1,4000735,1,,4000735,4000735,,,,,0,2015-11-11,,,1,1_4000735,1_4000735,1_4000735
1,4300055,1,,4300055,4300055,6,0,,,0,1995-11-13,,,1,1_4300055,1_4300055,1_4300055
1,4301570,1,,4301570,4301570,41,A,,,1,2007-03-16,2017-11-09,,1,1_4301570,1_4301570,1_4301570
1,4000595,1,,4000595,4000595,,,,,,2004-11-17,,,1,1_4000595,1_4000595,1_4000595
1,4300787,1,,4300787,4300787,1,T,,,0,1996-04-24,,,1,1_4300787,1_4300787,1_4300787
1,4300331,1,,4300331,4300331,3,A,,,0,1995-11-14,,,1,1_4300331,1_4300331,1_4300331
1,4300600,1,,4300600,4300600,80,0,,,0,1996-11-22,,,1,1_4300600,1_4300600,1_4300600
1,4301666,1,,4301666,4301666,,,,,0,2010-10-07,,,1,1_4301666,1_4301666,1_4301666
1,4301504,1,,4301504,4301504,8,0,,,0,2005-01-17,,,1,1_4301504,1_4301504,1_4301504
1,4301505,1,,4301505,4301505,48,0,,,0,2005-01-24,,,1,1_4301505,1_4301505,1_4301505
19,4300271,1,,4300271,4300271,5,0,,,0,1995-11-14,,,19,19_4300271,19_4300271,19_4300271
19,4301000,1,,4301000,4301000,77,0,,,0,1995-12-14,,,19,19_4301000,19_4301000,19_4301000
19,4301504,1,,4301504,4301504,8,0,,,0,2005-01-17,,,19,19_4301504,19_4301504,19_4301504
19,4301211,1,,4301211,4301211,6,0,,,0,1997-10-17,,,19,19_4301211,19_4301211,19_4301211
1,4301408,1,,4301408,4301408,81,0,,,0,2001-10-01,,,1,1_4301408,1_4301408,1_4301408
1,4000007,1,,4000007,4000007,,,,,,2005-02-11,,,1,1_4000007,1_4000007,1_4000007
1,4301233,1,,4301233,4301233,3,A,,,0,1998-02-09,,,1,1_4301233,1_4301233,1_4301233
1,4300111,1,,4300111,4300111,7,A,,,1,1995-11-13,2013-12-31,,1,1_4300111,1_4300111,1_4300111
1,4301272,1,,4301272,4301272,1,A,,,0,1999-02-12,,,1,1_4301272,1_4301272,1_4301272
1,4301633,1,,4301633,4301633,,,,,0,2009-07-10,,,1,1_4301633,1_4301633,1_4301633
1,4300309,1,,4300309,4300309,8,0,,,0,2005-02-14,,,1,1_4300309,1_4300309,1_4300309
1,4301309,1,,4301309,4301309,5,A,,,0,2000-02-11,,,1,1_4301309,1_4301309,1_4301309
1,4301826,1,,4301826,4301826,,,,,0,2019-02-15,,,1,1_4301826,1_4301826,1_4301826
1,4301183,1,,4301183,4301183,3,NO VISITA,,,0,1997-05-30,,,1,1_4301183,1_4301183,1_4301183
1,4300665,1,,4300665,4300665,3,A,,,0,1995-11-20,,,1,1_4300665,1_4300665,1_4300665
1,4300109,1,,4300109,4300109,8,A,,,0,2005-05-27,,,1,1_4300109,1_4300109,1_4300109
1,4301231,1,,4301231,4301231,2,NO_BAÑOS,,,0,1998-02-02,,,1,1_4301231,1_4301231,1_4301231
1,4300587,1,,4300587,4300587,3,NO VISITA,,,0,1995-11-16,,,1,1_4300587,1_4300587,1_4300587
1,4310062,1,,4310062,4310062,2,A,,,0,2005-02-23,,,1,1_4310062,1_4310062,1_4310062
1,4310060,1,,4310060,4310060,2,A,,,0,2005-02-24,,,1,1_4310060,1_4310060,1_4310060
1,4310063,1,,4310063,4310063,2,A,,,0,2005-02-23,,,1,1_4310063,1_4310063,1_4310063
1,4301264,1,,4301264,4301264,7,A,,,0,1998-12-18,,,1,1_4301264,1_4301264,1_4301264
1,4301834,1,,4301834,4301834,,,,,0,2019-10-11,,,1,1_4301834,1_4301834,1_4301834
1,4301507,1,,4301507,4301507,7,A,,,0,2005-03-04,,,1,1_4301507,1_4301507,1_4301507
1,4300019,1,,4300019,4300019,3,S,,,0,1995-11-10,,,1,1_4300019,1_4300019,1_4300019
1,4310066,1,,4310066,4310066,3,A,,,0,2005-03-07,,,1,1_4310066,1_4310066,1_4310066
1,4310067,1,,4310067,4310067,3,A,,,0,2005-03-07,,,1,1_4310067,1_4310067,1_4310067
1,4310069,1,,4310069,4310069,3,A,,,0,2005-03-07,,,1,1_4310069,1_4310069,1_4310069
1,4310068,1,,4310068,4310068,3,A,,,0,2005-03-07,,,1,1_4310068,1_4310068,1_4310068
1,4301563,1,,4301563,4301563,5,A,,,0,2007-01-10,,,1,1_4301563,1_4301563,1_4301563
1,4300596,1,,4300596,4300596,6,T,,,0,1995-11-16,,,1,1_4300596,1_4300596,1_4300596
1,4300855,1,,4300855,4300855,3,A,,,0,1996-11-25,,,1,1_4300855,1_4300855,1_4300855
1,4310073,1,,4310073,4310073,4,A,,,0,2005-03-23,,,1,1_4310073,1_4310073,1_4310073
1,4310074,1,,4310074,4310074,4,A,,,0,2005-03-23,,,1,1_4310074,1_4310074,1_4310074
1,4301427,1,,4301427,4301427,48,0,,,0,2002-06-27,,,1,1_4301427,1_4301427,1_4301427
1,4310076,1,,4310076,4310076,4,A,,,0,2005-04-14,,,1,1_4310076,1_4310076,1_4310076
1,4310077,1,,4310077,4310077,4,A,,,0,2005-04-14,,,1,1_4310077,1_4310077,1_4310077
1,4310078,1,,4310078,4310078,5,A,,,0,2005-04-14,,,1,1_4310078,1_4310078,1_4310078
1,4000640,1,,4000640,4000640,,,,,0,2008-04-22,,,1,1_4000640,1_4000640,1_4000640
1,4310081,1,,4310081,4310081,5,A,,,0,2005-04-15,,,1,1_4310081,1_4310081,1_4310081
1,4310082,1,,4310082,4310082,5,S,,,0,2005-04-15,,,1,1_4310082,1_4310082,1_4310082
1,4310033,1,,4310033,4310033,5,A,,,0,2004-10-18,,,1,1_4310033,1_4310033,1_4310033
1,4000600,1,,4000600,4000600,,,,,,2005-04-26,,,1,1_4000600,1_4000600,1_4000600
1,4000601,1,,4000601,4000601,,,,,,2005-04-28,,,1,1_4000601,1_4000601,1_4000601
1,4000602,1,,4000602,4000602,,,,,0,2005-05-11,,,1,1_4000602,1_4000602,1_4000602
1,4000603,1,,4000603,4000603,,,,,,2005-05-12,,,1,1_4000603,1_4000603,1_4000603
1,4301510,1,,4301510,4301510,10,A,,,0,2005-05-11,,,1,1_4301510,1_4301510,1_4301510
1,4301048,1,,4301048,4301048,50,NO_VISITA,,,0,1996-11-27,,,1,1_4301048,1_4301048,1_4301048
1,4000028,1,,4000028,4000028,,,,,,2005-05-30,,,1,1_4000028,1_4000028,1_4000028
1,4301366,1,,4301366,4301366,47,0,,,0,2000-02-01,,,1,1_4301366,1_4301366,1_4301366
1,4301238,1,,4301238,4301238,50,S,,,0,1998-03-05,,,1,1_4301238,1_4301238,1_4301238
1,4301515,1,,4301515,4301515,46,A,,,0,2005-06-22,,,1,1_4301515,1_4301515,1_4301515
1,4000604,1,,4000604,4000604,,,,,,2005-07-08,,,1,1_4000604,1_4000604,1_4000604
1,4301662,1,,4301662,4301662,,,,,0,2010-08-24,,,1,1_4301662,1_4301662,1_4301662
1,4310084,1,,4310084,4310084,50,S,,,0,2005-07-26,,,1,1_4310084,1_4310084,1_4310084
1,4301667,1,,4301667,4301667,7,,,,0,2010-10-08,,,1,1_4301667,1_4301667,1_4301667
1,4310086,1,,4310086,4310086,50,A,,,0,2005-07-26,,,1,1_4310086,1_4310086,1_4310086
1,4300648,1,,4300648,4300648,50,S,,,0,2005-07-26,,,1,1_4300648,1_4300648,1_4300648
1,4301735,1,,4301735,4301735,17,,,,0,2014-11-18,,,1,1_4301735,1_4301735,1_4301735
1,4310088,1,,4310088,4310088,50,S,,,0,2005-07-26,,,1,1_4310088,1_4310088,1_4310088
1,4310089,1,,4310089,4310089,50,S,,,0,2005-07-26,,,1,1_4310089,1_4310089,1_4310089
1,4301516,1,,4301516,4301516,50,S,,,0,2005-06-30,,,1,1_4301516,1_4301516,1_4301516
1,4101002,1,,4101002,4101002,,,,,0,2005-07-30,,,1,1_4101002,1_4101002,1_4101002
1,4101003,1,,4101003,4101003,,,,,0,2005-07-30,,,1,1_4101003,1_4101003,1_4101003
1,4000606,1,,4000606,4000606,,,,,,2005-09-05,,,1,1_4000606,1_4000606,1_4000606
1,4301518,1,,4301518,4301518,5,A,,,0,2005-08-31,,,1,1_4301518,1_4301518,1_4301518
1,4301519,1,,4301519,4301519,28,A,,,0,2005-09-06,,,1,1_4301519,1_4301519,1_4301519
1,4301520,1,,4301520,4301520,47,A,,,0,2005-09-08,,,1,1_4301520,1_4301520,1_4301520
1,4310090,1,,4310090,4310090,8,A,,,0,2005-09-12,,,1,1_4310090,1_4310090,1_4310090
1,4310071,1,,4310071,4310071,,4310071,,,,2005-09-12,,,1,1_4310071,1_4310071,1_4310071
1,4000607,1,,4000607,4000607,,,,,,2005-09-13,,,1,1_4000607,1_4000607,1_4000607
1,4000608,1,,4000608,4000608,,,,,,2005-09-23,,,1,1_4000608,1_4000608,1_4000608
1,4301521,1,,4301521,4301521,41,NO_VISITA,,,0,2005-09-23,,,1,1_4301521,1_4301521,1_4301521
1,4000609,1,,4000609,4000609,,,,,,2005-10-26,,,1,1_4000609,1_4000609,1_4000609
1,4301522,1,,4301522,4301522,46,A,,,0,2005-11-09,,,1,1_4301522,1_4301522,1_4301522
1,4000062,1,,4000062,4000062,,,,,0,2005-11-30,,,1,1_4000062,1_4000062,1_4000062
1,4301530,1,,4301530,4301530,25,A,,,0,2006-02-20,,,1,1_4301530,1_4301530,1_4301530
1,4301603,1,,4301603,4301603,10, ,,,1,2008-02-25,,,1,1_4301603,1_4301603,1_4301603
1,4000611,1,,4000611,4000611,,,,,,2005-12-20,,,1,1_4000611,1_4000611,1_4000611
1,4301720,1,,4301720,4301720,77,,,,0,2014-02-18,,,1,1_4301720,1_4301720,1_4301720
1,4301487,1,,4301487,4301487,28,0,,,0,2004-05-17,,,1,1_4301487,1_4301487,1_4301487
1,4301242,1,,4301242,4301242,12,N_VISITA,,,0,1998-05-16,,,1,1_4301242,1_4301242,1_4301242
1,4301489,1,,4301489,4301489,3,T,,,0,2004-06-04,,,1,1_4301489,1_4301489,1_4301489
1,4000412,1,,4000412,4000412,,,,,,2006-02-03,,,1,1_4000412,1_4000412,1_4000412
1,4301524,1,,4301524,4301524,81,A,,,0,2005-12-15,,,1,1_4301524,1_4301524,1_4301524
1,4000723,1,,4000723,4000723,,,,,1,2014-09-10,2019-11-06,,1,1_4000723,1_4000723,1_4000723
1,4301528,1,,4301528,4301528,7,A,,,0,2006-02-09,,,1,1_4301528,1_4301528,1_4301528
1,4300614,1,,4300614,4300614,1,A,,,0,1995-11-16,,,1,1_4300614,1_4300614,1_4300614
1,4301531,1,,4301531,4301531,41,N__VISITA,,,0,2006-02-27,,,1,1_4301531,1_4301531,1_4301531
1,4301533,1,,4301533,4301533,3,A,,,0,2006-03-06,,,1,1_4301533,1_4301533,1_4301533
1,4301535,1,,4301535,4301535,1,A,,,0,2006-03-13,,,1,1_4301535,1_4301535,1_4301535
1,4301534,1,,4301534,4301534,77,N_VISITA,,,0,2006-03-08,,,1,1_4301534,1_4301534,1_4301534
1,4301536,1,,4301536,4301536,3,N_VISITA,,,0,2006-03-21,,,1,1_4301536,1_4301536,1_4301536
1,4000614,1,,4000614,4000614,,,,,,2006-03-24,,,1,1_4000614,1_4000614,1_4000614
19,4301264,1,,4301264,4301264,7,A,,,0,1998-12-18,,,19,19_4301264,19_4301264,19_4301264
1,4000034,1,,4000034,4000034,,,,,,2006-04-05,,,1,1_4000034,1_4000034,1_4000034
1,4000100,1,,4000100,4000100,,,,,0,2019-11-20,,,1,1_4000100,1_4000100,1_4000100
1,4000784,1,,4000784,4000784,,,,,0,2022-08-30,,,1,1_4000784,1_4000784,1_4000784
1,4100993,1,,4100993,4100993,,,,,0,2006-05-04,,,1,1_4100993,1_4100993,1_4100993
1,4301612,1,,4301612,4301612,50,,,,1,2008-06-05,2022-07-07,,1,1_4301612,1_4301612,1_4301612
1,4301323,1,,4301323,4301323,48,0,,,0,2002-10-10,,,1,1_4301323,1_4301323,1_4301323
1,4301542,1,,4301542,4301542,28,A,,,0,2006-05-30,,,1,1_4301542,1_4301542,1_4301542
1,4301544,1,,4301544,4301544,17,A,,,0,2006-06-08,,,1,1_4301544,1_4301544,1_4301544
1,4301546,1,,4301546,4301546,3,A,,,0,2006-06-27,,,1,1_4301546,1_4301546,1_4301546
1,4301240,1,,4301240,4301240,7,A,,,0,1998-04-20,,,1,1_4301240,1_4301240,1_4301240
1,4000059,1,,4000059,4000059,77,,,,0,1996-09-30,,,1,1_4000059,1_4000059,1_4000059
1,4301545,1,,4301545,4301545,41,A,,,0,2006-06-22,,,1,1_4301545,1_4301545,1_4301545
1,4301553,1,,4301553,4301553,4,A,,,0,2006-10-03,,,1,1_4301553,1_4301553,1_4301553
1,4000616,1,,4000616,4000616,,,,,0,2006-07-12,,,1,1_4000616,1_4000616,1_4000616
1,4000617,1,,4000617,4000617,,,,,0,2006-07-14,,,1,1_4000617,1_4000617,1_4000617
1,4301550,1,,4301550,4301550,4,A,,,0,2006-09-19,,,1,1_4301550,1_4301550,1_4301550
1,4301551,1,,4301551,4301551,10,A,, ,0,2006-09-20,,,1,1_4301551,1_4301551,1_4301551
1,4301552,1,,4301552,4301552,28,A,,,0,2006-09-26,,,1,1_4301552,1_4301552,1_4301552
1,4000618,1,,4000618,4000618,,,,,0,2006-09-19,,,1,1_4000618,1_4000618,1_4000618
1,4301554,1,,4301554,4301554,48,A,,,0,2006-10-06,,,1,1_4301554,1_4301554,1_4301554
1,4000619,1,,4000619,4000619,,,,,0,2006-10-09,,,1,1_4000619,1_4000619,1_4000619
1,4410001,1,,4410001,4410001,, ,,,0,2006-10-20,,,1,1_4410001,1_4410001,1_4410001
1,4301555,1,,4301555,4301555,3,S,,,0,2006-10-20,,,1,1_4301555,1_4301555,1_4301555
1,4301556,1,,4301556,4301556,41,A,,,0,2006-10-31,,,1,1_4301556,1_4301556,1_4301556
1,4000620,1,,4000620,4000620,,,,,0,2006-11-02,,,1,1_4000620,1_4000620,1_4000620
1,4301557,1,,4301557,4301557,77,A,,,0,2006-11-06,,,1,1_4301557,1_4301557,1_4301557
1,4301558,1,,4301558,4301558,39,A,,,1,2006-11-13,2011-06-21,,1,1_4301558,1_4301558,1_4301558
1,4301559,1,,4301559,4301559,5,A,,,0,2006-11-14,,,1,1_4301559,1_4301559,1_4301559
1,4301560,1,,4301560,4301560,41,A,,,0,2006-11-14,,,1,1_4301560,1_4301560,1_4301560
1,4301561,1,,4301561,4301561,8,D,,,0,2006-12-01,,,1,1_4301561,1_4301561,1_4301561
1,4301562,1,,4301562,4301562,5,A,,,0,2006-12-15,,,1,1_4301562,1_4301562,1_4301562
1,4000621,1,,4000621,4000621,,,,,0,2007-01-19,,,1,1_4000621,1_4000621,1_4000621
1,4301564,1,,4301564,4301564,22,A,,,0,2007-01-24,,,1,1_4301564,1_4301564,1_4301564
1,4000622,1,,4000622,4000622,,,,,0,2007-01-25,,,1,1_4000622,1_4000622,1_4000622
1,4301565,1,,4301565,4301565,77,A,,,0,2007-01-29,,,1,1_4301565,1_4301565,1_4301565
1,4301566,1,,4301566,4301566,28,A,,,0,2007-01-31,,,1,1_4301566,1_4301566,1_4301566
1,4000763,1,,4000763,4000763,,,,,0,2020-03-11,,,1,1_4000763,1_4000763,1_4000763
19,4301567,1,,4301567,4301567,82,A,,,0,2007-02-06,,,19,19_4301567,19_4301567,19_4301567
1,4000624,1,,4000624,4000624,,,,,0,2007-02-08,,,1,1_4000624,1_4000624,1_4000624
1,4301568,1,,4301568,4301568,47,A,,,0,2007-02-12,,,1,1_4301568,1_4301568,1_4301568
1,4000625,1,,4000625,4000625,,,,,0,2007-02-15,,,1,1_4000625,1_4000625,1_4000625
1,4301569,1,,4301569,4301569,9,A,,,0,2007-02-16,,,1,1_4301569,1_4301569,1_4301569
1,4301567,1,,4301567,4301567,82,A,,,0,2007-02-06,,,1,1_4301567,1_4301567,1_4301567
1,4301799,1,,4301799,4301799,22,,,,0,2017-11-10,,,1,1_4301799,1_4301799,1_4301799
1,4301571,1,,4301571,4301571,10,A,,,0,2007-03-19,,,1,1_4301571,1_4301571,1_4301571
1,4000626,1,,4000626,4000626,,,,,0,2007-04-03,,,1,1_4000626,1_4000626,1_4000626
1,4301572,1,,4301572,4301572,10,A,,,0,2007-04-26,,,1,1_4301572,1_4301572,1_4301572
1,4301573,1,,4301573,4301573,22,A,,,0,2007-04-27,,,1,1_4301573,1_4301573,1_4301573
1,4301574,1,,4301574,4301574,39,A,,,0,2007-05-03,,,1,1_4301574,1_4301574,1_4301574
1,4000628,1,,4000628,4000628,,,,,0,2007-05-09,,,1,1_4000628,1_4000628,1_4000628
1,4301575,1,,4301575,4301575,50,A,,,0,2007-05-10,,,1,1_4301575,1_4301575,1_4301575
1,4000629,1,,4000629,4000629,,,,,0,2007-05-15,,,1,1_4000629,1_4000629,1_4000629
1,4301576,1,,4301576,4301576,28,A,,,0,2007-05-21,,,1,1_4301576,1_4301576,1_4301576
1,4301577,1,,4301577,4301577,82,A,,,0,2007-05-23,,,1,1_4301577,1_4301577,1_4301577
1,4301583,1,,4301583,4301583,28, ,A,,0,2007-06-29,,,1,1_4301583,1_4301583,1_4301583
1,4301689,1,,4301689,4301689,41,,,,0,2012-01-31,,,1,1_4301689,1_4301689,1_4301689
1,4301581,1,,4301581,4301581,28,0,A,,0,2007-06-14,,,1,1_4301581,1_4301581,1_4301581
1,4301582,1,,4301582,4301582,50, ,A,,0,2007-06-21,,,1,1_4301582,1_4301582,1_4301582
1,4301589,1,,4301589,4301589,, ,,,0,2007-11-27,,,1,1_4301589,1_4301589,1_4301589
1,4301584,1,,4301584,4301584,28,,A,,0,2007-07-12,,,1,1_4301584,1_4301584,1_4301584
1,4000781,1,,4000781,4000781,,,,,0,2022-04-27,,,1,1_4000781,1_4000781,1_4000781
1,4301586,1,,4301586,4301586,28,,,A,1,2007-08-02,2011-06-21,,1,1_4301586,1_4301586,1_4301586
1,4301587,1,,4301587,4301587,4, , ,A,0,2007-09-04,,,1,1_4301587,1_4301587,1_4301587
1,4301588,1,,4301588,4301588,82,,A,,0,2007-09-13,,,1,1_4301588,1_4301588,1_4301588
1,4000630,1,,4000630,4000630,,,,,0,2007-10-17,,,1,1_4000630,1_4000630,1_4000630
1,4000631,1,,4000631,4000631,,,,,0,2007-10-30,,,1,1_4000631,1_4000631,1_4000631
1,4000632,1,,4000632,4000632,,,,,,2007-11-08,,,1,1_4000632,1_4000632,1_4000632
1,4301594,1,,4301594,4301594,, ,,,0,2007-12-13,,,1,1_4301594,1_4301594,1_4301594
1,4301590,1,,4301590,4301590,,,,,0,2007-11-27,,,1,1_4301590,1_4301590,1_4301590
1,4301591,1,,4301591,4301591,,,,,0,2007-11-30,,,1,1_4301591,1_4301591,1_4301591
1,4000633,1,,4000633,4000633,,,,,,2007-12-05,,,1,1_4000633,1_4000633,1_4000633
1,4301593,1,,4301593,4301593,, ,,,0,2007-12-05,,,1,1_4301593,1_4301593,1_4301593
1,4301400,1,,4301400,4301400,48,0,,,1,2001-04-18,2020-12-15,,1,1_4301400,1_4301400,1_4301400
1,4000634,1,,4000634,4000634,,,,,,2007-12-10,,,1,1_4000634,1_4000634,1_4000634
1,4000716,1,,4000716,4000716,,,,,0,2014-01-07,,,1,1_4000716,1_4000716,1_4000716
1,4301211,1,,4301211,4301211,6,0,,,0,1997-10-17,,,1,1_4301211,1_4301211,1_4301211
1,4000639,1,,4000639,4000639,,,,,0,2008-03-12,,,1,1_4000639,1_4000639,1_4000639
1,4000636,1,,4000636,4000636,,,,,0,2008-01-02,,,1,1_4000636,1_4000636,1_4000636
1,4301596,1,,4301596,4301596,13,,,,0,2008-01-15,,,1,1_4301596,1_4301596,1_4301596
1,4301597,1,,4301597,4301597,16,,,,0,2008-01-16,,,1,1_4301597,1_4301597,1_4301597
1,4301598,1,,4301598,4301598,41,0,,,0,2008-01-16,,,1,1_4301598,1_4301598,1_4301598
1,4301599,1,,4301599,4301599,48,,,,0,2008-01-16,,,1,1_4301599,1_4301599,1_4301599
1,4000638,1,,4000638,4000638,,,,,,2008-02-27,,,1,1_4000638,1_4000638,1_4000638
1,4301601,1,,4301601,4301601,82,,,,0,2008-02-12,,,1,1_4301601,1_4301601,1_4301601
1,4000637,1,,4000637,4000637,,,,,0,2008-02-15,,,1,1_4000637,1_4000637,1_4000637
1,4301602,1,,4301602,4301602,41,,,,0,2008-02-22,,,1,1_4301602,1_4301602,1_4301602
1,4301604,1,,4301604,4301604,4,,,,0,2008-02-26,,,1,1_4301604,1_4301604,1_4301604
1,4000693,1,,4000693,4000693,,,,,0,2012-06-13,,,1,1_4000693,1_4000693,1_4000693
1,4301683,1,,4301683,4301683,82,,,,0,2011-08-30,,,1,1_4301683,1_4301683,1_4301683
1,4301606,1,,4301606,4301606,8,,,,0,2008-04-10,,,1,1_4301606,1_4301606,1_4301606
1,4301595,1,,4301595,4301595,,0,,,0,2007-12-21,,,1,1_4301595,1_4301595,1_4301595
1,4301607,1,,4301607,4301607,5,,,,0,2008-04-17,,,1,1_4301607,1_4301607,1_4301607
1,4000641,1,,4000641,4000641,,,,,0,2008-04-23,,,1,1_4000641,1_4000641,1_4000641
1,4000642,1,,4000642,4000642,,,,,0,2008-04-24,,,1,1_4000642,1_4000642,1_4000642
1,4000643,1,,4000643,4000643,,,,,0,2008-05-09,,,1,1_4000643,1_4000643,1_4000643
1,4301874,1,,4301874,4301874,46,,,,0,2024-01-16,,,1,1_4301874,1_4301874,1_4301874
1,4301610,1,,4301610,4301610,10,,,,0,2008-05-30,,,1,1_4301610,1_4301610,1_4301610
1,4301611,1,,4301611,4301611,28,,,,0,2008-06-04,,,1,1_4301611,1_4301611,1_4301611
1,4000644,1,,4000644,4000644,,,,,0,2008-07-02,,,1,1_4000644,1_4000644,1_4000644
1,4000645,1,,4000645,4000645,,,,,0,2008-07-03,,,1,1_4000645,1_4000645,1_4000645
1,4000646,1,,4000646,4000646,,,,,0,2008-07-10,,,1,1_4000646,1_4000646,1_4000646
1,4301613,1,,4301613,4301613,41,,,,0,2008-07-22,,,1,1_4301613,1_4301613,1_4301613
1,4301614,1,,4301614,4301614,47,,,,0,2008-07-25,,,1,1_4301614,1_4301614,1_4301614
1,4000647,1,,4000647,4000647,,,,,0,2008-07-31,,,1,1_4000647,1_4000647,1_4000647
1,4000648,1,,4000648,4000648,,,,,0,2008-09-17,,,1,1_4000648,1_4000648,1_4000648
1,4000649,1,,4000649,4000649,,,,,0,2009-06-23,,,1,1_4000649,1_4000649,1_4000649
1,4301615,1,,4301615,4301615,5,,,,0,2008-09-24,,,1,1_4301615,1_4301615,1_4301615
1,4301616,1,,4301616,4301616,15,,,,0,2008-10-09,,,1,1_4301616,1_4301616,1_4301616
1,4301617,1,,4301617,4301617,50,,,,0,2008-11-05,,,1,1_4301617,1_4301617,1_4301617
1,4301618,1,,4301618,4301618,17,,,,0,2008-11-06,,,1,1_4301618,1_4301618,1_4301618
1,4301619,1,,4301619,4301619,41,,,,0,2008-11-11,,,1,1_4301619,1_4301619,1_4301619
1,4000650,1,,4000650,4000650,,,,,0,2008-11-12,,,1,1_4000650,1_4000650,1_4000650
1,4301621,1,,4301621,4301621,4,,,,0,2008-11-21,,,1,1_4301621,1_4301621,1_4301621
1,4301622,1,,4301622,4301622,82,,,,0,2008-12-05,,,1,1_4301622,1_4301622,1_4301622
1,4301623,1,,4301623,4301623,1,,,,0,2008-12-16,,,1,1_4301623,1_4301623,1_4301623
1,4000652,1,,4000652,4000652,,,,,0,2008-12-22,,,1,1_4000652,1_4000652,1_4000652
1,4301624,1,,4301624,4301624,25,,,,0,2009-01-07,,,1,1_4301624,1_4301624,1_4301624
1,4000653,1,,4000653,4000653,,,,,0,2009-01-08,,,1,1_4000653,1_4000653,1_4000653
1,4000654,1,,4000654,4000654,,,,,0,2009-01-27,,,1,1_4000654,1_4000654,1_4000654
1,4301625,1,,4301625,4301625,41,,,,0,2009-02-17,,,1,1_4301625,1_4301625,1_4301625
1,4000655,1,,4000655,4000655,,,,,0,2009-03-03,,,1,1_4000655,1_4000655,1_4000655
1,4000656,1,,4000656,4000656,,,,,0,2009-03-24,,,1,1_4000656,1_4000656,1_4000656
1,4301626,1,,4301626,4301626,1,,,,0,2009-04-01,,,1,1_4301626,1_4301626,1_4301626
1,4301628,1,,4301628,4301628,6,,,,0,2009-04-15,,,1,1_4301628,1_4301628,1_4301628
1,4301629,1,,4301629,4301629,3,,,,0,2009-04-20,,,1,1_4301629,1_4301629,1_4301629
1,4000657,1,,4000657,4000657,,,,,0,2009-04-21,,,1,1_4000657,1_4000657,1_4000657
1,4300210,1,,4300210,4300210,5,,,,0,2009-04-30,,,1,1_4300210,1_4300210,1_4300210
1,4301630,1,,4301630,4301630,28,,,,0,2009-05-04,,,1,1_4301630,1_4301630,1_4301630
1,4301631,1,,4301631,4301631,3,,,,0,2009-05-14,,,1,1_4301631,1_4301631,1_4301631
1,4301632,1,,4301632,4301632,77,,,,0,2009-05-19,,,1,1_4301632,1_4301632,1_4301632
1,4000658,1,,4000658,4000658,,,,,0,2009-05-25,,,1,1_4000658,1_4000658,1_4000658
1,4000659,1,,4000659,4000659,,,,,0,2009-05-26,,,1,1_4000659,1_4000659,1_4000659
1,4301634,1,,4301634,4301634,,,,,0,2009-07-10,,,1,1_4301634,1_4301634,1_4301634
1,4000660,1,,4000660,4000660,,,,,0,2009-09-02,,,1,1_4000660,1_4000660,1_4000660
1,4301635,1,,4301635,4301635,7,,,,0,2009-09-09,,,1,1_4301635,1_4301635,1_4301635
1,4301636,1,,4301636,4301636,1,,,,0,2009-09-21,,,1,1_4301636,1_4301636,1_4301636
1,4301638,1,,4301638,4301638,28,,,,0,2009-09-29,,,1,1_4301638,1_4301638,1_4301638
1,4301639,1,,4301639,4301639,28,,,,0,2009-10-14,,,1,1_4301639,1_4301639,1_4301639
1,4000661,1,,4000661,4000661,,,,,0,2009-10-15,,,1,1_4000661,1_4000661,1_4000661
1,4301640,1,,4301640,4301640,3,,,,0,2009-10-28,,,1,1_4301640,1_4301640,1_4301640
1,4301641,1,,4301641,4301641,3,,,,0,2009-11-05,,,1,1_4301641,1_4301641,1_4301641
1,4301642,1,,4301642,4301642,10,,,,0,2009-11-05,,,1,1_4301642,1_4301642,1_4301642
1,4100662,1,,4100662,4100662,,,,,0,2009-11-11,,,1,1_4100662,1_4100662,1_4100662
1,4301643,1,,4301643,4301643,,,,,0,2009-11-16,,,1,1_4301643,1_4301643,1_4301643
1,4301644,1,,4301644,4301644,46,,,,0,2009-11-17,,,1,1_4301644,1_4301644,1_4301644
1,4301645,1,,4301645,4301645,13,,,,0,2009-11-27,,,1,1_4301645,1_4301645,1_4301645
1,4301646,1,,4301646,4301646,28,,,,0,2009-12-11,,,1,1_4301646,1_4301646,1_4301646
1,4301647,1,,4301647,4301647,46,,,,0,2009-12-17,,,1,1_4301647,1_4301647,1_4301647
1,4000662,1,,4000662,4000662,,,,,0,2009-12-28,,,1,1_4000662,1_4000662,1_4000662
1,4301648,1,,4301648,4301648,,,,,0,2010-01-11,,,1,1_4301648,1_4301648,1_4301648
1,4301649,1,,4301649,4301649,50,,,,0,2010-01-11,,,1,1_4301649,1_4301649,1_4301649
1,4300632,1,,4300632,4300632,10,,,,0,2010-01-20,,,1,1_4300632,1_4300632,1_4300632
1,4000663,1,,4000663,4000663,,,,,0,2010-01-22,,,1,1_4000663,1_4000663,1_4000663
1,4300156,1,,4300156,4300156,81,0,,,1,1995-11-13,2017-10-20,,1,1_4300156,1_4300156,1_4300156
1,4301651,1,,4301651,4301651,82,,,,0,2010-02-11,,,1,1_4301651,1_4301651,1_4301651
1,4301652,1,,4301652,4301652,8,,,,0,2010-02-22,,,1,1_4301652,1_4301652,1_4301652
1,4301653,1,,4301653,4301653,17,,,,0,2010-03-17,,,1,1_4301653,1_4301653,1_4301653
1,4301654,1,,4301654,4301654,17,,,,0,2010-03-17,,,1,1_4301654,1_4301654,1_4301654
1,4000664,1,,4000664,4000664,,,,,0,2010-04-08,,,1,1_4000664,1_4000664,1_4000664
1,4000665,1,,4000665,4000665,,,,,0,2010-04-16,,,1,1_4000665,1_4000665,1_4000665
1,4000666,1,,4000666,4000666,,,,,0,2010-05-03,,,1,1_4000666,1_4000666,1_4000666
1,4301655,1,,4301655,4301655,28,,,,0,2010-05-03,,,1,1_4301655,1_4301655,1_4301655
1,4301656,1,,4301656,4301656,28,,,,0,2010-05-05,,,1,1_4301656,1_4301656,1_4301656
1,4301657,1,,4301657,4301657,4,,,,0,2010-05-11,,,1,1_4301657,1_4301657,1_4301657
1,4000667,1,,4000667,4000667,,,,,0,2010-05-17,,,1,1_4000667,1_4000667,1_4000667
1,4301658,1,,4301658,4301658,7,,,,0,2010-06-02,,,1,1_4301658,1_4301658,1_4301658
1,4301715,1,,4301715,4301715,28,,,,0,2013-07-02,,,1,1_4301715,1_4301715,1_4301715
1,4301709,1,,4301709,4301709,22,,,,0,2013-03-06,,,1,1_4301709,1_4301709,1_4301709
1,4301693,1,,4301693,4301693,5,,,,0,2012-06-15,,,1,1_4301693,1_4301693,1_4301693
1,4000690,1,,4000690,4000690,,,,,0,2012-04-03,,,1,1_4000690,1_4000690,1_4000690
1,4301403,1,,4301403,4301403,4,A,,,1,2001-06-13,2012-04-04,,1,1_4301403,1_4301403,1_4301403
1,4301734,1,,4301734,4301734,3,,,,0,2014-11-10,,,1,1_4301734,1_4301734,1_4301734
1,4301692,1,,4301692,4301692,10,,,,0,2012-05-14,,,1,1_4301692,1_4301692,1_4301692
1,4000269,1,,4000269,4000269,77,,,,0,2003-01-13,,,1,1_4000269,1_4000269,1_4000269
1,4301696,1,,4301696,4301696,10,,,,0,2012-07-23,,,1,1_4301696,1_4301696,1_4301696
1,4301132,1,,4301132,4301132,8,0,,,1,1997-03-17,2012-01-27,,1,1_4301132,1_4301132,1_4301132
1,4300717,1,,4300717,4300717,80,0,,,1,1996-11-22,2012-01-27,,1,1_4300717,1_4300717,1_4300717
1,4000671,1,,4000671,4000671,,,,,0,2010-10-20,,,1,1_4000671,1_4000671,1_4000671
1,4000672,1,,4000672,4000672,,,,,0,2010-10-21,,,1,1_4000672,1_4000672,1_4000672
1,4301668,1,,4301668,4301668,28,,,,0,2010-10-21,,,1,1_4301668,1_4301668,1_4301668
1,4301669,1,,4301669,4301669,5,,,,0,2010-11-22,,,1,1_4301669,1_4301669,1_4301669
1,4301670,1,,4301670,4301670,17,,,,0,2010-11-30,,,1,1_4301670,1_4301670,1_4301670
1,4000673,1,,4000673,4000673,,,,,0,2010-12-02,,,1,1_4000673,1_4000673,1_4000673
1,4301671,1,,4301671,4301671,77,,,,0,2010-12-14,,,1,1_4301671,1_4301671,1_4301671
1,4000674,1,,4000674,4000674,,,,,0,2011-01-05,,,1,1_4000674,1_4000674,1_4000674
1,4301672,1,,4301672,4301672,77,,,,0,2011-01-19,,,1,1_4301672,1_4301672,1_4301672
1,4301673,1,,4301673,4301673,3,,,,0,2011-01-26,,,1,1_4301673,1_4301673,1_4301673
1,4100990,1,,4100990,4100990,77,,,,0,1999-01-08,,,1,1_4100990,1_4100990,1_4100990
1,4301674,1,,4301674,4301674,,,,,0,2011-02-23,,,1,1_4301674,1_4301674,1_4301674
1,4301675,1,,4301675,4301675,5,,,,1,2011-02-23,2012-01-01,,1,1_4301675,1_4301675,1_4301675
1,4000651,1,,4000651,4000651,,,,,0,2008-12-11,,,1,1_4000651,1_4000651,1_4000651
1,4301676,1,,4301676,4301676,28,,,,1,2011-02-23,2012-07-02,,1,1_4301676,1_4301676,1_4301676
1,4000675,1,,4000675,4000675,,,,,0,2011-02-23,,,1,1_4000675,1_4000675,1_4000675
1,4000676,1,,4000676,4000676,,,,,0,2011-02-25,,,1,1_4000676,1_4000676,1_4000676
1,4000677,1,,4000677,4000677,,,,,0,2011-03-01,,,1,1_4000677,1_4000677,1_4000677
1,4000678,1,,4000678,4000678,,,,,0,2011-03-11,,,1,1_4000678,1_4000678,1_4000678
1,4301677,1,,4301677,4301677,50,,,,0,2011-03-15,,,1,1_4301677,1_4301677,1_4301677
1,4000679,1,,4000679,4000679,,,,,0,2011-03-18,,,1,1_4000679,1_4000679,1_4000679
1,4000680,1,,4000680,4000680,,,,,0,2011-03-29,,,1,1_4000680,1_4000680,1_4000680
1,4301678,1,,4301678,4301678,,,,,0,2011-05-16,,,1,1_4301678,1_4301678,1_4301678
1,4301719,1,,4301719,4301719,36,,,,0,2013-11-04,,,1,1_4301719,1_4301719,1_4301719
1,4000033,1,,4000033,4000033,77,,,,1,1995-11-15,2008-12-01,,1,1_4000033,1_4000033,1_4000033
1,4000022,1,,4000022,4000022,77,,,,0,1996-10-11,,,1,1_4000022,1_4000022,1_4000022
1,4301207,1,,4301207,4301207,50,0,,,1,1997-10-06,2011-04-26,,1,1_4301207,1_4301207,1_4301207
1,4301687,1,,4301687,4301687,,,,,0,2011-10-26,,,1,1_4301687,1_4301687,1_4301687
1,4301210,1,,4301210,4301210,28,NO_VISITA,,,1,1997-10-17,2011-04-26,,1,1_4301210,1_4301210,1_4301210
1,4300887,1,,4300887,4300887,1,S,,,1,1996-03-25,2011-02-21,,1,1_4300887,1_4300887,1_4300887
1,4000451,1,,4000451,4000451,77,,,,1,1997-12-17,2010-12-01,,1,1_4000451,1_4000451,1_4000451
1,4301260,1,,4301260,4301260,3,S,,,1,1998-11-16,2011-05-12,,1,1_4301260,1_4301260,1_4301260
1,4300099,1,,4300099,4300099,7,T,,,1,1995-11-13,2011-02-17,,1,1_4300099,1_4300099,1_4300099
1,4301679,1,,4301679,4301679,,,,,0,2011-05-27,,,1,1_4301679,1_4301679,1_4301679
1,4302053,1,,4302053,4302053,5,A,,,1,1995-11-21,2010-07-12,,1,1_4302053,1_4302053,1_4302053
1,4000584,1,,4000584,4000584,,,,,0,2004-05-27,,,1,1_4000584,1_4000584,1_4000584
1,4300181,1,,4300181,4300181,82,0,,,1,1995-11-14,2008-01-01,,1,1_4300181,1_4300181,1_4300181
1,4000686,1,,4000686,4000686,,,,,0,2011-12-01,,,1,1_4000686,1_4000686,1_4000686
1,4000571,1,,4000571,4000571,,,,,0,2003-05-23,,,1,1_4000571,1_4000571,1_4000571
1,4000439,1,,4000439,4000439,77,,,,0,1997-02-26,,,1,1_4000439,1_4000439,1_4000439
1,4301688,1,,4301688,4301688,,,,,0,2012-01-03,,,1,1_4301688,1_4301688,1_4301688
1,4301529,1,,4301529,4301529,43,A,,,0,2006-02-13,, ,1,1_4301529,1_4301529,1_4301529
1,4301059,1,,4301059,4301059,50,S,,,1,1996-03-13,,,1,1_4301059,1_4301059,1_4301059
1,4300098,1,,4300098,4300098,4,0,,,1,1995-11-13,1997-01-01,,1,1_4300098,1_4300098,1_4300098
1,4301148,1,,4301148,4301148,4,S,,,1,1996-11-11,2011-12-15,,1,1_4301148,1_4301148,1_4301148
1,4301284,1,,4301284,4301284,8,0,,,1,1999-06-02,2011-09-15,,1,1_4301284,1_4301284,1_4301284
1,4301185,1,,4301185,4301185,17,0,,,1,1997-06-18,2008-12-18, ,1,1_4301185,1_4301185,1_4301185
1,4301274,1,,4301274,4301274,3,A,,,1,1999-02-17,2012-01-27,,1,1_4301274,1_4301274,1_4301274
1,4301532,1,,4301532,4301532,50,A,,,1,2006-02-28,2011-06-14,,1,1_4301532,1_4301532,1_4301532
1,4301461,1,,4301461,4301461,81,0,,,1,2003-05-13,2011-06-10,,1,1_4301461,1_4301461,1_4301461
1,4301443,1,,4301443,4301443,12,0,,,1,2003-01-07,2011-06-06,,1,1_4301443,1_4301443,1_4301443
1,4301399,1,,4301399,4301399,39,0,,,1,2001-04-02,2011-05-26,,1,1_4301399,1_4301399,1_4301399
1,4301372,1,,4301372,4301372,43,0,,,1,2000-04-13,2011-05-16,,1,1_4301372,1_4301372,1_4301372
1,4301365,1,,4301365,4301365,8,0,,,1,2000-01-25,2011-05-13,,1,1_4301365,1_4301365,1_4301365
1,4301695,1,,4301695,4301695,41,,,,0,2012-07-18,,,1,1_4301695,1_4301695,1_4301695
1,4000694,1,,4000694,4000694,,,,,0,2012-08-30,,,1,1_4000694,1_4000694,1_4000694
1,4000695,1,,4000695,4000695,,,,,0,2012-08-30,,,1,1_4000695,1_4000695,1_4000695
1,4301697,1,,4301697,4301697,10,,,,0,2012-09-05,,,1,1_4301697,1_4301697,1_4301697
1,4000696,1,,4000696,4000696,,,,,0,2012-09-14,,,1,1_4000696,1_4000696,1_4000696
1,4301698,1,,4301698,4301698,8,,,,0,2012-09-17,,,1,1_4301698,1_4301698,1_4301698
1,4000698,1,,4000698,4000698,,,,,0,2012-09-26,,,1,1_4000698,1_4000698,1_4000698
1,4301699,1,,4301699,4301699,3,,,,0,2012-09-17,,,1,1_4301699,1_4301699,1_4301699
1,4000699,1,,4000699,4000699,,,,,0,2012-09-28,,,1,1_4000699,1_4000699,1_4000699
1,4301700,1,,4301700,4301700,17,,,,0,2012-09-20,,,1,1_4301700,1_4301700,1_4301700
1,4301436,1,,4301436,4301436,3,A,,,1,2002-11-15,2012-12-30,,1,1_4301436,1_4301436,1_4301436
1,4000697,1,,4000697,4000697,,,,,0,2012-09-21,,,1,1_4000697,1_4000697,1_4000697
1,4301703,1,,4301703,4301703,17,,,,0,2012-10-31,,,1,1_4301703,1_4301703,1_4301703
1,4301702,1,,4301702,4301702,1,,,,0,2012-10-19,,,1,1_4301702,1_4301702,1_4301702
1,4000700,1,,4000700,4000700,,,,,0,2012-10-19,,,1,1_4000700,1_4000700,1_4000700
1,4000701,1,,4000701,4000701,,,,,0,2012-12-17,,,1,1_4000701,1_4000701,1_4000701
1,4000702,1,,4000702,4000702,,,,,0,2013-01-15,,,1,1_4000702,1_4000702,1_4000702
1,4301705,1,,4301705,4301705,39,,,,0,2013-01-18,,,1,1_4301705,1_4301705,1_4301705
1,4301579,1,,4301579,4301579,5, ,A,,0,2013-01-22,,,1,1_4301579,1_4301579,1_4301579
1,4301523,1,,4301523,4301523,10,NO_VISITA,,,1,2005-12-01,2012-12-01,,1,1_4301523,1_4301523,1_4301523
1,4301707,1,,4301707,4301707,13,,,,0,2013-02-01,,,1,1_4301707,1_4301707,1_4301707
1,4000703,1,,4000703,4000703,,,,,0,2013-02-14,,,1,1_4000703,1_4000703,1_4000703
1,4000568,1,,4000568,4000568,,,,,0,2003-04-04,,,1,1_4000568,1_4000568,1_4000568
1,4301483,1,,4301483,4301483,7,S,,,1,2004-03-18,2013-02-15,,1,1_4301483,1_4301483,1_4301483
1,4000704,1,,4000704,4000704,,,,,0,2013-03-11,,,1,1_4000704,1_4000704,1_4000704
1,4301710,1,,4301710,4301710,77,,,,0,2013-03-13,,,1,1_4301710,1_4301710,1_4301710
1,4301711,1,,4301711,4301711,43,,,,0,2013-04-04,,,1,1_4301711,1_4301711,1_4301711
1,4000705,1,,4000705,4000705,,,,,0,2013-04-10,,,1,1_4000705,1_4000705,1_4000705
1,4301706,1,,4301706,4301706,5,,,,1,2013-01-22,2017-11-09,,1,1_4301706,1_4301706,1_4301706
1,4301713,1,,4301713,4301713,80,,,,0,2013-04-11,,,1,1_4301713,1_4301713,1_4301713
1,4000706,1,,4000706,4000706,,,,,0,2013-04-26,,,1,1_4000706,1_4000706,1_4000706
1,4301714,1,,4301714,4301714,,,,,0,2013-04-29,,,1,1_4301714,1_4301714,1_4301714
1,4000707,1,,4000707,4000707,,,,,0,2013-04-30,,,1,1_4000707,1_4000707,1_4000707
1,4000708,1,,4000708,4000708,,,,,0,2013-05-17,,,1,1_4000708,1_4000708,1_4000708
1,4301716,1,,4301716,4301716,28,,,,0,2013-07-10,,,1,1_4301716,1_4301716,1_4301716
1,4000417,1,,4000417,4000417,77,,,,0,1996-02-01,,,1,1_4000417,1_4000417,1_4000417
1,4300254,1,,4300254,4300254,4,,,,0,2013-07-03,,,1,1_4300254,1_4300254,1_4300254
1,4000709,1,,4000709,4000709,,,,,0,2013-07-30,,,1,1_4000709,1_4000709,1_4000709
1,4301771,1,,4301771,4301771,10,,,,0,2016-02-09,,,1,1_4301771,1_4301771,1_4301771
1,4301506,1,,4301506,4301506,28,0,,,1,2005-02-02,2015-11-25,,1,1_4301506,1_4301506,1_4301506
1,4301729,1,,4301729,4301729,9,,,,0,2014-09-03,,,1,1_4301729,1_4301729,1_4301729
1,4301730,1,,4301730,4301730,,,,,0,2014-09-22,,,1,1_4301730,1_4301730,1_4301730
1,4301401,1,,4301401,4301401,17,0,,,1,2001-05-15,2014-09-22,,1,1_4301401,1_4301401,1_4301401
1,4301731,1,,4301731,4301731,9,,,,0,2014-10-13,,,1,1_4301731,1_4301731,1_4301731
1,4301803,1,,4301803,4301803,17,,,,0,2017-12-18,,,1,1_4301803,1_4301803,1_4301803
1,4301732,1,,4301732,4301732,9,,,,0,2014-10-22,,,1,1_4301732,1_4301732,1_4301732
1,4300920,1,,4300920,4300920,48,0,,,1,1996-11-26,2014-10-27,,1,1_4300920,1_4300920,1_4300920
1,4300062,1,,4300062,4300062,2,A,,,1,1995-11-13,2014-10-24,,1,1_4300062,1_4300062,1_4300062
1,4301733,1,,4301733,4301733,4,,,,0,2014-10-24,,,1,1_4301733,1_4301733,1_4301733
1,4301744,1,,4301744,4301744,4,,,,0,2014-11-06,,,1,1_4301744,1_4301744,1_4301744
1,4000726,1,,4000726,4000726,,,,,0,2014-12-12,,,1,1_4000726,1_4000726,1_4000726
1,4300977,1,,4300977,4300977,9,0,,,0,1995-11-20,,,1,1_4300977,1_4300977,1_4300977
1,4310087,1,,4310087,4310087,50,S,,,1,2005-07-26,2014-12-18,,1,1_4310087,1_4310087,1_4310087
1,4000210,1,,4000210,4000210,77,,,,0,1998-11-26,,,1,1_4000210,1_4000210,1_4000210
1,4000312,1,,4000312,4000312,77,,,,1,1996-02-08,2007-01-01,,1,1_4000312,1_4000312,1_4000312
1,4301726,1,,4301726,4301726,77,,,,0,2014-03-03,,,1,1_4301726,1_4301726,1_4301726
1,4000087,1,,4000087,4000087,,,,,0,2014-03-20,,,1,1_4000087,1_4000087,1_4000087
1,4000718,1,,4000718,4000718,,,,,0,2014-03-05,,,1,1_4000718,1_4000718,1_4000718
1,4101004,1,,4101004,4101004,,,,,0,2014-03-20,,,1,1_4101004,1_4101004,1_4101004
1,4000612,1,,4000612,4000612,,,,,1,2005-12-23,2010-01-01,,1,1_4000612,1_4000612,1_4000612
1,4301446,1,,4301446,4301446,3, ,,,1,2003-02-10,2013-12-31,,1,1_4301446,1_4301446,1_4301446
1,4301728,1,,4301728,4301728,,,,,0,2014-05-21,,,1,1_4301728,1_4301728,1_4301728
1,4301315,1,,4301315,4301315,5, ,,,1,2000-06-28,2013-12-31,,1,1_4301315,1_4301315,1_4301315
1,4301256,1,,4301256,4301256,9,0,,,1,1998-10-30,2011-02-21,,1,1_4301256,1_4301256,1_4301256
1,4300260,1,,4300260,4300260,9,0,,,1,1995-11-14,2011-02-21,,1,1_4300260,1_4300260,1_4300260
1,4300377,1,,4300377,4300377,4,NO VISITA,,,1,1996-09-13,2011-07-21,,1,1_4300377,1_4300377,1_4300377
1,4300392,1,,4300392,4300392,12,0,,,1,1995-11-15,2011-02-17,,1,1_4300392,1_4300392,1_4300392
1,4300410,1,,4300410,4300410,43,0,,,1,1995-11-16,2011-02-28,,1,1_4300410,1_4300410,1_4300410
1,4300539,1,,4300539,4300539,6,0,,,1,1995-11-16,2012-12-01,,1,1_4300539,1_4300539,1_4300539
1,4300723,1,,4300723,4300723,77,0,,,1,1995-11-20,2013-12-01,,1,1_4300723,1_4300723,1_4300723
1,4300744,1,,4300744,4300744,80,0,,,1,1995-11-20,2011-03-31,,1,1_4300744,1_4300744,1_4300744
1,4300799,1,,4300799,4300799,6,,,,1,2011-02-01,2012-12-31,,1,1_4300799,1_4300799,1_4300799
1,4300813,1,,4300813,4300813,3,S,,,1,1995-11-20,2011-02-21,,1,1_4300813,1_4300813,1_4300813
1,4300956,1,,4300956,4300956,12,0,,,1,1995-11-20,2011-01-01,,1,1_4300956,1_4300956,1_4300956
1,4301637,1,,4301637,4301637,4,,,,1,2009-09-21,2013-01-01,,1,1_4301637,1_4301637,1_4301637
1,4301201,1,,4301201,4301201,80,0,,,1,1997-09-15,2011-02-21,,1,1_4301201,1_4301201,1_4301201
1,4301538,1,,4301538,4301538,1,A,,,1,2008-05-21,2014-07-16,,1,1_4301538,1_4301538,1_4301538
1,4000727,1,,4000727,4000727,,,,,0,2014-12-24,,,1,1_4000727,1_4000727,1_4000727
1,4000574,1,,4000574,4000574,,,,,0,2003-07-31,,,1,1_4000574,1_4000574,1_4000574
1,4301749,1,,4301749,4301749,3,,,,0,2015-03-16,,,1,1_4301749,1_4301749,1_4301749
1,4301745,1,,4301745,4301745,7,,,,0,2015-02-10,,,1,1_4301745,1_4301745,1_4301745
1,4301747,1,,4301747,4301747,3,,,,0,2015-03-05,,,1,1_4301747,1_4301747,1_4301747
1,4000681,1,,4000681,4000681,,,,,1,2011-05-23,2013-02-01,,1,1_4000681,1_4000681,1_4000681
1,4000685,1,,4000685,4000685,,,,,1,2011-11-16,2013-01-01,,1,1_4000685,1_4000685,1_4000685
1,4000729,1,,4000729,4000729,,,,,0,2015-04-09,,,1,1_4000729,1_4000729,1_4000729
1,4301540,1,,4301540,4301540,50,A,,,1,2006-05-17,2015-04-14,,1,1_4301540,1_4301540,1_4301540
1,4301750,1,,4301750,4301750,46,,,,0,2015-04-17,,,1,1_4301750,1_4301750,1_4301750
1,4301752,1,,4301752,4301752,4,,,,0,2015-05-06,,,1,1_4301752,1_4301752,1_4301752
1,4301751,1,,4301751,4301751,28,,,,0,2015-04-17,,,1,1_4301751,1_4301751,1_4301751
1,4000731,1,,4000731,4000731,,,,,0,2015-05-25,,,1,1_4000731,1_4000731,1_4000731
1,4301754,1,,4301754,4301754,,,,,0,2015-06-02,,,1,1_4301754,1_4301754,1_4301754
1,4301755,1,,4301755,4301755,,,,,0,2015-06-11,,,1,1_4301755,1_4301755,1_4301755
1,4301880,1,,4301880,4301880,,,,,0,2024-05-03,,,1,1_4301880,1_4301880,1_4301880
1,4000732,1,,4000732,4000732,,,,,0,2015-06-18,,,1,1_4000732,1_4000732,1_4000732
1,4000733,1,,4000733,4000733,,,,,0,2015-06-26,,,1,1_4000733,1_4000733,1_4000733
1,4301756,1,,4301756,4301756,4,,,,0,2015-07-15,,,1,1_4301756,1_4301756,1_4301756
1,4301757,1,,4301757,4301757,10,,,,0,2015-07-31,,,1,1_4301757,1_4301757,1_4301757
1,4301804,1,,4301804,4301804,,,,,0,2017-12-18,,,1,1_4301804,1_4301804,1_4301804
1,4301759,1,,4301759,4301759,81,,,,0,2015-09-03,,,1,1_4301759,1_4301759,1_4301759
1,4301760,1,,4301760,4301760,,,,,0,2015-09-07,,,1,1_4301760,1_4301760,1_4301760
1,4301761,1,,4301761,4301761,,,,,0,2015-09-08,,,1,1_4301761,1_4301761,1_4301761
1,4301762,1,,4301762,4301762,,,,,0,2015-09-09,,,1,1_4301762,1_4301762,1_4301762
1,4300811,1,,4300811,4300811,10,0,,,1,1996-11-25,2015-05-14,,1,1_4300811,1_4300811,1_4300811
1,4301763,1,,4301763,4301763,,,,,0,2015-09-16,,,1,1_4301763,1_4301763,1_4301763
1,4301765,1,,4301765,4301765,,,,,0,2015-10-01,,,1,1_4301765,1_4301765,1_4301765
1,4301766,1,,4301766,4301766,,,,,0,2015-10-02,,,1,1_4301766,1_4301766,1_4301766
1,4301410,1,,4301410,4301410,41,0,,,1,2001-10-19,2015-10-09,,1,1_4301410,1_4301410,1_4301410
1,4300847,1,,4300847,4300847,46,T,,,0,2003-04-08,,,1,1_4300847,1_4300847,1_4300847
1,4000734,1,,4000734,4000734,,,,,0,2015-10-21,,,1,1_4000734,1_4000734,1_4000734
1,4301768,1,,4301768,4301768,48,,,,0,2015-12-04,,,1,1_4301768,1_4301768,1_4301768
1,4101005,1,,4101005,4101005,,,,,0,2015-11-20,,,1,1_4101005,1_4101005,1_4101005
1,4301767,1,,4301767,4301767,28,,,,0,2015-10-23,,,1,1_4301767,1_4301767,1_4301767
1,4000737,1,,4000737,4000737,,,,,0,2016-01-19,,,1,1_4000737,1_4000737,1_4000737
1,4301770,1,,4301770,4301770,5,,,,0,2016-01-21,,,1,1_4301770,1_4301770,1_4301770
1,4301370,1,,4301370,4301370,43,0,,,1,2000-04-10,2016-01-27,,1,1_4301370,1_4301370,1_4301370
1,4301769,1,,4301769,4301769,5,,,,0,2016-01-21,,,1,1_4301769,1_4301769,1_4301769
1,4301772,1,,4301772,4301772,81,,,,0,2016-02-18,,,1,1_4301772,1_4301772,1_4301772
1,4301138,1,,4301138,4301138,39,0,,,1,1996-09-13,2016-02-25,,1,1_4301138,1_4301138,1_4301138
1,4000738,1,,4000738,4000738,,,,,0,2016-02-29,,,1,1_4000738,1_4000738,1_4000738
1,4301578,1,,4301578,4301578,28,A,,,1,2007-05-23,2016-02-23,,1,1_4301578,1_4301578,1_4301578
1,4301773,1,,4301773,4301773,,,,,0,2016-03-04,,,1,1_4301773,1_4301773,1_4301773
1,4301938,1,,4301938,4301938,13,0,,,1,1998-07-06,2016-04-20,,1,1_4301938,1_4301938,1_4301938
1,4300358,1,,4300358,4300358,47,0,,,1,1995-11-14,2016-04-21,,1,1_4300358,1_4300358,1_4300358
1,4300554,1,,4300554,4300554,12,0,,,1,1995-11-16,2016-04-21,,1,1_4300554,1_4300554,1_4300554
1,4301774,1,,4301774,4301774,6,,,,0,2016-04-12,,,1,1_4301774,1_4301774,1_4301774
1,4300601,1,,4300601,4300601,81,0,,,1,1996-11-22,2016-04-21,,1,1_4300601,1_4300601,1_4300601
1,4301775,1,,4301775,4301775,3,,,,0,2016-05-02,,,1,1_4301775,1_4301775,1_4301775
1,4300939,1,,4300939,4300939,48,0,,,1,1996-11-26,2016-05-13,,1,1_4300939,1_4300939,1_4300939
1,4300642,1,,4300642,4300642,48,0,,,1,1995-11-16,2016-05-13,,1,1_4300642,1_4300642,1_4300642
1,4301171,1,,4301171,4301171,48,0,,,1,1997-03-26,2016-05-13,,1,1_4301171,1_4301171,1_4301171
1,4301140,1,,4301140,4301140,48,0,,,1,1996-10-21,2016-05-13,,1,1_4301140,1_4301140,1_4301140
1,4301748,1,,4301748,4301748,3,,,,1,2015-03-06,2020-12-15,,1,1_4301748,1_4301748,1_4301748
1,4000740,1,,4000740,4000740,,,,,0,2016-07-22,,,1,1_4000740,1_4000740,1_4000740
1,4301780,1,,4301780,4301780,,,,,0,2016-08-30,,,1,1_4301780,1_4301780,1_4301780
1,4301378,1,,4301378,4301378,50,0,,,0,2000-06-22,,,1,1_4301378,1_4301378,1_4301378
1,4301205,1,,4301205,4301205,5,"",,,1,1997-10-01,2016-09-13,,1,1_4301205,1_4301205,1_4301205
1,4000741,1,,4000741,4000741,,,,,0,2016-09-14,,,1,1_4000741,1_4000741,1_4000741
1,4301781,1,,4301781,4301781,10,,,,0,2016-10-19,,,1,1_4301781,1_4301781,1_4301781
1,4000742,1,,4000742,4000742,,,,,0,2016-10-19,,,1,1_4000742,1_4000742,1_4000742
1,4300720,1,,4300720,4300720,7,S,,,1,1995-11-20,2016-11-01,,1,1_4300720,1_4300720,1_4300720
1,4300332,1,,4300332,4300332,81,,,,0,2016-11-16,,,1,1_4300332,1_4300332,1_4300332
1,4301782,1,,4301782,4301782,41,,,,0,2016-11-18,,,1,1_4301782,1_4301782,1_4301782
1,4000743,1,,4000743,4000743,,,,,0,2016-11-29,,,1,1_4000743,1_4000743,1_4000743
1,4000435,1,,4000435,4000435,77,,,,0,1996-12-19,,,1,1_4000435,1_4000435,1_4000435
1,4301650,1,,4301650,4301650,3,,,,1,2010-02-01,2016-12-12,,1,1_4301650,1_4301650,1_4301650
1,4100524,1,,4100524,4100524,77,,,,0,2000-08-10,,,1,1_4100524,1_4100524,1_4100524
1,4301447,1,,4301447,4301447,13,0,,,1,2003-02-20,2016-12-22,,1,1_4301447,1_4301447,1_4301447
1,4300949,1,,4300949,4300949,80,0,,,1,1996-11-26,2017-01-03,,1,1_4300949,1_4300949,1_4300949
1,4300996,1,,4300996,4300996,4,NO VISITA,,,1,1996-04-16,2017-01-03,,1,1_4300996,1_4300996,1_4300996
1,4301081,1,,4301081,4301081,46,0,,,1,1995-11-21,2017-01-03,,1,1_4301081,1_4301081,1_4301081
1,4301783,1,,4301783,4301783,4,,,,0,2017-01-10,,,1,1_4301783,1_4301783,1_4301783
1,4301155,1,,4301155,4301155,4,A,,,1,1996-12-12,2017-01-24,,1,1_4301155,1_4301155,1_4301155
1,4301785,1,,4301785,4301785,22,,,,0,2017-01-27,,,1,1_4301785,1_4301785,1_4301785
1,4000549,1,,4000549,4000549,77,,,,0,2002-03-19,,,1,1_4000549,1_4000549,1_4000549
1,4301786,1,,4301786,4301786,4,,,,0,2017-02-08,,,1,1_4301786,1_4301786,1_4301786
1,4000744,1,,4000744,4000744,,,,,0,2017-03-08,,,1,1_4000744,1_4000744,1_4000744
1,4301787,1,,4301787,4301787,48,,,,0,2017-03-22,,,1,1_4301787,1_4301787,1_4301787
1,4301788,1,,4301788,4301788,1,,,,0,2017-03-27,,,1,1_4301788,1_4301788,1_4301788
1,4301852,1,,4301852,4301852,28,,,,0,2021-04-21,,,1,1_4301852,1_4301852,1_4301852
1,4301789,1,,4301789,4301789,50,,,,0,2017-04-04,,,1,1_4301789,1_4301789,1_4301789
1,4301790,1,,4301790,4301790,28,,,,0,2017-04-27,,,1,1_4301790,1_4301790,1_4301790
1,4300065,1,,4300065,4300065,82,0,,,1,1995-11-13,2017-04-27,,1,1_4300065,1_4300065,1_4300065
1,4000745,1,,4000745,4000745,,,,,0,2017-06-21,,,1,1_4000745,1_4000745,1_4000745
1,4301791,1,,4301791,4301791,5,,,,0,2017-07-25,,,1,1_4301791,1_4301791,1_4301791
1,4301792,1,,4301792,4301792,46,,,,0,2017-07-28,,,1,1_4301792,1_4301792,1_4301792
1,4301793,1,,4301793,4301793,3,,,,0,2017-09-05,,,1,1_4301793,1_4301793,1_4301793
1,4301794,1,,4301794,4301794,6,,,,0,2017-09-05,,,1,1_4301794,1_4301794,1_4301794
1,4301795,1,,4301795,4301795,10,,,,0,2017-09-12,,,1,1_4301795,1_4301795,1_4301795
1,4301796,1,,4301796,4301796,2,,,,0,2017-09-13,,,1,1_4301796,1_4301796,1_4301796
1,4000746,1,,4000746,4000746,,,,,0,2017-09-18,,,1,1_4000746,1_4000746,1_4000746
1,4301798,1,,4301798,4301798,28,,,,0,2017-10-17,,,1,1_4301798,1_4301798,1_4301798
1,4301778,1,,4301778,4301778,28,,,,0,2016-06-15,,"",1,1_4301778,1_4301778,1_4301778
1,4300172,1,,4300172,4300172,9,0,,,1,1995-11-14,2017-10-20,,1,1_4300172,1_4300172,1_4300172
1,4301608,1,,4301608,4301608,28,,,,1,2008-05-26,2017-11-09,,1,1_4301608,1_4301608,1_4301608
1,4301800,1,,4301800,4301800,22,,,,0,2017-11-16,,,1,1_4301800,1_4301800,1_4301800
1,4301801,1,,4301801,4301801,39,,,,0,2017-11-17,,,1,1_4301801,1_4301801,1_4301801
1,4000747,1,,4000747,4000747,,,,,0,2018-01-16,,,1,1_4000747,1_4000747,1_4000747
1,4301806,1,,4301806,4301806,22,,,,0,2018-01-17,,,1,1_4301806,1_4301806,1_4301806
1,4301807,1,,4301807,4301807,4,,,,0,2018-01-18,,,1,1_4301807,1_4301807,1_4301807
1,4301808,1,,4301808,4301808,28,,,,0,2018-01-22,,,1,1_4301808,1_4301808,1_4301808
1,4000748,1,,4000748,4000748,,,,,0,2018-01-23,,,1,1_4000748,1_4000748,1_4000748
1,4301809,1,,4301809,4301809,99,,,,0,2018-01-25,,,1,1_4301809,1_4301809,1_4301809
1,4000749,1,,4000749,4000749,,,,,0,2018-01-25,,,1,1_4000749,1_4000749,1_4000749
1,4301704,1,,4301704,4301704,50,,,,1,2012-12-13,2018-02-05,,1,1_4301704,1_4301704,1_4301704
1,4301810,1,,4301810,4301810,41,,,,0,2018-02-06,,,1,1_4301810,1_4301810,1_4301810
1,4300921,1,,4300921,4300921,9,,,,0,2018-02-13,,,1,1_4300921,1_4300921,1_4300921
1,4000750,1,,4000750,4000750,,,,,0,2018-02-20,,,1,1_4000750,1_4000750,1_4000750
1,4000245,1,,4000245,4000245,,,,,0,2018-02-22,,,1,1_4000245,1_4000245,1_4000245
1,4300502,1,,4300502,4300502,82,0,,,1,1998-04-28,2018-02-22,,1,1_4300502,1_4300502,1_4300502
1,4301409,1,,4301409,4301409,6,0,,,1,2001-10-18,2018-02-22,,1,1_4301409,1_4301409,1_4301409
1,4301406,1,,4301406,4301406,3,NO_BAÑOS,,,1,2001-07-11,2018-02-22,,1,1_4301406,1_4301406,1_4301406
1,4301811,1,,4301811,4301811,17,,,,0,2018-02-23,,,1,1_4301811,1_4301811,1_4301811
1,4301812,1,,4301812,4301812,,,,,0,2018-03-05,,,1,1_4301812,1_4301812,1_4301812
1,4000752,1,,4000752,4000752,,,,,0,2018-03-20,,,1,1_4000752,1_4000752,1_4000752
1,4301498,1,,4301498,4301498,46,0,,,1,2004-11-03,2018-03-29,,1,1_4301498,1_4301498,1_4301498
1,4301813,1,,4301813,4301813,48,,,,0,2018-04-05,,,1,1_4301813,1_4301813,1_4301813
1,4301814,1,,4301814,4301814,4,,,,0,2018-05-14,,,1,1_4301814,1_4301814,1_4301814
1,4301815,1,,4301815,4301815,10,,,,0,2018-06-07,,,1,1_4301815,1_4301815,1_4301815
1,4301816,1,,4301816,4301816,28,,,,0,2018-07-17,,,1,1_4301816,1_4301816,1_4301816
1,4300051,1,,4300051,4300051,2,A,,,1,1995-11-10,2018-07-25,,1,1_4300051,1_4300051,1_4300051
1,4300536,1,,4300536,4300536,10,0,,,1,1996-12-13,2018-07-25,,1,1_4300536,1_4300536,1_4300536
1,4000779,1,,4000779,4000779,,,,,0,2021-06-16,,,1,1_4000779,1_4000779,1_4000779
1,4301817,1,,4301817,4301817,50,,,,0,2018-09-17,,,1,1_4301817,1_4301817,1_4301817
1,4300493,1,,4300493,4300493,7,,,,1,2017-05-26,2021-09-28,,1,1_4300493,1_4300493,1_4300493
1,4301180,1,,4301180,4301180,43,0,,,1,1997-05-16,2018-09-19,,1,1_4301180,1_4301180,1_4301180
1,4301818,1,,4301818,4301818,39,,,,0,2018-09-24,,,1,1_4301818,1_4301818,1_4301818
1,4100753,1,,4000753,4000753,,,,,0,2018-09-25,,,1,1_4000753,1_4000753,1_4100753
1,4100988,1,,4100988,4100988,,,,,0,2018-09-25,,,1,1_4100988,1_4100988,1_4100988
1,4301194,1,,4301194,4301194,6,NO_BAÑOS,,,1,1997-07-22,2018-10-02,,1,1_4301194,1_4301194,1_4301194
1,4000754,1,,4000754,4000754,,,,,0,2018-10-16,,,1,1_4000754,1_4000754,1_4000754
1,4301444,1,,4301444,4301444,77,0,,,1,2003-01-28,2018-10-02,,1,1_4301444,1_4301444,1_4301444
1,4300995,1,,4300995,4300995,81,0,,,1,1995-11-21,2018-10-18,,1,1_4300995,1_4300995,1_4300995
1,4000275,1,,4000275,4000275,77,,,,1,1999-10-01,2018-10-18,,1,1_4000275,1_4000275,1_4000275
1,4301819,1,,4301819,4301819,48,,,,0,2018-11-06,,,1,1_4301819,1_4301819,1_4301819
1,4301820,1,,4301820,4301820,4,,,,0,2018-11-06,,,1,1_4301820,1_4301820,1_4301820
1,4000755,1,,4000755,4000755,,,,,0,2018-11-19,,,1,1_4000755,1_4000755,1_4000755
1,4301821,1,,4301821,4301821,28,,,,0,2018-12-13,,,1,1_4301821,1_4301821,1_4301821
1,4301822,1,,4301822,4301822,12,,,,0,2018-12-17,,,1,1_4301822,1_4301822,1_4301822
1,4000756,1,,4000756,4000756,,,,,0,2019-01-28,,,1,1_4000756,1_4000756,1_4000756
1,4301823,1,,4301823,4301823,,,,,0,2019-01-29,,,1,1_4301823,1_4301823,1_4301823
1,4301824,1,,4301824,4301824,,,,,0,2019-02-04,,,1,1_4301824,1_4301824,1_4301824
1,4301825,1,,4301825,4301825,3,,,,0,2019-02-06,,,1,1_4301825,1_4301825,1_4301825
1,4301439,1,,4301439,4301439,22,0,,,0,2002-12-12,,,1,1_4301439,1_4301439,1_4301439
1,4301779,1,,4301779,4301779,77,,,,0,2016-06-21,,,1,1_4301779,1_4301779,1_4301779
1,4300712,1,,4300712,4300712,4,,,,0,2019-03-26,,,1,1_4300712,1_4300712,1_4300712
1,4301828,1,,4301828,4301828,28,,,,0,2019-03-27,,,1,1_4301828,1_4301828,1_4301828
1,4301829,1,,4301829,4301829,39,,,,0,2019-03-28,,,1,1_4301829,1_4301829,1_4301829
1,4301830,1,,4301830,4301830,12,,,,0,2019-03-28,,,1,1_4301830,1_4301830,1_4301830
1,4301831,1,,4301831,4301831,2,,,,0,2019-04-15,,,1,1_4301831,1_4301831,1_4301831
1,4301832,1,,4301832,4301832,9,,,,0,2019-04-16,,,1,1_4301832,1_4301832,1_4301832
1,4000401,1,,4000401,4000401,77,,,,0,1997-06-09,,,1,1_4000401,1_4000401,1_4000401
1,4301324,1,,4301324,4301324,28,0,,,0,2005-02-25,,,1,1_4301324,1_4301324,1_4301324
1,4000759,1,,4000759,4000759,,,,,0,2019-10-28,,,1,1_4000759,1_4000759,1_4000759
1,4000760,1,,4000760,4000760,,,,,0,2019-11-07,,,1,1_4000760,1_4000760,1_4000760
1,4301835,1,,4301835,4301835,50,,,,0,2019-11-14,,,1,1_4301835,1_4301835,1_4301835
1,4301836,1,,4301836,4301836,,,,,0,2020-01-08,,,1,1_4301836,1_4301836,1_4301836
1,4000761,1,,4000761,4000761,,,,,0,2020-01-08,,,1,1_4000761,1_4000761,1_4000761
1,4301837,1,,4301837,4301837,9,,,,0,2020-02-14,,,1,1_4301837,1_4301837,1_4301837
1,4000762,1,,4000762,4000762,,,,,0,2020-02-18,,,1,1_4000762,1_4000762,1_4000762
1,4000623,1,,4000623,4000623,,,,,1,2007-02-01,2020-02-18,,1,1_4000623,1_4000623,1_4000623
1,4300271,1,,4300271,4300271,5,S,,,1,1995-11-14,2020-02-18,,1,1_4300271,1_4300271,1_4300271
1,4301838,1,,4301838,4301838,10,,,,0,2020-04-15,,,1,1_4301838,1_4301838,1_4301838
1,4100992,1,,4100992,4100992,,,,,0,2020-04-23,,,1,1_4100992,1_4100992,1_4100992
1,4000765,1,,4000765,4000765,,,,,0,2020-06-03,,,1,1_4000765,1_4000765,1_4000765
1,4301839,1,,4301839,4301839,77,,,,0,2020-06-19,,,1,1_4301839,1_4301839,1_4301839
1,4301840,1,,4301840,4301840,50,,,,0,2020-07-06,,,1,1_4301840,1_4301840,1_4301840
1,4000766,1,,4000766,4000766,,,,,0,2020-07-09,,,1,1_4000766,1_4000766,1_4000766
1,4000422,1,,4000422,4000422,77,,,,0,1996-05-29,,,1,1_4000422,1_4000422,1_4000422
1,4000767,1,,4000767,4000767,,,,,0,2020-07-30,,,1,1_4000767,1_4000767,1_4000767
1,4301841,1,,4301841,4301841,,,,,0,2020-09-01,,,1,1_4301841,1_4301841,1_4301841
1,4000769,1,,4000769,4000769,,,,,0,2020-09-14,,,1,1_4000769,1_4000769,1_4000769
1,4301843,1,,4301843,4301843,28,,,,0,2020-09-21,,,1,1_4301843,1_4301843,1_4301843
1,4300981,1,,4300981,4300981,22,0,,,1,1995-11-20,2020-09-21,,1,1_4300981,1_4300981,1_4300981
1,4301844,1,,4301844,4301844,5,,,,0,2020-10-01,,,1,1_4301844,1_4301844,1_4301844
1,4300220,1,,4300220,4300220,4,NO VISITA,,,1,1995-11-14,2020-10-05,,1,1_4300220,1_4300220,1_4300220
1,4300735,1,,4300735,4300735,48,0,,,1,1995-11-20,2020-10-08,,1,1_4300735,1_4300735,1_4300735
1,4000771,1,,4000771,4000771,,,,,0,2020-10-16,,,1,1_4000771,1_4000771,1_4000771
1,4301846,1,,4301846,4301846,39,,,,0,2020-11-06,,,1,1_4301846,1_4301846,1_4301846
1,4301847,1,,4301847,4301847,17,,,,0,2020-11-10,,,1,1_4301847,1_4301847,1_4301847
1,4301848,1,,4301848,4301848,10,,,,0,2020-11-20,,,1,1_4301848,1_4301848,1_4301848
1,4000773,1,,4000773,4000773,,,,,0,2020-12-01,,,1,1_4000773,1_4000773,1_4000773
1,4000772,1,,4000772,4000772,,,,,0,2020-12-03,,,1,1_4000772,1_4000772,1_4000772
1,4300069,1,,4300069,4300069,80,0,,,1,1995-11-13,2020-12-09,,1,1_4300069,1_4300069,1_4300069
1,4300263,1,,4300263,4300263,8,0,,,1,2003-07-31,2020-12-09,,1,1_4300263,1_4300263,1_4300263
1,4000789,1,,4000789,4000789,,,,,0,2023-06-16,,,1,1_4000789,1_4000789,1_4000789
1,4300692,1,,4300692,4300692,13,0,,,1,2003-06-18,2020-12-08,,1,1_4300692,1_4300692,1_4300692
1,4300849,1,,4300849,4300849,,,,,1,2007-12-10,2020-12-10,,1,1_4300849,1_4300849,1_4300849
1,4301064,1,,4301064,4301064,4,A,,,1,1995-11-21,2020-12-10,,1,1_4301064,1_4301064,1_4301064
1,4301168,1,,4301168,4301168,43,0,,,1,1997-03-17,2020-12-10,,1,1_4301168,1_4301168,1_4301168
1,4301849,1,,4301849,4301849,4,,,,0,2021-01-20,,,1,1_4301849,1_4301849,1_4301849
1,4000776,1,,4000776,4000776,,,,,0,2021-02-12,,,1,1_4000776,1_4000776,1_4000776
1,4301851,1,,4301851,4301851,3,,,,0,2021-04-06,,,1,1_4301851,1_4301851,1_4301851
1,4301842,1,,4301842,4301842,5,,,,0,2020-09-09,,,1,1_4301842,1_4301842,1_4301842
1,4301853,1,,4301853,4301853,,,,,0,2021-05-27,,,1,1_4301853,1_4301853,1_4301853
1,4000780,1,,4000780,4000780,,,,,0,2021-07-19,,,1,1_4000780,1_4000780,1_4000780
1,4301854,1,,4301854,4301854,10,,,,0,2021-07-30,,,1,1_4301854,1_4301854,1_4301854
1,4301080,1,,4301080,4301080,47,0,,,1,1995-11-21,2021-09-22,,1,1_4301080,1_4301080,1_4301080
1,4300107,1,,4300107,4300107,5,A,,22/09/202,1,1995-11-13,,,1,1_4300107,1_4300107,1_4300107
1,4000243,1,,4000243,4000243,77,,,,0,1996-06-18,,,1,1_4000243,1_4000243,1_4000243
1,4301855,1,,4301855,4301855,28,,,,0,2021-11-05,,,1,1_4301855,1_4301855,1_4301855
1,4301856,1,,4301856,4301856,4,,,,0,2021-11-08,,,1,1_4301856,1_4301856,1_4301856
1,4301857,1,,4301857,4301857,17,,,,0,2021-12-14,,,1,1_4301857,1_4301857,1_4301857
1,4301858,1,,4301858,4301858,46,,,,0,2022-01-21,,,1,1_4301858,1_4301858,1_4301858
1,4301585,1,,4301585,4301585,6,,A,,1,2007-07-19,2022-04-19,,1,1_4301585,1_4301585,1_4301585
1,4301859,1,,4301859,4301859,17,,,,0,2022-04-27,,,1,1_4301859,1_4301859,1_4301859
1,4301283,1,,4301283,4301283,6,0,,,1,1999-06-02,2022-04-27,,1,1_4301283,1_4301283,1_4301283
1,4301860,1,,4301860,4301860,5,,,,0,2022-05-03,,,1,1_4301860,1_4301860,1_4301860
1,4300678,1,,4300678,4300678,5,S,,,1,1995-11-20,2022-05-25,,1,1_4300678,1_4300678,1_4300678
1,4301537,1,,4301537,4301537,6,A,,,0,2006-03-29,,,1,1_4301537,1_4301537,1_4301537
1,4301539,1,,4301539,4301539,50,A,,,1,2006-05-03,2022-07-19,,1,1_4301539,1_4301539,1_4301539
1,4301861,1,,4301861,4301861,6,,,,0,2022-08-31,,,1,1_4301861,1_4301861,1_4301861
1,4301527,1,,4301527,4301527,48,A,,,1,2006-02-01,2022-09-27,,1,1_4301527,1_4301527,1_4301527
1,4301862,1,,4301862,4301862,22,,,,0,2022-10-05,,,1,1_4301862,1_4301862,1_4301862
1,4301863,1,,4301863,4301863,,,,,0,2022-11-04,,,1,1_4301863,1_4301863,1_4301863
1,4301864,1,,4301864,4301864,43,,,,0,2022-11-18,,,1,1_4301864,1_4301864,1_4301864
1,4301024,1,,4301024,4301024,43,0,,,0,1996-11-26,,4301024,1,1_4301024,1_4301024,1_4301024
1,4301865,1,,4301865,4301865,7,,,,0,2022-12-19,,,1,1_4301865,1_4301865,1_4301865
1,4000785,1,,4000785,4000785,,,,,0,2023-02-14,,,1,1_4000785,1_4000785,1_4000785
1,4000786,1,,4000786,4000786,,,,,0,2023-02-15,,,1,1_4000786,1_4000786,1_4000786
1,4301866,1,,4301866,4301866,,,,,0,2023-03-10,,,1,1_4301866,1_4301866,1_4301866
1,4000787,1,,4000787,4000787,,,,,0,2023-03-15,,,1,1_4000787,1_4000787,1_4000787
1,4000478,1,,4000478,4000478,77,,,,0,1999-02-10,,,1,1_4000478,1_4000478,1_4000478
1,4301867,1,,4301867,4301867,,,,,0,2023-03-21,,,1,1_4301867,1_4301867,1_4301867
1,4301868,1,,4301868,4301868,28,,,,0,2023-05-12,,,1,1_4301868,1_4301868,1_4301868
1,4301869,1,,4301869,4301869,36,,,,0,2023-05-23,,,1,1_4301869,1_4301869,1_4301869
1,4300637,1,,4300637,4300637,50,S,,,0,1995-11-16,,,1,1_4300637,1_4300637,1_4300637
1,4300211,1,,4300211,4300211,5,A,,,1,1995-11-14,2023-06-27,,1,1_4300211,1_4300211,1_4300211
1,4301870,1,,4301870,4301870,,,,,0,2023-07-07,,,1,1_4301870,1_4301870,1_4301870
1,4000790,1,,4000790,4000790,,,,,0,2023-07-12,,,1,1_4000790,1_4000790,1_4000790
1,4301377,1,,4301377,4301377,46,0,,,1,2000-06-20,2023-10-31,,1,1_4301377,1_4301377,1_4301377
1,4301006,1,,4301006,4301006,10,0,,,1,1996-11-26,2023-10-31,,1,1_4301006,1_4301006,1_4301006
1,4301872,1,,4301872,4301872,81,,,,0,2023-12-19,,,1,1_4301872,1_4301872,1_4301872
1,4301873,1,,4301873,4301873,10,,,,0,2024-01-02,,,1,1_4301873,1_4301873,1_4301873
1,4301609,1,,4301609,4301609,9,0,,,0,2008-05-28,,"",1,1_4301609,1_4301609,1_4301609
1,4301875,1,,4301875,4301875,17,,,,0,2024-01-17,,,1,1_4301875,1_4301875,1_4301875
1,4301097,1,,4301097,4301097,4,S,,,1,1996-07-11,2024-03-15,,1,1_4301097,1_4301097,1_4301097
1,4301876,1,,4301876,4301876,1,,,,0,2024-01-17,,,1,1_4301876,1_4301876,1_4301876
1,4301877,1,,4301877,4301877,41,,,,0,2024-02-05,,,1,1_4301877,1_4301877,1_4301877
1,4000792,1,,4000792,4000792,,,,,0,2024-02-06,,,1,1_4000792,1_4000792,1_4000792
1,4301878,1,,4301878,4301878,,,,,0,2024-02-08,,,1,1_4301878,1_4301878,1_4301878
1,4301879,1,,4301879,4301879,2,,,,0,2024-02-16,,,1,1_4301879,1_4301879,1_4301879
1,4300703,1,,4300703,4300703,,,,,0,2015-06-12,2023-12-31,,1,1_4300703,1_4300703,1_4300703
1,4301026,1,,4301026,4301026,41,0,,,1,1996-07-16,2024-04-25,,1,1_4301026,1_4301026,1_4301026
1,4301871,1,,4301871,4301871,50,,,,0,2023-12-14,,,1,1_4301871,1_4301871,1_4301871
1,4301881,1,,4301881,4301881,,,,,0,2024-05-06,,,1,1_4301881,1_4301881,1_4301881
1,4000794,1,,4000794,4000794,,,,,0,2024-05-10,,,1,1_4000794,1_4000794,1_4000794
1,4000793,1,,4000793,4000793,,,,,0,2024-05-16,,,1,1_4000793,1_4000793,1_4000793
1,4000796,1,,4000796,4000796,,,,,0,2024-05-22,,,1,1_4000796,1_4000796,1_4000796
1,4301882,1,,4301882,4301882,48,,,,0,2024-05-29,,,1,1_4301882,1_4301882,1_4301882
1,4000797,1,,4000797,4000797,,,,,0,2024-05-30,,,1,1_4000797,1_4000797,1_4000797
1,4301659,1,,4301659,4301659,28,,,,1,2024-07-02,,,1,1_4301659,1_4301659,1_4301659
