empresa,subcta,tipo_obs,numero_obs,observacion,usuarientrada,dataalta,empresa_id,subcta_id,name
1,4300752,10,1,UNA FACTURA A FINAL DE MES - DEBEN RECIBIR ANTES DIA 10,,2014-09-03,1,1_4300752,1_4300752_10_1
1,4000373,2,2,"                          8  KGx 9,07euros=79.66euros(50Kg)",,2014-09-03,1,1_4000373,1_4000373_2_2
1,4301103,99,1,**MOROSO**TIENEN DEUDA**,,2014-09-03,1,1_4301103,1_4301103_99_1
1,4301072,99,1,INDICAR EN FACTURAS Y ALBARANES No. PEDIDO Y SECCION.,,2014-09-03,1,1_4301072,1_4301072_99_1
1,4301190,99,1,FACTURACION QUINCENAL,,2014-09-03,1,1_4301190,1_4301190_99_1
1,4301526,90,1,MANDAR FRA EN FORMATO PDF  MAX. 1 SEMANA DESPUES ENTREGA,,2014-09-03,1,1_4301526,1_4301526_90_1
1,4000473,2,1,01/03/2002 TEL. SR. ALFONSO PACHECO,,2014-09-03,1,1_4000473,1_4000473_2_1
1,4300059,1,1,HORARIO DE 8H-13H /15H-18H,,2014-09-03,1,1_4300059,1_4300059_1_1
1,4300059,91,1,***CERRADO- VSTA.JSF 06/03/2003***,,2014-09-03,1,1_4300059,1_4300059_91_1
1,4300100,90,2,TIENEN DEUDA PENDIENTE.***MOROSOS***,,2014-09-03,1,1_4300100,1_4300100_90_2
1,4301166,91,1,**2002-CARTA DEVUELTA-DESCONOCIDO**,,2014-09-03,1,1_4301166,1_4301166_91_1
1,4301302,90,1,**MOROSO**TIENEN DEUDA**,,2014-09-03,1,1_4301302,1_4301302_90_1
1,4300665,2,1,"HORARIO 7H - 13,30H Y 15H -18H",,2014-09-03,1,1_4300665,1_4300665_2_1
1,4301208,2,1,**OTRA EMPRESA DE R.E.C.O.**,,2014-09-03,1,1_4301208,1_4301208_2_1
1,4300002,10,2,QUEDARIA A 21PTAS-ACTUALMENTE LOS IMPORTAN DE ALLPLAS (D),,2014-09-03,1,1_4300002,1_4300002_10_2
1,4301152,10,3,CUMES (4301462),,2014-09-03,1,1_4301152,1_4301152_10_3
1,4300932,10,1,FACTURA POR PEDIDO,,2014-09-03,1,1_4300932,1_4300932_10_1
1,4000682,11,1,HORARIO ALMACEN 10:30-14:00 y DE 15:00-17:00,inagasa2,2014-11-18,1,1_4000682,1_4000682_11_1
1,4300890,91,1,ALBARANES VALORADOS,,2014-09-03,1,1_4300890,1_4300890_91_1
1,4301026,15,1,EXTENGUIDA EN 2013,inagasa2,2024-04-25,1,1_4301026,1_4301026_15_1
1,4301103,99,2,"PENDIENTE 4.542,38.-EUROS",,2014-09-03,1,1_4301103,1_4301103_99_2
1,4000373,2,3,"DOSIFICADOR 46,46euros (regalo comprando 2 cartuchos)",,2014-09-03,1,1_4000373,1_4000373_2_3
1,4301359,99,1,"PENDIENTE 253,92.-EUROS",,2014-09-03,1,1_4301359,1_4301359_99_1
1,4000373,2,4,"DOSIFICADOR 22,18euros para la pasta blanca que utilizamos",,2014-09-03,1,1_4000373,1_4000373_2_4
1,4301493,11,1,"HORARIO DE 8H-13H, 14,5H-17,5H",,2014-09-03,1,1_4301493,1_4301493_11_1
1,4301015,90,1,**DSS OJO ¡¡¡¡¡ PROXIMA VENTA CONTADO 50% PEDIDO 50% ENTREGA,,2014-09-03,1,1_4301015,1_4301015_90_1
1,4301498,90,2,"DEBEN FRA.40743 VTO.30/03/2005 1.408,82.-EUR",,2014-09-03,1,1_4301498,1_4301498_90_2
1,4301259,91,2,**ANTES ERAN CROMADOS BARCELONA,,2014-09-03,1,1_4301259,1_4301259_91_2
1,4000479,90,1,MEDIDA MAXIMA 3000x1500x10,,2014-09-03,1,1_4000479,1_4000479_90_1
1,4301135,2,1,"TRABAJAN PARA CASA- DEDICACION AERONAUTICA, ASCENSORES ETC",,2014-09-03,1,1_4301135,1_4301135_2_1
1,4301135,2,2,NO TIENEN BAÑOS.,,2014-09-03,1,1_4301135,1_4301135_2_2
1,4301021,91,1,**OJO MOROSO**,,2014-09-03,1,1_4301021,1_4301021_91_1
1,4301035,91,1,**2002-CARTA DEVUELTA SE AUSENTARON**,,2014-09-03,1,1_4301035,1_4301035_91_1
1,4301035,91,2,UNICA COMPRA AÑO 1992 UN TROZO DE TITANIO,,2014-09-03,1,1_4301035,1_4301035_91_2
1,4301137,1,1,HORARIO DE 8H - 17H,,2014-09-03,1,1_4301137,1_4301137_1_1
1,4300381,91,1,**1999 CARTA DEVUELTA- MARCHO**,,2014-09-03,1,1_4300381,1_4300381_91_1
1,4301011,91,1,**2002 CARTA DEVUELTA-MARCHO**,,2014-09-03,1,1_4301011,1_4301011_91_1
1,4301118,91,1,*** CERRO ***,,2014-09-03,1,1_4301118,1_4301118_91_1
1,4300106,2,1,30/05/2001 EMPRESA ADQUIRADA TOTALMENTE POR EL GRUPO,,2014-09-03,1,1_4300106,1_4300106_2_1
1,4300100,90,1,**HAN HECHO VARIAS VECES SUSPENSION DE PAGOS,,2014-09-03,1,1_4300100,1_4300100_90_1
1,4300795,91,1,**2002-CARTA DEVUELTA-MARCHO**,,2014-09-03,1,1_4300795,1_4300795_91_1
1,4000021,1,1,"COBRAN FINANCIACION DE 3,6% A 90 DIAS",,2014-09-03,1,1_4000021,1_4000021_1_1
1,4300715,91,1,**2002 CARTA DEVUELTA- MARCHO**,,2014-09-03,1,1_4300715,1_4300715_91_1
1,4301185,99,2,DE PAGO AMB LA MONTSERRAT.,,2014-09-03,1,1_4301185,1_4301185_99_2
1,4300722,1,1,JUBILADO,,2014-09-03,1,1_4300722,1_4300722_1_1
1,4301373,91,1,**LOS DOS BASTIDORES PROTOTIPOS NO LO PAGO**,,2014-09-03,1,1_4301373,1_4301373_91_1
1,4301250,2,1,EMPLEADOS DE (COEL).,,2014-09-03,1,1_4301250,1_4301250_2_1
1,4300087,10,1,ADELANTAR FRA. POR FAX.,,2014-09-03,1,1_4300087,1_4300087_10_1
1,4301250,91,1,**CERRO** JUNIO/2002,,2014-09-03,1,1_4301250,1_4301250_91_1
1,4300022,90,1,***CERRARON---CONTINUA LA FIRMA FOLDIER***,,2014-09-03,1,1_4300022,1_4300022_90_1
1,4300974,10,1,JSF HAN CERRADO BAÑOS,,2014-09-03,1,1_4300974,1_4300974_10_1
1,4301066,91,1,**1999-CARTA DEVUELTA-MARCHO-**,,2014-09-03,1,1_4301066,1_4301066_91_1
1,4301160,91,1,**1999-2002-CARTAS DEVUELTAS-MARCHO-DESCONOCIDO**,,2014-09-03,1,1_4301160,1_4301160_91_1
1,4300204,91,1,**2002-CARTA DEVUELTA SE AUSENTARON**,,2014-09-03,1,1_4300204,1_4300204_91_1
1,4300586,90,1,***EMPRESA CERRADA***,,2014-09-03,1,1_4300586,1_4300586_90_1
1,4300044,90,1,**1999 CARTA DEVUELTA- MARCHO- **,,2014-09-03,1,1_4300044,1_4300044_90_1
1,4000478,2,1,ENTREGAS - MARTES Y JUEVES,,2014-09-03,1,1_4000478,1_4000478_2_1
1,4301239,91,1,**2004-CARTA DEVUELTA-DESCONOCIDO**,,2014-09-03,1,1_4301239,1_4301239_91_1
1,4301053,90,1,***DESAPARECIDO***MOROSO**TIENEN DEUDA**,,2014-09-03,1,1_4301053,1_4301053_90_1
1,4300890,91,2,HACER FACTURA MAXIMO 5 DIAS DESPUES DE LA ENTREGA,,2014-09-03,1,1_4300890,1_4300890_91_2
1,4300890,91,3,ADELANTAR FACTURA POR FAX,,2014-09-03,1,1_4300890,1_4300890_91_3
1,4302069,91,1,**1999-CARTA DEVUELTA-MARCHO**,,2014-09-03,1,1_4302069,1_4302069_91_1
1,4301043,90,1,"DEBEN FRA.5005 VTO.15/04/2005 92,57.-EUR.",,2014-09-03,1,1_4301043,1_4301043_90_1
1,4301101,91,1,**1999-2002 CARTAS DEVUELTAS-DESCONOCIDO**,,2014-09-03,1,1_4301101,1_4301101_91_1
1,4301022,10,1,RECIBIR FRAS. MAXIMO DIA 5 DEL MES SIGUIENTE.,,2014-09-03,1,1_4301022,1_4301022_10_1
1,4301259,91,1,**13/03/03 JSF HAN CERRADO HACE DOS AÑOS,,2014-09-03,1,1_4301259,1_4301259_91_1
1,4301088,90,1,**CERRADO**,,2014-09-03,1,1_4301088,1_4301088_90_1
1,4300351,10,1,DELEGACION DE RAFOLS (1161) **CERRO**,,2014-09-03,1,1_4300351,1_4300351_10_1
1,4301165,90,1,UNA FACTURA FINAL DE MES,,2014-09-03,1,1_4301165,1_4301165_90_1
1,4300924,90,1,"LA INSTALACION SE LA HA COMPRADO OROMIPUL, FIRMA QUE ACTUAL-",,2014-09-03,1,1_4300924,1_4300924_90_1
1,4000126,2,1,CERTIFICADO ISO,,2014-09-03,1,1_4000126,1_4000126_2_1
1,4301094,99,1,"PENDENT DE COBRAR 917,41.-Eur.(POSIBLE SUSPENSIO DE PAGAMENT",,2014-09-03,1,1_4301094,1_4301094_99_1
1,4300704,90,1,**EMPRESA CERRADA**,,2014-09-03,1,1_4300704,1_4300704_90_1
1,4300580,90,1,***QUIEBRA***,,2014-09-03,1,1_4300580,1_4300580_90_1
1,4301387,91,2,ADELANTAR POR FAX 916180412,,2014-09-03,1,1_4301387,1_4301387_91_2
1,4301268,11,1,"HORARIO CARGA/DESCARGA 8-12,45 y 14,30-18,30",,2014-09-03,1,1_4301268,1_4301268_11_1
1,4301099,91,1,**CERRO**,,2014-09-03,1,1_4301099,1_4301099_91_1
1,4300746,1,1,ANTES -CONIQUEL-,,2014-09-03,1,1_4300746,1_4300746_1_1
1,4300784,90,1,***EMPRESA CERRADA*** TIENEN DEUDA PENDIENTE,,2014-09-03,1,1_4300784,1_4300784_90_1
1,4300820,90,1,****ESTA COMO MOROSO****,,2014-09-03,1,1_4300820,1_4300820_90_1
1,4300846,90,1,***HAN CERRADO BAÑOS*** TIENEN DEUDA PENDIENTE,,2014-09-03,1,1_4300846,1_4300846_90_1
1,4301127,11,1,24/03/2006 JORDI MANONELLAS QUEDAMOS EN OFERTAR A GAS GAS,,2014-09-03,1,1_4301127,1_4301127_11_1
1,4301075,90,1,*****CERRO ES MOROSO*****,,2014-09-03,1,1_4301075,1_4301075_90_1
1,4300276,1,1,*****ANTES GALVANOTECNIA MONTESINOS S.L.*****,,2014-09-03,1,1_4300276,1_4300276_1_1
1,4301492,11,1,INFORMA EL SR.GARCIA-TECNIRE QUE LE DEBE DINERO.PRECAUCION,,2014-09-03,1,1_4301492,1_4301492_11_1
1,4300924,91,1,MENTE ESTA EN LA MISMA DIRECCION.,,2014-09-03,1,1_4300924,1_4300924_91_1
1,4301132,90,1,FACTURA A FINAL DE MES,,2014-09-03,1,1_4301132,1_4301132_90_1
1,4300673,90,1,**CERRADO**,,2014-09-03,1,1_4300673,1_4300673_90_1
1,4301055,91,1,LINEAS PARADAS,,2014-09-03,1,1_4301055,1_4301055_91_1
1,4300878,10,1,UNA FACTURA FINAL DE MES (DIA 30),,2014-09-03,1,1_4300878,1_4300878_10_1
1,4301085,10,1,FACTURA FINAL DE MES,,2014-09-03,1,1_4301085,1_4301085_10_1
1,4301086,91,1,HAN CERRADO,,2014-09-03,1,1_4301086,1_4301086_91_1
1,4300867,90,2,**20002-CARTA DEVUELTA-MARCHO-,,2014-09-03,1,1_4300867,1_4300867_90_2
1,4301462,10,1,VIENEN DE TECNOLOGIA 9001 -EMPRESA CERRADA-,,2014-09-03,1,1_4301462,1_4301462_10_1
1,4000430,1,1,HORARIO 8H-13 1/2H / 15H-18H,,2014-09-03,1,1_4000430,1_4000430_1_1
1,4000379,1,1,HORARIO 8H - 13 1/2H -  15H - 18H,,2014-09-03,1,1_4000379,1_4000379_1_1
1,4300194,91,2,SEPTIEMBRE/13 FUERA DE CONCURSO ACREEDORES,,2014-09-03,1,1_4300194,1_4300194_91_2
1,4300643,99,1,FACTURA POR PEDIDO,,2014-09-03,1,1_4300643,1_4300643_99_1
1,4300947,90,1,**TIENE DEUDA PENDIENTE**,,2014-09-03,1,1_4300947,1_4300947_90_1
1,4301128,99,1,FACTURA FINAL MES,,2014-09-03,1,1_4301128,1_4301128_99_1
1,4300055,10,1,"JSF HAN QUITADO LOS BAÑOS, SE LO HACE GUEMAR",,2014-09-03,1,1_4300055,1_4300055_10_1
1,4301082,90,1,**HAN CERRADO**,,2014-09-03,1,1_4301082,1_4301082_90_1
1,4000183,2,1,HORARIO VIERNES 8H-15H,,2014-09-03,1,1_4000183,1_4000183_2_1
1,4000338,1,1,HORARIO DE LUNES-JUEVES 8 1/2-13 15-19  VIERNES 8 1/2-15,,2014-09-03,1,1_4000338,1_4000338_1_1
1,4300377,10,1,TALLER MECANICO.FABRICACION MAQUINARIA/UTILES ESPECIALES,,2014-09-03,1,1_4300377,1_4300377_10_1
1,4301030,2,2,"CROMO, PLATA, LATONADO, DORADO, LACADO ELECTROLITICO.",,2014-09-03,1,1_4301030,1_4301030_2_2
1,4301425,1,1,GRUPO **CROPU**,,2014-09-03,1,1_4301425,1_4301425_1_1
1,4301428,2,1,TRABAJADORES QUE VIENEN DE MUBERMAN-AICO HORNOS INDS-COEL,,2014-09-03,1,1_4301428,1_4301428_2_1
1,4301164,11,1,HORARIO CARGA DESCARGA 8-20H,,2014-09-03,1,1_4301164,1_4301164_11_1
1,4300725,2,1,hororio descarga 8h-13h 15h-17h *viernes solo mañanas,,2014-09-03,1,1_4300725,1_4300725_2_1
1,4301438,90,1,"PAGADA FRA.40687 VTO.20/03/2005 556,81.-EUR. 11/04/2005",,2014-09-03,1,1_4301438,1_4301438_90_1
1,4000373,2,1,"PASTA MECANICO C/ABRASIVO 3,5KGx13,56euros=47,46euros(20Kg)",,2014-09-03,1,1_4000373,1_4000373_2_1
1,4000152,1,1,*CERRO POR QUIEBRA*,,2014-09-03,1,1_4000152,1_4000152_1_1
1,4000378,1,1,ENVIOS POR AGENCIA MSS TEL. 7103800,,2014-09-03,1,1_4000378,1_4000378_1_1
1,4000378,2,1,"26/11/97 TUERCA TITA DIN-934 M-6 A 99PTAS , M-8 A 110PTAS",,2014-09-03,1,1_4000378,1_4000378_2_1
1,4000191,1,1,MEDIDAS UTILES PLATINIZADO 640x200x400mm,,2014-09-03,1,1_4000191,1_4000191_1_1
1,4301263,90,1,PROXIMA OPERACION ANTES CONFIRMAR FORMA DE PAGO,,2014-09-03,1,1_4301263,1_4301263_90_1
1,4300346,10,1,*HA CERRADO LOS BA?OS*,,2014-09-03,1,1_4300346,1_4300346_10_1
1,4300012,99,1,UNA FACTURA AL MES (PAGA EL DIA 27),,2014-09-03,1,1_4300012,1_4300012_99_1
1,4301186,91,1,**MOROSO**,,2014-09-03,1,1_4301186,1_4301186_91_1
1,4000378,2,2,"TORNILLO TITA DIN-933 M-6x30 A 237, M-8x30 A 275PTAS",,2014-09-03,1,1_4000378,1_4000378_2_2
1,4000378,2,3,DESCUENTO ESPECIAL DEL 8% EN TODA LA TORNILLERIA,,2014-09-03,1,1_4000378,1_4000378_2_3
1,4301145,2,1,SUMINISTRA PRODUCTOS QUIMICOS,,2014-09-03,1,1_4301145,1_4301145_2_1
1,4301424,2,1,CERRARON SOCIO AHORA EN QUIMILOGIC,,2014-09-03,1,1_4301424,1_4301424_2_1
1,4301301,2,1,CIRCUITOS IMPRESOS,,2014-09-03,1,1_4301301,1_4301301_2_1
1,4300855,99,1,ALBARAN CON COPIA AMARILLA DEL PEDIDO,,2014-09-03,1,1_4300855,1_4300855_99_1
1,4300855,99,2,UNA FACTURA MENSUAL,,2014-09-03,1,1_4300855,1_4300855_99_2
1,4300001,99,1,FACTURAR BASTIDORES POR UN LADO Y RESTO MATERIALES POR OTRO.,,2014-09-03,1,1_4300001,1_4300001_99_1
1,4000027,2,1,"HORARIO AGOSTO/99 LUNES/VIERNES 8,30 A 13,00 16,00 A 20,00",,2014-09-03,1,1_4000027,1_4000027_2_1
1,4301037,2,1,GRUPO CROPU,,2014-09-03,1,1_4301037,1_4301037_2_1
1,4301461,91,1,FACTURAR AGRUPARLAS POR LOS PEDIDOS QUE LA NUMERACION DE LOS,,2014-09-03,1,1_4301461,1_4301461_91_1
1,4000066,2,1,HORARIO 8-13  15-18,,2014-09-03,1,1_4000066,1_4000066_2_1
1,4000531,2,1,HORARIO 8H - 18H,,2014-09-03,1,1_4000531,1_4000531_2_1
1,4301106,2,1,VIDA ESTIMADA 20000H - 5AÑOS - 12H DIARIAS/MEDIA,,2014-09-03,1,1_4301106,1_4301106_2_1
1,4000273,2,1,BURBUJA 1600mm= 360MTRS2 DIAM.6,,2014-09-03,1,1_4000273,1_4000273_2_1
1,4000273,3,1,BURBUJA 1600mm= 240MTRS2 DIAM.8,,2014-09-03,1,1_4000273,1_4000273_3_1
1,4300811,11,1,*** JSF CERRADA 2013 ***,inagasa2,2015-09-15,1,1_4300811,1_4300811_11_1
1,4301017,90,2,ALB.ENTREGADOS DESPUES DEL DIA 25 MES SIGUIENTE.,,2014-09-03,1,1_4301017,1_4301017_90_2
1,4301017,90,3,ALBARANES CON No.PEDIDO.,,2014-09-03,1,1_4301017,1_4301017_90_3
1,4301520,90,1,FACTURA FINAL DE MES - ADELANTAR POR FAX.,,2014-09-03,1,1_4301520,1_4301520_90_1
1,4000312,2,1,HORARIO DE 8 1/2- 13H  14H-18H,,2014-09-03,1,1_4000312,1_4000312_2_1
1,4000401,1,1,"08/07/97 NUEVOS PRECIO PARA: PIVOTE A 330, PLACA A 360",,2014-09-03,1,1_4000401,1_4000401_1_1
1,4000401,2,1,19/09/97 PRECIOS TUERCAS DIN-934 M-8 A 40 Y M-6 A 38,,2014-09-03,1,1_4000401,1_4000401_2_1
1,4000401,3,1,24/09/97 CONJUNTO SEPARADOR PVDF A 1525 Y TORNILLO A 185,,2014-09-03,1,1_4000401,1_4000401_3_1
1,4000401,4,1,"17/07/98 PIVOTE A 425, PLACA A 360.",,2014-09-03,1,1_4000401,1_4000401_4_1
1,4301417,11,1,22/10/07 JSF EMPRESA CERRADA,,2014-09-03,1,1_4301417,1_4301417_11_1
1,4000033,2,1,"01/07/98 MALLA 10x5x1,5x1 650x500 (I.D.ELECTROQUIMICA)",,2014-09-03,1,1_4000033,1_4000033_2_1
1,4000033,2,2,"PRECIOS P/SERIE DE 78 A 490,-PTAS C/U.- PARA 100 A 450,-PTAS",,2014-09-03,1,1_4000033,1_4000033_2_2
1,4000033,2,3,"PARA 200 A 300,-PTAS C/U.- PARA 300 A 250,-PTAS C/U.",,2014-09-03,1,1_4000033,1_4000033_2_3
1,4000033,3,1,"HORARIO 8-13  14,30-17,30  VIERNES 8-13",,2014-09-03,1,1_4000033,1_4000033_3_1
1,4000302,2,1,"OFERTA PARA 50 CAJAS D/D 550x550x600 A 360,-PTAS C/U.",,2014-09-03,1,1_4000302,1_4000302_2_1
1,4301413,1,1,COMPRAN A TRAVES DE NALCO ESPAÑOLA,,2014-09-03,1,1_4301413,1_4301413_1_1
1,4300571,11,1,JSF- SE LO QUEDA FREIVER SCCP,,2014-09-03,1,1_4300571,1_4300571_11_1
1,4300989,99,2,03/05/06-COBRADA FRA. 50673,,2014-09-03,1,1_4300989,1_4300989_99_2
1,4300988,2,1,ANTES MUYSER- PERTENECEN AL GRUPO RAYMA,,2014-09-03,1,1_4300988,1_4300988_2_1
1,4000249,91,1,16/10/2002 FACTURA QUE NO SUPERE LOS 126.21 EUROS HACEN,,2014-09-03,1,1_4000249,1_4000249_91_1
1,4301403,11,1,**JSF CERRADA**,,2014-09-03,1,1_4301403,1_4301403_11_1
1,4300762,91,1,TRABAJADORES PASAN A MUBERMAN,,2014-09-03,1,1_4300762,1_4300762_91_1
1,4000027,2,2,"SABADO 9,00 A 13,30",,2014-09-03,1,1_4000027,1_4000027_2_2
1,4300920,2,1,"MOBILIARIO COMERCIAL, 2 LINEAS ZINC ACIDO(BASTIDOR)",,2014-09-03,1,1_4300920,1_4300920_2_1
1,4000097,1,1,"HORARIO MA?ANA DE 8-13,30  DESAY 9-9,20 -TARDE 15,30 A 17,30",,2014-09-03,1,1_4000097,1_4000097_1_1
1,4000097,2,1,CERTIFICADO ISO 9002:1994 No.REGISTRO 97.0112,,2014-09-03,1,1_4000097,1_4000097_2_1
1,4300047,1,1,"HORARIO LUNES/JUEVES 8 A 13,45 - 15 A 17,30 VIERNES 8 A 14.",,2014-09-03,1,1_4300047,1_4300047_1_1
1,4000592,11,1,"SOLO MOTORES, REDUCTOR Y MOTOR-REDUCTOR A TRAVES SITI SA",,2014-09-03,1,1_4000592,1_4000592_11_1
1,4300002,10,1,19/06/98 FLOTADORES PP D45 PRECIO 23PTAS PVPL PARA NOSOTROS,,2014-09-03,1,1_4300002,1_4300002_10_1
1,4301015,90,2,"DEBEN FRA.40398 VTO.16/07/2004 871,68.-EUR.",,2014-09-03,1,1_4301015,1_4301015_90_2
1,4300111,90,1,"15/09/05-PENDENT COBRA FRA.50467 Vt.30/08/05  78,45.-Eur.",,2014-09-03,1,1_4300111,1_4300111_90_1
1,4300692,99,1,"PENDENT COBRO FRA.6002 Vt. 05/02/2006 IMPORT 416,15.-Eur.",,2014-09-03,1,1_4300692,1_4300692_99_1
1,4301484,91,1,FACTURA FINAL DE MES,,2014-09-03,1,1_4301484,1_4301484_91_1
1,4301274,10,2,DEBEN RECIBIR LAS FRAS.MAXIMO 10 DIAS DESPUES DEL MES QUE,,2014-09-03,1,1_4301274,1_4301274_10_2
1,4301026,2,1,"MANUEL GOMEZ BORRERO C/CARLOS MAR, 7 TEL.954180565 15,30 H.",,2014-09-03,1,1_4301026,1_4301026_2_1
1,4301026,2,2,41927 MAIRENA DEL ALJARAFE (SEVILLA),,2014-09-03,1,1_4301026,1_4301026_2_2
1,4301026,2,3,"ANTES TRABAJ.EN C.A.S.A., DICE QUE HA SIDO QUIEN NOS HA",,2014-09-03,1,1_4301026,1_4301026_2_3
1,4301026,2,4,FACILITADO FIFERENTES CONTACTOS. CONOCIA A CASAMIQUELA,,2014-09-03,1,1_4301026,1_4301026_2_4
1,4301114,2,1,*CERRO* LA LINEA LA HAN VENDIDO A UN CLIENTE CANARIO.,,2014-09-03,1,1_4301114,1_4301114_2_1
1,4310004,11,1,15/02/2005- JSF-CERRO,,2014-09-03,1,1_4310004,1_4310004_11_1
1,4301209,2,1,"LINEA ABS, PLATA",,2014-09-03,1,1_4301209,1_4301209_2_1
1,4301039,11,1,**JSF 15/04/2011**,,2014-09-03,1,1_4301039,1_4301039_11_1
1,4301274,10,1,ANODIZADO Y LACADO DE PERDILES,,2014-09-03,1,1_4301274,1_4301274_10_1
1,4301291,2,1,SUSCONTRATAN TRABAJOS A COEL(762),,2014-09-03,1,1_4301291,1_4301291_2_1
1,4000457,2,1,31/05/99 CORRESPONSAL MARITIMO/AEREO --- DANZAS,,2014-09-03,1,1_4000457,1_4000457_2_1
1,4301006,11,2,CERRO**,,2014-09-03,1,1_4301006,1_4301006_11_2
1,4301491,11,1,FEBR/11 CIERRAN Y PASAN A LLAMARSE LONAX BCN SL,,2014-09-03,1,1_4301491,1_4301491_11_1
1,4300726,99,1,"MANDAR FACTURA C/CASTILLEJOS, 199 -08013 BARCELONA-",,2014-09-03,1,1_4300726,1_4300726_99_1
1,4300749,11,1,**CERRO**,,2014-09-03,1,1_4300749,1_4300749_11_1
1,4301126,1,1,PASAR PREUS SR.TARABILLA,,2014-09-03,1,1_4301126,1_4301126_1_1
1,4301271,11,1,CR-NIQUEL-LATON,,2014-09-03,1,1_4301271,1_4301271_11_1
1,4301049,91,2,**TRABAJADORES DE ARBUCIES INDUSTRIAL**,,2014-09-03,1,1_4301049,1_4301049_91_2
1,4301049,91,1,**1999-2002 CARTAS DEVUELTAS-DESCONOCIDO**,,2014-09-03,1,1_4301049,1_4301049_91_1
1,4310075,11,1,ZINCADO,,2014-09-03,1,1_4310075,1_4310075_11_1
1,4301069,10,1,FACTURA MENSUAL,,2014-09-03,1,1_4301069,1_4301069_10_1
1,4000280,2,1,26/03/99 FAX-B110 Nº:EJS55157 ABONO MANTENIMIENTO 20.950+IVA,,2014-09-03,1,1_4000280,1_4000280_2_1
1,4000280,2,2,"26/03/99 HORA TRABAJO TECNICO 6925+IVA, DESPLAZAM. 5425+IVA",,2014-09-03,1,1_4000280,1_4000280_2_2
1,4300048,99,1,FACTURA QUINCENAL,,2014-09-03,1,1_4300048,1_4300048_99_1
1,4301368,2,1,ANTES REDI-DANIEL S.A. DE REFRIGERACION Y CLIMATIZACION,,2014-09-03,1,1_4301368,1_4301368_2_1
1,4000510,2,1,DESTRIBUIDOR DE JERINOX INOXIDABLES.,,2014-09-03,1,1_4000510,1_4000510_2_1
1,4301141,2,1,TALLER MECANICO,,2014-09-03,1,1_4301141,1_4301141_2_1
1,4301177,11,1,JSF FEBR/08 *CERRO*,,2014-09-03,1,1_4301177,1_4301177_11_1
1,4300401,2,1,HORARIO OFICINA DE 09-18H,,2014-09-03,1,1_4300401,1_4300401_2_1
1,4300401,2,2,"HORARIO ALMACEN DE 08-13H y 14,30-16,30 VIERNES 8-13H",,2014-09-03,1,1_4300401,1_4300401_2_2
1,4300062,11,1,ENERO/05 JSF CERRO BAÑOS ??,,2014-09-03,1,1_4300062,1_4300062_11_1
1,4301015,90,4,DSS JUNIO/06 COBRO POR -TRANSFERENCIA ANTICIPADA-,,2014-09-03,1,1_4301015,1_4301015_90_4
1,4301147,91,1,***EMPRESA CERRADA**MOROSO*TIENE DEUDA**,,2014-09-03,1,1_4301147,1_4301147_91_1
1,4000355,2,1,HORARIO DE 8 - 13H Y DE 15 - 18H,,2014-09-03,1,1_4000355,1_4000355_2_1
1,4000448,2,1,MEDIDAS MAXIMAS PARA PLATINIZAR 1300x1300mm,,2014-09-03,1,1_4000448,1_4000448_2_1
1,4000423,2,1,"HORARIO 8-13,30H y 15,15-18,30H",,2014-09-03,1,1_4000423,1_4000423_2_1
1,4301193,11,1,**CERRO**,,2014-09-03,1,1_4301193,1_4301193_11_1
1,4300393,90,2,**EMPRESA CERRADA**,,2014-09-03,1,1_4300393,1_4300393_90_2
1,4301408,11,1,**2004-CARTA DEVUELTA-MARCHO**BECCOP ME DICE QUE LE DEBE,,2014-09-03,1,1_4301408,1_4301408_11_1
1,4301408,11,2,UNA FACTURA DE HACE 2 AÑOS APROX. 20 EUROS Y NO VIANE A PAGA,,2014-09-03,1,1_4301408,1_4301408_11_2
1,4301362,91,1,**PROXIMO PEDIDO PAGO ANTICIPADO**,,2014-09-03,1,1_4301362,1_4301362_91_1
1,4000588,11,1,"HORARIO 8,30-13,30 y 15,30-18,30",,2014-09-03,1,1_4000588,1_4000588_11_1
1,4301137,10,1,UNA FACTURA MENSUAL,,2014-09-03,1,1_4301137,1_4301137_10_1
1,4301374,10,1,UNA FACTURA A FINAL DE MES,,2014-09-03,1,1_4301374,1_4301374_10_1
1,4301114,2,2,MAQUINA DE AGUA DESTILADA VENDIDA A GALV.BELLVER (MUYSER),,2014-09-03,1,1_4301114,1_4301114_2_2
1,4301114,2,3,BASTIDORES ELECTROPULIR PULSERAS LOS GUARDAN POSIBLE VENTA A,,2014-09-03,1,1_4301114,1_4301114_2_3
1,4301114,2,4,GALV.BELLVER(MUYSER).,,2014-09-03,1,1_4301114,1_4301114_2_4
1,4301449,2,1,SEGUNDA EMPRESA DE SASONIA DE CORTE FINO S.A.,,2014-09-03,1,1_4301449,1_4301449_2_1
1,4301291,91,1,**CERRO** JUNIO/2002,,2014-09-03,1,1_4301291,1_4301291_91_1
1,4301290,10,1,HORARIO DE 7H-15  17H-19H,,2014-09-03,1,1_4301290,1_4301290_10_1
1,4301463,10,1,"TALLER DE ORFEBRERIA-BAÑOS DE PLANA,COBRE",,2014-09-03,1,1_4301463,1_4301463_10_1
1,4301161,1,1,ABRIL/2010 -- MES DE AGOST NO PAGAN,,2014-09-03,1,1_4301161,1_4301161_1_1
1,4300262,92,1,"26/09/05** PENDENT COBRAR FRA.50315 Vt.15/09/05 125,26,-Eur.",,2014-09-03,1,1_4300262,1_4300262_92_1
1,4300763,99,1,"PENDIENTE COBRO PORTE POR 4775,-PTAS",,2014-09-03,1,1_4300763,1_4300763_99_1
1,4301139,2,1,"APLICACION DIAMANTE SOBRE MOLAS, ETC.",,2014-09-03,1,1_4301139,1_4301139_2_1
1,4000484,99,1,HORARIO DELG.POLINYA: 08h-13h / 15h-18h,,2014-09-03,1,1_4000484,1_4000484_99_1
1,4300989,99,1,"PENDENT DE COBRO FRA. 50673 Vt.15/12/05 IMPORT 1.212,20.-Eur",,2014-09-03,1,1_4300989,1_4300989_99_1
1,4000552,1,1,PORTES PAGADOS E INCLUIDOS EN FACTURA,,2014-09-03,1,1_4000552,1_4000552_1_1
1,4301189,10,1,**COMPETENCIA**,,2014-09-03,1,1_4301189,1_4301189_10_1
1,4301526,11,1,HORARIO L-J DE 08:00-14:00(9-9:30) V DE 07:00-14:00,,2014-09-03,1,1_4301526,1_4301526_11_1
1,4000163,2,1,HORARIO 8.30 A 13.30 - 15 A 17.30,,2014-09-03,1,1_4000163,1_4000163_2_1
1,4301387,91,1,UNA FACTURA MENSUAL(25)-LIMITE RECEPC.DIA 8 MES SIGUIENTE,,2014-09-03,1,1_4301387,1_4301387_91_1
1,4301152,10,1,VIENEN DE PRESIMOD QUE CERRARON,,2014-09-03,1,1_4301152,1_4301152_10_1
1,4000559,2,1,HORARIO DE 8H-13 y 14H30'-19H,,2014-09-03,1,1_4000559,1_4000559_2_1
1,4301392,99,1,**OJO AL COBRO**,,2014-09-03,1,1_4301392,1_4301392_99_1
1,4301146,90,1,**QUIEBRA** TIENEN DEUDA PENDIENTE **,,2014-09-03,1,1_4301146,1_4301146_90_1
1,4301274,10,3,"PROCEDA, SE PUEDEN ADELANTAR POR FAX 935740679",,2014-09-03,1,1_4301274,1_4301274_10_3
1,4000392,2,1,HORARIO DE 9H-13H   15H-17H,,2014-09-03,1,1_4000392,1_4000392_2_1
1,4301227,10,1,CATODO A TRAVES DE AUJOR,,2014-09-03,1,1_4301227,1_4301227_10_1
1,4301218,2,1,TALLER MECANICO,,2014-09-03,1,1_4301218,1_4301218_2_1
1,4301064,10,1,FACTURA EN SU PODER ANTES DEL 15 DEL MES SIGUIENTE,,2014-09-03,1,1_4301064,1_4301064_10_1
1,4300725,99,1,"PENDENT CORBRO FRA. 50370 Vt.25/10/2005 IMPORT 266,22.-Eur.",,2014-09-03,1,1_4300725,1_4300725_99_1
1,4300852,11,1,CR-NIQUEL,,2014-09-03,1,1_4300852,1_4300852_11_1
1,4000576,11,1,HORARIO VIERNES DE 8 1/2 A 14 H,,2014-09-03,1,1_4000576,1_4000576_11_1
1,4300145,99,1,***OJO MAL PAGADOR***,,2014-09-03,1,1_4300145,1_4300145_99_1
1,4000506,99,1,A PARTIR DEL 1 DE NOVIEMBRE MONEDA BASE **EURO**,,2014-09-03,1,1_4000506,1_4000506_99_1
1,4301448,11,1,SUMINISTROS INDUSTRIALES,,2014-09-03,1,1_4301448,1_4301448_11_1
1,4000228,2,1,"HORARIO DE 8,30 - 13,30   15,30 - 18,30",,2014-09-03,1,1_4000228,1_4000228_2_1
1,4301425,10,1,UNA FACTURA A FINAL DE MES,,2014-09-03,1,1_4301425,1_4301425_10_1
1,4300084,99,1, *** ESTE CLIENTE TIENE IMPAGADOS ***,,2014-09-03,1,1_4300084,1_4300084_99_1
1,4300084,99,2,*******QUIEBRA*******,,2014-09-03,1,1_4300084,1_4300084_99_2
1,4301030,2,3,"8 LINEAS AUTOMATICAS, 4 SEMIAUTOMATICAS.",,2014-09-03,1,1_4301030,1_4301030_2_3
1,4300575,90,1,CERRADA A MEDIADOS 1996,,2014-09-03,1,1_4300575,1_4300575_90_1
1,4301447,2,1,ANTIGUO TRABAJADOR DE ANTONIO DORADO,,2014-09-03,1,1_4301447,1_4301447_2_1
1,4301071,91,1,**2002-CARTA DEVUELTA- MARCHO**,,2014-09-03,1,1_4301071,1_4301071_91_1
1,4301275,91,1,**2002-CARTA DEVUELTA-MARCHO**,,2014-09-03,1,1_4301275,1_4301275_91_1
1,4300117,90,1,"***EMPRESA CERRADA*** TIENEN DEUDA PENDIENTE DE 30.752,-PTAS",,2014-09-03,1,1_4300117,1_4300117_90_1
1,4300363,90,1,**EMPRESA CERRADA**,,2014-09-03,1,1_4300363,1_4300363_90_1
1,4301444,99,1,"*** PENDENT DE COBRAR FRA.50187 VT.05/06/2005 190,45.-Eur.",,2014-09-03,1,1_4301444,1_4301444_99_1
1,4000621,11,1,*,,2014-09-03,1,1_4000621,1_4000621_11_1
1,4300666,91,1,**1999-2002 CARTAS DEVUELTAS-CERRO**,,2014-09-03,1,1_4300666,1_4300666_91_1
1,4300757,91,1,**2002-CARTA DEVUELTA-SE MARCHO**,,2014-09-03,1,1_4300757,1_4300757_91_1
1,4300590,99,1,*****SUSPENSION DE PAGOS***,,2014-09-03,1,1_4300590,1_4300590_99_1
1,4300590,99,2,TIENEN DEUDA PENDIENTE.,,2014-09-03,1,1_4300590,1_4300590_99_2
1,4300728,90,1,***EMPRESA CERRADA***,,2014-09-03,1,1_4300728,1_4300728_90_1
1,4300728,90,2,AHORA TRABAJA ZINCADOS DOMINGUEZ CL-1397,,2014-09-03,1,1_4300728,1_4300728_90_2
1,4301190,10,1,GRUPO CROPU (CROPUSA-RECANSA-CyC-DAU),,2014-09-03,1,1_4301190,1_4301190_10_1
1,4300844,90,1,*****ESTA COMO MOROSO****,,2014-09-03,1,1_4300844,1_4300844_90_1
1,4300863,90,1,***EMPRESA CERRADA***,,2014-09-03,1,1_4300863,1_4300863_90_1
1,4300935,99,1, *** ESTE CLIENTE TIENE IMPAGADOS ***,,2014-09-03,1,1_4300935,1_4300935_99_1
1,4301044,90,1,***EMPRESA CERRADA***MOROSOS***TIENEN DEUDA,,2014-09-03,1,1_4301044,1_4301044_90_1
1,4301060,10,1,FACTURA POR PEDIDO,,2014-09-03,1,1_4301060,1_4301060_10_1
1,4301359,90,1,***EMPRESA CERRADA**MOROSOS**TIENEN DEUDA,,2014-09-03,1,1_4301359,1_4301359_90_1
1,4301359,90,2,SU DISEÑO LO EXPLOTA BD BARCELONA 1972 SL,,2014-09-03,1,1_4301359,1_4301359_90_2
1,4301172,10,1,"FABRICANTE BASTIDORES, TIENEN BAÑO PLASTISOL, ANTES ESTABA",,2014-09-03,1,1_4301172,1_4301172_10_1
1,4301232,1,1,ALMACEN DE JOYERIA,,2014-09-03,1,1_4301232,1_4301232_1_1
1,4300725,90,1,28/10/05-NO PAGAN AL VTO.HACEN TRANSF.A LA SEMANA SIGUIENTE,,2014-09-03,1,1_4300725,1_4300725_90_1
1,4301005,90,1,"SOLICITA PAR EL PROXIMO PEDIDO DOMICILIAR RECIBO, SE HAN DE",,2014-09-03,1,1_4301005,1_4301005_90_1
1,4301179,99,2,FEB/05**CERRADA PASA A 4301508-INDUSTRIA DE MENAJE ROCH S.L.,,2014-09-03,1,1_4301179,1_4301179_99_2
1,4301259,91,3,**AHORA ESTAN EN SDIBOLGRUP,,2014-09-03,1,1_4301259,1_4301259_91_3
1,4000170,1,1,HORARIO DE 8H-13H  15H-17 1/2,,2014-09-03,1,1_4000170,1_4000170_1_1
1,4000571,11,3,"2014 AUMENTO 1,65%",,2014-09-03,1,1_4000571,1_4000571_11_3
1,4000557,2,1,"HORARIO 8H - 13H  y  15H - 18,30",,2014-09-03,1,1_4000557,1_4000557_2_1
1,4301065,90,1,*****ESTAN COMO MOROSO*****GALVANICAS ESTADIO,,2014-09-03,1,1_4301065,1_4301065_90_1
1,4300115,11,1,"HORARIO 8,30 A 13,00 y 15,00 A 19,00",,2014-09-03,1,1_4300115,1_4300115_11_1
1,4000066,3,1,"REF.1394-S 250W 42V P/1 A 11210,-PTAS P/2 A 8500,-PTAS C/U",,2014-09-03,1,1_4000066,1_4000066_3_1
1,4301461,91,2,SIETE PRIMEROS DIGITOS SEA IDENTICA.,,2014-09-03,1,1_4301461,1_4301461_91_2
1,4301509,99,1,"PENDIENTE FRA.50262 DE FECHA 10/05/05 29,93.-Eur.",,2014-09-03,1,1_4301509,1_4301509_99_1
1,4300587,10,1,UNA FACTURA MENSUAL,,2014-09-03,1,1_4300587,1_4300587_10_1
1,4300587,1,1,HORARIO RECEPCION MERCANCIA DE 6H - 14H,,2014-09-03,1,1_4300587,1_4300587_1_1
1,4301360,10,1,UNA FACTURA A FINAL DE MES,,2014-09-03,1,1_4301360,1_4301360_10_1
1,4301152,10,2,"CERRO, IBAN MAL Y DESPIDIERON A TODOS, LORENZO AHORA ESTA EN",,2014-09-03,1,1_4301152,1_4301152_10_2
1,4301397,2,1,"ERA EMPLEADO DE DEMETRIO, Y CONTINUA CON LA ACTIVIDAD.",,2014-09-03,1,1_4301397,1_4301397_2_1
1,4000490,2,1,**HAN CERRADO**,,2014-09-03,1,1_4000490,1_4000490_2_1
1,4301302,99,1,"PENDIENTE 586.32,-EUROS",,2014-09-03,1,1_4301302,1_4301302_99_1
1,4000492,91,1,**CERRO**,,2014-09-03,1,1_4000492,1_4000492_91_1
1,4301279,11,1,JSF-VISITA-MURIO EL SR.LICERAS,,2014-09-03,1,1_4301279,1_4301279_11_1
1,4000421,1,1,HORARIO ALMACEN ADISA DE 8H-12H  14H-18H,,2014-09-03,1,1_4000421,1_4000421_1_1
1,4000421,2,1,"GRANO 14 1,4-2mm GRANO 20 1-1,3mm",,2014-09-03,1,1_4000421,1_4000421_2_1
1,4000563,2,1,HORARIO FLIX - LUN/JUEV 8H-13 y 15H-18H VIERNES 7H30'-14H30',,2014-09-03,1,1_4000563,1_4000563_2_1
1,4300267,91,1,18/03/03 JSF POR ORDEN DEL SR.ADOLF NO HACER NINGUNA ENTREGA,,2014-09-03,1,1_4300267,1_4300267_91_1
1,4300267,91,2,SI NO HAY EL PRECIO,,2014-09-03,1,1_4300267,1_4300267_91_2
1,4301173,91,1,FACTURA FINAL DE MES,,2014-09-03,1,1_4301173,1_4301173_91_1
1,4301491,11,2,CIERRAN AHORA SON BESTREU STUDIO SLL,,2014-09-03,1,1_4301491,1_4301491_11_2
1,4300659,10,1,HORARIO RECEPCION MATERIALES 8H A 12H Y 15H A 18H.,,2014-09-03,1,1_4300659,1_4300659_10_1
1,4300867,90,1,CERRARAN- SR.BASOLS PASA HA INDUSFRI,,2014-09-03,1,1_4300867,1_4300867_90_1
1,4000419,11,1,HORARIO 7:00-19:00,,2014-09-03,1,1_4000419,1_4000419_11_1
1,4000444,2,1,HORARIO DE 8H-13H  15H-17H,,2014-09-03,1,1_4000444,1_4000444_2_1
1,4301500,11,1,"02/06//09 EMAIL CON ARCHIVOS, SG-CL-09-01 Y DRIPTIC",,2014-09-03,1,1_4301500,1_4301500_11_1
1,4300289,91,1,**1999-2002 CARTAS DEVUELTAS-DESCONOCIDO**,,2014-09-03,1,1_4300289,1_4300289_91_1
1,4301191,91,1,**1999-2002-CARTA DEVUELTA-DESCONOCIDO**,,2014-09-03,1,1_4301191,1_4301191_91_1
1,4300491,91,1,**1999-2002 CARTAS DEVUELTAS-DESCONOCIDO**,,2014-09-03,1,1_4300491,1_4300491_91_1
1,4300668,91,1,**1999-2002 CARTAS DEVUELTAS-SE AUSENTO-DESCONOCIDO**,,2014-09-03,1,1_4300668,1_4300668_91_1
1,4300631,11,1,ESTA COMO MOROSO TIENE DEUDA DESDE EL 93.*CONTADO*,,2014-09-03,1,1_4300631,1_4300631_11_1
1,4300188,91,1,**2002 CARTA DEVUELTA**,,2014-09-03,1,1_4300188,1_4300188_91_1
1,4300128,91,1,**2002 CARTA DEVUELTA-MARCHO**,,2014-09-03,1,1_4300128,1_4300128_91_1
1,4300202,91,1,**1999/2002-CARTAS DEVUELTA-CERRO**,,2014-09-03,1,1_4300202,1_4300202_91_1
1,4300204,91,2,ULTIMA COMPRA EN EL 1992 - PROBLEMAS DE COBRO,,2014-09-03,1,1_4300204,1_4300204_91_2
1,4300206,90,1,**1999 CARTA DEVUELTA-DESCONOCIDO**       CERRADA,,2014-09-03,1,1_4300206,1_4300206_90_1
1,4300586,90,2,LOCAL COMPRADO POR IND.CROMTECH-BCN S.L,,2014-09-03,1,1_4300586,1_4300586_90_2
1,4301232,2,1,28/02/03 MUY ENFADADO DICE QUE LE HEMOS PERDIDO COMO CLIENTE,,2014-09-03,1,1_4301232,1_4301232_2_1
1,4301232,2,2,LE HA COSTADO EL PORTE+COMISIONES 42EUROS UN 14%.,,2014-09-03,1,1_4301232,1_4301232_2_2
1,4301127,11,2,"LA FUNDA 10x1x50 A 0,80 (ELLOS VENDEN A 0,10), DEJAN DE",,2014-09-03,1,1_4301127,1_4301127_11_2
1,4301290,10,2,UNA FACTURA A FINAL DE MES,,2014-09-03,1,1_4301290,1_4301290_10_2
1,4000700,1,1,01/03/2024-FUSIONADA CANVI NOM: ,inagasa1,2024-04-30,1,1_4000700,1_4000700_1_1
1,4301006,11,1,"**NOV/04 VISITA JSF A PRINT PROJEC, LE COMENTAN QUE IDASA",,2014-09-03,1,1_4301006,1_4301006_11_1
1,4301064,99,1,ALBARANES ENTREGA VALORADOS.,,2014-09-03,1,1_4301064,1_4301064_99_1
1,4301406,11,1,02/03/2005 JSF DICE NO CERRO BAÑOS,,2014-09-03,1,1_4301406,1_4301406_11_1
1,4300301,11,1,"HORARIO CARGA/DESCARGA 7H-13,30H   15,30-19H",,2014-09-03,1,1_4300301,1_4300301_11_1
1,4300575,90,2,**1999-2002 CARTAS DEVUELTAS-MARCHO**,,2014-09-03,1,1_4300575,1_4300575_90_2
1,4300262,90,1,**** NO ENTREGAR MATERIAL SI NO TENEMOS No. DE PEDIDO ****,,2014-09-03,1,1_4300262,1_4300262_90_1
1,4301126,99,3,MUY IMPORTANTE: NO SE PUEDE ENTREGAR NINGUN ALBARAN QUE NO,,2014-09-03,1,1_4301126,1_4301126_99_3
1,4301126,99,4,                INDIQUE No.PETICION COMPRA/ No.PEDIDO Y,,2014-09-03,1,1_4301126,1_4301126_99_4
1,4301126,99,5,                MUCHO MENOS QUE NO LLEVE PRECIO.,,2014-09-03,1,1_4301126,1_4301126_99_5
1,4000552,1,2,"( Free-Freinght, include and invoice )",,2014-09-03,1,1_4000552,1_4000552_1_2
1,4300845,11,1,14/02/2012 HORARIO RECEPCION DE 6H-14H,,2014-09-03,1,1_4300845,1_4300845_11_1
1,4300617,90,1,**ALBARANS VALORATS SINO PASARLO POR FAX.**,,2014-09-03,1,1_4300617,1_4300617_90_1
1,4301098,10,1,**GRUPO ALESPRI (1024) *,,2014-09-03,1,1_4301098,1_4301098_10_1
1,4301024,10,1,1098-CONFAL Y CERBAL(TORELLO) EMPRESAS QUE ESTAMPAN,,2014-09-03,1,1_4301024,1_4301024_10_1
1,4301464,10,1,FABR.EXTRUCT.DE APOYO Y MONTAJE UTILES P/SECTOR AERONAUTICO,,2014-09-03,1,1_4301464,1_4301464_10_1
1,4301030,2,1,"COBRE,ESTAÑO,NIQUEL BRILLANTE Y SEMIBRILLANTE, NIQUEL NEGRO",,2014-09-03,1,1_4301030,1_4301030_2_1
1,4300339,90,1,*** AÑO 2003 CERRADO ***,,2014-09-03,1,1_4300339,1_4300339_90_1
1,4000121,10,1,HORARIO 8H-13H y 15H-18H,,2014-09-03,1,1_4000121,1_4000121_10_1
1,4301185,99,1,"FACTURAS SUPERIORS A 500.000,-Pts. COMENTAR CONDICIONS",,2014-09-03,1,1_4301185,1_4301185_99_1
1,4300212,11,1,"HORARIO DE 8-14H 15,30-18H",,2014-09-03,1,1_4300212,1_4300212_11_1
1,4301172,10,2,EN IBY.,,2014-09-03,1,1_4301172,1_4301172_10_2
1,4300677,11,1,LIMADO Y PULIDO BRILLANTE O SATINADO DEL ALUMINIO,,2014-09-03,1,1_4300677,1_4300677_11_1
1,4301478,90,1,"ALBARAN 29371 NO FACTURABLE VALOR 424,40 PROTO PENDIENTE",,2014-09-03,1,1_4301478,1_4301478_90_1
1,4301478,99,1,24/04/2008-REBRE FACTURES ABANS DEL DIA 5 DEL MES SEGUENT,,2014-09-03,1,1_4301478,1_4301478_99_1
1,4301106,2,2,PRECIO ACTIVACION TITA PH 6/8 - SAL(CLORURO SODICO) 5/6 GR/L,,2014-09-03,1,1_4301106,1_4301106_2_2
1,4301106,2,3,2692PTAS/DM2 PARA 10 UNIDADES DE 500x450mm(MEDIDAS MAXIMAS),,2014-09-03,1,1_4301106,1_4301106_2_3
1,4000475,2,1,"20/10/03 BOQUILLA PARA MANGUERA 19mm A 7,81 DTO.45% o 25mm",,2014-09-03,1,1_4000475,1_4000475_2_1
1,4000475,2,2,"         TUERCA                      A 6,49 DTO.45%",,2014-09-03,1,1_4000475,1_4000475_2_2
1,4000475,2,3,"         BICONO                      A 1,73 DTO.45%",,2014-09-03,1,1_4000475,1_4000475_2_3
1,4300976,15,1,***JSF EXTINGUIDA 2016***,inagasa2,2024-05-03,1,1_4300976,1_4300976_15_1
1,4301052,11,1,**JSF CERRADA 2002**,,2014-09-03,1,1_4301052,1_4301052_11_1
1,4000066,6,1,OHMIOS-AISLAMIENTO A 500V-RIGIDEZ A 1500V,,2014-09-03,1,1_4000066,1_4000066_6_1
1,4301498,90,1,"DEBEN FRA.40689 VTO.28/02/2005 2.218,63.-EUR",,2014-09-03,1,1_4301498,1_4301498_90_1
1,4301483,10,1,FABRICACION LABORINOX - COMERCIAL FILINOX.,,2014-09-03,1,1_4301483,1_4301483_10_1
1,4300106,2,2,TYCO INTERNATIONAL.,,2014-09-03,1,1_4300106,1_4300106_2_2
1,4301030,2,4,hacen pasar 350 amperios por cada porta-anodo CT/S,,2014-09-03,1,1_4301030,1_4301030_2_4
1,4301106,2,4,"2984PTAS/DM2 PARA  5 UNIDADES DE      ""            """,,2014-09-03,1,1_4301106,1_4301106_2_4
1,4301106,2,5,"4567PTAS/DM2 PARA  1 UNIDAD   DE      ""            """,,2014-09-03,1,1_4301106,1_4301106_2_5
1,4300855,99,3,NO SE ACEPTAN ENTREGAS PARCIALES,,2014-09-03,1,1_4300855,1_4300855_99_3
1,4300855,99,4,ENTREGAS: DE LUNES A VIERNES DE 8h A 13h,,2014-09-03,1,1_4300855,1_4300855_99_4
1,4000609,11,1,HORARIO 9:00-14:00 y 16:00-19:00 VIERNES 9-14 y 16-18,,2014-09-03,1,1_4000609,1_4000609_11_1
1,4300617,99,1,FRA. QUINCENAL - ENVIAR FRA. E-MAIL,,2014-09-03,1,1_4300617,1_4300617_99_1
1,4300677,11,2,PULIDO DE ACERO INOX.,,2014-09-03,1,1_4300677,1_4300677_11_2
1,4301438,91,1,"27/09/05** PENDENT COBRAR FRA. 50350 Vt.20/09/05 256,13.-Eur",,2014-09-03,1,1_4301438,1_4301438_91_1
1,4300262,91,1,TIENEN QUE RECIBIR LAS FRAS. ANTES DEL DIA 12 DEL MES,,2014-09-03,1,1_4300262,1_4300262_91_1
1,4300262,91,2,SIGUIENTE ( SE PUEDEN ADELANTAR POR FAX.),,2014-09-03,1,1_4300262,1_4300262_91_2
1,4300262,92,2,27/10/05** JS COBRA FRA. 50315 27/10/05.,,2014-09-03,1,1_4300262,1_4300262_92_2
1,4300087,99,1,"PENDENT DE COBRA FRA. 50479 Vt.30/10/05  IMPORT 856,95.-Eur",,2014-09-03,1,1_4300087,1_4300087_99_1
1,4000404,11,1,A PARTIR 01/03/2006 HORARIO OFICINA DE 8:00 - 14:00,,2014-09-03,1,1_4000404,1_4000404_11_1
1,4310079,11,1,ANTES ZINCADOS GARBI,,2014-09-03,1,1_4310079,1_4310079_11_1
1,4300794,2,1,*JUBILADO*CERRO,,2014-09-03,1,1_4300794,1_4300794_2_1
1,4301150,91,1,**2002-CARTA DEVUELTA-MARCHO**,,2014-09-03,1,1_4301150,1_4301150_91_1
1,4301113,11,1,01/2005 JRF HA CERRADO - AHORA (4301433)GIROCLAD SL,,2014-09-03,1,1_4301113,1_4301113_11_1
1,4000128,11,1,"MOTOR-REDUCTOR, REDUCTOR, MOTOR SOLAMENTE A TRAVES CUBY SL",,2014-09-03,1,1_4000128,1_4000128_11_1
1,4301094,99,2,O QUIEBRA),,2014-09-03,1,1_4301094,1_4301094_99_2
1,4000215,11,1,CUBA PLASTISOL ALTA TEMPERATURA +-200ºC 1700x500x500,,2014-09-03,1,1_4000215,1_4000215_11_1
1,4301068,99,1,FRA.40236 Vt.20/05 NO HA LLEGADO EL TALON-J.S.,,2014-09-03,1,1_4301068,1_4301068_99_1
1,4301148,1,2,29/07/04 HORARIO CARGA/DESCARGA DE 8H-19H,,2014-09-03,1,1_4301148,1_4301148_1_2
1,4301148,1,1,HORARIO 10H-13H  15H-18H  TEL.8415078 SR. TOMBAS,,2014-09-03,1,1_4301148,1_4301148_1_1
1,4300228,11,1,"HORARIO CARGA/DESCARGA 8-13,3H - 15-17,30H",,2014-09-03,1,1_4300228,1_4300228_11_1
1,4301363,11,1,***05/02/2013 JSF CERRADA**,,2014-09-03,1,1_4301363,1_4301363_11_1
1,4300675,2,1,HORARIO DE 8H-13H y 14H-17H30' VIERNES 8H-13H,,2014-09-03,1,1_4300675,1_4300675_2_1
1,4300960,91,1,***OJO PAGO- HICIEROS SUSPENSION DE PAGOS**,,2014-09-03,1,1_4300960,1_4300960_91_1
1,4301260,90,1,FACTURA FINAL DE MES/ ALBS.ENTRAGADOS HASTA EL DIA 25,,2014-09-03,1,1_4301260,1_4301260_90_1
1,4301260,90,2,ALBS.ENTREGADOS DESPUES DEL DIA 25 MES SIGUIENTE,,2014-09-03,1,1_4301260,1_4301260_90_2
1,4301260,90,3,ALBARANES CON No. DE PEDIDO.,,2014-09-03,1,1_4301260,1_4301260_90_3
1,4301260,11,1,SEPT/2004 MACDERMID COMPRA EL 51% DE LA EMPRESA,,2014-09-03,1,1_4301260,1_4301260_11_1
1,4301017,11,1,MACDERMID COMPRA EL 51% DE LA EMPRESA,,2014-09-03,1,1_4301017,1_4301017_11_1
1,4000249,91,2,"CARGO POR COMISIONES BANCARIAS DE 1,50 EUROS.",,2014-09-03,1,1_4000249,1_4000249_91_2
1,4000047,2,3,"FLOTADOR D70 CAJAS   250u A 57,-PTAS C/U.",,2014-09-03,1,1_4000047,1_4000047_2_3
1,4000047,91,1,2005 AUMENTO 3%,,2014-09-03,1,1_4000047,1_4000047_91_1
1,4301008,2,1,GRUPO CROPU,,2014-09-03,1,1_4301008,1_4301008_2_1
1,4300677,11,3,ANODIZADO INCOLORO MATE O BRILLO,,2014-09-03,1,1_4300677,1_4300677_11_3
1,4300677,11,4,DECAPADO Y ELECTROPULIDO DE ACERO INOX.,,2014-09-03,1,1_4300677,1_4300677_11_4
1,4300677,11,5,ANODIZADO NEGRO,,2014-09-03,1,1_4300677,1_4300677_11_5
1,4000549,11,1,NO SE ACENTAN AVISOS DE RECOGIDAS POR FAX,,2014-09-03,1,1_4000549,1_4000549_11_1
1,4300777,90,1,CERRO??? *ESTAN COMO MOROSOS*,,2014-09-03,1,1_4300777,1_4300777_90_1
1,4310003,11,1,15/02/2005- JSF-CERRO,,2014-09-03,1,1_4310003,1_4310003_11_1
1,4301119,11,1,**CERRO**,,2014-09-03,1,1_4301119,1_4301119_11_1
1,4000047,2,1,"FLOTADOR D20 CAJAS 10000u A 10,-PTAS C/U.",,2014-09-03,1,1_4000047,1_4000047_2_1
1,4000047,2,2,"FLOTADOR D45 CAJAS   500u A 26,-PTAS C/U.",,2014-09-03,1,1_4000047,1_4000047_2_2
1,4301374,11,1,"03/06//09 EMAIL CON ARCHIVOS, SG-CL-09-01 Y DRIPTIC",,2014-09-03,1,1_4301374,1_4301374_11_1
1,4301015,90,3,COBRADO FRA.40398 EL 17/05/2005.,,2014-09-03,1,1_4301015,1_4301015_90_3
1,4301074,91,1,**2003 CARTA DEVUELTA-MARCHO**,,2014-09-03,1,1_4301074,1_4301074_91_1
1,4301179,99,1,UNA FACTURA A FINAL DE MES,,2014-09-03,1,1_4301179,1_4301179_99_1
1,4300901,91,1,**1999-2002 CARTAS DEVUELTAS -YA NO EXISTE-DESCONOCIDO,,2014-09-03,1,1_4300901,1_4300901_91_1
1,4301199,91,1,**2002-CARTA DEVUELTA-MARCHO**,,2014-09-03,1,1_4301199,1_4301199_91_1
1,4301199,91,2,UNICA VENTA A?O 1997 POR 8000 PESETAS,,2014-09-03,1,1_4301199,1_4301199_91_2
1,4301446,91,1,"**VIENEN DE ESTEVEZ RUIZ SCL-Llacuna, 105 interior7**",,2014-09-03,1,1_4301446,1_4301446_91_1
1,4301280,11,1,01/2005 JSF CERRO,,2014-09-03,1,1_4301280,1_4301280_11_1
1,4301412,90,1,**2004-CARTA DEVUELTA-DESCONOCIDO**,,2014-09-03,1,1_4301412,1_4301412_90_1
1,4301292,90,1,**2004-CARTA DEVUELTA-MARCHO**,,2014-09-03,1,1_4301292,1_4301292_90_1
1,4300841,90,1,**2004-CARTA DEVUELTA-DESCONOCIDO**,,2014-09-03,1,1_4300841,1_4300841_90_1
1,4301434,90,1,**2004-CARTA DEVUELTA-MARCHO**,,2014-09-03,1,1_4301434,1_4301434_90_1
1,4301379,90,1,"**2004-CARTA DEVUELTA-DESCONOCIDO,  LLAMO POR TEL Y AHORA",,2014-09-03,1,1_4301379,1_4301379_90_1
1,4301379,90,2,"LA EMPRESA SE LLAMA ESTRUCTURAS METALICAS ROLAMP S.L, DICEN",,2014-09-03,1,1_4301379,1_4301379_90_2
1,4301379,90,3,"QUE CONTINUAN CON LA ACTIVIDAD, NOS CONOCEN Y TIENEN BUENA",,2014-09-03,1,1_4301379,1_4301379_90_3
1,4301379,90,4,RELACION CON EL ANTERIOR PROPIETARIO (JESUS CERRO HACE 3AÑOS,,2014-09-03,1,1_4301379,1_4301379_90_4
1,4301062,11,1,**2002-CARTA DEVUELTA-MARCHO**,,2014-09-03,1,1_4301062,1_4301062_11_1
1,4301062,11,2,"27/01/05 LLAMA SOLICITANDO PRECIO CHAPA Ti 0,7-cambio direcc",,2014-09-03,1,1_4301062,1_4301062_11_2
1,4000558,91,1,HORARIO LUNES A VIERNES DE 8.00 A 13.30 - 15.30 A 19.00,,2014-09-03,1,1_4000558,1_4000558_91_1
1,4000558,91,2,                SABADO  DE 9.00 A 13.30,,2014-09-03,1,1_4000558,1_4000558_91_2
1,4000578,91,1,AÑO 2005 PRECIO 10.13 EUROS/KG,,2014-09-03,1,1_4000578,1_4000578_91_1
1,4000372,91,1,AÑO 2005 AUMENTO DEL 5% SOBRE TARIFA,,2014-09-03,1,1_4000372,1_4000372_91_1
1,4301121,91,1,**2004 CARTA DEVUELTA-MARCHO**,,2014-09-03,1,1_4301121,1_4301121_91_1
1,4301304,91,1,**2004 CARTA DEVUELTA-MARCHO**,,2014-09-03,1,1_4301304,1_4301304_91_1
1,4300962,91,1,**2004 CARTA DEVUELTA-DESCONOCIDO***,,2014-09-03,1,1_4300962,1_4300962_91_1
1,4301027,91,1,**2004 CARTA DEVUELTA-DESCONOCIDO**,,2014-09-03,1,1_4301027,1_4301027_91_1
1,4300437,91,1,**2004 CARTA DEVUELTA-CERRO**,,2014-09-03,1,1_4300437,1_4300437_91_1
1,4000473,2,2,MEJOR ADHERENCIA AUMENTAR ISOCIATO +5%,,2014-09-03,1,1_4000473,1_4000473_2_2
1,4000473,2,3,EVITAR CONTRACCIONES AÑADIR 0.1% AGUA AL POLIOL,,2014-09-03,1,1_4000473,1_4000473_2_3
1,4000473,2,4,"120=72(60%)+48(40%) ----- 119=66(55,4%)+53(44,5%)",,2014-09-03,1,1_4000473,1_4000473_2_4
1,4301138,90,1,ENERO/13 PRESENTAN CONCURSO ACREEDORES,,2014-09-03,1,1_4301138,1_4301138_90_1
1,4301138,90,2,"DEJAN UNA DEUDA DE 918,30",,2014-09-03,1,1_4301138,1_4301138_90_2
1,4300012,99,2,FER FACTURA EL DIA 20 I ADELANTARLA PER FAX.932463071,,2014-09-03,1,1_4300012,1_4300012_99_2
1,4301128,99,2,ANTIGUO CROMTECH,,2014-09-03,1,1_4301128,1_4301128_99_2
1,4000163,3,1,20/02/98 PUEDEN SUMINISTRAR ANODO DE ESTAÑO FORMA MEDIA BOLA,,2014-09-03,1,1_4000163,1_4000163_3_1
1,4301072,11,1,**JSF CERRADA 2009**,,2014-09-03,1,1_4301072,1_4301072_11_1
1,4301408,11,3,ENERO/05 LLAMA SOLICITANDO PEINE TITANIO-HA CAMBIADO DIRECC.,,2014-09-03,1,1_4301408,1_4301408_11_3
1,4310005,11,1,15/02/2005- JSF-CERRO,,2014-09-03,1,1_4310005,1_4310005_11_1
1,4301499,91,1,*OJO* EN LOS DOS PEDIDOS ANTERIORES HA DEVUELTO EL MATERIAL,,2014-09-03,1,1_4301499,1_4301499_91_1
1,4301231,11,1,15/02/05 JSF- HAN CERRADI LINEA BAÑOS,,2014-09-03,1,1_4301231,1_4301231_11_1
1,4310002,11,1,15/02/2005 JSF-DICE QUE HAN QUITADO LOS BA?OS,,2014-09-03,1,1_4310002,1_4310002_11_1
1,4300063,91,1,**HAN CERRADO BAÑOS**,,2014-09-03,1,1_4300063,1_4300063_91_1
1,4300063,99,1,*** ALBARANES INDICAR: No.PEDIDO - No.LINEA - CTA. - PRECIO,,2014-09-03,1,1_4300063,1_4300063_99_1
1,4300587,11,1,OCT/04 SIN BAÑOS -PASA A 4301489 2 PRINTED CIRCUIT BOARDS SL,,2014-09-03,1,1_4300587,1_4300587_11_1
1,4300305,11,1,02/03/2005 JSF. DICE CERRO BAÑOS,,2014-09-03,1,1_4300305,1_4300305_11_1
1,4301011,91,2,TIENEN PINTURA PERO NO USAN GANCHOS.JSF,,2014-09-03,1,1_4301011,1_4301011_91_2
1,4301011,91,3,EMPRESA DE BAÑOS COATINGS METALLICA (RIPOLLET),,2014-09-03,1,1_4301011,1_4301011_91_3
1,4301011,91,4,**13/03/03 JSF PASA- HAN CERRADO**,,2014-09-03,1,1_4301011,1_4301011_91_4
1,4000163,3,2,"DIAM.20x10mm.(PESO BOLA 15 GR)PRECIO DEL DIA A 1495,-PTAS/KG",,2014-09-03,1,1_4000163,1_4000163_3_2
1,4000163,4,1,MOLDE DIAM.50x1350mm -- MOLDE DIAM.40x750mm,,2014-09-03,1,1_4000163,1_4000163_4_1
1,4000163,5,1,"40-3, 40-3D, 50-3, 50-4, 70-5, 85-6, 100-10",,2014-09-03,1,1_4000163,1_4000163_5_1
1,4000163,5,2,"40-3, 50-4, 70-5, 85-6 ---- MEDIDAS ALTA 10, BAJA 5",,2014-09-03,1,1_4000163,1_4000163_5_2
1,4000163,5,3,"100-10 ---- MEDIDAS ALTA 15, BAJA 8 ---- PESO 12,10 KG/METRO",,2014-09-03,1,1_4000163,1_4000163_5_3
1,4000163,5,4,MOLDE ESTRIADO DE 200x300mm - MOLDE PLANO DE 150x10 y 150x20,,2014-09-03,1,1_4000163,1_4000163_5_4
1,4000163,5,5,MOLDE ESTRIADO DE 300x200x15mm Y 600x100x10/15mm(CO.GRABEDAD,,2014-09-03,1,1_4000163,1_4000163_5_5
1,4000163,5,6,MOLDE CERRADO 1200x100x10mm,,2014-09-03,1,1_4000163,1_4000163_5_6
1,4000163,5,7,PORCENTAJE SUPERIOR 10% ESTAÑO NO PUEDE EXTRUSIONAR.,,2014-09-03,1,1_4000163,1_4000163_5_7
1,4000163,5,8,PAQUETE 5Kg BARRITAS D6 50Pb+50Sn y BARRITAS 40Pb+60Sn,,2014-09-03,1,1_4000163,1_4000163_5_8
1,4000163,5,9,"CARRETES 250gr D2mm 50Pb+50Sn, 97Sn+3Cu, 97Sn+3Ag",,2014-09-03,1,1_4000163,1_4000163_5_9
1,4301378,91,1,**PROXIMO PEDIDO PAGO  MANDARA PAGARE CON EL,,2014-09-03,1,1_4301378,1_4301378_91_1
1,4301378,91,2,VENCIMIENTO CORRESPONDIENTE**,,2014-09-03,1,1_4301378,1_4301378_91_2
1,4301378,91,3,**PASA AL N.4301500 MASA** **HA SIDO ABSORVIDO**,,2014-09-03,1,1_4301378,1_4301378_91_3
1,4301393,99,1,UNA FACTURA A FINAL DE MES,,2014-09-03,1,1_4301393,1_4301393_99_1
1,4000518,1,1,HORARIO DE 7H A 21H,,2014-09-03,1,1_4000518,1_4000518_1_1
1,4301492,11,2,JULIO/04 HACEMOS MUESTRA DE PLASTISOLAR PLOMO CON BLANCO+,,2014-09-03,1,1_4301492,1_4301492_11_2
1,4301492,11,3,LUMINISCENTE (VERDE Y NARANJA)-EL PLASTISOL ES DE ELLOS,,2014-09-03,1,1_4301492,1_4301492_11_3
1,4000022,91,1,2005 +6% - 2006 +7% - 2008 +8% - 2010 + % - 2011 + %,,2014-09-03,1,1_4000022,1_4000022_91_1
1,4300099,91,1,***2002 SUSPENSION DE PAGOS***  HAY ACUERDO FIRMADO,,2014-09-03,1,1_4300099,1_4300099_91_1
1,4300099,99,1,MAIG/2003 RENEGOCIADA DEUTA 50% ANY 2004 - 50% ANY 2005,,2014-09-03,1,1_4300099,1_4300099_99_1
1,4300099,99,2,***2005 SUSPENSION DE PAGOS*** ?,,2014-09-03,1,1_4300099,1_4300099_99_2
1,4301107,90,1,"FRA.5057 VTO.03/03/2005 168,25.-EUR COBRAT 20/05/2005",,2014-09-03,1,1_4301107,1_4301107_90_1
1,4301107,91,1,AVISAR AL CLIENTE PARA QUE PASE ORDEN A LA AGENCIA TTES.,,2014-09-03,1,1_4301107,1_4301107_91_1
1,4301233,99,1,"PENDENT COBRO FRA.50145 Vt. 15/06/2005 219,94.-Eur.",,2014-09-03,1,1_4301233,1_4301233_99_1
1,4301210,10,1,CATODO A TRAVES DE AUJOR,,2014-09-03,1,1_4301210,1_4301210_10_1
1,4301444,99,2,*** COBRAT 11/07/2005.,,2014-09-03,1,1_4301444,1_4301444_99_2
1,4301509,99,2,"PENDIENTE FRA.50341 DE FECHA 15/06/05 127,31.-Eur.",,2014-09-03,1,1_4301509,1_4301509_99_2
1,4301509,99,3,COBRADES 11/07/2005,,2014-09-03,1,1_4301509,1_4301509_99_3
1,4301361,11,1,ANTES ESTABA CON TORREMOCHA.,,2014-09-03,1,1_4301361,1_4301361_11_1
1,4301361,11,2,ZINCADO,,2014-09-03,1,1_4301361,1_4301361_11_2
1,4301048,11,1,JSF-VISITA-PASA BAÑOS A MALPICA NIQUELADOS,,2014-09-03,1,1_4301048,1_4301048_11_1
1,4300987,11,1,JSF-VISITA-LE TRABAJA BENITO PEIRO,,2014-09-03,1,1_4300987,1_4300987_11_1
1,4301581,11,1,CONTACTO A TRAVES DE TECNICAS REUNIDAS SA,,2014-09-03,1,1_4301581,1_4301581_11_1
1,4300648,11,1,ZINC-PLATA-NIQUEL-CROMO-PULIDO-RESTAURACION,,2014-09-03,1,1_4300648,1_4300648_11_1
1,4310088,11,1,ZINC-CADMIO-ESTAÑO-PAVONADO,,2014-09-03,1,1_4310088,1_4310088_11_1
1,4310089,11,1,CROMO-RURO,,2014-09-03,1,1_4310089,1_4310089_11_1
1,4301611,90,1,ENVIO A PORTES PAGADOS Y CARGADOS EN FACTURA,,2014-09-03,1,1_4301611,1_4301611_90_1
1,4300006,90,1,ESTAN EN CONCURSO DE ACREEDORES,inagasa2,2015-03-11,1,1_4300006,1_4300006_90_1
1,4000499,1,1,"HORARIO OFICINA ""Lu-Ju. 9-13 16-19"" "" Vi.9-14""",,2014-09-03,1,1_4000499,1_4000499_1_1
1,4300788,11,1,HORARIO DE 7:45 A 14:15,,2014-09-03,1,1_4300788,1_4300788_11_1
1,4310090,11,1,ANTIGUOS TRABAJADORES DE SIDASA PORTUGAL-INCIAN ACTIV.ENE/05,,2014-09-03,1,1_4310090,1_4310090_11_1
1,4301211,99,1,FACTURA QUINCENAL,,2014-09-03,1,1_4301211,1_4301211_99_1
1,4301107,90,2,"15/09/05-PENDENT COBRA FRA.5398 Vt.15/8/05  664,87.-Eur.",,2014-09-03,1,1_4301107,1_4301107_90_2
1,4301497,90,1,"15/09/05-PENDENT COBRA FRA.50399 Vt.13/07/05  559,86.-Eur.",,2014-09-03,1,1_4301497,1_4301497_90_1
1,4300013,90,1,PONER No. DE PEDIDO O PERSONA QUE LO HA PEDIDO EN LOS,,2014-09-03,1,1_4300013,1_4300013_90_1
1,4301185,90,1,15/09/2005-NO ENTREGAR QUE NO S'HAGI FET LA FACTURA I COBRAT,,2014-09-03,1,1_4301185,1_4301185_90_1
1,4301213,11,1,ANTES UNITEK-UNITED TECHNOLOGY SA. QUE SE HAN FUSIONADO,,2014-09-03,1,1_4301213,1_4301213_11_1
1,4300106,99,1,FRA.50421 Vto.26/10/2005 APLAZAN Vto. 09/11/2005,,2014-09-03,1,1_4300106,1_4300106_99_1
1,4301107,90,3,19/09/2005-FRA. 5398 ARRIBA PAGARE VT.10/10/2005,,2014-09-03,1,1_4301107,1_4301107_90_3
1,4000564,11,1,"CUBAS DE 600mm de ANCHURA, ---MEDIDA UTIL 350mm---",,2014-09-03,1,1_4000564,1_4000564_11_1
1,4000618,11,1,"HORARIO MILAGROS MARTES 9-17H, JUEVES 9-14H, VIERNES 9-17H",,2014-09-03,1,1_4000618,1_4000618_11_1
1,4100188,90,1,A 30/06/98 CAMBIA DE NOMBRE.,,2014-09-03,1,1_4100188,1_4100188_90_1
1,4100188,90,2,A 01/09/2007 CAMBIA DE NOMBRE.,,2014-09-03,1,1_4100188,1_4100188_90_2
1,4301154,99,1,"20/09/05-PENDENT COBRAR FRA.5473 Vt.09/09/05 903,42.-Eur.",,2014-09-03,1,1_4301154,1_4301154_99_1
1,4300013,90,2,ALBARANES Y FACTURAS,,2014-09-03,1,1_4300013,1_4300013_90_2
1,4301509,99,5,COBRADA 01/02/2006 FRA. 50474,,2014-09-03,1,1_4301509,1_4301509_99_5
1,4301127,11,3,"TRABAJAR CON ELLOS, MUY PUÑETEROS Y NO VAN BIEN ECONOMICAMEN",,2014-09-03,1,1_4301127,1_4301127_11_3
1,4300119,91,1,**2004-CARTA DEVUELTO-CERRO**,,2014-09-03,1,1_4300119,1_4300119_91_1
1,4300119,91,2,**CREAN OTRA EMPRESA CROMADOS FRENERIA S.L.**,,2014-09-03,1,1_4300119,1_4300119_91_2
1,4300040,99,1,"04/10-PENDENT COBRO FRA. 50478  Vt. 15/09/05 65,89.-Eur",,2014-09-03,1,1_4300040,1_4300040_99_1
1,4301509,99,4,"PENDENT FRA.50474 Vt.10/09/2005 23,94.-Eur.",,2014-09-03,1,1_4301509,1_4301509_99_4
1,4300981,91,1,DEBEN RECIBIR LAS FACTURAS DENTRO DE LOS 10 DIAS SIGUIENTES,,2014-09-03,1,1_4300981,1_4300981_91_1
1,4300880,99,2,VCTOS A 90 DIAS F.F. DIA 25 RECEPCION DE FACTURA,,2014-09-03,1,1_4300880,1_4300880_99_2
1,4300106,99,2,FRA.50505 Vto. 26/12/2005 APLAZAN Vto. 11/01/2006,,2014-09-03,1,1_4300106,1_4300106_99_2
1,4300040,99,2,14/10- COBRO FRA. 50478,,2014-09-03,1,1_4300040,1_4300040_99_2
1,4301043,90,2,20/05/2005-PAGADA FRA.5005,,2014-09-03,1,1_4301043,1_4301043_90_2
1,4301438,91,2,21/10/05*** COBRADA FRA. 50350,,2014-09-03,1,1_4301438,1_4301438_91_2
1,4301228,11,1,OCT/06 ECUACOBRE FV SA - GRIFERIA Y SANITARIOS SA -,,2014-09-03,1,1_4301228,1_4301228_11_1
1,4301228,11,3,LAS CUATRO SE HAN FUSIONADO EN: F.V. -AREA ANDINA S.A.,,2014-09-03,1,1_4301228,1_4301228_11_3
1,4301228,11,2,FRANZ VIEGENENER SA - INDUSTRIA EXPORTADORA SAN PIETRO,,2014-09-03,1,1_4301228,1_4301228_11_2
1,4301063,11,1,**JSF CERRADA 1997*,,2014-09-03,1,1_4301063,1_4301063_11_1
1,4300725,90,2,               O A LA OTRA.(SEGUN CONVERSACION TELEFONICA),,2014-09-03,1,1_4300725,1_4300725_90_2
1,4300981,91,2,A LA EMISION DE LA MISMA,,2014-09-03,1,1_4300981,1_4300981_91_2
1,4000038,11,1,"HORARIO DE 8,30 A 14 y DE 15 A 17,30",,2014-09-03,1,1_4000038,1_4000038_11_1
1,4000038,12,1,PATRON: DESARROLLO + 60mm - 15mm COSTURA,,2014-09-03,1,1_4000038,1_4000038_12_1
1,4300675,90,1,CARTA DEL 22/05/2000 NO ENTREGAR LOS 2 ULTIMOS DIA DE MES.,,2014-09-03,1,1_4300675,1_4300675_90_1
1,4301005,90,2,PEDIR LOS DATOS DEL BANCO O CAJA,,2014-09-03,1,1_4301005,1_4301005_90_2
1,4300953,90,1,ENVIAR FACTURAS A LOGROÑO.,,2014-09-03,1,1_4300953,1_4300953_90_1
1,4301519,99,1,"PENDENT DE COBRO FRA. 50564 VT.29/10/2005 IMPORT 160,66.-Eur",,2014-09-03,1,1_4301519,1_4301519_99_1
1,4300983,90,1,JSF- HAN CERRADO,,2014-09-03,1,1_4300983,1_4300983_90_1
1,4301381,2,1,"30/09/2004 COBRADO 639,86,-",,2014-09-03,1,1_4301381,1_4301381_2_1
1,4300087,99,2,09/11/2005 COBRADA FRA. 50479,,2014-09-03,1,1_4300087,1_4300087_99_2
1,4301122,91,1,UNA SOLA FACTURA MENSUAL,,2014-09-03,1,1_4301122,1_4301122_91_1
1,4300292,99,1,PAGA CUANDO LE DA LA GANA SE TIENE QUE IR 2 o 3 VECES,,2014-09-03,1,1_4300292,1_4300292_99_1
1,4300872,11,1,JUL/08 ENVIO INF.EMAIL PRODUC.ANODIZADO,,2014-09-03,1,1_4300872,1_4300872_11_1
1,4301519,99,2,FRA.50564 COBRADA 14/11/2005.,,2014-09-03,1,1_4301519,1_4301519_99_2
1,4300610,91,1,01/01/2006 UNICA FACTURA A FINAL DE MES,,2014-09-03,1,1_4300610,1_4300610_91_1
1,4301508,11,1,COJEN EL TRABAJO DE BALLOUT Y PARTE EL PERSONAL,,2014-09-03,1,1_4301508,1_4301508_11_1
1,4301508,11,2,MONTAN NUEVA EMPRESA PARA ESTAMPACION: ES.T.AGRUP.S.L.,,2014-09-03,1,1_4301508,1_4301508_11_2
1,4301523,11,1,EMPRESA CREADA DE 4301508 INDUSTRIA DE MENAJE ROCH SL.,,2014-09-03,1,1_4301523,1_4301523_11_1
1,4300013,99,1,26/09/2005***FACTURA POR PEDIDO.,,2014-09-03,1,1_4300013,1_4300013_99_1
1,4300872,11,2,SEP/08 EMAIL POR NO HABER CONTESTADO,,2014-09-03,1,1_4300872,1_4300872_11_2
1,4301242,11,1,28/12/2005 JSD- HAN QUITADO BAÑOS,,2014-09-03,1,1_4301242,1_4301242_11_1
1,4300880,99,1,**** OJO!!!! APLAZAN LOS PAGOS SIN AVISAR.,,2014-09-03,1,1_4300880,1_4300880_99_1
1,4300830,11,1,SOLO FOSFATADO,,2014-09-03,1,1_4300830,1_4300830_11_1
1,4300725,99,2,UNA FACTURA A FINAL DE MES (DEBEN RECIBIR FRA. ANTES DIA 10,,2014-09-03,1,1_4300725,1_4300725_99_2
1,4300725,99,3,COBRAT FRA.50370  05/12/2005,,2014-09-03,1,1_4300725,1_4300725_99_3
1,4301190,99,2,ADELANTAR FRA A GERMAN RODRIGUEZ cyc.admon1@grupocropu.com,,2014-09-03,1,1_4301190,1_4301190_99_2
1,4000314,11,1,"HORARIO DE 7,00-13,00 y DE 15,00-18,00",,2014-09-03,1,1_4000314,1_4000314_11_1
1,4000314,12,1,TEFLON-TEFLON CONDUCTIVO-TEFLON REST-HALAR-TESTRON,,2014-09-03,1,1_4000314,1_4000314_12_1
1,4000314,12,2,COAT178    COAT45,,2014-09-03,1,1_4000314,1_4000314_12_2
1,4301520,11,1,LES ASESORA EL SR.ANTONIO CALVO (ANTIGUO TRABAJADOR DE CASA),,2014-09-03,1,1_4301520,1_4301520_11_1
1,4301107,90,5,07/03/2006-FR.5622 ARRIBA PAGARE VT.08/03/2006,,2014-09-03,1,1_4301107,1_4301107_90_5
1,4300813,99,1,FACTURA FINAL DE MES,,2014-09-03,1,1_4300813,1_4300813_99_1
1,4301164,99,1,FACTURA QUINCENAL,,2014-09-03,1,1_4301164,1_4301164_99_1
1,4301489,11,1,ANTES 2 PRINTED CIRCUIT BOARDS S.L. - ANTES SIPEL,,2014-09-03,1,1_4301489,1_4301489_11_1
1,4301162,11,1,**JSF CERRADA 2009**,,2014-09-03,1,1_4301162,1_4301162_11_1
1,4301269,90,1,DEBEN RECIBIR LA FACTURA DENTRO DE LOS 10 DIAS SIGUIENTES,,2014-09-03,1,1_4301269,1_4301269_90_1
1,4301269,90,2,DE LA FECHA DE EMISION,,2014-09-03,1,1_4301269,1_4301269_90_2
1,4301211,2,1,MAQUINARIA PARA INDUSTRIA CARNICA,,2014-09-03,1,1_4301211,1_4301211_2_1
1,4000437,11,1,"enero/06 SERVICIO CORTE TUBO, CIZALLA >10mm",,2014-09-03,1,1_4000437,1_4000437_11_1
1,4300692,99,2,07/03/2006 -REBUT PAGARE VT.05/03/2006,,2014-09-03,1,1_4300692,1_4300692_99_2
1,4301024,10,2,CERBAL TEL.938504898 FAX 938505317 JOAN DOT,,2014-09-03,1,1_4301024,1_4301024_10_2
1,4000553,2,1,horario recogidas 8h-12h30' 15h30'-18h viernes solo mañanas,,2014-09-03,1,1_4000553,1_4000553_2_1
1,4300940,91,1,UNA SOLA FACTURA A FINAL DEL MES - DEBEN RECIBIRLA ANTES DEL,,2014-09-03,1,1_4300940,1_4300940_91_1
1,4300940,91,2,DIA 5 DEL MES SIGUIENTE.,,2014-09-03,1,1_4300940,1_4300940_91_2
1,4000493,2,1,HORARIO DE 8H - 13H y DE 14H - 17H,,2014-09-03,1,1_4000493,1_4000493_2_1
1,4000477,11,1,HORARIO 8H-14H y 15H-18H,,2014-09-03,1,1_4000477,1_4000477_11_1
1,4300106,99,3,JSF- CONTRASTA INFORMACION DE CIRRE DE LAS DOS FACTORIAS,,2014-09-03,1,1_4300106,1_4300106_99_3
1,4000256,11,1,HORARIO SAN BOI A PARTIR DEL 04/06/2007,,2014-09-03,1,1_4000256,1_4000256_11_1
1,4000256,11,2,LUNES-JUEVES DE 7H-13H y 15-19H VIERNES DE 7-13H y 15-18H,,2014-09-03,1,1_4000256,1_4000256_11_2
1,4301107,90,4,"PENDENT COBRO FRA.5622 Vt.30/12/05 IMPORT 202,54.-Eur.",,2014-09-03,1,1_4301107,1_4301107_90_4
1,4301107,99,1,"**** MAL PAGADOR,  QUITO DT.  P.P. *****",,2014-09-03,1,1_4301107,1_4301107_99_1
1,4301393,99,2,"DEBEN FRA.50170 VTO.15/04/2005 282,48.-EUR.",,2014-09-03,1,1_4301393,1_4301393_99_2
1,4300054,11,1,JSF **CERRO**,,2014-09-03,1,1_4300054,1_4300054_11_1
1,4000451,11,1,***CIERRAN EN NOV/2010***,,2014-09-03,1,1_4000451,1_4000451_11_1
1,4000033,11,1,****DICI/2008 CIERRA****,,2014-09-03,1,1_4000033,1_4000033_11_1
1,4000094,11,1,***DICI/09 CIERRA*** PASA A ROFIER DE JUAN MIGUEL RODES,,2014-09-03,1,1_4000094,1_4000094_11_1
1,4301393,99,3,COBRADO FRA.50170 15/05/2005,,2014-09-03,1,1_4301393,1_4301393_99_3
1,4301497,90,2,30/12/2005 - COBRADA FRA. 50399,,2014-09-03,1,1_4301497,1_4301497_90_2
1,4300614,99,1,UNA FACTURA MENSUAL HAN DE RECIBIR ANTES DIA 10 MES SIGUIENT,,2014-09-03,1,1_4300614,1_4300614_99_1
1,4301254,11,1,26/01/2006 VISITA JSF- HAN CERRADO A FINAL 2005,,2014-09-03,1,1_4301254,1_4301254_11_1
1,4301651,11,1,GRUPO TALLERES TOUS,,2014-09-03,1,1_4301651,1_4301651_11_1
1,4000372,91,2,AÑO 2006 A PARTIR DE MARZO AUMENTO DEL 4%,,2014-09-03,1,1_4000372,1_4000372_91_2
1,4000401,11,1,"AUMENTOS 2001 +3,5% - 2002 +3% - 2003 +5% - 2004 +5%",,2014-09-03,1,1_4000401,1_4000401_11_1
1,4300293,15,1,***JSF CERRADA***,inagasa2,2017-10-23,1,1_4300293,1_4300293_15_1
1,4301585,11,1,UNA FACTURA MENSUAL,,2014-09-03,1,1_4301585,1_4301585_11_1
1,4300625,11,2,JSF-CERRO AÑO 2003 REGISTRO 562249 VIZCAYA,,2014-09-03,1,1_4300625,1_4300625_11_2
1,4301393,99,4,"DEBEN FRA.60051 VTO.15/02/2005 294,98.-EUR.",,2014-09-03,1,1_4301393,1_4301393_99_4
1,4301393,99,5,DESPUES DE 2 RECLAMACIONES COBRADO 28/02/2006 FRA.60051,,2014-09-03,1,1_4301393,1_4301393_99_5
1,4300614,99,2,OJO**PROXIMO PEDIDO CONFIRMAR CONDICIONES PAGO 60 ó 90 DIAS,,2014-09-03,1,1_4300614,1_4300614_99_2
1,4301381,1,1,04/08/2004 RECIBO JULIO DEVUELTO 639.86+4.45,,2014-09-03,1,1_4301381,1_4301381_1_1
1,4000553,2,2,"ENDEREZAR Y CORTAR PRECIO MINIMO 30,40 EUROS ó 0,385 EURO/KG",,2014-09-03,1,1_4000553,1_4000553_2_2
1,4000553,2,3,01/06/06 DEJAN DE SUMINISTRAR ALAMBRES DE ACERO,,2014-09-03,1,1_4000553,1_4000553_2_3
1,4000553,2,4,TRANSWORD 2002 SL TEL.934187822 FAX.934179466,,2014-09-03,1,1_4000553,1_4000553_2_4
1,4000553,2,5,TREFILEUROPE IBERICA TEL.934143864 - FAX.932013558,,2014-09-03,1,1_4000553,1_4000553_2_5
1,4301022,90,1,UNICA FACTURA A FINAL DE MES,,2014-09-03,1,1_4301022,1_4301022_90_1
1,4300013,99,2,22/03/2006 COBRADA FRA. 50637 Vt.25/02/2006,,2014-09-03,1,1_4300013,1_4300013_99_2
1,4000141,11,1,***CERRO***,,2014-09-03,1,1_4000141,1_4000141_11_1
1,4000582,11,1,***CERRO AÑO 2010***,,2014-09-03,1,1_4000582,1_4000582_11_1
1,4300111,90,2,22/09/05- FRA. 50467 COBRADA,,2014-09-03,1,1_4300111,1_4300111_90_2
1,4300111,90,3,FRA.50577 Vt.25/10/2005 COBRADA 08/11/2005.,,2014-09-03,1,1_4300111,1_4300111_90_3
1,4300111,90,4,FRA.60116 Vt.28/02/2006 COBRADA 23/03/2006.,,2014-09-03,1,1_4300111,1_4300111_90_4
1,4301301,11,1,JSF-AÑO 2009 EN CONCURSO ACREEDORES,,2014-09-03,1,1_4301301,1_4301301_11_1
1,4000522,91,1,"HORARIO L-J DE 8:30-13:00 y 15:00-18:00, VIERNES 8:30-13:00",,2014-09-03,1,1_4000522,1_4000522_91_1
1,4301402,99,1,"PENDENT COBRO FRA.60061 Vt.25/02/06 IMPORT 227,88.-EUR.",,2014-09-03,1,1_4301402,1_4301402_99_1
1,4301690,91,3,                               1050-061  LISBOA (PORTUGAL),inagasa1,2015-03-04,1,1_4301690,1_4301690_91_3
1,4300953,11,1,FISTAS PATRONALES POR SAN MATEO 20/10,,2014-09-03,1,1_4300953,1_4300953_11_1
1,4300001,90,1,SEPT/06 SUSPENSION DE PAGOS,,2014-09-03,1,1_4300001,1_4300001_90_1
1,4300111,90,5,"PENDENT COBRO FRA.60190 Vt.30/03/06 IMPORT 2.728,61.-EUR.",,2014-09-03,1,1_4300111,1_4300111_90_5
1,4300111,90,6,18/04/2006 COBRADA FRA. 60190,,2014-09-03,1,1_4300111,1_4300111_90_6
1,4301402,99,2,07/06/06-COBRADA FRA.60061,,2014-09-03,1,1_4301402,1_4301402_99_2
1,4301069,90,1,ENVIAR FRAS.: DPTO.CUENTAS CORRIENTES Y FACTURACION,,2014-09-03,1,1_4301069,1_4301069_90_1
1,4301069,90,2,"APARTADO CORREOS, 91   08760 MARTORELL",,2014-09-03,1,1_4301069,1_4301069_90_2
1,4301521,90,1,ENVIAR PORTES PAGADOS Y CARGAR EN FACTURA,,2014-09-03,1,1_4301521,1_4301521_90_1
1,4301521,11,1,27/06/2006 tel.961322457 OFRECEN 5 RECTIFICADORES,,2014-09-03,1,1_4301521,1_4301521_11_1
1,4301024,11,1,HORARIO DE 8H-14H y 16H-20H,,2014-09-03,1,1_4301024,1_4301024_11_1
1,4301600,11,1,ENERO/2008 ERA LINECROM,,2014-09-03,1,1_4301600,1_4301600_11_1
1,4301122,91,2,DEBEN RECIBIR FACTURA MAXIMO DIA 10 DEL MES SIGUIENTE,,2014-09-03,1,1_4301122,1_4301122_91_2
1,4000428,11,1,HORARIO DE 8:00-13:00 Y 15:00-17:30,,2014-09-03,1,1_4000428,1_4000428_11_1
1,4301658,90,1,FACTURA MENSUAL,,2014-09-03,1,1_4301658,1_4301658_90_1
1,4000063,2,1,"25/5/98 PRECIO PIVOTE D40 I.D. ELECTROQUIMICA A 250,-PTAS",,2014-09-03,1,1_4000063,1_4000063_2_1
1,4000063,3,1,"CHAPA TALADRADA A 460,-PTAS C/U.",,2014-09-03,1,1_4000063,1_4000063_3_1
1,4000063,4,1,"02/10/2003 OFERTA 6MT TI C/9,5 A 16,29E/M -",,2014-09-03,1,1_4000063,1_4000063_4_1
1,4000063,4,2,"2MT TI C/12,7 A 29E/M - 1MT TI D16 A 54,93E/M",,2014-09-03,1,1_4000063,1_4000063_4_2
1,4000563,2,2,HORARIO RUBI L/JUEVES 7:30-17:30  V DE 8H-14H,,2014-09-03,1,1_4000563,1_4000563_2_2
1,4301785,90,1,ENVIAR FACTURES A (08251)SANTPEDOR,inagasa1,2017-11-23,1,1_4301785,1_4301785_90_1
1,4301612,90,1,FALTAN DATOS BANCARIOS PARA LA DOMICILIACION,,2014-09-03,1,1_4301612,1_4301612_90_1
1,4301612,90,2,ENVIO A PORTES PAGADOS Y CARGADO EN FACTURA,,2014-09-03,1,1_4301612,1_4301612_90_2
1,4000643,11,1,HORARIO 8H-13H y 15:30H-17H,,2014-09-03,1,1_4000643,1_4000643_11_1
1,4301613,11,1,ANTES JIMENES CASTRO S.L.,,2014-09-03,1,1_4301613,1_4301613_11_1
1,4000298,90,1,"A PARTIR 02/07/2007 AUMENTO 4,5% ANOIDZADO Y LACADOS 3,5%",,2014-09-03,1,1_4000298,1_4000298_90_1
1,4301271,90,1,ENVIO PORTE PAGADO CON CARGO EN FACTURA,,2014-09-03,1,1_4301271,1_4301271_90_1
1,4000531,2,2,HORARIO RIPOLLET DE 7:00 - 15:00h,,2014-09-03,1,1_4000531,1_4000531_2_2
1,4301600,90,1,ENVIO DE FACTURAS A DEARTE (NAVARRA),,2014-09-03,1,1_4301600,1_4301600_90_1
1,4300181,90,1,CIERRA EN AGOSTO/07,,2014-09-03,1,1_4300181,1_4300181_90_1
1,4301602,99,1,PROVEEDOR DE MAESTRANZA AEREA DE SEVILLA,,2014-09-03,1,1_4301602,1_4301602_99_1
1,4301603,11,1,TAMBIEN TIENEN EMPRES 1421-MONTAJES SEFERSA S.L.,,2014-09-03,1,1_4301603,1_4301603_11_1
1,4300617,11,1,TEKNIA DEIS -Pol.Ind.Eixample Compte MonteMoli-PARETS DEL,,2014-09-03,1,1_4300617,1_4300617_11_1
1,4300617,11,2,VALLES-TEL. 935730314,,2014-09-03,1,1_4300617,1_4300617_11_2
1,4301506,99,1,ADELANTAR FRA. POR FAX. CIERRA 04/05 DE CADA MES,,2014-09-03,1,1_4301506,1_4301506_99_1
1,4000409,99,1,"19/10-ER-FRA.INF.A 100.-E. ENVIAR XEC, ADELANTAR  FRA.FAX",,2014-09-03,1,1_4000409,1_4000409_99_1
1,4300981,1,1,"**PENDENT DE COBRO FRA.50198 Vt.25/05/2005 144,92.-Eur.",,2014-09-03,1,1_4300981,1_4300981_1_1
1,4300981,1,2,FRA. 50198 COBRADA 06/06/2005,,2014-09-03,1,1_4300981,1_4300981_1_2
1,4300981,1,3,"** PENDENT DE COBRAR FRA. 50445 Vt.10/09/2005 192,56.-Eur.",,2014-09-03,1,1_4300981,1_4300981_1_3
1,4300981,1,4,FRA. 50445 COBRADA 06/10/2005.,,2014-09-03,1,1_4300981,1_4300981_1_4
1,4301558,11,1,SE DEDICAN FABR.UTILLAJES EN LA ZONA DE BURGOS,,2014-09-03,1,1_4301558,1_4301558_11_1
1,4301559,11,1,PERSONAL SUGIDO DE QUIMIJOY,,2014-09-03,1,1_4301559,1_4301559_11_1
1,4301572,90,1,"MUESTRA REALIZADA VALOR 50,00.-Eur. ALBARAN NO FACTURABLE",,2014-09-03,1,1_4301572,1_4301572_90_1
1,4300203,99,1,FACTURA FINAL DE MES **Vt.AGOST PASA AL SETEMBRE**,,2014-09-03,1,1_4300203,1_4300203_99_1
1,4300631,11,2,"ES EL HIJO DE JAIME TAÑA, EMPRESA CREADA 2003",,2014-09-03,1,1_4300631,1_4300631_11_2
1,4310054,11,1,JSF FEBR/08 *CERRO*,,2014-09-03,1,1_4310054,1_4310054_11_1
1,4310057,11,1,JSF FEBR/08 *CERRO*,,2014-09-03,1,1_4310057,1_4310057_11_1
1,4301557,99,1,FACTURA FINAL MES,,2014-09-03,1,1_4301557,1_4301557_99_1
1,4301652,11,1,ANTES DIVISION EQUIPO DE ENTHONE OMI ESPAÑA SA,,2014-09-03,1,1_4301652,1_4301652_11_1
1,4000610,11,1,"HORARIO ALMACEN L-J  8,30:12,45 y 14,00:17,30 Y V 8,00:13,00",,2014-09-03,1,1_4000610,1_4000610_11_1
1,4301213,11,2,CON AEROMAR TELECOMUNICACION SA,,2014-09-03,1,1_4301213,1_4301213_11_2
1,4000038,11,2,"AUMENTOS 2005 +5%, 2008 +5,6%, 2011 +2%",,2014-09-03,1,1_4000038,1_4000038_11_2
1,4300981,1,5,"** PENDENT DE COBRAR FRA. 50511 Vt.25/10/2005 1.151,04-Eur",,2014-09-03,1,1_4300981,1_4300981_1_5
1,4300981,1,6,FRA. 50511 COBRADA 14/11/2005.,,2014-09-03,1,1_4300981,1_4300981_1_6
1,4300981,1,7,"** PENDENT DE COBRAR FRA. 60259 Vt.10/06/2006 270,21-Eur.",,2014-09-03,1,1_4300981,1_4300981_1_7
1,4300981,1,8,FRA. 60259 COBRADA 20/06/2006,,2014-09-03,1,1_4300981,1_4300981_1_8
1,4301007,99,1,FACTURA QUINCENAL,,2014-09-03,1,1_4301007,1_4301007_99_1
1,4000249,90,1,*** INDICAR EN LOS PEDIDOS -SIN PORTES- SEPARAR FRAS.POR IVA,,2014-09-03,1,1_4000249,1_4000249_90_1
1,4300929,91,1,FACTURA FINAL MES,,2014-09-03,1,1_4300929,1_4300929_91_1
1,4301552,11,1,HORARIO DE 8h 16h:30',,2014-09-03,1,1_4301552,1_4301552_11_1
1,4000215,11,2,HAN SUPRIMIDO EL PLASTISOL DE ALTA TEMPERATURA,,2014-09-03,1,1_4000215,1_4000215_11_2
1,4000215,12,1,HORARIO DE 8:00-13:00 y 14:00-17:30,,2014-09-03,1,1_4000215,1_4000215_12_1
1,4301314,11,1,HORARIO 8:00-13:00 y 15:00-18:00,,2014-09-03,1,1_4301314,1_4301314_11_1
1,4300049,11,1,JSF- CIERRA A FINAL SEPT/08,,2014-09-03,1,1_4300049,1_4300049_11_1
1,4301618,11,1,OTRA EMPRESA DE XARLES TERMINATOR EUROP S.A.,,2014-09-03,1,1_4301618,1_4301618_11_1
1,4301620,11,1,OJO BIENEN DE BOLMI-SIPOL Y CROMADOS BARCELONA,,2014-09-03,1,1_4301620,1_4301620_11_1
1,4000642,11,1,HORARIO L-J 8:30h-14h y 16h 18h - V 8:30h 14h,,2014-09-03,1,1_4000642,1_4000642_11_1
1,4301371,11,1,"PORTAL DE COMPRAS-ESA08783656, 4301371, 1731034",,2014-09-03,1,1_4301371,1_4301371_11_1
1,4300145,91,1,FACTURA FINAL DE MES,,2014-09-03,1,1_4300145,1_4300145_91_1
1,4000479,11,1,PROX.FABRICACION MANDAR NUEVO ARCHIVO DEL 02/09469C01,,2014-09-03,1,1_4000479,1_4000479_11_1
1,4300262,93,1,DIC/09 JSF DICE QUE HA CERRADO,,2014-09-03,1,1_4300262,1_4300262_93_1
1,4300769,90,1,DIC/08 JSF CERRO,,2014-09-03,1,1_4300769,1_4300769_90_1
1,4300681,90,1,DIC/08 JSF HAN QUITADO LOS BAÑOS,,2014-09-03,1,1_4300681,1_4300681_90_1
1,4301128,90,1,DIC/08 JSF  ***CERRO***,,2014-09-03,1,1_4301128,1_4301128_90_1
1,4301185,11,1,**MOROSO** DIC/08 CERRO,,2014-09-03,1,1_4301185,1_4301185_11_1
1,4301431,90,1,DICI/08 JSF **CERRO BAÑOS**,,2014-09-03,1,1_4301431,1_4301431_90_1
1,4300865,90,1,JSF ***CERRO*** SR.CELADES,,2014-09-03,1,1_4300865,1_4300865_90_1
1,4301268,11,2,FEBR809 HORARIO DESCARGA 8:00-13:00,,2014-09-03,1,1_4301268,1_4301268_11_2
1,4300625,11,1,DSS-CREO QUE CERRO AÑO 2006,,2014-09-03,1,1_4300625,1_4300625_11_1
1,4301129,90,1,FACTURA A FINAL DE MES,,2014-09-03,1,1_4301129,1_4301129_90_1
1,4301627,90,1,UNA SOLA FACTURA A FINAL DE MES SIN MEZCLAR ALBARANES DE,,2014-09-03,1,1_4301627,1_4301627_90_1
1,4301627,90,2,DIFERENTES MESES,,2014-09-03,1,1_4301627,1_4301627_90_2
1,4301133,11,1,JOSE MANUEL BELLON. MARCAN 2 LINES DE NEGOCIO POR CRISIS,,2014-09-03,1,1_4301133,1_4301133_11_1
1,4301133,11,2,R&D DEPELTRONIK FABRICACION MAQUINARIA,,2014-09-03,1,1_4301133,1_4301133_11_2
1,4301133,11,3,SP-TRONIK de MERCEDES SANCHEZ QUERO SERVICIO POST-VENTA,,2014-09-03,1,1_4301133,1_4301133_11_3
1,4301630,11,1,JOSE MANUEL BELLON. MARCAN 2 LINES DE NEGOCIO POR CRISIS,,2014-09-03,1,1_4301630,1_4301630_11_1
1,4301630,11,2,R&D DEPELTRONIK FABRICACION MAQUINARIA,,2014-09-03,1,1_4301630,1_4301630_11_2
1,4301630,11,3,SP-TRONIK de MERCEDES SANCHEZ QUERO SERVICIO POST-VENTA,,2014-09-03,1,1_4301630,1_4301630_11_3
1,4301597,99,1,"DIC/2008-PASADO CLIENTES DUDOSO COBRO 4.646,79.-Eur.",,2014-09-03,1,1_4301597,1_4301597_99_1
1,4300812,11,1,****CERRO****,,2014-09-03,1,1_4300812,1_4300812_11_1
1,4000588,11,2,EMPRESA CERRADA ABRIL/09 SOCIOS AHORA EN PIAT,,2014-09-03,1,1_4000588,1_4000588_11_2
1,4000472,11,1,"ABR/09 DUEÑO 69AÑOS, ESTA LIQUIDANDO PARA CERRAR",,2014-09-03,1,1_4000472,1_4000472_11_1
1,4300212,11,2,"ABRIL/09 CIERRAN, QUEDA UNA PARTE DE LA DEUDA",,2014-09-03,1,1_4300212,1_4300212_11_2
1,4000298,11,1,"AUMENTOS 2006 +5/7% - 2007 +3,5/4,5%",,2014-09-03,1,1_4000298,1_4000298_11_1
1,4301093,11,1,**JSF INSOLVENTE NOV/2010**,,2014-09-03,1,1_4301093,1_4301093_11_1
1,4300070,11,1,"17/02/09 EMAIL CON ARCHIVOS, SG-CL-09-01 Y DRIPTIC",,2014-09-03,1,1_4300070,1_4300070_11_1
1,4300104,11,1,"17/02/09 EMAIL CON ARCHIVOS, SG-CL-09-01 Y DRIPTIC",,2014-09-03,1,1_4300104,1_4300104_11_1
1,4301003,11,1,"02/06//09 EMAIL CON ARCHIVOS, SG-CL-09-01 Y DRIPTIC",,2014-09-03,1,1_4301003,1_4301003_11_1
1,4301079,11,1,02/06/2009 TEL.HIJA ANTONI BAJA ACC.HASTA SEP/09,,2014-09-03,1,1_4301079,1_4301079_11_1
1,4301084,11,1,09/06/2009 TEL.MONICA SIN NECESIDADES HASTA SEP/09,,2014-09-03,1,1_4301084,1_4301084_11_1
1,4301501,11,1,"15/06//09 EMAIL CON ARCHIVOS, SG-CL-09-01 Y DRIPTIC",,2014-09-03,1,1_4301501,1_4301501_11_1
1,4301527,11,1,"11/06//09 EMAIL CON ARCHIVOS, SG-CL-09-01 Y DRIPTIC",,2014-09-03,1,1_4301527,1_4301527_11_1
1,4301527,11,2,11/06/09 RPTA.CUENTA CON NOSOTROS CUANDO TENGA NECESIDAD,,2014-09-03,1,1_4301527,1_4301527_11_2
1,4300643,11,1,"15/06//09 EMAIL CON ARCHIVOS, SG-CL-09-01 Y DRIPTIC",,2014-09-03,1,1_4300643,1_4300643_11_1
1,4000649,11,1,EMPRESA MONTADA CON PERSONAL PORCELANAS MONTGAT,,2014-09-03,1,1_4000649,1_4000649_11_1
1,4000374,11,1,"HORARIO LUNES/JUEVES 9H-13H y 15H-18H, VIERNES 9H-13H",,2014-09-03,1,1_4000374,1_4000374_11_1
1,4300392,11,1,ERF- CyC DICEN TIENEN RIESGO DE 19000E,,2014-09-03,1,1_4300392,1_4300392_11_1
1,4000602,11,1,HORARIO DE 8:00-13:30,,2014-09-03,1,1_4000602,1_4000602_11_1
1,4301633,11,1,ENVIO A PORTES PAGADOS Y CARGADO EN FACTURA,,2014-09-03,1,1_4301633,1_4301633_11_1
1,4300643,11,2,"16/09/09 EMAIL CON ARCHIVOS, SG-CL-09-02 Y DRIPTIC",,2014-09-03,1,1_4300643,1_4300643_11_2
1,4300920,11,1,16/09/09 EMAIL CON ARCHIVOS SG-CL-09-01 Y DRIPTICO,,2014-09-03,1,1_4300920,1_4300920_11_1
1,4301085,11,1,16/09/09 ENVIO EMAIL SG-CL-09-01 Y DRIPTICO,,2014-09-03,1,1_4301085,1_4301085_11_1
1,4301269,11,1,"07/10/09 EMAIL CON ARCHIVOS, SG-CL-09-01 Y DRIPTIC",,2014-09-03,1,1_4301269,1_4301269_11_1
1,4301549,11,1,"22/09/09 EMAIL CON ARCHIVOS, SG-CL-09-01 Y DRIPTIC",,2014-09-03,1,1_4301549,1_4301549_11_1
1,4301151,11,1,**JSF CERRADA 2002**,,2014-09-03,1,1_4301151,1_4301151_11_1
1,4300663,11,1,07/10/2009 EMAIL CON ARCHVOS SG-CL-09-01 Y DRIPTIC,,2014-09-03,1,1_4300663,1_4300663_11_1
1,4301638,90,1,MANDAR FACTURA POR EMAIL A SILVIA,,2014-09-03,1,1_4301638,1_4301638_90_1
1,4301638,11,1,PARA VALORES SUPERIORES 300EUROS PASAR A 90 DIAS,,2014-09-03,1,1_4301638,1_4301638_11_1
1,4000211,11,1,AUMENTOS 2005 +10% - 2006 +% - 2007 = - ,,2014-09-03,1,1_4000211,1_4000211_11_1
1,4000409,12,1,12/11/2009-FACTURA FINAL DE MES,,2014-09-03,1,1_4000409,1_4000409_12_1
1,4000567,11,1,NOV/09 PEDIDOS MINIMOS 100KG POR MEDIDA,,2014-09-03,1,1_4000567,1_4000567_11_1
1,4000651,11,1,VIENE DE ALHSTROM,,2014-09-03,1,1_4000651,1_4000651_11_1
1,4000651,11,2,DISTRIBUIDOR MF FILTRI srl y INDUSTRIAL FILTRO srl,,2014-09-03,1,1_4000651,1_4000651_11_2
1,4300234,90,1,UNA FACTURA MENSUAL FECHA FINAL DE MES,,2014-09-03,1,1_4300234,1_4300234_90_1
1,4301315,90,1,UNICA FACTURA A FINAL DE MES,,2014-09-03,1,1_4301315,1_4301315_90_1
1,4301620,90,1,JUNIO/10 SUBASTA PUBLICA POR EMBARGO,,2014-09-03,1,1_4301620,1_4301620_90_1
1,4301620,90,2,******NO VENDERLE******,,2014-09-03,1,1_4301620,1_4301620_90_2
1,4301384,90,1,12/05/2010 JSF ***EMPRESA CERRADA FEB/2009***,,2014-09-03,1,1_4301384,1_4301384_90_1
1,4301120,80,1,AUTORITZACIO BANCARIA 20-05-2010,,2014-09-03,1,1_4301120,1_4301120_80_1
1,4302053,11,1,"12/07/10 DSS EMPRESA CERRADA, VECINOS DICEN CERRAD 09/07/10",,2014-09-03,1,1_4302053,1_4302053_11_1
1,4301418,11,1,JSF ***CERRADA***,,2014-09-03,1,1_4301418,1_4301418_11_1
1,4301273,11,1,JSF ***CERRADA 2008***,,2014-09-03,1,1_4301273,1_4301273_11_1
1,4301415,11,1,JSF ***CERRADA 2009***,,2014-09-03,1,1_4301415,1_4301415_11_1
1,4301178,11,1,JSF ***CERRADA***,,2014-09-03,1,1_4301178,1_4301178_11_1
1,4000670,11,1,DIVISION IND SIEBEC,,2014-09-03,1,1_4000670,1_4000670_11_1
1,4301060,11,1,JULIO/10 CAMBIO A CONFIRMING Y DIRECC ENVIO FACTURAS,,2014-09-03,1,1_4301060,1_4301060_11_1
1,4301663,11,1,GRUPO COATRESA,,2014-09-03,1,1_4301663,1_4301663_11_1
1,4300111,11,1,"05/10/10 POCO TRABAJO, NOS TIENEN PRESENTE POSIBLE NECESIDAD",,2014-09-03,1,1_4300111,1_4300111_11_1
1,4300616,11,1,05/10/2010 EMAIL SG-CL-10-01 Y DRIPTIC,,2014-09-03,1,1_4300616,1_4300616_11_1
1,4301080,11,1,16-04/2009 EMAIL SG-CL-09-01 Y DRIPTIC,,2014-09-03,1,1_4301080,1_4301080_11_1
1,4300852,11,2,05/10/2010 EMAIL SG-CL-10-01 Y DRIPTIC,,2014-09-03,1,1_4300852,1_4300852_11_2
1,4000670,11,2,HORARIO L-J DE 9h-13H y DE 15H-18H VIERNES DE 9H-13H,,2014-09-03,1,1_4000670,1_4000670_11_2
1,4301211,11,1,HORARIO DE 8:00-13:30 Y DE 15:30-19,,2014-09-03,1,1_4301211,1_4301211_11_1
1,4000120,11,1,"HORARIO LUNES-JUEVES DE 7-13H y 14-18H, VIERNES DE 7-13H",,2014-09-03,1,1_4000120,1_4000120_11_1
1,4301473,91,1,ADELANTAR FRA. POR E-MAIL,,2014-09-03,1,1_4301473,1_4301473_91_1
1,4301489,90,1,ENVIAR FRA ELECTRONICA A compras@2cisa.com ,,2014-09-03,1,1_4301489,1_4301489_90_1
1,4310087,11,1,***JSF CERRADA***,inagasa2,2014-12-19,1,1_4310087,1_4310087_11_1
1,4301697,11,1,CONTINUIDAD DE ES.T.AGRUP -,,2014-09-03,1,1_4301697,1_4301697_11_1
1,4300880,99,3,ENERO/2011 PAGO 30 DIAS APLICAR DTO 2% EN LINEA PRODUCTO,,2014-09-03,1,1_4300880,1_4300880_99_3
1,4000664,90,1,ENERO/11 UNA SOLA FACTURA A FINAL DE MES,,2014-09-03,1,1_4000664,1_4000664_90_1
1,4301675,11,1,SIGUEN ACTIVIDAD DE PULIDOS RM,,2014-09-03,1,1_4301675,1_4301675_11_1
1,4301690,90,1,ADELANTAR FRA POR EMAIL A RAQUEL GONZALEZ,,2014-09-03,1,1_4301690,1_4301690_90_1
1,4302053,11,2,DIC/10 NUEVA EMPRESA ANODIZADOS SERT,,2014-09-03,1,1_4302053,1_4302053_11_2
1,4301360,11,1,***FEB/11 JSF CERRO NOV/2010***,,2014-09-03,1,1_4301360,1_4301360_11_1
1,4000631,11,1,***ANTES EGARA WATER CUT*****,,2014-09-03,1,1_4000631,1_4000631_11_1
1,4000631,11,2,***DICI/10 CERRO LEIVA METAL.LISTES SL B61533295***,,2014-09-03,1,1_4000631,1_4000631_11_2
1,4000631,11,3,ENERO/2011-GEPROMET-ADOLFO LEIVA NAVARRO,,2014-09-03,1,1_4000631,1_4000631_11_3
1,4000677,11,1,DE 7H-13H y 15H-18:30H,,2014-09-03,1,1_4000677,1_4000677_11_1
1,4300276,11,1,**JSF  CERRADA EN 2006**,,2014-09-03,1,1_4300276,1_4300276_11_1
1,4300290,11,1,**JSF CERRADA EN 2009**,,2014-09-03,1,1_4300290,1_4300290_11_1
1,4300306,11,1,**JSF CERRADA 2009**,,2014-09-03,1,1_4300306,1_4300306_11_1
1,4300329,11,1,**JSF CERRADA 2008**,,2014-09-03,1,1_4300329,1_4300329_11_1
1,4000613,11,1,REA: FI477398,,2014-09-03,1,1_4000613,1_4000613_11_1
1,4300744,11,1,**JSF PASO A LLAMARSE BARAYO SA EN EL 2005 CERRO 2009,,2014-09-03,1,1_4300744,1_4300744_11_1
1,4300793,11,1,**JSF CERRADA 1996**,,2014-09-03,1,1_4300793,1_4300793_11_1
1,4300834,11,1,**JSF CERRADA 2010**,,2014-09-03,1,1_4300834,1_4300834_11_1
1,4300860,11,1,**JSF CERRADA 2000**,,2014-09-03,1,1_4300860,1_4300860_11_1
1,4300879,11,1,**JSF CERRADA 2004**,,2014-09-03,1,1_4300879,1_4300879_11_1
1,4000678,11,1,HORARIO 7H-13H Y 14:30-19H,,2014-09-03,1,1_4000678,1_4000678_11_1
1,4300899,11,1,**JSF CERRADA 1999**,,2014-09-03,1,1_4300899,1_4300899_11_1
1,4000470,11,1,SEP/2009 HASTA 3000KG PORTES 22EUROS,,2014-09-03,1,1_4000470,1_4000470_11_1
1,4300960,11,1,**JSF LIQUIDACION 2010**,,2014-09-03,1,1_4300960,1_4300960_11_1
1,4300985,11,1,**JSF LIQUIDACION 2008**,,2014-09-03,1,1_4300985,1_4300985_11_1
1,4300988,11,1,**JSF CERRADA 2007**,,2014-09-03,1,1_4300988,1_4300988_11_1
1,4301031,11,1,**JSF CERRADA 2006**,,2014-09-03,1,1_4301031,1_4301031_11_1
1,4301033,11,1,**JSF CERRADA 2008**,,2014-09-03,1,1_4301033,1_4301033_11_1
1,4301036,11,1,**JSF 15/04/2011 NO CONTESTAN TL**,,2014-09-03,1,1_4301036,1_4301036_11_1
1,4301719,11,1,RECUBRIMIENTO Pt se lo hace DENORA,,2014-09-03,1,1_4301719,1_4301719_11_1
1,4000670,11,3,HORARIO ALMACEN L-J DE 10h-13h y de 15H-17H VIERNES 9h-13:30,,2014-09-03,1,1_4000670,1_4000670_11_3
1,4000681,11,1,CERRADA FINALES 2012,,2014-09-03,1,1_4000681,1_4000681_11_1
1,4300401,99,1,**** 10/01/2012- CONCURSO DE ACREEDORES ******,,2014-09-03,1,1_4300401,1_4300401_99_1
1,4000211,11,3,"2012 TC Cu simple  +SOLDADURA ANODO 6,70E/ud.",,2014-09-03,1,1_4000211,1_4000211_11_3
1,4000571,91,1,13/09/2011 AVISAR ANTES 13H PARA RECOGER EL MISMO DIA,,2014-09-03,1,1_4000571,1_4000571_91_1
1,4301196,11,1,**JSF CERRADA 2008**,,2014-09-03,1,1_4301196,1_4301196_11_1
1,4000228,11,1,ABRIL ERE DESPIDO GENERAL EXCEPTO 4 PERSONAS,,2014-09-03,1,1_4000228,1_4000228_11_1
1,4000613,11,2,HORARIO DE 9:12:30 y DE 13:30-17:00,,2014-09-03,1,1_4000613,1_4000613_11_2
1,4301207,11,1,**JSF CERRADA 2010**,,2014-09-03,1,1_4301207,1_4301207_11_1
1,4301210,11,1,**JSF EN LIQUIDACION 2006**,,2014-09-03,1,1_4301210,1_4301210_11_1
1,4301260,11,2,**JSF CERRADA 2002**,,2014-09-03,1,1_4301260,1_4301260_11_2
1,4300228,11,2,ANTES GALVANOPLASTIA TAURO SL NIF B61755674,,2014-09-03,1,1_4300228,1_4300228_11_2
1,4301269,11,2,ANTES SACESA-SDAD ANDALUZA DE COMPON.ESPECIALES SA,,2014-09-03,1,1_4301269,1_4301269_11_2
1,4301313,11,1,**JSF LIQUDACION 2008**,,2014-09-03,1,1_4301313,1_4301313_11_1
1,4301661,90,1,FACTURA QUINCENAL,,2014-09-03,1,1_4301661,1_4301661_90_1
1,4301322,11,1,**JSF LIQUIDACION 2004** PROP. EMILI SANCHEZ,,2014-09-03,1,1_4301322,1_4301322_11_1
1,4000459,11,1,HORARIO DE 9H-14H y 15H-18H,,2014-09-03,1,1_4000459,1_4000459_11_1
1,4301362,11,1,**JSF CERRADA 2009**,,2014-09-03,1,1_4301362,1_4301362_11_1
1,4301682,11,1,PERSONAL DE UCA,,2014-09-03,1,1_4301682,1_4301682_11_1
1,4000571,11,1,13/09/2011 AVISAR ANTES 13H PARA RECOGER EL MISMO DIA,,2014-09-03,1,1_4000571,1_4000571_11_1
1,4301603,11,2,ENERO/2012 CESE ACTIVIDAD PASA A MONTAJES SEFERSA,,2014-09-03,1,1_4301603,1_4301603_11_2
1,4301580,11,1,HORARIO 2 TURNOS DE 6-14 y 14-22,,2014-09-03,1,1_4301580,1_4301580_11_1
1,4000148,11,1,HASTA SEPT/11 TAINCO,,2014-09-03,1,1_4000148,1_4000148_11_1
1,4000126,11,1,AUMENTOS 2005 +5/7% - 2006 +5% - 2007 +5% -  2008 +5%,,2014-09-03,1,1_4000126,1_4000126_11_1
1,4000651,11,3,AUMENTOS PAPEL 2011 +5% - 2012 +5% -2013 +6% -2014 +5%,,2014-09-03,1,1_4000651,1_4000651_11_3
1,4000298,11,2,DD,,2014-09-03,1,1_4000298,1_4000298_11_2
1,4000298,11,3,"MAYO/09 HAN CERRADO DELEG.HOSPITALET, TODO LO MANDAN",,2014-09-03,1,1_4000298,1_4000298_11_3
1,4000298,11,4,DESDE VICTORIA A PORTE CARGADO EN FACTURA,,2014-09-03,1,1_4000298,1_4000298_11_4
1,4000571,11,2,"2012 AUMENTO 2,90% SOBRE TARIFA",,2014-09-03,1,1_4000571,1_4000571_11_2
1,4000409,11,2,HORARIO DE 7H-20H(COMIDA DE 14H-15H)RECEPCION DE 8H-18H,,2014-09-03,1,1_4000409,1_4000409_11_2
1,4000126,11,2,"2011 +2,5% - 2012 +5% -2014 +6%",,2014-09-03,1,1_4000126,1_4000126_11_2
1,4000651,11,4,AUMENTOS CARTUCHOS BOBI 2011 -50%,,2014-09-03,1,1_4000651,1_4000651_11_4
1,4000651,11,5,AUMENTOS CARTUCHOS PRENS 2012 -33%,,2014-09-03,1,1_4000651,1_4000651_11_5
1,4000590,11,1,AUMENTOS 2005 +3% - 2006 +%,,2014-09-03,1,1_4000590,1_4000590_11_1
1,4000590,11,2,HORARIO LU-JU de 8:00-13:30 y 15:30-18:00 VI de 8:00-13:30,,2014-09-03,1,1_4000590,1_4000590_11_2
1,4000211,11,2,"HORARIO DE LUNES/JUEVES 9-13,30 y 14,30-17,30 VIERNES 8-15",,2014-09-03,1,1_4000211,1_4000211_11_2
1,4301059,11,1,**JSF CERRO**,,2014-09-03,1,1_4301059,1_4301059_11_1
1,4301148,11,1,**JSF CERRADA 2011**,,2014-09-03,1,1_4301148,1_4301148_11_1
1,4301284,11,1,**JSF CERRADA 08/2011**,,2014-09-03,1,1_4301284,1_4301284_11_1
1,4301586,11,1,**JSF CERRADA 2009**,,2014-09-03,1,1_4301586,1_4301586_11_1
1,4301558,11,2,**JSF CERRADA 2009**,,2014-09-03,1,1_4301558,1_4301558_11_2
1,4301532,11,1,***JSF CERRADA 2010**,,2014-09-03,1,1_4301532,1_4301532_11_1
1,4301509,11,1,**JSF CERRADA MAYO/2011**,,2014-09-03,1,1_4301509,1_4301509_11_1
1,4301461,11,1,**JSF CERRADA 2005**,,2014-09-03,1,1_4301461,1_4301461_11_1
1,4301443,11,1,***JSF CERRADA 2009**,,2014-09-03,1,1_4301443,1_4301443_11_1
1,4301399,11,1,**JSF CERRADA 2005**,,2014-09-03,1,1_4301399,1_4301399_11_1
1,4301372,11,1,**JSF CERRADA**,,2014-09-03,1,1_4301372,1_4301372_11_1
1,4301365,11,1,**JSF CERRADA 2010**,,2014-09-03,1,1_4301365,1_4301365_11_1
1,4301430,11,1,**JSF CERRADA 2011**,,2014-09-03,1,1_4301430,1_4301430_11_1
1,4000052,11,1,HORARIO DE 8:30-18:30,inagasa2,2014-09-29,1,1_4000052,1_4000052_11_1
1,4301030,90,1,*OJO VENCIMIENTOS AGOSTO/12 HABLAR CON EL CLIENTE*,,2014-09-03,1,1_4301030,1_4301030_90_1
1,4301637,91,1,*** 14/05/2012 - NO TIENEN RIESGO ****,,2014-09-03,1,1_4301637,1_4301637_91_1
1,4000163,4,2,"D30, D40",,2014-09-03,1,1_4000163,1_4000163_4_2
1,4301609,11,1,HORARIO 8:30-13:00 15:00-18:00,,2014-09-03,1,1_4301609,1_4301609_11_1
1,4301132,11,1,**JSF CERRADA**,,2014-09-03,1,1_4301132,1_4301132_11_1
1,4300717,11,1,** JSF CERRADA **,,2014-09-03,1,1_4300717,1_4300717_11_1
1,4301274,11,1,** JSF CERRADA **,,2014-09-03,1,1_4301274,1_4301274_11_1
1,4301217,11,1,"ALME-HORARIO 7:30-12:30, 13:30-16:30",,2014-09-03,1,1_4301217,1_4301217_11_1
1,4301676,11,1,***JSF CERRADA***,,2014-09-03,1,1_4301676,1_4301676_11_1
1,4300048,11,1,HORARIO L-J 8:30-13:30 Y 14:30-17:30 V 08:30-14:30,inagasa2,2015-05-28,1,1_4300048,1_4300048_11_1
1,4301247,99,1,"FRA13000134 Import 282,29.-E. Vt.13/04/2014 PENDENT DE COBRO",inagasa1,2014-10-01,1,1_4301247,1_4301247_99_1
1,4301436,11,1,**JSF CERRADA**,,2014-09-03,1,1_4301436,1_4301436_11_1
1,4300797,11,1,**OCT/12 JSF CONCURSO DE ACREEDORES**,,2014-09-03,1,1_4300797,1_4300797_11_1
1,4000658,11,1,ANTES J.A. ESTALELLA SA,,2014-09-03,1,1_4000658,1_4000658_11_1
1,4300690,99,1,ADELANTAR FRA. PER C/E tcuadra@cipsacircuits.com,,2014-09-03,1,1_4300690,1_4300690_99_1
1,4301579,11,1,ANTES CIPSA TECH SL. -CERRADA-,,2014-09-03,1,1_4301579,1_4301579_11_1
1,4301523,11,2,CERRADA PASA A 4301697 GARTES EMPRESARIAL SL,,2014-09-03,1,1_4301523,1_4301523_11_2
1,4301708,1,1,"CREDITO Y CAUCION RIESGO ""0"" MUY COMPLICADO",,2014-09-03,1,1_4301708,1_4301708_1_1
1,4301483,11,1,OCTUBR/12 ABSORIDA POR FILINOX SA,,2014-09-03,1,1_4301483,1_4301483_11_1
1,4300052,90,1,MANDAR FRA AL CORREO filinox.supply@inoxidables.com,,2014-09-03,1,1_4300052,1_4300052_90_1
1,4301314,90,1,ULTIMO PEDIDO DIC/12 NO HAN CUMPLIDO LAS CONDICIONES,,2014-09-03,1,1_4301314,1_4301314_90_1
1,4301314,90,2,"PACTADAS, HAN PAGADO A 90 DIAS *PROX.PEDIDO ANTES HABLAR",,2014-09-03,1,1_4301314,1_4301314_90_2
1,4300194,91,1,ENERO/13 CONCURSO ACREEDORES,,2014-09-03,1,1_4300194,1_4300194_91_1
1,4300220,91,1,05/2012-CONCURS DE CREDITORS,,2014-09-03,1,1_4300220,1_4300220_91_1
1,4301609,99,1,FACTURA QUINCENAL,,2014-09-03,1,1_4301609,1_4301609_99_1
1,4301646,99,1,ENVIAR FACTURA * CORREU ELECTRONIC - cromadosmadrid@terra.es,,2014-09-03,1,1_4301646,1_4301646_99_1
1,4301153,99,1,ENVIAR A PORTE PAGADO Y CARGAR EN FACTURA,,2014-09-03,1,1_4301153,1_4301153_99_1
1,4000706,11,1,DEL GRUPO DE TCT,,2014-09-03,1,1_4000706,1_4000706_11_1
1,4301657,11,1,ANTES CROBAR-CROMADOS Y NIQUELADOS BARCELONA,,2014-09-03,1,1_4301657,1_4301657_11_1
1,4301017,99,1,24/5/13 TL VICENTE DICEN QUE MANTIENEN LOS 90 DIAS,,2014-09-03,1,1_4301017,1_4301017_99_1
1,4301017,99,2,PROXIMO PEDIDO ANTES CONCRETAR LA FORMA DE PAGO,,2014-09-03,1,1_4301017,1_4301017_99_2
1,4000126,11,3,JUNIO/13 ANTES AHLSTROM BARCELONA - PAPELERA DEL BESOS,,2014-09-03,1,1_4000126,1_4000126_11_3
1,4000417,11,1,ANTES TALLERES MULTITORNS,,2014-09-03,1,1_4000417,1_4000417_11_1
1,4000578,11,1,***CERRO AÑO 2009*** AHORO FONALBRON-Sr.Ricardo-,,2014-09-03,1,1_4000578,1_4000578_11_1
1,4000473,11,1,04/09/13 ALBERT CAMP HEMOS DE PAGAR ANTICIPADAMENTE,,2014-09-03,1,1_4000473,1_4000473_11_1
1,4000473,11,2,NUEVAS NORMAS MENOS DE 2000KG PAGO AL CONTADO Y NOS ,,2014-09-03,1,1_4000473,1_4000473_11_2
1,4000473,11,3,HACEN UN FAVOR DE FABRICAR SOLAMENTE 50kg,,2014-09-03,1,1_4000473,1_4000473_11_3
1,4300357,99,1,ENVIAR FACTURES PER CORREU ELECTRÒNIC,,2014-09-03,1,1_4300357,1_4300357_99_1
1,4301079,11,2,HORARIO DE 8:00-14:00 y de 15:30-18:30,,2014-09-03,1,1_4301079,1_4301079_11_2
1,4000712,11,1,ANTES MOSS,,2014-09-03,1,1_4000712,1_4000712_11_1
1,4301724,11,1,HORARIO 08:00-14:00 Y DE 15:00-17:00,,2014-09-03,1,1_4301724,1_4301724_11_1
1,4300845,99,1,MANDAR FACTURA POR C/E. FINAL DE MES,,2014-09-03,1,1_4300845,1_4300845_99_1
1,4000423,99,1,12/02/20213 CONCURSO ACREEDORES,inagasa2,2021-06-21,1,1_4000423,1_4000423_99_1
1,4301060,90,1,FEBR/14 ENVIAR FACTURAS A: ADASA SISTEMAS SAU,,2014-09-03,1,1_4301060,1_4301060_90_1
1,4301060,90,2,"C/ JOSE AGUSTIN GOYTISOLO, 30-32 08908 L'HOSPITALET",,2014-09-03,1,1_4301060,1_4301060_90_2
1,4000066,11,1,"2013 +3%. 2012 +3%, 2011 +5%, 2010 +0%, 2009 +3%, 2008 +4%",,2014-09-03,1,1_4000066,1_4000066_11_1
1,4301069,90,3,MAR/14 ABSORVIDA POR SEAT SA,,2014-09-03,1,1_4301069,1_4301069_90_3
1,4301683,11,1,HORARIO DE 07:00-17:30,,2014-09-03,1,1_4301683,1_4301683_11_1
1,4000439,2,1,HORARIO 7-13:30H Y 15-18:30H,,2014-09-03,1,1_4000439,1_4000439_2_1
1,4000453,11,1,HORARIO 07:300-13:30 y 15:00-18:30,,2014-09-03,1,1_4000453,1_4000453_11_1
1,4301446,91,2,***JSF CERRO EN 2013***,,2014-09-03,1,1_4301446,1_4301446_91_2
1,4301315,90,2,***JSF CERRADA 2013***,,2014-09-03,1,1_4301315,1_4301315_90_2
1,4000027,1,1,ER-ENVIAT C/E. 09/06/2014 CANVI FORMA PAGAMENT A XEC,,2014-09-03,1,1_4000027,1_4000027_1_1
1,4300999,11,1,***JSF CERRADA***,,2014-09-03,1,1_4300999,1_4300999_11_1
1,4301661,11,1,***JSF CERRADA SE HA JUNTADO CON ELECTROZIN***,,2014-09-03,1,1_4301661,1_4301661_11_1
1,4301054,11,1,***JSF CERRADA***,,2014-09-03,1,1_4301054,1_4301054_11_1
1,4301637,11,1,***JSF CERRADA***,,2014-09-03,1,1_4301637,1_4301637_11_1
1,4301675,11,2,***JSF CERRADA***,,2014-09-03,1,1_4301675,1_4301675_11_2
1,4301538,11,1,***JSF CERRADA***,,2014-09-03,1,1_4301538,1_4301538_11_1
1,4000720,11,1,GRUPO MC2000,,2014-09-03,1,1_4000720,1_4000720_11_1
1,4300104,11,2,VICTRANSA Srta. Elena tel. 944499458 elena@vascochistu.es,inagasa2,2015-04-27,1,1_4300104,1_4300104_11_2
1,4301401,11,1,***JSF CERRADA 2013***,inagasa2,2014-09-22,1,1_4301401,1_4301401_11_1
1,4301247,99,2,30/09/2014 - FAR.13000134 PASSAT A CLIENTS DE DUBTOS COBRAME,inagasa1,2014-10-01,1,1_4301247,1_4301247_99_2
1,4000611,15,1,13/09/21 horario de L-J de 07:00-24:30 y V de 07:00-13.30,inagasa2,2021-09-13,1,1_4000611,1_4000611_15_1
1,4301555,11,1,ANTES COMEGA SA (CERRADA) CONTINUA EL HIJO,inagasa2,2014-09-23,1,1_4301555,1_4301555_11_1
1,4301555,11,2,FALTA CONFIRMAR FORMA DE PAGO,inagasa2,2014-09-23,1,1_4301555,1_4301555_11_2
1,4000724,90,1,CHEQUE NOMINATIVO A NOMBRE DE FRANCISCO GUIRADO,inagasa2,2014-10-09,1,1_4000724,1_4000724_90_1
1,4300062,11,2,*JSF CERRADA*,inagasa2,2014-10-24,1,1_4300062,1_4300062_11_2
1,4300920,11,2,**DSSA CERRADA 2012***,inagasa2,2014-10-27,1,1_4300920,1_4300920_11_2
1,4300891,11,1,***JSF CERRADA***,inagasa2,2014-11-03,1,1_4300891,1_4300891_11_1
1,4301734,90,1,ENVIAR FACTURA A LA 2º DIRECCION ATT.DPTO.ADMINISTRACION,inagasa2,2014-11-10,1,1_4301734,1_4301734_90_1
1,4300977,11,1,**JSF 13/04/2012 CERRO**CROMODER,,2014-09-03,1,1_4300977,1_4300977_11_1
1,4300977,11,2,CAMBIO NOMBRE A CONCEPTCROM SL,inagasa2,2014-11-14,1,1_4300977,1_4300977_11_2
1,4000417,99,1,"VT.25/06/2014  -67,88.-Eur. EN EL CAS DE NOVES COMANDES MO- ",inagasa1,2014-11-28,1,1_4000417,1_4000417_99_1
1,4000417,99,2,DIFICAR FORMA DE PAGAMENT A XEC.,inagasa1,2014-11-28,1,1_4000417,1_4000417_99_2
1,4300019,99,1,FACTURA POR PEDIDO + ENVIAR FACTURES PER c/e.,,2014-09-03,1,1_4300019,1_4300019_99_1
1,4301429,91,1,AVANÇAR FACTURES PER CORREU ELECTRÓNIC.,inagasa1,2015-01-08,1,1_4301429,1_4301429_91_1
1,4301735,99,1,JSF. c/e.-ENVIAR FACTURA ABANS DEL DIA 20 PER COBRAR EL 30,inagasa1,2015-01-20,1,1_4301735,1_4301735_99_1
1,4000720,11,2,HORARIO 08:00-13:30  15:00-19:00,inagasa2,2015-01-21,1,1_4000720,1_4000720_11_2
1,4000520,1,1,01/01/2015 CANVI NOM ,inagasa1,2015-01-21,1,1_4000520,1_4000520_1_1
1,4000574,99,1,ABSORVIDA PER (520) BETICO COMPRESSORS S.A.U. 01/01/2015,inagasa1,2015-01-21,1,1_4000574,1_4000574_99_1
1,4301067,11,1,***JSF CERRADA***,inagasa2,2015-01-28,1,1_4301067,1_4301067_11_1
1,4300228,99,1,FRA. QUINCENAL- enviar factures correu electrònic rrentero,,2014-09-03,1,1_4300228,1_4300228_99_1
1,4300172,1,1,06/02/2015- rebuda notificació risc -0.-Euros.,inagasa1,2015-02-06,1,1_4300172,1_4300172_1_1
1,4000685,11,1,**JUBILADO**,inagasa2,2015-02-11,1,1_4000685,1_4000685_11_1
1,4000711,11,1,FEB/2015 CAMBIA NOMBRE,inagasa2,2015-02-16,1,1_4000711,1_4000711_11_1
1,4000711,11,2,ANTES SHANGHAI HUAXIA INTERNATIONAL TRADING CO LTD,inagasa2,2015-02-16,1,1_4000711,1_4000711_11_2
1,4300228,20,1,19/02/2015- CREDITO Y CAUCION - RIESGO NADA-,inagasa1,2015-02-19,1,1_4300228,1_4300228_20_1
1,4301690,91,1,ENVIO FACTURAS: CBI Business Services ,inagasa1,2015-03-04,1,1_4301690,1_4301690_91_1
1,4300267,20,1,19/02/2015 - CREDITO Y CAUCION- CONCEDE 60.000.-EUR.,inagasa1,2015-02-19,1,1_4300267,1_4300267_20_1
1,4301690,91,2,"                                Av.5 de Outubro 146,2º Andar",inagasa1,2015-03-04,1,1_4301690,1_4301690_91_2
1,4000699,1,1,SUMITEC.BCN - JUANJO DAVILA JIMENEZ DNI.35060147M (2015),inagasa1,2016-01-12,1,1_4000699,1_4000699_1_1
1,4301580,11,2,OCT/15 SE FUSIONA CON FEDERICO FERRER  CREANDO:,inagasa2,2015-10-07,1,1_4301580,1_4301580_11_2
1,4000479,91,1,18/03/15 STOCK APROX 1 PZ TI GR4 1x1000x500 DEL PED 15000133,inagasa2,2015-03-18,1,1_4000479,1_4000479_91_1
1,4300617,99,2,BASTIDORS  NOUS FACTURA A PART (NO QUINCENAL) -LAURA,inagasa1,2015-03-25,1,1_4300617,1_4300617_99_2
1,4301540,11,1,***JSF CERRADA 2012***,inagasa2,2015-04-14,1,1_4301540,1_4301540_11_1
1,4000230,11,1,AHORA PASA A COVER APLICACIONES,inagasa2,2015-05-06,1,1_4000230,1_4000230_11_1
1,4301580,11,3,THOMAS COSMETICA DE ESPAÑA SLU -4301767-,inagasa2,2015-10-07,1,1_4301580,1_4301580_11_3
1,4300847,11,1,OCT/15 SE FUSIONA CON MAR EXPLOT CREANDO:,inagasa2,2015-10-07,1,1_4300847,1_4300847_11_1
1,4300847,11,2,THOMAS COSMETICA DE ESPAÑA SLU -4301767-,inagasa2,2015-10-07,1,1_4300847,1_4300847_11_2
1,4301164,11,2,***JSF OCT/15 CERRADA***,inagasa2,2015-10-21,1,1_4301164,1_4301164_11_2
1,4301410,11,1,***JSF OCT/15 CERRADA***,inagasa2,2015-10-21,1,1_4301410,1_4301410_11_1
1,4301506,11,1,***JSF CERRADA 2014***,inagasa2,2015-11-25,1,1_4301506,1_4301506_11_1
1,4300194,99,1,ENVIAR FACTURA PER CORREU ELECTRONIC,inagasa1,2015-11-26,1,1_4300194,1_4300194_99_1
1,4300871,11,1,HORARIO L-J 08:00-13:00 Y 15:00-18:00 V 08:00-14:00,inagasa2,2015-12-01,1,1_4300871,1_4300871_11_1
1,4301017,90,1,FACTURA POR PEDIDO,,2014-09-03,1,1_4301017,1_4301017_90_1
1,4301370,11,1,***JSF CERRADA 2007***,inagasa2,2016-01-27,1,1_4301370,1_4301370_11_1
1,4301138,11,1,***CERRADA***,inagasa2,2016-02-29,1,1_4301138,1_4301138_11_1
1,4301578,11,1,****JSF CERRADA AGOSTO/14****,inagasa2,2016-03-01,1,1_4301578,1_4301578_11_1
1,4301723,50,1,ERF- CONSULTAT RISC. LIMITAT A 0 -L'ANY 2015 VAN TENIR UN,inagasa1,2016-03-08,1,1_4301723,1_4301723_50_1
1,4301723,50,2,"SINISTRE, QUE JA ESTA PAGAT. PERO COM ES UNA EMPRESA NOVA",inagasa1,2016-03-08,1,1_4301723,1_4301723_50_2
1,4301723,50,3,NO TENEN NUMEROS I NO LA PODEN VALORAR-,inagasa1,2016-03-08,1,1_4301723,1_4301723_50_3
1,4300847,50,1,LIMITACIO CREDITO Y CAUCION de 90.000.- passa a 54.000.-,inagasa1,2016-03-10,1,1_4300847,1_4300847_50_1
1,4301537,11,1,ANTES: GAS GAS MOTOS SA,inagasa2,2016-03-24,1,1_4301537,1_4301537_11_1
1,4300870,11,1,***JSF CERRADA***,inagasa2,2016-04-04,1,1_4300870,1_4300870_11_1
1,4301084,11,2,***DSS CONCURSO ACREEDORES Y LIQUIDACION MARZO/13**,inagasa2,2016-04-11,1,1_4301084,1_4301084_11_2
1,4301630,11,4,ABRIL/16 FUSION CAMBIO NOMBRE A marpesa sl,inagasa2,2016-04-14,1,1_4301630,1_4301630_11_4
1,4301938,11,1,***JSF SIN ACTIVIDAD***,inagasa2,2016-04-20,1,1_4301938,1_4301938_11_1
1,4300346,11,1,**JSF CERRADA 2012**,inagasa2,2016-04-21,1,1_4300346,1_4300346_11_1
1,4300358,11,1,***JSF CERRADA 1999***,inagasa2,2016-04-21,1,1_4300358,1_4300358_11_1
1,4300554,11,1,***JSF CERRADA***,inagasa2,2016-04-21,1,1_4300554,1_4300554_11_1
1,4300601,11,1,***JSF SIN ACTIVIDAD 2011***,inagasa2,2016-04-21,1,1_4300601,1_4300601_11_1
1,4301166,11,1,***JSF,inagasa2,2016-04-21,1,1_4301166,1_4301166_11_1
1,4301652,11,2,11/05/2016 INOPRERATIVA PASA BASE DATOS A INPRISA,inagasa2,2016-05-11,1,1_4301652,1_4301652_11_2
1,4300939,11,1,***JSF CERRADA***,inagasa2,2016-05-13,1,1_4300939,1_4300939_11_1
1,4300642,11,1,***JSF CERRADA 2012***,inagasa2,2016-05-13,1,1_4300642,1_4300642_11_1
1,4301171,11,1,***JSF CERRADA 2014+++,inagasa2,2016-05-13,1,1_4301171,1_4301171_11_1
1,4301140,11,1,***JSF CERRADA***,inagasa2,2016-05-13,1,1_4301140,1_4301140_11_1
1,4301646,98,1,Última factura pasada incidencia a CREDITO Y CAUCION- cobrat,inagasa1,2016-05-18,1,1_4301646,1_4301646_98_1
1,4000637,11,1,HORARIO DE 08:00-20:00,inagasa2,2016-06-10,1,1_4000637,1_4000637_11_1
1,4301097,91,1,FACTURA QUINCENAL - enviar por correo electrónico- ,inagasa1,2016-06-10,1,1_4301097,1_4301097_91_1
1,4301522,99,1,PORTES PAGADOS Y CARGADOS EN FRA,inagasa2,2016-06-16,1,1_4301522,1_4301522_99_1
1,4000729,11,1,JULIO/16 Crean nueva empresa TECNO-SLING SL Dom.Cerdanyola,inagasa2,2016-06-17,1,1_4000729,1_4000729_11_1
1,4000729,11,2,BANDATEX cambia domicilio a LA GORNAL,inagasa2,2016-06-17,1,1_4000729,1_4000729_11_2
1,4301763,90,1,SIEMPRE INDICAR Nº DE OT EN LOS ALBARANES ,inagasa2,2016-06-17,1,1_4301763,1_4301763_90_1
1,4000662,11,1,**FEBR/16 EN CONCURSO DE ACRREDORES**,inagasa2,2016-06-22,1,1_4000662,1_4000662_11_1
1,4301097,11,1,HORARIO CARGA Y DESCARGA DE 07:00-16:00 NAVE1(ROJA),inagasa2,2016-06-28,1,1_4301097,1_4301097_11_1
1,4301030,11,1,JULIO/16 NUEVA EMPRESA PARA LA ACTIVIDAD DE TRATAMIETOS,inagasa2,2016-06-29,1,1_4301030,1_4301030_11_1
1,4301030,11,2,RECUBRIMIENTOS ELECTROLITICOS CONDUCTORES SL ,inagasa2,2016-06-29,1,1_4301030,1_4301030_11_2
1,4301030,11,3,LA PASA A RECO RECUBRIMIENTOS ELECTROLITOS SL,inagasa2,2016-06-29,1,1_4301030,1_4301030_11_3
1,4000255,15,1,HORARIO: L-J 08:00-13:00 y 15:00-17:30 y V 08:00-14:00,inagasa2,2019-06-25,1,1_4000255,1_4000255_15_1
1,4301205,11,1,***JSF CERRADA***,inagasa2,2016-09-13,1,1_4301205,1_4301205_11_1
1,4100188,90,3,A 01/09/2016 CAMBIA DE NOM,inagasa1,2016-10-07,1,1_4100188,1_4100188_90_3
1,4100188,90,4,AUREN ADVOCATS I ASSES.BARCELONA SL NIF-B08932402,inagasa1,2016-10-07,1,1_4100188,1_4100188_90_4
1,4301780,99,1,ENVIAR FACTURA: CBI Business Services,inagasa1,2016-10-24,1,1_4301780,1_4301780_99_1
1,4000548,90,1,31/07/2016 HIRSCHER MANAGEMENT S.L. B66022187 (TANCA),inagasa1,2016-10-10,1,1_4000548,1_4000548_90_1
1,4301780,99,2,                                 Av.5 de Outubre 146 2º Anda,inagasa1,2016-10-24,1,1_4301780,1_4301780_99_2
1,4301780,99,3,                                1050-100 LISBOA (PORTUGAL),inagasa1,2016-10-24,1,1_4301780,1_4301780_99_3
1,4301030,20,1,CONVERSACIÓN TELEFONICA SRTA. MERCHE CANVIO FORMA DE ,inagasa1,2016-11-02,1,1_4301030,1_4301030_20_1
1,4301030,20,2,PAGO PASA DE RECIBO DOMICIALIDO A TRANSFERENCIA. ,inagasa1,2016-11-02,1,1_4301030,1_4301030_20_2
1,4301097,12,1,NOVEMBRE/2016 CANVI NOM I NIF (ELECTROZINC DEL VALLES S.L.,inagasa1,2016-11-22,1,1_4301097,1_4301097_12_1
1,4301097,12,2,NIF. B66153347),inagasa1,2016-11-22,1,1_4301097,1_4301097_12_2
1,4300532,11,1,"HORARIO L-J 07:00-13:00  15:00-18:00, V 07:00-14:00",inagasa2,2016-12-02,1,1_4300532,1_4300532_11_1
1,4301650,11,1,***JSF CERRADA ENERO/2015***,inagasa2,2016-12-13,1,1_4301650,1_4301650_11_1
1,4301447,11,1,**JSF CERRADA++,inagasa2,2016-12-23,1,1_4301447,1_4301447_11_1
1,4301206,11,1,DSS 03/01/17 CAMBIO FORMA PAGO POR TRANSF. ANTES CHEQUE,inagasa2,2017-01-03,1,1_4301206,1_4301206_11_1
1,4300949,11,1,***JSF CERRADA 2007/2008***,inagasa2,2017-01-03,1,1_4300949,1_4300949_11_1
1,4300996,11,1,***JSF CERRADA 2011***,inagasa2,2017-01-03,1,1_4300996,1_4300996_11_1
1,4301081,11,1,***JSF CERRADA 2008***,inagasa2,2017-01-03,1,1_4301081,1_4301081_11_1
1,4301174,11,1,***JSF CERRADA 03/2016***,inagasa2,2017-01-24,1,1_4301174,1_4301174_11_1
1,4301155,11,1,***JSF EMPRESA EN LIQUIDACION**,inagasa2,2017-01-24,1,1_4301155,1_4301155_11_1
1,4000401,11,2,"2005 +5% - 2006 +5% - 2007 +4% - 2008 +4,5% -2011 +3% - ",,2014-09-03,1,1_4000401,1_4000401_11_2
1,4301787,90,1,ENVIAR A PORTE PAGADO Y CARGAR EN FACTURA,inagasa2,2017-03-22,1,1_4301787,1_4301787_90_1
1,4301308,11,1,**JSF CERRADA 2014**,inagasa2,2017-03-28,1,1_4301308,1_4301308_11_1
1,4301085,15,1,***JSF EN LIQUIDACION***,inagasa2,2017-04-28,1,1_4301085,1_4301085_15_1
1,4300065,15,1,***JSF CERRADA****,inagasa2,2017-04-28,1,1_4300065,1_4300065_15_1
1,4300661,15,1,***JSF CERRADA 04/2006***,inagasa2,2017-06-01,1,1_4300661,1_4300661_15_1
1,4301264,15,1,**JSF HAN CERRADO TUCAN Y    SIGUEN EN EL MISMO SITIO**,inagasa2,2017-06-13,1,1_4301264,1_4301264_15_1
1,4301712,15,1,***JSF EMPRESA CERRADA JUNTO TURCAN***,inagasa2,2017-06-13,1,1_4301712,1_4301712_15_1
1,4000745,90,1,FACTURAS INFERIORES A 200 SON AL CONTADO,inagasa2,2017-06-21,1,1_4000745,1_4000745_90_1
1,4301660,1,1,CREDITO Y CAUCION- Rieso NADA les consta com extinguida,inagasa1,2017-07-04,1,1_4301660,1_4301660_1_1
1,4301792,15,1,PROYECTO REALIZADO POR IMDEA,inagasa2,2017-07-28,1,1_4301792,1_4301792_15_1
1,4000622,11,1,HORARIO DE 08:00-14:00 Y DE 15:00-17:30 (10:00-10:30 DESAY),inagasa2,2017-09-25,1,1_4000622,1_4000622_11_1
1,4301753,15,1,***JSF CERRADA***,inagasa2,2017-09-28,1,1_4301753,1_4301753_15_1
1,4300637,10,1,***OCT/17 ENTRA EN CONCURSO DE ACREEDORES**,inagasa2,2017-10-10,1,1_4300637,1_4300637_10_1
1,4300006,91,1,***JSF CERRADA 2016***,inagasa2,2017-10-20,1,1_4300006,1_4300006_91_1
1,4300156,15,1,***JSF CERRADA 2014***,inagasa2,2017-10-20,1,1_4300156,1_4300156_15_1
1,4300172,15,1,***CERRADA ENE/2017***,inagasa2,2017-10-20,1,1_4300172,1_4300172_15_1
1,4300292,15,1,***JSF CERRADA JUL/2017***,inagasa2,2017-10-23,1,1_4300292,1_4300292_15_1
1,4300880,99,4,ENVIAR FACTURAS POR EMAIL,inagasa2,2017-10-25,1,1_4300880,1_4300880_99_4
1,4300844,15,1,***JSF CAMBIO NOMBRE A EXAMETAL Y CERRO 2014**,inagasa2,2017-10-31,1,1_4300844,1_4300844_15_1
1,4301108,15,1,***JSF CERRADA 2008***,inagasa2,2017-11-03,1,1_4301108,1_4301108_15_1
1,4301161,15,1,***JSF CERRADA 2016***,inagasa2,2017-11-03,1,1_4301161,1_4301161_15_1
1,4301499,15,1,***JSF CERRADA 2016***,inagasa2,2017-11-03,1,1_4301499,1_4301499_15_1
1,4301497,15,1,***JSF CERRADA 2014***,inagasa2,2017-11-03,1,1_4301497,1_4301497_15_1
1,4301512,15,1,***JSF CERRADA 2017***,inagasa2,2017-11-03,1,1_4301512,1_4301512_15_1
1,4301570,15,1,***JSF CERRADA 2016***,inagasa2,2017-11-09,1,1_4301570,1_4301570_15_1
1,4301608,15,1,***JSF CERRADA 2014***,inagasa2,2017-11-09,1,1_4301608,1_4301608_15_1
1,4301620,15,1,***JSF CERRADA 2014***,inagasa2,2017-11-09,1,1_4301620,1_4301620_15_1
1,4301706,15,1,***JSF CERRADA 2016***,inagasa2,2017-11-09,1,1_4301706,1_4301706_15_1
1,4301758,15,1,***JSF CERRADA 2017***,inagasa2,2017-11-09,1,1_4301758,1_4301758_15_1
1,4301585,15,1,**JSF CERRADA 2018**,inagasa2,2022-04-22,1,1_4301585,1_4301585_15_1
1,4300652,11,1,HORARIO DE 08:00-13:00 Y 14:00-17:30 VIERNES HASTA 14:30,inagasa2,2015-12-01,1,1_4300652,1_4300652_11_1
1,4301800,99,1,*ENVIAR FACTURA DIRECCIO ****MANRESA****,inagasa1,2017-11-30,1,1_4301800,1_4301800_99_1
1,4301704,15,1,*** 05/02/2018 CONCURSO ACREEDORES **,inagasa2,2018-02-06,1,1_4301704,1_4301704_15_1
1,4300502,15,1,***JSF CERRAD***,inagasa2,2018-02-22,1,1_4300502,1_4300502_15_1
1,4301409,15,1,***JSF CERRADA 2017***,inagasa2,2018-02-22,1,1_4301409,1_4301409_15_1
1,4301406,11,2,***JSF CERRADA 2015***,inagasa2,2018-02-22,1,1_4301406,1_4301406_11_2
1,4300927,15,1,DIC/16 CAMBIO NOMBRE POR FALLECIMIENTO AVELINA RUIZ ALONSO,inagasa2,2018-03-28,1,1_4300927,1_4300927_15_1
1,4000645,11,2,horario de L-J de 07:00-15:00 pero esta hasta l9:00         ,inagasa2,2018-04-04,1,1_4000645,1_4000645_11_2
1,4000645,11,3,y Viernes de 07:00-15:00,inagasa2,2018-04-04,1,1_4000645,1_4000645_11_3
1,4000746,90,1,A PARTIR 01/05/18 AUMENTO TARIFA 5%,inagasa2,2018-05-23,1,1_4000746,1_4000746_90_1
1,4000446,10,1,HORARIO DE 8:00-14:00 Y DE 15:00-18:00,inagasa2,2018-07-18,1,1_4000446,1_4000446_10_1
1,4300051,15,1,***JSF CERRADA/2016***,inagasa2,2018-07-25,1,1_4300051,1_4300051_15_1
1,4300536,16,1,***JSF EN CONCURSO DESDE 2008***,inagasa2,2018-07-25,1,1_4300536,1_4300536_16_1
1,4301097,12,3,JUL/18 CAMBIO NOMBRE ANTES GALVANICAS DAMAR SL,inagasa2,2018-07-26,1,1_4301097,1_4301097_12_3
1,4301817,15,1,HORARIO RECP.MERCANCIA L-J 08-13 y 15:17-30 V 08-12:30,inagasa2,2018-09-17,1,1_4301817,1_4301817_15_1
1,4301180,15,1,***JSF BAJA/2015***,inagasa2,2018-09-19,1,1_4301180,1_4301180_15_1
1,4300845,11,2,26/09/18 HORARIO DESCARGA DE 6h-13h Y 13h-17h,inagasa2,2018-09-26,1,1_4300845,1_4300845_11_2
1,4301194,15,1,*** JSF BAJA 2011 ***,inagasa2,2018-10-02,1,1_4301194,1_4301194_15_1
1,4301605,15,1,"***JSF EMPRESA CERRA, CONTINUA PRODUCC POR RODINSA**",inagasa2,2018-10-18,1,1_4301605,1_4301605_15_1
1,4301444,15,1,***JSF EXTINGADA EN 04/18***,inagasa2,2018-10-18,1,1_4301444,1_4301444_15_1
1,4000275,15,1,***EXTINGUIDA/2018***,inagasa2,2018-10-18,1,1_4000275,1_4000275_15_1
1,4300995,15,1,***EXTINGUIDA/2018***,inagasa2,2018-10-18,1,1_4300995,1_4300995_15_1
1,4000571,15,1,29/10/18 SERV.CONVENCIONAL 3000x1200x2200 Peso max 1500kg,inagasa2,2018-10-29,1,1_4000571,1_4000571_15_1
1,4000571,15,2,4000x400x400 Peso max 30kg,inagasa2,2018-10-29,1,1_4000571,1_4000571_15_2
1,4301473,91,2,ADELANTAR FRA. POR E-MAIL a anajulia@garrucho.com,inagasa2,2018-11-05,1,1_4301473,1_4301473_91_2
1,4000063,90,1,"TIENE 900/1000mm tubo D17,1x    para casquillos",inagasa2,2018-11-12,1,1_4000063,1_4000063_90_1
1,4300013,99,3,TELEFONIC: ENVIAR FACTURA PER CORREU ELECTRONIC ,inagasa1,2018-11-19,1,1_4300013,1_4300013_99_3
1,4302052,15,1,***JSF EXTINGIDA FEBR/2010***,inagasa2,2018-11-22,1,1_4302052,1_4302052_15_1
1,4301784,15,1,HORARIO ALMACEN DE 08:00-17:00,inagasa2,2018-11-29,1,1_4301784,1_4301784_15_1
1,4000684,15,1,2019 AUMENTO 10%,inagasa2,2018-12-03,1,1_4000684,1_4000684_15_1
1,4000712,15,1,"2019 +2,8% - ",inagasa2,2019-01-24,1,1_4000712,1_4000712_15_1
1,4301369,99,1,FER FACTURA AMB DATA ENTREGA. (NO ESPERAR A FINAL DE MES),inagasa1,2019-02-06,1,1_4301369,1_4301369_99_1
1,4300016,90,1,XRF MEJOR CABEZAL PP SALIDA LATERAL,inagasa2,2019-02-08,1,1_4300016,1_4300016_90_1
1,4301779,15,1,ESCAPES JAN--ERGONOMIG-,inagasa2,2019-03-19,1,1_4301779,1_4301779_15_1
1,4300712,90,1,ENVIO FACTURAS: administracion@vac-tron.es,inagasa2,2019-03-26,1,1_4300712,1_4300712_90_1
1,4000683,11,1,HORARIO de 08:30-14:00 y de 15:00-17:30 Viernes 08:00-15:00,inagasa2,2016-07-18,1,1_4000683,1_4000683_11_1
1,4301764,15,1,HORARIO DE 8:30-17:00,inagasa2,2019-05-24,1,1_4301764,1_4301764_15_1
1,4000746,15,1,HORARIO L-J DE 08:30-14:00 y 15:00-18:00 y V DE 08:00-15:00,inagasa2,2019-06-20,1,1_4000746,1_4000746_15_1
1,4000683,11,2,HORARIO de 08:30-14:00 y de 15:00-17:30 Viernes 08:30-15:00,inagasa2,2019-09-02,1,1_4000683,1_4000683_11_2
1,4301522,99,2,HAN DE RECIBIR LAS FACTURAS ANTES DE FINAL DE MES DE LA ENTR,inagasa2,2019-09-18,1,1_4301522,1_4301522_99_2
1,4301522,99,3,"INDICAR EN FRA, Nº PEDIDO, DIRECC.ENVIO, SUS CODIGOS ART",inagasa2,2019-09-18,1,1_4301522,1_4301522_99_3
1,4301522,99,4,FACTURA POR PEDIDO,inagasa2,2019-09-18,1,1_4301522,1_4301522_99_4
1,4300019,99,2,HORARIO RECEPCIÓN DE 06:00 A 22:00,inagasa2,2019-09-25,1,1_4300019,1_4300019_99_2
1,4300726,15,1,HORARIO de L-J d08:30-14:00 Y 15:00-17:30 y V de 08:30-14:00,inagasa2,2019-09-26,1,1_4300726,1_4300726_15_1
1,4000723,15,1,***2019 EN LIQUIDACION***,inagasa2,2019-11-06,1,1_4000723,1_4000723_15_1
1,4000712,15,2,2020 +3%,inagasa2,2019-12-20,1,1_4000712,1_4000712_15_2
1,4000663,15,1,2019 CONCURSO ACREEDORES,inagasa2,2020-01-07,1,1_4000663,1_4000663_15_1
1,4000663,15,2,23/12/19 ADQUIRIDA POR INNOMETAL 2019 SL -cambio nombre-,inagasa2,2020-01-07,1,1_4000663,1_4000663_15_2
1,4000549,15,1,01/01/2020 ANTES DHL PARCEL BARCELONA SPAIN SLU,inagasa2,2020-01-14,1,1_4000549,1_4000549_15_1
1,4300019,99,3,10/02/20 HORARIO RECEPCIÓN DE 06:00 A 14:00,inagasa2,2020-01-28,1,1_4300019,1_4300019_99_3
1,4300160,15,1,FREB/20 HORARIO 07:00-13:: y 15:00-18:00 nave 3,inagasa2,2020-02-13,1,1_4300160,1_4300160_15_1
1,4301609,11,2,ENERO/20 DE L-J de 07:00-17:00 y VIERNES de 07:00-15:00,inagasa2,2020-02-14,1,1_4301609,1_4301609_11_2
1,4000735,15,1,HORARIO DE 08:00-13:00 y de 15:00-18:00,inagasa2,2020-02-17,1,1_4000735,1_4000735_15_1
1,4301129,90,2,***JSF CERRADA AGOST/2019***,inagasa2,2020-02-19,1,1_4301129,1_4301129_90_2
1,4000623,90,1,***JSF CERRADA AGOST/2019***,inagasa2,2020-02-19,1,1_4000623,1_4000623_90_1
1,4000592,15,4,09/03/2022 COMUNICADO AUMENTO +20% A PARTIR DE ESTA FECHA,inagasa2,2022-03-10,1,1_4000592,1_4000592_15_4
1,4300271,90,1,***JSF CERRADA***,inagasa2,2020-02-19,1,1_4300271,1_4300271_90_1
1,4301158,90,1,ENVIAR FACTURAS A A a.mejias@dh-iberica.com Y COPIA A,inagasa2,2020-02-25,1,1_4301158,1_4301158_90_1
1,4301158,90,2,facturacion@dh-iberica.com,inagasa2,2020-02-25,1,1_4301158,1_4301158_90_2
1,4301838,90,1,ENVIAR FACTURAS POR EMAIL,inagasa2,2020-04-15,1,1_4301838,1_4301838_90_1
1,4300776,15,1,ANTES ADVANCE ALLOY,inagasa2,2020-05-28,1,1_4300776,1_4300776_15_1
1,4301839,15,1,HORARIO L-J 07.00-15:00 V 07:00-14:00,inagasa2,2020-06-19,1,1_4301839,1_4301839_15_1
1,4000459,15,1,ANTES Hasta 2019    AMARI METALS IBERICA SLU,inagasa2,2020-09-18,1,1_4000459,1_4000459_15_1
1,4300981,90,1,***SEP/2020 CONCURSO ACREEDORES***,inagasa2,2020-09-22,1,1_4300981,1_4300981_90_1
1,4300220,92,1,***JSF EXTINGUIDA 2015***,inagasa2,2020-10-05,1,1_4300220,1_4300220_92_1
1,4300632,15,1,HORARIO 08:00-13:00  -  15:00-19:00,inagasa2,2020-10-14,1,1_4300632,1_4300632_15_1
1,4300735,15,1,***JSF EXTINGUIDA MAYO/2019***,inagasa2,2020-10-14,1,1_4300735,1_4300735_15_1
1,4300069,15,1,***JSF DISOLUCION JUDICIAL ENERO/2019***,inagasa2,2020-12-09,1,1_4300069,1_4300069_15_1
1,4300263,15,1,***JSF CERRADA***,inagasa2,2020-12-09,1,1_4300263,1_4300263_15_1
1,4300692,15,1,*** JSF CERRADA 2020 ***,inagasa2,2020-12-09,1,1_4300692,1_4300692_15_1
1,4300782,15,1,*** JSF CERRADA 2018 ***,inagasa2,2020-12-10,1,1_4300782,1_4300782_15_1
1,4300849,15,1,*** JSF CERRADA 2020 ***,inagasa2,2020-12-10,1,1_4300849,1_4300849_15_1
1,4300928,15,1,*** JSF CERRADA 2020 ***,inagasa2,2020-12-10,1,1_4300928,1_4300928_15_1
1,4300991,15,1,*** JSF CERRADA 2019 ***,inagasa2,2020-12-10,1,1_4300991,1_4300991_15_1
1,4301021,15,1,*** JSF CERRADA ***,inagasa2,2020-12-10,1,1_4301021,1_4301021_15_1
1,4301064,15,1,*** JSF CERRADA 2012 ***,inagasa2,2020-12-10,1,1_4301064,1_4301064_15_1
1,4301168,15,1,*** JSF CERRADA 2012 ***,inagasa2,2020-12-10,1,1_4301168,1_4301168_15_1
1,4301285,15,1,*** JSF CERRADA 2016 ***,inagasa2,2020-12-14,1,1_4301285,1_4301285_15_1
1,4301307,15,1,*** JSF CERRADO ***,inagasa2,2020-12-14,1,1_4301307,1_4301307_15_1
1,4301391,15,1,*** JSF CERRADA JUL/2020 ***,inagasa2,2020-12-14,1,1_4301391,1_4301391_15_1
1,4301495,15,1,*** JSF CERRADA ,inagasa2,2020-12-15,1,1_4301495,1_4301495_15_1
1,4301400,15,1,*** JSF CERRADA 2017 ***,inagasa2,2020-12-15,1,1_4301400,1_4301400_15_1
1,4301748,15,1,*** JSF CERRADA 2018 ***,inagasa2,2020-12-21,1,1_4301748,1_4301748_15_1
1,4000269,90,1,"2021 AUMENTO 1,5% - FACTURACION MÍNIMA 22",inagasa2,2020-12-22,1,1_4000269,1_4000269_90_1
1,4301214,15,1,JSF CERRADA POR DEFUNCION JOSE MANUEL Y ENFERMEDAD BEGOÑA***,inagasa2,2021-01-21,1,1_4301214,1_4301214_15_1
1,4000729,15,1,HORARIO de L-J 08;30/13:30  15:00/18:00 y V 08:30/15:00,inagasa2,2021-02-12,1,1_4000729,1_4000729_15_1
1,4000683,11,3,HORARIO de 08:30-14:00,inagasa2,2021-02-16,1,1_4000683,1_4000683_11_3
1,4100991,1,2,RENTING 5 ANYS (60 MSESOS),inagasa1,2021-02-17,1,1_4100991,1_4100991_1_2
1,4100991,1,1,FINAL INSTALACIÓ 03/02/2021-GS SECURITY- NºHomologación 4012,inagasa1,2021-02-17,1,1_4100991,1_4100991_1_1
1,4000592,15,1,"2021 AUMENTOS REDUCTORES +2%, MOTORES STANDAR +7%",inagasa2,2021-02-23,1,1_4000592,1_4000592_15_1
1,4000592,15,2,2021 AUMENTOS MOTORES FRENO +140%  INDEXADORES +3%,inagasa2,2021-02-23,1,1_4000592,1_4000592_15_2
1,4301722,15,1,OFERTAR PRECIOS CON PORTES Y EMBALAJES INCLUIDOS,inagasa2,2021-02-24,1,1_4301722,1_4301722_15_1
1,4301564,15,1,JSF CAMBIO DE NOMBE ANTES VERINOX TRAT.DE ACERO INOXIDABLE S,inagasa2,2021-05-14,1,1_4301564,1_4301564_15_1
1,4300755,90,1,01/09/21 HORARIO DE 06:00-16:00,inagasa2,2021-09-01,1,1_4300755,1_4300755_90_1
1,4301080,15,1,** JSF CERRADA 2014 **,inagasa2,2021-09-23,1,1_4301080,1_4301080_15_1
1,4300107,15,1,** JSF CERRADA **,inagasa2,2021-09-23,1,1_4300107,1_4300107_15_1
1,4301222,15,1,Antes INTREC (ING. Y TRATAMIENTOS ECOLOGICOS SL),inagasa2,2021-10-13,1,1_4301222,1_4301222_15_1
1,4301592,15,1,*** JSF CERRADA 2017 ***,inagasa2,2021-10-19,1,1_4301592,1_4301592_15_1
1,4000592,15,3,HORARIO DE 08:00-13:00 Y DE 15:00-18:00,inagasa2,2021-11-16,1,1_4000592,1_4000592_15_3
1,4301547,90,1,PROXIMOS PEDIDOS CONCRETAR FORMA DE PAGO,inagasa2,2021-10-25,1,1_4301547,1_4301547_90_1
1,4000735,15,2,"TOLERANCIA AGUA 0,50",inagasa2,2021-11-30,1,1_4000735,1_4000735_15_2
1,4000409,11,1,AUMENTOS 2003 +7% - 2006 +6% - 2008 +31% -2022 +15%,,2014-09-03,1,1_4000409,1_4000409_11_1
1,4000027,3,1,2021/12- CANVI NOM -MIQUEL USTRELL TERUEL DNI-46666908T,inagasa1,2021-12-29,1,1_4000027,1_4000027_3_1
1,4301819,90,1,ENVIAR A PORTE PAGADO Y CARGO EN FACTURA,inagasa2,2022-02-08,1,1_4301819,1_4301819_90_1
1,4301819,90,2,IMPORTE SUPERIOR A 500 PORTE PAGADO,inagasa2,2022-02-08,1,1_4301819,1_4301819_90_2
1,4000645,11,1,D32 Dcurva192-D30 Dcurva180-D25 Dcurva150-D25x1 Dcurva 175-,,2014-09-03,1,1_4000645,1_4000645_11_1
1,4300211,15,1,***JSF CERRADA****,inagasa2,2023-06-27,1,1_4300211,1_4300211_15_1
1,4300632,15,2,21/03/2022 Horario: lunes y martes 7:30-14:00  y 15:00-18:00,inagasa2,2022-03-21,1,1_4300632,1_4300632_15_2
1,4300632,15,3,"Miercoles, jueves y viernes de 07:30-14:30",inagasa2,2022-03-21,1,1_4300632,1_4300632_15_3
1,4000770,15,1,21/03/2022 Horario: lunes y martes 7:30-14:00  y 15:00-18:00,inagasa2,2022-03-21,1,1_4000770,1_4000770_15_1
1,4000770,15,2,"Miercoles, jueves y viernes de 07:30-14:30",inagasa2,2022-03-21,1,1_4000770,1_4000770_15_2
1,4301211,11,2,HORARIO L-J 08:00-13:30 15:30-18:30 y v 07:00-15:00,inagasa2,2022-03-21,1,1_4301211,1_4301211_11_2
1,4301851,11,1,HORARIO DESCARGA DE 06.00-13:00,inagasa2,2021-04-06,1,1_4301851,1_4301851_11_1
1,4300228,11,3,XAVIER CASES Y GABRIEL son los dos SOCIOS,inagasa2,2024-01-17,1,1_4300228,1_4300228_11_3
1,4000664,15,1,CBAL GOMA D52 y D73 salida Lateral,inagasa2,2022-04-25,1,1_4000664,1_4000664_15_1
1,4000601,15,1,HORARIO L-J 08.00-18:00 y V 08:00-14:00,inagasa2,2022-04-26,1,1_4000601,1_4000601_15_1
1,4301283,15,1,***JSF DESAPARECIDO 2014**,inagasa2,2022-04-28,1,1_4301283,1_4301283_15_1
1,4301522,15,1,HASTA EL 30/04/2022 JIMTEM SA NIF A03037579,inagasa2,2022-05-04,1,1_4301522,1_4301522_15_1
1,4300678,15,1,***JSF CERRADA MAYO/22**,inagasa2,2022-05-25,1,1_4300678,1_4300678_15_1
1,4000663,99,1,FACTURAS INFERIORES A 500 PAGO ANTICIPADO,inagasa2,2022-05-31,1,1_4000663,1_4000663_99_1
1,4301537,11,2,ANTES:TORROT ELECTRIC EUROPA SL,inagasa2,2022-06-16,1,1_4301537,1_4301537_11_2
1,4301612,90,3,***JSF EN LIQUIDACION**,inagasa2,2022-07-08,1,1_4301612,1_4301612_90_3
1,4000269,90,2,"01/01/2022 HASTA 30/06/2022 AUMENTO 6,15%",inagasa2,2022-07-15,1,1_4000269,1_4000269_90_2
1,4000269,90,3,"01/09/2022 HASTA 31/12/2022 AUMENTO 3,80%",inagasa2,2022-07-15,1,1_4000269,1_4000269_90_3
1,4301539,15,1,***JSF CERRADA JUNIO/22***,inagasa2,2022-07-19,1,1_4301539,1_4301539_15_1
1,4000723,15,2,2022 NUEVA EMPESA ACP MATERIALS,inagasa2,2022-07-29,1,1_4000723,1_4000723_15_2
1,4301527,99,1,26/09/2022 *** CONCURS DE CREDITORS ****,inagasa1,2022-09-27,1,1_4301527,1_4301527_99_1
1,4301395,15,1,HORARIO PARA ENTREGAS DIRECC.2 DE 08:00-14:30,inagasa2,2022-10-06,1,1_4301395,1_4301395_15_1
1,4000607,90,1,Horario de expedición; de 7.30 a 13.30 y de 15.30 a 18 horas,inagasa2,2022-11-23,1,1_4000607,1_4000607_90_1
1,4301718,15,1,01/10/22 Antes IMPRESION DE FLEXIBLES SL B17562679,inagasa2,2022-10-17,1,1_4301718,1_4301718_15_1
1,4000664,15,2,2024 AUMENTO DEL 2%,inagasa2,2024-01-04,1,1_4000664,1_4000664_15_2
1,4301228,11,4,ENVIAR POR COURIER DOCUMENTOS ORIGINALES:,inagasa2,2023-03-15,1,1_4301228,1_4301228_11_4
1,4301228,11,5,"2 FACTURAS COMERCIALES, SELLADAS Y FIMAADAS",inagasa2,2023-03-15,1,1_4301228,1_4301228_11_5
1,4301228,11,6,"2 PACKING LIST, SELLADOS Y FIRMADOS",inagasa2,2023-03-15,1,1_4301228,1_4301228_11_6
1,4301228,11,7,BL LO TIENE QUE ENVIAR DIRECTAMENTE LA AGENCIA DE,inagasa2,2023-03-15,1,1_4301228,1_4301228_11_7
1,4301228,11,8,TRANSPORTES QUE ELLOS CONTRATEN,inagasa2,2023-03-15,1,1_4301228,1_4301228_11_8
1,4301228,11,9,***CERTIFICADO ORIGEN DEL PRODUCTO,inagasa2,2023-03-15,1,1_4301228,1_4301228_11_9
1,4301537,15,1,HORARIO DE CARGA Y DESCARGA DE L-V DE 07:00-14.30,inagasa2,2023-03-22,1,1_4301537,1_4301537_15_1
1,4301221,15,1,HORARIO DE 09:00......,inagasa2,2023-04-04,1,1_4301221,1_4301221_15_1
1,4301801,15,1,2023-05-05 HORARIO DE 08:00-13:30 y de 15:00-17:00,inagasa2,2023-05-05,1,1_4301801,1_4301801_15_1
1,4301868,15,1,ENVIO A PORTE PAGADO Y CARGADO EN FACTURA,inagasa2,2023-05-12,1,1_4301868,1_4301868_15_1
1,4000645,11,4,"D28 Dcurva196ext, D20 D22 Dcurva 150ext",inagasa2,2022-02-10,1,1_4000645,1_4000645_11_4
1,4000789,15,1,HORARIO CARGA Y DESCARGA DE 08:00-14:00,inagasa2,2023-06-22,1,1_4000789,1_4000789_15_1
1,4301377,15,1,**JSF CERRADA 2010**,inagasa2,2023-11-02,1,1_4301377,1_4301377_15_1
1,4301006,15,1,**JSF CERRADA 2023**,inagasa2,2023-11-02,1,1_4301006,1_4301006_15_1
1,4000269,90,4,"01/01/2023 HASTA 30/06/2023 AUMENTO 5,70%",inagasa2,2022-12-21,1,1_4000269,1_4000269_90_4
1,4000269,90,5,"01/01/2024 HASTA 30/06/2024 AUMENTO 3,80% FRA.MINIMO 22",inagasa2,2023-12-11,1,1_4000269,1_4000269_90_5
1,4000456,1,1,2023/11/02-VINCA EQUIPOS INDUSTRIALES S.A. (A58224544) PASSA,inagasa1,2024-01-09,1,1_4000456,1_4000456_1_1
1,4000456,1,2,A DIR-SE VINCA SERVICIO TECNICO (B13895073)-SERVEI TECNIC.,inagasa1,2024-01-09,1,1_4000456,1_4000456_1_2
1,4000401,11,3,"2017 +3% -2018 +5% -2022 +10% -2023 +6% - 2024 +3,8%",inagasa2,2017-03-16,1,1_4000401,1_4000401_11_3
1,4301244,99,1,ENVIO FACTURAS: carmen.castro@airgrup.com; ,inagasa1,2024-01-15,1,1_4301244,1_4301244_99_1
1,4301244,99,2,mariajose.gonzalez@airgrup.com y invoice.sap@airgrup.com,inagasa1,2024-01-15,1,1_4301244,1_4301244_99_2
1,4100988,1,1,01/01/2024 ABSORVIDA :,inagasa1,2024-02-05,1,1_4100988,1_4100988_1_1
1,4100988,1,2,LEAST COST ROUTING TELECOM S.L. B82470162,inagasa1,2024-02-05,1,1_4100988,1_4100988_1_2
1,4100988,1,3,"C/Fernando Rey, 8 Ciudad de la Imagen ",inagasa1,2024-02-05,1,1_4100988,1_4100988_1_3
1,4100988,1,4,28223-POZUELO DE ALARCON,inagasa1,2024-02-05,1,1_4100988,1_4100988_1_4
1,4300634,15,1,ANTES: INGENIERIA DE PROCESOS E INTALACIONES SL,inagasa2,2024-02-23,1,1_4300634,1_4300634_15_1
1,4000775,15,1,ANTERIOR MBE GESDIRECT SL B67209320 en SAB,inagasa2,2024-04-08,1,1_4000775,1_4000775_15_1
1,4301244,2,1,ANODIZADO CROMICO ÚTIL 5800x450x1800/2100,,2014-09-03,1,1_4301244,1_4301244_2_1
1,4000761,15,1,L-J 08:30-13:30 y 15:00-18:00 V-08:30-15:00 ,inagasa2,2024-04-19,1,1_4000761,1_4000761_15_1
1,4301882,15,1,ENVIO A PORTE PAGADO CON CARGO EN FACTURA,inagasa2,2024-05-29,1,1_4301882,1_4301882_15_1
1,4301718,90,1,20/06/24 preguntar a CyC para cambiar forma de pago a ,inagasa2,2024-06-20,1,1_4301718,1_4301718_90_1
1,4301718,90,2,45 días f.f dias 10 y 20,inagasa2,2024-06-20,1,1_4301718,1_4301718_90_2
1,4301659,15,1,***JSF EXTINGUIDA MARZO/2024***,inagasa2,2024-07-02,1,1_4301659,1_4301659_15_1
1,4000378,15,1,JULIO/24 ACTUALMENTE SOLO STOCK EN TITANIO GR2,inagasa2,2024-07-05,1,1_4000378,1_4000378_15_1
1,4000378,15,2,CHAPAS Y BARRA REDONDAS,inagasa2,2024-07-05,1,1_4000378,1_4000378_15_2
1,4000700,1,2,GABINETE SME Y PREVENCION S.L. - NIF.B62643978,inagasa1,2024-04-30,1,1_4000700,1_4000700_1_2
1,4301526,15,1,EN AGOSTO/24 PRESENTA CONCURSO ACREEDORES,inagasa2,2024-07-05,1,1_4301526,1_4301526_15_1
