empresa,ejercicio,documento,tipo_doc,almacen,orden,descripcion,clv_man,facturado,empresa_id,almacen_id,documento_id,name
1,2023,7000,SF,1,1,,,0,1,1_1,1_1_SF_7000,1_1_SF_7000_1_1
1,2023,23000270,EC,1,2,1 Pieza de 1000mm,,1,1,1_1,1_1_EC_23000270,1_1_EC_23000270_2_1
1,2023,23000308,PV,1,2,En largos 3000/4000,,0,1,1_1,1_1_PV_23000308,1_1_PV_23000308_2_1
1,2023,23000081,PV,1,2,2MT CABLE,,0,1,1_1,1_1_PV_23000081,1_1_PV_23000081_2_1
1,2023,23000092,PC,1,2,REF. 8810H,,0,1,1_1,1_1_PC_23000092,1_1_PC_23000092_2_1
1,2023,3300,SF,1,2,HORNO CALENTAR 210º 2 MARCOS,,0,1,1_1,1_1_SF_3300,1_1_SF_3300_2_1
1,2023,23000403,PV,1,2,x 350,,0,1,1_1,1_1_PV_23000403,1_1_PV_23000403_2_1
1,2023,3554,EF,1,1,FABRICACION CALENTADORES MES,,0,1,1_1,1_1_EF_3554,1_1_EF_3554_1_1
1,2023,23000563,PV,1,2,S/ART. 05049016,,0,1,1_1,1_1_PV_23000563,1_1_PV_23000563_2_1
1,2023,23000012,PV,1,2,A 600x150x50 CORTADA DE CESTAS MAS LARGA,,0,1,1_1,1_1_PV_23000012,1_1_PV_23000012_2_1
1,2023,23000015,PC,1,2,RECTIFICAR,,0,1,1_1,1_1_PC_23000015,1_1_PC_23000015_2_1
1,2023,23000094,PV,1,2,CBZAL GOMA,,0,1,1_1,1_1_PV_23000094,1_1_PV_23000094_2_1
1,2023,23000026,EC,1,1,BILSAS BASURA INDUSTRIAL,,1,1,1_1,1_1_EC_23000026,1_1_EC_23000026_1_1
1,2023,23000020,SV,1,2,TEFLON 2001W 400V 9021H 3MT,,1,1,1_1,1_1_SV_23000020,1_1_SV_23000020_2_1
1,2023,23000043,EC,1,5,RECTIFICAR,,1,1,1_1,1_1_EC_23000043,1_1_EC_23000043_5_1
1,2023,23000536,PV,1,3,5MT CABLE,,0,1,1_1,1_1_PV_23000536,1_1_PV_23000536_3_1
1,2023,7001,SF,1,1,,,0,1,1_1,1_1_SF_7001,1_1_SF_7001_1_1
1,2023,7002,SF,1,1,,,0,1,1_1,1_1_SF_7002,1_1_SF_7002_1_1
1,2023,7110,SF,1,1,,,0,1,1_1,1_1_SF_7110,1_1_SF_7110_1_1
1,2023,23000008,PC,1,2,B50-0700,,0,1,1_1,1_1_PC_23000008,1_1_PC_23000008_2_1
1,2023,23000253,EC,1,2,S/REF. 77011195,,1,1,1_1,1_1_EC_23000253,1_1_EC_23000253_2_1
1,2023,23000062,PC,1,2,CBZAL GOMA,,0,1,1_1,1_1_PC_23000062,1_1_PC_23000062_2_1
1,2023,23000025,PV,1,7,2MT CABKE,,0,1,1_1,1_1_PV_23000025,1_1_PV_23000025_7_1
1,2023,23000006,PC,1,2,s/ART. i24008,,0,1,1_1,1_1_PC_23000006,1_1_PC_23000006_2_1
1,2023,23000007,PC,1,2,2 barras de 6000mm,,0,1,1_1,1_1_PC_23000007,1_1_PC_23000007_2_1
1,2023,23000020,PV,1,2,TERMINACIONES BOCAS DE S/PROP.,,0,1,1_1,1_1_PV_23000020,1_1_PV_23000020_2_1
1,2023,23000067,PC,1,2,2 mt CABLE,,0,1,1_1,1_1_PC_23000067,1_1_PC_23000067_2_1
1,2023,23000002,PC,1,2,,,0,1,1_1,1_1_PC_23000002,1_1_PC_23000002_2_1
1,2023,23000002,PC,1,3,Evitar que se enswucien la spiezas con el rebote del láser,,0,1,1_1,1_1_PC_23000002,1_1_PC_23000002_3_1
1,2023,23000192,PC,1,2,PT-678672,,0,1,1_1,1_1_PC_23000192,1_1_PC_23000192_2_1
1,2023,23000300,SV,1,4,S/CODI  210,,1,1,1_1,1_1_SV_23000300,1_1_SV_23000300_4_1
1,2023,23000264,PV,1,2,5MT CABLE,,0,1,1_1,1_1_PV_23000264,1_1_PV_23000264_2_1
1,2023,23000066,PV,1,2,INOX316L 1000W 230V 9396H,,0,1,1_1,1_1_PV_23000066,1_1_PV_23000066_2_1
1,2023,23000001,PC,1,2,"MZ 22,64 + prep 206",,0,1,1_1,1_1_PC_23000001,1_1_PC_23000001_2_1
1,2023,23000002,PV,1,2,720x220x178 canal alimentacion,,0,1,1_1,1_1_PV_23000002,1_1_PV_23000002_2_1
1,2023,23000002,PV,1,3,762x175x180 canal predosis,,0,1,1_1,1_1_PV_23000002,1_1_PV_23000002_3_1
1,2023,23000002,PV,1,4,952x381x243 tolva recepcion,,0,1,1_1,1_1_PV_23000002,1_1_PV_23000002_4_1
1,2023,23000004,PC,1,2,720x220x178 canal alimentación,,0,1,1_1,1_1_PC_23000004,1_1_PC_23000004_2_1
1,2023,23000004,PC,1,3,762x175x180 canal predosis,,0,1,1_1,1_1_PC_23000004,1_1_PC_23000004_3_1
1,2023,23000004,PC,1,4,952x381x243 tolva recepción,,0,1,1_1,1_1_PC_23000004,1_1_PC_23000004_4_1
1,2023,23000045,PC,1,2,DTO POR REPARACION,,0,1,1_1,1_1_PC_23000045,1_1_PC_23000045_2_1
1,2023,23000088,EC,1,14,ENGRASE MOTOR,,1,1,1_1,1_1_EC_23000088,1_1_EC_23000088_14_1
1,2023,23000029,EC,1,2,Heat YH CX-2205-WG Lot 2212076 D10,,1,1,1_1,1_1_EC_23000029,1_1_EC_23000029_2_1
1,2023,23000014,PC,1,2,SR-RZH-400-2Z-TEF/316-06/08-12G-PB10-150,,0,1,1_1,1_1_PC_23000014,1_1_PC_23000014_2_1
1,2023,23000016,PC,1,1,DECAPAR PIEZA INOX 600x270,,0,1,1_1,1_1_PC_23000016,1_1_PC_23000016_1_1
1,2023,23000018,EC,1,2,,,1,1,1_1,1_1_EC_23000018,1_1_EC_23000018_2_1
1,2023,3052,SF,1,2,"1OPERARIO FRECUENCIA 300"" 5min/330""",,0,1,1_1,1_1_SF_3052,1_1_SF_3052_2_1
1,2023,3052,SF,1,3,MARCO 40PZS(4x10 PEINE GANCHERA),,0,1,1_1,1_1_SF_3052,1_1_SF_3052_3_1
1,2023,3052,SF,1,4,2MARCOS CALENTAR 190?,,0,1,1_1,1_1_SF_3052,1_1_SF_3052_4_1
1,2023,3052,SF,1,5,2MARCOS COCER 200º,,0,1,1_1,1_1_SF_3052,1_1_SF_3052_5_1
1,2023,3052,SF,1,6,MEDIDA PLASTISOL 110mm o 115mm,,0,1,1_1,1_1_SF_3052,1_1_SF_3052_6_1
1,2023,3052,SF,1,7,IMPRIMACION,,0,1,1_1,1_1_SF_3052,1_1_SF_3052_7_1
1,2023,3052,SF,1,8,ALTURA PLASTISOL PIEZA 110 (-0/+5),,0,1,1_1,1_1_SF_3052,1_1_SF_3052_8_1
1,2023,23000005,SV,1,2,"ACTIVO 500, CBZAL GOMA",,1,1,1_1,1_1_SV_23000005,1_1_SV_23000005_2_1
1,2023,23000015,SV,1,2,CON 5MT CABLE,,1,1,1_1,1_1_SV_23000015,1_1_SV_23000015_2_1
1,2023,23000061,SV,1,2,CBZAL GOMA,,1,1,1_1,1_1_SV_23000061,1_1_SV_23000061_2_1
1,2023,3143,SF,1,1,DECAPAR,,0,1,1_1,1_1_SF_3143,1_1_SF_3143_1_1
1,2023,23000048,EC,1,2,B100D32C95,,1,1,1_1,1_1_EC_23000048,1_1_EC_23000048_2_1
1,2023,23000325,SV,1,2,CBZAL GOMA,,1,1,1_1,1_1_SV_23000325,1_1_SV_23000325_2_1
1,2023,23000005,PV,1,2,CON 7 MT CABLE,,0,1,1_1,1_1_PV_23000005,1_1_PV_23000005_2_1
1,2023,23000006,PV,1,2,TEFLON 2001W 400V 9021H 3MT,,0,1,1_1,1_1_PV_23000006,1_1_PV_23000006_2_1
1,2023,23000005,PC,1,2,SR-LZH-400/100-4Z-PTF/316-08-00-PB10-100,,0,1,1_1,1_1_PC_23000005,1_1_PC_23000005_2_1
1,2023,23000005,PC,1,3,FICHA REF. 140901-00,,0,1,1_1,1_1_PC_23000005,1_1_PC_23000005_3_1
1,2023,3053,SF,1,2,6 BASTIDOR SENSA REPARAR,,0,1,1_1,1_1_SF_3053,1_1_SF_3053_2_1
1,2023,3053,SF,1,3,MARCOS 40PZS (4x10 PEINES GANCHERA),,0,1,1_1,1_1_SF_3053,1_1_SF_3053_3_1
1,2023,3053,SF,1,4,2 MARCOS CALENTAR 190?,,0,1,1_1,1_1_SF_3053,1_1_SF_3053_4_1
1,2023,3053,SF,1,5,2MARCOS COCER 200º,,0,1,1_1,1_1_SF_3053,1_1_SF_3053_5_1
1,2023,3053,SF,1,6,MEDIDA PLASTISOL 110 O 115 aprox.,,0,1,1_1,1_1_SF_3053,1_1_SF_3053_6_1
1,2023,3053,SF,1,7,IMPRIMACION,,0,1,1_1,1_1_SF_3053,1_1_SF_3053_7_1
1,2023,3053,SF,1,8,ALTURA PLASTISOL PIEZA 110 -0/+5,,0,1,1_1,1_1_SF_3053,1_1_SF_3053_8_1
1,2023,23000209,PC,1,2,S/ART. 926,,0,1,1_1,1_1_PC_23000209,1_1_PC_23000209_2_1
1,2023,3149,SF,1,2,5marcos x 4tiras x 8piezas = 160,,0,1,1_1,1_1_SF_3149,1_1_SF_3149_2_1
1,2023,3149,SF,1,3,CALENTAR 230º 1MARCO,,0,1,1_1,1_1_SF_3149,1_1_SF_3149_3_1
1,2023,3149,SF,1,4,COCER 200º 2MARCOS,,0,1,1_1,1_1_SF_3149,1_1_SF_3149_4_1
1,2023,3149,SF,1,5,"FRECUENCIA 300""",,0,1,1_1,1_1_SF_3149,1_1_SF_3149_5_1
1,2023,3149,SF,1,6,"PARADA 45""",,0,1,1_1,1_1_SF_3149,1_1_SF_3149_6_1
1,2023,3149,SF,1,7,INMERSOR BAJADA RAPIDA -SUBIDA LENTA,,0,1,1_1,1_1_SF_3149,1_1_SF_3149_7_1
1,2023,3149,SF,1,8,"INMERSOR PARADO ABAJO 0""",,0,1,1_1,1_1_SF_3149,1_1_SF_3149_8_1
1,2023,3149,SF,1,9,MEDIDA UTILAGE 82mm,,0,1,1_1,1_1_SF_3149,1_1_SF_3149_9_1
1,2023,3149,SF,1,10,GRUESO 1.5mm,,0,1,1_1,1_1_SF_3149,1_1_SF_3149_10_1
1,2023,23000069,NF,1,2,MONTADAS EN PASAMANO,,0,1,1_1,1_1_NF_23000069,1_1_NF_23000069_2_1
1,2023,23000017,PV,1,2,"DECAPAR, SOLDAR VARILLA D4 EN EL CANTO",,0,1,1_1,1_1_PV_23000017,1_1_PV_23000017_2_1
1,2023,3172,SF,1,1,SENSA MATERIAL,,0,1,1_1,1_1_SF_3172,1_1_SF_3172_1_1
1,2023,23000023,PC,1,2,Heat YH CX-2287-WG Lot 2211053 D8,,0,1,1_1,1_1_PC_23000023,1_1_PC_23000023_2_1
1,2023,23000017,PV,1,3,PLASTISOLAR DOS BAÑOS,,0,1,1_1,1_1_PV_23000017,1_1_PV_23000017_3_1
1,2023,3155,SF,1,2,2 marco x 2tiras x 5piezas = 20,,0,1,1_1,1_1_SF_3155,1_1_SF_3155_2_1
1,2023,3155,SF,1,3,CALENTAR 230º 1MARCO,,0,1,1_1,1_1_SF_3155,1_1_SF_3155_3_1
1,2023,3155,SF,1,4,COCER 200º 2MARCOS,,0,1,1_1,1_1_SF_3155,1_1_SF_3155_4_1
1,2023,3154,SF,1,2,2marcos x 4tiras x 2piezas = 16,,0,1,1_1,1_1_SF_3154,1_1_SF_3154_2_1
1,2023,3154,SF,1,3,CALENTAR 230º 1MARCO,,0,1,1_1,1_1_SF_3154,1_1_SF_3154_3_1
1,2023,3154,SF,1,4,COCER 200º 2MARCOS,,0,1,1_1,1_1_SF_3154,1_1_SF_3154_4_1
1,2023,3154,SF,1,5,"FRECUENCIA 300""",,0,1,1_1,1_1_SF_3154,1_1_SF_3154_5_1
1,2023,3154,SF,1,6,COCER 200º 2MARCOS,,0,1,1_1,1_1_SF_3154,1_1_SF_3154_6_1
1,2023,3154,SF,1,7,INMERSOR BAJADA RAPIDA - SUBIDA LENTA,,0,1,1_1,1_1_SF_3154,1_1_SF_3154_7_1
1,2023,3154,SF,1,8,"INMERSOR PARADO ABAJO 0""",,0,1,1_1,1_1_SF_3154,1_1_SF_3154_8_1
1,2023,3154,SF,1,9,MEDIDA UTILAGE 82mm,,0,1,1_1,1_1_SF_3154,1_1_SF_3154_9_1
1,2023,3154,SF,1,10,GRUESO 1.5mm,,0,1,1_1,1_1_SF_3154,1_1_SF_3154_10_1
1,2023,3156,SF,1,2,5marcos x 4tiras x 5piezas = 100,,0,1,1_1,1_1_SF_3156,1_1_SF_3156_2_1
1,2023,3156,SF,1,3,CALENTAR 230º 1MARCO,,0,1,1_1,1_1_SF_3156,1_1_SF_3156_3_1
1,2023,3156,SF,1,4,5marcos x 4tiras x 5piezas = 100,,0,1,1_1,1_1_SF_3156,1_1_SF_3156_4_1
1,2023,3156,SF,1,5,"FRECUENCIA 300""",,0,1,1_1,1_1_SF_3156,1_1_SF_3156_5_1
1,2023,3156,SF,1,6,"PARADO ABAJO 20""",,0,1,1_1,1_1_SF_3156,1_1_SF_3156_6_1
1,2023,3156,SF,1,7,MEDIDA UTILAGE 102mm,,0,1,1_1,1_1_SF_3156,1_1_SF_3156_7_1
1,2023,3156,SF,1,8,"GRUESO 1,50mm",,0,1,1_1,1_1_SF_3156,1_1_SF_3156_8_1
1,2023,3156,SF,1,9,,,0,1,1_1,1_1_SF_3156,1_1_SF_3156_9_1
1,2023,3156,SF,1,10,,,0,1,1_1,1_1_SF_3156,1_1_SF_3156_10_1
1,2023,23000024,PV,1,2,"A700 CBZA.GOMA, 5MT CABLE, SELLADO",,0,1,1_1,1_1_PV_23000024,1_1_PV_23000024_2_1
1,2023,3187,SF,1,2,5marcos x 4tiras x 6piezas = 120,,0,1,1_1,1_1_SF_3187,1_1_SF_3187_2_1
1,2023,2996,SF,1,12,INOX-304 QUE FALTA SON RETALLS,,0,1,1_1,1_1_SF_2996,1_1_SF_2996_12_1
1,2023,23000088,EC,1,15,MATERIAL DIVERS,,1,1,1_1,1_1_EC_23000088,1_1_EC_23000088_15_1
1,2023,23000049,PC,1,2,PT-552068,,0,1,1_1,1_1_PC_23000049,1_1_PC_23000049_2_1
1,2023,23000022,PC,1,2,Art. I24008,,0,1,1_1,1_1_PC_23000022,1_1_PC_23000022_2_1
1,2023,23000022,PC,1,4,Art. I24008,,0,1,1_1,1_1_PC_23000022,1_1_PC_23000022_4_1
1,2023,23000013,PC,1,2,SM380 1 caja Lote  91337,,0,1,1_1,1_1_PC_23000013,1_1_PC_23000013_2_1
1,2023,23000013,PC,1,4,C90 2 cajas de 1000ud  Lote 46313,,0,1,1_1,1_1_PC_23000013,1_1_PC_23000013_4_1
1,2023,23000390,SV,1,2,x 1000,,1,1,1_1,1_1_SV_23000390,1_1_SV_23000390_2_1
1,2023,23000023,EC,1,2,PT-682290........................NUEVO,,1,1,1_1,1_1_EC_23000023,1_1_EC_23000023_2_1
1,2023,23000007,EC,1,2,720x220x178 canal alimentación,,1,1,1_1,1_1_EC_23000007,1_1_EC_23000007_2_1
1,2023,23000007,EC,1,3,762x175x180 canal predosis,,1,1,1_1,1_1_EC_23000007,1_1_EC_23000007_3_1
1,2023,23000017,EC,1,4,"Heat 5222-11 por 12,82kg",,1,1,1_1,1_1_EC_23000017,1_1_EC_23000017_4_1
1,2023,23000008,EC,1,2,2 barras de 6000mm,,1,1,1_1,1_1_EC_23000008,1_1_EC_23000008_2_1
1,2023,23000032,SV,1,2,A 600x150x50 CORTADA DE CESTAS MAS LARGA,,1,1,1_1,1_1_SV_23000032,1_1_SV_23000032_2_1
1,2023,3152,SF,1,2,5marcos x 4tiras x 3piezas = 60,,0,1,1_1,1_1_SF_3152,1_1_SF_3152_2_1
1,2023,3152,SF,1,3,CALENTAR 230º 1MARCO,,0,1,1_1,1_1_SF_3152,1_1_SF_3152_3_1
1,2023,3152,SF,1,4,COCER 200º 2MARCOS,,0,1,1_1,1_1_SF_3152,1_1_SF_3152_4_1
1,2023,3152,SF,1,5,"FRECUENCIA 300""",,0,1,1_1,1_1_SF_3152,1_1_SF_3152_5_1
1,2023,3152,SF,1,6,"PARADA 45""",,0,1,1_1,1_1_SF_3152,1_1_SF_3152_6_1
1,2023,3152,SF,1,7,INMERSOR BAJADA RAPIDA -SUBIDA LENTA,,0,1,1_1,1_1_SF_3152,1_1_SF_3152_7_1
1,2023,3152,SF,1,8,"INMERSOR PARADO ABAJO 0""",,0,1,1_1,1_1_SF_3152,1_1_SF_3152_8_1
1,2023,3152,SF,1,9,MEDIDA UTILAGE 82mm,,0,1,1_1,1_1_SF_3152,1_1_SF_3152_9_1
1,2023,3152,SF,1,10,GRUESO 1.5mm,,0,1,1_1,1_1_SF_3152,1_1_SF_3152_10_1
1,2023,3155,SF,1,5,"FRECUENCIA 300""",,0,1,1_1,1_1_SF_3155,1_1_SF_3155_5_1
1,2023,3155,SF,1,6,"PARADA 45""",,0,1,1_1,1_1_SF_3155,1_1_SF_3155_6_1
1,2023,3155,SF,1,7,INMERSOR BAJADA RAPIDA-SUBIDA LENTA,,0,1,1_1,1_1_SF_3155,1_1_SF_3155_7_1
1,2023,3155,SF,1,8,"INMERSOR PARADO ABAJO 0""",,0,1,1_1,1_1_SF_3155,1_1_SF_3155_8_1
1,2023,3155,SF,1,9,MEDIDA UTILAGE 82mm,,0,1,1_1,1_1_SF_3155,1_1_SF_3155_9_1
1,2023,3155,SF,1,10,GRUESO 1.5mm,,0,1,1_1,1_1_SF_3155,1_1_SF_3155_10_1
1,2023,23000024,PC,1,2,5 barras de 5000mm,,0,1,1_1,1_1_PC_23000024,1_1_PC_23000024_2_1
1,2023,23000030,PV,1,2,"2x1200, 2x800, 3x700",,0,1,1_1,1_1_PV_23000030,1_1_PV_23000030_2_1
1,2023,23000030,PV,1,3,**QUEDAN 2 TUBOS EN DEPOSITO**,,0,1,1_1,1_1_PV_23000030,1_1_PV_23000030_3_1
1,2023,23000113,PV,1,2,CBZAL GOMA,,0,1,1_1,1_1_PV_23000113,1_1_PV_23000113_2_1
1,2023,23000013,EC,1,2,"MZ 22,64 + prep 206",,1,1,1_1,1_1_EC_23000013,1_1_EC_23000013_2_1
1,2023,23000038,PV,1,2,3MT CABLE,,0,1,1_1,1_1_PV_23000038,1_1_PV_23000038_2_1
1,2023,23000040,PV,1,2,*Devolvemos 10 barras,,0,1,1_1,1_1_PV_23000040,1_1_PV_23000040_2_1
1,2023,3249,SF,1,1,sensa material,,0,1,1_1,1_1_SF_3249,1_1_SF_3249_1_1
1,2023,23000033,PV,1,2,PANTALLA BAÑO DE CROMO ONLINE,,0,1,1_1,1_1_PV_23000033,1_1_PV_23000033_2_1
1,2023,23000048,PV,1,2,1 rollo,,0,1,1_1,1_1_PV_23000048,1_1_PV_23000048_2_1
1,2023,23000018,EC,1,3,Evitar que se enswucien la spiezas con el rebote del láser,,1,1,1_1,1_1_EC_23000018,1_1_EC_23000018_3_1
1,2023,23000032,PC,1,2,B100D32C95,,0,1,1_1,1_1_PC_23000032,1_1_PC_23000032_2_1
1,2023,23000001,EC,1,2,"TOLERANCIA DIAMETRO 10 +0,05 / -0,09",,1,1,1_1,1_1_EC_23000001,1_1_EC_23000001_2_1
1,2023,23000001,EC,1,3,"INACTIVO POR LADO 350mm, ESPIGA M-4",,1,1,1_1,1_1_EC_23000001,1_1_EC_23000001_3_1
1,2023,23000001,EC,1,4,DESPUES HEMOS DE DOBLAR A r30,,1,1,1_1,1_1_EC_23000001,1_1_EC_23000001_4_1
1,2023,23000001,EC,1,5,MARCAR SEGÚN INDICACIONES,,1,1,1_1,1_1_EC_23000001,1_1_EC_23000001_5_1
1,2023,23000001,EC,1,6,S/REF. F124071,,1,1,1_1,1_1_EC_23000001,1_1_EC_23000001_6_1
1,2023,23000061,SV,1,4,LARGO 950,,1,1,1_1,1_1_SV_23000061,1_1_SV_23000061_4_1
1,2023,23000045,PV,1,2,1250x2500,,0,1,1_1,1_1_PV_23000045,1_1_PV_23000045_2_1
1,2023,23000045,PV,1,3,Taric: 8108909099,,0,1,1_1,1_1_PV_23000045,1_1_PV_23000045_3_1
1,2023,23000045,PV,1,4,Condiciones Venta: EX-WORKS,,0,1,1_1,1_1_PV_23000045,1_1_PV_23000045_4_1
1,2023,3250,SF,1,1,sensa material,,0,1,1_1,1_1_SF_3250,1_1_SF_3250_1_1
1,2023,23000066,SV,1,2,1250x2500,,1,1,1_1,1_1_SV_23000066,1_1_SV_23000066_2_1
1,2023,23000066,SV,1,3,Taric: 8108909099,,1,1,1_1,1_1_SV_23000066,1_1_SV_23000066_3_1
1,2023,23000040,SV,1,2,"2x1200, 2x800, 3x700",,1,1,1_1,1_1_SV_23000040,1_1_SV_23000040_2_1
1,2023,23000004,EC,1,2,SR-LZH-400/100-4Z-PTF/316-08-00-PB10-100,,1,1,1_1,1_1_EC_23000004,1_1_EC_23000004_2_1
1,2023,23000004,EC,1,3,FICHA REF. 140901-00,,1,1,1_1,1_1_EC_23000004,1_1_EC_23000004_3_1
1,2023,23000079,EC,1,4,CBZAL GOMA,,1,1,1_1,1_1_EC_23000079,1_1_EC_23000079_4_1
1,2023,23000003,EC,1,1,GASOIL B,,1,1,1_1,1_1_EC_23000003,1_1_EC_23000003_1_1
1,2023,23000060,PC,1,2,1 Rollo,,0,1,1_1,1_1_PC_23000060,1_1_PC_23000060_2_1
1,2023,23000058,EC,1,1,GASOIL B,,1,1,1_1,1_1_EC_23000058,1_1_EC_23000058_1_1
1,2023,23000067,PV,1,2,CBZL GOMA,,0,1,1_1,1_1_PV_23000067,1_1_PV_23000067_2_1
1,2023,3151,SF,1,2,5marcos x 4tiras x 3piezas = 60,,0,1,1_1,1_1_SF_3151,1_1_SF_3151_2_1
1,2023,3151,SF,1,3,CALENTAR 230º 1MARCO,,0,1,1_1,1_1_SF_3151,1_1_SF_3151_3_1
1,2023,23000058,PV,1,2,SOLO CUELLO D10x300,,0,1,1_1,1_1_PV_23000058,1_1_PV_23000058_2_1
1,2023,23000058,PV,1,4,x300,,0,1,1_1,1_1_PV_23000058,1_1_PV_23000058_4_1
1,2023,3176,SF,1,1,sensa material,,0,1,1_1,1_1_SF_3176,1_1_SF_3176_1_1
1,2023,23000023,SV,1,2,720x220x178 canal alimentacion,,1,1,1_1,1_1_SV_23000023,1_1_SV_23000023_2_1
1,2023,23000023,SV,1,3,762x175x180 canal predosis,,1,1,1_1,1_1_SV_23000023,1_1_SV_23000023_3_1
1,2023,23000023,SV,1,4,952x381x243 tolva recepcion,,1,1,1_1,1_1_SV_23000023,1_1_SV_23000023_4_1
1,2023,23000018,PC,1,2,PT-682290........................NUEVO,,0,1,1_1,1_1_PC_23000018,1_1_PC_23000018_2_1
1,2023,23000018,PC,1,4,PT-682291......................NUEVO,,0,1,1_1,1_1_PC_23000018,1_1_PC_23000018_4_1
1,2023,3153,SF,1,2,5marcos x 4tiras x 3piezas = 60,,0,1,1_1,1_1_SF_3153,1_1_SF_3153_2_1
1,2023,3153,SF,1,3,CALENTAR 230º 1MARCO,,0,1,1_1,1_1_SF_3153,1_1_SF_3153_3_1
1,2023,3153,SF,1,4,COCER 200º 2MARCOS,,0,1,1_1,1_1_SF_3153,1_1_SF_3153_4_1
1,2023,3153,SF,1,5,"FRECUENCIA 300""",,0,1,1_1,1_1_SF_3153,1_1_SF_3153_5_1
1,2023,3153,SF,1,6,"PARADA 45""",,0,1,1_1,1_1_SF_3153,1_1_SF_3153_6_1
1,2023,3153,SF,1,7,INMERSOR BAJADA RAPIDA -SUBIDA LENTA,,0,1,1_1,1_1_SF_3153,1_1_SF_3153_7_1
1,2023,3153,SF,1,8,"INMERSOR PARADO ABAJO 0""",,0,1,1_1,1_1_SF_3153,1_1_SF_3153_8_1
1,2023,3153,SF,1,9,MEDIDA UTILAGE 82mm,,0,1,1_1,1_1_SF_3153,1_1_SF_3153_9_1
1,2023,3153,SF,1,10,GRUESO 1.5mm,,0,1,1_1,1_1_SF_3153,1_1_SF_3153_10_1
1,2023,3153,SF,1,11,EMPAQUETAR CAJAS PEQUEÑAS,,0,1,1_1,1_1_SF_3153,1_1_SF_3153_11_1
1,2023,23000110,PC,1,2,CBZAL GOMA,,0,1,1_1,1_1_PC_23000110,1_1_PC_23000110_2_1
1,2023,23000040,PC,1,2,1 ROLLO DE 14000mm,,0,1,1_1,1_1_PC_23000040,1_1_PC_23000040_2_1
1,2023,23000028,PC,1,2,"Serpentín 618,80",,0,1,1_1,1_1_PC_23000028,1_1_PC_23000028_2_1
1,2023,23000028,PC,1,3,Modificación bombo 1475:00,,0,1,1_1,1_1_PC_23000028,1_1_PC_23000028_3_1
1,2023,23000035,PC,1,2,"2,5MT CABLE",,0,1,1_1,1_1_PC_23000035,1_1_PC_23000035_2_1
1,2023,23000042,PV,1,2,CBZAL GOMA,,0,1,1_1,1_1_PV_23000042,1_1_PV_23000042_2_1
1,2023,3157,SF,1,2,,,0,1,1_1,1_1_SF_3157,1_1_SF_3157_2_1
1,2023,3157,SF,1,3,,,0,1,1_1,1_1_SF_3157,1_1_SF_3157_3_1
1,2023,3157,SF,1,4,,,0,1,1_1,1_1_SF_3157,1_1_SF_3157_4_1
1,2023,3157,SF,1,5,,,0,1,1_1,1_1_SF_3157,1_1_SF_3157_5_1
1,2023,3157,SF,1,6,,,0,1,1_1,1_1_SF_3157,1_1_SF_3157_6_1
1,2023,3157,SF,1,7,,,0,1,1_1,1_1_SF_3157,1_1_SF_3157_7_1
1,2023,3157,SF,1,8,,,0,1,1_1,1_1_SF_3157,1_1_SF_3157_8_1
1,2023,3157,SF,1,9,,,0,1,1_1,1_1_SF_3157,1_1_SF_3157_9_1
1,2023,3157,SF,1,10,,,0,1,1_1,1_1_SF_3157,1_1_SF_3157_10_1
1,2023,23000019,PC,1,2,"A700 CBZA GOMA 5MT CABLE, SELLADO",,0,1,1_1,1_1_PC_23000019,1_1_PC_23000019_2_1
1,2023,23000034,PC,1,2,2000x1000MM,,0,1,1_1,1_1_PC_23000034,1_1_PC_23000034_2_1
1,2023,3151,SF,1,4,COCER 200º 2MARCOS,,0,1,1_1,1_1_SF_3151,1_1_SF_3151_4_1
1,2023,23000029,EC,1,4,Heat YH CX-2205-WG Lot 2212076 D10,,1,1,1_1,1_1_EC_23000029,1_1_EC_23000029_4_1
1,2023,23000009,EC,1,2,s/ART. i24008,,1,1,1_1,1_1_EC_23000009,1_1_EC_23000009_2_1
1,2023,23000042,PV,1,4,LARGO 950,,0,1,1_1,1_1_PV_23000042,1_1_PV_23000042_4_1
1,2023,3151,SF,1,5,"FRECUENCIA 300""",,0,1,1_1,1_1_SF_3151,1_1_SF_3151_5_1
1,2023,3151,SF,1,6,"PARADA 45""",,0,1,1_1,1_1_SF_3151,1_1_SF_3151_6_1
1,2023,23000026,PC,1,2,Article Nº: 16009-0129,,0,1,1_1,1_1_PC_23000026,1_1_PC_23000026_2_1
1,2023,3151,SF,1,7,INMERSOR BAJADA RAPIDA -SUBIDA LENTA,,0,1,1_1,1_1_SF_3151,1_1_SF_3151_7_1
1,2023,3151,SF,1,8,"INMERSOR PARADO ABAJO 0""",,0,1,1_1,1_1_SF_3151,1_1_SF_3151_8_1
1,2023,3151,SF,1,9,MEDIDA UTILAGE 82mm,,0,1,1_1,1_1_SF_3151,1_1_SF_3151_9_1
1,2023,3151,SF,1,10,GRUESO 1.5mm,,0,1,1_1,1_1_SF_3151,1_1_SF_3151_10_1
1,2023,3164,SF,1,1,sensa material,,0,1,1_1,1_1_SF_3164,1_1_SF_3164_1_1
1,2023,23000030,PC,1,2,SR-LZH-400/100-4Z-PTF/316-08-00-PB10-100,,0,1,1_1,1_1_PC_23000030,1_1_PC_23000030_2_1
1,2023,23000030,PC,1,3,FICHA REF. 140901-00,,0,1,1_1,1_1_PC_23000030,1_1_PC_23000030_3_1
1,2023,2941,EF,1,1,REPARACIONES Y CONSERVACION,,0,1,1_1,1_1_EF_2941,1_1_EF_2941_1_1
1,2023,3161,SF,1,1,SENSA MATERIAL,,0,1,1_1,1_1_SF_3161,1_1_SF_3161_1_1
1,2023,3159,SF,1,1,SENSA MATERIAL,,0,1,1_1,1_1_SF_3159,1_1_SF_3159_1_1
1,2023,3165,SF,1,1,SENSA MATERIAL,,0,1,1_1,1_1_SF_3165,1_1_SF_3165_1_1
1,2023,3183,SF,1,1,MATERIAL DEL CLIENT,,0,1,1_1,1_1_SF_3183,1_1_SF_3183_1_1
1,2023,3183,SF,1,2,ALUMINI.C-25x1600,,0,1,1_1,1_1_SF_3183,1_1_SF_3183_2_1
1,2023,23000044,PV,1,2,MODIFICADA S/PLANO FACILIADO,,0,1,1_1,1_1_PV_23000044,1_1_PV_23000044_2_1
1,2023,23000044,PV,1,3,ELECTROPULIDO,,0,1,1_1,1_1_PV_23000044,1_1_PV_23000044_3_1
1,2023,3228,SF,1,10,RETRACTIL TOPE,,0,1,1_1,1_1_SF_3228,1_1_SF_3228_10_1
1,2023,23000046,PV,1,2,"1x1500, 1x900, 2x800, 2x1000",,0,1,1_1,1_1_PV_23000046,1_1_PV_23000046_2_1
1,2023,23000029,EC,1,6,Heat YH CX-2205-WG Lot 2212076 D6,,1,1,1_1,1_1_EC_23000029,1_1_EC_23000029_6_1
1,2023,23000002,EC,1,2,CAMBIAR TUBO,,1,1,1_1,1_1_EC_23000002,1_1_EC_23000002_2_1
1,2023,23000027,EC,1,1,DECAPAR PIEZA INOX 600x270,,1,1,1_1,1_1_EC_23000027,1_1_EC_23000027_1_1
1,2023,3187,SF,1,3,CALENTAR 230º 1MARCO,,0,1,1_1,1_1_SF_3187,1_1_SF_3187_3_1
1,2023,3187,SF,1,4,COCER 200º 2MARCOS,,0,1,1_1,1_1_SF_3187,1_1_SF_3187_4_1
1,2023,3187,SF,1,5,"FRECUENCIA 300""",,0,1,1_1,1_1_SF_3187,1_1_SF_3187_5_1
1,2023,3187,SF,1,6,"PARADA 45""",,0,1,1_1,1_1_SF_3187,1_1_SF_3187_6_1
1,2023,3187,SF,1,7,INMERSOR BAJADA RAPIDA -SUBIDA LENTA,,0,1,1_1,1_1_SF_3187,1_1_SF_3187_7_1
1,2023,3187,SF,1,8,"INMERSOR PARADO ABAJO 0""",,0,1,1_1,1_1_SF_3187,1_1_SF_3187_8_1
1,2023,3187,SF,1,9,MEDIDA UTILAGE 82mm,,0,1,1_1,1_1_SF_3187,1_1_SF_3187_9_1
1,2023,3187,SF,1,10,GRUESO 1.5mm,,0,1,1_1,1_1_SF_3187,1_1_SF_3187_10_1
1,2023,23000031,PC,1,2,1 Rollo,,0,1,1_1,1_1_PC_23000031,1_1_PC_23000031_2_1
1,2023,3168,SF,1,2,5MARC.x5PEIN.x40PZS=1000PZSxVUELTA,,0,1,1_1,1_1_SF_3168,1_1_SF_3168_2_1
1,2023,3168,SF,1,3,FRECUENCIA 270',,0,1,1_1,1_1_SF_3168,1_1_SF_3168_3_1
1,2023,3168,SF,1,4,CLAENTAR 2 MARCOS 200o,,0,1,1_1,1_1_SF_3168,1_1_SF_3168_4_1
1,2023,3168,SF,1,5,COCER 2 MARTCOS 200o,,0,1,1_1,1_1_SF_3168,1_1_SF_3168_5_1
1,2023,3168,SF,1,6,MEDIDA PLASTISOL 31 mm APROX.,,0,1,1_1,1_1_SF_3168,1_1_SF_3168_6_1
1,2023,3168,SF,1,7,"20"" ENFRIANDO AGUA APROX.",,0,1,1_1,1_1_SF_3168,1_1_SF_3168_7_1
1,2023,23000006,EC,1,2,SM85  4 cajas de 4000ud Lote 45846,,1,1,1_1,1_1_EC_23000006,1_1_EC_23000006_2_1
1,2023,23000016,EC,1,2,SM380 1 caja Lote  91337,,1,1,1_1,1_1_EC_23000016,1_1_EC_23000016_2_1
1,2023,23000016,EC,1,4,C90 2 cajas de 1000ud  Lote 46313,,1,1,1_1,1_1_EC_23000016,1_1_EC_23000016_4_1
1,2023,23000012,EC,1,2,CALORIFUGADO EXTERIOR + TAPA,,1,1,1_1,1_1_EC_23000012,1_1_EC_23000012_2_1
1,2023,23000012,EC,1,3,ALOJAMIENTOS P/CALENT. D33 Y VAINA D10,,1,1,1_1,1_1_EC_23000012,1_1_EC_23000012_3_1
1,2023,23000024,EC,1,1,REVISION PERIODICA-ELEVADOR PLT.1000KG,,1,1,1_1,1_1_EC_23000024,1_1_EC_23000024_1_1
1,2023,23000010,EC,1,2,S/ART. I23080664............................NUEVO,,1,1,1_1,1_1_EC_23000010,1_1_EC_23000010_2_1
1,2023,23000036,SV,1,2,CON 7 MT CABLE,,1,1,1_1,1_1_SV_23000036,1_1_SV_23000036_2_1
1,2023,23000044,SV,1,2,PANTALLA BAÑO DE CROMO ONLINE,,1,1,1_1,1_1_SV_23000044,1_1_SV_23000044_2_1
1,2023,23000038,SV,1,2,S/ART. COMP00622452,,1,1,1_1,1_1_SV_23000038,1_1_SV_23000038_2_1
1,2023,23000035,SV,1,2,PUNTAS PINZAS AMOLADAS,,1,1,1_1,1_1_SV_23000035,1_1_SV_23000035_2_1
1,2023,3234,EF,1,1,FABRICACION CALENTADORES MES,,0,1,1_1,1_1_EF_3234,1_1_EF_3234_1_1
1,2023,23000110,PC,1,4,CBZAL GOMA,,0,1,1_1,1_1_PC_23000110,1_1_PC_23000110_4_1
1,2023,23000164,PC,1,2,SR-LZH-400/200-5Z-PTF/316-08-00-PB10-100,,0,1,1_1,1_1_PC_23000164,1_1_PC_23000164_2_1
1,2023,3168,SF,1,8,1 BOLSA PLASTICO DENTRO CAJA CARTON,,0,1,1_1,1_1_SF_3168,1_1_SF_3168_8_1
1,2023,3168,SF,1,9,CAJAS DE 3000 FUNDAS,,0,1,1_1,1_1_SF_3168,1_1_SF_3168_9_1
1,2023,23000028,EC,1,1,MANTENIMENT EQUIPS INFORMATICS GENER/2023,,1,1,1_1,1_1_EC_23000028,1_1_EC_23000028_1_1
1,2023,23000028,EC,1,2,increment +4.26%,,1,1,1_1,1_1_EC_23000028,1_1_EC_23000028_2_1
1,2023,23000006,SV,1,2,CAMBIAR TUBO,,1,1,1_1,1_1_SV_23000006,1_1_SV_23000006_2_1
1,2023,23000117,PC,1,2,"Díametro 10,25x12,25mm",,0,1,1_1,1_1_PC_23000117,1_1_PC_23000117_2_1
1,2023,23000117,PC,1,3,Rollo entero S/REF. M1512340866,,0,1,1_1,1_1_PC_23000117,1_1_PC_23000117_3_1
1,2023,23000125,PC,1,2,CRONODUR PU-90 -A-  (1kg),,0,1,1_1,1_1_PC_23000125,1_1_PC_23000125_2_1
1,2023,23000125,PC,1,3,S/ART. 103201,,0,1,1_1,1_1_PC_23000125,1_1_PC_23000125_3_1
1,2023,23000033,PC,1,2,2 REF.TUBO Fe 40x40 FORRADO PERFIL U-50x45,,0,1,1_1,1_1_PC_23000033,1_1_PC_23000033_2_1
1,2023,23000033,PC,1,3,ALA SUPERIOR GRUESO DE 20,,0,1,1_1,1_1_PC_23000033,1_1_PC_23000033_3_1
1,2023,23000033,PC,1,4,MARCAJE VOLUMEN EN PARED DE 1320,,0,1,1_1,1_1_PC_23000033,1_1_PC_23000033_4_1
1,2023,23000033,PC,1,5,2 OPORTES CLIP EXT PARA TUBERIA D20,,0,1,1_1,1_1_PC_23000033,1_1_PC_23000033_5_1
1,2023,23000033,PC,1,6,SOPORTE INT PARA SONDA,,0,1,1_1,1_1_PC_23000033,1_1_PC_23000033_6_1
1,2023,23000033,PC,1,7,DESAGUE 1/2 VALVULA PPG D20,,0,1,1_1,1_1_PC_23000033,1_1_PC_23000033_7_1
1,2023,23000033,PC,1,8,MEDIDAS EXT 1420x500x680+PATAS,,0,1,1_1,1_1_PC_23000033,1_1_PC_23000033_8_1
1,2023,23000033,PC,1,10,Idem MAS 2 SALIDAS FILTRACION CON 1/2 VALVULA,,0,1,1_1,1_1_PC_23000033,1_1_PC_23000033_10_1
1,2023,23000033,PC,1,12,Idem,,0,1,1_1,1_1_PC_23000033,1_1_PC_23000033_12_1
1,2023,23000033,PC,1,14,Idem,,0,1,1_1,1_1_PC_23000033,1_1_PC_23000033_14_1
1,2023,3477,SF,1,2,"1OPERARIO FRECUENCIA 300"" 5min/330""",,0,1,1_1,1_1_SF_3477,1_1_SF_3477_2_1
1,2023,23000021,PC,1,2,"ACTIVO 750, 2MT CABLE",,0,1,1_1,1_1_PC_23000021,1_1_PC_23000021_2_1
1,2023,23000021,PC,1,4,CBZAL GOMA,,0,1,1_1,1_1_PC_23000021,1_1_PC_23000021_4_1
1,2023,23000036,EC,1,2,1 Rollo,,1,1,1_1,1_1_EC_23000036,1_1_EC_23000036_2_1
1,2023,23000029,EC,1,9,Heat YH CX-2287-WG Lot 221077 d10,,1,1,1_1,1_1_EC_23000029,1_1_EC_23000029_9_1
1,2023,23000036,PC,1,2,SR-NZH-1000-1Z5-TEF/316-08/06-00-PB10-200,,0,1,1_1,1_1_PC_23000036,1_1_PC_23000036_2_1
1,2023,23000057,PV,1,2,S/ART. 1150,,0,1,1_1,1_1_PV_23000057,1_1_PV_23000057_2_1
1,2023,23000125,PC,1,5,CRONODUR PU-90 -B-  (1kg),,0,1,1_1,1_1_PC_23000125,1_1_PC_23000125_5_1
1,2023,23000115,EC,1,2,CBZAL GOMA SALLIDA LATERAL,,1,1,1_1,1_1_EC_23000115,1_1_EC_23000115_2_1
1,2023,23000123,EC,1,2,CBZAL GOMA,,1,1,1_1,1_1_EC_23000123,1_1_EC_23000123_2_1
1,2023,23000078,PV,1,2,S/ART. 05049016,,0,1,1_1,1_1_PV_23000078,1_1_PV_23000078_2_1
1,2023,23000026,EC,1,2,DISNET B.ASA AUTOC. 55X60 R-20,,1,1,1_1,1_1_EC_23000026,1_1_EC_23000026_2_1
1,2023,23000029,EC,1,11,Heat YH CX-2287-WG Lot 2211053 D8,,1,1,1_1,1_1_EC_23000029,1_1_EC_23000029_11_1
1,2023,23000041,PC,1,2,CBZAL DE GOMA,,0,1,1_1,1_1_PC_23000041,1_1_PC_23000041_2_1
1,2023,23000059,SV,1,2,"A700 CBZA.GOMA, 5MT CABLE, SELLADO",,1,1,1_1,1_1_SV_23000059,1_1_SV_23000059_2_1
1,2023,23000064,SV,1,2,1 rollo,,1,1,1_1,1_1_SV_23000064,1_1_SV_23000064_2_1
1,2023,23000066,SV,1,4,Condiciones Venta: EX-WORKS,,1,1,1_1,1_1_SV_23000066,1_1_SV_23000066_4_1
1,2023,23000046,PC,1,2,2 TIRAS SOBREDIMENSIONADAS SIN FONDO,,0,1,1_1,1_1_PC_23000046,1_1_PC_23000046_2_1
1,2023,23000038,EC,1,1,REPARCION Y LIMPIEZA CANALES TEJADO,,1,1,1_1,1_1_EC_23000038,1_1_EC_23000038_1_1
1,2023,23000006,EC,1,4,C90  2 cajas de 4000ud Lote 02275,,1,1,1_1,1_1_EC_23000006,1_1_EC_23000006_4_1
1,2023,23000006,EC,1,6,C90  4 cajas de 1000ud Lote 46313,,1,1,1_1,1_1_EC_23000006,1_1_EC_23000006_6_1
1,2023,23000026,EC,1,3,TAIFOL AMONIACAL 1500ML,,1,1,1_1,1_1_EC_23000026,1_1_EC_23000026_3_1
1,2023,23000026,EC,1,4,SANICENTRO DESINFECTACTE 5L S/LEJIA,,1,1,1_1,1_1_EC_23000026,1_1_EC_23000026_4_1
1,2023,23000052,PC,1,2,SM250 2 cajas de 300ud - Lote 01689,,0,1,1_1,1_1_PC_23000052,1_1_PC_23000052_2_1
1,2023,23000021,EC,1,2,5 barras de 5000mm,,1,1,1_1,1_1_EC_23000021,1_1_EC_23000021_2_1
1,2023,23000035,SV,1,3,APROV.PARTE SUPERIOR DE OTRO BAST,,1,1,1_1,1_1_SV_23000035,1_1_SV_23000035_3_1
1,2023,23000035,SV,1,5,CAMBIAR CONJUNTO PINZAS ROTAS,,1,1,1_1,1_1_SV_23000035,1_1_SV_23000035_5_1
1,2023,23000059,PV,1,2,CON 2MT CABLE,,0,1,1_1,1_1_PV_23000059,1_1_PV_23000059_2_1
1,2023,23000049,PC,1,4,PT-555314,,0,1,1_1,1_1_PC_23000049,1_1_PC_23000049_4_1
1,2023,23000092,PV,1,2,EMPUÑADURA LLAVE APRIETE 75-110,,0,1,1_1,1_1_PV_23000092,1_1_PV_23000092_2_1
1,2023,23000092,PV,1,3,S/ART. 7001427,,0,1,1_1,1_1_PV_23000092,1_1_PV_23000092_3_1
1,2023,23000044,PC,1,2,CBZAL GOMA,,0,1,1_1,1_1_PC_23000044,1_1_PC_23000044_2_1
1,2023,23000039,PC,1,2,SR-LXH-400/100-2X-PTF/316-08-00-PB10-250,,0,1,1_1,1_1_PC_23000039,1_1_PC_23000039_2_1
1,2023,23000002,EC,1,5,"ACTIVO 500, CBZAL GOMA   -0690-",,1,1,1_1,1_1_EC_23000002,1_1_EC_23000002_5_1
1,2023,23000002,EC,1,6,S/ART. 609080,,1,1,1_1,1_1_EC_23000002,1_1_EC_23000002_6_1
1,2023,23000030,EC,1,2,"A700 CBZA GOMA 5MT CABLE, SELLADO",,1,1,1_1,1_1_EC_23000030,1_1_EC_23000030_2_1
1,2023,23000037,EC,1,2,"ACTIVO 750, 2MT CABLE",,1,1,1_1,1_1_EC_23000037,1_1_EC_23000037_2_1
1,2023,23000037,EC,1,4,CBZAL GOMA,,1,1,1_1,1_1_EC_23000037,1_1_EC_23000037_4_1
1,2023,23000020,EC,1,2,SR-RZH-400-2Z-TEF/316-06/08-12G-PB10-150,,1,1,1_1,1_1_EC_23000020,1_1_EC_23000020_2_1
1,2023,23000031,EC,1,2,Art. I24008,,1,1,1_1,1_1_EC_23000031,1_1_EC_23000031_2_1
1,2023,23000031,EC,1,4,Art. I24008,,1,1,1_1,1_1_EC_23000031,1_1_EC_23000031_4_1
1,2023,23000167,EC,1,2,"ZONA ACTIVA 400mm, SIN CABEZAL",,1,1,1_1,1_1_EC_23000167,1_1_EC_23000167_2_1
1,2023,23000069,PV,1,2,7MT CABLE,,0,1,1_1,1_1_PV_23000069,1_1_PV_23000069_2_1
1,2023,23000108,PV,1,2,GIRAR 180º Y REFORZAR,,0,1,1_1,1_1_PV_23000108,1_1_PV_23000108_2_1
1,2023,23000078,PC,1,2,CBZAL GOMA,,0,1,1_1,1_1_PC_23000078,1_1_PC_23000078_2_1
1,2023,23000035,EC,1,2,48 Chapas de 2000x1000mm,,1,1,1_1,1_1_EC_23000035,1_1_EC_23000035_2_1
1,2023,23000082,SV,1,2,INOX316L 1000W 230V 9396H,,1,1,1_1,1_1_SV_23000082,1_1_SV_23000082_2_1
1,2023,23000046,PC,1,3,solo costuras laterales,,0,1,1_1,1_1_PC_23000046,1_1_PC_23000046_3_1
1,2023,23000046,PC,1,4,CORDON LATERAL,,0,1,1_1,1_1_PC_23000046,1_1_PC_23000046_4_1
1,2023,23000046,PC,1,5,S/ART.I23080664A65.................NUEVO,,0,1,1_1,1_1_PC_23000046,1_1_PC_23000046_5_1
1,2023,23000048,PC,1,2,MZ 5 + PREP. 70,,0,1,1_1,1_1_PC_23000048,1_1_PC_23000048_2_1
1,2023,23000048,PC,1,4,"MZ 22,64 + PREP. 206",,0,1,1_1,1_1_PC_23000048,1_1_PC_23000048_4_1
1,2023,23000140,PC,1,2,CAJA OSB HT MEDIDA INT. 160x90x80cm,,0,1,1_1,1_1_PC_23000140,1_1_PC_23000140_2_1
1,2023,23000050,EC,1,2,B50-0700,,1,1,1_1,1_1_EC_23000050,1_1_EC_23000050_2_1
1,2023,23000052,PC,1,4,SM380 1 caja de 400ud - Lote 91478,,0,1,1_1,1_1_PC_23000052,1_1_PC_23000052_4_1
1,2023,3246,SF,1,1,sensa material,,0,1,1_1,1_1_SF_3246,1_1_SF_3246_1_1
1,2023,3251,SF,1,1,sensa material,,0,1,1_1,1_1_SF_3251,1_1_SF_3251_1_1
1,2023,23000114,PV,1,2,GIRAR 180º Y REFORZAR,,0,1,1_1,1_1_PV_23000114,1_1_PV_23000114_2_1
1,2023,23000065,SV,1,2,*Devolvemos 10 barras,,1,1,1_1,1_1_SV_23000065,1_1_SV_23000065_2_1
1,2023,23000052,SV,1,2,3MT CABLE,,1,1,1_1,1_1_SV_23000052,1_1_SV_23000052_2_1
1,2023,23000072,SV,1,2,"DECAPAR, SOLDAR VARILLA D4 EN EL CANTO",,1,1,1_1,1_1_SV_23000072,1_1_SV_23000072_2_1
1,2023,23000072,SV,1,3,PLASTISOLAR DOS BAÑOS,,1,1,1_1,1_1_SV_23000072,1_1_SV_23000072_3_1
1,2023,23000034,EC,1,1,VARIS,,1,1,1_1,1_1_EC_23000034,1_1_EC_23000034_1_1
1,2023,23000224,PV,1,2,ACTIVO BASE DE 550x280,,0,1,1_1,1_1_PV_23000224,1_1_PV_23000224_2_1
1,2023,23000057,PC,1,2,PT-685375.........................NUEVO,,0,1,1_1,1_1_PC_23000057,1_1_PC_23000057_2_1
1,2023,23000140,PC,1,3,-Peso mercancia 150kg.,,0,1,1_1,1_1_PC_23000140,1_1_PC_23000140_3_1
1,2023,23000072,EC,1,4,CA500  2 cajas de 100ud - Lote 30042,,1,1,1_1,1_1_EC_23000072,1_1_EC_23000072_4_1
1,2023,23000035,EC,1,3,Heat 20218793 Lot 22034001,,1,1,1_1,1_1_EC_23000035,1_1_EC_23000035_3_1
1,2023,23000057,EC,1,2,2 TIRAS SOBREDIMENSIONADAS SIN FONDO,,1,1,1_1,1_1_EC_23000057,1_1_EC_23000057_2_1
1,2023,23000057,EC,1,3,solo costuras laterales,,1,1,1_1,1_1_EC_23000057,1_1_EC_23000057_3_1
1,2023,23000072,EC,1,6,CA160  2 cajas de 2000ud - Lote 12084,,1,1,1_1,1_1_EC_23000072,1_1_EC_23000072_6_1
1,2023,23000072,EC,1,8,CVT20CA caja de 20ud - Lote 06122021,,1,1,1_1,1_1_EC_23000072,1_1_EC_23000072_8_1
1,2023,23000056,PV,1,2,"2,5MT CABLE",,0,1,1_1,1_1_PV_23000056,1_1_PV_23000056_2_1
1,2023,23000088,EC,1,1,REVISIO COMPRESOR BETICO ER-30 1089500,,1,1,1_1,1_1_EC_23000088,1_1_EC_23000088_1_1
1,2023,23000054,PC,1,2,EN FORMA DE HORQUILLA D96,,0,1,1_1,1_1_PC_23000054,1_1_PC_23000054_2_1
1,2023,23000054,PC,1,3,S/REF. 8784H-V1,,0,1,1_1,1_1_PC_23000054,1_1_PC_23000054_3_1
1,2023,23000042,EC,1,2,2000x1000MM,,1,1,1_1,1_1_EC_23000042,1_1_EC_23000042_2_1
1,2023,23000094,PC,1,2,S/REF. I23080664A35,,0,1,1_1,1_1_PC_23000094,1_1_PC_23000094_2_1
1,2023,23000047,PC,1,2,CVT20CA caja de 20ud - Lote 06122021,,0,1,1_1,1_1_PC_23000047,1_1_PC_23000047_2_1
1,2023,23000038,PC,1,2,SM250  4 cajas de 500ud - Lote  01689,,0,1,1_1,1_1_PC_23000038,1_1_PC_23000038_2_1
1,2023,23000038,PC,1,4,CA500  2 cajas de 100ud - Lote 30042,,0,1,1_1,1_1_PC_23000038,1_1_PC_23000038_4_1
1,2023,23000038,PC,1,6,CA160  2 cajas de 2000ud - Lote 12084,,0,1,1_1,1_1_PC_23000038,1_1_PC_23000038_6_1
1,2023,3247,SF,1,1,sensa material,,0,1,1_1,1_1_SF_3247,1_1_SF_3247_1_1
1,2023,23000088,EC,1,2,HORAMETRO 40690 09/02/2023,,1,1,1_1,1_1_EC_23000088,1_1_EC_23000088_2_1
1,2023,23000088,EC,1,3,"MANTENIMENT TIPO B: SUBSTITUCIO FILTRE AIRE,",,1,1,1_1,1_1_EC_23000088,1_1_EC_23000088_3_1
1,2023,23000088,EC,1,4,"FILTRE OLI, SEPARADOR I OLI. NETEJA GENERAL",,1,1,1_1,1_1_EC_23000088,1_1_EC_23000088_4_1
1,2023,23000062,PC,1,4,CBZAL GOMA SALLIDA LATERAL,,0,1,1_1,1_1_PC_23000062,1_1_PC_23000062_4_1
1,2023,23000049,PC,1,6,PT-555315,,0,1,1_1,1_1_PC_23000049,1_1_PC_23000049_6_1
1,2023,23000049,PC,1,8,PT-610041,,0,1,1_1,1_1_PC_23000049,1_1_PC_23000049_8_1
1,2023,23000049,PC,1,10,PT-552067,,0,1,1_1,1_1_PC_23000049,1_1_PC_23000049_10_1
1,2023,23000100,PV,1,2,INACTIVO 160,,0,1,1_1,1_1_PV_23000100,1_1_PV_23000100_2_1
1,2023,23000100,PV,1,3,TIPO HORQUILLA 3 ESPIRAS,,0,1,1_1,1_1_PV_23000100,1_1_PV_23000100_3_1
1,2023,23000100,PV,1,4,RACORES M14,,0,1,1_1,1_1_PV_23000100,1_1_PV_23000100_4_1
1,2023,23000100,PV,1,5,S/REF. 10005722,,0,1,1_1,1_1_PV_23000100,1_1_PV_23000100_5_1
1,2023,23000068,EC,1,1,26/09/2022-CANVIAR TAPA ENDOLLS EN ZONA,,1,1,1_1,1_1_EC_23000068,1_1_EC_23000068_1_1
1,2023,23000065,PC,1,2,PT-495678,,0,1,1_1,1_1_PC_23000065,1_1_PC_23000065_2_1
1,2023,23000068,EC,1,2,TREBALL I COMPROVAR XARXA.,,1,1,1_1,1_1_EC_23000068,1_1_EC_23000068_2_1
1,2023,23000068,EC,1,3,OPERARIS FRANCISCO SOTO 3h i RAUL DURAN 3h,,1,1,1_1,1_1_EC_23000068,1_1_EC_23000068_3_1
1,2023,23000125,PC,1,6,S/ART. 103211,,0,1,1_1,1_1_PC_23000125,1_1_PC_23000125_6_1
1,2023,23000044,EC,1,2,"Serpentín 618,80",,1,1,1_1,1_1_EC_23000044,1_1_EC_23000044_2_1
1,2023,23000044,EC,1,3,Modificación bombo 1475:00,,1,1,1_1,1_1_EC_23000044,1_1_EC_23000044_3_1
1,2023,23000023,EC,1,4,PT-682291......................NUEVO,,1,1,1_1,1_1_EC_23000023,1_1_EC_23000023_4_1
1,2023,23000017,EC,1,2,En largos de 3300/3900mm,,1,1,1_1,1_1_EC_23000017,1_1_EC_23000017_2_1
1,2023,23000017,EC,1,3,"Heat 5212-70 por 139,55kg",,1,1,1_1,1_1_EC_23000017,1_1_EC_23000017_3_1
1,2023,23000105,SV,1,2,CBZL GOMA,,1,1,1_1,1_1_SV_23000105,1_1_SV_23000105_2_1
1,2023,23000083,EC,1,1,TINTA ORIGINAL HP 953XL NEGRE,,1,1,1_1,1_1_EC_23000083,1_1_EC_23000083_1_1
1,2023,23000083,EC,1,2,TINTA ORIGIANL HP 953XL MAGENTA,,1,1,1_1,1_1_EC_23000083,1_1_EC_23000083_2_1
1,2023,23000083,EC,1,3,TINTA ORIGIANL HP 953XL CYAN,,1,1,1_1,1_1_EC_23000083,1_1_EC_23000083_3_1
1,2023,23000083,EC,1,4,TINTA ORIGIANL HP 953XL YELOW,,1,1,1_1,1_1_EC_23000083,1_1_EC_23000083_4_1
1,2023,23000083,EC,1,5,RATON LOGITECH M185 WIRELESS (Xavier),,1,1,1_1,1_1_EC_23000083,1_1_EC_23000083_5_1
1,2023,23000084,EC,1,1,REVISAR Y COMPROBAR ACBLEADO Y CONEXIONADO,,1,1,1_1,1_1_EC_23000084,1_1_EC_23000084_1_1
1,2023,23000084,EC,1,2,"DE TOMAS RED Y PATCH PANEL, CRIMPAR NUEVA",,1,1,1_1,1_1_EC_23000084,1_1_EC_23000084_2_1
1,2023,23000084,EC,1,3,"CONEXION (INCLUYE CONECTORES) 2,5h SE FACTURA 1h",,1,1,1_1,1_1_EC_23000084,1_1_EC_23000084_3_1
1,2023,23000084,EC,1,4,SWITCH GIGABYTE 8 PORT.GO-SW-8G,,1,1,1_1,1_1_EC_23000084,1_1_EC_23000084_4_1
1,2023,23000084,EC,1,5,CABLE RED 3MT,,1,1,1_1,1_1_EC_23000084,1_1_EC_23000084_5_1
1,2023,23000084,EC,1,6,CABLE RED 1M CAT.6,,1,1,1_1,1_1_EC_23000084,1_1_EC_23000084_6_1
1,2023,23000085,EC,1,1,PORTATIL HP250 G8 Intel Core (ERF),,1,1,1_1,1_1_EC_23000085,1_1_EC_23000085_1_1
1,2023,23000085,EC,1,2,i7-1255U/16GB/512GB SSD/15.6'/Win11,,1,1,1_1,1_1_EC_23000085,1_1_EC_23000085_2_1
1,2023,23000071,EC,1,2,1 ROLLO DE 14000mm,,1,1,1_1,1_1_EC_23000071,1_1_EC_23000071_2_1
1,2023,23000057,EC,1,4,CORDON LATERAL,,1,1,1_1,1_1_EC_23000057,1_1_EC_23000057_4_1
1,2023,23000057,EC,1,5,S/ART.I23080664A65.................NUEVO,,1,1,1_1,1_1_EC_23000057,1_1_EC_23000057_5_1
1,2023,23000071,PC,1,2,**Entregamos utillaje**,,0,1,1_1,1_1_PC_23000071,1_1_PC_23000071_2_1
1,2023,23000103,PV,1,2,INCOLOY-825 2000W 240V 10471H,,0,1,1_1,1_1_PV_23000103,1_1_PV_23000103_2_1
1,2023,23000080,EC,1,2,PT-685375.........................NUEVO,,1,1,1_1,1_1_EC_23000080,1_1_EC_23000080_2_1
1,2023,3275,SF,1,11,RETRACTIL TOPE,,0,1,1_1,1_1_SF_3275,1_1_SF_3275_11_1
1,2023,23000099,PV,1,2,"2x500, 4x600, 1x800, 2x900, 8x1500",,0,1,1_1,1_1_PV_23000099,1_1_PV_23000099_2_1
1,2023,23000099,PV,1,4,6 TUBOS DE 6000mm,,0,1,1_1,1_1_PV_23000099,1_1_PV_23000099_4_1
1,2023,23000099,PV,1,6,"10x700, 2x1200",,0,1,1_1,1_1_PV_23000099,1_1_PV_23000099_6_1
1,2023,23000099,PV,1,8,"1x800, 2x900, 5x1200",,0,1,1_1,1_1_PV_23000099,1_1_PV_23000099_8_1
1,2023,23000099,PV,1,10,1800x600,,0,1,1_1,1_1_PV_23000099,1_1_PV_23000099_10_1
1,2023,23000088,EC,1,5,"RADIADORS I COMPRESOR, ENGRASAR MOTOR.",,1,1,1_1,1_1_EC_23000088,1_1_EC_23000088_5_1
1,2023,23000088,EC,1,6,VERIFIACAR FUNCIONAMENT - CONTARCTE,,1,1,1_1,1_1_EC_23000088,1_1_EC_23000088_6_1
1,2023,23000088,EC,1,7,"MANT: 3,25h (D.SANCHEZ) + DESPALÇAMENT ZONA4",,1,1,1_1,1_1_EC_23000088,1_1_EC_23000088_7_1
1,2023,23000088,EC,1,8,CANVI FILTRE AIRE,,1,1,1_1,1_1_EC_23000088,1_1_EC_23000088_8_1
1,2023,23000088,EC,1,9,CANVI FILTRE OLI,,1,1,1_1,1_1_EC_23000088,1_1_EC_23000088_9_1
1,2023,23000088,EC,1,10,CANVI FILTRE SEPARADOR,,1,1,1_1,1_1_EC_23000088,1_1_EC_23000088_10_1
1,2023,23000072,PC,1,2,"INCLUYE RECARGO METAL 22% COBRE 17,55",,0,1,1_1,1_1_PC_23000072,1_1_PC_23000072_2_1
1,2023,23000072,PC,1,3,"INCLIYE CARGO FACTURACION MINIMA 250 18,00",,0,1,1_1,1_1_PC_23000072,1_1_PC_23000072_3_1
1,2023,23000081,EC,1,2,CRONOVINEL VE 2050 (5KG),,1,1,1_1,1_1_EC_23000081,1_1_EC_23000081_2_1
1,2023,23000081,EC,1,4,CATALIZADOR C-201 (100gr),,1,1,1_1,1_1_EC_23000081,1_1_EC_23000081_4_1
1,2023,23000081,EC,1,6,CUARZO Q-SE-6,,1,1,1_1,1_1_EC_23000081,1_1_EC_23000081_6_1
1,2023,23000088,EC,1,11,CANVI FILTRE SEGURETAT CF700,,1,1,1_1,1_1_EC_23000088,1_1_EC_23000088_11_1
1,2023,23000072,EC,1,10,SM250 2 cajas de 300ud - Lote 01689,,1,1,1_1,1_1_EC_23000072,1_1_EC_23000072_10_1
1,2023,23000072,EC,1,12,SM380 1 caja de 400ud - Lote 91478,,1,1,1_1,1_1_EC_23000072,1_1_EC_23000072_12_1
1,2023,23000056,PC,1,2,PT-327957  SOLO CORTE,,0,1,1_1,1_1_PC_23000056,1_1_PC_23000056_2_1
1,2023,23000056,PC,1,4,PT-327956 SOLO CORTE,,0,1,1_1,1_1_PC_23000056,1_1_PC_23000056_4_1
1,2023,23000073,EC,1,2,S/ART. 517253-XK,,1,1,1_1,1_1_EC_23000073,1_1_EC_23000073_2_1
1,2023,23000088,EC,1,12,CANVI LTS OLI,,1,1,1_1,1_1_EC_23000088,1_1_EC_23000088_12_1
1,2023,23000088,EC,1,13,ACCESORIS NETEJA,,1,1,1_1,1_1_EC_23000088,1_1_EC_23000088_13_1
1,2023,23000081,PC,1,1,DECAPAR BAST.01/09611R,,0,1,1_1,1_1_PC_23000081,1_1_PC_23000081_1_1
1,2023,23000043,PC,1,2,HEAT YH CX-2159-WG LOTE 2202002 D6,,0,1,1_1,1_1_PC_23000043,1_1_PC_23000043_2_1
1,2023,23000043,PC,1,4,HEAT YH CX-2277-WG LOTE 2201011,,0,1,1_1,1_1_PC_23000043,1_1_PC_23000043_4_1
1,2023,23000043,PC,1,6,HEAT YH CX-2159-WG LOTE 2202002 D5,,0,1,1_1,1_1_PC_23000043,1_1_PC_23000043_6_1
1,2023,23000121,SV,1,2,INCOLOY-825 2000W 240V 10471H,,1,1,1_1,1_1_SV_23000121,1_1_SV_23000121_2_1
1,2023,23000109,SV,1,2,S/ART. 05049017,,1,1,1_1,1_1_SV_23000109,1_1_SV_23000109_2_1
1,2023,23000118,SV,1,2,EMPUÑADURA LLAVE APRIETE 75-110,,1,1,1_1,1_1_SV_23000118,1_1_SV_23000118_2_1
1,2023,23000118,SV,1,3,S/ART. 7001427,,1,1,1_1,1_1_SV_23000118,1_1_SV_23000118_3_1
1,2023,23000116,SV,1,2,CAMBIAR CONJUNTO PINZAS ROTAS,,1,1,1_1,1_1_SV_23000116,1_1_SV_23000116_2_1
1,2023,23000118,PV,1,2,S/CODIGO 185R2,,0,1,1_1,1_1_PV_23000118,1_1_PV_23000118_2_1
1,2023,23000109,EC,1,1,DECAPAR BAST.01/09611R,,1,1,1_1,1_1_EC_23000109,1_1_EC_23000109_1_1
1,2023,23000122,PV,1,2,S/ART. M1505,,0,1,1_1,1_1_PV_23000122,1_1_PV_23000122_2_1
1,2023,23000083,PC,1,2,C90 1 caja,,0,1,1_1,1_1_PC_23000083,1_1_PC_23000083_2_1
1,2023,23000096,EC,1,2,Article Nº: 16009-0129,,1,1,1_1,1_1_EC_23000096,1_1_EC_23000096_2_1
1,2023,23000095,EC,1,1,GASOIL,,1,1,1_1,1_1_EC_23000095,1_1_EC_23000095_1_1
1,2023,3325,SF,1,2,CALENTAR 2 MARCOS 150o,,0,1,1_1,1_1_SF_3325,1_1_SF_3325_2_1
1,2023,23000076,EC,1,2,PT-552068,,1,1,1_1,1_1_EC_23000076,1_1_EC_23000076_2_1
1,2023,3369,SF,1,2,5marcos x 4tiras x 5piezas = 100,,0,1,1_1,1_1_SF_3369,1_1_SF_3369_2_1
1,2023,3369,SF,1,3,CALENTAR 230º 1MARCO,,0,1,1_1,1_1_SF_3369,1_1_SF_3369_3_1
1,2023,23000197,PV,1,2,S/CODIGO C58009,,0,1,1_1,1_1_PV_23000197,1_1_PV_23000197_2_1
1,2023,3267,SF,1,2,5marcos x 3tiras x 13piezas = 195,,0,1,1_1,1_1_SF_3267,1_1_SF_3267_2_1
1,2023,23000095,PV,1,2,"CBZAL GOMA, SALIDA LATERAL",,0,1,1_1,1_1_PV_23000095,1_1_PV_23000095_2_1
1,2023,23000078,SV,1,2,S/ART. 1150,,1,1,1_1,1_1_SV_23000078,1_1_SV_23000078_2_1
1,2023,23000181,SV,1,2,MONTADO DE 2 ANODOS DE 200x500,,1,1,1_1,1_1_SV_23000181,1_1_SV_23000181_2_1
1,2023,23000121,PC,1,2,SM85 caja de 2000ud Lote 45846,,0,1,1_1,1_1_PC_23000121,1_1_PC_23000121_2_1
1,2023,23000121,PC,1,4,D180800 caja de 100ud Lote 45846,,0,1,1_1,1_1_PC_23000121,1_1_PC_23000121_4_1
1,2023,23000032,EC,1,1,GASOIL,,1,1,1_1,1_1_EC_23000032,1_1_EC_23000032_1_1
1,2023,23000154,PV,1,2,ESCUADRA 130x250 L400,,0,1,1_1,1_1_PV_23000154,1_1_PV_23000154_2_1
1,2023,23000065,EC,1,1,REVISION 425000KM Y REVISAR LUZ AVERIA MOTOR,,1,1,1_1,1_1_EC_23000065,1_1_EC_23000065_1_1
1,2023,23000065,EC,1,2,ENCENDIDA Y LIMPIEZA FILTRO PARTICULAS,,1,1,1_1,1_1_EC_23000065,1_1_EC_23000065_2_1
1,2023,23000066,EC,1,1,27/01-BASAR XINDA TIQUET 301270101,,1,1,1_1,1_1_EC_23000066,1_1_EC_23000066_1_1
1,2023,23000066,EC,1,2,31/01-BCN MOBILES -REPARAR PANTALLA MOBIL,,1,1,1_1,1_1_EC_23000066,1_1_EC_23000066_2_1
1,2023,3248,SF,1,1,sensa material,,0,1,1_1,1_1_SF_3248,1_1_SF_3248_1_1
1,2023,23000099,EC,1,2,RECTIFICAR,,1,1,1_1,1_1_EC_23000099,1_1_EC_23000099_2_1
1,2023,23000076,EC,1,4,PT-555314,,1,1,1_1,1_1_EC_23000076,1_1_EC_23000076_4_1
1,2023,23000076,EC,1,6,PT-555315,,1,1,1_1,1_1_EC_23000076,1_1_EC_23000076_6_1
1,2023,23000076,EC,1,8,PT-610041,,1,1,1_1,1_1_EC_23000076,1_1_EC_23000076_8_1
1,2023,23000080,SV,1,2,CON 2MT CABLE,,1,1,1_1,1_1_SV_23000080,1_1_SV_23000080_2_1
1,2023,23000064,PC,1,2,CRONOVINEL VE 2050 (5KG),,0,1,1_1,1_1_PC_23000064,1_1_PC_23000064_2_1
1,2023,23000064,PC,1,4,CATALIZADOR C-201 (100gr),,0,1,1_1,1_1_PC_23000064,1_1_PC_23000064_4_1
1,2023,23000064,PC,1,6,CUARZO Q-SE-6,,0,1,1_1,1_1_PC_23000064,1_1_PC_23000064_6_1
1,2023,23000093,SV,1,2,7MT CABLE,,1,1,1_1,1_1_SV_23000093,1_1_SV_23000093_2_1
1,2023,23000092,SV,1,2,S/ART. 05049016,,1,1,1_1,1_1_SV_23000092,1_1_SV_23000092_2_1
1,2023,23000069,EC,1,1,OFICINA PB CANVIAR 5 CAIXES DE XARXA 2 RJ45,,1,1,1_1,1_1_EC_23000069,1_1_EC_23000069_1_1
1,2023,23000069,EC,1,2,MATERIAL + MA D'OBRA 1h,,1,1,1_1,1_1_EC_23000069,1_1_EC_23000069_2_1
1,2023,23000069,EC,1,3,OFICINA PB CANVIAR INTERRUPTORS,,1,1,1_1,1_1_EC_23000069,1_1_EC_23000069_3_1
1,2023,23000069,EC,1,4,MATERIAL + MA D'OBRA 1h,,1,1,1_1,1_1_EC_23000069,1_1_EC_23000069_4_1
1,2023,23000069,EC,1,5,TALLER CANVIAR 3 ENDOLLS GEWISS AMB TAPA,,1,1,1_1,1_1_EC_23000069,1_1_EC_23000069_5_1
1,2023,23000069,EC,1,6,MATERIAL + MA D'OBRA 1h,,1,1,1_1,1_1_EC_23000069,1_1_EC_23000069_6_1
1,2023,23000069,EC,1,7,VESTUARI INSTAL·LAR PROTECCIONS DE CAPÇALERA,,1,1,1_1,1_1_EC_23000069,1_1_EC_23000069_7_1
1,2023,23000069,EC,1,8,PELS ENDOLLS.,,1,1,1_1,1_1_EC_23000069,1_1_EC_23000069_8_1
1,2023,23000069,EC,1,9,MATERAIL(HAGER 4P 16A 30mA) + MA D'OBRA 1h,,1,1,1_1,1_1_EC_23000069,1_1_EC_23000069_9_1
1,2023,23000069,EC,1,10,INSTAL·LAR LINIA DES DE ARMARI GENERAL,,1,1,1_1,1_1_EC_23000069,1_1_EC_23000069_10_1
1,2023,23000069,EC,1,11,FINS A CAIXA DISTRIBUCIO - VESTUARI,,1,1,1_1,1_1_EC_23000069,1_1_EC_23000069_11_1
1,2023,23000069,EC,1,12,MATERIAL + MA D'OBRA 2 Op. 1h,,1,1,1_1,1_1_EC_23000069,1_1_EC_23000069_12_1
1,2023,23000069,EC,1,13,SEPERAR LINIA ENDOLLS I REPERTIR FASES DELS,,1,1,1_1,1_1_EC_23000069,1_1_EC_23000069_13_1
1,2023,23000069,EC,1,14,VESTIDORS I MENJADOR,,1,1,1_1,1_1_EC_23000069,1_1_EC_23000069_14_1
1,2023,23000069,EC,1,15,MATERIAL + MA D'OBRA 2 Op.1h,,1,1,1_1,1_1_EC_23000069,1_1_EC_23000069_15_1
1,2023,23000069,EC,1,16,CANVIAR INTERRUPTORS DEL VESTUARIS I EL,,1,1,1_1,1_1_EC_23000069,1_1_EC_23000069_16_1
1,2023,23000069,EC,1,17,MENJADOR,,1,1,1_1,1_1_EC_23000069,1_1_EC_23000069_17_1
1,2023,23000069,EC,1,18,MATERIAL + MA D'OBRA 1h,,1,1,1_1,1_1_EC_23000069,1_1_EC_23000069_18_1
1,2023,23000067,EC,1,1,ARRENDAMENT CONTENÏDOR (increment +7.97%),,1,1,1_1,1_1_EC_23000067,1_1_EC_23000067_1_1
1,2023,23000067,EC,1,2,RECOLLIDES (canon+LEY 5/2020+9.08% ports+15.96%),,1,1,1_1,1_1_EC_23000067,1_1_EC_23000067_2_1
1,2023,23000067,EC,1,3,increment +10.57%,,1,1,1_1,1_1_EC_23000067,1_1_EC_23000067_3_1
1,2023,23000067,EC,1,4,FULL SEGUIMENT (increment 330%),,1,1,1_1,1_1_EC_23000067,1_1_EC_23000067_4_1
1,2023,23000051,EC,1,2,SR-LZH-400/100-4Z-PTF/316-08-00-PB10-100,,1,1,1_1,1_1_EC_23000051,1_1_EC_23000051_2_1
1,2023,23000051,EC,1,3,FICHA REF. 140901-00,,1,1,1_1,1_1_EC_23000051,1_1_EC_23000051_3_1
1,2023,23000052,EC,1,2,SR-NZH-1000-1Z5-TEF/316-08/06-00-PB10-200,,1,1,1_1,1_1_EC_23000052,1_1_EC_23000052_2_1
1,2023,23000053,EC,1,2,SR-LXH-400/100-2X-PTF/316-08-00-PB10-250,,1,1,1_1,1_1_EC_23000053,1_1_EC_23000053_2_1
1,2023,23000089,PV,1,2,CAMBIAR CONJUNTO PINZAS ROTAS,,0,1,1_1,1_1_PV_23000089,1_1_PV_23000089_2_1
1,2023,23000022,EC,1,2,"Increment GAS, PORTS, Medio Ambiente y ADR +10%",,1,1,1_1,1_1_EC_23000022,1_1_EC_23000022_2_1
1,2023,23000007,EC,1,4,952x381x243 tolva recepción,,1,1,1_1,1_1_EC_23000007,1_1_EC_23000007_4_1
1,2023,23000082,EC,1,1,MANTENIMENT EQUIPS INFORMATICS FEBRER/2023,,1,1,1_1,1_1_EC_23000082,1_1_EC_23000082_1_1
1,2023,23000098,SV,1,2,TERMINACIONES BOCAS DE S/PROP.,,1,1,1_1,1_1_SV_23000098,1_1_SV_23000098_2_1
1,2023,3267,SF,1,3,CALENTAR 230º 1 MARCO,,0,1,1_1,1_1_SF_3267,1_1_SF_3267_3_1
1,2023,3267,SF,1,4,COCER 200º 2 MARCOS,,0,1,1_1,1_1_SF_3267,1_1_SF_3267_4_1
1,2023,3267,SF,1,5,"FRECUENCIA 300""",,0,1,1_1,1_1_SF_3267,1_1_SF_3267_5_1
1,2023,3267,SF,1,6,INMERSION 8/25,,0,1,1_1,1_1_SF_3267,1_1_SF_3267_6_1
1,2023,23000131,PV,1,2,S/ART. 05049016,,0,1,1_1,1_1_PV_23000131,1_1_PV_23000131_2_1
1,2023,23000066,PC,1,2,INACTIVO 160,,0,1,1_1,1_1_PC_23000066,1_1_PC_23000066_2_1
1,2023,23000066,PC,1,3,TIPO HORQUILLA 3 ESPIRAS,,0,1,1_1,1_1_PC_23000066,1_1_PC_23000066_3_1
1,2023,23000066,PC,1,4,RACORES M14,,0,1,1_1,1_1_PC_23000066,1_1_PC_23000066_4_1
1,2023,23000066,PC,1,5,S/REF.  11039E,,0,1,1_1,1_1_PC_23000066,1_1_PC_23000066_5_1
1,2023,3267,SF,1,7,"INMERSOR PARADO ABAJO 0""",,0,1,1_1,1_1_SF_3267,1_1_SF_3267_7_1
1,2023,23000091,SV,1,2,"2x600, 18x800, 2x1200",,1,1,1_1,1_1_SV_23000091,1_1_SV_23000091_2_1
1,2023,23000091,SV,1,4,"7x700, 6x800, 4x1000",,1,1,1_1,1_1_SV_23000091,1_1_SV_23000091_4_1
1,2023,23000076,EC,1,10,PT-552067,,1,1,1_1,1_1_EC_23000076,1_1_EC_23000076_10_1
1,2023,23000091,EC,1,2,PT-495678,,1,1,1_1,1_1_EC_23000091,1_1_EC_23000091_2_1
1,2023,23000076,PC,1,2,INOX304,,0,1,1_1,1_1_PC_23000076,1_1_PC_23000076_2_1
1,2023,3325,SF,1,3,COCER 2 MARCOS 210o,,0,1,1_1,1_1_SF_3325,1_1_SF_3325_3_1
1,2023,23000083,PV,1,2,S/ART. 05049017,,0,1,1_1,1_1_PV_23000083,1_1_PV_23000083_2_1
1,2023,23000055,PC,1,2,RECTIFICAR,,0,1,1_1,1_1_PC_23000055,1_1_PC_23000055_2_1
1,2023,23000055,PC,1,4,POSICION VUTEROLAS,,0,1,1_1,1_1_PC_23000055,1_1_PC_23000055_4_1
1,2023,23000184,EC,1,2,CBZAL GOMA,,1,1,1_1,1_1_EC_23000184,1_1_EC_23000184_2_1
1,2023,23000172,PV,1,2,CON 3MT CABLE,,0,1,1_1,1_1_PV_23000172,1_1_PV_23000172_2_1
1,2023,23000096,PC,1,2,"MZ. 22,64 + PREP. 206",,0,1,1_1,1_1_PC_23000096,1_1_PC_23000096_2_1
1,2023,23000144,PV,1,2,MONTADO DE 2 ANODOS DE 200x500,,0,1,1_1,1_1_PV_23000144,1_1_PV_23000144_2_1
1,2023,23000063,EC,1,2,MZ 5 + PREP. 70,,1,1,1_1,1_1_EC_23000063,1_1_EC_23000063_2_1
1,2023,23000211,PV,1,2,de 35x20,,0,1,1_1,1_1_PV_23000211,1_1_PV_23000211_2_1
1,2023,23000072,EC,1,2,SM250  4 cajas de 500ud - Lote  01689,,1,1,1_1,1_1_EC_23000072,1_1_EC_23000072_2_1
1,2023,23000119,PV,1,2,1060+90 PL210(80) OF-1628,,0,1,1_1,1_1_PV_23000119,1_1_PV_23000119_2_1
1,2023,23000059,EC,1,2,"2,5MT CABLE",,1,1,1_1,1_1_EC_23000059,1_1_EC_23000059_2_1
1,2023,23000079,EC,1,2,CBZAL DE GOMA,,1,1,1_1,1_1_EC_23000079,1_1_EC_23000079_2_1
1,2023,23000121,EC,1,1,24/02-BASAR XINDA TIQUET 302240111,,1,1,1_1,1_1_EC_23000121,1_1_EC_23000121_1_1
1,2023,23000110,EC,1,1,CARPETA ANILLAS 4-40mm A4 ROJO 7244051,,1,1,1_1,1_1_EC_23000110,1_1_EC_23000110_1_1
1,2023,3325,SF,1,4,"FRECUENCIA 270' (4,5 min)",,0,1,1_1,1_1_SF_3325,1_1_SF_3325_4_1
1,2023,23000167,SV,1,2,INOX316L 3000W 220V 6042H 3MT,,1,1,1_1,1_1_SV_23000167,1_1_SV_23000167_2_1
1,2023,23000121,PC,1,6,C90 caja de 1000ud Lote 46313,,0,1,1_1,1_1_PC_23000121,1_1_PC_23000121_6_1
1,2023,3477,SF,1,3,MARCO 40PZS(4x10 PEINE GANCHERA),,0,1,1_1,1_1_SF_3477,1_1_SF_3477_3_1
1,2023,23000073,PC,1,2,SM85 1 caja,,0,1,1_1,1_1_PC_23000073,1_1_PC_23000073_2_1
1,2023,23000040,SV,1,3,**QUEDAN 2 TUBOS EN DEPOSITO**,,1,1,1_1,1_1_SV_23000040,1_1_SV_23000040_3_1
1,2023,23000056,SV,1,2,"1x1500, 1x900, 2x800, 2x1000",,1,1,1_1,1_1_SV_23000056,1_1_SV_23000056_2_1
1,2023,23000079,SV,1,2,x300,,1,1,1_1,1_1_SV_23000079,1_1_SV_23000079_2_1
1,2023,23000079,SV,1,4,x300,,1,1,1_1,1_1_SV_23000079,1_1_SV_23000079_4_1
1,2023,23000097,SV,1,2,"2,5MT CABLE",,1,1,1_1,1_1_SV_23000097,1_1_SV_23000097_2_1
1,2023,23000088,EC,1,16,GESTIO RESIDUS =<50CV,,1,1,1_1,1_1_EC_23000088,1_1_EC_23000088_16_1
1,2023,23000088,EC,1,17,GESTIO RESIDUS OLI USAT,,1,1,1_1,1_1_EC_23000088,1_1_EC_23000088_17_1
1,2023,23000090,EC,1,2,PT-327957  SOLO CORTE,,1,1,1_1,1_1_EC_23000090,1_1_EC_23000090_2_1
1,2023,23000090,EC,1,4,PT-327956 SOLO CORTE,,1,1,1_1,1_1_EC_23000090,1_1_EC_23000090_4_1
1,2023,3287,SF,1,1,DECAPAR BAST.,,0,1,1_1,1_1_SF_3287,1_1_SF_3287_1_1
1,2023,23000083,PC,1,4,SM85 2 cajas,,0,1,1_1,1_1_PC_23000083,1_1_PC_23000083_4_1
1,2023,3300,SF,1,3,HORNO CALENTAR 210º 2 MARCOS,,0,1,1_1,1_1_SF_3300,1_1_SF_3300_3_1
1,2023,3300,SF,1,4,"FRECUENCIA 360""",,0,1,1_1,1_1_SF_3300,1_1_SF_3300_4_1
1,2023,3300,SF,1,5,MARCO DE 3 PIEZAS,,0,1,1_1,1_1_SF_3300,1_1_SF_3300_5_1
1,2023,3300,SF,1,6,"UTIL.""U"" 3 PIEZAS",,0,1,1_1,1_1_SF_3300,1_1_SF_3300_6_1
1,2023,3300,SF,1,7,MEDIDA UTILAGE C-14mm,,0,1,1_1,1_1_SF_3300,1_1_SF_3300_7_1
1,2023,3300,SF,1,8,"PLASTISOL PARADO 10""",,0,1,1_1,1_1_SF_3300,1_1_SF_3300_8_1
1,2023,23000099,EC,1,4,POSICION VUTEROLAS,,1,1,1_1,1_1_EC_23000099,1_1_EC_23000099_4_1
1,2023,23000223,EC,1,1,VARIS,,1,1,1_1,1_1_EC_23000223,1_1_EC_23000223_1_1
1,2023,23000257,SV,1,3,CBZL GIRADO 90º,,1,1,1_1,1_1_SV_23000257,1_1_SV_23000257_3_1
1,2023,23000125,PV,1,2,AÑADIR DOS OREJAS EN EL CENTRO BAST.,,0,1,1_1,1_1_PV_23000125,1_1_PV_23000125_2_1
1,2023,23000084,PC,1,2,TRANSPARENTE   S/Art. 01062B,,0,1,1_1,1_1_PC_23000084,1_1_PC_23000084_2_1
1,2023,23000102,EC,1,2,"INCLUYE RECARGO METAL 22% COBRE 17,55",,1,1,1_1,1_1_EC_23000102,1_1_EC_23000102_2_1
1,2023,23000105,NC,1,2,-ERROR FABRICACION-,,0,1,1_1,1_1_NC_23000105,1_1_NC_23000105_2_1
1,2023,3325,SF,1,5,MEDIDA PLASTISOL 115mm APROX.,,0,1,1_1,1_1_SF_3325,1_1_SF_3325_5_1
1,2023,3325,SF,1,6,24 PIEZAS X MARCO,,0,1,1_1,1_1_SF_3325,1_1_SF_3325_6_1
1,2023,23000124,SV,1,2,2MT CABLE,,1,1,1_1,1_1_SV_23000124,1_1_SV_23000124_2_1
1,2023,23000119,SV,1,2,GIRAR 180º Y REFORZAR,,1,1,1_1,1_1_SV_23000119,1_1_SV_23000119_2_1
1,2023,23000134,SV,1,2,GIRAR 180º Y REFORZAR,,1,1,1_1,1_1_SV_23000134,1_1_SV_23000134_2_1
1,2023,23000131,SV,1,2,S/ART. M1505,,1,1,1_1,1_1_SV_23000131,1_1_SV_23000131_2_1
1,2023,23000151,PV,1,2,5MT CABLE,,0,1,1_1,1_1_PV_23000151,1_1_PV_23000151_2_1
1,2023,23000113,EC,1,2,DTO POR REPARACION,,1,1,1_1,1_1_EC_23000113,1_1_EC_23000113_2_1
1,2023,23000110,EC,1,2,FUNDAS GRAFOPLAS FOLIO PP GROC,,1,1,1_1,1_1_EC_23000110,1_1_EC_23000110_2_1
1,2023,23000106,EC,1,2,HEAT YH CX-2159-WG LOTE 2202002 D6,,1,1,1_1,1_1_EC_23000106,1_1_EC_23000106_2_1
1,2023,23000102,EC,1,3,"INCLIYE CARGO FACTURACION MINIMA 250 18,00",,1,1,1_1,1_1_EC_23000102,1_1_EC_23000102_3_1
1,2023,23000086,PC,1,2,CIERRE VERTICAL TERMOSOLDADO,,0,1,1_1,1_1_PC_23000086,1_1_PC_23000086_2_1
1,2023,23000086,PC,1,3,S/ART. I23080664A66,,0,1,1_1,1_1_PC_23000086,1_1_PC_23000086_3_1
1,2023,23000086,PC,1,5,CIERRE VERTICAL TERMOSOLDADO,,0,1,1_1,1_1_PC_23000086,1_1_PC_23000086_5_1
1,2023,23000086,PC,1,6,S/ART. I23080664A67,,0,1,1_1,1_1_PC_23000086,1_1_PC_23000086_6_1
1,2023,23000092,EC,1,2,2 mt CABLE,,1,1,1_1,1_1_EC_23000092,1_1_EC_23000092_2_1
1,2023,23000129,PV,1,2,CBZL. GOMA 2MT CABLE.,,0,1,1_1,1_1_PV_23000129,1_1_PV_23000129_2_1
1,2023,23000129,PV,1,4,CBZL. PP 2MT CABLE.,,0,1,1_1,1_1_PV_23000129,1_1_PV_23000129_4_1
1,2023,23000087,PC,1,2,CBZAL GOMA 2MT CABLE,,0,1,1_1,1_1_PC_23000087,1_1_PC_23000087_2_1
1,2023,23000087,PC,1,4,CBZAL PP 2MT CABLE,,0,1,1_1,1_1_PC_23000087,1_1_PC_23000087_4_1
1,2023,23000085,PC,1,2,3 barras de 5000mm,,0,1,1_1,1_1_PC_23000085,1_1_PC_23000085_2_1
1,2023,3325,SF,1,7,RF.2012-MEDIDA PLAST.100mm. APROX.,,0,1,1_1,1_1_SF_3325,1_1_SF_3325_7_1
1,2023,3325,SF,1,8,RF.1012-MEDIDA PLAST. 90mm. APROX.,,0,1,1_1,1_1_SF_3325,1_1_SF_3325_8_1
1,2023,23000142,NF,1,3,ARREGLAR CODIGOS POR ERROR ALB,,0,1,1_1,1_1_NF_23000142,1_1_NF_23000142_3_1
1,2023,23000088,PC,1,1,PANTALON MERIDIAN ALG.BOTON,,0,1,1_1,1_1_PC_23000088,1_1_PC_23000088_1_1
1,2023,23000088,PC,1,2,CAMISETA ByC ALG.150,,0,1,1_1,1_1_PC_23000088,1_1_PC_23000088_2_1
1,2023,23000088,PC,1,3,CAMISETA Algodon ByC M/Larga,,0,1,1_1,1_1_PC_23000088,1_1_PC_23000088_3_1
1,2023,23000088,PC,1,4,SUDADERA FELPA SCREEN M/CREM.,,0,1,1_1,1_1_PC_23000088,1_1_PC_23000088_4_1
1,2023,23000088,PC,1,5,SUDADERA FELPA STAR WORLD CREM/ENT.,,0,1,1_1,1_1_PC_23000088,1_1_PC_23000088_5_1
1,2023,23000088,PC,1,6,SERIGRAFIA ANAGRAMA 1 COLOR PEQ.,,0,1,1_1,1_1_PC_23000088,1_1_PC_23000088_6_1
1,2023,3325,SF,1,9,"INMERSOR 6""",,0,1,1_1,1_1_SF_3325,1_1_SF_3325_9_1
1,2023,23000108,EC,1,2,INOX304,,1,1,1_1,1_1_EC_23000108,1_1_EC_23000108_2_1
1,2023,23000176,EC,1,2,S/REF. I24008,,1,1,1_1,1_1_EC_23000176,1_1_EC_23000176_2_1
1,2023,23000136,PC,1,2,En largos de 3300/3900,,0,1,1_1,1_1_PC_23000136,1_1_PC_23000136_2_1
1,2023,23000136,PC,1,4,En largos de 300/3900,,0,1,1_1,1_1_PC_23000136,1_1_PC_23000136_4_1
1,2023,23000128,PC,1,2,DNWV65480100 - Lote 308416,,0,1,1_1,1_1_PC_23000128,1_1_PC_23000128_2_1
1,2023,23000201,SV,1,2,PETEY BRUNO - COMMANDE ACH0022198,,1,1,1_1,1_1_SV_23000201,1_1_SV_23000201_2_1
1,2023,23000106,EC,1,4,HEAT YH CX-2277-WG LOTE 2201011,,1,1,1_1,1_1_EC_23000106,1_1_EC_23000106_4_1
1,2023,23000175,PV,1,2,S/CODI  113  - L-3,,0,1,1_1,1_1_PV_23000175,1_1_PV_23000175_2_1
1,2023,23000248,PV,1,2,S/ CODI  62,,0,1,1_1,1_1_PV_23000248,1_1_PV_23000248_2_1
1,2023,23000118,PC,1,2,CRONOVINEL VE 2050 (1 POTE) S/ART. 051802,,0,1,1_1,1_1_PC_23000118,1_1_PC_23000118_2_1
1,2023,23000114,PC,1,2,S/ART. I23080664A54,,0,1,1_1,1_1_PC_23000114,1_1_PC_23000114_2_1
1,2023,23000275,SV,1,4,3MT CABLAE,,1,1,1_1,1_1_SV_23000275,1_1_SV_23000275_4_1
1,2023,23000132,EC,1,2,CAMISETA ByC ALG.150,,1,1,1_1,1_1_EC_23000132,1_1_EC_23000132_2_1
1,2023,23000094,EC,1,2,1 Rollo,,1,1,1_1,1_1_EC_23000094,1_1_EC_23000094_2_1
1,2023,3310,EF,1,1,FABRICACION CALENTADORES MES,,0,1,1_1,1_1_EF_3310,1_1_EF_3310_1_1
1,2023,23000157,EC,1,1,SOPORTE MAGNETICO VPR-S047 FERVI,,1,1,1_1,1_1_EC_23000157,1_1_EC_23000157_1_1
1,2023,23000091,PC,1,2,"3 M MDT-A 32/7,5",,0,1,1_1,1_1_PC_23000091,1_1_PC_23000091_2_1
1,2023,23000139,PV,1,2,INOX316L 6000W 440V 10374H,,0,1,1_1,1_1_PV_23000139,1_1_PV_23000139_2_1
1,2023,23000106,EC,1,6,HEAT YH CX-2159-WG LOTE 2202002 D5,,1,1,1_1,1_1_EC_23000106,1_1_EC_23000106_6_1
1,2023,23000140,PV,1,2,INOX316L 3000W 220V 6042H 3MT,,0,1,1_1,1_1_PV_23000140,1_1_PV_23000140_2_1
1,2023,23000128,PV,1,2,RESOLDAR Y REMACHAR TC,,0,1,1_1,1_1_PV_23000128,1_1_PV_23000128_2_1
1,2023,23000128,PV,1,4,RESOLDAR Y REMACHAR TC,,0,1,1_1,1_1_PV_23000128,1_1_PV_23000128_4_1
1,2023,23000110,EC,1,3,FUNDAS GRAFOPLAS FOLIO PP VERMELL,,1,1,1_1,1_1_EC_23000110,1_1_EC_23000110_3_1
1,2023,23000110,EC,1,4,ALMOHADILLA PRINTY 4820 NEGRA,,1,1,1_1,1_1_EC_23000110,1_1_EC_23000110_4_1
1,2023,23000097,PC,1,1,TAPA TRITURADORA PPH 15x1000x750 + 2 PIEZAS,,0,1,1_1,1_1_PC_23000097,1_1_PC_23000097_1_1
1,2023,23000118,PC,1,4,CUARZO Q-SE-6 (1 POTE) S/ART. 212900,,0,1,1_1,1_1_PC_23000118,1_1_PC_23000118_4_1
1,2023,23000141,PV,1,2,"11x700, 13x800, 2x1000",,0,1,1_1,1_1_PV_23000141,1_1_PV_23000141_2_1
1,2023,23000141,PV,1,4,"2x700, 4x800",,0,1,1_1,1_1_PV_23000141,1_1_PV_23000141_4_1
1,2023,23000141,PV,1,6,700,,0,1,1_1,1_1_PV_23000141,1_1_PV_23000141_6_1
1,2023,23000111,SV,1,2,6 TUBOS DE 6000mm,,1,1,1_1,1_1_SV_23000111,1_1_SV_23000111_2_1
1,2023,23000111,SV,1,4,"10x700, 2x1200",,1,1,1_1,1_1_SV_23000111,1_1_SV_23000111_4_1
1,2023,23000111,SV,1,6,"1x800, 2x900, 5x1200",,1,1,1_1,1_1_SV_23000111,1_1_SV_23000111_6_1
1,2023,23000111,SV,1,8,1800x600,,1,1,1_1,1_1_SV_23000111,1_1_SV_23000111_8_1
1,2023,23000127,SV,1,2,"2x500, 4x600, 1x800, 2x900, 8x1500",,1,1,1_1,1_1_SV_23000127,1_1_SV_23000127_2_1
1,2023,23000120,PC,1,2,B50-700,,0,1,1_1,1_1_PC_23000120,1_1_PC_23000120_2_1
1,2023,23000110,EC,1,6,LAPIZ STADTLER HB 120-2 Nº2,,1,1,1_1,1_1_EC_23000110,1_1_EC_23000110_6_1
1,2023,3326,SF,1,1,material cliente,,0,1,1_1,1_1_SF_3326,1_1_SF_3326_1_1
1,2023,23000176,EC,1,4,S/ART. I24008,,1,1,1_1,1_1_EC_23000176,1_1_EC_23000176_4_1
1,2023,23000195,SV,1,2,CON 3MT CABLE,,1,1,1_1,1_1_SV_23000195,1_1_SV_23000195_2_1
1,2023,23000225,PV,1,2,3MT CABLE,,0,1,1_1,1_1_PV_23000225,1_1_PV_23000225_2_1
1,2023,23000225,PV,1,4,3MT CABLAE,,0,1,1_1,1_1_PV_23000225,1_1_PV_23000225_4_1
1,2023,23000073,SV,1,7,2MT CABKE,,1,1,1_1,1_1_SV_23000073,1_1_SV_23000073_7_1
1,2023,23000093,PC,1,2,,,0,1,1_1,1_1_PC_23000093,1_1_PC_23000093_2_1
1,2023,23000093,PC,1,3,**MATERIAL PREPARADO PARA EXPORTACION**,,0,1,1_1,1_1_PC_23000093,1_1_PC_23000093_3_1
1,2023,23000093,PC,1,4,-CANTIDAD EXACTA,,0,1,1_1,1_1_PC_23000093,1_1_PC_23000093_4_1
1,2023,23000093,PC,1,5,-BIDONES NUEVOS,,0,1,1_1,1_1_PC_23000093,1_1_PC_23000093_5_1
1,2023,23000093,PC,1,6,-PALLET CON TRATAMIENTO FITOSANITARIO,,0,1,1_1,1_1_PC_23000093,1_1_PC_23000093_6_1
1,2023,23000093,PC,1,7,-ETIQUETAS IDENTIFICATIVAS DEL PRODUCTO EN LOS BIDONES,,0,1,1_1,1_1_PC_23000093,1_1_PC_23000093_7_1
1,2023,23000149,SV,1,2,"CBZAL GOMA, SALIDA LATERAL",,1,1,1_1,1_1_SV_23000149,1_1_SV_23000149_2_1
1,2023,23000164,EC,1,17,Heat 2301055 Lot 2301126,,1,1,1_1,1_1_EC_23000164,1_1_EC_23000164_17_1
1,2023,23000172,PV,1,4,CON 2MT CABLE,,0,1,1_1,1_1_PV_23000172,1_1_PV_23000172_4_1
1,2023,23000139,EC,1,2,**Evitar que se ensucien las piezas con el rebete del láser,,1,1,1_1,1_1_EC_23000139,1_1_EC_23000139_2_1
1,2023,3389,SF,1,2,2marco x 4tiras x 2piezas = 8,,0,1,1_1,1_1_SF_3389,1_1_SF_3389_2_1
1,2023,23000132,EC,1,1,PANTALON MERIDIAN ALG.BOTON,,1,1,1_1,1_1_EC_23000132,1_1_EC_23000132_1_1
1,2023,23000070,EC,1,3,"Increment (U.C.11/03/2021) +19,18%",,1,1,1_1,1_1_EC_23000070,1_1_EC_23000070_3_1
1,2023,23000098,PC,1,2,**Evitar que se ensucien las piezas con el rebete del láser,,0,1,1_1,1_1_PC_23000098,1_1_PC_23000098_2_1
1,2023,23000087,EC,1,1,PORTABROCAS SPS-13 MT-2,,1,1,1_1,1_1_EC_23000087,1_1_EC_23000087_1_1
1,2023,23000248,PV,1,4,S/CODI  210,,0,1,1_1,1_1_PV_23000248,1_1_PV_23000248_4_1
1,2023,23000119,EC,1,1,ARRENDAMENT CONTENÏDOR,,1,1,1_1,1_1_EC_23000119,1_1_EC_23000119_1_1
1,2023,23000119,EC,1,2,RECOLLIDES,,1,1,1_1,1_1_EC_23000119,1_1_EC_23000119_2_1
1,2023,23000119,EC,1,3,FULL SEGUIMENT,,1,1,1_1,1_1_EC_23000119,1_1_EC_23000119_3_1
1,2023,23000138,EC,1,3,S/ART. 103201,,1,1,1_1,1_1_EC_23000138,1_1_EC_23000138_3_1
1,2023,23000138,EC,1,5,CRONODUR PU-90 -B-  (1kg),,1,1,1_1,1_1_EC_23000138,1_1_EC_23000138_5_1
1,2023,23000063,EC,1,4,"MZ 22,64 + PREP. 206",,1,1,1_1,1_1_EC_23000063,1_1_EC_23000063_4_1
1,2023,23000112,EC,1,2,TRANSPARENTE   S/Art. 01062B,,1,1,1_1,1_1_EC_23000112,1_1_EC_23000112_2_1
1,2023,23000107,EC,1,2,3 barras de 5000mm,,1,1,1_1,1_1_EC_23000107,1_1_EC_23000107_2_1
1,2023,23000111,EC,1,2,SM85 1 caja,,1,1,1_1,1_1_EC_23000111,1_1_EC_23000111_2_1
1,2023,23000111,EC,1,4,C90 1 caja,,1,1,1_1,1_1_EC_23000111,1_1_EC_23000111_4_1
1,2023,23000111,EC,1,6,SM85 2 cajas,,1,1,1_1,1_1_EC_23000111,1_1_EC_23000111_6_1
1,2023,23000110,EC,1,5,CARPETA ANILLAS 4-25 A4 ROJO 7242551,,1,1,1_1,1_1_EC_23000110,1_1_EC_23000110_5_1
1,2023,23000110,EC,1,7,SEPARADOR A-Z PP A4 C/CARATULA 100112,,1,1,1_1,1_1_EC_23000110,1_1_EC_23000110_7_1
1,2023,23000138,EC,1,6,S/ART. 103211,,1,1,1_1,1_1_EC_23000138,1_1_EC_23000138_6_1
1,2023,23000138,EC,1,8,RTV-LC17  1POTE,,1,1,1_1,1_1_EC_23000138,1_1_EC_23000138_8_1
1,2023,23000138,EC,1,10,RTV-LC17 2POTES,,1,1,1_1,1_1_EC_23000138,1_1_EC_23000138_10_1
1,2023,23000138,EC,1,11,PLASTELINA BK SIN SULFUROS,,1,1,1_1,1_1_EC_23000138,1_1_EC_23000138_11_1
1,2023,23000133,EC,1,2,,,1,1,1_1,1_1_EC_23000133,1_1_EC_23000133_2_1
1,2023,23000112,PV,1,3,DECAPAR Y PLASTISOLAR,,0,1,1_1,1_1_PV_23000112,1_1_PV_23000112_3_1
1,2023,23000133,EC,1,3,**MATERIAL PREPARADO PARA EXPORTACION**,,1,1,1_1,1_1_EC_23000133,1_1_EC_23000133_3_1
1,2023,23000147,PV,1,2,del 16 PX6012,,0,1,1_1,1_1_PV_23000147,1_1_PV_23000147_2_1
1,2023,3389,SF,1,3,CALENTAR 230º 1MARCO,,0,1,1_1,1_1_SF_3389,1_1_SF_3389_3_1
1,2023,23000300,SV,1,2,S/ CODI  62,,1,1,1_1,1_1_SV_23000300,1_1_SV_23000300_2_1
1,2023,23000325,SV,1,4,CBZAL GOMA,,1,1,1_1,1_1_SV_23000325,1_1_SV_23000325_4_1
1,2023,23000244,EC,1,1,REPARACIO TUBERIA AIGUA (M.OBRA+DESPLA.),,1,1,1_1,1_1_EC_23000244,1_1_EC_23000244_1_1
1,2023,23000080,PC,1,2,Heat 2301055 Lot 2301126 D5,,0,1,1_1,1_1_PC_23000080,1_1_PC_23000080_2_1
1,2023,23000080,PC,1,4,Heat YH CX-2250-WG Lot 2301013 D10,,0,1,1_1,1_1_PC_23000080,1_1_PC_23000080_4_1
1,2023,23000080,PC,1,6,"Heat YH CX-2281 Lot 2211050 Chapa 2,5",,0,1,1_1,1_1_PC_23000080,1_1_PC_23000080_6_1
1,2023,23000058,PC,1,2,"YH214302 Lot 2206084 Chapa 1,5",,0,1,1_1,1_1_PC_23000058,1_1_PC_23000058_2_1
1,2023,23000058,PC,1,4,Heat YH CX-2205-WG Lot 2302022 D10,,0,1,1_1,1_1_PC_23000058,1_1_PC_23000058_4_1
1,2023,23000058,PC,1,6,Heat YH CX-2190-WG Lot 2302023 D14,,0,1,1_1,1_1_PC_23000058,1_1_PC_23000058_6_1
1,2023,23000058,PC,1,8,Heat YH CX-2250-WG Lot 2302024 D10,,0,1,1_1,1_1_PC_23000058,1_1_PC_23000058_8_1
1,2023,23000148,PV,1,2,Ti 3000W 230V 1256H,,0,1,1_1,1_1_PV_23000148,1_1_PV_23000148_2_1
1,2023,23000154,PV,1,3,EJE D35/60 L1128,,0,1,1_1,1_1_PV_23000154,1_1_PV_23000154_3_1
1,2023,3389,SF,1,4,COCER 200º 2MARCOS,,0,1,1_1,1_1_SF_3389,1_1_SF_3389_4_1
1,2023,3389,SF,1,5,FRECUENCIA 300º,,0,1,1_1,1_1_SF_3389,1_1_SF_3389_5_1
1,2023,3389,SF,1,6,INMERSOR BAJADA RAPIDA - SUBIDA LENTA,,0,1,1_1,1_1_SF_3389,1_1_SF_3389_6_1
1,2023,3389,SF,1,7,"INMERSOR PARADO ABAJO 0""",,0,1,1_1,1_1_SF_3389,1_1_SF_3389_7_1
1,2023,3389,SF,1,8,MEDIDA UTILAGE 82mm,,0,1,1_1,1_1_SF_3389,1_1_SF_3389_8_1
1,2023,23000149,PV,1,2,INOX316 3000W 400V III 8885H,,0,1,1_1,1_1_PV_23000149,1_1_PV_23000149_2_1
1,2023,3338,SF,1,11,RETRACTIL TOPE,,0,1,1_1,1_1_SF_3338,1_1_SF_3338_11_1
1,2023,23000164,SV,1,3,DECAPAR Y PLASTISOLAR,,1,1,1_1,1_1_SV_23000164,1_1_SV_23000164_3_1
1,2023,23000147,SV,1,2,1060+90 PL210(80) OF-1628,,1,1,1_1,1_1_SV_23000147,1_1_SV_23000147_2_1
1,2023,23000163,SV,1,2,"11x700, 13x800, 2x1000",,1,1,1_1,1_1_SV_23000163,1_1_SV_23000163_2_1
1,2023,23000133,EC,1,4,-CANTIDAD EXACTA,,1,1,1_1,1_1_EC_23000133,1_1_EC_23000133_4_1
1,2023,23000142,EC,1,1,REPARAR PC-MIQUEL: CAMBIAR DISCO DURO Y,,1,1,1_1,1_1_EC_23000142,1_1_EC_23000142_1_1
1,2023,23000142,EC,1,2,"CLONAR DISCO SSD MX500 250Gb CRUCIAL,",,1,1,1_1,1_1_EC_23000142,1_1_EC_23000142_2_1
1,2023,23000144,EC,1,1,ADAPTADOR HDMI A VGA,,1,1,1_1,1_1_EC_23000144,1_1_EC_23000144_1_1
1,2023,23000107,PC,1,2,S/ART. I2208066481,,0,1,1_1,1_1_PC_23000107,1_1_PC_23000107_2_1
1,2023,23000129,EC,1,2,15 Chapas de 2000x1000mm,,1,1,1_1,1_1_EC_23000129,1_1_EC_23000129_2_1
1,2023,23000158,PV,1,2,PETEY BRUNO - COMMANDE ACH0022198,,0,1,1_1,1_1_PV_23000158,1_1_PV_23000158_2_1
1,2023,23000159,PV,1,2,CBZAL.TEFLON+PVC CON 2MT CABLE,,0,1,1_1,1_1_PV_23000159,1_1_PV_23000159_2_1
1,2023,23000099,PC,1,2,"ZONA ACTIVA 400mm, SIN CABEZAL",,0,1,1_1,1_1_PC_23000099,1_1_PC_23000099_2_1
1,2023,23000099,PC,1,3,PONER CASQUILLO TEFLON N/PROP.,,0,1,1_1,1_1_PC_23000099,1_1_PC_23000099_3_1
1,2023,23000100,PC,1,2,COAT40,,0,1,1_1,1_1_PC_23000100,1_1_PC_23000100_2_1
1,2023,23000100,PC,1,4,COAT40,,0,1,1_1,1_1_PC_23000100,1_1_PC_23000100_4_1
1,2023,3375,SF,1,2,5marcos x 4tiras x 6piezas = 120,,0,1,1_1,1_1_SF_3375,1_1_SF_3375_2_1
1,2023,23000133,EC,1,5,-BIDONES NUEVOS,,1,1,1_1,1_1_EC_23000133,1_1_EC_23000133_5_1
1,2023,23000133,EC,1,6,-PALLET CON TRATAMIENTO FITOSANITARIO,,1,1,1_1,1_1_EC_23000133,1_1_EC_23000133_6_1
1,2023,3375,SF,1,3,CALENTAR 230º 1MARCO,,0,1,1_1,1_1_SF_3375,1_1_SF_3375_3_1
1,2023,23000129,EC,1,4,11 Chapas de 2000x1000mm,,1,1,1_1,1_1_EC_23000129,1_1_EC_23000129_4_1
1,2023,23000205,PV,1,3,CBZL GIRADO 90º,,0,1,1_1,1_1_PV_23000205,1_1_PV_23000205_3_1
1,2023,23000161,EC,1,3,dejar sin clavar tapa y un frontal 182,,1,1,1_1,1_1_EC_23000161,1_1_EC_23000161_3_1
1,2023,3375,SF,1,4,COCER 200º 2MARCOS,,0,1,1_1,1_1_SF_3375,1_1_SF_3375_4_1
1,2023,3375,SF,1,5,"FRECUENCIA 300""",,0,1,1_1,1_1_SF_3375,1_1_SF_3375_5_1
1,2023,3375,SF,1,6,"PARADA 45""",,0,1,1_1,1_1_SF_3375,1_1_SF_3375_6_1
1,2023,23000168,SV,1,2,CBZAL GOMA,,1,1,1_1,1_1_SV_23000168,1_1_SV_23000168_2_1
1,2023,23000134,EC,1,2,"MZ. 22,64 + PREP. 206",,1,1,1_1,1_1_EC_23000134,1_1_EC_23000134_2_1
1,2023,23000197,EC,1,2,1 Pote,,1,1,1_1,1_1_EC_23000197,1_1_EC_23000197_2_1
1,2023,23000112,PC,1,2,4MT CABLE,,0,1,1_1,1_1_PC_23000112,1_1_PC_23000112_2_1
1,2023,23000202,SV,1,1,KGRS.TITANIO,,1,1,1_1,1_1_SV_23000202,1_1_SV_23000202_1_1
1,2023,23000202,SV,1,2,KGRS.PLOMO,,1,1,1_1,1_1_SV_23000202,1_1_SV_23000202_2_1
1,2023,23000202,SV,1,3,KGRS.NIQUEL,,1,1,1_1,1_1_SV_23000202,1_1_SV_23000202_3_1
1,2023,23000202,SV,1,4,KGRS.COBRE PVC,,1,1,1_1,1_1_SV_23000202,1_1_SV_23000202_4_1
1,2023,23000202,SV,1,5,KGRS. COBRE,,1,1,1_1,1_1_SV_23000202,1_1_SV_23000202_5_1
1,2023,23000271,SV,1,2,"17x800, 2x1000",,1,1,1_1,1_1_SV_23000271,1_1_SV_23000271_2_1
1,2023,23000275,SV,1,2,3MT CABLE,,1,1,1_1,1_1_SV_23000275,1_1_SV_23000275_2_1
1,2023,23000263,EC,1,3,Heat 5222-11 Lot P5220512-05,,1,1,1_1,1_1_EC_23000263,1_1_EC_23000263_3_1
1,2023,23000294,PV,1,2,38 varillas de 800,,0,1,1_1,1_1_PV_23000294,1_1_PV_23000294_2_1
1,2023,23000332,SV,1,2,CON 2MT CABLE,,1,1,1_1,1_1_SV_23000332,1_1_SV_23000332_2_1
1,2023,23000088,PV,1,2,CON 5 METROS DE CABLE.,,0,1,1_1,1_1_PV_23000088,1_1_PV_23000088_2_1
1,2023,23000088,PV,1,3,S/ART. 6010850,,0,1,1_1,1_1_PV_23000088,1_1_PV_23000088_3_1
1,2023,23000113,PC,1,2,S/REF. I24008,,0,1,1_1,1_1_PC_23000113,1_1_PC_23000113_2_1
1,2023,23000182,SV,1,2,ESCUADRA 130x250 L400,,1,1,1_1,1_1_SV_23000182,1_1_SV_23000182_2_1
1,2023,23000104,PC,1,2,S/ART. 145134,,0,1,1_1,1_1_PC_23000104,1_1_PC_23000104_2_1
1,2023,23000104,PC,1,4,S/ART. 145136,,0,1,1_1,1_1_PC_23000104,1_1_PC_23000104_4_1
1,2023,23000104,PC,1,6,"SOFAMEL TD-2,5/4 COD. 020140 S/ART. 531731",,0,1,1_1,1_1_PC_23000104,1_1_PC_23000104_6_1
1,2023,23000203,PV,1,2,SOPORTE PP DE S/PROP.,,0,1,1_1,1_1_PV_23000203,1_1_PV_23000203_2_1
1,2023,23000246,PV,1,2,INCOLOY-825 4000W 400V III 9684H,,0,1,1_1,1_1_PV_23000246,1_1_PV_23000246_2_1
1,2023,23000220,SV,1,2,ZONA INACTIVA 700mm.,,1,1,1_1,1_1_SV_23000220,1_1_SV_23000220_2_1
1,2023,23000175,EC,1,4,D180800 caja de 100ud Lote 45846,,1,1,1_1,1_1_EC_23000175,1_1_EC_23000175_4_1
1,2023,23000113,SV,1,3,nota salida 117/23,,1,1,1_1,1_1_SV_23000113,1_1_SV_23000113_3_1
1,2023,23000159,EC,1,1,TAPA TRITURADORA PPH 15x1000x750 + 2 PIEZAS,,1,1,1_1,1_1_EC_23000159,1_1_EC_23000159_1_1
1,2023,23000175,EC,1,2,SM85 caja de 2000ud Lote 45846,,1,1,1_1,1_1_EC_23000175,1_1_EC_23000175_2_1
1,2023,23000175,EC,1,6,C90 caja de 1000ud Lote 46313,,1,1,1_1,1_1_EC_23000175,1_1_EC_23000175_6_1
1,2023,23000178,EC,1,2,S/ART. I23080664A54,,1,1,1_1,1_1_EC_23000178,1_1_EC_23000178_2_1
1,2023,23000232,SV,1,2,"2,5MT CABLE",,1,1,1_1,1_1_SV_23000232,1_1_SV_23000232_2_1
1,2023,23000132,EC,1,3,CAMISETA Algodon ByC M/Larga,,1,1,1_1,1_1_EC_23000132,1_1_EC_23000132_3_1
1,2023,3346,SF,1,9,TUBO PVC ENCOLAR A CABEZAL PLASTISOL,,0,1,1_1,1_1_SF_3346,1_1_SF_3346_9_1
1,2023,23000109,PC,1,2,PT-682290,,0,1,1_1,1_1_PC_23000109,1_1_PC_23000109_2_1
1,2023,23000178,SV,1,3,ABONO APROVECHAR TC,,1,1,1_1,1_1_SV_23000178,1_1_SV_23000178_3_1
1,2023,23000109,PC,1,4,PT-6822291,,0,1,1_1,1_1_PC_23000109,1_1_PC_23000109_4_1
1,2023,23000109,PC,1,6,PT-649502,,0,1,1_1,1_1_PC_23000109,1_1_PC_23000109_6_1
1,2023,3340,SF,1,2,************************************************************************,,0,1,1_1,1_1_SF_3340,1_1_SF_3340_2_1
1,2023,3340,SF,1,3,************************************************************************,,0,1,1_1,1_1_SF_3340,1_1_SF_3340_3_1
1,2023,3340,SF,1,4,************************************************************************,,0,1,1_1,1_1_SF_3340,1_1_SF_3340_4_1
1,2023,3340,SF,1,5,************************************************************************,,0,1,1_1,1_1_SF_3340,1_1_SF_3340_5_1
1,2023,3340,SF,1,6,2 0 3 MARCOS COCIENDO 195º,,0,1,1_1,1_1_SF_3340,1_1_SF_3340_6_1
1,2023,3340,SF,1,7,************************************************************************,,0,1,1_1,1_1_SF_3340,1_1_SF_3340_7_1
1,2023,3340,SF,1,8,M-8 PEINES CON ROSCA 11PIEZAS FREC.270,,0,1,1_1,1_1_SF_3340,1_1_SF_3340_8_1
1,2023,3340,SF,1,9,************************************************************************,,0,1,1_1,1_1_SF_3340,1_1_SF_3340_9_1
1,2023,23000182,SV,1,3,EJE D35/60 L1128,,1,1,1_1,1_1_SV_23000182,1_1_SV_23000182_3_1
1,2023,23000185,SV,1,2,COSTURAS SOLO LATERALES,,1,1,1_1,1_1_SV_23000185,1_1_SV_23000185_2_1
1,2023,23000174,SV,1,2,5MT CABLE,,1,1,1_1,1_1_SV_23000174,1_1_SV_23000174_2_1
1,2023,23000132,EC,1,4,SUDADERA FELPA SCREEN M/CREM.,,1,1,1_1,1_1_EC_23000132,1_1_EC_23000132_4_1
1,2023,23000181,PV,1,2,1000+130 PL190(100),,0,1,1_1,1_1_PV_23000181,1_1_PV_23000181_2_1
1,2023,23000175,SV,1,2,Ti 3000W 230V 1256H,,1,1,1_1,1_1_SV_23000175,1_1_SV_23000175_2_1
1,2023,3406,SF,1,2,,,0,1,1_1,1_1_SF_3406,1_1_SF_3406_2_1
1,2023,23000065,PV,1,3,ABONO APROVECHAR TC,,0,1,1_1,1_1_PV_23000065,1_1_PV_23000065_3_1
1,2023,23000105,PC,1,2,CRONODUR PU-90 -A-  (1kg),,0,1,1_1,1_1_PC_23000105,1_1_PC_23000105_2_1
1,2023,23000105,PC,1,3,S/ART. 103201,,0,1,1_1,1_1_PC_23000105,1_1_PC_23000105_3_1
1,2023,23000105,PC,1,5,CRONODUR PU-90 -B-  (1kg),,0,1,1_1,1_1_PC_23000105,1_1_PC_23000105_5_1
1,2023,23000105,PC,1,6,S/ART. 103211,,0,1,1_1,1_1_PC_23000105,1_1_PC_23000105_6_1
1,2023,23000105,PC,1,8,RTV-LC17  1POTE,,0,1,1_1,1_1_PC_23000105,1_1_PC_23000105_8_1
1,2023,23000105,PC,1,10,RTV-LC17 2POTES,,0,1,1_1,1_1_PC_23000105,1_1_PC_23000105_10_1
1,2023,23000105,PC,1,11,PLASTELINA BK SIN SULFUROS,,0,1,1_1,1_1_PC_23000105,1_1_PC_23000105_11_1
1,2023,23000141,EC,1,1,MANTENIMENT EQUIPS INFORMATICS MARÇ/2023,,1,1,1_1,1_1_EC_23000141,1_1_EC_23000141_1_1
1,2023,23000142,EC,1,3, VENTILADOR INTERNO COOLBOX 80mm,,1,1,1_1,1_1_EC_23000142,1_1_EC_23000142_3_1
1,2023,23000143,EC,1,1,TONER HPP CE285AD PACK 2,,1,1,1_1,1_1_EC_23000143,1_1_EC_23000143_1_1
1,2023,23000173,PV,1,2,CON 4MT CABLE,,0,1,1_1,1_1_PV_23000173,1_1_PV_23000173_2_1
1,2023,23000138,EC,1,2,CRONODUR PU-90 -A-  (1kg),,1,1,1_1,1_1_EC_23000138,1_1_EC_23000138_2_1
1,2023,23000133,PC,1,2,JAULA MADERA HT MEDIDAS INT.172x148x90cm,,0,1,1_1,1_1_PC_23000133,1_1_PC_23000133_2_1
1,2023,23000133,PC,1,3,DEJAR SIN CLAVAR TAPA Y UN FRONTAL 172,,0,1,1_1,1_1_PC_23000133,1_1_PC_23000133_3_1
1,2023,23000135,EC,1,2,"YH214302 Lot 2206084 Chapa 1,5",,1,1,1_1,1_1_EC_23000135,1_1_EC_23000135_2_1
1,2023,23000135,EC,1,4,Heat YH CX-2205-WG Lot 2302022 D10,,1,1,1_1,1_1_EC_23000135,1_1_EC_23000135_4_1
1,2023,23000135,EC,1,6,Heat YH CX-2190-WG Lot 2302023 D14,,1,1,1_1,1_1_EC_23000135,1_1_EC_23000135_6_1
1,2023,23000135,EC,1,8,Heat YH CX-2250-WG Lot 2302024 D10,,1,1,1_1,1_1_EC_23000135,1_1_EC_23000135_8_1
1,2023,23000135,EC,1,11,Heat 2301055 Lot 2301126 D5,,1,1,1_1,1_1_EC_23000135,1_1_EC_23000135_11_1
1,2023,23000135,EC,1,13,Heat YH CX-2250-WG Lot 2301013 D10,,1,1,1_1,1_1_EC_23000135,1_1_EC_23000135_13_1
1,2023,23000135,EC,1,15,"Heat YH CX-2281 Lot 2211050 Chapa 2,5",,1,1,1_1,1_1_EC_23000135,1_1_EC_23000135_15_1
1,2023,23000170,SV,1,2,CON 5 METROS DE CABLE.,,1,1,1_1,1_1_SV_23000170,1_1_SV_23000170_2_1
1,2023,23000170,SV,1,3,S/ART. 6010850,,1,1,1_1,1_1_SV_23000170,1_1_SV_23000170_3_1
1,2023,23000163,SV,1,4,"2x700, 4x800",,1,1,1_1,1_1_SV_23000163,1_1_SV_23000163_4_1
1,2023,23000163,SV,1,6,700,,1,1,1_1,1_1_SV_23000163,1_1_SV_23000163_6_1
1,2023,23000133,PC,1,4,PESO DE LA MERCANCIA 350kg,,0,1,1_1,1_1_PC_23000133,1_1_PC_23000133_4_1
1,2023,23000165,SV,1,2,del 16 PX6012,,1,1,1_1,1_1_SV_23000165,1_1_SV_23000165_2_1
1,2023,23000171,SV,1,2,S/CODIGO 185R2,,1,1,1_1,1_1_SV_23000171,1_1_SV_23000171_2_1
1,2023,23000152,SV,1,2,S/ART. 05049016,,1,1,1_1,1_1_SV_23000152,1_1_SV_23000152_2_1
1,2023,23000154,SV,1,2,RESOLDAR Y REMACHAR TC,,1,1,1_1,1_1_SV_23000154,1_1_SV_23000154_2_1
1,2023,23000154,SV,1,4,RESOLDAR Y REMACHAR TC,,1,1,1_1,1_1_SV_23000154,1_1_SV_23000154_4_1
1,2023,23000160,SV,1,2,MODIFICADA S/PLANO FACILIADO,,1,1,1_1,1_1_SV_23000160,1_1_SV_23000160_2_1
1,2023,23000160,SV,1,3,ELECTROPULIDO,,1,1,1_1,1_1_SV_23000160,1_1_SV_23000160_3_1
1,2023,23000155,SV,1,2,**BAÑOS**,,1,1,1_1,1_1_SV_23000155,1_1_SV_23000155_2_1
1,2023,23000161,SV,1,2,**PULIDORES**,,1,1,1_1,1_1_SV_23000161,1_1_SV_23000161_2_1
1,2023,23000162,SV,1,2,**PULIDORES**,,1,1,1_1,1_1_SV_23000162,1_1_SV_23000162_2_1
1,2023,23000167,PV,1,2,CBZAL GOMA,,0,1,1_1,1_1_PV_23000167,1_1_PV_23000167_2_1
1,2023,23000167,PV,1,4,CBZAL GOMA,,0,1,1_1,1_1_PV_23000167,1_1_PV_23000167_4_1
1,2023,23000133,PC,1,6,JAULA MADERA HT MEDIDAS INT.190x148x90cm,,0,1,1_1,1_1_PC_23000133,1_1_PC_23000133_6_1
1,2023,23000133,PC,1,7,DEJAR SIN CLAVAR TAPA  Y UN FRONTAL 190,,0,1,1_1,1_1_PC_23000133,1_1_PC_23000133_7_1
1,2023,23000168,PV,1,2,Ti 1500W 380V 10576H 5mt,,0,1,1_1,1_1_PV_23000168,1_1_PV_23000168_2_1
1,2023,23000169,PV,1,2,x800,,0,1,1_1,1_1_PV_23000169,1_1_PV_23000169_2_1
1,2023,23000133,EC,1,7,-ETIQUETAS IDENTIFICATIVAS DEL PRODUCTO EN LOS BIDONES,,1,1,1_1,1_1_EC_23000133,1_1_EC_23000133_7_1
1,2023,23000095,PC,1,2,Heat 2301055 Lot 2301126,,0,1,1_1,1_1_PC_23000095,1_1_PC_23000095_2_1
1,2023,23000102,PC,1,2,PT-689409..............................................NUEVO,,0,1,1_1,1_1_PC_23000102,1_1_PC_23000102_2_1
1,2023,23000102,PC,1,4,PT-689410..............................................NUEVO,,0,1,1_1,1_1_PC_23000102,1_1_PC_23000102_4_1
1,2023,23000176,SV,1,2,INOX316 3000W 400V III 8885H,,1,1,1_1,1_1_SV_23000176,1_1_SV_23000176_2_1
1,2023,23000173,SV,1,3,CBZAL CON 3 MT CABLE,,1,1,1_1,1_1_SV_23000173,1_1_SV_23000173_3_1
1,2023,23000174,PV,1,2,TEFLON 1590W 230V II 3MT,,0,1,1_1,1_1_PV_23000174,1_1_PV_23000174_2_1
1,2023,23000179,EC,1,5,CBL EXP. 999927318841 Tel. 956144230,,1,1,1_1,1_1_EC_23000179,1_1_EC_23000179_5_1
1,2023,3375,SF,1,7,INMERSOR BAJADA RAPIDA -SUBIDA LENTA,,0,1,1_1,1_1_SF_3375,1_1_SF_3375_7_1
1,2023,23000231,SV,1,4,INOX316L 4000W 230V 9093H 3MT 2ARANDELAS,,1,1,1_1,1_1_SV_23000231,1_1_SV_23000231_4_1
1,2023,23000236,SV,1,2,CBZAL GOMA,,1,1,1_1,1_1_SV_23000236,1_1_SV_23000236_2_1
1,2023,23000169,PV,1,4,x700,,0,1,1_1,1_1_PV_23000169,1_1_PV_23000169_4_1
1,2023,23000148,EC,1,2,CBZAL GOMA 2MT CABLE,,1,1,1_1,1_1_EC_23000148,1_1_EC_23000148_2_1
1,2023,3354,SF,1,11,RETRACTIL TOPE,,0,1,1_1,1_1_SF_3354,1_1_SF_3354_11_1
1,2023,23000188,NF,1,2,x800,,0,1,1_1,1_1_NF_23000188,1_1_NF_23000188_2_1
1,2023,23000188,NF,1,4,x700,,0,1,1_1,1_1_NF_23000188,1_1_NF_23000188_4_1
1,2023,23000149,EC,1,1,"INSPECCIO NIVELL ""C"" CAT IV-2 PxV<500 DIPOSIT",,1,1,1_1,1_1_EC_23000149,1_1_EC_23000149_1_1
1,2023,23000149,EC,1,2,DIPOSIT CALDERERIA MUNGUIA AMB PLACA DE,,1,1,1_1,1_1_EC_23000149,1_1_EC_23000149_2_1
1,2023,23000149,EC,1,3,DE DISENY 441954 DE 600L A 8bar I DE CATEGORIA,,1,1,1_1,1_1_EC_23000149,1_1_EC_23000149_3_1
1,2023,23000149,EC,1,4,IV-2 + DESPLAÇAMENT,,1,1,1_1,1_1_EC_23000149,1_1_EC_23000149_4_1
1,2023,23000149,EC,1,5,DIPOSIT VULCANO AMB PLACA DE DISENY 147064,,1,1,1_1,1_1_EC_23000149,1_1_EC_23000149_5_1
1,2023,23000149,EC,1,6,DE 600L A 8BAR I DE CATEGORIA IV-2 + DESPLAÇA.,,1,1,1_1,1_1_EC_23000149,1_1_EC_23000149_6_1
1,2023,23000108,PC,1,2,S/ART. 51537,,0,1,1_1,1_1_PC_23000108,1_1_PC_23000108_2_1
1,2023,23000108,PC,1,3,"9PZ + METAL (1,98kg x 90,03 = 17,88 / 4 = 4,476/pz)",,0,1,1_1,1_1_PC_23000108,1_1_PC_23000108_3_1
1,2023,23000190,PV,1,2,TEFLON 2001W 400V 9021H 3MT,,0,1,1_1,1_1_PV_23000190,1_1_PV_23000190_2_1
1,2023,23000149,EC,1,7,CANVIAR MANOMETRE D.63 1/4 0-16 BAR,,1,1,1_1,1_1_EC_23000149,1_1_EC_23000149_7_1
1,2023,23000149,EC,1,8,GLICERINA POSTERIOR,,1,1,1_1,1_1_EC_23000149,1_1_EC_23000149_8_1
1,2023,23000074,PC,1,2,Heat YH CX-2205-WG Lot 2302065 D10,,0,1,1_1,1_1_PC_23000074,1_1_PC_23000074_2_1
1,2023,23000074,PC,1,4,Heat YH CX-2205-WG Lot 2302070 D12,,0,1,1_1,1_1_PC_23000074,1_1_PC_23000074_4_1
1,2023,23000074,PC,1,6,Heat YH CX-2230-WG Lot 2202072 D18,,0,1,1_1,1_1_PC_23000074,1_1_PC_23000074_6_1
1,2023,23000074,PC,1,8,Heat YH CX-2230-WG Lot 2202073 D18,,0,1,1_1,1_1_PC_23000074,1_1_PC_23000074_8_1
1,2023,23000074,PC,1,10,Heat YH CX-2250-WG Lot 2302080 D10,,0,1,1_1,1_1_PC_23000074,1_1_PC_23000074_10_1
1,2023,23000074,PC,1,12,Heat YH CX-2205-WG Lot 2302080 D10,,0,1,1_1,1_1_PC_23000074,1_1_PC_23000074_12_1
1,2023,23000074,PC,1,14,Heat YH CX-2190-WG Lot 2302081 D15,,0,1,1_1,1_1_PC_23000074,1_1_PC_23000074_14_1
1,2023,23000148,EC,1,4,CBZAL PP 2MT CABLE,,1,1,1_1,1_1_EC_23000148,1_1_EC_23000148_4_1
1,2023,23000164,EC,1,2,Heat YH CX-2205-WG Lot 2302065 D10,,1,1,1_1,1_1_EC_23000164,1_1_EC_23000164_2_1
1,2023,23000113,PC,1,4,S/ART. I24008,,0,1,1_1,1_1_PC_23000113,1_1_PC_23000113_4_1
1,2023,23000113,PC,1,6,S/ART. I24008,,0,1,1_1,1_1_PC_23000113,1_1_PC_23000113_6_1
1,2023,23000103,PC,1,2,MZ NUEVA POSICION,,0,1,1_1,1_1_PC_23000103,1_1_PC_23000103_2_1
1,2023,23000077,PV,1,2,ABONO APROVECHAR TC,,0,1,1_1,1_1_PV_23000077,1_1_PV_23000077_2_1
1,2023,23000190,SV,1,2,CBZL. GOMA 2MT CABLE.,,1,1,1_1,1_1_SV_23000190,1_1_SV_23000190_2_1
1,2023,23000134,PV,1,2,,,0,1,1_1,1_1_PV_23000134,1_1_PV_23000134_2_1
1,2023,23000134,PV,1,3,MERCANCIA DE ORIGEN ESPAÑA,,0,1,1_1,1_1_PV_23000134,1_1_PV_23000134_3_1
1,2023,23000134,PV,1,4,MONEDA DE TRANSACION: EUROS,,0,1,1_1,1_1_PV_23000134,1_1_PV_23000134_4_1
1,2023,23000134,PV,1,5,COBRO ANTICIPADO,,0,1,1_1,1_1_PV_23000134,1_1_PV_23000134_5_1
1,2023,23000134,PV,1,6,CONDICIONES DE ENVIO : EXWORKS,,0,1,1_1,1_1_PV_23000134,1_1_PV_23000134_6_1
1,2023,23000134,PV,1,7,Nº BULTOS: 1 PALLET DE 122x120x105cm,,0,1,1_1,1_1_PV_23000134,1_1_PV_23000134_7_1
1,2023,23000134,PV,1,8,PESO NETO: 1000kg,,0,1,1_1,1_1_PV_23000134,1_1_PV_23000134_8_1
1,2023,23000134,PV,1,9,PESO BRUTO 1100kg,,0,1,1_1,1_1_PV_23000134,1_1_PV_23000134_9_1
1,2023,23000191,SV,1,2,,,1,1,1_1,1_1_SV_23000191,1_1_SV_23000191_2_1
1,2023,23000191,SV,1,3,MERCANCIA DE ORIGEN ESPAÑA,,1,1,1_1,1_1_SV_23000191,1_1_SV_23000191_3_1
1,2023,23000191,SV,1,4,MONEDA DE TRANSACION: EUROS,,1,1,1_1,1_1_SV_23000191,1_1_SV_23000191_4_1
1,2023,23000191,SV,1,5,COBRO ANTICIPADO,,1,1,1_1,1_1_SV_23000191,1_1_SV_23000191_5_1
1,2023,23000191,SV,1,6,CONDICIONES DE ENVIO : EXWORKS,,1,1,1_1,1_1_SV_23000191,1_1_SV_23000191_6_1
1,2023,23000191,SV,1,7,Nº BULTOS: 1 PALLET DE 122x120x105cm,,1,1,1_1,1_1_SV_23000191,1_1_SV_23000191_7_1
1,2023,23000191,SV,1,8,PESO NETO: 1000kg,,1,1,1_1,1_1_SV_23000191,1_1_SV_23000191_8_1
1,2023,23000191,SV,1,9,PESO BRUTO 1100kg,,1,1,1_1,1_1_SV_23000191,1_1_SV_23000191_9_1
1,2023,23000111,PC,1,2,JAULA MADERA HT MEDIDAS INT.182X150x90cm,,0,1,1_1,1_1_PC_23000111,1_1_PC_23000111_2_1
1,2023,23000111,PC,1,3,dejar sin clavar tapa y un frontal 182,,0,1,1_1,1_1_PC_23000111,1_1_PC_23000111_3_1
1,2023,23000111,PC,1,4,Peso de la mercancia 350kg,,0,1,1_1,1_1_PC_23000111,1_1_PC_23000111_4_1
1,2023,23000190,SV,1,4,CBZL. PP 2MT CABLE.,,1,1,1_1,1_1_SV_23000190,1_1_SV_23000190_4_1
1,2023,23000179,PV,1,2,TEFLON 2001W 400V 9021H 3MT,,0,1,1_1,1_1_PV_23000179,1_1_PV_23000179_2_1
1,2023,23000179,PV,1,4,TEFLON 1500W 380V 10575H 5MT,,0,1,1_1,1_1_PV_23000179,1_1_PV_23000179_4_1
1,2023,23000180,PV,1,2,2MT CABLE,,0,1,1_1,1_1_PV_23000180,1_1_PV_23000180_2_1
1,2023,23000229,PV,1,2,"3x1200, 1x1000, 1x800, 1x700",,0,1,1_1,1_1_PV_23000229,1_1_PV_23000229_2_1
1,2023,23000229,PV,1,3,**QUEDA 1 TUBO EM DEPOSITO**,,0,1,1_1,1_1_PV_23000229,1_1_PV_23000229_3_1
1,2023,23000292,EC,1,2,S/ART. 926,,1,1,1_1,1_1_EC_23000292,1_1_EC_23000292_2_1
1,2023,23000164,EC,1,4,Heat YH CX-2205-WG Lot 2302070 D12,,1,1,1_1,1_1_EC_23000164,1_1_EC_23000164_4_1
1,2023,23000116,EC,1,2,EN FORMA DE HORQUILLA D96,,1,1,1_1,1_1_EC_23000116,1_1_EC_23000116_2_1
1,2023,23000116,EC,1,3,S/REF. 8784H-V1,,1,1,1_1,1_1_EC_23000116,1_1_EC_23000116_3_1
1,2023,23000117,EC,1,2,INACTIVO 160,,1,1,1_1,1_1_EC_23000117,1_1_EC_23000117_2_1
1,2023,23000117,EC,1,3,TIPO HORQUILLA 3 ESPIRAS,,1,1,1_1,1_1_EC_23000117,1_1_EC_23000117_3_1
1,2023,23000117,EC,1,4,RACORES M14,,1,1,1_1,1_1_EC_23000117,1_1_EC_23000117_4_1
1,2023,23000117,EC,1,5,S/REF.  11039E,,1,1,1_1,1_1_EC_23000117,1_1_EC_23000117_5_1
1,2023,23000152,EC,1,1,REVISION EXTINTOR POLVO ANTIBRASA PS-006,,1,1,1_1,1_1_EC_23000152,1_1_EC_23000152_1_1
1,2023,23000152,EC,1,2,RETIMBRAR EXTINTOR POLVO ANTIBRASA PS-006,,1,1,1_1,1_1_EC_23000152,1_1_EC_23000152_2_1
1,2023,23000152,EC,1,3,REVISION EXTINTOR POLVO ANTIBRASA PS-009,,1,1,1_1,1_1_EC_23000152,1_1_EC_23000152_3_1
1,2023,23000152,EC,1,4,RETIMBRAR EXTINTOR NIEVE CARBONICA NCO-5,,1,1,1_1,1_1_EC_23000152,1_1_EC_23000152_4_1
1,2023,23000152,EC,1,5,CAMBIAR LANZA EXTINTOR MOD.NCO-5,,1,1,1_1,1_1_EC_23000152,1_1_EC_23000152_5_1
1,2023,23000151,EC,1,2,CIERRE VERTICAL TERMOSOLDADO,,1,1,1_1,1_1_EC_23000151,1_1_EC_23000151_2_1
1,2023,23000151,EC,1,3,S/ART. I23080664A66,,1,1,1_1,1_1_EC_23000151,1_1_EC_23000151_3_1
1,2023,23000151,EC,1,5,CIERRE VERTICAL TERMOSOLDADO,,1,1,1_1,1_1_EC_23000151,1_1_EC_23000151_5_1
1,2023,23000151,EC,1,6,S/ART. I23080664A67,,1,1,1_1,1_1_EC_23000151,1_1_EC_23000151_6_1
1,2023,23000150,EC,1,2,S/REF. I23080664A35,,1,1,1_1,1_1_EC_23000150,1_1_EC_23000150_2_1
1,2023,23000019,EC,1,1,VARILLA ROSCADA 976 M-16 CINC ROSCADA,,1,1,1_1,1_1_EC_23000019,1_1_EC_23000019_1_1
1,2023,23000019,EC,1,2,ADHESIVO INSTANTANEO RATIO 20g 222B34,,1,1,1_1,1_1_EC_23000019,1_1_EC_23000019_2_1
1,2023,23000039,EC,1,1,ESPARRAGO ALLEN DIN913 5x10,,1,1,1_1,1_1_EC_23000039,1_1_EC_23000039_1_1
1,2023,23000039,EC,1,2,CODO LATON H-H- 1/4,,1,1,1_1,1_1_EC_23000039,1_1_EC_23000039_2_1
1,2023,23000039,EC,1,3,CONEXION RACORT RECTO RA 1 M 8-1/4,,1,1,1_1,1_1_EC_23000039,1_1_EC_23000039_3_1
1,2023,23000056,EC,1,2,RATIO T-09 NG WORK6 1845A519,,1,1,1_1,1_1_EC_23000056,1_1_EC_23000056_2_1
1,2023,23000049,EC,1,1,BOLAS DE RODAMIENTO 7/64 100u,,1,1,1_1,1_1_EC_23000049,1_1_EC_23000049_1_1
1,2023,23000127,EC,1,2,**Entregamos utillaje**,,1,1,1_1,1_1_EC_23000127,1_1_EC_23000127_2_1
1,2023,23000155,EC,1,2,MZ NUEVA POSICION,,1,1,1_1,1_1_EC_23000155,1_1_EC_23000155_2_1
1,2023,23000128,EC,1,2,"3 M MDT-A 32/7,5",,1,1,1_1,1_1_EC_23000128,1_1_EC_23000128_2_1
1,2023,23000147,EC,1,2,S/ART. 145134,,1,1,1_1,1_1_EC_23000147,1_1_EC_23000147_2_1
1,2023,23000147,EC,1,4,S/ART. 145136,,1,1,1_1,1_1_EC_23000147,1_1_EC_23000147_4_1
1,2023,23000140,EC,1,1,GASOIL B,,1,1,1_1,1_1_EC_23000140,1_1_EC_23000140_1_1
1,2023,23000116,PC,1,2,REPARAR,,0,1,1_1,1_1_PC_23000116,1_1_PC_23000116_2_1
1,2023,23000198,SV,1,2,Ti 1500W 380V 10576H 5mt,,1,1,1_1,1_1_SV_23000198,1_1_SV_23000198_2_1
1,2023,23000196,SV,1,2,ABONO APROVECHAR TC,,1,1,1_1,1_1_SV_23000196,1_1_SV_23000196_2_1
1,2023,23000183,PV,1,2,"2,5MT CABLE",,0,1,1_1,1_1_PV_23000183,1_1_PV_23000183_2_1
1,2023,23000164,EC,1,6,Heat YH CX-2230-WG Lot 2202072 D18,,1,1,1_1,1_1_EC_23000164,1_1_EC_23000164_6_1
1,2023,23000164,EC,1,8,Heat YH CX-2230-WG Lot 2202073 D18,,1,1,1_1,1_1_EC_23000164,1_1_EC_23000164_8_1
1,2023,23000164,EC,1,10,Heat YH CX-2250-WG Lot 2302080 D10,,1,1,1_1,1_1_EC_23000164,1_1_EC_23000164_10_1
1,2023,3174,SF,1,1,SIN MATERIAL,,0,1,1_1,1_1_SF_3174,1_1_SF_3174_1_1
1,2023,23000213,PV,1,2,INACTIVO 160,,0,1,1_1,1_1_PV_23000213,1_1_PV_23000213_2_1
1,2023,23000147,EC,1,6,"SOFAMEL TD-2,5/4 COD. 020140 S/ART. 531731",,1,1,1_1,1_1_EC_23000147,1_1_EC_23000147_6_1
1,2023,23000060,EC,1,2,RATIO T-09 NG WORK6 1845A519,,1,1,1_1,1_1_EC_23000060,1_1_EC_23000060_2_1
1,2023,23000060,EC,1,3,TORNILLO ALLEN UMBRAKO DIN912 3x10,,1,1,1_1,1_1_EC_23000060,1_1_EC_23000060_3_1
1,2023,23000061,EC,1,1,ACEITERA PLASTICO PICO LATON 125ML PR06864,,1,1,1_1,1_1_EC_23000061,1_1_EC_23000061_1_1
1,2023,23000153,EC,1,2,PT-689409..............................................NUEVO,,1,1,1_1,1_1_EC_23000153,1_1_EC_23000153_2_1
1,2023,23000153,EC,1,4,PT-689410..............................................NUEVO,,1,1,1_1,1_1_EC_23000153,1_1_EC_23000153_4_1
1,2023,23000166,SV,1,2,INOX316L 6000W 440V 10374H,,1,1,1_1,1_1_SV_23000166,1_1_SV_23000166_2_1
1,2023,23000173,SV,1,2,CON SOPORTE ACERO INOX.+PLASTISOL,,1,1,1_1,1_1_SV_23000173,1_1_SV_23000173_2_1
1,2023,23000173,SV,1,4,RETRACTIL SALIDA CABLE,,1,1,1_1,1_1_SV_23000173,1_1_SV_23000173_4_1
1,2023,23000173,SV,1,5,S/REF. B0120004,,1,1,1_1,1_1_SV_23000173,1_1_SV_23000173_5_1
1,2023,23000298,PV,1,2,INOX316L 2500W 230V 10602H,,0,1,1_1,1_1_PV_23000298,1_1_PV_23000298_2_1
1,2023,23000259,PV,1,2,TEFLON 1590w 230v II 8776H 3MT,,0,1,1_1,1_1_PV_23000259,1_1_PV_23000259_2_1
1,2023,23000170,PV,1,2,TALADRAR Y PLASTISOLAR,,0,1,1_1,1_1_PV_23000170,1_1_PV_23000170_2_1
1,2023,23000164,EC,1,12,Heat YH CX-2205-WG Lot 2302080 D10,,1,1,1_1,1_1_EC_23000164,1_1_EC_23000164_12_1
1,2023,23000164,EC,1,14,Heat YH CX-2190-WG Lot 2302081 D15,,1,1,1_1,1_1_EC_23000164,1_1_EC_23000164_14_1
1,2023,23000309,PV,1,2,S/CODIGO 120R6,,0,1,1_1,1_1_PV_23000309,1_1_PV_23000309_2_1
1,2023,3387,SF,1,11,RETRACTIL TOPE,,0,1,1_1,1_1_SF_3387,1_1_SF_3387_11_1
1,2023,23000133,PV,1,2,ZONA INACTIVA 700mm.,,0,1,1_1,1_1_PV_23000133,1_1_PV_23000133_2_1
1,2023,23000133,PV,1,4,CON SOPORTE ACERO INOX.+PLASTISOL,,0,1,1_1,1_1_PV_23000133,1_1_PV_23000133_4_1
1,2023,23000133,PV,1,5,CBZAL CON 3 MT CABLE,,0,1,1_1,1_1_PV_23000133,1_1_PV_23000133_5_1
1,2023,23000133,PV,1,6,RETRACTIL SALIDA CABLE,,0,1,1_1,1_1_PV_23000133,1_1_PV_23000133_6_1
1,2023,23000133,PV,1,7,S/REF. B0120004,,0,1,1_1,1_1_PV_23000133,1_1_PV_23000133_7_1
1,2023,23000214,SV,1,2,1000+130 PL190(100),,1,1,1_1,1_1_SV_23000214,1_1_SV_23000214_2_1
1,2023,23000176,EC,1,6,S/ART. I24008,,1,1,1_1,1_1_EC_23000176,1_1_EC_23000176_6_1
1,2023,23000132,EC,1,5,SUDADERA FELPA STAR WORLD CREM/ENT.,,1,1,1_1,1_1_EC_23000132,1_1_EC_23000132_5_1
1,2023,3372,SF,1,2,2 marco x 2tiras x 5piezas = 20,,0,1,1_1,1_1_SF_3372,1_1_SF_3372_2_1
1,2023,3372,SF,1,3,CALENTAR 230º 1MARCO,,0,1,1_1,1_1_SF_3372,1_1_SF_3372_3_1
1,2023,3372,SF,1,4,COCER 200º 2MARCOS,,0,1,1_1,1_1_SF_3372,1_1_SF_3372_4_1
1,2023,3372,SF,1,5,"FRECUENCIA 300""",,0,1,1_1,1_1_SF_3372,1_1_SF_3372_5_1
1,2023,3372,SF,1,6,"PARADA 45""",,0,1,1_1,1_1_SF_3372,1_1_SF_3372_6_1
1,2023,3372,SF,1,7,INMERSOR BAJADA RAPIDA-SUBIDA LENTA,,0,1,1_1,1_1_SF_3372,1_1_SF_3372_7_1
1,2023,3372,SF,1,8,"INMERSOR PARADO ABAJO 0""",,0,1,1_1,1_1_SF_3372,1_1_SF_3372_8_1
1,2023,3372,SF,1,9,MEDIDA UTILAGE 82mm,,0,1,1_1,1_1_SF_3372,1_1_SF_3372_9_1
1,2023,3372,SF,1,10,GRUESO 1.5mm,,0,1,1_1,1_1_SF_3372,1_1_SF_3372_10_1
1,2023,3373,SF,1,2,5marcos x 3tiras x 13piezas = 195,,0,1,1_1,1_1_SF_3373,1_1_SF_3373_2_1
1,2023,3373,SF,1,3,CALENTAR 230º 1MARCO,,0,1,1_1,1_1_SF_3373,1_1_SF_3373_3_1
1,2023,3373,SF,1,4,COCER 200º 2MARCOS,,0,1,1_1,1_1_SF_3373,1_1_SF_3373_4_1
1,2023,3373,SF,1,5,"FRECUENCIA 300""",,0,1,1_1,1_1_SF_3373,1_1_SF_3373_5_1
1,2023,3373,SF,1,6,"PARADA 45""",,0,1,1_1,1_1_SF_3373,1_1_SF_3373_6_1
1,2023,3373,SF,1,7,INMERSOR BAJADA RAPIDA -SUBIDA LENTA,,0,1,1_1,1_1_SF_3373,1_1_SF_3373_7_1
1,2023,3373,SF,1,8,"INMERSOR PARADO ABAJO 0""",,0,1,1_1,1_1_SF_3373,1_1_SF_3373_8_1
1,2023,3373,SF,1,9,MEDIDA UTILAGE 82mm,,0,1,1_1,1_1_SF_3373,1_1_SF_3373_9_1
1,2023,3373,SF,1,10,GRUESO 1.5mm,,0,1,1_1,1_1_SF_3373,1_1_SF_3373_10_1
1,2023,3374,SF,1,2,5marcos x 4tiras x 8piezas = 160,,0,1,1_1,1_1_SF_3374,1_1_SF_3374_2_1
1,2023,3374,SF,1,3,CALENTAR 230º 1MARCO,,0,1,1_1,1_1_SF_3374,1_1_SF_3374_3_1
1,2023,3374,SF,1,4,COCER 200º 2MARCOS,,0,1,1_1,1_1_SF_3374,1_1_SF_3374_4_1
1,2023,3374,SF,1,5,"FRECUENCIA 300""",,0,1,1_1,1_1_SF_3374,1_1_SF_3374_5_1
1,2023,3374,SF,1,6,"PARADA 45""",,0,1,1_1,1_1_SF_3374,1_1_SF_3374_6_1
1,2023,3374,SF,1,7,INMERSOR BAJADA RAPIDA -SUBIDA LENTA,,0,1,1_1,1_1_SF_3374,1_1_SF_3374_7_1
1,2023,3374,SF,1,8,"INMERSOR PARADO ABAJO 0""",,0,1,1_1,1_1_SF_3374,1_1_SF_3374_8_1
1,2023,3374,SF,1,9,MEDIDA UTILAGE 82mm,,0,1,1_1,1_1_SF_3374,1_1_SF_3374_9_1
1,2023,3374,SF,1,10,GRUESO 1.5mm,,0,1,1_1,1_1_SF_3374,1_1_SF_3374_10_1
1,2023,3369,SF,1,4,5marcos x 4tiras x 5piezas = 100,,0,1,1_1,1_1_SF_3369,1_1_SF_3369_4_1
1,2023,3369,SF,1,5,"FRECUENCIA 300""",,0,1,1_1,1_1_SF_3369,1_1_SF_3369_5_1
1,2023,3369,SF,1,6,"PARADO ABAJO 20""",,0,1,1_1,1_1_SF_3369,1_1_SF_3369_6_1
1,2023,3369,SF,1,7,MEDIDA UTILAGE 102mm,,0,1,1_1,1_1_SF_3369,1_1_SF_3369_7_1
1,2023,3369,SF,1,8,"GRUESO 1,50mm",,0,1,1_1,1_1_SF_3369,1_1_SF_3369_8_1
1,2023,3369,SF,1,9,,,0,1,1_1,1_1_SF_3369,1_1_SF_3369_9_1
1,2023,3369,SF,1,10,,,0,1,1_1,1_1_SF_3369,1_1_SF_3369_10_1
1,2023,3371,SF,1,2,1marco x 5tiras x 6piezas = 30,,0,1,1_1,1_1_SF_3371,1_1_SF_3371_2_1
1,2023,3371,SF,1,3,CALENTAR 230º 1 MARCO,,0,1,1_1,1_1_SF_3371,1_1_SF_3371_3_1
1,2023,3376,SF,1,2,5marcos x 4tiras x 5piezas = 100,,0,1,1_1,1_1_SF_3376,1_1_SF_3376_2_1
1,2023,3376,SF,1,3,CALENTAR 230º 1MARCO,,0,1,1_1,1_1_SF_3376,1_1_SF_3376_3_1
1,2023,3376,SF,1,4,COCER 200º 2MARCOS,,0,1,1_1,1_1_SF_3376,1_1_SF_3376_4_1
1,2023,3376,SF,1,5,"FRECUENCIA 300""",,0,1,1_1,1_1_SF_3376,1_1_SF_3376_5_1
1,2023,3376,SF,1,6,"PARADA 45""",,0,1,1_1,1_1_SF_3376,1_1_SF_3376_6_1
1,2023,3376,SF,1,7,INMERSOR BAJADA RAPIDA -SUBIDA LENTA,,0,1,1_1,1_1_SF_3376,1_1_SF_3376_7_1
1,2023,3376,SF,1,8,"INMERSOR PARADO ABAJO 0""",,0,1,1_1,1_1_SF_3376,1_1_SF_3376_8_1
1,2023,3376,SF,1,9,MEDIDA UTILAGE 82mm,,0,1,1_1,1_1_SF_3376,1_1_SF_3376_9_1
1,2023,3376,SF,1,10,GRUESO 1.5mm,,0,1,1_1,1_1_SF_3376,1_1_SF_3376_10_1
1,2023,3371,SF,1,4,COCER 200º 2 MARCOS,,0,1,1_1,1_1_SF_3371,1_1_SF_3371_4_1
1,2023,3371,SF,1,5,"FRECUENCIA 300""",,0,1,1_1,1_1_SF_3371,1_1_SF_3371_5_1
1,2023,3371,SF,1,6,"PARADO ABAJO 20""",,0,1,1_1,1_1_SF_3371,1_1_SF_3371_6_1
1,2023,3371,SF,1,7,MEDIDA UTILAGE 102mm,,0,1,1_1,1_1_SF_3371,1_1_SF_3371_7_1
1,2023,3371,SF,1,8,GRUESO 1.5mm,,0,1,1_1,1_1_SF_3371,1_1_SF_3371_8_1
1,2023,3477,SF,1,4,2MARCOS CALENTAR 190?,,0,1,1_1,1_1_SF_3477,1_1_SF_3477_4_1
1,2023,23000255,SV,1,2,S/CODIGO C58009,,1,1,1_1,1_1_SV_23000255,1_1_SV_23000255_2_1
1,2023,23000221,PC,1,2,Heat YH214302 Lot 2202015 Chapa 2,,0,1,1_1,1_1_PC_23000221,1_1_PC_23000221_2_1
1,2023,23000259,SV,1,3,Taric: 8108909099,,1,1,1_1,1_1_SV_23000259,1_1_SV_23000259_3_1
1,2023,3378,SF,1,2,5marcos x 2tiras x 1pieza = 10,,0,1,1_1,1_1_SF_3378,1_1_SF_3378_2_1
1,2023,3378,SF,1,3,CALENTAR 230º 1MARCO,,0,1,1_1,1_1_SF_3378,1_1_SF_3378_3_1
1,2023,3378,SF,1,4,COCER 200º 2MARCOS,,0,1,1_1,1_1_SF_3378,1_1_SF_3378_4_1
1,2023,3378,SF,1,5,"FRECUENCIA 300""",,0,1,1_1,1_1_SF_3378,1_1_SF_3378_5_1
1,2023,3378,SF,1,6,"PARADA 45""",,0,1,1_1,1_1_SF_3378,1_1_SF_3378_6_1
1,2023,3378,SF,1,7,INMERSOR BAJADA RAPIDA -SUBIDA LENTA,,0,1,1_1,1_1_SF_3378,1_1_SF_3378_7_1
1,2023,3378,SF,1,8,"INMERSOR PARADO ABAJO 0""",,0,1,1_1,1_1_SF_3378,1_1_SF_3378_8_1
1,2023,3378,SF,1,9,MEDIDA UTILAGE 82mm,,0,1,1_1,1_1_SF_3378,1_1_SF_3378_9_1
1,2023,3378,SF,1,10,GRUESO 1.5mm,,0,1,1_1,1_1_SF_3378,1_1_SF_3378_10_1
1,2023,23000051,PV,1,2,2 REF.TUBO Fe 40x40 FORRO PERFIL  U-50x45,,0,1,1_1,1_1_PV_23000051,1_1_PV_23000051_2_1
1,2023,23000051,PV,1,3,"ALA DE ESPESOR 20, DESAGË CON MEDIA VALVULA",,0,1,1_1,1_1_PV_23000051,1_1_PV_23000051_3_1
1,2023,23000051,PV,1,4,SOPORTES PÌNZA PARA TUBERIA EXTERIOR Y SONDA,,0,1,1_1,1_1_PV_23000051,1_1_PV_23000051_4_1
1,2023,23000051,PV,1,6,2 REF.TUBO Fe 40x40 FORRO PERFIL  U-50x45,,0,1,1_1,1_1_PV_23000051,1_1_PV_23000051_6_1
1,2023,23000051,PV,1,7,"ALA DE ESPESOR 20, DESAGË CON MEDIA VALVULA",,0,1,1_1,1_1_PV_23000051,1_1_PV_23000051_7_1
1,2023,23000259,SV,1,4,Condiciones de envio: EXWORKS,,1,1,1_1,1_1_SV_23000259,1_1_SV_23000259_4_1
1,2023,23000212,SV,1,2,TEFLON 2001W 400V 9021H 3MT,,1,1,1_1,1_1_SV_23000212,1_1_SV_23000212_2_1
1,2023,23000245,SV,1,2,1050+190 PL260(130-I),,1,1,1_1,1_1_SV_23000245,1_1_SV_23000245_2_1
1,2023,23000230,PC,1,2,PT-696462,,0,1,1_1,1_1_PC_23000230,1_1_PC_23000230_2_1
1,2023,23000051,PV,1,8,SOPORTES PÌNZA PARA TUBERIA EXTERIOR Y SONDA,,0,1,1_1,1_1_PV_23000051,1_1_PV_23000051_8_1
1,2023,23000051,PV,1,9,2 SALIDAS FILTRACIÓN MEDIA VALVULA,,0,1,1_1,1_1_PV_23000051,1_1_PV_23000051_9_1
1,2023,23000132,EC,1,6,SERIGRAFIA ANAGRAMA 1 COLOR PEQ.,,1,1,1_1,1_1_EC_23000132,1_1_EC_23000132_6_1
1,2023,23000214,EC,1,1,SANICENTRO DESINDECTACTE 5L S/LEJIA,,1,1,1_1,1_1_EC_23000214,1_1_EC_23000214_1_1
1,2023,23000232,PV,1,2,INACTIVO 160,,0,1,1_1,1_1_PV_23000232,1_1_PV_23000232_2_1
1,2023,23000232,PV,1,3,TIPO HORQUILLA 3 ESPIRAS,,0,1,1_1,1_1_PV_23000232,1_1_PV_23000232_3_1
1,2023,3375,SF,1,8,"INMERSOR PARADO ABAJO 0""",,0,1,1_1,1_1_SF_3375,1_1_SF_3375_8_1
1,2023,3375,SF,1,9,MEDIDA UTILAGE 82mm,,0,1,1_1,1_1_SF_3375,1_1_SF_3375_9_1
1,2023,23000232,PV,1,4,RACORES M14,,0,1,1_1,1_1_PV_23000232,1_1_PV_23000232_4_1
1,2023,23000202,SV,1,6,KGRS.LATON,,1,1,1_1,1_1_SV_23000202,1_1_SV_23000202_6_1
1,2023,23000202,SV,1,7,KGRS. ALUMINIO,,1,1,1_1,1_1_SV_23000202,1_1_SV_23000202_7_1
1,2023,23000202,SV,1,8,KGRS. HIERRO,,1,1,1_1,1_1_SV_23000202,1_1_SV_23000202_8_1
1,2023,3375,SF,1,10,GRUESO 1.5mm,,0,1,1_1,1_1_SF_3375,1_1_SF_3375_10_1
1,2023,3377,SF,1,2,5marcos x 4tiras x 3piezas = 60,,0,1,1_1,1_1_SF_3377,1_1_SF_3377_2_1
1,2023,3377,SF,1,3,CALENTAR 230º 1MARCO,,0,1,1_1,1_1_SF_3377,1_1_SF_3377_3_1
1,2023,3377,SF,1,4,COCER 200º 2MARCOS,,0,1,1_1,1_1_SF_3377,1_1_SF_3377_4_1
1,2023,3377,SF,1,5,"FRECUENCIA 300""",,0,1,1_1,1_1_SF_3377,1_1_SF_3377_5_1
1,2023,3377,SF,1,6,"PARADA 45""",,0,1,1_1,1_1_SF_3377,1_1_SF_3377_6_1
1,2023,3377,SF,1,7,INMERSOR BAJADA RAPIDA -SUBIDA LENTA,,0,1,1_1,1_1_SF_3377,1_1_SF_3377_7_1
1,2023,3377,SF,1,8,"INMERSOR PARADO ABAJO 0""",,0,1,1_1,1_1_SF_3377,1_1_SF_3377_8_1
1,2023,3377,SF,1,9,MEDIDA UTILAGE 82mm,,0,1,1_1,1_1_SF_3377,1_1_SF_3377_9_1
1,2023,3377,SF,1,10,GRUESO 1.5mm,,0,1,1_1,1_1_SF_3377,1_1_SF_3377_10_1
1,2023,3377,SF,1,11,EMPAQUETAR CAJAS PEQUEÑAS,,0,1,1_1,1_1_SF_3377,1_1_SF_3377_11_1
1,2023,23000193,PV,1,2,SUSTITUIR ESPARRAGOS MODIFICADOS,,0,1,1_1,1_1_PV_23000193,1_1_PV_23000193_2_1
1,2023,23000157,SV,1,2,INACTIVO 160,,1,1,1_1,1_1_SV_23000157,1_1_SV_23000157_2_1
1,2023,23000157,SV,1,3,TIPO HORQUILLA 3 ESPIRAS,,1,1,1_1,1_1_SV_23000157,1_1_SV_23000157_3_1
1,2023,23000157,SV,1,4,RACORES M14,,1,1,1_1,1_1_SV_23000157,1_1_SV_23000157_4_1
1,2023,23000157,SV,1,5,S/REF. 10005722,,1,1,1_1,1_1_SV_23000157,1_1_SV_23000157_5_1
1,2023,23000204,SV,1,2,CBZAL GOMA,,1,1,1_1,1_1_SV_23000204,1_1_SV_23000204_2_1
1,2023,23000204,SV,1,4,CBZAL GOMA,,1,1,1_1,1_1_SV_23000204,1_1_SV_23000204_4_1
1,2023,3370,SF,1,2,,,0,1,1_1,1_1_SF_3370,1_1_SF_3370_2_1
1,2023,3370,SF,1,3,,,0,1,1_1,1_1_SF_3370,1_1_SF_3370_3_1
1,2023,3370,SF,1,4,,,0,1,1_1,1_1_SF_3370,1_1_SF_3370_4_1
1,2023,3370,SF,1,5,,,0,1,1_1,1_1_SF_3370,1_1_SF_3370_5_1
1,2023,3370,SF,1,6,,,0,1,1_1,1_1_SF_3370,1_1_SF_3370_6_1
1,2023,3370,SF,1,7,,,0,1,1_1,1_1_SF_3370,1_1_SF_3370_7_1
1,2023,3370,SF,1,8,,,0,1,1_1,1_1_SF_3370,1_1_SF_3370_8_1
1,2023,3370,SF,1,9,,,0,1,1_1,1_1_SF_3370,1_1_SF_3370_9_1
1,2023,3370,SF,1,10,,,0,1,1_1,1_1_SF_3370,1_1_SF_3370_10_1
1,2023,23000214,EC,1,2,DISNET LEJIA AMARILLA 5LT,,1,1,1_1,1_1_EC_23000214,1_1_EC_23000214_2_1
1,2023,23000214,EC,1,3,"DISNET B.ASA AUTOC,55x60 R-20",,1,1,1_1,1_1_EC_23000214,1_1_EC_23000214_3_1
1,2023,23000194,PV,1,2,S/REF. ELE-AUX0022,,0,1,1_1,1_1_PV_23000194,1_1_PV_23000194_2_1
1,2023,23000195,PV,1,2,Ti L2000 3000W 380V 7790H 1MT,,0,1,1_1,1_1_PV_23000195,1_1_PV_23000195_2_1
1,2023,23000195,PV,1,4,INOX316L 4000W 230V 9093H 3MT 2ARANDELAS,,0,1,1_1,1_1_PV_23000195,1_1_PV_23000195_4_1
1,2023,3386,SF,1,11,RETRACTIL TOPE,,0,1,1_1,1_1_SF_3386,1_1_SF_3386_11_1
1,2023,23000167,EC,1,3,PONER CASQUILLO TEFLON N/PROP.,,1,1,1_1,1_1_EC_23000167,1_1_EC_23000167_3_1
1,2023,3437,SF,1,2,HORNO CALENTAR 180º 1 MARCO,,0,1,1_1,1_1_SF_3437,1_1_SF_3437_2_1
1,2023,23000127,PC,1,2,1 Pote,,0,1,1_1,1_1_PC_23000127,1_1_PC_23000127_2_1
1,2023,23000167,EC,1,5,CBZAL GOMA,,1,1,1_1,1_1_EC_23000167,1_1_EC_23000167_5_1
1,2023,23000208,SV,1,2,CBZAL.TEFLON+PVC CON 2MT CABLE,,1,1,1_1,1_1_SV_23000208,1_1_SV_23000208_2_1
1,2023,23000226,SV,1,5,CBL EXP. 99927318841 TEL. 956144230,,1,1,1_1,1_1_SV_23000226,1_1_SV_23000226_5_1
1,2023,23000167,EC,1,7,CBZAL GOMA,,1,1,1_1,1_1_EC_23000167,1_1_EC_23000167_7_1
1,2023,23000173,EC,1,2,COAT40,,1,1,1_1,1_1_EC_23000173,1_1_EC_23000173_2_1
1,2023,23000173,EC,1,4,COAT40,,1,1,1_1,1_1_EC_23000173,1_1_EC_23000173_4_1
1,2023,23000169,EC,1,2,CRONOVINEL VE 2050 (1 POTE) S/ART. 051802,,1,1,1_1,1_1_EC_23000169,1_1_EC_23000169_2_1
1,2023,23000169,EC,1,4,CUARZO Q-SE-6 (1 POTE) S/ART. 212900,,1,1,1_1,1_1_EC_23000169,1_1_EC_23000169_4_1
1,2023,3344,SF,1,2,HORNO CALENTAR 180º 1 MARCO,,0,1,1_1,1_1_SF_3344,1_1_SF_3344_2_1
1,2023,3344,SF,1,3,HORNO COCER 180º 3 MARCOS,,0,1,1_1,1_1_SF_3344,1_1_SF_3344_3_1
1,2023,3344,SF,1,4,IMPRIMACION CON CESTAS,,0,1,1_1,1_1_SF_3344,1_1_SF_3344_4_1
1,2023,3344,SF,1,5,"FRECUENCIA 9min 540""",,0,1,1_1,1_1_SF_3344,1_1_SF_3344_5_1
1,2023,3344,SF,1,6,2 PEINES DE 20 GANCHOS,,0,1,1_1,1_1_SF_3344,1_1_SF_3344_6_1
1,2023,3344,SF,1,7,MARCOS DE 9 PIEZAS 4GANCHOS,,0,1,1_1,1_1_SF_3344,1_1_SF_3344_7_1
1,2023,3344,SF,1,8,MARCOS DE 9 PIEZAS 4GANCHOS,,0,1,1_1,1_1_SF_3344,1_1_SF_3344_8_1
1,2023,3344,SF,1,9,CAJAS CITROEN 180(15x4=60x3PISOS),,0,1,1_1,1_1_SF_3344,1_1_SF_3344_9_1
1,2023,3345,SF,1,2,HORNO CALENTAR 180º 1 MARCO,,0,1,1_1,1_1_SF_3345,1_1_SF_3345_2_1
1,2023,3345,SF,1,3,HORNO COCER 180º 3 MARCOS,,0,1,1_1,1_1_SF_3345,1_1_SF_3345_3_1
1,2023,3345,SF,1,4,IMPRIMACION CON CESTA,,0,1,1_1,1_1_SF_3345,1_1_SF_3345_4_1
1,2023,3345,SF,1,5,"FRECUENCIA 9min 450""",,0,1,1_1,1_1_SF_3345,1_1_SF_3345_5_1
1,2023,3345,SF,1,6,2 PEINES DE 20 GANCHOS,,0,1,1_1,1_1_SF_3345,1_1_SF_3345_6_1
1,2023,3345,SF,1,7,MARCOS DE 9 PIEZAS CADA 4 GANCHOS,,0,1,1_1,1_1_SF_3345,1_1_SF_3345_7_1
1,2023,3345,SF,1,8,CONTROLAR INMERSOR BAJADA SUBIDA,,0,1,1_1,1_1_SF_3345,1_1_SF_3345_8_1
1,2023,3345,SF,1,9,CAJAS CITROEN 180(2x30=60x3PISOS),,0,1,1_1,1_1_SF_3345,1_1_SF_3345_9_1
1,2023,23000135,PC,1,2,"1 Chapa de 1500x3000, Heat 2130520",,0,1,1_1,1_1_PC_23000135,1_1_PC_23000135_2_1
1,2023,23000221,PV,1,2,800+100 PL180 - OF-1719,,0,1,1_1,1_1_PV_23000221,1_1_PV_23000221_2_1
1,2023,23000221,PV,1,4,700+120 PL160(110-I) - OF-1731,,0,1,1_1,1_1_PV_23000221,1_1_PV_23000221_4_1
1,2023,23000223,PV,1,2,167 tubos x 6000mm,,0,1,1_1,1_1_PV_23000223,1_1_PV_23000223_2_1
1,2023,23000223,PV,1,3,S/ART. M512345550,,0,1,1_1,1_1_PV_23000223,1_1_PV_23000223_3_1
1,2023,23000223,PV,1,5,34 tubos x 6000mm,,0,1,1_1,1_1_PV_23000223,1_1_PV_23000223_5_1
1,2023,23000223,PV,1,6,S/ART. M512349657,,0,1,1_1,1_1_PV_23000223,1_1_PV_23000223_6_1
1,2023,23000211,EC,1,2,DESENGRASANTE EXTRAFUERTE 5L 864B31,,1,1,1_1,1_1_EC_23000211,1_1_EC_23000211_2_1
1,2023,23000131,PC,1,2,S/REF. 9632H,,0,1,1_1,1_1_PC_23000131,1_1_PC_23000131_2_1
1,2023,23000219,SV,1,2,2MT CABLE,,1,1,1_1,1_1_SV_23000219,1_1_SV_23000219_2_1
1,2023,23000210,SV,1,2,TALADRAR Y PLASTISOLAR,,1,1,1_1,1_1_SV_23000210,1_1_SV_23000210_2_1
1,2023,23000177,EC,1,2,S/ART. I2208066481,,1,1,1_1,1_1_EC_23000177,1_1_EC_23000177_2_1
1,2023,23000182,EC,1,2,CRONODUR PU-90 -A-  (1kg),,1,1,1_1,1_1_EC_23000182,1_1_EC_23000182_2_1
1,2023,23000182,EC,1,3,S/ART. 103201,,1,1,1_1,1_1_EC_23000182,1_1_EC_23000182_3_1
1,2023,23000182,EC,1,5,CRONODUR PU-90 -B-  (1kg),,1,1,1_1,1_1_EC_23000182,1_1_EC_23000182_5_1
1,2023,23000182,EC,1,6,S/ART. 103211,,1,1,1_1,1_1_EC_23000182,1_1_EC_23000182_6_1
1,2023,23000142,PC,1,2,50gr - S/ART. EB516,,0,1,1_1,1_1_PC_23000142,1_1_PC_23000142_2_1
1,2023,23000142,PC,1,4,S/ART. EF50C,,0,1,1_1,1_1_PC_23000142,1_1_PC_23000142_4_1
1,2023,23000143,PC,1,2,INACTIVO 800mm,,0,1,1_1,1_1_PC_23000143,1_1_PC_23000143_2_1
1,2023,23000143,PC,1,3,S/REF. 8360H,,0,1,1_1,1_1_PC_23000143,1_1_PC_23000143_3_1
1,2023,23000213,PV,1,3,TIPO HORQUILLA 3 ESPIRAS,,0,1,1_1,1_1_PV_23000213,1_1_PV_23000213_3_1
1,2023,3406,SF,1,3,,,0,1,1_1,1_1_SF_3406,1_1_SF_3406_3_1
1,2023,3406,SF,1,4,,,0,1,1_1,1_1_SF_3406,1_1_SF_3406_4_1
1,2023,23000131,EC,1,1,DISCO DESBAR CLASIC 125x6 TYROLIT A30P-BFB,,1,1,1_1,1_1_EC_23000131,1_1_EC_23000131_1_1
1,2023,23000171,EC,1,2,ADAPTADOR ROSCA HEMBRA NRB4F4,,1,1,1_1,1_1_EC_23000171,1_1_EC_23000171_2_1
1,2023,23000211,SV,1,2,TEFLON 1590W 230V II 3MT,,1,1,1_1,1_1_SV_23000211,1_1_SV_23000211_2_1
1,2023,23000213,SV,1,2,TEFLON 2001W 400V 9021H 3MT,,1,1,1_1,1_1_SV_23000213,1_1_SV_23000213_2_1
1,2023,23000271,SV,1,4,"5x900, 1x1500",,1,1,1_1,1_1_SV_23000271,1_1_SV_23000271_4_1
1,2023,23000266,PV,1,2,6MT CABLE,,0,1,1_1,1_1_PV_23000266,1_1_PV_23000266_2_1
1,2023,23000133,PC,1,8,PESO DE LA MERCANCIA 350kg,,0,1,1_1,1_1_PC_23000133,1_1_PC_23000133_8_1
1,2023,23000190,EC,1,2,B50-700,,1,1,1_1,1_1_EC_23000190,1_1_EC_23000190_2_1
1,2023,23000166,EC,1,4,PT-6822291,,1,1,1_1,1_1_EC_23000166,1_1_EC_23000166_4_1
1,2023,23000166,EC,1,6,PT-649502,,1,1,1_1,1_1_EC_23000166,1_1_EC_23000166_6_1
1,2023,23000161,EC,1,2,JAULA MADERA HT MEDIDAS INT.182X150x90cm,,1,1,1_1,1_1_EC_23000161,1_1_EC_23000161_2_1
1,2023,23000161,EC,1,4,Peso de la mercancia 350kg,,1,1,1_1,1_1_EC_23000161,1_1_EC_23000161_4_1
1,2023,23000191,EC,1,2,SM380 10 cajas de 400ud,,1,1,1_1,1_1_EC_23000191,1_1_EC_23000191_2_1
1,2023,23000213,PV,1,4,RACORES M14,,0,1,1_1,1_1_PV_23000213,1_1_PV_23000213_4_1
1,2023,23000139,PC,1,2,INACTIVO 160,,0,1,1_1,1_1_PC_23000139,1_1_PC_23000139_2_1
1,2023,23000139,PC,1,3,TIPO HORQUILLA 3 ESPIRAS,,0,1,1_1,1_1_PC_23000139,1_1_PC_23000139_3_1
1,2023,23000139,PC,1,4,RACORES M14,,0,1,1_1,1_1_PC_23000139,1_1_PC_23000139_4_1
1,2023,23000139,PC,1,5,S/REF.  11039E,,0,1,1_1,1_1_PC_23000139,1_1_PC_23000139_5_1
1,2023,23000188,EC,1,1,REPARCION COTCHE 2920HTM AVERIA,,1,1,1_1,1_1_EC_23000188,1_1_EC_23000188_1_1
1,2023,3405,SF,1,2,5marcos x 4tiras x 5piezas = 100,,0,1,1_1,1_1_SF_3405,1_1_SF_3405_2_1
1,2023,3405,SF,1,3,CALENTAR 230º 1MARCO,,0,1,1_1,1_1_SF_3405,1_1_SF_3405_3_1
1,2023,3405,SF,1,4,5marcos x 4tiras x 5piezas = 100,,0,1,1_1,1_1_SF_3405,1_1_SF_3405_4_1
1,2023,3405,SF,1,5,"FRECUENCIA 300""",,0,1,1_1,1_1_SF_3405,1_1_SF_3405_5_1
1,2023,3405,SF,1,6,"PARADO ABAJO 20""",,0,1,1_1,1_1_SF_3405,1_1_SF_3405_6_1
1,2023,3405,SF,1,7,MEDIDA UTILAGE 102mm,,0,1,1_1,1_1_SF_3405,1_1_SF_3405_7_1
1,2023,3405,SF,1,8,"GRUESO 1,50mm",,0,1,1_1,1_1_SF_3405,1_1_SF_3405_8_1
1,2023,3405,SF,1,9,,,0,1,1_1,1_1_SF_3405,1_1_SF_3405_9_1
1,2023,3405,SF,1,10,,,0,1,1_1,1_1_SF_3405,1_1_SF_3405_10_1
1,2023,3404,SF,1,2,1marco x 4tiras x 5piezas = 20,,0,1,1_1,1_1_SF_3404,1_1_SF_3404_2_1
1,2023,3404,SF,1,3,CALENTAR 230º 1 MARCO,,0,1,1_1,1_1_SF_3404,1_1_SF_3404_3_1
1,2023,3404,SF,1,4,COCER 200º 2 MARCOS,,0,1,1_1,1_1_SF_3404,1_1_SF_3404_4_1
1,2023,3404,SF,1,5,"FRECUENCIA 300""",,0,1,1_1,1_1_SF_3404,1_1_SF_3404_5_1
1,2023,3404,SF,1,6,"PARADA A BAJO 45""",,0,1,1_1,1_1_SF_3404,1_1_SF_3404_6_1
1,2023,3404,SF,1,7,INMERSOR BAJADA RAPIDA - SUBIDA LENTA,,0,1,1_1,1_1_SF_3404,1_1_SF_3404_7_1
1,2023,3404,SF,1,8,"INMERSOR PARADO A BAJO 0""",,0,1,1_1,1_1_SF_3404,1_1_SF_3404_8_1
1,2023,3404,SF,1,9,MEDIDA UTILAGE 82mm,,0,1,1_1,1_1_SF_3404,1_1_SF_3404_9_1
1,2023,3404,SF,1,10,GRUESO 1.5mm,,0,1,1_1,1_1_SF_3404,1_1_SF_3404_10_1
1,2023,3404,SF,1,11,10 MARCOS 1 CAJA GRANDE,,0,1,1_1,1_1_SF_3404,1_1_SF_3404_11_1
1,2023,3406,SF,1,5,,,0,1,1_1,1_1_SF_3406,1_1_SF_3406_5_1
1,2023,3406,SF,1,6,,,0,1,1_1,1_1_SF_3406,1_1_SF_3406_6_1
1,2023,3406,SF,1,7,,,0,1,1_1,1_1_SF_3406,1_1_SF_3406_7_1
1,2023,3406,SF,1,8,,,0,1,1_1,1_1_SF_3406,1_1_SF_3406_8_1
1,2023,3406,SF,1,9,,,0,1,1_1,1_1_SF_3406,1_1_SF_3406_9_1
1,2023,3406,SF,1,10,,,0,1,1_1,1_1_SF_3406,1_1_SF_3406_10_1
1,2023,3409,SF,1,2,5marcos x 4tiras x 5piezas = 100,,0,1,1_1,1_1_SF_3409,1_1_SF_3409_2_1
1,2023,3409,SF,1,3,CALENTAR 230º 1MARCO,,0,1,1_1,1_1_SF_3409,1_1_SF_3409_3_1
1,2023,3409,SF,1,4,COCER 200º 2MARCOS,,0,1,1_1,1_1_SF_3409,1_1_SF_3409_4_1
1,2023,3409,SF,1,5,"FRECUENCIA 300""",,0,1,1_1,1_1_SF_3409,1_1_SF_3409_5_1
1,2023,3409,SF,1,6,"PARADA 45""",,0,1,1_1,1_1_SF_3409,1_1_SF_3409_6_1
1,2023,3409,SF,1,7,INMERSOR BAJADA RAPIDA -SUBIDA LENTA,,0,1,1_1,1_1_SF_3409,1_1_SF_3409_7_1
1,2023,3409,SF,1,8,"INMERSOR PARADO ABAJO 0""",,0,1,1_1,1_1_SF_3409,1_1_SF_3409_8_1
1,2023,3409,SF,1,9,MEDIDA UTILAGE 82mm,,0,1,1_1,1_1_SF_3409,1_1_SF_3409_9_1
1,2023,3409,SF,1,10,GRUESO 1.5mm,,0,1,1_1,1_1_SF_3409,1_1_SF_3409_10_1
1,2023,3407,EF,1,1,FABRICACION CALENTADORES MES,,0,1,1_1,1_1_EF_3407,1_1_EF_3407_1_1
1,2023,23000155,PC,1,2,S/REF. I24008,,0,1,1_1,1_1_PC_23000155,1_1_PC_23000155_2_1
1,2023,23000155,PC,1,4,S/ART. I23080664A51,,0,1,1_1,1_1_PC_23000155,1_1_PC_23000155_4_1
1,2023,23000202,PV,1,2,TRANSFORMAR Y REPARAR,,0,1,1_1,1_1_PV_23000202,1_1_PV_23000202_2_1
1,2023,23000202,PV,1,3,1 DETECTOR MAS,,0,1,1_1,1_1_PV_23000202,1_1_PV_23000202_3_1
1,2023,23000202,PV,1,4,PINZA CON CATOS A r4,,0,1,1_1,1_1_PV_23000202,1_1_PV_23000202_4_1
1,2023,23000202,PV,1,5,TRANSFORMAR Y REPARAR,,0,1,1_1,1_1_PV_23000202,1_1_PV_23000202_5_1
1,2023,23000202,PV,1,6,1 DETECTOR MAS,,0,1,1_1,1_1_PV_23000202,1_1_PV_23000202_6_1
1,2023,23000202,PV,1,7,PINZA CON CANTOS A r4,,0,1,1_1,1_1_PV_23000202,1_1_PV_23000202_7_1
1,2023,23000188,EC,1,2,MENSAJE EN CUADRO REVISAR CARGA BATERIA,,1,1,1_1,1_1_EC_23000188,1_1_EC_23000188_2_1
1,2023,23000134,PC,1,2,SM380 10 cajas de 400ud,,0,1,1_1,1_1_PC_23000134,1_1_PC_23000134_2_1
1,2023,23000134,PC,1,3,Lote 91690,,0,1,1_1,1_1_PC_23000134,1_1_PC_23000134_3_1
1,2023,3403,SF,1,2,1marco x 3tiras x8 piezas = 24,,0,1,1_1,1_1_SF_3403,1_1_SF_3403_2_1
1,2023,3403,SF,1,3,CALENTAR 230º 1MARCO,,0,1,1_1,1_1_SF_3403,1_1_SF_3403_3_1
1,2023,3403,SF,1,4,COCER 200º 2MRCOS,,0,1,1_1,1_1_SF_3403,1_1_SF_3403_4_1
1,2023,3403,SF,1,5,"FRECUENCIA 300""",,0,1,1_1,1_1_SF_3403,1_1_SF_3403_5_1
1,2023,3403,SF,1,6,"PARADA 45""",,0,1,1_1,1_1_SF_3403,1_1_SF_3403_6_1
1,2023,3403,SF,1,7,INMERSOR BAJADA RAPIDA - SUBIDA LENTA,,0,1,1_1,1_1_SF_3403,1_1_SF_3403_7_1
1,2023,3403,SF,1,8,"INMERSOR PARADO ABAJO 0""",,0,1,1_1,1_1_SF_3403,1_1_SF_3403_8_1
1,2023,3403,SF,1,9,MEDIDA UTILAGE 82mm,,0,1,1_1,1_1_SF_3403,1_1_SF_3403_9_1
1,2023,3403,SF,1,10,GRUESO 1.5mm,,0,1,1_1,1_1_SF_3403,1_1_SF_3403_10_1
1,2023,3413,SF,1,1,SENSA MATERIAL,,0,1,1_1,1_1_SF_3413,1_1_SF_3413_1_1
1,2023,23000164,PC,1,4,SR-LZH-400/200-5Z-316-06-00-PB10-150,,0,1,1_1,1_1_PC_23000164,1_1_PC_23000164_4_1
1,2023,23000274,PV,1,4,de 20x645mm,,0,1,1_1,1_1_PV_23000274,1_1_PV_23000274_4_1
1,2023,3174,EF,1,1,REPARACIONES Y CONSERVACION,,0,1,1_1,1_1_EF_3174,1_1_EF_3174_1_1
1,2023,23000196,PV,1,2,1050+190 PL260(130-I),,0,1,1_1,1_1_PV_23000196,1_1_PV_23000196_2_1
1,2023,23000191,EC,1,3,Lote 91690,,1,1,1_1,1_1_EC_23000191,1_1_EC_23000191_3_1
1,2023,23000195,EC,1,1,11/03-DROGUERIA FRIGOLA Fra.Simplificada 3276,,1,1,1_1,1_1_EC_23000195,1_1_EC_23000195_1_1
1,2023,23000195,EC,1,2,24/03-DROGUERIA FRIGOLA Fra.Simplificada 3938,,1,1,1_1,1_1_EC_23000195,1_1_EC_23000195_2_1
1,2023,23000195,EC,1,3,AJUSTES,,1,1,1_1,1_1_EC_23000195,1_1_EC_23000195_3_1
1,2023,23000166,EC,1,2,PT-682290,,1,1,1_1,1_1_EC_23000166,1_1_EC_23000166_2_1
1,2023,23000196,EC,1,1,ARRENDAMENT CONTENÏDOR,,1,1,1_1,1_1_EC_23000196,1_1_EC_23000196_1_1
1,2023,23000196,EC,1,2,RECOLLIDES,,1,1,1_1,1_1_EC_23000196,1_1_EC_23000196_2_1
1,2023,23000196,EC,1,3,FULLS SEGUIMENT,,1,1,1_1,1_1_EC_23000196,1_1_EC_23000196_3_1
1,2023,23000163,EC,1,2,"Díametro 10,25x12,25mm",,1,1,1_1,1_1_EC_23000163,1_1_EC_23000163_2_1
1,2023,23000163,EC,1,3,Rollo entero S/REF. M1512340866,,1,1,1_1,1_1_EC_23000163,1_1_EC_23000163_3_1
1,2023,23000165,EC,1,2,REF. 8810H,,1,1,1_1,1_1_EC_23000165,1_1_EC_23000165_2_1
1,2023,23000189,EC,1,2,JAULA MADERA HT MEDIDAS INT.172x148x90cm,,1,1,1_1,1_1_EC_23000189,1_1_EC_23000189_2_1
1,2023,23000189,EC,1,3,DEJAR SIN CLAVAR TAPA Y UN FRONTAL 172,,1,1,1_1,1_1_EC_23000189,1_1_EC_23000189_3_1
1,2023,23000259,SV,1,5,Condiciones de venta: CONTADO,,1,1,1_1,1_1_SV_23000259,1_1_SV_23000259_5_1
1,2023,23000165,PC,1,2,S/REF. 77011195,,0,1,1_1,1_1_PC_23000165,1_1_PC_23000165_2_1
1,2023,23000233,EC,1,1,VARIS,,1,1,1_1,1_1_EC_23000233,1_1_EC_23000233_1_1
1,2023,23000203,EC,1,1,REPARAR SAI- SUSTITUIR 4 BATERIA PLOMO 6V 7.2Ah,,1,1,1_1,1_1_EC_23000203,1_1_EC_23000203_1_1
1,2023,23000208,PV,1,2,"1 CHAPA DE 1500x3000mm, Colada 2130520",,0,1,1_1,1_1_PV_23000208,1_1_PV_23000208_2_1
1,2023,23000225,SV,1,2,S/CODI  113  - L-3,,1,1,1_1,1_1_SV_23000225,1_1_SV_23000225_2_1
1,2023,23000200,SV,1,2,2 REF.TUBO Fe 40x40 FORRO PERFIL  U-50x45,,1,1,1_1,1_1_SV_23000200,1_1_SV_23000200_2_1
1,2023,23000193,EC,1,2,RATIO T-09 NG WORK6 1845A519,,1,1,1_1,1_1_EC_23000193,1_1_EC_23000193_2_1
1,2023,23000249,SV,1,2,S/REF. ELE-AUX0022,,1,1,1_1,1_1_SV_23000249,1_1_SV_23000249_2_1
1,2023,23000285,SV,1,2,3MT CABLE,,1,1,1_1,1_1_SV_23000285,1_1_SV_23000285_2_1
1,2023,23000189,EC,1,4,PESO DE LA MERCANCIA 350kg,,1,1,1_1,1_1_EC_23000189,1_1_EC_23000189_4_1
1,2023,3477,SF,1,5,2MARCOS COCER 200º,,0,1,1_1,1_1_SF_3477,1_1_SF_3477_5_1
1,2023,3477,SF,1,6,MEDIDA PLASTISOL 110mm o 115mm,,0,1,1_1,1_1_SF_3477,1_1_SF_3477_6_1
1,2023,3477,SF,1,7,IMPRIMACION,,0,1,1_1,1_1_SF_3477,1_1_SF_3477_7_1
1,2023,23000186,EC,1,1,CARPETA 4-A DIN A4 EXACOMPTA R.78590 MORADO,,1,1,1_1,1_1_EC_23000186,1_1_EC_23000186_1_1
1,2023,23000186,EC,1,2,CARPETA 4-A DIN A4 EXACOMPTA R.78593 VERDE ANIS,,1,1,1_1,1_1_EC_23000186,1_1_EC_23000186_2_1
1,2023,23000186,EC,1,3,CARPETA 4-A DIN A4 EXACOMPTA R.78587 VERDE OSCURO,,1,1,1_1,1_1_EC_23000186,1_1_EC_23000186_3_1
1,2023,23000186,EC,1,4,CARPETA 4-A DIN A4 EXACOMPTA R.78584 FUCSIA,,1,1,1_1,1_1_EC_23000186,1_1_EC_23000186_4_1
1,2023,23000186,EC,1,5,GRAPAS 22/6 COBREADAS 1000U. 557210,,1,1,1_1,1_1_EC_23000186,1_1_EC_23000186_5_1
1,2023,23000186,EC,1,6,CAJA ARCHIVO DEFINITIVO R.96570,,1,1,1_1,1_1_EC_23000186,1_1_EC_23000186_6_1
1,2023,23000260,SV,1,2,"1 CHAPA DE 1500x3000mm, Colada 2130520",,1,1,1_1,1_1_SV_23000260,1_1_SV_23000260_2_1
1,2023,23000146,PC,1,2,INACTIVO 160,,0,1,1_1,1_1_PC_23000146,1_1_PC_23000146_2_1
1,2023,23000146,PC,1,3,TIPO HORQUILLA 3 ESPIRAS,,0,1,1_1,1_1_PC_23000146,1_1_PC_23000146_3_1
1,2023,23000146,PC,1,4,RACORES M14,,0,1,1_1,1_1_PC_23000146,1_1_PC_23000146_4_1
1,2023,23000146,PC,1,5,S/REF.  11039E,,0,1,1_1,1_1_PC_23000146,1_1_PC_23000146_5_1
1,2023,23000156,PC,1,2,S/REF. I23080664A35,,0,1,1_1,1_1_PC_23000156,1_1_PC_23000156_2_1
1,2023,23000155,PV,1,3,Taric: 8108909099,,0,1,1_1,1_1_PV_23000155,1_1_PV_23000155_3_1
1,2023,23000155,PV,1,4,Condiciones de envio: EXWORKS,,0,1,1_1,1_1_PV_23000155,1_1_PV_23000155_4_1
1,2023,23000155,PV,1,5,Condiciones de venta: CONTADO,,0,1,1_1,1_1_PV_23000155,1_1_PV_23000155_5_1
1,2023,23000202,EC,1,1,MANTENIMENT EQUIPS INFORMATICS ABRIL/2023,,1,1,1_1,1_1_EC_23000202,1_1_EC_23000202_1_1
1,2023,23000200,SV,1,3,"ALA DE ESPESOR 20, DESAGË CON MEDIA VALVULA",,1,1,1_1,1_1_SV_23000200,1_1_SV_23000200_3_1
1,2023,23000200,SV,1,4,SOPORTES PÌNZA PARA TUBERIA EXTERIOR Y SONDA,,1,1,1_1,1_1_SV_23000200,1_1_SV_23000200_4_1
1,2023,23000200,SV,1,5,2 SALIDAS FILTRACIÓN MEDIA VALVULA,,1,1,1_1,1_1_SV_23000200,1_1_SV_23000200_5_1
1,2023,23000251,SV,1,2,2 REF.TUBO Fe 40x40 FORRO PERFIL  U-50x45,,1,1,1_1,1_1_SV_23000251,1_1_SV_23000251_2_1
1,2023,23000251,SV,1,3,"ALA DE ESPESOR 20, DESAGË CON MEDIA VALVULA",,1,1,1_1,1_1_SV_23000251,1_1_SV_23000251_3_1
1,2023,23000251,SV,1,4,SOPORTES PÌNZA PARA TUBERIA EXTERIOR Y SONDA,,1,1,1_1,1_1_SV_23000251,1_1_SV_23000251_4_1
1,2023,23000195,SV,1,4,CON 2MT CABLE,,1,1,1_1,1_1_SV_23000195,1_1_SV_23000195_4_1
1,2023,23000209,EC,1,2,4MT CABLE,,1,1,1_1,1_1_EC_23000209,1_1_EC_23000209_2_1
1,2023,23000208,EC,1,2,REPARAR,,1,1,1_1,1_1_EC_23000208,1_1_EC_23000208_2_1
1,2023,23000160,EC,1,2,Idem MAS 2 SALIDAS FILTRACION CON 1/2 VALVULA,,1,1,1_1,1_1_EC_23000160,1_1_EC_23000160_2_1
1,2023,23000160,EC,1,4,Idem,,1,1,1_1,1_1_EC_23000160,1_1_EC_23000160_4_1
1,2023,23000160,EC,1,6,Idem,,1,1,1_1,1_1_EC_23000160,1_1_EC_23000160_6_1
1,2023,23000180,EC,1,2,2 REF.TUBO Fe 40x40 FORRADO PERFIL U-50x45,,1,1,1_1,1_1_EC_23000180,1_1_EC_23000180_2_1
1,2023,23000180,EC,1,3,ALA SUPERIOR GRUESO DE 20,,1,1,1_1,1_1_EC_23000180,1_1_EC_23000180_3_1
1,2023,23000180,EC,1,4,MARCAJE VOLUMEN EN PARED DE 1320,,1,1,1_1,1_1_EC_23000180,1_1_EC_23000180_4_1
1,2023,23000180,EC,1,5,2 OPORTES CLIP EXT PARA TUBERIA D20,,1,1,1_1,1_1_EC_23000180,1_1_EC_23000180_5_1
1,2023,23000180,EC,1,6,SOPORTE INT PARA SONDA,,1,1,1_1,1_1_EC_23000180,1_1_EC_23000180_6_1
1,2023,23000180,EC,1,7,DESAGUE 1/2 VALVULA PPG D20,,1,1,1_1,1_1_EC_23000180,1_1_EC_23000180_7_1
1,2023,23000180,EC,1,8,MEDIDAS EXT 1420x500x680+PATAS,,1,1,1_1,1_1_EC_23000180,1_1_EC_23000180_8_1
1,2023,23000198,EC,1,1,FRESA ROTATIVA METAL DURO 6.3x3.00 D6 TIPO A/E,,1,1,1_1,1_1_EC_23000198,1_1_EC_23000198_1_1
1,2023,3437,SF,1,3,HORNO COCER 180º 3 MARCOS,,0,1,1_1,1_1_SF_3437,1_1_SF_3437_3_1
1,2023,3437,SF,1,4,IMPRIMACION CON CESTAS,,0,1,1_1,1_1_SF_3437,1_1_SF_3437_4_1
1,2023,3437,SF,1,5,"FRECUENCIA 9min 540""",,0,1,1_1,1_1_SF_3437,1_1_SF_3437_5_1
1,2023,3437,SF,1,6,2 PEINES DE 20 GANCHOS,,0,1,1_1,1_1_SF_3437,1_1_SF_3437_6_1
1,2023,3437,SF,1,7,MARCOS DE 9 PIEZAS 4GANCHOS,,0,1,1_1,1_1_SF_3437,1_1_SF_3437_7_1
1,2023,23000132,PC,1,2,S/ART. I23080664A70.............NUEVO,,0,1,1_1,1_1_PC_23000132,1_1_PC_23000132_2_1
1,2023,23000228,PV,1,2,"17x800, 2x1000",,0,1,1_1,1_1_PV_23000228,1_1_PV_23000228_2_1
1,2023,23000228,PV,1,4,"5x900, 1x1500",,0,1,1_1,1_1_PV_23000228,1_1_PV_23000228_4_1
1,2023,23000257,PV,1,2,"3x700, 3x1000",,0,1,1_1,1_1_PV_23000257,1_1_PV_23000257_2_1
1,2023,23000257,PV,1,4,x900,,0,1,1_1,1_1_PV_23000257,1_1_PV_23000257_4_1
1,2023,23000141,PC,1,2,S/REF..10606H.............................NUEVO,,0,1,1_1,1_1_PC_23000141,1_1_PC_23000141_2_1
1,2023,3468,EF,1,1,FABRICACION CALENTADORES MES,,0,1,1_1,1_1_EF_3468,1_1_EF_3468_1_1
1,2023,23000154,PC,1,2,DMBN5D20 caja de 25 ud - Lote 060320,,0,1,1_1,1_1_PC_23000154,1_1_PC_23000154_2_1
1,2023,23000154,PC,1,4,DSWPP10A20P 1 caja - Lote 18112022,,0,1,1_1,1_1_PC_23000154,1_1_PC_23000154_4_1
1,2023,23000154,PC,1,6,SM85 2 cajas de 4000ud - Lote 45846,,0,1,1_1,1_1_PC_23000154,1_1_PC_23000154_6_1
1,2023,23000181,PC,1,2,S/REF. A2181800SB260AL - Lote 130623,,0,1,1_1,1_1_PC_23000181,1_1_PC_23000181_2_1
1,2023,23000359,PV,1,2,1090+210 PL320(110-I),,0,1,1_1,1_1_PV_23000359,1_1_PV_23000359_2_1
1,2023,3477,SF,1,8,ALTURA PLASTISOL PIEZA 110 (-0/+5),,0,1,1_1,1_1_SF_3477,1_1_SF_3477_8_1
1,2023,3478,SF,1,2,"1OPERARIO FRECUENCIA 300""(5min)/330""",,0,1,1_1,1_1_SF_3478,1_1_SF_3478_2_1
1,2023,3478,SF,1,3,MARCOS 40PZS (4x10 PEINES GANCHERA),,0,1,1_1,1_1_SF_3478,1_1_SF_3478_3_1
1,2023,3478,SF,1,4,2 MARCOS CALENTAR 190?,,0,1,1_1,1_1_SF_3478,1_1_SF_3478_4_1
1,2023,23000264,SV,1,2,de 35x20,,1,1,1_1,1_1_SV_23000264,1_1_SV_23000264_2_1
1,2023,23000294,SV,1,2,"3x700, 3x1000",,1,1,1_1,1_1_SV_23000294,1_1_SV_23000294_2_1
1,2023,23000294,SV,1,4,x900,,1,1,1_1,1_1_SV_23000294,1_1_SV_23000294_4_1
1,2023,23000143,SV,1,2,AÑADIR DOS OREJAS LATERALES,,1,1,1_1,1_1_SV_23000143,1_1_SV_23000143_2_1
1,2023,23000143,SV,1,3,EN EL CENTRO DEL BAST.,,1,1,1_1,1_1_SV_23000143,1_1_SV_23000143_3_1
1,2023,23000286,SV,1,2,SOPORTE PP DE S/PROP.,,1,1,1_1,1_1_SV_23000286,1_1_SV_23000286_2_1
1,2023,3478,SF,1,5,2MARCOS COCER 200º,,0,1,1_1,1_1_SF_3478,1_1_SF_3478_5_1
1,2023,23000207,EC,1,2,50gr - S/ART. EB516,,1,1,1_1,1_1_EC_23000207,1_1_EC_23000207_2_1
1,2023,23000207,EC,1,4,S/ART. EF50C,,1,1,1_1,1_1_EC_23000207,1_1_EC_23000207_4_1
1,2023,23000201,EC,1,2,"1 Chapa de 1500x3000, Heat 2130520",,1,1,1_1,1_1_EC_23000201,1_1_EC_23000201_2_1
1,2023,23000265,PV,1,2,5 MICRAS CARA INTERIOR,,0,1,1_1,1_1_PV_23000265,1_1_PV_23000265_2_1
1,2023,23000265,PV,1,3,2 MICRAS CARA EXTERIOR,,0,1,1_1,1_1_PV_23000265,1_1_PV_23000265_3_1
1,2023,23000220,EC,1,2,S/REF. 9632H,,1,1,1_1,1_1_EC_23000220,1_1_EC_23000220_2_1
1,2023,23000236,EC,1,1,21/04-DROGUERIA FRIGOLA Fra.Simplificada 5698,,1,1,1_1,1_1_EC_23000236,1_1_EC_23000236_1_1
1,2023,23000189,EC,1,6,JAULA MADERA HT MEDIDAS INT.190x148x90cm,,1,1,1_1,1_1_EC_23000189,1_1_EC_23000189_6_1
1,2023,23000299,PV,1,2,5MT CABLE,,0,1,1_1,1_1_PV_23000299,1_1_PV_23000299_2_1
1,2023,3173,SF,1,2,sensa material,,0,1,1_1,1_1_SF_3173,1_1_SF_3173_2_1
1,2023,3437,SF,1,8,MARCOS DE 9 PIEZAS 4GANCHOS,,0,1,1_1,1_1_SF_3437,1_1_SF_3437_8_1
1,2023,3437,SF,1,9,CAJAS CITROEN 180(15x4=60x3PISOS),,0,1,1_1,1_1_SF_3437,1_1_SF_3437_9_1
1,2023,3438,SF,1,2,HORNO CALENTAR 180º 1 MARCO,,0,1,1_1,1_1_SF_3438,1_1_SF_3438_2_1
1,2023,23000156,EC,1,2,"BASE 4 TOMAS C/INT.1,5 Mtrs 900R73",,1,1,1_1,1_1_EC_23000156,1_1_EC_23000156_2_1
1,2023,23000156,EC,1,3,BASE MAGNETICA ABONAMENT,,1,1,1_1,1_1_EC_23000156,1_1_EC_23000156_3_1
1,2023,23000210,EC,1,2,DNWV65480100 - Lote 308416,,1,1,1_1,1_1_EC_23000210,1_1_EC_23000210_2_1
1,2023,23000206,EC,1,2,S/ART. I23080664A70.............NUEVO,,1,1,1_1,1_1_EC_23000206,1_1_EC_23000206_2_1
1,2023,23000274,SV,1,2,800+100 PL180 - OF-1719,,1,1,1_1,1_1_SV_23000274,1_1_SV_23000274_2_1
1,2023,23000274,SV,1,4,700+120 PL160(110-I) - OF-1731,,1,1,1_1,1_1_SV_23000274,1_1_SV_23000274_4_1
1,2023,23000272,SV,1,2,"3x1200, 1x1000, 1x800, 1x700",,1,1,1_1,1_1_SV_23000272,1_1_SV_23000272_2_1
1,2023,3438,SF,1,3,HORNO COCER 180º 3 MARCOS,,0,1,1_1,1_1_SF_3438,1_1_SF_3438_3_1
1,2023,3438,SF,1,4,IMPRIMACION CON CESTA,,0,1,1_1,1_1_SF_3438,1_1_SF_3438_4_1
1,2023,3438,SF,1,5,"FRECUENCIA 9min 450""",,0,1,1_1,1_1_SF_3438,1_1_SF_3438_5_1
1,2023,23000097,EC,1,1,CONEXIONES RACORT RECTO RS 1 M 10-1/4,,1,1,1_1,1_1_EC_23000097,1_1_EC_23000097_1_1
1,2023,3438,SF,1,6,2 PEINES DE 20 GANCHOS,,0,1,1_1,1_1_SF_3438,1_1_SF_3438_6_1
1,2023,3438,SF,1,7,MARCOS DE 9 PIEZAS CADA 4 GANCHOS,,0,1,1_1,1_1_SF_3438,1_1_SF_3438_7_1
1,2023,3438,SF,1,8,CONTROLAR INMERSOR BAJADA SUBIDA,,0,1,1_1,1_1_SF_3438,1_1_SF_3438_8_1
1,2023,23000150,PC,1,2,S/ART. EFFS45PPH,,0,1,1_1,1_1_PC_23000150,1_1_PC_23000150_2_1
1,2023,23000145,PC,1,2,C90 10 cajas de 1000ud - Lote 46313,,0,1,1_1,1_1_PC_23000145,1_1_PC_23000145_2_1
1,2023,23000145,PC,1,4,CA160 2 cajas de 2000ud - Lote 12084,,0,1,1_1,1_1_PC_23000145,1_1_PC_23000145_4_1
1,2023,23000171,EC,1,3,CONEXIONES RACORT RECTO RA 1 M 8-1/4,,1,1,1_1,1_1_EC_23000171,1_1_EC_23000171_3_1
1,2023,23000171,EC,1,4,PALETINA DOBLE STANDARD N.18 EHL 6006B433,,1,1,1_1,1_1_EC_23000171,1_1_EC_23000171_4_1
1,2023,23000183,EC,1,2,QUIMICO XL 10 FLOC 921 NEOPREN JUBA,,1,1,1_1,1_1_EC_23000183,1_1_EC_23000183_2_1
1,2023,23000212,SV,1,4,TEFLON 1500W 380V 10575H 5MT,,1,1,1_1,1_1_SV_23000212,1_1_SV_23000212_4_1
1,2023,23000231,SV,1,2,Ti L2000 3000W 380V 7790H 1MT,,1,1,1_1,1_1_SV_23000231,1_1_SV_23000231_2_1
1,2023,23000272,SV,1,3,**QUEDA 1 TUBO EM DEPOSITO**,,1,1,1_1,1_1_SV_23000272,1_1_SV_23000272_3_1
1,2023,23000214,EC,1,4,VIAKAL 500ML GEL,,1,1,1_1,1_1_EC_23000214,1_1_EC_23000214_4_1
1,2023,23000267,EC,1,3,FULLS SEGUIMENT,,1,1,1_1,1_1_EC_23000267,1_1_EC_23000267_3_1
1,2023,3438,SF,1,9,CAJAS CITROEN 180(2x30=60x3PISOS),,0,1,1_1,1_1_SF_3438,1_1_SF_3438_9_1
1,2023,3440,SF,1,2,HORNO CALENTAR 180º 1 MARCO,,0,1,1_1,1_1_SF_3440,1_1_SF_3440_2_1
1,2023,3440,SF,1,3,HORNO COCER 180º 3 MARCOS,,0,1,1_1,1_1_SF_3440,1_1_SF_3440_3_1
1,2023,3440,SF,1,4,IMPRIMACION CESTAS,,0,1,1_1,1_1_SF_3440,1_1_SF_3440_4_1
1,2023,3440,SF,1,5,"FRECUENCIA 9min 540""",,0,1,1_1,1_1_SF_3440,1_1_SF_3440_5_1
1,2023,3440,SF,1,6,2 PEINES 20 GANCHOS,,0,1,1_1,1_1_SF_3440,1_1_SF_3440_6_1
1,2023,3440,SF,1,7,MARCOS DE 9 PIEZAS CADA 4 GANCHOS,,0,1,1_1,1_1_SF_3440,1_1_SF_3440_7_1
1,2023,3440,SF,1,8,CONTROLAR INMERSOR BAJADA I SUBIDA,,0,1,1_1,1_1_SF_3440,1_1_SF_3440_8_1
1,2023,3440,SF,1,9,CAJAS CITROEN 150(50x3PISOS),,0,1,1_1,1_1_SF_3440,1_1_SF_3440_9_1
1,2023,23000267,EC,1,4,NOTIFICACIO PREVIA 2421713,,1,1,1_1,1_1_EC_23000267,1_1_EC_23000267_4_1
1,2023,23000267,EC,1,5,CONTRACTE TRACTAMENT,,1,1,1_1,1_1_EC_23000267,1_1_EC_23000267_5_1
1,2023,23000246,EC,1,2,3 barras de 5000,,1,1,1_1,1_1_EC_23000246,1_1_EC_23000246_2_1
1,2023,23000246,EC,1,3,Portes 10 incluidos en el precio,,1,1,1_1,1_1_EC_23000246,1_1_EC_23000246_3_1
1,2023,23000159,SV,1,2,**Entregados el 10/02/2023,,1,1,1_1,1_1_SV_23000159,1_1_SV_23000159_2_1
1,2023,23000290,SV,1,2,SUSTITUIR ESPARRAGOS MODIFICADOS,,1,1,1_1,1_1_SV_23000290,1_1_SV_23000290_2_1
1,2023,23000161,PC,1,2,"REPLATING OF TITANIUM ANODES,",,0,1,1_1,1_1_PC_23000161,1_1_PC_23000161_2_1
1,2023,23000161,PC,1,3,Pt 5 MICRONS INSIDE,,0,1,1_1,1_1_PC_23000161,1_1_PC_23000161_3_1
1,2023,23000161,PC,1,4,Pt 2 MICRONS OUTSIDE,,0,1,1_1,1_1_PC_23000161,1_1_PC_23000161_4_1
1,2023,23000161,PC,1,5,Article-No.: 16009-0027,,0,1,1_1,1_1_PC_23000161,1_1_PC_23000161_5_1
1,2023,23000200,EC,1,2,En largos de 3300/3900,,1,1,1_1,1_1_EC_23000200,1_1_EC_23000200_2_1
1,2023,23000200,EC,1,4,En largos de 300/3900,,1,1,1_1,1_1_EC_23000200,1_1_EC_23000200_4_1
1,2023,23000211,PC,1,2,"9 PIEZA + METAL (2,97kg X 8,46 = 25,13 / 6 = 4,188/pz)",,0,1,1_1,1_1_PC_23000211,1_1_PC_23000211_2_1
1,2023,23000232,EC,1,2,DMBN5D20 caja de 25 ud - Lote 060320,,1,1,1_1,1_1_EC_23000232,1_1_EC_23000232_2_1
1,2023,23000232,EC,1,4,DSWPP10A20P 1 caja - Lote 18112022,,1,1,1_1,1_1_EC_23000232,1_1_EC_23000232_4_1
1,2023,23000232,EC,1,6,SM85 2 cajas de 4000ud - Lote 45846,,1,1,1_1,1_1_EC_23000232,1_1_EC_23000232_6_1
1,2023,23000232,EC,1,8,DMBN10D10 1 caja - Lote 110221,,1,1,1_1,1_1_EC_23000232,1_1_EC_23000232_8_1
1,2023,23000189,EC,1,7,DEJAR SIN CLAVAR TAPA  Y UN FRONTAL 190,,1,1,1_1,1_1_EC_23000189,1_1_EC_23000189_7_1
1,2023,23000189,EC,1,8,PESO DE LA MERCANCIA 350kg,,1,1,1_1,1_1_EC_23000189,1_1_EC_23000189_8_1
1,2023,23000205,EC,1,2,CAJA OSB HT MEDIDA INT. 160x90x80cm,,1,1,1_1,1_1_EC_23000205,1_1_EC_23000205_2_1
1,2023,23000205,EC,1,3,-Peso mercancia 150kg.,,1,1,1_1,1_1_EC_23000205,1_1_EC_23000205_3_1
1,2023,23000350,SV,1,2,En largos 3000/4000,,1,1,1_1,1_1_SV_23000350,1_1_SV_23000350_2_1
1,2023,23000320,PV,1,2,CON 7 MT CABLE,,0,1,1_1,1_1_PV_23000320,1_1_PV_23000320_2_1
1,2023,23000279,PV,1,3,2MT CABLE,,0,1,1_1,1_1_PV_23000279,1_1_PV_23000279_3_1
1,2023,23000280,PV,1,2,S/ART. 05049016,,0,1,1_1,1_1_PV_23000280,1_1_PV_23000280_2_1
1,2023,23000130,EC,1,1,"ELECTRODO TUGSTENO CERIO GRIS 3,2mm",,1,1,1_1,1_1_EC_23000130,1_1_EC_23000130_1_1
1,2023,23000130,EC,1,2,JUNTA MANOREDUCTOR,,1,1,1_1,1_1_EC_23000130,1_1_EC_23000130_2_1
1,2023,23000130,EC,1,3,"REPARAR ANTORCHA TIG -CAMBIAR CACHAS,",,1,1,1_1,1_1_EC_23000130,1_1_EC_23000130_3_1
1,2023,23000238,EC,1,1,MANTENIMENT EQUIPS INFORMATICS,,1,1,1_1,1_1_EC_23000238,1_1_EC_23000238_1_1
1,2023,23000276,PV,1,2,INOX316L 3500W 230V 8706H 4MT,,0,1,1_1,1_1_PV_23000276,1_1_PV_23000276_2_1
1,2023,3481,SF,1,11,RETRACTIL TOPE,,0,1,1_1,1_1_SF_3481,1_1_SF_3481_11_1
1,2023,3478,SF,1,6,MEDIDA PLASTISOL 110 O 115 aprox.,,0,1,1_1,1_1_SF_3478,1_1_SF_3478_6_1
1,2023,3478,SF,1,7,IMPRIMACION,,0,1,1_1,1_1_SF_3478,1_1_SF_3478_7_1
1,2023,3478,SF,1,8,ALTURA PLASTISOL PIEZA 110 -0/+5,,0,1,1_1,1_1_SF_3478,1_1_SF_3478_8_1
1,2023,23000130,EC,1,4,"PONER PIEL, PONER RAPIDOS)",,1,1,1_1,1_1_EC_23000130,1_1_EC_23000130_4_1
1,2023,23000130,EC,1,5,POLICARBONATO PANTALLA GALAXY,,1,1,1_1,1_1_EC_23000130,1_1_EC_23000130_5_1
1,2023,3474,SF,1,2,3 BAST.REPARARTS,,0,1,1_1,1_1_SF_3474,1_1_SF_3474_2_1
1,2023,3474,SF,1,3,1 BAST.SENSA REPARAR,,0,1,1_1,1_1_SF_3474,1_1_SF_3474_3_1
1,2023,3474,SF,1,4,"LIMPIAR MOLDE, PONER DESMOLDEANTE Y COLOCARLO BIEN.",,0,1,1_1,1_1_SF_3474,1_1_SF_3474_4_1
1,2023,3474,SF,1,5,COLAR POCO A POCO- PONER MOLDE A 170oC,,0,1,1_1,1_1_SF_3474,1_1_SF_3474_5_1
1,2023,3474,SF,1,6,PUEDE TARDAR EN ALCANZAR LA TEMPERATURA UNOS 15min,,0,1,1_1,1_1_SF_3474,1_1_SF_3474_6_1
1,2023,3474,SF,1,7,TIEMPO TOTAL EN EL MOLDE 85min Y APAGAR EL MOLDE,,0,1,1_1,1_1_SF_3474,1_1_SF_3474_7_1
1,2023,3474,SF,1,8,DEJAR ENFRIAR DE 150min A 180min,,0,1,1_1,1_1_SF_3474,1_1_SF_3474_8_1
1,2023,3474,SF,1,9,DESMOLDEAR A MENOS DE 35oC.,,0,1,1_1,1_1_SF_3474,1_1_SF_3474_9_1
1,2023,23000254,EC,1,6,3 Chapas de 2000x1000mm Geat 220449 Lot 62240293,,1,1,1_1,1_1_EC_23000254,1_1_EC_23000254_6_1
1,2023,23000196,PC,1,2,1 barra de 4000mm,,0,1,1_1,1_1_PC_23000196,1_1_PC_23000196_2_1
1,2023,23000208,PC,1,2,PT-697784..............NUEVO,,0,1,1_1,1_1_PC_23000208,1_1_PC_23000208_2_1
1,2023,23000246,PC,1,2,PT-604770,,0,1,1_1,1_1_PC_23000246,1_1_PC_23000246_2_1
1,2023,23000284,PV,1,2,"3x1200, 3x600, 1x700",,0,1,1_1,1_1_PV_23000284,1_1_PV_23000284_2_1
1,2023,23000284,PV,1,3,**YA NO TE QUEDAN TUBOS EN DOPOSITO**,,0,1,1_1,1_1_PV_23000284,1_1_PV_23000284_3_1
1,2023,23000169,PC,1,2,SALIDA CENTRAL ENPERLINADA,,0,1,1_1,1_1_PC_23000169,1_1_PC_23000169_2_1
1,2023,23000241,EC,1,2,B90D32C95,,1,1,1_1,1_1_EC_23000241,1_1_EC_23000241_2_1
1,2023,23000317,SV,1,2,ACTIVO BASE DE 550x280,,1,1,1_1,1_1_SV_23000317,1_1_SV_23000317_2_1
1,2023,23000240,SV,1,2,TRANSFORMAR Y REPARAR,,1,1,1_1,1_1_SV_23000240,1_1_SV_23000240_2_1
1,2023,23000240,SV,1,3,1 DETECTOR MAS,,1,1,1_1,1_1_SV_23000240,1_1_SV_23000240_3_1
1,2023,23000240,SV,1,4,PINZA CON CANTOS A r4,,1,1,1_1,1_1_SV_23000240,1_1_SV_23000240_4_1
1,2023,23000171,PC,1,2,3 barras de 5000,,0,1,1_1,1_1_PC_23000171,1_1_PC_23000171_2_1
1,2023,23000171,PC,1,3,Portes 10 incluidos en el precio,,0,1,1_1,1_1_PC_23000171,1_1_PC_23000171_3_1
1,2023,23000172,PC,1,2,"MZ 22,64 + PREP 206",,0,1,1_1,1_1_PC_23000172,1_1_PC_23000172_2_1
1,2023,23000247,EC,1,2,**Evitar que se ensucien las piezas con el rebote de láser,,1,1,1_1,1_1_EC_23000247,1_1_EC_23000247_2_1
1,2023,23000242,EC,1,2,TOP CABLE POWERFLEX RV-K,,1,1,1_1,1_1_EC_23000242,1_1_EC_23000242_2_1
1,2023,23000320,PV,1,4,INACTIVO 300,,0,1,1_1,1_1_PV_23000320,1_1_PV_23000320_4_1
1,2023,23000320,PV,1,5,CBZAL GOMA SALIDA LATERAL CON 3MT CABLE,,0,1,1_1,1_1_PV_23000320,1_1_PV_23000320_5_1
1,2023,23000196,PC,1,3,portes 10 incluido en el precio,,0,1,1_1,1_1_PC_23000196,1_1_PC_23000196_3_1
1,2023,23000338,PV,1,2,CON 6 METROS DE CABLE.,,0,1,1_1,1_1_PV_23000338,1_1_PV_23000338_2_1
1,2023,23000356,EC,1,5,HAY CAMBIOS EN LA PIEZA,,1,1,1_1,1_1_EC_23000356,1_1_EC_23000356_5_1
1,2023,23000242,PC,1,2,S/ART. I24008,,0,1,1_1,1_1_PC_23000242,1_1_PC_23000242_2_1
1,2023,23000319,PV,1,2,S/CODIGO 3 0040 03,,0,1,1_1,1_1_PV_23000319,1_1_PV_23000319_2_1
1,2023,23000338,SV,1,2,38 varillas de 800,,1,1,1_1,1_1_SV_23000338,1_1_SV_23000338_2_1
1,2023,23000291,EC,1,2,CUERPO CANDELAS,,1,1,1_1,1_1_EC_23000291,1_1_EC_23000291_2_1
1,2023,23000273,EC,1,2,PT-678672,,1,1,1_1,1_1_EC_23000273,1_1_EC_23000273_2_1
1,2023,23000242,PC,1,4,S/ART. I24008,,0,1,1_1,1_1_PC_23000242,1_1_PC_23000242_4_1
1,2023,23000240,PV,1,2,3MT CABLE,,0,1,1_1,1_1_PV_23000240,1_1_PV_23000240_2_1
1,2023,23000233,PV,1,2,de 200mm,,0,1,1_1,1_1_PV_23000233,1_1_PV_23000233_2_1
1,2023,23000242,PV,1,2,CBZAL GOMA,,0,1,1_1,1_1_PV_23000242,1_1_PV_23000242_2_1
1,2023,23000242,PV,1,4,CBZAL GOMA,,0,1,1_1,1_1_PV_23000242,1_1_PV_23000242_4_1
1,2023,23000151,PC,1,2,CBZAL GOMA,,0,1,1_1,1_1_PC_23000151,1_1_PC_23000151_2_1
1,2023,23000151,PC,1,4,CBZAL GOMA,,0,1,1_1,1_1_PC_23000151,1_1_PC_23000151_4_1
1,2023,23000279,SV,1,2,de 200mm,,1,1,1_1,1_1_SV_23000279,1_1_SV_23000279_2_1
1,2023,23000152,PC,1,1,DESENGRASANTE RENTOD MULTIUSOS GARRAFA 5L,,0,1,1_1,1_1_PC_23000152,1_1_PC_23000152_1_1
1,2023,23000218,EC,1,1,RECARGA NIEVE CARBONIA,,1,1,1_1,1_1_EC_23000218,1_1_EC_23000218_1_1
1,2023,23000097,EC,1,2,BASE MAGNETICA PENDENT ABONO,,1,1,1_1,1_1_EC_23000097,1_1_EC_23000097_2_1
1,2023,23000101,EC,1,1,RUEDA NY GIR ALEX ZV80 642A080,,1,1,1_1,1_1_EC_23000101,1_1_EC_23000101_1_1
1,2023,23000101,EC,1,3,RATIO 4416H3,,1,1,1_1,1_1_EC_23000101,1_1_EC_23000101_3_1
1,2023,23000265,SV,1,2,CON 4MT CABLE,,1,1,1_1,1_1_SV_23000265,1_1_SV_23000265_2_1
1,2023,3439,SF,1,2,HORNO CALENTAR 180º 1 MARCO,,0,1,1_1,1_1_SF_3439,1_1_SF_3439_2_1
1,2023,3439,SF,1,3,HORNO COCER 180º 3 MARCOS,,0,1,1_1,1_1_SF_3439,1_1_SF_3439_3_1
1,2023,3439,SF,1,4,IMPRIMACION CESTAS,,0,1,1_1,1_1_SF_3439,1_1_SF_3439_4_1
1,2023,3439,SF,1,5,1 PEINES 20 GANCHOS,,0,1,1_1,1_1_SF_3439,1_1_SF_3439_5_1
1,2023,3439,SF,1,6,2 PEINES DE 20 GANCHOS,,0,1,1_1,1_1_SF_3439,1_1_SF_3439_6_1
1,2023,3439,SF,1,7,MARCOAS DE 9 PIEZAS CADA 4 GANCHOS,,0,1,1_1,1_1_SF_3439,1_1_SF_3439_7_1
1,2023,3439,SF,1,8,CONTROLAR INMERSOR BAJADA I SUBIDA,,0,1,1_1,1_1_SF_3439,1_1_SF_3439_8_1
1,2023,3439,SF,1,9,CAJAS CITROEN 45(3x5=15x3PISOS),,0,1,1_1,1_1_SF_3439,1_1_SF_3439_9_1
1,2023,23000237,EC,1,2,S/ART. EFFS45PPH,,1,1,1_1,1_1_EC_23000237,1_1_EC_23000237_2_1
1,2023,23000162,EC,1,2,S/ART. 51537,,1,1,1_1,1_1_EC_23000162,1_1_EC_23000162_2_1
1,2023,23000162,EC,1,3,"9PZ + METAL (1,98kg x 90,03 = 17,88 / 4 = 4,476/pz)",,1,1,1_1,1_1_EC_23000162,1_1_EC_23000162_3_1
1,2023,23000162,EC,1,5,"+EMBALAJES (portes 28,60+embalaje 1,40)",,1,1,1_1,1_1_EC_23000162,1_1_EC_23000162_5_1
1,2023,23000160,PC,1,2,**Evitar que se ensucien las piezas con el rebote de láser,,0,1,1_1,1_1_PC_23000160,1_1_PC_23000160_2_1
1,2023,23000217,EC,1,1,DESENGRASANTE RENTOD MULTIUSOS GARRAFA 5L,,1,1,1_1,1_1_EC_23000217,1_1_EC_23000217_1_1
1,2023,23000216,EC,1,2,C90 10 cajas de 1000ud - Lote 46313,,1,1,1_1,1_1_EC_23000216,1_1_EC_23000216_2_1
1,2023,23000216,EC,1,4,CA160 2 cajas de 2000ud - Lote 12084,,1,1,1_1,1_1_EC_23000216,1_1_EC_23000216_4_1
1,2023,23000234,EC,1,1,ARRENDAMENT CONTENÏDOR,,1,1,1_1,1_1_EC_23000234,1_1_EC_23000234_1_1
1,2023,23000234,EC,1,2,RECOLLIDES,,1,1,1_1,1_1_EC_23000234,1_1_EC_23000234_2_1
1,2023,23000234,EC,1,3,FULLS SEGUIMENT,,1,1,1_1,1_1_EC_23000234,1_1_EC_23000234_3_1
1,2023,23000228,EC,1,2,S/REF..10606H.............................NUEVO,,1,1,1_1,1_1_EC_23000228,1_1_EC_23000228_2_1
1,2023,23000230,EC,1,2,INACTIVO 160,,1,1,1_1,1_1_EC_23000230,1_1_EC_23000230_2_1
1,2023,23000230,EC,1,3,TIPO HORQUILLA 3 ESPIRAS,,1,1,1_1,1_1_EC_23000230,1_1_EC_23000230_3_1
1,2023,23000230,EC,1,4,RACORES M14,,1,1,1_1,1_1_EC_23000230,1_1_EC_23000230_4_1
1,2023,23000230,EC,1,5,S/REF.  11039E,,1,1,1_1,1_1_EC_23000230,1_1_EC_23000230_5_1
1,2023,23000229,EC,1,2,INACTIVO 160,,1,1,1_1,1_1_EC_23000229,1_1_EC_23000229_2_1
1,2023,23000229,EC,1,3,TIPO HORQUILLA 3 ESPIRAS,,1,1,1_1,1_1_EC_23000229,1_1_EC_23000229_3_1
1,2023,23000229,EC,1,4,RACORES M14,,1,1,1_1,1_1_EC_23000229,1_1_EC_23000229_4_1
1,2023,23000229,EC,1,5,S/REF.  11039E,,1,1,1_1,1_1_EC_23000229,1_1_EC_23000229_5_1
1,2023,23000226,EC,1,2,S/REF. I24008,,1,1,1_1,1_1_EC_23000226,1_1_EC_23000226_2_1
1,2023,23000226,EC,1,4,S/ART. I23080664A51,,1,1,1_1,1_1_EC_23000226,1_1_EC_23000226_4_1
1,2023,23000227,EC,1,2,S/REF. I23080664A35,,1,1,1_1,1_1_EC_23000227,1_1_EC_23000227_2_1
1,2023,23000162,PC,1,2,B90D32C95,,0,1,1_1,1_1_PC_23000162,1_1_PC_23000162_2_1
1,2023,23000163,PC,1,2,RECUBRIMIENTO TOTAL CON RILSAN GRIS RAL 7040,,0,1,1_1,1_1_PC_23000163,1_1_PC_23000163_2_1
1,2023,23000163,PC,1,3,MENOS 4 PIVOTES/POSICIONADORES,,0,1,1_1,1_1_PC_23000163,1_1_PC_23000163_3_1
1,2023,23000163,PC,1,4,COAT500,,0,1,1_1,1_1_PC_23000163,1_1_PC_23000163_4_1
1,2023,23000268,EC,1,10,Heat YH CX-2205-WG Lot 2205026 D10,,1,1,1_1,1_1_EC_23000268,1_1_EC_23000268_10_1
1,2023,23000281,PV,1,2,CON 2MT CABLE,,0,1,1_1,1_1_PV_23000281,1_1_PV_23000281_2_1
1,2023,23000323,SV,1,4,de 20x645mm,,1,1,1_1,1_1_SV_23000323,1_1_SV_23000323_4_1
1,2023,23000290,PV,1,2,CAMBIO CUERPO DE CANDELAS,,0,1,1_1,1_1_PV_23000290,1_1_PV_23000290_2_1
1,2023,23000273,PV,1,2,"2,5MT CABLE",,0,1,1_1,1_1_PV_23000273,1_1_PV_23000273_2_1
1,2023,23000239,EC,1,1,ANTIVIRUS KASPERSKY- RENOVACIO LICENCIA (PACK10),,1,1,1_1,1_1_EC_23000239,1_1_EC_23000239_1_1
1,2023,23000239,EC,1,2,TAMBOR BROTHER ORIGINAL DR-2200,,1,1,1_1,1_1_EC_23000239,1_1_EC_23000239_2_1
1,2023,23000239,EC,1,3,HDD EXTERNO TOSHIBA CANVIO BASICS 1TB,,1,1,1_1,1_1_EC_23000239,1_1_EC_23000239_3_1
1,2023,23000277,PV,1,2,10MT CABLE,,0,1,1_1,1_1_PV_23000277,1_1_PV_23000277_2_1
1,2023,23000277,PV,1,4,10MT CABLE,,0,1,1_1,1_1_PV_23000277,1_1_PV_23000277_4_1
1,2023,23000166,PC,1,2,TOP CABLE POWERFLEX RV-K,,0,1,1_1,1_1_PC_23000166,1_1_PC_23000166_2_1
1,2023,23000262,SV,1,2,TRANSFORMAR Y REPARAR,,1,1,1_1,1_1_SV_23000262,1_1_SV_23000262_2_1
1,2023,23000262,SV,1,3,1 DETECTOR MAS,,1,1,1_1,1_1_SV_23000262,1_1_SV_23000262_3_1
1,2023,23000262,SV,1,4,PINZA CON CATOS A r4,,1,1,1_1,1_1_SV_23000262,1_1_SV_23000262_4_1
1,2023,23000291,PV,1,2,1450+110 PL230(80),,0,1,1_1,1_1_PV_23000291,1_1_PV_23000291_2_1
1,2023,3523,SF,1,10,10/10191 ARANDELA Ti DIN-125 P/M-10,,0,1,1_1,1_1_SF_3523,1_1_SF_3523_10_1
1,2023,23000235,EC,1,2,INACTIVO 800mm,,1,1,1_1,1_1_EC_23000235,1_1_EC_23000235_2_1
1,2023,23000235,EC,1,3,S/REF. 8360H,,1,1,1_1,1_1_EC_23000235,1_1_EC_23000235_3_1
1,2023,23000245,EC,1,2,SR-LZH-400/200-5Z-PTF/316-08-00-PB10-100,,1,1,1_1,1_1_EC_23000245,1_1_EC_23000245_2_1
1,2023,23000245,EC,1,4,SR-LZH-400/200-5Z-316-06-00-PB10-150,,1,1,1_1,1_1_EC_23000245,1_1_EC_23000245_4_1
1,2023,23000254,EC,1,2,48 Chapas de 2000x1000mm Heat 20226747 Lot 22034217,,1,1,1_1,1_1_EC_23000254,1_1_EC_23000254_2_1
1,2023,23000531,SV,1,2,INOX316L 4000W 230V 9445H 3MT 2ARANDELAS,,1,1,1_1,1_1_SV_23000531,1_1_SV_23000531_2_1
1,2023,23000531,SV,1,4,TEFLON 2000W 230V 10632H,,1,1,1_1,1_1_SV_23000531,1_1_SV_23000531_4_1
1,2023,23000176,PC,1,2,S/ART. AL003,,0,1,1_1,1_1_PC_23000176,1_1_PC_23000176_2_1
1,2023,23000363,SV,1,2,CON 7 MT CABLE,,1,1,1_1,1_1_SV_23000363,1_1_SV_23000363_2_1
1,2023,23000186,PC,1,2,2 tubos L6100 cortador por la mitad,,0,1,1_1,1_1_PC_23000186,1_1_PC_23000186_2_1
1,2023,23000170,PC,1,2,CAMBIO CUERPO DE CANDELAS,,0,1,1_1,1_1_PC_23000170,1_1_PC_23000170_2_1
1,2023,23000170,PC,1,3,MONTAJE CON N/CBZAL TEFLÓN+PVC,,0,1,1_1,1_1_PC_23000170,1_1_PC_23000170_3_1
1,2023,23000186,PC,1,3,Heat 758-4 Lot 21245,,0,1,1_1,1_1_PC_23000186,1_1_PC_23000186_3_1
1,2023,23000200,PC,1,2,CRONODUR PU-90 -A-  (1kg),,0,1,1_1,1_1_PC_23000200,1_1_PC_23000200_2_1
1,2023,23000288,SV,1,2,INCOLOY-825 4000W 400V III 9684H,,1,1,1_1,1_1_SV_23000288,1_1_SV_23000288_2_1
1,2023,23000310,SV,1,2,TEFLON 1590w 230v II 8776H 3MT,,1,1,1_1,1_1_SV_23000310,1_1_SV_23000310_2_1
1,2023,23000328,SV,1,2,INOX316L 3500W 230V 8706H 4MT,,1,1,1_1,1_1_SV_23000328,1_1_SV_23000328_2_1
1,2023,23000304,SV,1,2,INACTIVO 160,,1,1,1_1,1_1_SV_23000304,1_1_SV_23000304_2_1
1,2023,23000304,SV,1,3,TIPO HORQUILLA 3 ESPIRAS,,1,1,1_1,1_1_SV_23000304,1_1_SV_23000304_3_1
1,2023,23000304,SV,1,4,RACORES M14,,1,1,1_1,1_1_SV_23000304,1_1_SV_23000304_4_1
1,2023,23000305,SV,1,2,INACTIVO 160,,1,1,1_1,1_1_SV_23000305,1_1_SV_23000305_2_1
1,2023,23000305,SV,1,3,TIPO HORQUILLA 3 ESPIRAS,,1,1,1_1,1_1_SV_23000305,1_1_SV_23000305_3_1
1,2023,23000305,SV,1,4,RACORES M14,,1,1,1_1,1_1_SV_23000305,1_1_SV_23000305_4_1
1,2023,23000333,SV,1,2,"3x1200, 3x600, 1x700",,1,1,1_1,1_1_SV_23000333,1_1_SV_23000333_2_1
1,2023,23000333,SV,1,3,**YA NO TE QUEDAN TUBOS EN DOPOSITO**,,1,1,1_1,1_1_SV_23000333,1_1_SV_23000333_3_1
1,2023,23000329,SV,1,2,"2,5MT CABLE",,1,1,1_1,1_1_SV_23000329,1_1_SV_23000329_2_1
1,2023,23000178,PC,1,2,PT-696462............................NUEVO,,0,1,1_1,1_1_PC_23000178,1_1_PC_23000178_2_1
1,2023,23000364,SV,1,4,INOX316L 3000W 380V 9359H,,1,1,1_1,1_1_SV_23000364,1_1_SV_23000364_4_1
1,2023,23000348,PV,1,4,CONTACT: PETEY BRUNO,,0,1,1_1,1_1_PV_23000348,1_1_PV_23000348_4_1
1,2023,23000348,PV,1,5,COMMANDE: ACH0022443,,0,1,1_1,1_1_PV_23000348,1_1_PV_23000348_5_1
1,2023,23000406,PV,1,2,INOX316l 6000W 440V 10374H,,0,1,1_1,1_1_PV_23000406,1_1_PV_23000406_2_1
1,2023,23000277,EC,1,2,1 barra de 4000mm,,1,1,1_1,1_1_EC_23000277,1_1_EC_23000277_2_1
1,2023,23000277,EC,1,3,portes 10 incluido en el precio,,1,1,1_1,1_1_EC_23000277,1_1_EC_23000277_3_1
1,2023,23000363,PV,1,2,INOX316L 4000W 230V 9093H 3MT 2 ARANDELAS,,0,1,1_1,1_1_PV_23000363,1_1_PV_23000363_2_1
1,2023,23000248,EC,1,2,RECUBRIMIENTO TOTAL CON RILSAN GRIS RAL 7040,,1,1,1_1,1_1_EC_23000248,1_1_EC_23000248_2_1
1,2023,23000307,PV,1,2,650 varillas x 800mm,,0,1,1_1,1_1_PV_23000307,1_1_PV_23000307_2_1
1,2023,23000248,EC,1,3,MENOS 4 PIVOTES/POSICIONADORES,,1,1,1_1,1_1_EC_23000248,1_1_EC_23000248_3_1
1,2023,23000248,EC,1,4,COAT500,,1,1,1_1,1_1_EC_23000248,1_1_EC_23000248_4_1
1,2023,23000183,PC,1,3,**ADJUNTAR CERTIFICADOS**,,0,1,1_1,1_1_PC_23000183,1_1_PC_23000183_3_1
1,2023,23000317,PV,1,2,INOX316L 2000W 230V 7807H 2MT,,0,1,1_1,1_1_PV_23000317,1_1_PV_23000317_2_1
1,2023,23000317,PV,1,4,INOX316L 3000W 380V 9359H,,0,1,1_1,1_1_PV_23000317,1_1_PV_23000317_4_1
1,2023,3541,SF,1,10,10/10191 ARANDELA Ti DIN-125 P/M-10,,0,1,1_1,1_1_SF_3541,1_1_SF_3541_10_1
1,2023,3542,SF,1,11,10/10191 ARANDELA Ti DIN-125 P/M-10,,0,1,1_1,1_1_SF_3542,1_1_SF_3542_11_1
1,2023,23000189,PC,1,2,INACTIVO 300 CBZAL GOMA SALIDA LATERAL,,0,1,1_1,1_1_PC_23000189,1_1_PC_23000189_2_1
1,2023,23000189,PC,1,3,CON 3MT CABLE,,0,1,1_1,1_1_PC_23000189,1_1_PC_23000189_3_1
1,2023,23000257,EC,1,1,MUELLE SIERRA CINTA FAT 280M,,1,1,1_1,1_1_EC_23000257,1_1_EC_23000257_1_1
1,2023,23000187,PC,1,2,en largos de 3300/3900,,0,1,1_1,1_1_PC_23000187,1_1_PC_23000187_2_1
1,2023,23000187,PC,1,3,Heat 5222-11 Lot P5220512-05,,0,1,1_1,1_1_PC_23000187,1_1_PC_23000187_3_1
1,2023,23000159,PC,1,2,Heat YH CX-2230-WG Lot 2305022 D18,,0,1,1_1,1_1_PC_23000159,1_1_PC_23000159_2_1
1,2023,23000159,PC,1,4,Heat YH CX-2205-WG Lot 2305023 D8,,0,1,1_1,1_1_PC_23000159,1_1_PC_23000159_4_1
1,2023,23000159,PC,1,6,Heat YH CX-2205-WG Lot 2305024 D10,,0,1,1_1,1_1_PC_23000159,1_1_PC_23000159_6_1
1,2023,23000159,PC,1,8,Heat YH CX-2230-WG Lot 2205025 D18,,0,1,1_1,1_1_PC_23000159,1_1_PC_23000159_8_1
1,2023,23000159,PC,1,10,Heat YH CX-2205-WG Lot 2205026 D10,,0,1,1_1,1_1_PC_23000159,1_1_PC_23000159_10_1
1,2023,23000207,PC,1,2,RETOCAR PASO ELECTRODOS,,0,1,1_1,1_1_PC_23000207,1_1_PC_23000207_2_1
1,2023,23000256,EC,1,2,S/ART. AL003,,1,1,1_1,1_1_EC_23000256,1_1_EC_23000256_2_1
1,2023,23000243,EC,1,2,CBZAL GOMA,,1,1,1_1,1_1_EC_23000243,1_1_EC_23000243_2_1
1,2023,23000243,EC,1,4,CBZAL GOMA,,1,1,1_1,1_1_EC_23000243,1_1_EC_23000243_4_1
1,2023,23000250,EC,1,2,CAMBIO CUERPO DE CANDELAS,,1,1,1_1,1_1_EC_23000250,1_1_EC_23000250_2_1
1,2023,23000250,EC,1,3,MONTAJE CON N/CBZAL TEFLÓN+PVC,,1,1,1_1,1_1_EC_23000250,1_1_EC_23000250_3_1
1,2023,23000354,SV,1,2,650 varillas x 800mm,,1,1,1_1,1_1_SV_23000354,1_1_SV_23000354_2_1
1,2023,23000357,SV,1,2,S/CODIGO 120R6,,1,1,1_1,1_1_SV_23000357,1_1_SV_23000357_2_1
1,2023,23000346,SV,1,2,CAMBIO CUERPO DE CANDELAS,,1,1,1_1,1_1_SV_23000346,1_1_SV_23000346_2_1
1,2023,23000331,SV,1,2,S/ART. 05049016,,1,1,1_1,1_1_SV_23000331,1_1_SV_23000331_2_1
1,2023,23000221,PC,1,4,Heat YH CX-2277-WG Lot 2303044 D10,,0,1,1_1,1_1_PC_23000221,1_1_PC_23000221_4_1
1,2023,23000382,PV,1,2,S/ART. 05049016,,0,1,1_1,1_1_PV_23000382,1_1_PV_23000382_2_1
1,2023,23000200,PC,1,3,S/ART. 103201,,0,1,1_1,1_1_PC_23000200,1_1_PC_23000200_3_1
1,2023,23000349,SV,1,2,1450+110 PL230(80),,1,1,1_1,1_1_SV_23000349,1_1_SV_23000349_2_1
1,2023,23000319,SV,1,2,6MT CABLE,,1,1,1_1,1_1_SV_23000319,1_1_SV_23000319_2_1
1,2023,23000337,SV,1,2,PROTOTIPO,,1,1,1_1,1_1_SV_23000337,1_1_SV_23000337_2_1
1,2023,23000318,SV,1,2,5MT CABLE,,1,1,1_1,1_1_SV_23000318,1_1_SV_23000318_2_1
1,2023,23000352,SV,1,2,10MT CABLE,,1,1,1_1,1_1_SV_23000352,1_1_SV_23000352_2_1
1,2023,23000352,SV,1,4,10MT CABLE,,1,1,1_1,1_1_SV_23000352,1_1_SV_23000352_4_1
1,2023,23000353,SV,1,2,5MT CABLE,,1,1,1_1,1_1_SV_23000353,1_1_SV_23000353_2_1
1,2023,3549,SF,1,1,SENSA MATERIAL,,0,1,1_1,1_1_SF_3549,1_1_SF_3549_1_1
1,2023,23000351,SV,1,2,TC NUEVA Y PLASTISOLADO,,1,1,1_1,1_1_SV_23000351,1_1_SV_23000351_2_1
1,2023,23000260,EC,1,2,2 tubos L6100 cortador por la mitad,,1,1,1_1,1_1_EC_23000260,1_1_EC_23000260_2_1
1,2023,23000260,EC,1,3,Heat 758-4 Lot 21245,,1,1,1_1,1_1_EC_23000260,1_1_EC_23000260_3_1
1,2023,23000261,EC,1,1,REVISION + REPARACIO PERDUA HIDRAULICA,,1,1,1_1,1_1_EC_23000261,1_1_EC_23000261_1_1
1,2023,23000230,PC,1,4,PT-672154,,0,1,1_1,1_1_PC_23000230,1_1_PC_23000230_4_1
1,2023,23000230,PC,1,6,PT-699058............................NUEVO,,0,1,1_1,1_1_PC_23000230,1_1_PC_23000230_6_1
1,2023,23000200,PC,1,5,CRONODUR PU-90 -B-  (1kg),,0,1,1_1,1_1_PC_23000200,1_1_PC_23000200_5_1
1,2023,23000200,PC,1,6,S/ART. 103211,,0,1,1_1,1_1_PC_23000200,1_1_PC_23000200_6_1
1,2023,23000265,EC,1,3,DISCO CORTE 125X1 RATIO 368A12125,,1,1,1_1,1_1_EC_23000265,1_1_EC_23000265_3_1
1,2023,23000332,PV,1,2,INOX316L 4000W 230V 10619H 3MT,,0,1,1_1,1_1_PV_23000332,1_1_PV_23000332_2_1
1,2023,23000190,PC,1,2,1 Pieza de 1000mm,,0,1,1_1,1_1_PC_23000190,1_1_PC_23000190_2_1
1,2023,23000158,PC,1,2,DSWPP10A10P caja de 60ud - Lote 27032023,,0,1,1_1,1_1_PC_23000158,1_1_PC_23000158_2_1
1,2023,23000158,PC,1,4,DSWPP10A20P caja de 30ud - Lote 18112022,,0,1,1_1,1_1_PC_23000158,1_1_PC_23000158_4_1
1,2023,23000158,PC,1,6,DSWPP100A30P caja de 30ud - Lote 16052023,,0,1,1_1,1_1_PC_23000158,1_1_PC_23000158_6_1
1,2023,23000158,PC,1,8,DMBN10D10 1 caja - Lote 110221,,0,1,1_1,1_1_PC_23000158,1_1_PC_23000158_8_1
1,2023,23000175,PC,1,2,SM85 2 cajas de 4000ud - Lote 47127,,0,1,1_1,1_1_PC_23000175,1_1_PC_23000175_2_1
1,2023,23000175,PC,1,4,C90 2 cajas de 1000ud _ Lote 47089,,0,1,1_1,1_1_PC_23000175,1_1_PC_23000175_4_1
1,2023,23000175,PC,1,6,SM85 3 cajas de 4000ud - Lote 47127,,0,1,1_1,1_1_PC_23000175,1_1_PC_23000175_6_1
1,2023,23000175,PC,1,8,CA160195060 1 caja de 2000ud - Lote 12084,,0,1,1_1,1_1_PC_23000175,1_1_PC_23000175_8_1
1,2023,23000380,SV,1,3,2MT CABLE,,1,1,1_1,1_1_SV_23000380,1_1_SV_23000380_3_1
1,2023,23000175,PC,1,10,CA160195060 1 caja de 2000ud - Lote 12172,,0,1,1_1,1_1_PC_23000175,1_1_PC_23000175_10_1
1,2023,23000194,PC,1,2,DMBN5D20 caja de 25 ud - Lote 03659,,0,1,1_1,1_1_PC_23000194,1_1_PC_23000194_2_1
1,2023,23000194,PC,1,4,FP180F650 caja de 100ud - Lote 47172,,0,1,1_1,1_1_PC_23000194,1_1_PC_23000194_4_1
1,2023,23000194,PC,1,6,C90 caja de 1000ud - Lote 47089,,0,1,1_1,1_1_PC_23000194,1_1_PC_23000194_6_1
1,2023,23000194,PC,1,8,C90 caja de 1000ud - Lote 47089,,0,1,1_1,1_1_PC_23000194,1_1_PC_23000194_8_1
1,2023,23000351,PV,1,2,INOX316L 3000W 230V 7542H 4MT,,0,1,1_1,1_1_PV_23000351,1_1_PV_23000351_2_1
1,2023,3562,SF,1,10,10/10191 ARANDELA Ti DIN-125 P/M-10,,0,1,1_1,1_1_SF_3562,1_1_SF_3562_10_1
1,2023,23000351,PV,1,4,INOX316L 4000W 230V 10620H 3MT,,0,1,1_1,1_1_PV_23000351,1_1_PV_23000351_4_1
1,2023,23000255,EC,1,2,"MZ 22,64 + PREP 206",,1,1,1_1,1_1_EC_23000255,1_1_EC_23000255_2_1
1,2023,23000263,EC,1,2,en largos de 3300/3900,,1,1,1_1,1_1_EC_23000263,1_1_EC_23000263_2_1
1,2023,23000274,EC,1,1,REPARCION RUIDO CIRCULAR EN MARCHAS CORTAS,,1,1,1_1,1_1_EC_23000274,1_1_EC_23000274_1_1
1,2023,23000191,PC,1,2,PT-697043...........................NUEVO,,0,1,1_1,1_1_PC_23000191,1_1_PC_23000191_2_1
1,2023,23000351,PV,1,6,INCOLOY-825 4000W 400V III 9684H,,0,1,1_1,1_1_PV_23000351,1_1_PV_23000351_6_1
1,2023,3580,SF,1,10,RETRACTIL TOPE,,0,1,1_1,1_1_SF_3580,1_1_SF_3580_10_1
1,2023,23000416,SV,1,2,x 800,,1,1,1_1,1_1_SV_23000416,1_1_SV_23000416_2_1
1,2023,23000267,EC,1,1,ARRENDAMENT CONTENÏDOR,,1,1,1_1,1_1_EC_23000267,1_1_EC_23000267_1_1
1,2023,23000267,EC,1,2,RECOLLIDES,,1,1,1_1,1_1_EC_23000267,1_1_EC_23000267_2_1
1,2023,23000268,EC,1,2,Heat YH CX-2230-WG Lot 2305022 D18,,1,1,1_1,1_1_EC_23000268,1_1_EC_23000268_2_1
1,2023,23000268,EC,1,4,Heat YH CX-2205-WG Lot 2305023 D8,,1,1,1_1,1_1_EC_23000268,1_1_EC_23000268_4_1
1,2023,23000268,EC,1,6,Heat YH CX-2205-WG Lot 2305024 D10,,1,1,1_1,1_1_EC_23000268,1_1_EC_23000268_6_1
1,2023,23000268,EC,1,8,Heat YH CX-2230-WG Lot 2205025 D18,,1,1,1_1,1_1_EC_23000268,1_1_EC_23000268_8_1
1,2023,23000262,EC,1,2,PT-696462............................NUEVO,,1,1,1_1,1_1_EC_23000262,1_1_EC_23000262_2_1
1,2023,23000174,PC,1,2,Heat YH CX-2328-WG Lot 2305053 C/14,,0,1,1_1,1_1_PC_23000174,1_1_PC_23000174_2_1
1,2023,23000174,PC,1,4,Heat YH CX-2205-WG Lot 2305054 d8,,0,1,1_1,1_1_PC_23000174,1_1_PC_23000174_4_1
1,2023,23000174,PC,1,6,Heat YH CX-2005-WG Lot 2305055 D6,,0,1,1_1,1_1_PC_23000174,1_1_PC_23000174_6_1
1,2023,23000387,SV,1,2,S/CODIGO 3 0040 03,,1,1,1_1,1_1_SV_23000387,1_1_SV_23000387_2_1
1,2023,23000280,EC,1,2,INACTIVO 300 CBZAL GOMA SALIDA LATERAL,,1,1,1_1,1_1_EC_23000280,1_1_EC_23000280_2_1
1,2023,3579,SF,1,10,RETRACTIL TOPE,,0,1,1_1,1_1_SF_3579,1_1_SF_3579_10_1
1,2023,3413,EF,1,1,REPARACIONES Y CONSERVACION,,0,1,1_1,1_1_EF_3413,1_1_EF_3413_1_1
1,2023,23000209,PC,1,4,TOP CABLE POWERFLEX RV-K,,0,1,1_1,1_1_PC_23000209,1_1_PC_23000209_4_1
1,2023,23000209,PC,1,5,S/ART. 145134,,0,1,1_1,1_1_PC_23000209,1_1_PC_23000209_5_1
1,2023,23000389,SV,1,2,CON 6 METROS DE CABLE.,,1,1,1_1,1_1_SV_23000389,1_1_SV_23000389_2_1
1,2023,23000405,SV,1,4,CONTACT: PETEY BRUNO,,1,1,1_1,1_1_SV_23000405,1_1_SV_23000405_4_1
1,2023,23000254,EC,1,4,8 Chapas de 2000x1000mm Heat 220834-211 Lot 2209122,,1,1,1_1,1_1_EC_23000254,1_1_EC_23000254_4_1
1,2023,23000339,PV,1,2,x 1000,,0,1,1_1,1_1_PV_23000339,1_1_PV_23000339_2_1
1,2023,23000345,PV,1,2,1050+190 PL250(130-I),,0,1,1_1,1_1_PV_23000345,1_1_PV_23000345_2_1
1,2023,23000206,PC,1,2,S/REF. 305-O,,0,1,1_1,1_1_PC_23000206,1_1_PC_23000206_2_1
1,2023,23000174,PC,1,8,"Heat YH CX-2237-WG Lot 2305056 C/9,5",,0,1,1_1,1_1_PC_23000174,1_1_PC_23000174_8_1
1,2023,23000174,PC,1,10,"Heat YH CX-2237-WG Lot 2305056 C/9,5",,0,1,1_1,1_1_PC_23000174,1_1_PC_23000174_10_1
1,2023,23000174,PC,1,12,Heat YH CX-2310-WG Lot 2304102 D8,,0,1,1_1,1_1_PC_23000174,1_1_PC_23000174_12_1
1,2023,23000201,PC,1,2,CUERPO CANDELAS,,0,1,1_1,1_1_PC_23000201,1_1_PC_23000201_2_1
1,2023,23000230,PC,1,8,PT-699059...........................NUEVO,,0,1,1_1,1_1_PC_23000230,1_1_PC_23000230_8_1
1,2023,23000230,PC,1,10,PT-274036,,0,1,1_1,1_1_PC_23000230,1_1_PC_23000230_10_1
1,2023,23000281,EC,1,2,SALIDA CENTRAL ENPERLINADA,,1,1,1_1,1_1_EC_23000281,1_1_EC_23000281_2_1
1,2023,23000283,EC,1,1,MANTENIMENT EQUIPS INFORMATICS JUNY/2023,,1,1,1_1,1_1_EC_23000283,1_1_EC_23000283_1_1
1,2023,23000284,EC,1,1,RATON LOGITECH M185 WIRELESS -ERF,,1,1,1_1,1_1_EC_23000284,1_1_EC_23000284_1_1
1,2023,23000284,EC,1,2,CARTUX TINTA ORIGINAL 953XL GROC,,1,1,1_1,1_1_EC_23000284,1_1_EC_23000284_2_1
1,2023,23000284,EC,1,3,CARTUX TINTA ORIGINAL 953XL MAGENTA,,1,1,1_1,1_1_EC_23000284,1_1_EC_23000284_3_1
1,2023,23000284,EC,1,4,CARTUX TINTA ORIGINAL 953XL CYAN,,1,1,1_1,1_1_EC_23000284,1_1_EC_23000284_4_1
1,2023,23000284,EC,1,5,CARTUX TINTA ORIGINAL 953XL NEGRE,,1,1,1_1,1_1_EC_23000284,1_1_EC_23000284_5_1
1,2023,23000284,EC,1,6,CARTUX TINTA ORIGINAL 920XL NEGRE,,1,1,1_1,1_1_EC_23000284,1_1_EC_23000284_6_1
1,2023,23000284,EC,1,7,CARTUX TINTA ORIGINAL 920XL CYAN,,1,1,1_1,1_1_EC_23000284,1_1_EC_23000284_7_1
1,2023,23000284,EC,1,8,CARTUX TINTA ORIGINAL 920XL MAGENTA,,1,1,1_1,1_1_EC_23000284,1_1_EC_23000284_8_1
1,2023,23000284,EC,1,9,CARTUX TINTA ORIGINAL 920XL YELLOW,,1,1,1_1,1_1_EC_23000284,1_1_EC_23000284_9_1
1,2023,23000284,EC,1,10,TONER BROTHER ORIGINAL TN2220,,1,1,1_1,1_1_EC_23000284,1_1_EC_23000284_10_1
1,2023,23000205,PC,1,2,CR-NNKp-400/00-316-08-06-00-PB10-250,,0,1,1_1,1_1_PC_23000205,1_1_PC_23000205_2_1
1,2023,23000205,PC,1,4,CR-NNKp-400/00-TEF/316-08-06-00-PB10-200,,0,1,1_1,1_1_PC_23000205,1_1_PC_23000205_4_1
1,2023,23000265,EC,1,2,RATIO T-09 G WORKS 1845A519,,1,1,1_1,1_1_EC_23000265,1_1_EC_23000265_2_1
1,2023,23000344,PV,1,3,1/3 PARTE DEL PEDIDO,,0,1,1_1,1_1_PV_23000344,1_1_PV_23000344_3_1
1,2023,23000344,PV,1,5,1/3 PARTE DEL PEDIDO,,0,1,1_1,1_1_PV_23000344,1_1_PV_23000344_5_1
1,2023,23000287,EC,1,2,CRONODUR PU-90 -A-  (1kg),,1,1,1_1,1_1_EC_23000287,1_1_EC_23000287_2_1
1,2023,23000275,EC,1,2,DSWPP10A10P caja de 60ud - Lote 27032023,,1,1,1_1,1_1_EC_23000275,1_1_EC_23000275_2_1
1,2023,23000275,EC,1,4,DSWPP10A20P caja de 30ud - Lote 18112022,,1,1,1_1,1_1_EC_23000275,1_1_EC_23000275_4_1
1,2023,23000275,EC,1,6,DSWPP100A30P caja de 30ud - Lote 16052023,,1,1,1_1,1_1_EC_23000275,1_1_EC_23000275_6_1
1,2023,23000275,EC,1,8,SM85 2 cajas de 4000ud - Lote 47127,,1,1,1_1,1_1_EC_23000275,1_1_EC_23000275_8_1
1,2023,23000275,EC,1,10,C90 2 cajas de 1000ud _ Lote 47089,,1,1,1_1,1_1_EC_23000275,1_1_EC_23000275_10_1
1,2023,23000275,EC,1,12,SM85 3 cajas de 4000ud - Lote 47127,,1,1,1_1,1_1_EC_23000275,1_1_EC_23000275_12_1
1,2023,23000275,EC,1,14,CA160195060 1 caja de 2000ud - Lote 12084,,1,1,1_1,1_1_EC_23000275,1_1_EC_23000275_14_1
1,2023,23000275,EC,1,16,CA160195060 1 caja de 2000ud - Lote 12172,,1,1,1_1,1_1_EC_23000275,1_1_EC_23000275_16_1
1,2023,23000275,EC,1,18,DMBN5D20 caja de 25 ud - Lote 03659,,1,1,1_1,1_1_EC_23000275,1_1_EC_23000275_18_1
1,2023,23000275,EC,1,20,FP180F650 caja de 100ud - Lote 47172,,1,1,1_1,1_1_EC_23000275,1_1_EC_23000275_20_1
1,2023,23000275,EC,1,22,C90 caja de 1000ud - Lote 47089,,1,1,1_1,1_1_EC_23000275,1_1_EC_23000275_22_1
1,2023,23000275,EC,1,24,C90 caja de 1000ud - Lote 47089,,1,1,1_1,1_1_EC_23000275,1_1_EC_23000275_24_1
1,2023,23000388,SV,1,2,1/3 PARTE DEL PEDIDO,,1,1,1_1,1_1_SV_23000388,1_1_SV_23000388_2_1
1,2023,23000297,EC,1,2,S/REF. A2181800SB260AL - Lote 130623,,1,1,1_1,1_1_EC_23000297,1_1_EC_23000297_2_1
1,2023,23000204,PC,1,2,PT-697657..............................NUEVO,,0,1,1_1,1_1_PC_23000204,1_1_PC_23000204_2_1
1,2023,23000352,PV,1,2,"PASAR TALADROS A D7,5",,0,1,1_1,1_1_PV_23000352,1_1_PV_23000352_2_1
1,2023,3582,SF,1,1,sensa material,,0,1,1_1,1_1_SF_3582,1_1_SF_3582_1_1
1,2023,23000353,PV,1,2,FIJACION POR 3 PUNTOS,,0,1,1_1,1_1_PV_23000353,1_1_PV_23000353_2_1
1,2023,23000287,EC,1,3,S/ART. 103201,,1,1,1_1,1_1_EC_23000287,1_1_EC_23000287_3_1
1,2023,23000287,EC,1,5,CRONODUR PU-90 -B-  (1kg),,1,1,1_1,1_1_EC_23000287,1_1_EC_23000287_5_1
1,2023,23000287,EC,1,6,S/ART. 103211,,1,1,1_1,1_1_EC_23000287,1_1_EC_23000287_6_1
1,2023,23000354,PV,1,2,x 2000mm,,0,1,1_1,1_1_PV_23000354,1_1_PV_23000354_2_1
1,2023,23000292,EC,1,4,TOP CABLE POWERFLEX RV-K,,1,1,1_1,1_1_EC_23000292,1_1_EC_23000292_4_1
1,2023,3575,SF,1,1,sensa material,,0,1,1_1,1_1_SF_3575,1_1_SF_3575_1_1
1,2023,23000246,PC,1,4,OBSERVACIONES,,0,1,1_1,1_1_PC_23000246,1_1_PC_23000246_4_1
1,2023,23000383,PV,1,2,TEFLON 2000W 230V 10636H,,0,1,1_1,1_1_PV_23000383,1_1_PV_23000383_2_1
1,2023,23000280,EC,1,3,CON 3MT CABLE,,1,1,1_1,1_1_EC_23000280,1_1_EC_23000280_3_1
1,2023,23000356,PV,1,2,S/CODI  113  - L-3,,0,1,1_1,1_1_PV_23000356,1_1_PV_23000356_2_1
1,2023,23000285,EC,1,1,BOCACARTAS BUZON 58x282 BTV ALU NEG,,1,1,1_1,1_1_EC_23000285,1_1_EC_23000285_1_1
1,2023,3607,SF,1,10,RETRACTIL TOPE,,0,1,1_1,1_1_SF_3607,1_1_SF_3607_10_1
1,2023,23000292,EC,1,5,S/ART. 145134,,1,1,1_1,1_1_EC_23000292,1_1_EC_23000292_5_1
1,2023,23000276,EC,1,2,PT-697043...........................NUEVO,,1,1,1_1,1_1_EC_23000276,1_1_EC_23000276_2_1
1,2023,23000246,PC,1,5,HAY CAMBIOS EN LA PIEZA,,0,1,1_1,1_1_PC_23000246,1_1_PC_23000246_5_1
1,2023,23000275,PC,1,2,"DIAMETRO CON TOLERANCIA +0 / -0,25",,0,1,1_1,1_1_PC_23000275,1_1_PC_23000275_2_1
1,2023,23000379,PV,1,2,TEFLON 600W 230V 10327H 2MT,,0,1,1_1,1_1_PV_23000379,1_1_PV_23000379_2_1
1,2023,23000379,PV,1,3,SIN SOPORTE,,0,1,1_1,1_1_PV_23000379,1_1_PV_23000379_3_1
1,2023,23000348,SV,1,2,INOX316L 2500W 230V 10602H,,1,1,1_1,1_1_SV_23000348,1_1_SV_23000348_2_1
1,2023,23000394,SV,1,2,INACTIVO 300,,1,1,1_1,1_1_SV_23000394,1_1_SV_23000394_2_1
1,2023,23000394,SV,1,3,CBZAL GOMA SALIDA LATERAL CON 3MT CABLE,,1,1,1_1,1_1_SV_23000394,1_1_SV_23000394_3_1
1,2023,23000399,PV,1,2,"PZS 315P38, 315P36, 315040",,0,1,1_1,1_1_PV_23000399,1_1_PV_23000399_2_1
1,2023,23000400,SV,1,2,"PASAR TALADROS A D7,5",,1,1,1_1,1_1_SV_23000400,1_1_SV_23000400_2_1
1,2023,23000315,EC,1,2,1 Saco - S/ ART. A41000300,,1,1,1_1,1_1_EC_23000315,1_1_EC_23000315_2_1
1,2023,23000144,PC,1,2,"280 TUBOS x 6000mm, 171kg a 34,60/kg",,0,1,1_1,1_1_PC_23000144,1_1_PC_23000144_2_1
1,2023,23000144,PC,1,3,Heat YH202304012 Lot 2304060,,0,1,1_1,1_1_PC_23000144,1_1_PC_23000144_3_1
1,2023,23000144,PC,1,5,"46 TUBOS x 6000mm, 66kg a 28,50/kg",,0,1,1_1,1_1_PC_23000144,1_1_PC_23000144_5_1
1,2023,23000144,PC,1,6,Heat YH202304012 Lote 2304061,,0,1,1_1,1_1_PC_23000144,1_1_PC_23000144_6_1
1,2023,23000144,PC,1,8,En largos de 3000mm,,0,1,1_1,1_1_PC_23000144,1_1_PC_23000144_8_1
1,2023,23000144,PC,1,9,Heat YH2201 Lote 2305043,,0,1,1_1,1_1_PC_23000144,1_1_PC_23000144_9_1
1,2023,23000144,PC,1,11,En largos de 3000mm,,0,1,1_1,1_1_PC_23000144,1_1_PC_23000144_11_1
1,2023,23000144,PC,1,12,Heat YH2206 Lote 2305044,,0,1,1_1,1_1_PC_23000144,1_1_PC_23000144_12_1
1,2023,23000446,SV,1,3,PINTADO EXTERIOR,,1,1,1_1,1_1_SV_23000446,1_1_SV_23000446_3_1
1,2023,23000275,PC,1,3,ARANDELA D25 SOLDADA A 50mm DE UN EXTREMO,,0,1,1_1,1_1_PC_23000275,1_1_PC_23000275_3_1
1,2023,23000392,EC,1,1,ORBEGOZO VENTILADOR BOX FAN BF01-F.232313977,,1,1,1_1,1_1_EC_23000392,1_1_EC_23000392_1_1
1,2023,23000392,EC,1,2,COMPO BARERA INSECTOS 1L REF.20-FRA.232313977,,1,1,1_1,1_1_EC_23000392,1_1_EC_23000392_2_1
1,2023,23000356,PV,1,4,S/CODI  210,,0,1,1_1,1_1_PV_23000356,1_1_PV_23000356_4_1
1,2023,23000213,PC,1,2,S/REF. I24008,,0,1,1_1,1_1_PC_23000213,1_1_PC_23000213_2_1
1,2023,23000213,PC,1,4,S/ART. I23080664A51,,0,1,1_1,1_1_PC_23000213,1_1_PC_23000213_4_1
1,2023,23000031,PV,1,2,S/REF. BE250411000,,0,1,1_1,1_1_PV_23000031,1_1_PV_23000031_2_1
1,2023,3535,SF,1,9,MARCOS 3 PEINES 16 GANCHOS,,0,1,1_1,1_1_SF_3535,1_1_SF_3535_9_1
1,2023,3535,SF,1,10,8 x PEINE = 24 x MARCO,,0,1,1_1,1_1_SF_3535,1_1_SF_3535_10_1
1,2023,3535,SF,1,11,CALENTAR 200º 1 MARCO,,0,1,1_1,1_1_SF_3535,1_1_SF_3535_11_1
1,2023,3535,SF,1,12,COCER 190º 2 MARCOS,,0,1,1_1,1_1_SF_3535,1_1_SF_3535_12_1
1,2023,3535,SF,1,13,FRECUENCIA 10min,,0,1,1_1,1_1_SF_3535,1_1_SF_3535_13_1
1,2023,3535,SF,1,14,IMERSOR PARADO 30s,,0,1,1_1,1_1_SF_3535,1_1_SF_3535_14_1
1,2023,3535,SF,1,15,IMPRIMAR MENOS 40mm TC,,0,1,1_1,1_1_SF_3535,1_1_SF_3535_15_1
1,2023,3535,SF,1,16,COLGAR AL REVES TC HACIA BAJO,,0,1,1_1,1_1_SF_3535,1_1_SF_3535_16_1
1,2023,3535,SF,1,17,PELAR 40mm TC,,0,1,1_1,1_1_SF_3535,1_1_SF_3535_17_1
1,2023,3586,SF,1,1,SENSA MATERIAL,,0,1,1_1,1_1_SF_3586,1_1_SF_3586_1_1
1,2023,23000403,SV,1,2,S/REF. BE250411000,,1,1,1_1,1_1_SV_23000403,1_1_SV_23000403_2_1
1,2023,23000361,PV,1,2,x 800,,0,1,1_1,1_1_PV_23000361,1_1_PV_23000361_2_1
1,2023,23000363,PV,1,4,INOX316L 4000W 230V 9445H 3MT 2 ARANDELAS,,0,1,1_1,1_1_PV_23000363,1_1_PV_23000363_4_1
1,2023,23000336,PV,1,2,fijación dos aros,,0,1,1_1,1_1_PV_23000336,1_1_PV_23000336_2_1
1,2023,23000295,EC,1,2,Heat YH CX-2328-WG Lot 2305053 C/14,,1,1,1_1,1_1_EC_23000295,1_1_EC_23000295_2_1
1,2023,23000295,EC,1,4,Heat YH CX-2205-WG Lot 2305054 d8,,1,1,1_1,1_1_EC_23000295,1_1_EC_23000295_4_1
1,2023,23000295,EC,1,6,Heat YH CX-2005-WG Lot 2305055 D6,,1,1,1_1,1_1_EC_23000295,1_1_EC_23000295_6_1
1,2023,23000295,EC,1,8,"Heat YH CX-2237-WG Lot 2305056 C/9,5",,1,1,1_1,1_1_EC_23000295,1_1_EC_23000295_8_1
1,2023,23000295,EC,1,10,"Heat YH CX-2237-WG Lot 2305056 C/9,5",,1,1,1_1,1_1_EC_23000295,1_1_EC_23000295_10_1
1,2023,23000295,EC,1,12,Heat YH CX-2310-WG Lot 2304102 D8,,1,1,1_1,1_1_EC_23000295,1_1_EC_23000295_12_1
1,2023,23000246,PC,1,6,**UTILIZAR EL ARCHIVO STEP ADJUNTO Y MACHACAR EL ANTERIOR**,,0,1,1_1,1_1_PC_23000246,1_1_PC_23000246_6_1
1,2023,23000249,PC,1,2,2 Rollos de 17 metros,,0,1,1_1,1_1_PC_23000249,1_1_PC_23000249_2_1
1,2023,23000215,PC,1,2,TOP CABLE POWERFLEX RV-K,,0,1,1_1,1_1_PC_23000215,1_1_PC_23000215_2_1
1,2023,23000215,PC,1,3,S/ART. 145138,,0,1,1_1,1_1_PC_23000215,1_1_PC_23000215_3_1
1,2023,23000405,SV,1,5,COMMANDE: ACH0022443,,1,1,1_1,1_1_SV_23000405,1_1_SV_23000405_5_1
1,2023,3606,SF,1,11,RETRACTIL TOPE,,0,1,1_1,1_1_SF_3606,1_1_SF_3606_11_1
1,2023,23000372,PV,1,2,TEFLON 650W 230V 10416H 2MT,,0,1,1_1,1_1_PV_23000372,1_1_PV_23000372_2_1
1,2023,23000300,EC,1,2,TOP CABLE POWERFLEX RV-K,,1,1,1_1,1_1_EC_23000300,1_1_EC_23000300_2_1
1,2023,23000300,EC,1,3,S/ART. 145138,,1,1,1_1,1_1_EC_23000300,1_1_EC_23000300_3_1
1,2023,23000303,EC,1,2,"9 PIEZA + METAL (2,97kg X 8,46 = 25,13 / 6 = 4,188/pz)",,1,1,1_1,1_1_EC_23000303,1_1_EC_23000303_2_1
1,2023,23000224,PC,1,2,"MZ 22,64 + PREP. 206",,0,1,1_1,1_1_PC_23000224,1_1_PC_23000224_2_1
1,2023,23000224,PC,1,4,"MZ 22,64 + PREP. 206",,0,1,1_1,1_1_PC_23000224,1_1_PC_23000224_4_1
1,2023,23000184,PC,1,2,"Heat YH CX-2237-WG Lot 2305092 C/9,5",,0,1,1_1,1_1_PC_23000184,1_1_PC_23000184_2_1
1,2023,23000184,PC,1,4,"Heat YH CX-2237-WG Lot 2305092 C/9,5",,0,1,1_1,1_1_PC_23000184,1_1_PC_23000184_4_1
1,2023,23000184,PC,1,6,YH CX-2277-WG Lot 2302059 D16,,0,1,1_1,1_1_PC_23000184,1_1_PC_23000184_6_1
1,2023,23000184,PC,1,8,Heat YH CX-2277-WG Lot 2304023 D126,,0,1,1_1,1_1_PC_23000184,1_1_PC_23000184_8_1
1,2023,23000184,PC,1,10,YH CX-2005-WG Lot 2304010 D6,,0,1,1_1,1_1_PC_23000184,1_1_PC_23000184_10_1
1,2023,23000288,EC,1,2,S/REF. 305-O,,1,1,1_1,1_1_EC_23000288,1_1_EC_23000288_2_1
1,2023,23000296,EC,1,3,**ADJUNTAR CERTIFICADOS**,,1,1,1_1,1_1_EC_23000296,1_1_EC_23000296_3_1
1,2023,23000290,EC,1,2,PT-697784..............NUEVO,,1,1,1_1,1_1_EC_23000290,1_1_EC_23000290_2_1
1,2023,23000375,PV,1,2,14/18mm EN EL FONDO - 5/8mm LATERALES,,0,1,1_1,1_1_PV_23000375,1_1_PV_23000375_2_1
1,2023,23000375,PV,1,3,PINTADO EXTERIOR,,0,1,1_1,1_1_PV_23000375,1_1_PV_23000375_3_1
1,2023,23000220,PC,1,2,14/18mm EN EL FONDO - 5/8mm LATERALES,,0,1,1_1,1_1_PC_23000220,1_1_PC_23000220_2_1
1,2023,23000220,PC,1,3,PINTADO EXTERIOR,,0,1,1_1,1_1_PC_23000220,1_1_PC_23000220_3_1
1,2023,23000230,PC,1,12,PT-675065,,0,1,1_1,1_1_PC_23000230,1_1_PC_23000230_12_1
1,2023,23000252,PC,1,2,"ACTIVO 500, CBZAL GOMA",,0,1,1_1,1_1_PC_23000252,1_1_PC_23000252_2_1
1,2023,23000299,EC,1,2,PT-697657..............................NUEVO,,1,1,1_1,1_1_EC_23000299,1_1_EC_23000299_2_1
1,2023,23000262,PC,1,2,B85D32D95,,0,1,1_1,1_1_PC_23000262,1_1_PC_23000262_2_1
1,2023,23000380,PV,1,2,x1500,,0,1,1_1,1_1_PV_23000380,1_1_PV_23000380_2_1
1,2023,23000364,SV,1,2,INOX316L 2000W 230V 7807H 2MT,,1,1,1_1,1_1_SV_23000364,1_1_SV_23000364_2_1
1,2023,23000382,SV,1,2,INOX316L 4000W 230V 10619H 3MT,,1,1,1_1,1_1_SV_23000382,1_1_SV_23000382_2_1
1,2023,23000402,SV,1,2,INOX316L 3000W 230V 7542H 4MT,,1,1,1_1,1_1_SV_23000402,1_1_SV_23000402_2_1
1,2023,23000402,SV,1,4,INOX316L 4000W 230V 10620H 3MT,,1,1,1_1,1_1_SV_23000402,1_1_SV_23000402_4_1
1,2023,23000402,SV,1,6,INCOLOY-825 4000W 400V III 9684H,,1,1,1_1,1_1_SV_23000402,1_1_SV_23000402_6_1
1,2023,23000418,SV,1,2,INOX316L 4000W 230V 9093H 3MT 2 ARANDELAS,,1,1,1_1,1_1_SV_23000418,1_1_SV_23000418_2_1
1,2023,23000418,SV,1,4,INOX316L 4000W 230V 9445H 3MT 2 ARANDELAS,,1,1,1_1,1_1_SV_23000418,1_1_SV_23000418_4_1
1,2023,23000421,SV,1,2,TEFLON 650W 230V 10416H 2MT,,1,1,1_1,1_1_SV_23000421,1_1_SV_23000421_2_1
1,2023,23000421,SV,1,3,SIN SOPORTE,,1,1,1_1,1_1_SV_23000421,1_1_SV_23000421_3_1
1,2023,3644,EF,1,1,FABRICACION CALENTADORES MES,,0,1,1_1,1_1_EF_3644,1_1_EF_3644_1_1
1,2023,23000252,PC,1,4,CBZAL GOMA,,0,1,1_1,1_1_PC_23000252,1_1_PC_23000252_4_1
1,2023,23000381,PV,1,2,KTM DUKE D58,,0,1,1_1,1_1_PV_23000381,1_1_PV_23000381_2_1
1,2023,23000381,PV,1,4,YAMAHA IZF 14-18 D77,,0,1,1_1,1_1_PV_23000381,1_1_PV_23000381_4_1
1,2023,23000219,PC,1,2,DSWPP10A30P Caja de 30ud,,0,1,1_1,1_1_PC_23000219,1_1_PC_23000219_2_1
1,2023,23000219,PC,1,3,Lote 27032023,,0,1,1_1,1_1_PC_23000219,1_1_PC_23000219_3_1
1,2023,23000301,EC,1,2,S/REF. I24008,,1,1,1_1,1_1_EC_23000301,1_1_EC_23000301_2_1
1,2023,23000301,EC,1,4,S/ART. I23080664A51,,1,1,1_1,1_1_EC_23000301,1_1_EC_23000301_4_1
1,2023,23000398,PV,1,6,CONTACT: GUILBERT NATHAN,,0,1,1_1,1_1_PV_23000398,1_1_PV_23000398_6_1
1,2023,23000398,PV,1,7,COMMANDE: ACH0022622,,0,1,1_1,1_1_PV_23000398,1_1_PV_23000398_7_1
1,2023,3640,SF,1,3,CALENTAR 230º 1MARCO,,0,1,1_1,1_1_SF_3640,1_1_SF_3640_3_1
1,2023,3640,SF,1,4,COCER 200º 2MARCOS,,0,1,1_1,1_1_SF_3640,1_1_SF_3640_4_1
1,2023,23000318,EC,1,2,6 barras de 6000mm,,1,1,1_1,1_1_EC_23000318,1_1_EC_23000318_2_1
1,2023,23000309,EC,1,2,DSWPP10A30P Caja de 30ud,,1,1,1_1,1_1_EC_23000309,1_1_EC_23000309_2_1
1,2023,23000228,PC,1,2,3M MDT-A 12/3 - S/ART. 156379,,0,1,1_1,1_1_PC_23000228,1_1_PC_23000228_2_1
1,2023,23000384,PV,1,2,160+210 PL380(170),,0,1,1_1,1_1_PV_23000384,1_1_PV_23000384_2_1
1,2023,23000309,EC,1,3,Lote 27032023,,1,1,1_1,1_1_EC_23000309,1_1_EC_23000309_3_1
1,2023,23000226,PC,1,2,6 barras de 6000mm,,0,1,1_1,1_1_PC_23000226,1_1_PC_23000226_2_1
1,2023,23000393,PV,1,2,INOX316L 3000W 220V 6042H 3MT,,0,1,1_1,1_1_PV_23000393,1_1_PV_23000393_2_1
1,2023,3640,SF,1,5,"FRECUENCIA 300""",,0,1,1_1,1_1_SF_3640,1_1_SF_3640_5_1
1,2023,23000231,PC,1,2,RECUBRIMIENTO TOTAL CON RILSAN GRIS RAL 7040,,0,1,1_1,1_1_PC_23000231,1_1_PC_23000231_2_1
1,2023,23000310,EC,1,2,"Heat YH CX-2237-WG Lot 2305092 C/9,5",,1,1,1_1,1_1_EC_23000310,1_1_EC_23000310_2_1
1,2023,23000310,EC,1,4,"Heat YH CX-2237-WG Lot 2305092 C/9,5",,1,1,1_1,1_1_EC_23000310,1_1_EC_23000310_4_1
1,2023,23000429,SV,1,2,S/ART. 05049016,,1,1,1_1,1_1_SV_23000429,1_1_SV_23000429_2_1
1,2023,23000232,PC,1,2,S/REF. I23080664A24,,0,1,1_1,1_1_PC_23000232,1_1_PC_23000232_2_1
1,2023,23000390,PV,1,2,S/CODIGO AND015,,0,1,1_1,1_1_PV_23000390,1_1_PV_23000390_2_1
1,2023,23000420,SV,1,2,S/CODI  113  - L-3,,1,1,1_1,1_1_SV_23000420,1_1_SV_23000420_2_1
1,2023,23000420,SV,1,4,S/CODI  210,,1,1,1_1,1_1_SV_23000420,1_1_SV_23000420_4_1
1,2023,3640,SF,1,6,"PARADA 45""",,0,1,1_1,1_1_SF_3640,1_1_SF_3640_6_1
1,2023,3640,SF,1,7,INMERSOR BAJADA RAPIDA - SUBIDA LENTA,,0,1,1_1,1_1_SF_3640,1_1_SF_3640_7_1
1,2023,23000234,PC,1,2,S/ART. 10062CR90,,0,1,1_1,1_1_PC_23000234,1_1_PC_23000234_2_1
1,2023,3640,SF,1,8,"INMERSOR PARADO ABAJO 0""",,0,1,1_1,1_1_SF_3640,1_1_SF_3640_8_1
1,2023,23000240,PC,1,2,REPARA MODIFICAR PARA SOLDAR PINZA 3c,,0,1,1_1,1_1_PC_23000240,1_1_PC_23000240_2_1
1,2023,23000231,PC,1,3,MENOS 4 PIVOTES/POSICIONADORES,,0,1,1_1,1_1_PC_23000231,1_1_PC_23000231_3_1
1,2023,23000231,PC,1,4,Y LOS 4 TALADROS INFERIORES DE ALOJAMIENTO,,0,1,1_1,1_1_PC_23000231,1_1_PC_23000231_4_1
1,2023,23000231,PC,1,5,COAT500,,0,1,1_1,1_1_PC_23000231,1_1_PC_23000231_5_1
1,2023,23000314,EC,1,2,11 Chapas de 1250x2500mm,,1,1,1_1,1_1_EC_23000314,1_1_EC_23000314_2_1
1,2023,3690,SF,1,2,CALENTAR A 175º 2 MARCOS,,0,1,1_1,1_1_SF_3690,1_1_SF_3690_2_1
1,2023,3690,SF,1,3,COCER 195º 3 MARCOS,,0,1,1_1,1_1_SF_3690,1_1_SF_3690_3_1
1,2023,3690,SF,1,4,IMPRIMACION CON CESTA,,0,1,1_1,1_1_SF_3690,1_1_SF_3690_4_1
1,2023,23000304,EC,1,2,CR-NNKp-400/00-316-08-06-00-PB10-250,,1,1,1_1,1_1_EC_23000304,1_1_EC_23000304_2_1
1,2023,23000304,EC,1,4,CR-NNKp-400/00-TEF/316-08-06-00-PB10-200,,1,1,1_1,1_1_EC_23000304,1_1_EC_23000304_4_1
1,2023,23000310,EC,1,6,YH CX-2277-WG Lot 2302059 D16,,1,1,1_1,1_1_EC_23000310,1_1_EC_23000310_6_1
1,2023,23000310,EC,1,8,Heat YH CX-2277-WG Lot 2304023 D126,,1,1,1_1,1_1_EC_23000310,1_1_EC_23000310_8_1
1,2023,23000310,EC,1,10,YH CX-2005-WG Lot 2304010 D6,,1,1,1_1,1_1_EC_23000310,1_1_EC_23000310_10_1
1,2023,23000396,SV,1,2,1050+190 PL250(130-I),,1,1,1_1,1_1_SV_23000396,1_1_SV_23000396_2_1
1,2023,23000426,SV,1,2,1090+210 PL320(110-I),,1,1,1_1,1_1_SV_23000426,1_1_SV_23000426_2_1
1,2023,23000431,SV,1,3,1/3 PARTE DEL PEDIDO,,1,1,1_1,1_1_SV_23000431,1_1_SV_23000431_3_1
1,2023,23000218,PC,1,2,11 Chapas de 1250x2500mm,,0,1,1_1,1_1_PC_23000218,1_1_PC_23000218_2_1
1,2023,23000218,PC,1,3,Heat D170913 Lot 17-0102-1,,0,1,1_1,1_1_PC_23000218,1_1_PC_23000218_3_1
1,2023,23000314,EC,1,3,Heat D170913 Lot 17-0102-1,,1,1,1_1,1_1_EC_23000314,1_1_EC_23000314_3_1
1,2023,23000229,PC,1,2,1 Saco - S/ ART. A41000300,,0,1,1_1,1_1_PC_23000229,1_1_PC_23000229_2_1
1,2023,23000269,PC,1,2,S/ART. I24008,,0,1,1_1,1_1_PC_23000269,1_1_PC_23000269_2_1
1,2023,3690,SF,1,5,MARCO DE 36 PIEZAS,,0,1,1_1,1_1_SF_3690,1_1_SF_3690_5_1
1,2023,23000244,PC,1,2,CBZAL DE GOMA,,0,1,1_1,1_1_PC_23000244,1_1_PC_23000244_2_1
1,2023,23000233,PC,1,2,S/ART. I2308066482,,0,1,1_1,1_1_PC_23000233,1_1_PC_23000233_2_1
1,2023,23000234,PC,1,4,S/ART. 10057,,0,1,1_1,1_1_PC_23000234,1_1_PC_23000234_4_1
1,2023,23000234,PC,1,6,S/ART. 07007,,0,1,1_1,1_1_PC_23000234,1_1_PC_23000234_6_1
1,2023,23000235,PC,1,2,"INACTIVO POR LADO 350mm, ESPIGA M-4",,0,1,1_1,1_1_PC_23000235,1_1_PC_23000235_2_1
1,2023,23000235,PC,1,3,DESPUES HEMOS DE DOBLAR A r20,,0,1,1_1,1_1_PC_23000235,1_1_PC_23000235_3_1
1,2023,23000235,PC,1,4,MARCAR SEGÚN INDICACIONES,,0,1,1_1,1_1_PC_23000235,1_1_PC_23000235_4_1
1,2023,23000235,PC,1,5,S/REF. F123620,,0,1,1_1,1_1_PC_23000235,1_1_PC_23000235_5_1
1,2023,23000237,PC,1,2,GOFRADA  S/ART. PBG15,,0,1,1_1,1_1_PC_23000237,1_1_PC_23000237_2_1
1,2023,23000237,PC,1,4,RECUBIERTO POLIURETATO COLOR GRIS,,0,1,1_1,1_1_PC_23000237,1_1_PC_23000237_4_1
1,2023,23000237,PC,1,5,TB MOD. 500G2P      TALLA 9,,0,1,1_1,1_1_PC_23000237,1_1_PC_23000237_5_1
1,2023,3643,SF,1,10,RETRACTIL TOPE,,0,1,1_1,1_1_SF_3643,1_1_SF_3643_10_1
1,2023,3690,SF,1,6,MEDIDA PLASTISOL 78mm.APROX.,,0,1,1_1,1_1_SF_3690,1_1_SF_3690_6_1
1,2023,23000269,PC,1,4,S/REF. I24008,,0,1,1_1,1_1_PC_23000269,1_1_PC_23000269_4_1
1,2023,3680,SF,1,2,5marcos x 4tiras x 8piezas = 160,,0,1,1_1,1_1_SF_3680,1_1_SF_3680_2_1
1,2023,3680,SF,1,3,CALENTAR 230º 1MARCO,,0,1,1_1,1_1_SF_3680,1_1_SF_3680_3_1
1,2023,3680,SF,1,4,COCER 200º 2MARCOS,,0,1,1_1,1_1_SF_3680,1_1_SF_3680_4_1
1,2023,23000328,EC,1,1,ARRENDAMENT CONTENÏDOR,,1,1,1_1,1_1_EC_23000328,1_1_EC_23000328_1_1
1,2023,23000328,EC,1,2,RECOLLIDES,,1,1,1_1,1_1_EC_23000328,1_1_EC_23000328_2_1
1,2023,23000227,PC,1,2,"60 sheets of 1,5x1000x2000mm",,0,1,1_1,1_1_PC_23000227,1_1_PC_23000227_2_1
1,2023,23000227,PC,1,3,Heat 230350 Lot 230122,,0,1,1_1,1_1_PC_23000227,1_1_PC_23000227_3_1
1,2023,23000227,PC,1,4,Delivery time: 15 days,,0,1,1_1,1_1_PC_23000227,1_1_PC_23000227_4_1
1,2023,23000227,PC,1,5,Delivery terms: FOB Shanghai SeaPort,,0,1,1_1,1_1_PC_23000227,1_1_PC_23000227_5_1
1,2023,23000227,PC,1,6,"Payment terms: 100% T/T before shipment, presentatión documents",,0,1,1_1,1_1_PC_23000227,1_1_PC_23000227_6_1
1,2023,23000227,PC,1,7,Bank charges in your country at your,,0,1,1_1,1_1_PC_23000227,1_1_PC_23000227_7_1
1,2023,23000227,PC,1,8,Shipping Agent: Schenker China,,0,1,1_1,1_1_PC_23000227,1_1_PC_23000227_8_1
1,2023,23000401,PV,1,2,5MT CABLE,,0,1,1_1,1_1_PV_23000401,1_1_PV_23000401_2_1
1,2023,23000396,PV,1,2,"CAMBIO TELA INOX304 HILO 1,25 LUZ 7,10",,0,1,1_1,1_1_PV_23000396,1_1_PV_23000396_2_1
1,2023,23000239,PC,1,2,"CAMBIO TELA INOX304 HILO 1,25 LUZ 7,10",,0,1,1_1,1_1_PC_23000239,1_1_PC_23000239_2_1
1,2023,23000428,SV,1,2,x1500,,1,1,1_1,1_1_SV_23000428,1_1_SV_23000428_2_1
1,2023,23000438,SV,1,2,5 MICRAS CARA INTERIOR,,1,1,1_1,1_1_SV_23000438,1_1_SV_23000438_2_1
1,2023,23000438,SV,1,3,2 MICRAS CARA EXTERIOR,,1,1,1_1,1_1_SV_23000438,1_1_SV_23000438_3_1
1,2023,23000408,SV,1,2,1 varilla de 2000mm,,1,1,1_1,1_1_SV_23000408,1_1_SV_23000408_2_1
1,2023,23000401,PV,1,4,5MT CABLE,,0,1,1_1,1_1_PV_23000401,1_1_PV_23000401_4_1
1,2023,23000355,PV,1,2,D6 L460 A30x1100 PL50,,0,1,1_1,1_1_PV_23000355,1_1_PV_23000355_2_1
1,2023,23000621,SV,1,2,3 TIRAS,,1,1,1_1,1_1_SV_23000621,1_1_SV_23000621_2_1
1,2023,23000328,EC,1,3,FULLS SEGUIMENT,,1,1,1_1,1_1_EC_23000328,1_1_EC_23000328_3_1
1,2023,23000329,EC,1,1,CONTACTE BOTELLES ANUAL (01/06/2023-31/05/2024),,1,1,1_1,1_1_EC_23000329,1_1_EC_23000329_1_1
1,2023,23000329,EC,1,2,Increment 10%,,1,1,1_1,1_1_EC_23000329,1_1_EC_23000329_2_1
1,2023,23000330,EC,1,2,RETOCAR PASO ELECTRODOS,,1,1,1_1,1_1_EC_23000330,1_1_EC_23000330_2_1
1,2023,23000326,EC,1,2,14/18mm EN EL FONDO - 5/8mm LATERALES,,1,1,1_1,1_1_EC_23000326,1_1_EC_23000326_2_1
1,2023,23000326,EC,1,3,PINTADO EXTERIOR,,1,1,1_1,1_1_EC_23000326,1_1_EC_23000326_3_1
1,2023,23000322,EC,1,2,"MZ 22,64 + PREP. 206",,1,1,1_1,1_1_EC_23000322,1_1_EC_23000322_2_1
1,2023,23000322,EC,1,4,"MZ 22,64 + PREP. 206",,1,1,1_1,1_1_EC_23000322,1_1_EC_23000322_4_1
1,2023,23000321,EC,1,2,S/ART. 10062CR90,,1,1,1_1,1_1_EC_23000321,1_1_EC_23000321_2_1
1,2023,23000321,EC,1,4,S/ART. 10057,,1,1,1_1,1_1_EC_23000321,1_1_EC_23000321_4_1
1,2023,23000321,EC,1,6,S/ART. 07007,,1,1,1_1,1_1_EC_23000321,1_1_EC_23000321_6_1
1,2023,23000320,EC,1,2,Heat YH214302 Lot 2202015 Chapa 2,,1,1,1_1,1_1_EC_23000320,1_1_EC_23000320_2_1
1,2023,23000320,EC,1,4,Heat YH CX-2277-WG Lot 2303044 D10,,1,1,1_1,1_1_EC_23000320,1_1_EC_23000320_4_1
1,2023,3680,SF,1,5,"FRECUENCIA 300""",,0,1,1_1,1_1_SF_3680,1_1_SF_3680_5_1
1,2023,23000339,EC,1,1,MANTENIMENT EQUIPS INFORMATICS JULIOL,,1,1,1_1,1_1_EC_23000339,1_1_EC_23000339_1_1
1,2023,23000338,EC,1,1,AVERIA SAI -NO TE REPARACIO,,1,1,1_1,1_1_EC_23000338,1_1_EC_23000338_1_1
1,2023,23000338,EC,1,2,SAI 900VA SPS ONE SALICRU,,1,1,1_1,1_1_EC_23000338,1_1_EC_23000338_2_1
1,2023,23000657,PV,1,2,S/CODI 362,,0,1,1_1,1_1_PV_23000657,1_1_PV_23000657_2_1
1,2023,23000319,EC,1,2,"REPLATING OF TITANIUM ANODES,",,1,1,1_1,1_1_EC_23000319,1_1_EC_23000319_2_1
1,2023,23000266,EC,1,1,"REPARA.VARIAS TALLER, LAVABOS Y VESTUARIO",,1,1,1_1,1_1_EC_23000266,1_1_EC_23000266_1_1
1,2023,23000338,EC,1,3,LICENCIA ANTIVIRUS PANDA 2023 (PC-XRF-CASA),,1,1,1_1,1_1_EC_23000338,1_1_EC_23000338_3_1
1,2023,23000334,EC,1,2,RECUBRIMIENTO TOTAL CON RILSAN GRIS RAL 7040,,1,1,1_1,1_1_EC_23000334,1_1_EC_23000334_2_1
1,2023,23000334,EC,1,3,MENOS 4 PIVOTES/POSICIONADORES,,1,1,1_1,1_1_EC_23000334,1_1_EC_23000334_3_1
1,2023,23000334,EC,1,4,Y LOS 4 TALADROS INFERIORES DE ALOJAMIENTO,,1,1,1_1,1_1_EC_23000334,1_1_EC_23000334_4_1
1,2023,23000340,EC,1,1,CONTRACTES MANTENIMENT ANUAL COMPRESORS,,1,1,1_1,1_1_EC_23000340,1_1_EC_23000340_1_1
1,2023,23000340,EC,1,2,D'AIRE Nº TP1010 (Increment 5%),,1,1,1_1,1_1_EC_23000340,1_1_EC_23000340_2_1
1,2023,23000449,SV,1,2,160+210 PL380(170),,1,1,1_1,1_1_SV_23000449,1_1_SV_23000449_2_1
1,2023,23000411,SV,1,2,fijación dos aros,,1,1,1_1,1_1_SV_23000411,1_1_SV_23000411_2_1
1,2023,23000325,EC,1,2,GOFRADA  S/ART. PBG15,,1,1,1_1,1_1_EC_23000325,1_1_EC_23000325_2_1
1,2023,23000325,EC,1,4,RECUBIERTO POLIURETATO COLOR GRIS,,1,1,1_1,1_1_EC_23000325,1_1_EC_23000325_4_1
1,2023,23000325,EC,1,5,TB MOD. 500G2P      TALLA 9,,1,1,1_1,1_1_EC_23000325,1_1_EC_23000325_5_1
1,2023,23000319,EC,1,3,Pt 5 MICRONS INSIDE,,1,1,1_1,1_1_EC_23000319,1_1_EC_23000319_3_1
1,2023,23000319,EC,1,4,Pt 2 MICRONS OUTSIDE,,1,1,1_1,1_1_EC_23000319,1_1_EC_23000319_4_1
1,2023,23000319,EC,1,5,Article-No.: 16009-0027,,1,1,1_1,1_1_EC_23000319,1_1_EC_23000319_5_1
1,2023,23000332,EC,1,2,S/ART. I2308066482,,1,1,1_1,1_1_EC_23000332,1_1_EC_23000332_2_1
1,2023,23000333,EC,1,2,S/REF. I23080664A24,,1,1,1_1,1_1_EC_23000333,1_1_EC_23000333_2_1
1,2023,23000382,EC,1,2,(PC-DANIEL,,1,1,1_1,1_1_EC_23000382,1_1_EC_23000382_2_1
1,2023,23000266,EC,1,2,"(FRANCISCO SOTO 6,25h + DIDAC SANTOS 6,25h)",,1,1,1_1,1_1_EC_23000266,1_1_EC_23000266_2_1
1,2023,23000279,EC,1,1,CANVI CARGA LAVABO VESTUARI DONES,,1,1,1_1,1_1_EC_23000279,1_1_EC_23000279_1_1
1,2023,23000279,EC,1,2,FRANCISCO SOTO 1h,,1,1,1_1,1_1_EC_23000279,1_1_EC_23000279_2_1
1,2023,23000282,EC,1,1,REPARACIO AIXETA DUTXA VESTUARI,,1,1,1_1,1_1_EC_23000282,1_1_EC_23000282_1_1
1,2023,23000282,EC,1,2,FRANCISCO SOTO 1h,,1,1,1_1,1_1_EC_23000282,1_1_EC_23000282_2_1
1,2023,3690,SF,1,7,MARCOS DE 9 PIEZAS CADA 4 GANCHOS,,0,1,1_1,1_1_SF_3690,1_1_SF_3690_7_1
1,2023,23000409,PV,1,2,CBZAL.GOMA,,0,1,1_1,1_1_PV_23000409,1_1_PV_23000409_2_1
1,2023,3680,SF,1,6,"PARADA 45""",,0,1,1_1,1_1_SF_3680,1_1_SF_3680_6_1
1,2023,23000334,EC,1,5,COAT500,,1,1,1_1,1_1_EC_23000334,1_1_EC_23000334_5_1
1,2023,23000411,SV,1,4,FIJACION POR 3 PUNTOS,,1,1,1_1,1_1_SV_23000411,1_1_SV_23000411_4_1
1,2023,23000446,SV,1,2,14/18mm EN EL FONDO - 5/8mm LATERALES,,1,1,1_1,1_1_SV_23000446,1_1_SV_23000446_2_1
1,2023,23000455,SV,1,2,S/CODIGO AND015,,1,1,1_1,1_1_SV_23000455,1_1_SV_23000455_2_1
1,2023,3678,SF,1,2,5marcos x 3tiras x 13piezas = 195,,0,1,1_1,1_1_SF_3678,1_1_SF_3678_2_1
1,2023,3678,SF,1,3,CALENTAR 230º 1MARCO,,0,1,1_1,1_1_SF_3678,1_1_SF_3678_3_1
1,2023,3678,SF,1,4,COCER 200º 2MARCOS,,0,1,1_1,1_1_SF_3678,1_1_SF_3678_4_1
1,2023,3678,SF,1,5,"FRECUENCIA 300""",,0,1,1_1,1_1_SF_3678,1_1_SF_3678_5_1
1,2023,3678,SF,1,6,"PARADA 45""",,0,1,1_1,1_1_SF_3678,1_1_SF_3678_6_1
1,2023,3678,SF,1,7,INMERSOR BAJADA RAPIDA -SUBIDA LENTA,,0,1,1_1,1_1_SF_3678,1_1_SF_3678_7_1
1,2023,3678,SF,1,8,"INMERSOR PARADO ABAJO 0""",,0,1,1_1,1_1_SF_3678,1_1_SF_3678_8_1
1,2023,3678,SF,1,9,MEDIDA UTILAGE 82mm,,0,1,1_1,1_1_SF_3678,1_1_SF_3678_9_1
1,2023,3678,SF,1,10,GRUESO 1.5mm,,0,1,1_1,1_1_SF_3678,1_1_SF_3678_10_1
1,2023,3679,SF,1,2,5marco x 5tiras x 4piezas =100,,0,1,1_1,1_1_SF_3679,1_1_SF_3679_2_1
1,2023,3679,SF,1,3,CALENTAR 230º 1MARCO,,0,1,1_1,1_1_SF_3679,1_1_SF_3679_3_1
1,2023,3679,SF,1,4,COCER 200º 2MARCOS,,0,1,1_1,1_1_SF_3679,1_1_SF_3679_4_1
1,2023,3679,SF,1,5,"FRECUENCIA 300""",,0,1,1_1,1_1_SF_3679,1_1_SF_3679_5_1
1,2023,3679,SF,1,6,"PARADA 45""",,0,1,1_1,1_1_SF_3679,1_1_SF_3679_6_1
1,2023,3679,SF,1,7,INMERSOR BAJADA RAPIDA -SUBIDA LENTA,,0,1,1_1,1_1_SF_3679,1_1_SF_3679_7_1
1,2023,3679,SF,1,8,"INMERSOR PARADO ABAJO 0""",,0,1,1_1,1_1_SF_3679,1_1_SF_3679_8_1
1,2023,3679,SF,1,9,MEDIDA UTILAGE 82mm,,0,1,1_1,1_1_SF_3679,1_1_SF_3679_9_1
1,2023,3679,SF,1,10,GRUESO 1.5mm,,0,1,1_1,1_1_SF_3679,1_1_SF_3679_10_1
1,2023,23000236,PC,1,2,SM380 2 cajas de 800ud Lote 92105,,0,1,1_1,1_1_PC_23000236,1_1_PC_23000236_2_1
1,2023,23000236,PC,1,4,SM85 4 cajas de 4000ud Lote 47127,,0,1,1_1,1_1_PC_23000236,1_1_PC_23000236_4_1
1,2023,23000236,PC,1,6,CA160 2 cajas de 2000ud Lote 12084,,0,1,1_1,1_1_PC_23000236,1_1_PC_23000236_6_1
1,2023,23000236,PC,1,8,CA160 2 cajas de 1000ud Lote 12022,,0,1,1_1,1_1_PC_23000236,1_1_PC_23000236_8_1
1,2023,23000236,PC,1,10,CA160 2 cajas de 2000ud Lote 12022,,0,1,1_1,1_1_PC_23000236,1_1_PC_23000236_10_1
1,2023,23000336,EC,1,2,PT-696462,,1,1,1_1,1_1_EC_23000336,1_1_EC_23000336_2_1
1,2023,23000253,PC,1,2,"A700 CBZAL GOMA 5MT CABLE, SELLADO",,0,1,1_1,1_1_PC_23000253,1_1_PC_23000253_2_1
1,2023,23000457,SV,1,2,x 350mm,,1,1,1_1,1_1_SV_23000457,1_1_SV_23000457_2_1
1,2023,23000460,SV,1,2,KTM DUKE D58,,1,1,1_1,1_1_SV_23000460,1_1_SV_23000460_2_1
1,2023,23000460,SV,1,4,YAMAHA IZF 14-18 D77,,1,1,1_1,1_1_SV_23000460,1_1_SV_23000460_4_1
1,2023,23000461,PV,1,2,4MT CABLE,,0,1,1_1,1_1_PV_23000461,1_1_PV_23000461_2_1
1,2023,3690,SF,1,8,CONTROLAR INMERSOR BAJADA SUBIDA,,0,1,1_1,1_1_SF_3690,1_1_SF_3690_8_1
1,2023,3690,SF,1,9,CAJAS CITROEN 180(2x30=60x3PISOS),,0,1,1_1,1_1_SF_3690,1_1_SF_3690_9_1
1,2023,23000257,PC,1,1,AISI304 TUBO CUADRADO 30x30x2,,0,1,1_1,1_1_PC_23000257,1_1_PC_23000257_1_1
1,2023,23000257,PC,1,2,1 BARRA DE 6000,,0,1,1_1,1_1_PC_23000257,1_1_PC_23000257_2_1
1,2023,23000257,PC,1,4,PORTES,,0,1,1_1,1_1_PC_23000257,1_1_PC_23000257_4_1
1,2023,23000336,EC,1,4,PT-672154,,1,1,1_1,1_1_EC_23000336,1_1_EC_23000336_4_1
1,2023,23000356,EC,1,6,**UTILIZAR EL ARCHIVO STEP ADJUNTO Y MACHACAR EL ANTERIOR**,,1,1,1_1,1_1_EC_23000356,1_1_EC_23000356_6_1
1,2023,23000378,EC,1,1,TRANSPORTE CAMION PLUMA VARIOS RESIDUS ESPECIALES,,1,1,1_1,1_1_EC_23000378,1_1_EC_23000378_1_1
1,2023,23000378,EC,1,2,TRATAMIENTO METILETILCETONA + GASOIL(TN),,1,1,1_1,1_1_EC_23000378,1_1_EC_23000378_2_1
1,2023,23000378,EC,1,3,TRATAMIENTI MEC CON RESTOS DE PLASTISOL(TN),,1,1,1_1,1_1_EC_23000378,1_1_EC_23000378_3_1
1,2023,3682,SF,1,2,5marcos x 4tiras x 5piezas = 100,,0,1,1_1,1_1_SF_3682,1_1_SF_3682_2_1
1,2023,3682,SF,1,3,CALENTAR 230º 1MARCO,,0,1,1_1,1_1_SF_3682,1_1_SF_3682_3_1
1,2023,3682,SF,1,4,COCER 200º 2MARCOS,,0,1,1_1,1_1_SF_3682,1_1_SF_3682_4_1
1,2023,3682,SF,1,5,"FRECUENCIA 300""",,0,1,1_1,1_1_SF_3682,1_1_SF_3682_5_1
1,2023,3682,SF,1,6,"PARADA 45""",,0,1,1_1,1_1_SF_3682,1_1_SF_3682_6_1
1,2023,3682,SF,1,7,INMERSOR BAJADA RAPIDA -SUBIDA LENTA,,0,1,1_1,1_1_SF_3682,1_1_SF_3682_7_1
1,2023,3682,SF,1,8,"INMERSOR PARADO ABAJO 0""",,0,1,1_1,1_1_SF_3682,1_1_SF_3682_8_1
1,2023,3682,SF,1,9,MEDIDA UTILAGE 82mm,,0,1,1_1,1_1_SF_3682,1_1_SF_3682_9_1
1,2023,3682,SF,1,10,GRUESO 1.5mm,,0,1,1_1,1_1_SF_3682,1_1_SF_3682_10_1
1,2023,3683,SF,1,2,5marcos x 4tiras x 3piezas = 60,,0,1,1_1,1_1_SF_3683,1_1_SF_3683_2_1
1,2023,3683,SF,1,3,CALENTAR 230º 1MARCO,,0,1,1_1,1_1_SF_3683,1_1_SF_3683_3_1
1,2023,3683,SF,1,4,COCER 200º 2MARCOS,,0,1,1_1,1_1_SF_3683,1_1_SF_3683_4_1
1,2023,3683,SF,1,5,"FRECUENCIA 300""",,0,1,1_1,1_1_SF_3683,1_1_SF_3683_5_1
1,2023,3683,SF,1,6,"PARADA 45""",,0,1,1_1,1_1_SF_3683,1_1_SF_3683_6_1
1,2023,3683,SF,1,7,INMERSOR BAJADA RAPIDA -SUBIDA LENTA,,0,1,1_1,1_1_SF_3683,1_1_SF_3683_7_1
1,2023,3683,SF,1,8,"INMERSOR PARADO ABAJO 0""",,0,1,1_1,1_1_SF_3683,1_1_SF_3683_8_1
1,2023,3683,SF,1,9,MEDIDA UTILAGE 82mm,,0,1,1_1,1_1_SF_3683,1_1_SF_3683_9_1
1,2023,3683,SF,1,10,GRUESO 1.5mm,,0,1,1_1,1_1_SF_3683,1_1_SF_3683_10_1
1,2023,3683,SF,1,11,EMPAQUETAR CAJAS PEQUEÑAS,,0,1,1_1,1_1_SF_3683,1_1_SF_3683_11_1
1,2023,3684,SF,1,2,5marcos x 3tiras x 6piezas = 90,,0,1,1_1,1_1_SF_3684,1_1_SF_3684_2_1
1,2023,3684,SF,1,3,CALENTAR 230º 1MARCO,,0,1,1_1,1_1_SF_3684,1_1_SF_3684_3_1
1,2023,3684,SF,1,4,COCER 200º 2MARCOS,,0,1,1_1,1_1_SF_3684,1_1_SF_3684_4_1
1,2023,3684,SF,1,5,"FRECUENCIA 300""",,0,1,1_1,1_1_SF_3684,1_1_SF_3684_5_1
1,2023,3684,SF,1,6,"PARADA 45""",,0,1,1_1,1_1_SF_3684,1_1_SF_3684_6_1
1,2023,3684,SF,1,7,INMERSOR BAJADA RAPIDA-SUBIDA LENTA,,0,1,1_1,1_1_SF_3684,1_1_SF_3684_7_1
1,2023,3684,SF,1,8,"INMERSOR PARADA ABAJO 0""",,0,1,1_1,1_1_SF_3684,1_1_SF_3684_8_1
1,2023,3684,SF,1,9,MEDIDA UTILAGE 82mm,,0,1,1_1,1_1_SF_3684,1_1_SF_3684_9_1
1,2023,3684,SF,1,10,GRUESO 1.5mm,,0,1,1_1,1_1_SF_3684,1_1_SF_3684_10_1
1,2023,3685,SF,1,2,5marcos x 3tiras x 5piezas = 75,,0,1,1_1,1_1_SF_3685,1_1_SF_3685_2_1
1,2023,3685,SF,1,3,5marcos x 3tiras x 5piezas = 75,,0,1,1_1,1_1_SF_3685,1_1_SF_3685_3_1
1,2023,3685,SF,1,4,COCER 200º 2MARCOS,,0,1,1_1,1_1_SF_3685,1_1_SF_3685_4_1
1,2023,3685,SF,1,5,"FRECUNCIA 300""",,0,1,1_1,1_1_SF_3685,1_1_SF_3685_5_1
1,2023,3685,SF,1,6,"PARADA 45""",,0,1,1_1,1_1_SF_3685,1_1_SF_3685_6_1
1,2023,3685,SF,1,7,INMERSOR BAJADA RAPIDA - SUBIDA LENTA,,0,1,1_1,1_1_SF_3685,1_1_SF_3685_7_1
1,2023,3685,SF,1,8,"INMERSOR PARADO ABAJO 0""",,0,1,1_1,1_1_SF_3685,1_1_SF_3685_8_1
1,2023,3685,SF,1,9,MEDIDA UTILAGE 82mm,,0,1,1_1,1_1_SF_3685,1_1_SF_3685_9_1
1,2023,3685,SF,1,10,GRUESO 1.5mm,,0,1,1_1,1_1_SF_3685,1_1_SF_3685_10_1
1,2023,3686,SF,1,2,5marco x 3tiras x 3piezas = 45,,0,1,1_1,1_1_SF_3686,1_1_SF_3686_2_1
1,2023,23000372,EC,1,2,1 Rollo,,1,1,1_1,1_1_EC_23000372,1_1_EC_23000372_2_1
1,2023,23000336,EC,1,6,PT-699058............................NUEVO,,1,1,1_1,1_1_EC_23000336,1_1_EC_23000336_6_1
1,2023,23000408,PV,1,2,6 rollos,,0,1,1_1,1_1_PV_23000408,1_1_PV_23000408_2_1
1,2023,23000479,SV,1,2,6 rollos,,1,1,1_1,1_1_SV_23000479,1_1_SV_23000479_2_1
1,2023,23000336,EC,1,8,PT-699059...........................NUEVO,,1,1,1_1,1_1_EC_23000336,1_1_EC_23000336_8_1
1,2023,23000336,EC,1,10,PT-274036,,1,1,1_1,1_1_EC_23000336,1_1_EC_23000336_10_1
1,2023,23000336,EC,1,12,PT-675065,,1,1,1_1,1_1_EC_23000336,1_1_EC_23000336_12_1
1,2023,23000360,EC,1,2,Heat YH CX-2005-WG Lot 2306676 D6,,1,1,1_1,1_1_EC_23000360,1_1_EC_23000360_2_1
1,2023,23000365,EC,1,2,B85D32D95,,1,1,1_1,1_1_EC_23000365,1_1_EC_23000365_2_1
1,2023,3686,SF,1,3,CALENTAR 230º 1MARCO,,0,1,1_1,1_1_SF_3686,1_1_SF_3686_3_1
1,2023,3686,SF,1,4,COCER 200º 2MARCOS,,0,1,1_1,1_1_SF_3686,1_1_SF_3686_4_1
1,2023,3686,SF,1,5,"FRECUENCIA 300""",,0,1,1_1,1_1_SF_3686,1_1_SF_3686_5_1
1,2023,3686,SF,1,6,"PARADA 45""",,0,1,1_1,1_1_SF_3686,1_1_SF_3686_6_1
1,2023,3686,SF,1,7,INMERSOR BAJADA RAPIDA -SUBIDA LENTA,,0,1,1_1,1_1_SF_3686,1_1_SF_3686_7_1
1,2023,3686,SF,1,8,"INMERSOR PARADO ABAJO 0""",,0,1,1_1,1_1_SF_3686,1_1_SF_3686_8_1
1,2023,3686,SF,1,9,MEDIDA UTILAGE 82mm,,0,1,1_1,1_1_SF_3686,1_1_SF_3686_9_1
1,2023,3686,SF,1,10,GRUESO 1.5mm,,0,1,1_1,1_1_SF_3686,1_1_SF_3686_10_1
1,2023,3686,SF,1,11,EMPAQUETAR EN CAJAS PEQUEÑAS,,0,1,1_1,1_1_SF_3686,1_1_SF_3686_11_1
1,2023,3687,SF,1,2,5marco x 3tiras x 1pieza = 15,,0,1,1_1,1_1_SF_3687,1_1_SF_3687_2_1
1,2023,3687,SF,1,3,CALENTAR 230º 1MARCO,,0,1,1_1,1_1_SF_3687,1_1_SF_3687_3_1
1,2023,3687,SF,1,4,COCER 200º 2MARCOS,,0,1,1_1,1_1_SF_3687,1_1_SF_3687_4_1
1,2023,3687,SF,1,5,"FRECUENCIA 300""",,0,1,1_1,1_1_SF_3687,1_1_SF_3687_5_1
1,2023,3687,SF,1,6,"PARADA 45""",,0,1,1_1,1_1_SF_3687,1_1_SF_3687_6_1
1,2023,3687,SF,1,7,INMERSOR BAJADA RAPIDA -SUBIDA LENTA,,0,1,1_1,1_1_SF_3687,1_1_SF_3687_7_1
1,2023,3687,SF,1,8,"INMERSOR PARADO ABAJO 0""",,0,1,1_1,1_1_SF_3687,1_1_SF_3687_8_1
1,2023,3687,SF,1,9,MEDIDA UTILAGE 82mm,,0,1,1_1,1_1_SF_3687,1_1_SF_3687_9_1
1,2023,3687,SF,1,10,GRUESO 1.5mm,,0,1,1_1,1_1_SF_3687,1_1_SF_3687_10_1
1,2023,3688,SF,1,2,5marcos x 2tiras x 1pieza = 10,,0,1,1_1,1_1_SF_3688,1_1_SF_3688_2_1
1,2023,3688,SF,1,3,CALENTAR 230º 1MARCO,,0,1,1_1,1_1_SF_3688,1_1_SF_3688_3_1
1,2023,3688,SF,1,4,COCER 200º 2MARCOS,,0,1,1_1,1_1_SF_3688,1_1_SF_3688_4_1
1,2023,3688,SF,1,5,"FRECUENCIA 300""",,0,1,1_1,1_1_SF_3688,1_1_SF_3688_5_1
1,2023,3688,SF,1,6,"PARADA 45""",,0,1,1_1,1_1_SF_3688,1_1_SF_3688_6_1
1,2023,3688,SF,1,7,INMERSOR BAJADA RAPIDA -SUBIDA LENTA,,0,1,1_1,1_1_SF_3688,1_1_SF_3688_7_1
1,2023,3688,SF,1,8,"INMERSOR PARADO ABAJO 0""",,0,1,1_1,1_1_SF_3688,1_1_SF_3688_8_1
1,2023,3688,SF,1,9,MEDIDA UTILAGE 82mm,,0,1,1_1,1_1_SF_3688,1_1_SF_3688_9_1
1,2023,3688,SF,1,10,GRUESO 1.5mm,,0,1,1_1,1_1_SF_3688,1_1_SF_3688_10_1
1,2023,23000415,EC,1,2,PT-569044,,1,1,1_1,1_1_EC_23000415,1_1_EC_23000415_2_1
1,2023,23000407,EC,1,2,EXTRUSIONADO EN ROLLO,,1,1,1_1,1_1_EC_23000407,1_1_EC_23000407_2_1
1,2023,23000475,SV,1,2,5MT CABLE,,1,1,1_1,1_1_SV_23000475,1_1_SV_23000475_2_1
1,2023,23000347,EC,1,2,S/ART. I24008,,1,1,1_1,1_1_EC_23000347,1_1_EC_23000347_2_1
1,2023,23000368,EC,1,2,REPARAR MODIFICAR PARA SOLDAR PINZA 3c,,1,1,1_1,1_1_EC_23000368,1_1_EC_23000368_2_1
1,2023,23000356,EC,1,2,PT-604770,,1,1,1_1,1_1_EC_23000356,1_1_EC_23000356_2_1
1,2023,23000356,EC,1,4,OBSERVACIONES,,1,1,1_1,1_1_EC_23000356,1_1_EC_23000356_4_1
1,2023,3689,SF,1,2,CALENTAR 2 MARCOS 150o,,0,1,1_1,1_1_SF_3689,1_1_SF_3689_2_1
1,2023,3689,SF,1,3,COCER 2 MARCOS 210o,,0,1,1_1,1_1_SF_3689,1_1_SF_3689_3_1
1,2023,3689,SF,1,4,IMPRIMACION CON CESTAS,,0,1,1_1,1_1_SF_3689,1_1_SF_3689_4_1
1,2023,3689,SF,1,5,MEDIDA PLASTISOL 115mm APROX.,,0,1,1_1,1_1_SF_3689,1_1_SF_3689_5_1
1,2023,3689,SF,1,6,2 PEINES DE 20 GANCHOS,,0,1,1_1,1_1_SF_3689,1_1_SF_3689_6_1
1,2023,3689,SF,1,7,RF.2012-MEDIDA PLAST.100mm. APROX.,,0,1,1_1,1_1_SF_3689,1_1_SF_3689_7_1
1,2023,3689,SF,1,8,RF.1012-MEDIDA PLAST. 90mm. APROX.,,0,1,1_1,1_1_SF_3689,1_1_SF_3689_8_1
1,2023,3689,SF,1,9,"INMERSOR 6""",,0,1,1_1,1_1_SF_3689,1_1_SF_3689_9_1
1,2023,23000341,EC,1,2,SM380 2 cajas de 800ud Lote 92105,,1,1,1_1,1_1_EC_23000341,1_1_EC_23000341_2_1
1,2023,23000341,EC,1,4,SM85 4 cajas de 4000ud Lote 47127,,1,1,1_1,1_1_EC_23000341,1_1_EC_23000341_4_1
1,2023,23000341,EC,1,6,CA160 2 cajas de 2000ud Lote 12084,,1,1,1_1,1_1_EC_23000341,1_1_EC_23000341_6_1
1,2023,23000341,EC,1,8,CA160 2 cajas de 1000ud Lote 12022,,1,1,1_1,1_1_EC_23000341,1_1_EC_23000341_8_1
1,2023,23000341,EC,1,10,CA160 2 cajas de 2000ud Lote 12022,,1,1,1_1,1_1_EC_23000341,1_1_EC_23000341_10_1
1,2023,3680,SF,1,7,INMERSOR BAJADA RAPIDA -SUBIDA LENTA,,0,1,1_1,1_1_SF_3680,1_1_SF_3680_7_1
1,2023,3680,SF,1,8,"INMERSOR PARADO ABAJO 0""",,0,1,1_1,1_1_SF_3680,1_1_SF_3680_8_1
1,2023,3680,SF,1,9,MEDIDA UTILAGE 82mm,,0,1,1_1,1_1_SF_3680,1_1_SF_3680_9_1
1,2023,3680,SF,1,10,GRUESO 1.5mm,,0,1,1_1,1_1_SF_3680,1_1_SF_3680_10_1
1,2023,23000222,PC,1,2,Heat YH CX-2005-WG Lot 2306676 D6,,0,1,1_1,1_1_PC_23000222,1_1_PC_23000222_2_1
1,2023,23000222,PC,1,4,"Heat YH CX-2237-WG Lot 2306077 C/9,5",,0,1,1_1,1_1_PC_23000222,1_1_PC_23000222_4_1
1,2023,23000222,PC,1,6,"Heat YH CX-2237-WG Lot 2306078 C/9,5",,0,1,1_1,1_1_PC_23000222,1_1_PC_23000222_6_1
1,2023,23000222,PC,1,8,"Heat YH CX-2237-WG Lot 2306078 C/9,5",,0,1,1_1,1_1_PC_23000222,1_1_PC_23000222_8_1
1,2023,23000222,PC,1,10,YH CX-2277-WG Lot 2306079 D4,,0,1,1_1,1_1_PC_23000222,1_1_PC_23000222_10_1
1,2023,23000222,PC,1,12,"3 piezas de 250mm (29,10/pieza)",,0,1,1_1,1_1_PC_23000222,1_1_PC_23000222_12_1
1,2023,23000222,PC,1,13,Heat F2013-06-77 Lot F2023-06-05,,0,1,1_1,1_1_PC_23000222,1_1_PC_23000222_13_1
1,2023,23000222,PC,1,15,Heat 2301055 Lot 2300560 D6,,0,1,1_1,1_1_PC_23000222,1_1_PC_23000222_15_1
1,2023,23000420,PV,1,2,x300 (Partiendo de un tubo L600),,0,1,1_1,1_1_PV_23000420,1_1_PV_23000420_2_1
1,2023,3646,SF,1,1,sensa material,,0,1,1_1,1_1_SF_3646,1_1_SF_3646_1_1
1,2023,3648,SF,1,1,sensa material,,0,1,1_1,1_1_SF_3648,1_1_SF_3648_1_1
1,2023,3649,SF,1,1,sensa material,,0,1,1_1,1_1_SF_3649,1_1_SF_3649_1_1
1,2023,23000469,SV,1,2,x300 (Partiendo de un tubo L600),,1,1,1_1,1_1_SV_23000469,1_1_SV_23000469_2_1
1,2023,23000468,SV,1,6,CONTACT: GUILBERT NATHAN,,1,1,1_1,1_1_SV_23000468,1_1_SV_23000468_6_1
1,2023,23000463,SV,1,2,"CAMBIO TELA INOX304 HILO 1,25 LUZ 7,10",,1,1,1_1,1_1_SV_23000463,1_1_SV_23000463_2_1
1,2023,23000407,PV,1,6,Taric: 8108909099,,0,1,1_1,1_1_PV_23000407,1_1_PV_23000407_6_1
1,2023,23000407,PV,1,7,Condiciones de envío: EXWORKS,,0,1,1_1,1_1_PV_23000407,1_1_PV_23000407_7_1
1,2023,23000380,EC,1,1,MANTENIMENTI EQUIPS INFORMATICS AGOST,,1,1,1_1,1_1_EC_23000380,1_1_EC_23000380_1_1
1,2023,3681,SF,1,2,5marcos x 4tiras x 6piezas = 120,,0,1,1_1,1_1_SF_3681,1_1_SF_3681_2_1
1,2023,3681,SF,1,3,CALENTAR 230º 1MARCO,,0,1,1_1,1_1_SF_3681,1_1_SF_3681_3_1
1,2023,23000345,EC,1,1,REPARAR Y ACONDICIONAR CUBIERTA,,1,1,1_1,1_1_EC_23000345,1_1_EC_23000345_1_1
1,2023,23000345,EC,1,2,"TOTAL PRESUPUESTO 8.553,00.-",,1,1,1_1,1_1_EC_23000345,1_1_EC_23000345_2_1
1,2023,23000345,EC,1,3,50% ACEPTACION PEDIDO,,1,1,1_1,1_1_EC_23000345,1_1_EC_23000345_3_1
1,2023,3681,SF,1,4,COCER 200º 2MARCOS,,0,1,1_1,1_1_SF_3681,1_1_SF_3681_4_1
1,2023,3681,SF,1,5,"FRECUENCIA 300""",,0,1,1_1,1_1_SF_3681,1_1_SF_3681_5_1
1,2023,3681,SF,1,6,"PARADA 45""",,0,1,1_1,1_1_SF_3681,1_1_SF_3681_6_1
1,2023,3681,SF,1,7,INMERSOR BAJADA RAPIDA -SUBIDA LENTA,,0,1,1_1,1_1_SF_3681,1_1_SF_3681_7_1
1,2023,3681,SF,1,8,"INMERSOR PARADO ABAJO 0""",,0,1,1_1,1_1_SF_3681,1_1_SF_3681_8_1
1,2023,3681,SF,1,9,MEDIDA UTILAGE 82mm,,0,1,1_1,1_1_SF_3681,1_1_SF_3681_9_1
1,2023,3681,SF,1,10,GRUESO 1.5mm,,0,1,1_1,1_1_SF_3681,1_1_SF_3681_10_1
1,2023,3693,SF,1,2,5marcos x 4tiras x 5piezas = 100,,0,1,1_1,1_1_SF_3693,1_1_SF_3693_2_1
1,2023,3693,SF,1,3,CALENTAR 230º 1MARCO,,0,1,1_1,1_1_SF_3693,1_1_SF_3693_3_1
1,2023,3693,SF,1,4,COCER 200º 2MARCOS,,0,1,1_1,1_1_SF_3693,1_1_SF_3693_4_1
1,2023,3693,SF,1,5,"FRECUENCIA 300""",,0,1,1_1,1_1_SF_3693,1_1_SF_3693_5_1
1,2023,3693,SF,1,6,"PARADA 45""",,0,1,1_1,1_1_SF_3693,1_1_SF_3693_6_1
1,2023,3693,SF,1,7,INMERSOR BAJADA RAPIDA -SUBIDA LENTA,,0,1,1_1,1_1_SF_3693,1_1_SF_3693_7_1
1,2023,3693,SF,1,8,"INMERSOR PARADO ABAJO 0""",,0,1,1_1,1_1_SF_3693,1_1_SF_3693_8_1
1,2023,3693,SF,1,9,MEDIDA UTILAGE 82mm,,0,1,1_1,1_1_SF_3693,1_1_SF_3693_9_1
1,2023,3693,SF,1,10,GRUESO 1.5mm,,0,1,1_1,1_1_SF_3693,1_1_SF_3693_10_1
1,2023,23000463,PV,1,2,PL300(100),,0,1,1_1,1_1_PV_23000463,1_1_PV_23000463_2_1
1,2023,23000382,EC,1,1,MOUSE LOGITECH M185(INALAMBRIC) GRANATE),,1,1,1_1,1_1_EC_23000382,1_1_EC_23000382_1_1
1,2023,23000427,PV,1,2,INCOLOY-825 4000W 400V III 9684H,,0,1,1_1,1_1_PV_23000427,1_1_PV_23000427_2_1
1,2023,23000428,PV,1,2,CON 3 METROS DE CABLE,,0,1,1_1,1_1_PV_23000428,1_1_PV_23000428_2_1
1,2023,23000484,SV,1,2,INCOLOY-825 4000W 400V III 9684H,,1,1,1_1,1_1_SV_23000484,1_1_SV_23000484_2_1
1,2023,23000331,EC,1,1,PILA BOTO 2450 VARTA,,1,1,1_1,1_1_EC_23000331,1_1_EC_23000331_1_1
1,2023,3696,SF,1,3,CALENTAR 150º,,0,1,1_1,1_1_SF_3696,1_1_SF_3696_3_1
1,2023,3696,SF,1,4,30 min CALENTANDO,,0,1,1_1,1_1_SF_3696,1_1_SF_3696_4_1
1,2023,3696,SF,1,5,CALENTAR 150º,,0,1,1_1,1_1_SF_3696,1_1_SF_3696_5_1
1,2023,3696,SF,1,6,DIAMETRO MAXIMO 66mm,,0,1,1_1,1_1_SF_3696,1_1_SF_3696_6_1
1,2023,3696,SF,1,7,GRUESO MAXIMO 3mm POR LADO,,0,1,1_1,1_1_SF_3696,1_1_SF_3696_7_1
1,2023,3696,SF,1,8,COMPROBAR AMB GALGA D-66,,0,1,1_1,1_1_SF_3696,1_1_SF_3696_8_1
1,2023,23000430,PV,1,2,"ACTIVO 500, CBZAL GOMA",,0,1,1_1,1_1_PV_23000430,1_1_PV_23000430_2_1
1,2023,23000430,PV,1,4,CBZAL GOMA,,0,1,1_1,1_1_PV_23000430,1_1_PV_23000430_4_1
1,2023,23000431,PV,1,2,"A700 CBZA.GOMA, 6MT CABLE, SELLADO",,0,1,1_1,1_1_PV_23000431,1_1_PV_23000431_2_1
1,2023,3664,SF,1,10,10/10191 ARANDELA Ti DIN-125 P/M-10,,0,1,1_1,1_1_SF_3664,1_1_SF_3664_10_1
1,2023,23000407,PV,1,8,Condiciones de venta: CONTADO,,0,1,1_1,1_1_PV_23000407,1_1_PV_23000407_8_1
1,2023,23000468,SV,1,7,COMMANDE: ACH0022622,,1,1,1_1,1_1_SV_23000468,1_1_SV_23000468_7_1
1,2023,23000371,EC,1,2,C90 3 cajas de 4000ud - Lote 47089,,1,1,1_1,1_1_EC_23000371,1_1_EC_23000371_2_1
1,2023,23000371,EC,1,4,C90 5 cajas de 1000ud - Lote 47089,,1,1,1_1,1_1_EC_23000371,1_1_EC_23000371_4_1
1,2023,23000496,SV,1,2,"A700 CBZA.GOMA, 6MT CABLE, SELLADO",,1,1,1_1,1_1_SV_23000496,1_1_SV_23000496_2_1
1,2023,23000433,PV,1,2,INOX316L 4000W 230V 9093H 3MT 2ARANDELAS,,0,1,1_1,1_1_PV_23000433,1_1_PV_23000433_2_1
1,2023,23000256,PC,1,2,PT-701570.....................................NUEVO,,0,1,1_1,1_1_PC_23000256,1_1_PC_23000256_2_1
1,2023,23000371,EC,1,6,CBT20CA  1 Caja - Lote 03943,,1,1,1_1,1_1_EC_23000371,1_1_EC_23000371_6_1
1,2023,23000364,EC,1,3,TOP CABLE POWERFLEX RV-K,,1,1,1_1,1_1_EC_23000364,1_1_EC_23000364_3_1
1,2023,23000357,EC,1,2,PT-701570.....................................NUEVO,,1,1,1_1,1_1_EC_23000357,1_1_EC_23000357_2_1
1,2023,23000433,SV,1,2,TEFLON 600W 230V 10327H 2MT,,1,1,1_1,1_1_SV_23000433,1_1_SV_23000433_2_1
1,2023,23000433,SV,1,3,SIN SOPORTE,,1,1,1_1,1_1_SV_23000433,1_1_SV_23000433_3_1
1,2023,23000434,SV,1,2,TEFLON 2000W 230V 10636H,,1,1,1_1,1_1_SV_23000434,1_1_SV_23000434_2_1
1,2023,23000462,SV,1,2,INOX316L 3000W 220V 6042H 3MT,,1,1,1_1,1_1_SV_23000462,1_1_SV_23000462_2_1
1,2023,23000476,SV,1,2,INOX316l 6000W 440V 10374H,,1,1,1_1,1_1_SV_23000476,1_1_SV_23000476_2_1
1,2023,23000478,SV,1,6,Taric: 8108909099,,1,1,1_1,1_1_SV_23000478,1_1_SV_23000478_6_1
1,2023,23000478,SV,1,7,Condiciones de envío: EXWORKS,,1,1,1_1,1_1_SV_23000478,1_1_SV_23000478_7_1
1,2023,23000478,SV,1,8,Condiciones de venta: CONTADO,,1,1,1_1,1_1_SV_23000478,1_1_SV_23000478_8_1
1,2023,23000243,PC,1,2,6 ROLLOS DE 41kg (10 metros),,0,1,1_1,1_1_PC_23000243,1_1_PC_23000243_2_1
1,2023,23000255,PC,1,1,TUBO AW6060 T66 D20x2 LARGO 6000,,0,1,1_1,1_1_PC_23000255,1_1_PC_23000255_1_1
1,2023,23000255,PC,1,2,"3,43/MT x 6 = 20,58 TUBO",,0,1,1_1,1_1_PC_23000255,1_1_PC_23000255_2_1
1,2023,23000255,PC,1,3,PORTES,,0,1,1_1,1_1_PC_23000255,1_1_PC_23000255_3_1
1,2023,23000358,EC,1,2,2 Rollos de 17 metros,,1,1,1_1,1_1_EC_23000358,1_1_EC_23000358_2_1
1,2023,23000369,EC,1,2,"INACTIVO POR LADO 350mm, ESPIGA M-4",,1,1,1_1,1_1_EC_23000369,1_1_EC_23000369_2_1
1,2023,23000369,EC,1,3,DESPUES HEMOS DE DOBLAR A r20,,1,1,1_1,1_1_EC_23000369,1_1_EC_23000369_3_1
1,2023,23000260,PC,1,2,MZ 5 + PREP. 70,,0,1,1_1,1_1_PC_23000260,1_1_PC_23000260_2_1
1,2023,23000436,PV,1,2,ALARGAR 50mm APOYOS SOPORTE,,0,1,1_1,1_1_PV_23000436,1_1_PV_23000436_2_1
1,2023,23000436,PV,1,3,CAMBIAR TUBO PERFORADO,,0,1,1_1,1_1_PV_23000436,1_1_PV_23000436_3_1
1,2023,23000475,SV,1,4,5MT CABLE,,1,1,1_1,1_1_SV_23000475,1_1_SV_23000475_4_1
1,2023,23000480,SV,1,2,"ACTIVO 500, CBZAL GOMA",,1,1,1_1,1_1_SV_23000480,1_1_SV_23000480_2_1
1,2023,23000441,PV,1,2,INOX316L 4000W 230V 10645H 4MT,,0,1,1_1,1_1_PV_23000441,1_1_PV_23000441_2_1
1,2023,23000442,PV,1,2,Ti 3000W 230V 9668H 8MT 2ARAND.TEF,,0,1,1_1,1_1_PV_23000442,1_1_PV_23000442_2_1
1,2023,23000442,PV,1,3,SIN  SOPORTE,,0,1,1_1,1_1_PV_23000442,1_1_PV_23000442_3_1
1,2023,23000479,PV,1,3,INACTIVO 300,,0,1,1_1,1_1_PV_23000479,1_1_PV_23000479_3_1
1,2023,23000407,EC,1,3,"85-6 1 rollo 63,50kg",,1,1,1_1,1_1_EC_23000407,1_1_EC_23000407_3_1
1,2023,3715,SF,1,8,RETRACTIL TOPE,,0,1,1_1,1_1_SF_3715,1_1_SF_3715_8_1
1,2023,3704,SF,1,11,RETRACTIL TOPE,,0,1,1_1,1_1_SF_3704,1_1_SF_3704_11_1
1,2023,23000264,PC,1,3,TOP CABLE POWERFLEX RV-K,,0,1,1_1,1_1_PC_23000264,1_1_PC_23000264_3_1
1,2023,23000407,EC,1,4,50-3 1 rollo 25kg + 1 rollo 15kg,,1,1,1_1,1_1_EC_23000407,1_1_EC_23000407_4_1
1,2023,23000268,PC,1,2,1 Rollo,,0,1,1_1,1_1_PC_23000268,1_1_PC_23000268_2_1
1,2023,23000271,PC,1,2,CRONODUR PU-90 -A-  (1kg),,0,1,1_1,1_1_PC_23000271,1_1_PC_23000271_2_1
1,2023,23000271,PC,1,3,S/ART. 103201,,0,1,1_1,1_1_PC_23000271,1_1_PC_23000271_3_1
1,2023,23000267,PC,1,2,CBT20CA  1 Caja - Lote 03943,,0,1,1_1,1_1_PC_23000267,1_1_PC_23000267_2_1
1,2023,23000259,PC,1,2,C90 3 cajas de 4000ud - Lote 47089,,0,1,1_1,1_1_PC_23000259,1_1_PC_23000259_2_1
1,2023,23000259,PC,1,4,C90 5 cajas de 1000ud - Lote 47089,,0,1,1_1,1_1_PC_23000259,1_1_PC_23000259_4_1
1,2023,23000684,PV,1,3,DEVUELTO,,0,1,1_1,1_1_PV_23000684,1_1_PV_23000684_3_1
1,2023,23000415,EC,1,4,PT-569045,,1,1,1_1,1_1_EC_23000415,1_1_EC_23000415_4_1
1,2023,23000271,PC,1,5,CRONODUR PU-90 -B-  (1kg),,0,1,1_1,1_1_PC_23000271,1_1_PC_23000271_5_1
1,2023,23000271,PC,1,6,S/ART. 103211,,0,1,1_1,1_1_PC_23000271,1_1_PC_23000271_6_1
1,2023,23000271,PC,1,8,S/ART. 087010,,0,1,1_1,1_1_PC_23000271,1_1_PC_23000271_8_1
1,2023,23000272,PC,1,2,REP PUNZON DOBLAR,,0,1,1_1,1_1_PC_23000272,1_1_PC_23000272_2_1
1,2023,23000480,SV,1,4,CBZAL GOMA,,1,1,1_1,1_1_SV_23000480,1_1_SV_23000480_4_1
1,2023,23000483,SV,1,2,CBZAL.GOMA,,1,1,1_1,1_1_SV_23000483,1_1_SV_23000483_2_1
1,2023,3723,EF,1,1,FABRICACION CALENTADORES MES,,0,1,1_1,1_1_EF_3723,1_1_EF_3723_1_1
1,2023,23000350,EC,1,6,+ DESPLAÇAMENT ZONA 4,,1,1,1_1,1_1_EC_23000350,1_1_EC_23000350_6_1
1,2023,23000351,EC,1,1,CANVIAR CORREAS COMPRESOR BETICO ER-30,,1,1,1_1,1_1_EC_23000351,1_1_EC_23000351_1_1
1,2023,23000351,EC,1,2,HORAMETRO 41360 10/07/2023,,1,1,1_1,1_1_EC_23000351,1_1_EC_23000351_2_1
1,2023,23000352,EC,1,2,6 ROLLOS DE 41kg (10 metros),,1,1,1_1,1_1_EC_23000352,1_1_EC_23000352_2_1
1,2023,23000359,EC,1,1,TUBO AW6060 T66 D20x2 LARGO 6000,,1,1,1_1,1_1_EC_23000359,1_1_EC_23000359_1_1
1,2023,23000359,EC,1,2,"3,43/MT x 6 = 20,58 TUBO",,1,1,1_1,1_1_EC_23000359,1_1_EC_23000359_2_1
1,2023,23000359,EC,1,3,PORTES,,1,1,1_1,1_1_EC_23000359,1_1_EC_23000359_3_1
1,2023,23000360,EC,1,4,"Heat YH CX-2237-WG Lot 2306077 C/9,5",,1,1,1_1,1_1_EC_23000360,1_1_EC_23000360_4_1
1,2023,23000360,EC,1,6,"Heat YH CX-2237-WG Lot 2306078 C/9,5",,1,1,1_1,1_1_EC_23000360,1_1_EC_23000360_6_1
1,2023,23000360,EC,1,8,"Heat YH CX-2237-WG Lot 2306078 C/9,5",,1,1,1_1,1_1_EC_23000360,1_1_EC_23000360_8_1
1,2023,23000360,EC,1,10,YH CX-2277-WG Lot 2306079 D4,,1,1,1_1,1_1_EC_23000360,1_1_EC_23000360_10_1
1,2023,23000353,EC,1,2,CBZAL DE GOMA,,1,1,1_1,1_1_EC_23000353,1_1_EC_23000353_2_1
1,2023,23000353,EC,1,4,"ACTIVO 500, CBZAL GOMA",,1,1,1_1,1_1_EC_23000353,1_1_EC_23000353_4_1
1,2023,23000353,EC,1,6,CBZAL GOMA,,1,1,1_1,1_1_EC_23000353,1_1_EC_23000353_6_1
1,2023,23000369,EC,1,4,MARCAR SEGÚN INDICACIONES,,1,1,1_1,1_1_EC_23000369,1_1_EC_23000369_4_1
1,2023,23000369,EC,1,5,S/REF. F123620,,1,1,1_1,1_1_EC_23000369,1_1_EC_23000369_5_1
1,2023,23000363,EC,1,1,AISI304 TUBO CUADRADO 30x30x2,,1,1,1_1,1_1_EC_23000363,1_1_EC_23000363_1_1
1,2023,23000363,EC,1,2,1 BARRA DE 6000,,1,1,1_1,1_1_EC_23000363,1_1_EC_23000363_2_1
1,2023,23000363,EC,1,4,PORTES,,1,1,1_1,1_1_EC_23000363,1_1_EC_23000363_4_1
1,2023,23000362,EC,1,4,"A700 CBZAL GOMA 5MT CABLE, SELLADO",,1,1,1_1,1_1_EC_23000362,1_1_EC_23000362_4_1
1,2023,23000378,EC,1,4,TRATAMIENTO INCIDENCIA AGUAS CON HIDROCARBUROS (TN),,1,1,1_1,1_1_EC_23000378,1_1_EC_23000378_4_1
1,2023,23000378,EC,1,5,TRTAMIENTO AEITES SUCIOS Y USADOS DE MAQUINARIA (TN),,1,1,1_1,1_1_EC_23000378,1_1_EC_23000378_5_1
1,2023,23000378,EC,1,6,HOJA SEGUIMIENTO,,1,1,1_1,1_1_EC_23000378,1_1_EC_23000378_6_1
1,2023,23000487,SV,1,2,CON 3 METROS DE CABLE,,1,1,1_1,1_1_SV_23000487,1_1_SV_23000487_2_1
1,2023,23000497,SV,1,2,INOX316L 4000W 230V 9093H 3MT 2ARANDELAS,,1,1,1_1,1_1_SV_23000497,1_1_SV_23000497_2_1
1,2023,23000415,EC,1,6,PT-573206,,1,1,1_1,1_1_EC_23000415,1_1_EC_23000415_6_1
1,2023,23000384,EC,1,1,SANICENTRO DESINFECTANTE 5L S/LEJIA,,1,1,1_1,1_1_EC_23000384,1_1_EC_23000384_1_1
1,2023,23000384,EC,1,2,DISNET LEJIA AMARILLA 5LT,,1,1,1_1,1_1_EC_23000384,1_1_EC_23000384_2_1
1,2023,23000346,EC,1,2,CIRCULADOR DE AIRE B90 HABITEX 9016R42,,1,1,1_1,1_1_EC_23000346,1_1_EC_23000346_2_1
1,2023,23000348,EC,1,3,A GRANEL,,1,1,1_1,1_1_EC_23000348,1_1_EC_23000348_3_1
1,2023,23000534,PV,1,2,1060+90 PL210(80),,0,1,1_1,1_1_PV_23000534,1_1_PV_23000534_2_1
1,2023,23000534,SV,1,2,S/CODIGO 120R6,,1,1,1_1,1_1_SV_23000534,1_1_SV_23000534_2_1
1,2023,23000344,EC,1,2,"CAMBIO TELA INOX304 HILO 1,25 LUZ 7,10",,1,1,1_1,1_1_EC_23000344,1_1_EC_23000344_2_1
1,2023,23000335,EC,1,2,3M MDT-A 12/3 - S/ART. 156379,,1,1,1_1,1_1_EC_23000335,1_1_EC_23000335_2_1
1,2023,23000350,EC,1,1,REVISION COMPRESOR BETICO ER-30,,1,1,1_1,1_1_EC_23000350,1_1_EC_23000350_1_1
1,2023,23000350,EC,1,2,HORAMETRO 41360 10/07/2023,,1,1,1_1,1_1_EC_23000350,1_1_EC_23000350_2_1
1,2023,23000350,EC,1,3,REVISION TIPO VISUAL LIMPIEZA EQUIPO Y,,1,1,1_1,1_1_EC_23000350,1_1_EC_23000350_3_1
1,2023,23000350,EC,1,4,COMPROBACION FUNCIONAMIENTO GENERAL,,1,1,1_1,1_1_EC_23000350,1_1_EC_23000350_4_1
1,2023,23000350,EC,1,5,CONTRACTE MANTENIMENT: 1h (M.SANCHEZ),,1,1,1_1,1_1_EC_23000350,1_1_EC_23000350_5_1
1,2023,23000350,EC,1,7,LTS OLI,,1,1,1_1,1_1_EC_23000350,1_1_EC_23000350_7_1
1,2023,23000350,EC,1,8,"JUNTA METALGOMA 1""",,1,1,1_1,1_1_EC_23000350,1_1_EC_23000350_8_1
1,2023,23000351,EC,1,3,CONTRACTE MANTENIMENT: 1h (M.SANCHEZ),,1,1,1_1,1_1_EC_23000351,1_1_EC_23000351_3_1
1,2023,23000351,EC,1,4,+ DESPLAÇAMENT ZONA 4,,1,1,1_1,1_1_EC_23000351,1_1_EC_23000351_4_1
1,2023,23000351,EC,1,5,CORREA,,1,1,1_1,1_1_EC_23000351,1_1_EC_23000351_5_1
1,2023,23000347,EC,1,4,S/ART. I24008,,1,1,1_1,1_1_EC_23000347,1_1_EC_23000347_4_1
1,2023,23000360,EC,1,12,"3 piezas de 250mm (29,10/pieza)",,1,1,1_1,1_1_EC_23000360,1_1_EC_23000360_12_1
1,2023,23000360,EC,1,13,Heat F2013-06-77 Lot F2023-06-05,,1,1,1_1,1_1_EC_23000360,1_1_EC_23000360_13_1
1,2023,23000360,EC,1,15,Heat 2301055 Lot 2300560 D6,,1,1,1_1,1_1_EC_23000360,1_1_EC_23000360_15_1
1,2023,23000379,EC,1,1,ARRENDAMNET CONTENÏDOR,,1,1,1_1,1_1_EC_23000379,1_1_EC_23000379_1_1
1,2023,23000379,EC,1,2,RECOLLIDES,,1,1,1_1,1_1_EC_23000379,1_1_EC_23000379_2_1
1,2023,23000379,EC,1,3,FULLS SEGUIMENT,,1,1,1_1,1_1_EC_23000379,1_1_EC_23000379_3_1
1,2023,23000493,SV,1,2,ALARGAR 50mm APOYOS SOPORTE,,1,1,1_1,1_1_SV_23000493,1_1_SV_23000493_2_1
1,2023,23000493,SV,1,3,CAMBIAR TUBO PERFORADO,,1,1,1_1,1_1_SV_23000493,1_1_SV_23000493_3_1
1,2023,23000514,SV,1,2,"PZS 315P38, 315P36, 315040",,1,1,1_1,1_1_SV_23000514,1_1_SV_23000514_2_1
1,2023,23000384,EC,1,3,CONCA MOCHO RECAMBIO ALGODON,,1,1,1_1,1_1_EC_23000384,1_1_EC_23000384_3_1
1,2023,23000384,EC,1,4,DISNET B.ASA AUTOC. 55X60 R-20,,1,1,1_1,1_1_EC_23000384,1_1_EC_23000384_4_1
1,2023,23000385,EC,1,1,VARIS,,1,1,1_1,1_1_EC_23000385,1_1_EC_23000385_1_1
1,2023,23000381,EC,1,1,REVISIO INCIDENCIA: LOCALITZAR I SOLUCIONAR,,1,1,1_1,1_1_EC_23000381,1_1_EC_23000381_1_1
1,2023,23000381,EC,1,2,PROBLEMAS DE RED AMB ELS EQUIPS WINDOWS,,1,1,1_1,1_1_EC_23000381,1_1_EC_23000381_2_1
1,2023,23000381,EC,1,3,CONFIGURAR OPCIONS DE COMPARTICIO I,,1,1,1_1,1_1_EC_23000381,1_1_EC_23000381_3_1
1,2023,23000381,EC,1,4,CREDENCIALS AMB ELS EQUIPS AFECTATS I CREAR,,1,1,1_1,1_1_EC_23000381,1_1_EC_23000381_4_1
1,2023,23000381,EC,1,5,ACCES A LES UNITATS COMPARTIDES DE RED,,1,1,1_1,1_1_EC_23000381,1_1_EC_23000381_5_1
1,2023,23000381,EC,1,6,INSTALAR IMPRESORA CANON (PC-JORDI),,1,1,1_1,1_1_EC_23000381,1_1_EC_23000381_6_1
1,2023,23000381,EC,1,7,TOTAL 2h - ES FACTURA 1h,,1,1,1_1,1_1_EC_23000381,1_1_EC_23000381_7_1
1,2023,23000382,EC,1,3,PC-EULALIA:CANVIAR DIC DUR HD SSD 1Tb CRUCIAL,,1,1,1_1,1_1_EC_23000382,1_1_EC_23000382_3_1
1,2023,23000382,EC,1,4,MX500 I CLONAR,,1,1,1_1,1_1_EC_23000382,1_1_EC_23000382_4_1
1,2023,23000383,EC,1,1,REPERAR PORTATIL-XAVIER: CANVIAR DISC DUR,,1,1,1_1,1_1_EC_23000383,1_1_EC_23000383_1_1
1,2023,23000383,EC,1,2,HD SSD 1Tb CRUCIAL MX500 FORMETJAR I INST-,,1,1,1_1,1_1_EC_23000383,1_1_EC_23000383_2_1
1,2023,23000383,EC,1,3,TALAR SISTEMA OPERATIU I SOFTWARE DEL CLIENT,,1,1,1_1,1_1_EC_23000383,1_1_EC_23000383_3_1
1,2023,23000383,EC,1,4,I ACTUALITZACIONS I CONFIGURACIO,,1,1,1_1,1_1_EC_23000383,1_1_EC_23000383_4_1
1,2023,23000383,EC,1,5,REVISAR INCIDENCIA: REVISAR I LOCALITZAR,,1,1,1_1,1_1_EC_23000383,1_1_EC_23000383_5_1
1,2023,23000383,EC,1,6,"PROBLEMAS DE RED I ACCES AL DOMINI, ENTORN RED,",,1,1,1_1,1_1_EC_23000383,1_1_EC_23000383_6_1
1,2023,23000383,EC,1,7,"SERVIDOR, PERMISOS DE USUARI I RECURSOS",,1,1,1_1,1_1_EC_23000383,1_1_EC_23000383_7_1
1,2023,23000383,EC,1,8,COMPARTITS.,,1,1,1_1,1_1_EC_23000383,1_1_EC_23000383_8_1
1,2023,23000383,EC,1,9,LOCALITZAR PROBLEMA EN EL SREVEI DHCP DEL,,1,1,1_1,1_1_EC_23000383,1_1_EC_23000383_9_1
1,2023,23000383,EC,1,10,ROUTER QUE DONA IPs Y CONFIGUARCIO DE RED,,1,1,1_1,1_1_EC_23000383,1_1_EC_23000383_10_1
1,2023,23000383,EC,1,11,ELS EQUIPS IMPEDIN ACCES ALS USUARIS I A,,1,1,1_1,1_1_EC_23000383,1_1_EC_23000383_11_1
1,2023,23000383,EC,1,12,RECURSOS COMPARTITS DEL SERVIDOR (HI HAVIA,,1,1,1_1,1_1_EC_23000383,1_1_EC_23000383_12_1
1,2023,23000383,EC,1,13,UN PORT TANCAT),,1,1,1_1,1_1_EC_23000383,1_1_EC_23000383_13_1
1,2023,23000383,EC,1,14,4h ES FACTUREN 2h,,1,1,1_1,1_1_EC_23000383,1_1_EC_23000383_14_1
1,2023,23000386,EC,1,1,REVISIO I PASSAR ITV,,1,1,1_1,1_1_EC_23000386,1_1_EC_23000386_1_1
1,2023,23000386,EC,1,2,TAXA ITV,,1,1,1_1,1_1_EC_23000386,1_1_EC_23000386_2_1
1,2023,23000387,EC,1,1,REPARACIO-A LA PART DE DEVANT A LA DRETA,,1,1,1_1,1_1_EC_23000387,1_1_EC_23000387_1_1
1,2023,23000387,EC,1,2,DEIXA TACA AL TERRA,,1,1,1_1,1_1_EC_23000387,1_1_EC_23000387_2_1
1,2023,23000376,EC,1,1,PROTECTOR AUDITIVO OPTIME 3M 683A13,,1,1,1_1,1_1_EC_23000376,1_1_EC_23000376_1_1
1,2023,23000269,PC,1,6,S/ART. I24008,,0,1,1_1,1_1_PC_23000269,1_1_PC_23000269_6_1
1,2023,23000269,PC,1,8,S/ART. I23080664A48,,0,1,1_1,1_1_PC_23000269,1_1_PC_23000269_8_1
1,2023,23000481,PV,1,2,INOX316L 2000W 220V 5765H 10MT,,0,1,1_1,1_1_PV_23000481,1_1_PV_23000481_2_1
1,2023,23000481,PV,1,4,INOX316L 1500W 230V 1263H,,0,1,1_1,1_1_PV_23000481,1_1_PV_23000481_4_1
1,2023,23000488,PV,1,2,x1000,,0,1,1_1,1_1_PV_23000488,1_1_PV_23000488_2_1
1,2023,23000180,PC,1,2,Heat YH CX-2159-WG Lote 2202008 D6,,0,1,1_1,1_1_PC_23000180,1_1_PC_23000180_2_1
1,2023,23000180,PC,1,4,Heat YH CX-2159-WG Lote 2202008 D6,,0,1,1_1,1_1_PC_23000180,1_1_PC_23000180_4_1
1,2023,23000180,PC,1,6,"Heat YH214302 Lote 2206084 Chapa 1,5",,0,1,1_1,1_1_PC_23000180,1_1_PC_23000180_6_1
1,2023,23000180,PC,1,8,Largo 1000,,0,1,1_1,1_1_PC_23000180,1_1_PC_23000180_8_1
1,2023,23000180,PC,1,9,Heat YH5016026508 Lote 2305069,,0,1,1_1,1_1_PC_23000180,1_1_PC_23000180_9_1
1,2023,23000520,SV,1,4,4MT CABLE,,1,1,1_1,1_1_SV_23000520,1_1_SV_23000520_4_1
1,2023,23000390,EC,1,2,"280 TUBOS x 6000mm, 171kg a 34,60/kg",,1,1,1_1,1_1_EC_23000390,1_1_EC_23000390_2_1
1,2023,23000390,EC,1,3,Heat YH202304012 Lot 2304060,,1,1,1_1,1_1_EC_23000390,1_1_EC_23000390_3_1
1,2023,23000390,EC,1,5,"46 TUBOS x 6000mm, 66kg a 28,50/kg",,1,1,1_1,1_1_EC_23000390,1_1_EC_23000390_5_1
1,2023,23000390,EC,1,6,Heat YH202304012 Lote 2304061,,1,1,1_1,1_1_EC_23000390,1_1_EC_23000390_6_1
1,2023,23000390,EC,1,8,En largos de 3000mm,,1,1,1_1,1_1_EC_23000390,1_1_EC_23000390_8_1
1,2023,23000390,EC,1,9,Heat YH2201 Lote 2305043,,1,1,1_1,1_1_EC_23000390,1_1_EC_23000390_9_1
1,2023,23000390,EC,1,11,En largos de 3000mm,,1,1,1_1,1_1_EC_23000390,1_1_EC_23000390_11_1
1,2023,23000390,EC,1,12,Heat YH2206 Lote 2305044,,1,1,1_1,1_1_EC_23000390,1_1_EC_23000390_12_1
1,2023,23000390,EC,1,15,Heat YH CX-2159-WG Lote 2202008 D6,,1,1,1_1,1_1_EC_23000390,1_1_EC_23000390_15_1
1,2023,23000390,EC,1,17,Heat YH CX-2159-WG Lote 2202008 D6,,1,1,1_1,1_1_EC_23000390,1_1_EC_23000390_17_1
1,2023,23000390,EC,1,19,"Heat YH214302 Lote 2206084 Chapa 1,5",,1,1,1_1,1_1_EC_23000390,1_1_EC_23000390_19_1
1,2023,23000390,EC,1,21,Largo 1000,,1,1,1_1,1_1_EC_23000390,1_1_EC_23000390_21_1
1,2023,23000467,PV,1,2,x1200,,0,1,1_1,1_1_PV_23000467,1_1_PV_23000467_2_1
1,2023,23000391,EC,1,1,SONEDAS VENTILADOR PIE 40CM 45W-FRA.232312910,,1,1,1_1,1_1_EC_23000391,1_1_EC_23000391_1_1
1,2023,23000467,PV,1,4,x800,,0,1,1_1,1_1_PV_23000467,1_1_PV_23000467_4_1
1,2023,23000467,PV,1,6,x500,,0,1,1_1,1_1_PV_23000467,1_1_PV_23000467_6_1
1,2023,23000467,PV,1,8,1100x700 4PATAS TUBO D12,,0,1,1_1,1_1_PV_23000467,1_1_PV_23000467_8_1
1,2023,23000286,PC,1,2,S/REF. CM10x500-1750,,0,1,1_1,1_1_PC_23000286,1_1_PC_23000286_2_1
1,2023,23000398,EC,1,2,S/REF. 620A,,1,1,1_1,1_1_EC_23000398,1_1_EC_23000398_2_1
1,2023,23000537,SV,1,2,PL300(100),,1,1,1_1,1_1_SV_23000537,1_1_SV_23000537_2_1
1,2023,23000393,EC,1,1,REPARAR Y ACONDICIONAR CUBIERTA,,1,1,1_1,1_1_EC_23000393,1_1_EC_23000393_1_1
1,2023,23000393,EC,1,2,"TOTAL PRESUPUESTO 8.553,00",,1,1,1_1,1_1_EC_23000393,1_1_EC_23000393_2_1
1,2023,23000393,EC,1,3,50% FINALIZACION TRABAJOS,,1,1,1_1,1_1_EC_23000393,1_1_EC_23000393_3_1
1,2023,23000538,SV,1,2,x1000,,1,1,1_1,1_1_SV_23000538,1_1_SV_23000538_2_1
1,2023,23000536,PV,1,5,5MT CABLE,,0,1,1_1,1_1_PV_23000536,1_1_PV_23000536_5_1
1,2023,3751,SF,1,2,CALENTAR A 185oC 2 MARCO,,0,1,1_1,1_1_SF_3751,1_1_SF_3751_2_1
1,2023,23000390,EC,1,22,Heat YH5016026508 Lote 2305069,,1,1,1_1,1_1_EC_23000390,1_1_EC_23000390_22_1
1,2023,23000223,PC,1,2,YH-CX-2205-WG Lot 2306087 D10,,0,1,1_1,1_1_PC_23000223,1_1_PC_23000223_2_1
1,2023,23000223,PC,1,4,YH-CX-2205-WG Lot 2306088 D10,,0,1,1_1,1_1_PC_23000223,1_1_PC_23000223_4_1
1,2023,23000223,PC,1,6,YH-CX-2205-WG Lot 2306088 D10,,0,1,1_1,1_1_PC_23000223,1_1_PC_23000223_6_1
1,2023,23000245,PC,1,2,YH-CX-2230-WG Lot 2307048 D18,,0,1,1_1,1_1_PC_23000245,1_1_PC_23000245_2_1
1,2023,23000245,PC,1,4,YH-CX-2205-WG Lot 2307049 D10,,0,1,1_1,1_1_PC_23000245,1_1_PC_23000245_4_1
1,2023,23000245,PC,1,6,YH-CX-2159-WG Lot 2307050 D6,,0,1,1_1,1_1_PC_23000245,1_1_PC_23000245_6_1
1,2023,23000275,PC,1,4,BORNES PINZADOS DE M-6 CON TUERCAS Y,,0,1,1_1,1_1_PC_23000275,1_1_PC_23000275_4_1
1,2023,23000275,PC,1,5,ARANDELAS EN LATON,,0,1,1_1,1_1_PC_23000275,1_1_PC_23000275_5_1
1,2023,23000273,PC,1,2,S/REF. 620A,,0,1,1_1,1_1_PC_23000273,1_1_PC_23000273_2_1
1,2023,23000466,PV,1,2,2665+254 PL340(180),,0,1,1_1,1_1_PV_23000466,1_1_PV_23000466_2_1
1,2023,23000265,PC,1,2,YH-CX-2159-WG Lot 2307112 D6,,0,1,1_1,1_1_PC_23000265,1_1_PC_23000265_2_1
1,2023,23000265,PC,1,4,YH-CX-2159-WG Lot 2307113 D15,,0,1,1_1,1_1_PC_23000265,1_1_PC_23000265_4_1
1,2023,23000265,PC,1,6,YH-CX-2304-WG Lot 2307114 D18,,0,1,1_1,1_1_PC_23000265,1_1_PC_23000265_6_1
1,2023,23000265,PC,1,8,YH-CX-2304-WG Lot 2307115 D10,,0,1,1_1,1_1_PC_23000265,1_1_PC_23000265_8_1
1,2023,23000265,PC,1,10,YH-CX-2304-WG Lot 2307114 D18,,0,1,1_1,1_1_PC_23000265,1_1_PC_23000265_10_1
1,2023,23000265,PC,1,12,YH-CX-2304-WG Lot 2307114 D18,,0,1,1_1,1_1_PC_23000265,1_1_PC_23000265_12_1
1,2023,23000265,PC,1,14,YH-CX-2304-WG Lot 2307114 D18,,0,1,1_1,1_1_PC_23000265,1_1_PC_23000265_14_1
1,2023,23000275,PC,1,6,S/REF. 9643E,,0,1,1_1,1_1_PC_23000275,1_1_PC_23000275_6_1
1,2023,23000394,EC,1,1,REVISION 440.000KM Y REVISAR LUZ AVERIA MOTOR,,1,1,1_1,1_1_EC_23000394,1_1_EC_23000394_1_1
1,2023,23000394,EC,1,2,CONECTAR MAQUINA IDS. EFECTUAR DIAGNOSIS Y,,1,1,1_1,1_1_EC_23000394,1_1_EC_23000394_2_1
1,2023,23000394,EC,1,3,"PRUEBAS PRELIMINARES, OBTENER DTC SENSOR",,1,1,1_1,1_1_EC_23000394,1_1_EC_23000394_3_1
1,2023,23000394,EC,1,4,FILTRO PARTICULAS VERIFIACAR SENSOR Y INSTA.,,1,1,1_1,1_1_EC_23000394,1_1_EC_23000394_4_1
1,2023,23000394,EC,1,5,ELECTRICA FILTRO PARTICULAS Y REPARARLA,,1,1,1_1,1_1_EC_23000394,1_1_EC_23000394_5_1
1,2023,23000394,EC,1,6,CAMBIAR FILTRO PARTCULAS Y SENSOR DIFEREN-,,1,1,1_1,1_1_EC_23000394,1_1_EC_23000394_6_1
1,2023,23000394,EC,1,7,CIAL DE PRESION.,,1,1,1_1,1_1_EC_23000394,1_1_EC_23000394_7_1
1,2023,23000394,EC,1,8,SERVICIO PASAR ITV,,1,1,1_1,1_1_EC_23000394,1_1_EC_23000394_8_1
1,2023,23000394,EC,1,9,ITV,,1,1,1_1,1_1_EC_23000394,1_1_EC_23000394_9_1
1,2023,23000394,EC,1,10,VEHICULO SUSTITUCION 10 DIAS X 5,,1,1,1_1,1_1_EC_23000394,1_1_EC_23000394_10_1
1,2023,23000468,PV,1,2,S/ART. 05049016,,0,1,1_1,1_1_PV_23000468,1_1_PV_23000468_2_1
1,2023,23000542,PV,1,2,S/CODI  97,,0,1,1_1,1_1_PV_23000542,1_1_PV_23000542_2_1
1,2023,23000470,PV,1,2,S/CODIGO 120R6,,0,1,1_1,1_1_PV_23000470,1_1_PV_23000470_2_1
1,2023,23000474,PV,1,2,INOX316L 4000W 230V 9445H 3MT 2ARANDELAS,,0,1,1_1,1_1_PV_23000474,1_1_PV_23000474_2_1
1,2023,23000474,PV,1,4,TEFLON 2000W 230V 10632H,,0,1,1_1,1_1_PV_23000474,1_1_PV_23000474_4_1
1,2023,23000474,PV,1,6,TEFLON 2000W 230V 10624H,,0,1,1_1,1_1_PV_23000474,1_1_PV_23000474_6_1
1,2023,23000475,PV,1,2,10x120 + 1x23,,0,1,1_1,1_1_PV_23000475,1_1_PV_23000475_2_1
1,2023,3748,SF,1,10,10/10191 ARANDELA Ti DIN-125 P/M-10,,0,1,1_1,1_1_SF_3748,1_1_SF_3748_10_1
1,2023,3748,SF,1,11,10/10191 ARANDELA Ti DIN-125 P/M-10,,0,1,1_1,1_1_SF_3748,1_1_SF_3748_11_1
1,2023,3751,SF,1,3,COCER A 190oC 3 MARCOS,,0,1,1_1,1_1_SF_3751,1_1_SF_3751_3_1
1,2023,3751,SF,1,4,FRECUENCIA 5'(300) - 1 OPERARIO,,0,1,1_1,1_1_SF_3751,1_1_SF_3751_4_1
1,2023,3751,SF,1,5,MARCOS DE 36 PIEZAS,,0,1,1_1,1_1_SF_3751,1_1_SF_3751_5_1
1,2023,3751,SF,1,6,MEDIDA PLASTISOL 78mm APROX.,,0,1,1_1,1_1_SF_3751,1_1_SF_3751_6_1
1,2023,23000414,EC,1,4,PTE PAPEL DIAN A5 80G LISO 500H,,1,1,1_1,1_1_EC_23000414,1_1_EC_23000414_4_1
1,2023,23000414,EC,1,5,BOLIGRAFO PILOT SUPERGRIP G AZUL NSGGA,,1,1,1_1,1_1_EC_23000414,1_1_EC_23000414_5_1
1,2023,3714,SF,1,10,RETRACTIL TOPE,,0,1,1_1,1_1_SF_3714,1_1_SF_3714_10_1
1,2023,3752,SF,1,2,HORNO CALENTAR 210º 2 MARCOS,,0,1,1_1,1_1_SF_3752,1_1_SF_3752_2_1
1,2023,3752,SF,1,3,HORNO COCER 190º 2 MARCOS,,0,1,1_1,1_1_SF_3752,1_1_SF_3752_3_1
1,2023,3752,SF,1,4,MARCO DE 3 PIEZAS,,0,1,1_1,1_1_SF_3752,1_1_SF_3752_4_1
1,2023,3752,SF,1,5,"UTIL.""U"" 3 PIEZAS",,0,1,1_1,1_1_SF_3752,1_1_SF_3752_5_1
1,2023,3752,SF,1,6,MEDIDA UTILAGE C-14mm,,0,1,1_1,1_1_SF_3752,1_1_SF_3752_6_1
1,2023,3752,SF,1,7,"PLASTISOL PARADO 10""",,0,1,1_1,1_1_SF_3752,1_1_SF_3752_7_1
1,2023,3752,SF,1,8,PIEZA PLASTIFICAR 70mm,,0,1,1_1,1_1_SF_3752,1_1_SF_3752_8_1
1,2023,3752,SF,1,9,PIEZA MAS PLASTISOL GRUESO 6/7mm,,0,1,1_1,1_1_SF_3752,1_1_SF_3752_9_1
1,2023,23000479,PV,1,4,CBZAL GOMA SALIDA LATERAL CON 3MT CABLE,,0,1,1_1,1_1_PV_23000479,1_1_PV_23000479_4_1
1,2023,23000414,EC,1,6,PRI ROLLER ADHESIVO PERMANENTE 10M,,1,1,1_1,1_1_EC_23000414,1_1_EC_23000414_6_1
1,2023,23000414,EC,1,7,CINTA ADHESIVA TRANSPARENTE 33X19,,1,1,1_1,1_1_EC_23000414,1_1_EC_23000414_7_1
1,2023,23000399,EC,1,1,ARRENDAMENT CONTENÏDOR,,1,1,1_1,1_1_EC_23000399,1_1_EC_23000399_1_1
1,2023,23000399,EC,1,2,RECOLLIDES,,1,1,1_1,1_1_EC_23000399,1_1_EC_23000399_2_1
1,2023,23000399,EC,1,3,RECOLLIDES SENSE RESIDUS (NO AVISAT),,1,1,1_1,1_1_EC_23000399,1_1_EC_23000399_3_1
1,2023,23000399,EC,1,4,FULLS SEGUIMENT,,1,1,1_1,1_1_EC_23000399,1_1_EC_23000399_4_1
1,2023,23000396,EC,1,2,YH-CX-2205-WG Lot 2306087 D10,,1,1,1_1,1_1_EC_23000396,1_1_EC_23000396_2_1
1,2023,23000396,EC,1,4,YH-CX-2205-WG Lot 2306088 D10,,1,1,1_1,1_1_EC_23000396,1_1_EC_23000396_4_1
1,2023,23000396,EC,1,6,YH-CX-2205-WG Lot 2306088 D10,,1,1,1_1,1_1_EC_23000396,1_1_EC_23000396_6_1
1,2023,23000396,EC,1,9,YH-CX-2230-WG Lot 2307048 D18,,1,1,1_1,1_1_EC_23000396,1_1_EC_23000396_9_1
1,2023,23000396,EC,1,11,YH-CX-2205-WG Lot 2307049 D10,,1,1,1_1,1_1_EC_23000396,1_1_EC_23000396_11_1
1,2023,23000396,EC,1,13,YH-CX-2159-WG Lot 2307050 D6,,1,1,1_1,1_1_EC_23000396,1_1_EC_23000396_13_1
1,2023,23000396,EC,1,15,YH-CX-2159-WG Lot 2307112 D6,,1,1,1_1,1_1_EC_23000396,1_1_EC_23000396_15_1
1,2023,23000396,EC,1,17,YH-CX-2159-WG Lot 2307113 D15,,1,1,1_1,1_1_EC_23000396,1_1_EC_23000396_17_1
1,2023,23000396,EC,1,19,YH-CX-2304-WG Lot 2307114 D18,,1,1,1_1,1_1_EC_23000396,1_1_EC_23000396_19_1
1,2023,23000396,EC,1,21,YH-CX-2304-WG Lot 2307115 D10,,1,1,1_1,1_1_EC_23000396,1_1_EC_23000396_21_1
1,2023,23000396,EC,1,23,YH-CX-2304-WG Lot 2307114 D18,,1,1,1_1,1_1_EC_23000396,1_1_EC_23000396_23_1
1,2023,23000396,EC,1,25,YH-CX-2304-WG Lot 2307114 D18,,1,1,1_1,1_1_EC_23000396,1_1_EC_23000396_25_1
1,2023,23000482,PV,1,2,EXTRUSIONADO EN ROLLO,,0,1,1_1,1_1_PV_23000482,1_1_PV_23000482_2_1
1,2023,23000482,PV,1,3,"85-6 1 rollo 63,50kg",,0,1,1_1,1_1_PV_23000482,1_1_PV_23000482_3_1
1,2023,23000482,PV,1,4,50-3 1 rollo 25kg + 1 rollo 15kg,,0,1,1_1,1_1_PV_23000482,1_1_PV_23000482_4_1
1,2023,23000482,PV,1,5,"40-3D l rollo 45kg + 1 rollo 41,5kg",,0,1,1_1,1_1_PV_23000482,1_1_PV_23000482_5_1
1,2023,23000528,SV,1,2,S/ART. 05049016,,1,1,1_1,1_1_SV_23000528,1_1_SV_23000528_2_1
1,2023,23000525,SV,1,2,INOX316L 4000W 230V 10645H 4MT,,1,1,1_1,1_1_SV_23000525,1_1_SV_23000525_2_1
1,2023,23000526,SV,1,2,Ti 3000W 230V 9668H 8MT 2ARAND.TEF,,1,1,1_1,1_1_SV_23000526,1_1_SV_23000526_2_1
1,2023,23000283,PC,1,2,TOP CABLE POWERFLEX RV-K,,0,1,1_1,1_1_PC_23000283,1_1_PC_23000283_2_1
1,2023,23000526,SV,1,3,SIN  SOPORTE,,1,1,1_1,1_1_SV_23000526,1_1_SV_23000526_3_1
1,2023,23000531,SV,1,6,TEFLON 2000W 230V 10624H,,1,1,1_1,1_1_SV_23000531,1_1_SV_23000531_6_1
1,2023,23000458,EC,1,4,"4 Piezas 44,4x60 chapa 1,20",,1,1,1_1,1_1_EC_23000458,1_1_EC_23000458_4_1
1,2023,3758,SF,1,1,sensa material,,0,1,1_1,1_1_SF_3758,1_1_SF_3758_1_1
1,2023,23000296,PC,1,3,1 rollo de 17000mm,,0,1,1_1,1_1_PC_23000296,1_1_PC_23000296_3_1
1,2023,23000594,PV,1,2,1500+100 PL180(70-I),,0,1,1_1,1_1_PV_23000594,1_1_PV_23000594_2_1
1,2023,23000395,EC,1,1,REPARAR CIZALLA AGIPLEC MAD.625,,1,1,1_1,1_1_EC_23000395,1_1_EC_23000395_1_1
1,2023,23000395,EC,1,2,"DESMONTAR RECUPERADOR, SUSTITUIR EMPAQUETA-",,1,1,1_1,1_1_EC_23000395,1_1_EC_23000395_2_1
1,2023,23000395,EC,1,3,"DURA, JUNTAS Y VALVULAS. CARGA DE NITOGENO",,1,1,1_1,1_1_EC_23000395,1_1_EC_23000395_3_1
1,2023,23000395,EC,1,4,SE REALIZAN PRUEBAS Y FUNCIONA CORRECTAMENTE.,,1,1,1_1,1_1_EC_23000395,1_1_EC_23000395_4_1
1,2023,23000396,EC,1,27,YH-CX-2304-WG Lot 2307114 D18,,1,1,1_1,1_1_EC_23000396,1_1_EC_23000396_27_1
1,2023,23000278,PC,1,2,SOFAMEL TD-6/4 S/ART.90257,,0,1,1_1,1_1_PC_23000278,1_1_PC_23000278_2_1
1,2023,23000278,PC,1,4,S/ART. 926,,0,1,1_1,1_1_PC_23000278,1_1_PC_23000278_4_1
1,2023,23000277,PC,1,2,INACTIVO 300,,0,1,1_1,1_1_PC_23000277,1_1_PC_23000277_2_1
1,2023,23000277,PC,1,3,CBZAL GOMA SALIDA LATERAL 3MT CABLE,,0,1,1_1,1_1_PC_23000277,1_1_PC_23000277_3_1
1,2023,23000281,PC,1,2,EXTRUSIONADO EN ROLLO,,0,1,1_1,1_1_PC_23000281,1_1_PC_23000281_2_1
1,2023,23000400,EC,1,1,MANTENIMENT EQUIPS INFORMATICS SETEMBRE,,1,1,1_1,1_1_EC_23000400,1_1_EC_23000400_1_1
1,2023,23000401,EC,1,1,ALARGO MINI JACK 5Mtrs.,,1,1,1_1,1_1_EC_23000401,1_1_EC_23000401_1_1
1,2023,23000402,EC,1,1,LIMPIEZA CALLE Y CARGAR DOS CONTAINERS DE BASURA,,1,1,1_1,1_1_EC_23000402,1_1_EC_23000402_1_1
1,2023,23000389,EC,1,2,S/ART. I23080664A48,,1,1,1_1,1_1_EC_23000389,1_1_EC_23000389_2_1
1,2023,23000388,EC,1,2,S/ART. I24008,,1,1,1_1,1_1_EC_23000388,1_1_EC_23000388_2_1
1,2023,23000388,EC,1,4,S/REF. I24008,,1,1,1_1,1_1_EC_23000388,1_1_EC_23000388_4_1
1,2023,23000388,EC,1,6,S/ART. I24008,,1,1,1_1,1_1_EC_23000388,1_1_EC_23000388_6_1
1,2023,23000480,PV,1,2,MONTAR TC NUEVA Y PLASTISOLAR,,0,1,1_1,1_1_PV_23000480,1_1_PV_23000480_2_1
1,2023,23000514,PV,1,3,CON 3MT DE CABLE,,0,1,1_1,1_1_PV_23000514,1_1_PV_23000514_3_1
1,2023,23000539,SV,1,3,INACTIVO 300,,1,1,1_1,1_1_SV_23000539,1_1_SV_23000539_3_1
1,2023,23000539,SV,1,4,CBZAL GOMA SALIDA LATERAL CON 3MT CABLE,,1,1,1_1,1_1_SV_23000539,1_1_SV_23000539_4_1
1,2023,23000280,PC,1,2,PT-569044,,0,1,1_1,1_1_PC_23000280,1_1_PC_23000280_2_1
1,2023,23000280,PC,1,4,PT-569045,,0,1,1_1,1_1_PC_23000280,1_1_PC_23000280_4_1
1,2023,23000280,PC,1,6,PT-573206,,0,1,1_1,1_1_PC_23000280,1_1_PC_23000280_6_1
1,2023,23000281,PC,1,3,"85-6 1 rollo 63,50kg",,0,1,1_1,1_1_PC_23000281,1_1_PC_23000281_3_1
1,2023,23000281,PC,1,4,50-3 1 rollo 25kg + 1 rollo 15kg,,0,1,1_1,1_1_PC_23000281,1_1_PC_23000281_4_1
1,2023,23000281,PC,1,5,"40-3D l rollo 45kg + 1 rollo 41,5kg",,0,1,1_1,1_1_PC_23000281,1_1_PC_23000281_5_1
1,2023,23000403,EC,1,2,CRONODUR PU-90 -A-  (1kg),,1,1,1_1,1_1_EC_23000403,1_1_EC_23000403_2_1
1,2023,23000403,EC,1,3,S/ART. 103201,,1,1,1_1,1_1_EC_23000403,1_1_EC_23000403_3_1
1,2023,23000403,EC,1,5,CRONODUR PU-90 -B-  (1kg),,1,1,1_1,1_1_EC_23000403,1_1_EC_23000403_5_1
1,2023,23000403,EC,1,6,S/ART. 103211,,1,1,1_1,1_1_EC_23000403,1_1_EC_23000403_6_1
1,2023,23000404,EC,1,2,S/ART. 087010,,1,1,1_1,1_1_EC_23000404,1_1_EC_23000404_2_1
1,2023,3755,SF,1,11,RETRACTIL TOPE,,0,1,1_1,1_1_SF_3755,1_1_SF_3755_11_1
1,2023,3756,SF,1,11,RETRACTIL TOPE,,0,1,1_1,1_1_SF_3756,1_1_SF_3756_11_1
1,2023,23000282,PC,1,2,Gazas 1:1 para fijación mediante bulón o tornillo,,0,1,1_1,1_1_PC_23000282,1_1_PC_23000282_2_1
1,2023,23000282,PC,1,3,S/ART. 51230,,0,1,1_1,1_1_PC_23000282,1_1_PC_23000282_3_1
1,2023,23000405,EC,1,2,"60 sheets of 1,5x1000x2000mm",,1,1,1_1,1_1_EC_23000405,1_1_EC_23000405_2_1
1,2023,23000405,EC,1,3,Heat 230350 Lot 230122,,1,1,1_1,1_1_EC_23000405,1_1_EC_23000405_3_1
1,2023,23000405,EC,1,4,Delivery time: 15 days,,1,1,1_1,1_1_EC_23000405,1_1_EC_23000405_4_1
1,2023,23000405,EC,1,5,Delivery terms: FOB Shanghai SeaPort,,1,1,1_1,1_1_EC_23000405,1_1_EC_23000405_5_1
1,2023,23000405,EC,1,6,"Payment terms: 100% T/T before shipment, presentatión documents",,1,1,1_1,1_1_EC_23000405,1_1_EC_23000405_6_1
1,2023,23000405,EC,1,7,Bank charges in your country at your,,1,1,1_1,1_1_EC_23000405,1_1_EC_23000405_7_1
1,2023,23000405,EC,1,8,Shipping Agent: Schenker China,,1,1,1_1,1_1_EC_23000405,1_1_EC_23000405_8_1
1,2023,23000458,EC,1,5,"8 Piezas 44,4x134,5 chapa 1,50",,1,1,1_1,1_1_EC_23000458,1_1_EC_23000458_5_1
1,2023,23000458,EC,1,6,"8 Piezas 33x134,5 chapa 1,50",,1,1,1_1,1_1_EC_23000458,1_1_EC_23000458_6_1
1,2023,23000455,PV,1,2,"1x400, 1x800",,0,1,1_1,1_1_PV_23000455,1_1_PV_23000455_2_1
1,2023,23000286,PC,1,4,S/REF. 3509310650,,0,1,1_1,1_1_PC_23000286,1_1_PC_23000286_4_1
1,2023,23000523,NF,1,2,24 tubos x 6000mm,,0,1,1_1,1_1_NF_23000523,1_1_NF_23000523_2_1
1,2023,23000410,EC,1,2,22 Chapas de 2000x1000mm,,1,1,1_1,1_1_EC_23000410,1_1_EC_23000410_2_1
1,2023,23000410,EC,1,3,Heat 20218793 Lot 22034002,,1,1,1_1,1_1_EC_23000410,1_1_EC_23000410_3_1
1,2023,23000410,EC,1,5,63 Chapas de 2000x1000mm,,1,1,1_1,1_1_EC_23000410,1_1_EC_23000410_5_1
1,2023,23000410,EC,1,6,Heat 20226747 Lot 22034217,,1,1,1_1,1_1_EC_23000410,1_1_EC_23000410_6_1
1,2023,23000410,EC,1,10,11 Chapas de 2000x1000mm,,1,1,1_1,1_1_EC_23000410,1_1_EC_23000410_10_1
1,2023,23000410,EC,1,11,Heat 20827110 Lot 200314,,1,1,1_1,1_1_EC_23000410,1_1_EC_23000410_11_1
1,2023,23000535,SV,1,2,"1x400, 1x800",,1,1,1_1,1_1_SV_23000535,1_1_SV_23000535_2_1
1,2023,23000567,SV,1,2,Ti 2000W 220V 5764H 10MT,,1,1,1_1,1_1_SV_23000567,1_1_SV_23000567_2_1
1,2023,23000607,SV,1,2,CON SOPORTE ACERO INOX.+PLASTISOL,,1,1,1_1,1_1_SV_23000607,1_1_SV_23000607_2_1
1,2023,23000524,SV,1,2,167 tubos x 6000mm,,1,1,1_1,1_1_SV_23000524,1_1_SV_23000524_2_1
1,2023,23000524,SV,1,3,S/ART. M512345550,,1,1,1_1,1_1_SV_23000524,1_1_SV_23000524_3_1
1,2023,23000524,SV,1,5,34 tubos x 6000mm,,1,1,1_1,1_1_SV_23000524,1_1_SV_23000524_5_1
1,2023,23000524,SV,1,6,S/ART. M512349657,,1,1,1_1,1_1_SV_23000524,1_1_SV_23000524_6_1
1,2023,23000531,PV,1,2,"2x1800, 2x1000, 21x800, 6x600",,0,1,1_1,1_1_PV_23000531,1_1_PV_23000531_2_1
1,2023,23000531,PV,1,4,x1500,,0,1,1_1,1_1_PV_23000531,1_1_PV_23000531_4_1
1,2023,23000377,EC,1,2,REP PUNZON DOBLAR,,1,1,1_1,1_1_EC_23000377,1_1_EC_23000377_2_1
1,2023,23000411,EC,1,1,REPARACION AMOLADORA HITACHI G.18 SE2,,1,1,1_1,1_1_EC_23000411,1_1_EC_23000411_1_1
1,2023,23000411,EC,1,3,TORNILLO GUIA 7379 12.9 M8X30,,1,1,1_1,1_1_EC_23000411,1_1_EC_23000411_3_1
1,2023,23000460,PV,1,2,Devueltos 4 sin reparar,,0,1,1_1,1_1_PV_23000460,1_1_PV_23000460_2_1
1,2023,23000418,EC,1,2,S/REF. CM10x500-1750,,1,1,1_1,1_1_EC_23000418,1_1_EC_23000418_2_1
1,2023,23000496,PV,1,2,S/ART. SV_6223000,,0,1,1_1,1_1_PV_23000496,1_1_PV_23000496_2_1
1,2023,23000300,PC,1,2,CRONODUR PU-90 -A-  (1kg),,0,1,1_1,1_1_PC_23000300,1_1_PC_23000300_2_1
1,2023,23000300,PC,1,3,S/ART. 103201,,0,1,1_1,1_1_PC_23000300,1_1_PC_23000300_3_1
1,2023,23000497,PV,1,2,CAMBIAR TOMAS DE CORRIENTE,,0,1,1_1,1_1_PV_23000497,1_1_PV_23000497_2_1
1,2023,23000288,PC,1,2,10x120 + 1x23,,0,1,1_1,1_1_PC_23000288,1_1_PC_23000288_2_1
1,2023,23000409,EC,1,2,S/ART. 926,,1,1,1_1,1_1_EC_23000409,1_1_EC_23000409_2_1
1,2023,3790,SF,1,2,5marcos x 4tiras x 8piezas = 160,,0,1,1_1,1_1_SF_3790,1_1_SF_3790_2_1
1,2023,3790,SF,1,3,CALENTAR 230º 1MARCO,,0,1,1_1,1_1_SF_3790,1_1_SF_3790_3_1
1,2023,3790,SF,1,4,COCER 200º 2MARCOS,,0,1,1_1,1_1_SF_3790,1_1_SF_3790_4_1
1,2023,3790,SF,1,5,"FRECUENCIA 300""",,0,1,1_1,1_1_SF_3790,1_1_SF_3790_5_1
1,2023,3790,SF,1,6,"PARADA 45""",,0,1,1_1,1_1_SF_3790,1_1_SF_3790_6_1
1,2023,3790,SF,1,7,INMERSOR BAJADA RAPIDA -SUBIDA LENTA,,0,1,1_1,1_1_SF_3790,1_1_SF_3790_7_1
1,2023,3790,SF,1,8,"INMERSOR PARADO ABAJO 0""",,0,1,1_1,1_1_SF_3790,1_1_SF_3790_8_1
1,2023,3790,SF,1,9,MEDIDA UTILAGE 82mm,,0,1,1_1,1_1_SF_3790,1_1_SF_3790_9_1
1,2023,23000408,EC,1,2,TOP CABLE POWERFLEX RV-K,,1,1,1_1,1_1_EC_23000408,1_1_EC_23000408_2_1
1,2023,23000407,EC,1,5,"40-3D l rollo 45kg + 1 rollo 41,5kg",,1,1,1_1,1_1_EC_23000407,1_1_EC_23000407_5_1
1,2023,23000412,EC,1,2,Gazas 1:1 para fijación mediante bulón o tornillo,,1,1,1_1,1_1_EC_23000412,1_1_EC_23000412_2_1
1,2023,23000414,EC,1,9,CARPETA CLASIFICADORA EXACOMPTA 32 DEP,,1,1,1_1,1_1_EC_23000414,1_1_EC_23000414_9_1
1,2023,23000292,PC,1,2,RECUBRIMIENTO TOTAL CON RILSAN GRIS RAL 7040,,0,1,1_1,1_1_PC_23000292,1_1_PC_23000292_2_1
1,2023,23000535,SV,1,4,x1200,,1,1,1_1,1_1_SV_23000535,1_1_SV_23000535_4_1
1,2023,23000535,SV,1,6,x800,,1,1,1_1,1_1_SV_23000535,1_1_SV_23000535_6_1
1,2023,23000535,SV,1,8,x500,,1,1,1_1,1_1_SV_23000535,1_1_SV_23000535_8_1
1,2023,23000300,PC,1,5,CRONODUR PU-90 -B-  (1kg),,0,1,1_1,1_1_PC_23000300,1_1_PC_23000300_5_1
1,2023,23000300,PC,1,6,S/ART. 103211,,0,1,1_1,1_1_PC_23000300,1_1_PC_23000300_6_1
1,2023,23000607,SV,1,3,CBZAL CON 3 MT CABLE,,1,1,1_1,1_1_SV_23000607,1_1_SV_23000607_3_1
1,2023,3790,SF,1,10,GRUESO 1.5mm,,0,1,1_1,1_1_SF_3790,1_1_SF_3790_10_1
1,2023,3791,SF,1,2,5marcos x 4tiras x 6piezas = 120,,0,1,1_1,1_1_SF_3791,1_1_SF_3791_2_1
1,2023,3791,SF,1,3,CALENTAR 230º 1MARCO,,0,1,1_1,1_1_SF_3791,1_1_SF_3791_3_1
1,2023,3791,SF,1,4,COCER 200º 2MARCOS,,0,1,1_1,1_1_SF_3791,1_1_SF_3791_4_1
1,2023,3791,SF,1,5,"FRECUENCIA 300""",,0,1,1_1,1_1_SF_3791,1_1_SF_3791_5_1
1,2023,3791,SF,1,6,"PARADA 45""",,0,1,1_1,1_1_SF_3791,1_1_SF_3791_6_1
1,2023,3791,SF,1,7,INMERSOR BAJADA RAPIDA -SUBIDA LENTA,,0,1,1_1,1_1_SF_3791,1_1_SF_3791_7_1
1,2023,3791,SF,1,8,"INMERSOR PARADO ABAJO 0""",,0,1,1_1,1_1_SF_3791,1_1_SF_3791_8_1
1,2023,3791,SF,1,9,MEDIDA UTILAGE 82mm,,0,1,1_1,1_1_SF_3791,1_1_SF_3791_9_1
1,2023,3791,SF,1,10,GRUESO 1.5mm,,0,1,1_1,1_1_SF_3791,1_1_SF_3791_10_1
1,2023,23000594,PV,1,4,830+120 PL200(90),,0,1,1_1,1_1_PV_23000594,1_1_PV_23000594_4_1
1,2023,23000430,EC,1,2,CRONODUR PU-90 -A-  (1kg),,1,1,1_1,1_1_EC_23000430,1_1_EC_23000430_2_1
1,2023,23000430,EC,1,3,S/ART. 103201,,1,1,1_1,1_1_EC_23000430,1_1_EC_23000430_3_1
1,2023,23000430,EC,1,5,CRONODUR PU-90 -B-  (1kg),,1,1,1_1,1_1_EC_23000430,1_1_EC_23000430_5_1
1,2023,23000430,EC,1,6,S/ART. 103211,,1,1,1_1,1_1_EC_23000430,1_1_EC_23000430_6_1
1,2023,3793,SF,1,2,2 marco x 2tiras x 5piezas = 20,,0,1,1_1,1_1_SF_3793,1_1_SF_3793_2_1
1,2023,3793,SF,1,3,CALENTAR 230º 1MARCO,,0,1,1_1,1_1_SF_3793,1_1_SF_3793_3_1
1,2023,3793,SF,1,4,COCER 200º 2MARCOS,,0,1,1_1,1_1_SF_3793,1_1_SF_3793_4_1
1,2023,3793,SF,1,5,"FRECUENCIA 300""",,0,1,1_1,1_1_SF_3793,1_1_SF_3793_5_1
1,2023,3793,SF,1,6,"PARADA 45""",,0,1,1_1,1_1_SF_3793,1_1_SF_3793_6_1
1,2023,3793,SF,1,7,INMERSOR BAJADA RAPIDA-SUBIDA LENTA,,0,1,1_1,1_1_SF_3793,1_1_SF_3793_7_1
1,2023,3793,SF,1,8,"INMERSOR PARADO ABAJO 0""",,0,1,1_1,1_1_SF_3793,1_1_SF_3793_8_1
1,2023,3793,SF,1,9,MEDIDA UTILAGE 82mm,,0,1,1_1,1_1_SF_3793,1_1_SF_3793_9_1
1,2023,3793,SF,1,10,GRUESO 1.5mm,,0,1,1_1,1_1_SF_3793,1_1_SF_3793_10_1
1,2023,23000543,SV,1,2,Devueltos 4 sin reparar,,1,1,1_1,1_1_SV_23000543,1_1_SV_23000543_2_1
1,2023,23000412,EC,1,3,S/ART. 51230,,1,1,1_1,1_1_EC_23000412,1_1_EC_23000412_3_1
1,2023,23000292,PC,1,3,MENOS 4 PIVOTES/POSICIONADORES,,0,1,1_1,1_1_PC_23000292,1_1_PC_23000292_3_1
1,2023,23000292,PC,1,4,Y LOS 4 TALADROS INFERIORES DE ALOJAMIENTO,,0,1,1_1,1_1_PC_23000292,1_1_PC_23000292_4_1
1,2023,23000292,PC,1,5,COAT500,,0,1,1_1,1_1_PC_23000292,1_1_PC_23000292_5_1
1,2023,23000505,PV,1,2,"ACTIVO 550, CBZAL GOMA 6MT CABLE",,0,1,1_1,1_1_PV_23000505,1_1_PV_23000505_2_1
1,2023,23000545,SV,1,2,INOX316L 2000W 220V 5765H 10MT,,1,1,1_1,1_1_SV_23000545,1_1_SV_23000545_2_1
1,2023,23000545,SV,1,4,INOX316L 1500W 230V 1263H,,1,1,1_1,1_1_SV_23000545,1_1_SV_23000545_4_1
1,2023,23000552,SV,1,2,2665+254 PL340(180),,1,1,1_1,1_1_SV_23000552,1_1_SV_23000552_2_1
1,2023,23000550,SV,1,2,1100x700 4PATAS TUBO D12,,1,1,1_1,1_1_SV_23000550,1_1_SV_23000550_2_1
1,2023,23000430,EC,1,8,CRONOVINEL VE 2050 ( Pote 5kg) S/ART. 051802,,1,1,1_1,1_1_EC_23000430,1_1_EC_23000430_8_1
1,2023,23000300,PC,1,8,CRONOVINEL VE 2050 ( Pote 5kg) S/ART. 051802,,0,1,1_1,1_1_PC_23000300,1_1_PC_23000300_8_1
1,2023,23000300,PC,1,10,,,0,1,1_1,1_1_PC_23000300,1_1_PC_23000300_10_1
1,2023,23000270,PC,1,2,PT-702878.......................................NUEVO,,0,1,1_1,1_1_PC_23000270,1_1_PC_23000270_2_1
1,2023,23000270,PC,1,4,PT-702877......................................NUEVO,,0,1,1_1,1_1_PC_23000270,1_1_PC_23000270_4_1
1,2023,23000588,PV,1,3,SUSTITUIR PINZAS DE TORNILLOS A SOLDADAS,,0,1,1_1,1_1_PV_23000588,1_1_PV_23000588_3_1
1,2023,23000594,SV,1,2,1160+220 PL380(200),,1,1,1_1,1_1_SV_23000594,1_1_SV_23000594_2_1
1,2023,23000560,SV,1,2,"DESMONTAR TIRAS Y ENDEREZAR, VOLVER",,1,1,1_1,1_1_SV_23000560,1_1_SV_23000560_2_1
1,2023,23000560,SV,1,3,A SOLDAR Y COLOCAR TC,,1,1,1_1,1_1_SV_23000560,1_1_SV_23000560_3_1
1,2023,23000500,PV,1,2,DEVOLVEMOS 1 BAST SIN REPARAR,,0,1,1_1,1_1_PV_23000500,1_1_PV_23000500_2_1
1,2023,23000425,EC,1,2,10x120 + 1x23,,1,1,1_1,1_1_EC_23000425,1_1_EC_23000425_2_1
1,2023,23000542,PV,1,4,S/CODI  63,,0,1,1_1,1_1_PV_23000542,1_1_PV_23000542_4_1
1,2023,23000430,EC,1,10,,,1,1,1_1,1_1_EC_23000430,1_1_EC_23000430_10_1
1,2023,23000428,EC,1,2,MTRS DE MANGUERA T20EPDM 10X17MM,,1,1,1_1,1_1_EC_23000428,1_1_EC_23000428_2_1
1,2023,3792,SF,1,2,5marcos x 4tiras x 5piezas = 100,,0,1,1_1,1_1_SF_3792,1_1_SF_3792_2_1
1,2023,3792,SF,1,3,CALENTAR 230º 1MARCO,,0,1,1_1,1_1_SF_3792,1_1_SF_3792_3_1
1,2023,3792,SF,1,4,COCER 200º 2MARCOS,,0,1,1_1,1_1_SF_3792,1_1_SF_3792_4_1
1,2023,3792,SF,1,5,"FRECUENCIA 300""",,0,1,1_1,1_1_SF_3792,1_1_SF_3792_5_1
1,2023,3792,SF,1,6,"PARADA 45""",,0,1,1_1,1_1_SF_3792,1_1_SF_3792_6_1
1,2023,3792,SF,1,7,INMERSOR BAJADA RAPIDA -SUBIDA LENTA,,0,1,1_1,1_1_SF_3792,1_1_SF_3792_7_1
1,2023,3792,SF,1,8,"INMERSOR PARADO ABAJO 0""",,0,1,1_1,1_1_SF_3792,1_1_SF_3792_8_1
1,2023,3792,SF,1,9,MEDIDA UTILAGE 82mm,,0,1,1_1,1_1_SF_3792,1_1_SF_3792_9_1
1,2023,3792,SF,1,10,FLEXO TOPE,,0,1,1_1,1_1_SF_3792,1_1_SF_3792_10_1
1,2023,23000527,PV,1,2,INOX316 3000W 400V III 8885H,,0,1,1_1,1_1_PV_23000527,1_1_PV_23000527_2_1
1,2023,23000299,PC,1,3,CON 3MT DE CABLE,,0,1,1_1,1_1_PC_23000299,1_1_PC_23000299_3_1
1,2023,23000443,EC,1,2,S/ART. QJC25,,1,1,1_1,1_1_EC_23000443,1_1_EC_23000443_2_1
1,2023,23000397,EC,1,2,MZ 5 + PREP. 70,,1,1,1_1,1_1_EC_23000397,1_1_EC_23000397_2_1
1,2023,3849,SF,1,2,CALENTAR A 175º 1 MARCOS,,0,1,1_1,1_1_SF_3849,1_1_SF_3849_2_1
1,2023,3849,SF,1,3,COCER 185º 3 MARCOS,,0,1,1_1,1_1_SF_3849,1_1_SF_3849_3_1
1,2023,23000463,EC,1,2,Heat YH CX-2205-WG Lot 2309051 D10,,1,1,1_1,1_1_EC_23000463,1_1_EC_23000463_2_1
1,2023,23000537,PV,1,2,CBZA GOMA CON 3 MT DE CABLE,,0,1,1_1,1_1_PV_23000537,1_1_PV_23000537_2_1
1,2023,23000443,EC,1,4,POLIURETANO GRIS TB Mod 500G2P TALLA 9,,1,1,1_1,1_1_EC_23000443,1_1_EC_23000443_4_1
1,2023,23000539,PV,1,2,S/ART. 00208-0005,,0,1,1_1,1_1_PV_23000539,1_1_PV_23000539_2_1
1,2023,23000427,EC,1,2,PT-702878.......................................NUEVO,,1,1,1_1,1_1_EC_23000427,1_1_EC_23000427_2_1
1,2023,23000427,EC,1,4,PT-702877......................................NUEVO,,1,1,1_1,1_1_EC_23000427,1_1_EC_23000427_4_1
1,2023,23000313,PC,1,2,"INACTIVO POR LADO 300mm, ESPIGA M-4",,0,1,1_1,1_1_PC_23000313,1_1_PC_23000313_2_1
1,2023,23000313,PC,1,3,DESPUES HEMOS DE DOBLAR A r20,,0,1,1_1,1_1_PC_23000313,1_1_PC_23000313_3_1
1,2023,23000313,PC,1,4,MARCAR SEGÚN INDICACIONES,,0,1,1_1,1_1_PC_23000313,1_1_PC_23000313_4_1
1,2023,23000313,PC,1,5,S/REF. C144743,,0,1,1_1,1_1_PC_23000313,1_1_PC_23000313_5_1
1,2023,23000588,PV,1,4,REPONER LAS QUE FALTAN,,0,1,1_1,1_1_PV_23000588,1_1_PV_23000588_4_1
1,2023,3880,SF,1,2,CALENTAR 2 MARCOS 150o,,0,1,1_1,1_1_SF_3880,1_1_SF_3880_2_1
1,2023,3880,SF,1,3,COCER 2 MARCOS 210o,,0,1,1_1,1_1_SF_3880,1_1_SF_3880_3_1
1,2023,3880,SF,1,4,"FRECUENCIA 270' (4,5 min)",,0,1,1_1,1_1_SF_3880,1_1_SF_3880_4_1
1,2023,3880,SF,1,5,MEDIDA PLASTISOL 115mm APROX.,,0,1,1_1,1_1_SF_3880,1_1_SF_3880_5_1
1,2023,3880,SF,1,6,24 PIEZAS X MARCO,,0,1,1_1,1_1_SF_3880,1_1_SF_3880_6_1
1,2023,3880,SF,1,7,RF.2012-MEDIDA PLAST.100mm. APROX.,,0,1,1_1,1_1_SF_3880,1_1_SF_3880_7_1
1,2023,23000541,PV,1,2,S/ART. M1505,,0,1,1_1,1_1_PV_23000541,1_1_PV_23000541_2_1
1,2023,23000315,PC,1,2,MZ 5 + PREP 70,,0,1,1_1,1_1_PC_23000315,1_1_PC_23000315_2_1
1,2023,23000432,EC,1,3,1 rollo de 17000mm,,1,1,1_1,1_1_EC_23000432,1_1_EC_23000432_3_1
1,2023,23000542,PV,1,6,S/ CODI  62,,0,1,1_1,1_1_PV_23000542,1_1_PV_23000542_6_1
1,2023,23000429,EC,1,2,3 barras de 5000,,1,1,1_1,1_1_EC_23000429,1_1_EC_23000429_2_1
1,2023,3880,SF,1,8,RF.1012-MEDIDA PLAST. 90mm. APROX.,,0,1,1_1,1_1_SF_3880,1_1_SF_3880_8_1
1,2023,23000448,EC,1,1,MANTENIMENT EQUIPS INFORMATICS OCTUBRE,,1,1,1_1,1_1_EC_23000448,1_1_EC_23000448_1_1
1,2023,23000450,EC,1,1,TONER CANON iR2018 CT-CEXV5 COMPATIBLE,,1,1,1_1,1_1_EC_23000450,1_1_EC_23000450_1_1
1,2023,23000584,SV,1,2,S/ART. SV_6223000,,1,1,1_1,1_1_SV_23000584,1_1_SV_23000584_2_1
1,2023,23000549,SV,1,2,MONTAR TC NUEVA Y PLASTISOLAR,,1,1,1_1,1_1_SV_23000549,1_1_SV_23000549_2_1
1,2023,23000612,SV,1,2,"SOLO ARANDELA 4x300, 6x400",,1,1,1_1,1_1_SV_23000612,1_1_SV_23000612_2_1
1,2023,23000329,PC,1,2,S/COD. 77011110,,0,1,1_1,1_1_PC_23000329,1_1_PC_23000329_2_1
1,2023,23000463,EC,1,4,"Heat YH CX-2237-WG Lot 2309053 C/9,50",,1,1,1_1,1_1_EC_23000463,1_1_EC_23000463_4_1
1,2023,3880,SF,1,9,"INMERSOR 6""",,0,1,1_1,1_1_SF_3880,1_1_SF_3880_9_1
1,2023,23000348,PC,1,2,3MT CABLE,,0,1,1_1,1_1_PC_23000348,1_1_PC_23000348_2_1
1,2023,23000465,EC,1,2,MZ 5 + PREP 70,,1,1,1_1,1_1_EC_23000465,1_1_EC_23000465_2_1
1,2023,23000414,EC,1,1,CAJA ETIQUETAS MULTI3 105X148 REF.4713,,1,1,1_1,1_1_EC_23000414,1_1_EC_23000414_1_1
1,2023,23000414,EC,1,2,"CAJA ETIQUETAS MULTI3 97,5X42,4 REF.4706",,1,1,1_1,1_1_EC_23000414,1_1_EC_23000414_2_1
1,2023,23000289,PC,1,2,S/REF. 9679H,,0,1,1_1,1_1_PC_23000289,1_1_PC_23000289_2_1
1,2023,23000501,PV,1,2,"DESMONTAR TIRAS Y ENDEREZAR, VOLVER",,0,1,1_1,1_1_PV_23000501,1_1_PV_23000501_2_1
1,2023,23000501,PV,1,3,A SOLDAR Y COLOCAR TC,,0,1,1_1,1_1_PV_23000501,1_1_PV_23000501_3_1
1,2023,23000444,EC,1,2,Lote 21072023,,1,1,1_1,1_1_EC_23000444,1_1_EC_23000444_2_1
1,2023,23000444,EC,1,4,SM85  caja de 4000ud - Lote 47127,,1,1,1_1,1_1_EC_23000444,1_1_EC_23000444_4_1
1,2023,23000442,EC,1,2,TOP CABLE POWERFLEX RV-K,,1,1,1_1,1_1_EC_23000442,1_1_EC_23000442_2_1
1,2023,23000414,EC,1,3,PTE.PAPEL FOTOCOPIA A4 80GRS.,,1,1,1_1,1_1_EC_23000414,1_1_EC_23000414_3_1
1,2023,23000504,PV,1,2,INOX316L 3000W 230V 7542H 4MT,,0,1,1_1,1_1_PV_23000504,1_1_PV_23000504_2_1
1,2023,23000536,SV,1,2,EXTRUSIONADO EN ROLLO,,1,1,1_1,1_1_SV_23000536,1_1_SV_23000536_2_1
1,2023,23000536,SV,1,3,"85-6 1 rollo 63,50kg",,1,1,1_1,1_1_SV_23000536,1_1_SV_23000536_3_1
1,2023,23000536,SV,1,4,50-3 1 rollo 25kg + 1 rollo 15kg,,1,1,1_1,1_1_SV_23000536,1_1_SV_23000536_4_1
1,2023,23000536,SV,1,5,"40-3D l rollo 45kg + 1 rollo 41,5kg",,1,1,1_1,1_1_SV_23000536,1_1_SV_23000536_5_1
1,2023,23000293,PC,1,2,"ACTIVO 550, CBZAL GOMA 6MT CABLE",,0,1,1_1,1_1_PC_23000293,1_1_PC_23000293_2_1
1,2023,23000508,PV,1,2,Ti 2000W 220V 5764H 10MT,,0,1,1_1,1_1_PV_23000508,1_1_PV_23000508_2_1
1,2023,23000509,PV,1,2,1160+220 pl380(200),,0,1,1_1,1_1_PV_23000509,1_1_PV_23000509_2_1
1,2023,23000509,PV,1,4,70-7  960+90 PL150,,0,1,1_1,1_1_PV_23000509,1_1_PV_23000509_4_1
1,2023,23000509,PV,1,6,540+60 pl130(50),,0,1,1_1,1_1_PV_23000509,1_1_PV_23000509_6_1
1,2023,23000555,PV,1,2,"SOLO ARANDELA 4x300, 6x400",,0,1,1_1,1_1_PV_23000555,1_1_PV_23000555_2_1
1,2023,23000594,SV,1,4,70-7  960+90 PL150,,1,1,1_1,1_1_SV_23000594,1_1_SV_23000594_4_1
1,2023,23000525,PV,1,3,"ARO METALICO, ACABADO EN PUNTA",,0,1,1_1,1_1_PV_23000525,1_1_PV_23000525_3_1
1,2023,23000559,SV,1,2,10x120 + 1x23,,1,1,1_1,1_1_SV_23000559,1_1_SV_23000559_2_1
1,2023,23000426,EC,1,2,RECUBRIMIENTO TOTAL CON RILSAN GRIS RAL 7040,,1,1,1_1,1_1_EC_23000426,1_1_EC_23000426_2_1
1,2023,23000426,EC,1,3,MENOS 4 PIVOTES/POSICIONADORES,,1,1,1_1,1_1_EC_23000426,1_1_EC_23000426_3_1
1,2023,23000426,EC,1,4,Y LOS 4 TALADROS INFERIORES DE ALOJAMIENTO,,1,1,1_1,1_1_EC_23000426,1_1_EC_23000426_4_1
1,2023,23000426,EC,1,5,COAT500,,1,1,1_1,1_1_EC_23000426,1_1_EC_23000426_5_1
1,2023,3799,SF,1,10,,,0,1,1_1,1_1_SF_3799,1_1_SF_3799_10_1
1,2023,3801,SF,1,11,RETRACTIL TOPE,,0,1,1_1,1_1_SF_3801,1_1_SF_3801_11_1
1,2023,23000436,EC,1,2,"DIAMETRO CON TOLERANCIA +0 / -0,25",,1,1,1_1,1_1_EC_23000436,1_1_EC_23000436_2_1
1,2023,23000526,PV,1,2,CON SOPORTE ACERO INOX.+PLASTISOL,,0,1,1_1,1_1_PV_23000526,1_1_PV_23000526_2_1
1,2023,23000526,PV,1,3,CBZAL CON 3 MT CABLE,,0,1,1_1,1_1_PV_23000526,1_1_PV_23000526_3_1
1,2023,23000526,PV,1,4,RETRACTIL SALIDA CABLE,,0,1,1_1,1_1_PV_23000526,1_1_PV_23000526_4_1
1,2023,23000526,PV,1,5,S/REF. B0120004,,0,1,1_1,1_1_PV_23000526,1_1_PV_23000526_5_1
1,2023,23000530,PV,1,2,REF. 1C95.9117015*OP1,,0,1,1_1,1_1_PV_23000530,1_1_PV_23000530_2_1
1,2023,3819,SF,1,2,1 OPERARIO - FRECUENCIA 5´(300),,0,1,1_1,1_1_SF_3819,1_1_SF_3819_2_1
1,2023,3819,SF,1,3,MARCOS DE 32 PIEZAS,,0,1,1_1,1_1_SF_3819,1_1_SF_3819_3_1
1,2023,3819,SF,1,4,CALENTAR 140º 2 MARCOS,,0,1,1_1,1_1_SF_3819,1_1_SF_3819_4_1
1,2023,3819,SF,1,5,COCER 205º 3 MARCOS,,0,1,1_1,1_1_SF_3819,1_1_SF_3819_5_1
1,2023,3819,SF,1,6,INMERSOR PARADO ABAJO 1/5,,0,1,1_1,1_1_SF_3819,1_1_SF_3819_6_1
1,2023,3819,SF,1,7,ENFRIAR 3 MARCOS,,0,1,1_1,1_1_SF_3819,1_1_SF_3819_7_1
1,2023,3819,SF,1,8,MEDIDA PLASTISOL 120mm APROX.,,0,1,1_1,1_1_SF_3819,1_1_SF_3819_8_1
1,2023,3819,SF,1,9,BAÑAR 100mm DE LA MANETA,,0,1,1_1,1_1_SF_3819,1_1_SF_3819_9_1
1,2023,23000528,PV,1,2,20 varillas x 1000mm,,0,1,1_1,1_1_PV_23000528,1_1_PV_23000528_2_1
1,2023,23000528,PV,1,4,25 varillas x 800mm,,0,1,1_1,1_1_PV_23000528,1_1_PV_23000528_4_1
1,2023,23000563,SV,1,2,DEVOLVEMOS 1 BAST SIN REPARAR,,1,1,1_1,1_1_SV_23000563,1_1_SV_23000563_2_1
1,2023,3820,EF,1,1,FABRICACION CALENTADORES MES,,0,1,1_1,1_1_EF_3820,1_1_EF_3820_1_1
1,2023,23000490,PV,1,2,CONTACT: GUILBERT NATHAN,,0,1,1_1,1_1_PV_23000490,1_1_PV_23000490_2_1
1,2023,23000439,EC,1,1,ARRENDAMENT CONTENÏDOR,,1,1,1_1,1_1_EC_23000439,1_1_EC_23000439_1_1
1,2023,23000439,EC,1,2,RECOLLIDES,,1,1,1_1,1_1_EC_23000439,1_1_EC_23000439_2_1
1,2023,23000439,EC,1,3,FULL DE SEGUIMENT,,1,1,1_1,1_1_EC_23000439,1_1_EC_23000439_3_1
1,2023,23000420,EC,1,1,AFILLAR FR. HASTA D10,,1,1,1_1,1_1_EC_23000420,1_1_EC_23000420_1_1
1,2023,23000308,PC,1,2,TOP CABLE POWERFLEX RV-K,,0,1,1_1,1_1_PC_23000308,1_1_PC_23000308_2_1
1,2023,23000310,PC,1,2,CBZAL GOMA CON 3MT DE CABLE,,0,1,1_1,1_1_PC_23000310,1_1_PC_23000310_2_1
1,2023,23000312,PC,1,2,S/ART. QJC25,,0,1,1_1,1_1_PC_23000312,1_1_PC_23000312_2_1
1,2023,23000312,PC,1,4,POLIURETANO GRIS TB Mod 500G2P TALLA 9,,0,1,1_1,1_1_PC_23000312,1_1_PC_23000312_4_1
1,2023,3813,SF,1,1,SENSA MATERIAL,,0,1,1_1,1_1_SF_3813,1_1_SF_3813_1_1
1,2023,23000306,PC,1,2,SM85  caja de 4000ud - Lote 47127,,0,1,1_1,1_1_PC_23000306,1_1_PC_23000306_2_1
1,2023,23000301,PC,1,2,3 barras de 5000,,0,1,1_1,1_1_PC_23000301,1_1_PC_23000301_2_1
1,2023,23000306,PC,1,4,CA160195060 caja de 2000ud - Lote 12022,,0,1,1_1,1_1_PC_23000306,1_1_PC_23000306_4_1
1,2023,23000460,EC,1,6,                    MATERIAL VARIOS,,1,1,1_1,1_1_EC_23000460,1_1_EC_23000460_6_1
1,2023,23000545,PV,1,2,13x120 + 1x45,,0,1,1_1,1_1_PV_23000545,1_1_PV_23000545_2_1
1,2023,23000594,SV,1,6,540+60 PL130(50),,1,1,1_1,1_1_SV_23000594,1_1_SV_23000594_6_1
1,2023,23000316,PC,1,3,SEGUN LO HABLADO ANTERIORMENTE CON MARC Y TONI,,0,1,1_1,1_1_PC_23000316,1_1_PC_23000316_3_1
1,2023,23000316,PC,1,4,REALIZAR LAS VUELTAS HABITUALES AÑADIENDO,,0,1,1_1,1_1_PC_23000316,1_1_PC_23000316_4_1
1,2023,23000316,PC,1,5,MEDIA VUELTA MAS,,0,1,1_1,1_1_PC_23000316,1_1_PC_23000316_5_1
1,2023,23000490,PV,1,3,COMMANDE: ACH0022850,,0,1,1_1,1_1_PV_23000490,1_1_PV_23000490_3_1
1,2023,23000490,PV,1,4,CONTACT: GUIBERT NATHAN,,0,1,1_1,1_1_PV_23000490,1_1_PV_23000490_4_1
1,2023,23000490,PV,1,5,COMMANDE: ACH0022850,,0,1,1_1,1_1_PV_23000490,1_1_PV_23000490_5_1
1,2023,23000445,NF,1,2,D6 L460 A30x1100 PL50,,0,1,1_1,1_1_NF_23000445,1_1_NF_23000445_2_1
1,2023,23000571,PV,1,2,MODIFICADO DEL BAST 02/08823,,0,1,1_1,1_1_PV_23000571,1_1_PV_23000571_2_1
1,2023,23000304,PC,1,2,ARO METALICO Y ACABADO EN PUNTA,,0,1,1_1,1_1_PC_23000304,1_1_PC_23000304_2_1
1,2023,23000304,PC,1,3,S/ART. I23080664A57,,0,1,1_1,1_1_PC_23000304,1_1_PC_23000304_3_1
1,2023,23000304,PC,1,5,S/ART. I23080664A70,,0,1,1_1,1_1_PC_23000304,1_1_PC_23000304_5_1
1,2023,23000446,EC,1,2,ARO METALICO Y ACABADO EN PUNTA,,1,1,1_1,1_1_EC_23000446,1_1_EC_23000446_2_1
1,2023,23000449,EC,1,1,PORTATIL-XAVIER FORMATEJAR I INSTALAR,,1,1,1_1,1_1_EC_23000449,1_1_EC_23000449_1_1
1,2023,23000449,EC,1,2,SISTEMA OPERATIU I CONFIGURAR DOMINI I,,1,1,1_1,1_1_EC_23000449,1_1_EC_23000449_2_1
1,2023,23000449,EC,1,3,PERMISOS DE RED.,,1,1,1_1,1_1_EC_23000449,1_1_EC_23000449_3_1
1,2023,3882,SF,1,1,DECAPAR TRAV,,0,1,1_1,1_1_SF_3882,1_1_SF_3882_1_1
1,2023,23000552,PV,1,2,5MT CABLE,,0,1,1_1,1_1_PV_23000552,1_1_PV_23000552_2_1
1,2023,23000320,PC,1,2,TOP CABLE POWERFLEX RV-K,,0,1,1_1,1_1_PC_23000320,1_1_PC_23000320_2_1
1,2023,23000598,SV,1,3,CAMBIAR TOMAS DE CORRIENTE,,1,1,1_1,1_1_SV_23000598,1_1_SV_23000598_3_1
1,2023,23000598,SV,1,4,ARREGLO ALGUNOS FONDOS,,1,1,1_1,1_1_SV_23000598,1_1_SV_23000598_4_1
1,2023,23000321,PC,1,2,S/ART. I24008,,0,1,1_1,1_1_PC_23000321,1_1_PC_23000321_2_1
1,2023,23000290,PC,1,2,PT-367356,,0,1,1_1,1_1_PC_23000290,1_1_PC_23000290_2_1
1,2023,23000446,EC,1,3,S/ART. I23080664A57,,1,1,1_1,1_1_EC_23000446,1_1_EC_23000446_3_1
1,2023,23000446,EC,1,5,S/ART. I23080664A70,,1,1,1_1,1_1_EC_23000446,1_1_EC_23000446_5_1
1,2023,23000297,PC,1,2,Lote 04173,,0,1,1_1,1_1_PC_23000297,1_1_PC_23000297_2_1
1,2023,23000297,PC,1,4,Lote 21072023,,0,1,1_1,1_1_PC_23000297,1_1_PC_23000297_4_1
1,2023,23000303,PC,1,2,Lote 04173,,0,1,1_1,1_1_PC_23000303,1_1_PC_23000303_2_1
1,2023,23000565,PV,1,2,"HONDA SCOOPY 2020 D53,5",,0,1,1_1,1_1_PV_23000565,1_1_PV_23000565_2_1
1,2023,23000436,EC,1,3,ARANDELA D25 SOLDADA A 50mm DE UN EXTREMO,,1,1,1_1,1_1_EC_23000436,1_1_EC_23000436_3_1
1,2023,23000436,EC,1,4,BORNES PINZADOS DE M-6 CON TUERCAS Y,,1,1,1_1,1_1_EC_23000436,1_1_EC_23000436_4_1
1,2023,23000436,EC,1,5,ARANDELAS EN LATON,,1,1,1_1,1_1_EC_23000436,1_1_EC_23000436_5_1
1,2023,23000436,EC,1,6,S/REF. 9643E,,1,1,1_1,1_1_EC_23000436,1_1_EC_23000436_6_1
1,2023,23000320,PC,1,3,S/ART. 145134,,0,1,1_1,1_1_PC_23000320,1_1_PC_23000320_3_1
1,2023,23000319,PC,1,2,SR-RZH-400-2Z-TEF/316-06/08-12G-PB10-150,,0,1,1_1,1_1_PC_23000319,1_1_PC_23000319_2_1
1,2023,23000319,PC,1,4,SR-RZH-600-3Z-TEF/316-06/08-12G-PB10-150,,0,1,1_1,1_1_PC_23000319,1_1_PC_23000319_4_1
1,2023,23000319,PC,1,6,SR-RZH-700-3Z-TEF/316-06/08-12G-PB10-150,,0,1,1_1,1_1_PC_23000319,1_1_PC_23000319_6_1
1,2023,23000311,PC,1,2,PT-709108...............................NUEVO,,0,1,1_1,1_1_PC_23000311,1_1_PC_23000311_2_1
1,2023,23000510,PV,1,3,CAMBIAR TOMAS DE CORRIENTE,,0,1,1_1,1_1_PV_23000510,1_1_PV_23000510_3_1
1,2023,23000510,PV,1,4,ARREGLO ALGUNOS FONDOS,,0,1,1_1,1_1_PV_23000510,1_1_PV_23000510_4_1
1,2023,23000276,PC,1,2,Heat YH CX-2205-WG Lot 2309051 D10,,0,1,1_1,1_1_PC_23000276,1_1_PC_23000276_2_1
1,2023,23000276,PC,1,4,"Heat YH CX-2237-WG Lot 2309053 C/9,50",,0,1,1_1,1_1_PC_23000276,1_1_PC_23000276_4_1
1,2023,23000597,SV,1,2,1060+90 PL210(80),,1,1,1_1,1_1_SV_23000597,1_1_SV_23000597_2_1
1,2023,23000453,EC,1,1,COMPROBAR BATERIA NO ARRANCA,,1,1,1_1,1_1_EC_23000453,1_1_EC_23000453_1_1
1,2023,23000592,SV,1,2,S/CODI  97,,1,1,1_1,1_1_SV_23000592,1_1_SV_23000592_2_1
1,2023,23000592,SV,1,4,S/CODI  63,,1,1,1_1,1_1_SV_23000592,1_1_SV_23000592_4_1
1,2023,23000592,SV,1,6,S/ CODI  62,,1,1,1_1,1_1_SV_23000592,1_1_SV_23000592_6_1
1,2023,23000601,SV,1,1,RENTING BBVA DEL MES DE GENER A JULIOL/2023,,1,1,1_1,1_1_SV_23000601,1_1_SV_23000601_1_1
1,2023,23000601,SV,1,2,RENTING BBVA MES D'AGOST/2023,,1,1,1_1,1_1_SV_23000601,1_1_SV_23000601_2_1
1,2023,23000582,SV,1,2,S/ART. M1505,,1,1,1_1,1_1_SV_23000582,1_1_SV_23000582_2_1
1,2023,23000577,SV,1,2,20 varillas x 1000mm,,1,1,1_1,1_1_SV_23000577,1_1_SV_23000577_2_1
1,2023,23000577,SV,1,4,25 varillas x 800mm,,1,1,1_1,1_1_SV_23000577,1_1_SV_23000577_4_1
1,2023,23000596,SV,1,2,"2x1800, 2x1000, 21x800, 6x600",,1,1,1_1,1_1_SV_23000596,1_1_SV_23000596_2_1
1,2023,23000596,SV,1,4,x1500,,1,1,1_1,1_1_SV_23000596,1_1_SV_23000596_4_1
1,2023,23000549,SV,1,4,CAMBIAR TOMAS DE CORRIENTE,,1,1,1_1,1_1_SV_23000549,1_1_SV_23000549_4_1
1,2023,23000290,PC,1,4,PT-327957,,0,1,1_1,1_1_PC_23000290,1_1_PC_23000290_4_1
1,2023,23000472,EC,1,2,15 Barras de 6000mm,,1,1,1_1,1_1_EC_23000472,1_1_EC_23000472_2_1
1,2023,23000472,EC,1,4,"portes 37,00.- + gestion certificados 4,90.-",,1,1,1_1,1_1_EC_23000472,1_1_EC_23000472_4_1
1,2023,23000461,EC,1,2,Lote 04173,,1,1,1_1,1_1_EC_23000461,1_1_EC_23000461_2_1
1,2023,23000461,EC,1,4,Lote 04173,,1,1,1_1,1_1_EC_23000461,1_1_EC_23000461_4_1
1,2023,3885,SF,1,4,COCER 200º 2MARCOS,,0,1,1_1,1_1_SF_3885,1_1_SF_3885_4_1
1,2023,23000444,EC,1,6,CA160195060 caja de 2000ud - Lote 12022,,1,1,1_1,1_1_EC_23000444,1_1_EC_23000444_6_1
1,2023,23000309,PC,1,2,"8 Piezas 44,4x134,5 chapa 1,20",,0,1,1_1,1_1_PC_23000309,1_1_PC_23000309_2_1
1,2023,23000309,PC,1,3,"8 Piezas 33x134,5 chapa 1,20",,0,1,1_1,1_1_PC_23000309,1_1_PC_23000309_3_1
1,2023,23000309,PC,1,4,"4 Piezas 44,4x60 chapa 1,20",,0,1,1_1,1_1_PC_23000309,1_1_PC_23000309_4_1
1,2023,23000309,PC,1,5,"8 Piezas 44,4x134,5 chapa 1,50",,0,1,1_1,1_1_PC_23000309,1_1_PC_23000309_5_1
1,2023,23000309,PC,1,6,"8 Piezas 33x134,5 chapa 1,50",,0,1,1_1,1_1_PC_23000309,1_1_PC_23000309_6_1
1,2023,23000309,PC,1,7,"4 Piezas 44,4x60 chapa 1,50",,0,1,1_1,1_1_PC_23000309,1_1_PC_23000309_7_1
1,2023,23000372,PC,1,2,B95-0900,,0,1,1_1,1_1_PC_23000372,1_1_PC_23000372_2_1
1,2023,23000460,EC,1,1,AVERIA FRIGORISTA: COMPROBAR AVERIA EN SECADOR,,1,1,1_1,1_1_EC_23000460,1_1_EC_23000460_1_1
1,2023,23000460,EC,1,2,FRIGORIFICO ENCONTRADO CIRCUITO GAS BAJO,,1,1,1_1,1_1_EC_23000460,1_1_EC_23000460_2_1
1,2023,23000494,EC,1,1,ARRENDAMENT CONTENÏDOR,,1,1,1_1,1_1_EC_23000494,1_1_EC_23000494_1_1
1,2023,23000460,EC,1,3,COMPLETAR CARGA DE GAS BUSCAR FUGAS.,,1,1,1_1,1_1_EC_23000460,1_1_EC_23000460_3_1
1,2023,23000460,EC,1,4,MATERIAL: GAS R-13A (Kg) 0.75,,1,1,1_1,1_1_EC_23000460,1_1_EC_23000460_4_1
1,2023,23000460,EC,1,5,                    TASA GAS R-134A (Kg) 0.75,,1,1,1_1,1_1_EC_23000460,1_1_EC_23000460_5_1
1,2023,23000460,EC,1,7,"M.O. HORAS 1,5 +DESPLAZAMIENTO",,1,1,1_1,1_1_EC_23000460,1_1_EC_23000460_7_1
1,2023,23000565,PV,1,4,HONDA SCOOPY 2020 D60,,0,1,1_1,1_1_PV_23000565,1_1_PV_23000565_4_1
1,2023,23000387,PC,1,2,PT-535647,,0,1,1_1,1_1_PC_23000387,1_1_PC_23000387_2_1
1,2023,23000602,SV,1,2,INOX316 3000W 400V III 8885H,,1,1,1_1,1_1_SV_23000602,1_1_SV_23000602_2_1
1,2023,23000328,PC,1,2,13x120 + 1x45,,0,1,1_1,1_1_PC_23000328,1_1_PC_23000328_2_1
1,2023,3849,SF,1,4,FRECUENCIA 5.5´(330) 1 OPERARIO,,0,1,1_1,1_1_SF_3849,1_1_SF_3849_4_1
1,2023,3849,SF,1,5, MARCOS DE 42 PIEZAS CITROEN,,0,1,1_1,1_1_SF_3849,1_1_SF_3849_5_1
1,2023,3849,SF,1,6,MEDIDA PLASTISOL BARRA C-10,,0,1,1_1,1_1_SF_3849,1_1_SF_3849_6_1
1,2023,3849,SF,1,7,CAJA Nº 55  CANTIDAD 120 LLAVES,,0,1,1_1,1_1_SF_3849,1_1_SF_3849_7_1
1,2023,3849,SF,1,8,CAJAS 4 PISOS DE 30= 120,,0,1,1_1,1_1_SF_3849,1_1_SF_3849_8_1
1,2023,23000493,EC,1,2,S/COD. 77011110,,1,1,1_1,1_1_EC_23000493,1_1_EC_23000493_2_1
1,2023,23000452,EC,1,2,PT-709108...............................NUEVO,,1,1,1_1,1_1_EC_23000452,1_1_EC_23000452_2_1
1,2023,23000456,EC,1,2,PT-367356,,1,1,1_1,1_1_EC_23000456,1_1_EC_23000456_2_1
1,2023,23000456,EC,1,4,PT-327957,,1,1,1_1,1_1_EC_23000456,1_1_EC_23000456_4_1
1,2023,23000454,EC,1,2,TOP CABLE POWERFLEX RV-K,,1,1,1_1,1_1_EC_23000454,1_1_EC_23000454_2_1
1,2023,23000454,EC,1,3,S/ART. 145134,,1,1,1_1,1_1_EC_23000454,1_1_EC_23000454_3_1
1,2023,23000457,EC,1,1,"UNEX 2221-0 BRIDA USO EXTERIOR 2,5x101 NEGRA",,1,1,1_1,1_1_EC_23000457,1_1_EC_23000457_1_1
1,2023,23000457,EC,1,2,"UNEX 22331-0 BRIDA USO EXTERIOR 3,6x142 NEGRA",,1,1,1_1,1_1_EC_23000457,1_1_EC_23000457_2_1
1,2023,23000457,EC,1,3,"UNEX 2225-0 BRIDA USO EXTERIOR 2,5x190 NEGRA",,1,1,1_1,1_1_EC_23000457,1_1_EC_23000457_3_1
1,2023,23000457,EC,1,4,"UNEX 22371-0 BRIDA USO EXTERIOR 3,65x279 NEGRA",,1,1,1_1,1_1_EC_23000457,1_1_EC_23000457_4_1
1,2023,23000437,EC,1,2,S/REF. 9679H,,1,1,1_1,1_1_EC_23000437,1_1_EC_23000437_2_1
1,2023,23000318,PC,1,2,S/REF. 10709H.........................NUEVO,,0,1,1_1,1_1_PC_23000318,1_1_PC_23000318_2_1
1,2023,23000464,EC,1,2,S/ART. I24008,,1,1,1_1,1_1_EC_23000464,1_1_EC_23000464_2_1
1,2023,23000324,PC,1,2,10 tubos de 6000mm,,0,1,1_1,1_1_PC_23000324,1_1_PC_23000324_2_1
1,2023,23000324,PC,1,4,3 barras de 3000mm,,0,1,1_1,1_1_PC_23000324,1_1_PC_23000324_4_1
1,2023,23000604,SV,1,2,5MT CABLE,,1,1,1_1,1_1_SV_23000604,1_1_SV_23000604_2_1
1,2023,23000413,EC,1,2,INACTIVO 300,,1,1,1_1,1_1_EC_23000413,1_1_EC_23000413_2_1
1,2023,23000595,SV,1,2,REF. 1C95.9117015*OP1,,1,1,1_1,1_1_SV_23000595,1_1_SV_23000595_2_1
1,2023,23000590,SV,1,2,"ARO METALICO, ACABADO EN PUNTA",,1,1,1_1,1_1_SV_23000590,1_1_SV_23000590_2_1
1,2023,23000613,SV,1,2,S/ART. 05049016,,1,1,1_1,1_1_SV_23000613,1_1_SV_23000613_2_1
1,2023,23000605,SV,1,2,"ACTIVO 550, CBZAL GOMA 6MT CABLE",,1,1,1_1,1_1_SV_23000605,1_1_SV_23000605_2_1
1,2023,23000363,PC,1,3,DEVUELTO,,0,1,1_1,1_1_PC_23000363,1_1_PC_23000363_3_1
1,2023,23000413,EC,1,3,CBZAL GOMA SALIDA LATERAL 3MT CABLE,,1,1,1_1,1_1_EC_23000413,1_1_EC_23000413_3_1
1,2023,23000455,EC,1,2,"ACTIVO 550, CBZAL GOMA 6MT CABLE",,1,1,1_1,1_1_EC_23000455,1_1_EC_23000455_2_1
1,2023,23000627,SV,1,2,CONTACT: GUILBERT NATHAN,,1,1,1_1,1_1_SV_23000627,1_1_SV_23000627_2_1
1,2023,23000627,SV,1,3,COMMANDE: ACH0022850,,1,1,1_1,1_1_SV_23000627,1_1_SV_23000627_3_1
1,2023,23000625,SV,1,3,CON 3MT DE CABLE,,1,1,1_1,1_1_SV_23000625,1_1_SV_23000625_3_1
1,2023,23000604,SV,1,4,5MT CABLE,,1,1,1_1,1_1_SV_23000604,1_1_SV_23000604_4_1
1,2023,23000458,EC,1,2,"8 Piezas 44,4x134,5 chapa 1,20",,1,1,1_1,1_1_EC_23000458,1_1_EC_23000458_2_1
1,2023,23000458,EC,1,3,"8 Piezas 33x134,5 chapa 1,20",,1,1,1_1,1_1_EC_23000458,1_1_EC_23000458_3_1
1,2023,23000494,EC,1,2,RECOLLIDES,,1,1,1_1,1_1_EC_23000494,1_1_EC_23000494_2_1
1,2023,23000494,EC,1,3,FULL DE SEGUIMENT,,1,1,1_1,1_1_EC_23000494,1_1_EC_23000494_3_1
1,2023,23000475,EC,1,2,S/ART. MER5AD,,1,1,1_1,1_1_EC_23000475,1_1_EC_23000475_2_1
1,2023,23000475,EC,1,4,6 CANTOS S/ART. IGM61812,,1,1,1_1,1_1_EC_23000475,1_1_EC_23000475_4_1
1,2023,23000486,EC,1,1,"ELECTRODO TUNGSTENO GRIS 3,2mmx150 2,0% CE.",,1,1,1_1,1_1_EC_23000486,1_1_EC_23000486_1_1
1,2023,23000495,EC,1,1,11/10-BASAR XINDA TIQUET 310110112,,1,1,1_1,1_1_EC_23000495,1_1_EC_23000495_1_1
1,2023,23000468,EC,1,1,BRAZO MONITOR FELLOWES REFLEX,,1,1,1_1,1_1_EC_23000468,1_1_EC_23000468_1_1
1,2023,23000661,SV,1,2,PROTOTIPO,,1,1,1_1,1_1_SV_23000661,1_1_SV_23000661_2_1
1,2023,23000469,EC,1,1,RATON LOGITECH M185 WIRELEES,,1,1,1_1,1_1_EC_23000469,1_1_EC_23000469_1_1
1,2023,23000641,SV,1,2,S/ART. 00208-0005,,1,1,1_1,1_1_SV_23000641,1_1_SV_23000641_2_1
1,2023,23000605,PV,1,2,ZONA ACTIVA 500,,0,1,1_1,1_1_PV_23000605,1_1_PV_23000605_2_1
1,2023,23000457,EC,1,5,"UNEX 22491-0 BRIDA USO EXTERIOR 4,8x370 NEGRA",,1,1,1_1,1_1_EC_23000457,1_1_EC_23000457_5_1
1,2023,23000333,PC,1,2,S/ART. MER5AD,,0,1,1_1,1_1_PC_23000333,1_1_PC_23000333_2_1
1,2023,23000333,PC,1,4,S/ART. IREES,,0,1,1_1,1_1_PC_23000333,1_1_PC_23000333_4_1
1,2023,23000333,PC,1,6,6 CANTOS S/ART. IGM61812,,0,1,1_1,1_1_PC_23000333,1_1_PC_23000333_6_1
1,2023,3885,SF,1,5,"FRECUENCIA 300""",,0,1,1_1,1_1_SF_3885,1_1_SF_3885_5_1
1,2023,23000566,SV,1,2,INOX316L 3000W 230V 7542H 4MT,,1,1,1_1,1_1_SV_23000566,1_1_SV_23000566_2_1
1,2023,23000607,SV,1,4,RETRACTIL SALIDA CABLE,,1,1,1_1,1_1_SV_23000607,1_1_SV_23000607_4_1
1,2023,23000607,SV,1,5,S/REF. B0120004,,1,1,1_1,1_1_SV_23000607,1_1_SV_23000607_5_1
1,2023,23000574,PV,1,2,PROTOTIPO,,0,1,1_1,1_1_PV_23000574,1_1_PV_23000574_2_1
1,2023,23000325,PC,1,1,DECAPAR/CHORREAR BOMBO COTOGONAL,,0,1,1_1,1_1_PC_23000325,1_1_PC_23000325_1_1
1,2023,23000325,PC,1,2,DECAPAR BAST.INOX.,,0,1,1_1,1_1_PC_23000325,1_1_PC_23000325_2_1
1,2023,3885,SF,1,6,"PARADA 45""",,0,1,1_1,1_1_SF_3885,1_1_SF_3885_6_1
1,2023,3798,SF,1,1,,,0,1,1_1,1_1_SF_3798,1_1_SF_3798_1_1
1,2023,3798,SF,1,12,,,0,1,1_1,1_1_SF_3798,1_1_SF_3798_12_1
1,2023,23000583,PV,1,2,CON 7 MT CABLE,,0,1,1_1,1_1_PV_23000583,1_1_PV_23000583_2_1
1,2023,23000578,PV,1,2,"2x1400, 2x900, 1x800, 4x600, 2x400",,0,1,1_1,1_1_PV_23000578,1_1_PV_23000578_2_1
1,2023,23000578,PV,1,4,"2x1200, 2x1000, 14x800, 2x900, 4x400",,0,1,1_1,1_1_PV_23000578,1_1_PV_23000578_4_1
1,2023,23000578,PV,1,6,x800,,0,1,1_1,1_1_PV_23000578,1_1_PV_23000578_6_1
1,2023,23000578,PV,1,8,SOLO ARANDELA x400,,0,1,1_1,1_1_PV_23000578,1_1_PV_23000578_8_1
1,2023,23000584,PV,1,3,EN GRUESO 3 *PRECIO ESPECIAL,,0,1,1_1,1_1_PV_23000584,1_1_PV_23000584_3_1
1,2023,3885,SF,1,7,INMERSOR BAJADA RAPIDA -SUBIDA LENTA,,0,1,1_1,1_1_SF_3885,1_1_SF_3885_7_1
1,2023,3885,SF,1,8,"INMERSOR PARADO ABAJO 0""",,0,1,1_1,1_1_SF_3885,1_1_SF_3885_8_1
1,2023,3885,SF,1,9,MEDIDA UTILAGE 82mm,,0,1,1_1,1_1_SF_3885,1_1_SF_3885_9_1
1,2023,23000629,PV,1,2,CON 5MT CABLE,,0,1,1_1,1_1_PV_23000629,1_1_PV_23000629_2_1
1,2023,3886,SF,1,11,10/10191 ARANDELA Ti DIN-125 P/M-10,,0,1,1_1,1_1_SF_3886,1_1_SF_3886_11_1
1,2023,23000466,EC,1,2,10 tubos de 6000mm,,1,1,1_1,1_1_EC_23000466,1_1_EC_23000466_2_1
1,2023,23000466,EC,1,4,3 barras de 3000mm,,1,1,1_1,1_1_EC_23000466,1_1_EC_23000466_4_1
1,2023,23000338,PC,1,2,PT-520052,,0,1,1_1,1_1_PC_23000338,1_1_PC_23000338_2_1
1,2023,23000455,EC,1,4,CBZAL GOMA CON 3MT DE CABLE,,1,1,1_1,1_1_EC_23000455,1_1_EC_23000455_4_1
1,2023,3844,SF,1,2,300x200 MALLA BAIXA POLARITAT DEL CLIENT,,0,1,1_1,1_1_SF_3844,1_1_SF_3844_2_1
1,2023,3844,SF,1,3,CALENTAR A 230oC 2 MARCOS,,0,1,1_1,1_1_SF_3844,1_1_SF_3844_3_1
1,2023,3844,SF,1,4,COCER A 200oC 3 MARCOS,,0,1,1_1,1_1_SF_3844,1_1_SF_3844_4_1
1,2023,3844,SF,1,5,GRUESO PIEZA PLASTICO 3 A 3.5mm,,0,1,1_1,1_1_SF_3844,1_1_SF_3844_5_1
1,2023,3844,SF,1,6,MEDIDA TOTAL PIEZA PLASTICO 130 INTERIOR,,0,1,1_1,1_1_SF_3844,1_1_SF_3844_6_1
1,2023,3844,SF,1,7,MEDIDA TOTAL PIEZA PLASTICO 130 INTERIOR,,0,1,1_1,1_1_SF_3844,1_1_SF_3844_7_1
1,2023,3844,SF,1,8,MEDIDA PLASTISOL UTILAGE 36mm barra C-15mm,,0,1,1_1,1_1_SF_3844,1_1_SF_3844_8_1
1,2023,23000373,PC,1,2,PT-495677,,0,1,1_1,1_1_PC_23000373,1_1_PC_23000373_2_1
1,2023,23000339,PC,1,2,2 Rollos,,0,1,1_1,1_1_PC_23000339,1_1_PC_23000339_2_1
1,2023,23000339,PC,1,4,1 Rollo,,0,1,1_1,1_1_PC_23000339,1_1_PC_23000339_4_1
1,2023,23000518,EC,1,1,BOTAS PANTHER Mod.FRAGUA S3 No.40,,1,1,1_1,1_1_EC_23000518,1_1_EC_23000518_1_1
1,2023,23000518,EC,1,2,"JASS, JFLI",,1,1,1_1,1_1_EC_23000518,1_1_EC_23000518_2_1
1,2023,23000458,EC,1,7,"4 Piezas 44,4x60 chapa 1,50",,1,1,1_1,1_1_EC_23000458,1_1_EC_23000458_7_1
1,2023,23000485,EC,1,1,ABONAMENT DIFERNCIA PREU ALB.237397 23/10/2023,,1,1,1_1,1_1_EC_23000485,1_1_EC_23000485_1_1
1,2023,23000645,SV,1,2,"2x1400, 2x900, 1x800, 4x600, 2x400",,1,1,1_1,1_1_SV_23000645,1_1_SV_23000645_2_1
1,2023,23000504,EC,1,1,VARIS,,1,1,1_1,1_1_EC_23000504,1_1_EC_23000504_1_1
1,2023,23000697,SV,1,2,50 Varillas x 800mm,,1,1,1_1,1_1_SV_23000697,1_1_SV_23000697_2_1
1,2023,23000361,PC,1,2,PT-618001,,0,1,1_1,1_1_PC_23000361,1_1_PC_23000361_2_1
1,2023,23000361,PC,1,4,PT-640925,,0,1,1_1,1_1_PC_23000361,1_1_PC_23000361_4_1
1,2023,23000489,EC,1,2,S/REF. 10709H.........................NUEVO,,1,1,1_1,1_1_EC_23000489,1_1_EC_23000489_2_1
1,2023,23000477,EC,1,3,SEGUN LO HABLADO ANTERIORMENTE CON MARC Y TONI,,1,1,1_1,1_1_EC_23000477,1_1_EC_23000477_3_1
1,2023,23000477,EC,1,4,REALIZAR LAS VUELTAS HABITUALES AÑADIENDO,,1,1,1_1,1_1_EC_23000477,1_1_EC_23000477_4_1
1,2023,23000477,EC,1,5,MEDIA VUELTA MAS,,1,1,1_1,1_1_EC_23000477,1_1_EC_23000477_5_1
1,2023,23000572,PV,1,2,del PX6012,,0,1,1_1,1_1_PV_23000572,1_1_PV_23000572_2_1
1,2023,23000422,EC,1,2,S/REF. 3509310650,,1,1,1_1,1_1_EC_23000422,1_1_EC_23000422_2_1
1,2023,23000484,EC,1,1,PHILIPS 51032200 LEDbulb 10-75W 840 E27,,1,1,1_1,1_1_EC_23000484,1_1_EC_23000484_1_1
1,2023,23000484,EC,1,2,CANON R.A.E.E. RD/208/2005,,1,1,1_1,1_1_EC_23000484,1_1_EC_23000484_2_1
1,2023,23000484,EC,1,3,PHILIPS 51032200 LEDbulb 10-75W 840 E27,,1,1,1_1,1_1_EC_23000484,1_1_EC_23000484_3_1
1,2023,23000484,EC,1,4,CANON R.A.E.E. RD/208/2005,,1,1,1_1,1_1_EC_23000484,1_1_EC_23000484_4_1
1,2023,23000484,EC,1,5,PHILIPS 57779000 LEDbulb ND 5-40W A60 E27 840,,1,1,1_1,1_1_EC_23000484,1_1_EC_23000484_5_1
1,2023,23000484,EC,1,6,CANON R.A.E.E. RD/208/2005,,1,1,1_1,1_1_EC_23000484,1_1_EC_23000484_6_1
1,2023,23000482,EC,1,1,SP 5210100300 DECOR-200C EXTRACTOR 20W 185m3/h,,1,1,1_1,1_1_EC_23000482,1_1_EC_23000482_1_1
1,2023,3578,SF,1,1,SIN MATERIAL,,0,1,1_1,1_1_SF_3578,1_1_SF_3578_1_1
1,2023,23000499,EC,1,1,MANTENIMENT EQUIPS INFORMATICS NOVEMBRE,,1,1,1_1,1_1_EC_23000499,1_1_EC_23000499_1_1
1,2023,23000345,PC,1,2,"Díametro 10,25x12,25mm",,0,1,1_1,1_1_PC_23000345,1_1_PC_23000345_2_1
1,2023,23000345,PC,1,3,Rollo entero S/REF. M1512340866,,0,1,1_1,1_1_PC_23000345,1_1_PC_23000345_3_1
1,2023,23000342,PC,1,2,CONFECCION EN ANCHO PLANO MEDIDAS INTERIORES,,0,1,1_1,1_1_PC_23000342,1_1_PC_23000342_2_1
1,2023,23000342,PC,1,3,DEJAR SIN COSER LOS 20mm SUPERIORES,,0,1,1_1,1_1_PC_23000342,1_1_PC_23000342_3_1
1,2023,23000342,PC,1,4,S/ART. I23080664A71,,0,1,1_1,1_1_PC_23000342,1_1_PC_23000342_4_1
1,2023,23000497,EC,1,2,2 Rollos,,1,1,1_1,1_1_EC_23000497,1_1_EC_23000497_2_1
1,2023,23000497,EC,1,4,1 Rollo,,1,1,1_1,1_1_EC_23000497,1_1_EC_23000497_4_1
1,2023,23000601,PV,1,2,CAMBIAR 1 CURVA Y PONER SOPORTE,,0,1,1_1,1_1_PV_23000601,1_1_PV_23000601_2_1
1,2023,23000645,SV,1,4,"2x1200, 2x1000, 14x800, 2x900, 4x400",,1,1,1_1,1_1_SV_23000645,1_1_SV_23000645_4_1
1,2023,23000645,SV,1,6,x800,,1,1,1_1,1_1_SV_23000645,1_1_SV_23000645_6_1
1,2023,23000645,SV,1,8,SOLO ARANDELA x400,,1,1,1_1,1_1_SV_23000645,1_1_SV_23000645_8_1
1,2023,23000351,PC,1,5,"MZ 22,64 + PREP. 206",,0,1,1_1,1_1_PC_23000351,1_1_PC_23000351_5_1
1,2023,23000352,PC,1,2,B85D32C95,,0,1,1_1,1_1_PC_23000352,1_1_PC_23000352_2_1
1,2023,23000352,PC,1,4,B90D32C95,,0,1,1_1,1_1_PC_23000352,1_1_PC_23000352_4_1
1,2023,23000606,PV,1,3,de 35x20,,0,1,1_1,1_1_PV_23000606,1_1_PV_23000606_3_1
1,2023,23000674,SV,1,2,3MT CABLE,,1,1,1_1,1_1_SV_23000674,1_1_SV_23000674_2_1
1,2023,23000654,SV,1,2,INOX316L 4000W 230V 10620H 3MT,,1,1,1_1,1_1_SV_23000654,1_1_SV_23000654_2_1
1,2023,23000690,SV,1,2,3MT CABLE,,1,1,1_1,1_1_SV_23000690,1_1_SV_23000690_2_1
1,2023,23000361,PC,1,6,PT-714529............................NUEVO,,0,1,1_1,1_1_PC_23000361,1_1_PC_23000361_6_1
1,2023,4006,SF,1,1,SIN MATERIAL,,0,1,1_1,1_1_SF_4006,1_1_SF_4006_1_1
1,2023,23000645,PV,1,2,CON 2MT CABLE,,0,1,1_1,1_1_PV_23000645,1_1_PV_23000645_2_1
1,2023,23000712,SV,1,2,25 VARILLAS x 800mm,,1,1,1_1,1_1_SV_23000712,1_1_SV_23000712_2_1
1,2023,23000323,PC,1,2,Heat YH CX-2205-WG Lot 2310092 D10,,0,1,1_1,1_1_PC_23000323,1_1_PC_23000323_2_1
1,2023,23000323,PC,1,4,"Heat YH CX-2237-WG Lot 2310093 c/9,5",,0,1,1_1,1_1_PC_23000323,1_1_PC_23000323_4_1
1,2023,23000323,PC,1,6,Heat YH CX-2306-WG Lot 2310094 D8,,0,1,1_1,1_1_PC_23000323,1_1_PC_23000323_6_1
1,2023,23000323,PC,1,8,Heat YH CX-2304-WG Lot 2310095 D18,,0,1,1_1,1_1_PC_23000323,1_1_PC_23000323_8_1
1,2023,23000323,PC,1,10,Heat YH CX-2205-WG Lot 2310096 D8,,0,1,1_1,1_1_PC_23000323,1_1_PC_23000323_10_1
1,2023,23000323,PC,1,12,Heat YH CX-2306-WG Lot 2310115 D8,,0,1,1_1,1_1_PC_23000323,1_1_PC_23000323_12_1
1,2023,23000340,PC,1,2,2 Cajas Lote 29092023,,0,1,1_1,1_1_PC_23000340,1_1_PC_23000340_2_1
1,2023,23000340,PC,1,4,SM85 4 cajas Lote 44872,,0,1,1_1,1_1_PC_23000340,1_1_PC_23000340_4_1
1,2023,23000728,SV,1,2,6 BAST L600x200x40,,1,1,1_1,1_1_SV_23000728,1_1_SV_23000728_2_1
1,2023,23000757,SV,1,3,DEVUELTO,,1,1,1_1,1_1_SV_23000757,1_1_SV_23000757_3_1
1,2023,23000752,SV,1,2,CBZAL GOMA,,1,1,1_1,1_1_SV_23000752,1_1_SV_23000752_2_1
1,2023,3854,SF,1,2,CALENTAR MOLDE Y HORNO ENTRE 20/30oC,,0,1,1_1,1_1_SF_3854,1_1_SF_3854_2_1
1,2023,3854,SF,1,3,PONER POTE CON PLASTISOL EN EL HORNO PARA QUE QUEDE UN POCO LIQUIDO,,0,1,1_1,1_1_SF_3854,1_1_SF_3854_3_1
1,2023,3854,SF,1,4,"LIMPIAR MOLDE, PONER DESMOLDEANTE Y COLOCARLO BIEN.",,0,1,1_1,1_1_SF_3854,1_1_SF_3854_4_1
1,2023,3854,SF,1,5,COLAR POCO A POCO- PONER MOLDE A 180oC,,0,1,1_1,1_1_SF_3854,1_1_SF_3854_5_1
1,2023,3854,SF,1,6,PUEDE TARDAR EN ALCANZAR LA TEMPERATURA UNOS 45min,,0,1,1_1,1_1_SF_3854,1_1_SF_3854_6_1
1,2023,3854,SF,1,7,TIEMPO TOTAL EN EL MOLDE 105min Y APAGAR EL MOLDE,,0,1,1_1,1_1_SF_3854,1_1_SF_3854_7_1
1,2023,23000483,EC,1,1,PHILIPS 57777600 LEDbulb ND 7.5-60W A60 E27 840,,1,1,1_1,1_1_EC_23000483,1_1_EC_23000483_1_1
1,2023,23000479,EC,1,2,13x120 + 1x45,,1,1,1_1,1_1_EC_23000479,1_1_EC_23000479_2_1
1,2023,23000331,PC,1,2,15 Barras de 6000mm,,0,1,1_1,1_1_PC_23000331,1_1_PC_23000331_2_1
1,2023,23000336,PC,1,2,EN FORMA DE HORQUILLA D70,,0,1,1_1,1_1_PC_23000336,1_1_PC_23000336_2_1
1,2023,23000336,PC,1,3,S/REF. 8683H-V1,,0,1,1_1,1_1_PC_23000336,1_1_PC_23000336_3_1
1,2023,23000581,PV,1,2,INOX316L 4000W 230V 10620H 3MT,,0,1,1_1,1_1_PV_23000581,1_1_PV_23000581_2_1
1,2023,23000337,PC,1,2,3MT DE CABLE,,0,1,1_1,1_1_PC_23000337,1_1_PC_23000337_2_1
1,2023,3890,SF,1,1,senssa material,,0,1,1_1,1_1_SF_3890,1_1_SF_3890_1_1
1,2023,23000620,SV,1,2,CONTACT: GUIBERT NATHAN,,1,1,1_1,1_1_SV_23000620,1_1_SV_23000620_2_1
1,2023,23000620,SV,1,3,COMMANDE: ACH0022850,,1,1,1_1,1_1_SV_23000620,1_1_SV_23000620_3_1
1,2023,23000638,SV,1,2,"HONDA SCOOPY 2020 D53,5",,1,1,1_1,1_1_SV_23000638,1_1_SV_23000638_2_1
1,2023,23000638,SV,1,4,HONDA SCOOPY 2020 D60,,1,1,1_1,1_1_SV_23000638,1_1_SV_23000638_4_1
1,2023,23000639,SV,1,2,13x120 + 1x45,,1,1,1_1,1_1_SV_23000639,1_1_SV_23000639_2_1
1,2023,23000631,SV,1,3,5MT CABLE,,1,1,1_1,1_1_SV_23000631,1_1_SV_23000631_3_1
1,2023,23000487,EC,1,2,S/ART. IREES,,1,1,1_1,1_1_EC_23000487,1_1_EC_23000487_2_1
1,2023,23000478,EC,1,1,DECAPAR/CHORREAR BOMBO COTOGONAL,,1,1,1_1,1_1_EC_23000478,1_1_EC_23000478_1_1
1,2023,23000474,EC,1,3,CON 3MT DE CABLE,,1,1,1_1,1_1_EC_23000474,1_1_EC_23000474_3_1
1,2023,23000474,EC,1,4,DIFERNCIA PREU PENDENT ABONAMENT,,1,1,1_1,1_1_EC_23000474,1_1_EC_23000474_4_1
1,2023,23000483,EC,1,2,CANON R.A.E.E. RD/208/2005,,1,1,1_1,1_1_EC_23000483,1_1_EC_23000483_2_1
1,2023,23000478,EC,1,2,DECAPAR BAST.INOX.,,1,1,1_1,1_1_EC_23000478,1_1_EC_23000478_2_1
1,2023,23000592,PV,1,2,5MT CABLE,,0,1,1_1,1_1_PV_23000592,1_1_PV_23000592_2_1
1,2023,23000515,EC,1,4,MRT-60A CUBY Nº 000149124,,1,1,1_1,1_1_EC_23000515,1_1_EC_23000515_4_1
1,2023,3891,EF,1,1,FABRICACION CALENTADORES MES,,0,1,1_1,1_1_EF_3891,1_1_EF_3891_1_1
1,2023,23000505,EC,1,1,DISNET LEJIA AMARILLA,,1,1,1_1,1_1_EC_23000505,1_1_EC_23000505_1_1
1,2023,23000505,EC,1,2,VIAKAL 500ML GEL,,1,1,1_1,1_1_EC_23000505,1_1_EC_23000505_2_1
1,2023,23000505,EC,1,3,SANICENTRO DESINFECTANTE 5L S/LEJIA,,1,1,1_1,1_1_EC_23000505,1_1_EC_23000505_3_1
1,2023,23000470,EC,1,1,PC-DANIEL: CANVIAR DISC DUR CRUCIAL SSD,,1,1,1_1,1_1_EC_23000470,1_1_EC_23000470_1_1
1,2023,23000470,EC,1,2,MX500 525Gb I CLONAR,,1,1,1_1,1_1_EC_23000470,1_1_EC_23000470_2_1
1,2023,23000470,EC,1,3,"MONITOR AOC 21'5"" FULL HD-HDMI -XAVIER",,1,1,1_1,1_1_EC_23000470,1_1_EC_23000470_3_1
1,2023,23000471,EC,1,1,CARTUTX TINTA ORIGINAL HP 953XL NEGRE,,1,1,1_1,1_1_EC_23000471,1_1_EC_23000471_1_1
1,2023,23000471,EC,1,2,CARTUTX TINTA ORIGINAL HP 953XL BLAU,,1,1,1_1,1_1_EC_23000471,1_1_EC_23000471_2_1
1,2023,23000471,EC,1,3,CARTUTX TINTA ORIGINAL HP 953XL GROC,,1,1,1_1,1_1_EC_23000471,1_1_EC_23000471_3_1
1,2023,23000644,SV,1,2,del PX6012,,1,1,1_1,1_1_SV_23000644,1_1_SV_23000644_2_1
1,2023,23000492,EC,1,2,PT-520052,,1,1,1_1,1_1_EC_23000492,1_1_EC_23000492_2_1
1,2023,23000647,PV,1,2,1050+190 PL250(130-I),,0,1,1_1,1_1_PV_23000647,1_1_PV_23000647_2_1
1,2023,23000623,PV,1,2,"4x1200, 1x700, 1x600",,0,1,1_1,1_1_PV_23000623,1_1_PV_23000623_2_1
1,2023,23000602,PV,1,2,3MT CABLE,,0,1,1_1,1_1_PV_23000602,1_1_PV_23000602_2_1
1,2023,3885,SF,1,10,GRUESO 1.5mm,,0,1,1_1,1_1_SF_3885,1_1_SF_3885_10_1
1,2023,23000608,PV,1,2,TEFLON 2000W 400V 10242H 3MT 2ARANDELA,,0,1,1_1,1_1_PV_23000608,1_1_PV_23000608_2_1
1,2023,23000608,PV,1,4,Ti 2000W 220V 6177H 2ARANDELAS,,0,1,1_1,1_1_PV_23000608,1_1_PV_23000608_4_1
1,2023,3939,SF,1,10,10/10191 ARANDELA Ti DIN-125 P/M-10,,0,1,1_1,1_1_SF_3939,1_1_SF_3939_10_1
1,2023,23000582,PV,1,2,3MT CABLE,,0,1,1_1,1_1_PV_23000582,1_1_PV_23000582_2_1
1,2023,23000623,PV,1,4,"2x1700, 2x900, 1x800",,0,1,1_1,1_1_PV_23000623,1_1_PV_23000623_4_1
1,2023,23000612,PV,1,2,"ACTIVO 800, 2MT CABLE",,0,1,1_1,1_1_PV_23000612,1_1_PV_23000612_2_1
1,2023,23000355,PC,1,2,ZONA ACTIVO 500,,0,1,1_1,1_1_PC_23000355,1_1_PC_23000355_2_1
1,2023,23000355,PC,1,4,"ACTIVO 800, 2MT CABLE",,0,1,1_1,1_1_PC_23000355,1_1_PC_23000355_4_1
1,2023,23000355,PC,1,6,CBZAL GOMA,,0,1,1_1,1_1_PC_23000355,1_1_PC_23000355_6_1
1,2023,23000341,PC,1,2,RECTIFICAR Y AJUSTAR PUNCHONES,,0,1,1_1,1_1_PC_23000341,1_1_PC_23000341_2_1
1,2023,23000356,PC,1,2,REPLATING OF TITANIUM ANODES,,0,1,1_1,1_1_PC_23000356,1_1_PC_23000356_2_1
1,2023,23000356,PC,1,3,"Pt 3,5 MICRONS INSIDE",,0,1,1_1,1_1_PC_23000356,1_1_PC_23000356_3_1
1,2023,23000356,PC,1,4,"Pt 1,5 MICRONS OUTSIDE",,0,1,1_1,1_1_PC_23000356,1_1_PC_23000356_4_1
1,2023,23000356,PC,1,5,Article No.: 16009-0033,,0,1,1_1,1_1_PC_23000356,1_1_PC_23000356_5_1
1,2023,23000667,SV,1,2,1500+100 PL180(70-I),,1,1,1_1,1_1_SV_23000667,1_1_SV_23000667_2_1
1,2023,23000341,PC,1,4,RECTIFICAR,,0,1,1_1,1_1_PC_23000341,1_1_PC_23000341_4_1
1,2023,23000358,PC,1,2,CRONODUR PU-90 -A-  (1kg),,0,1,1_1,1_1_PC_23000358,1_1_PC_23000358_2_1
1,2023,23000358,PC,1,3,S/ART. 103201,,0,1,1_1,1_1_PC_23000358,1_1_PC_23000358_3_1
1,2023,23000358,PC,1,5,CRONODUR PU-90 -B-  (1kg),,0,1,1_1,1_1_PC_23000358,1_1_PC_23000358_5_1
1,2023,23000358,PC,1,6,S/ART. 103211,,0,1,1_1,1_1_PC_23000358,1_1_PC_23000358_6_1
1,2023,23000667,SV,1,4,830+120 PL200(90),,1,1,1_1,1_1_SV_23000667,1_1_SV_23000667_4_1
1,2023,23000506,EC,1,2,2 Cajas Lote 29092023,,1,1,1_1,1_1_EC_23000506,1_1_EC_23000506_2_1
1,2023,23000670,SV,1,2,MODIFICADO DEL BAST 02/08823,,1,1,1_1,1_1_SV_23000670,1_1_SV_23000670_2_1
1,2023,23000677,SV,1,2,CAMBIAR 1 CURVA Y PONER SOPORTE,,1,1,1_1,1_1_SV_23000677,1_1_SV_23000677_2_1
1,2023,23000655,SV,1,2,5MT CABLE,,1,1,1_1,1_1_SV_23000655,1_1_SV_23000655_2_1
1,2023,23000681,SV,1,3,EN GRUESO 3 *PRECIO ESPECIAL,,1,1,1_1,1_1_SV_23000681,1_1_SV_23000681_3_1
1,2023,23000378,PC,1,2,INACTIVO 160,,0,1,1_1,1_1_PC_23000378,1_1_PC_23000378_2_1
1,2023,23000518,EC,1,3,BOTAS PANTHER Mod.FRAGUA S3 No.41,,1,1,1_1,1_1_EC_23000518,1_1_EC_23000518_3_1
1,2023,23000349,PC,1,2,CA160 2 cajas,,0,1,1_1,1_1_PC_23000349,1_1_PC_23000349_2_1
1,2023,23000349,PC,1,3,"1000ud lote 12022, 1000ud lote 12084",,0,1,1_1,1_1_PC_23000349,1_1_PC_23000349_3_1
1,2023,23000506,EC,1,4,SM85 4 cajas Lote 44872,,1,1,1_1,1_1_EC_23000506,1_1_EC_23000506_4_1
1,2023,23000518,EC,1,4,"MRF, JOM, FBG",,1,1,1_1,1_1_EC_23000518,1_1_EC_23000518_4_1
1,2023,23000608,NF,1,2,CBZA GOMA CON 3 MT DE CABLE,,0,1,1_1,1_1_NF_23000608,1_1_NF_23000608_2_1
1,2023,23000608,NF,1,4,,,0,1,1_1,1_1_NF_23000608,1_1_NF_23000608_4_1
1,2023,23000608,NF,1,5,,,0,1,1_1,1_1_NF_23000608,1_1_NF_23000608_5_1
1,2023,23000608,NF,1,6,NO FACTURAR: LLEGA MATERIAL ROTO,,0,1,1_1,1_1_NF_23000608,1_1_NF_23000608_6_1
1,2023,23000518,EC,1,5,BOTAS PANTHER Mod.FRAGUA S3 No.46,,1,1,1_1,1_1_EC_23000518,1_1_EC_23000518_5_1
1,2023,23000518,EC,1,6,JRC,,1,1,1_1,1_1_EC_23000518,1_1_EC_23000518_6_1
1,2023,23000683,SV,1,3,de 35x20,,1,1,1_1,1_1_SV_23000683,1_1_SV_23000683_3_1
1,2023,23000370,PC,1,2,4 BARRAS DE 6000mm,,0,1,1_1,1_1_PC_23000370,1_1_PC_23000370_2_1
1,2023,23000370,PC,1,4,4 BARRAS DE 6000mm,,0,1,1_1,1_1_PC_23000370,1_1_PC_23000370_4_1
1,2023,23000361,PC,1,8,PT-672153 - PT-372153 ?,,0,1,1_1,1_1_PC_23000361,1_1_PC_23000361_8_1
1,2023,23000361,PC,1,10,PT-714530......................NUEVO,,0,1,1_1,1_1_PC_23000361,1_1_PC_23000361_10_1
1,2023,23000503,EC,1,5,3MT DE CABLE,,1,1,1_1,1_1_EC_23000503,1_1_EC_23000503_5_1
1,2023,23000509,EC,1,2,SOFAMEL TD-6/4 S/ART.90257,,1,1,1_1,1_1_EC_23000509,1_1_EC_23000509_2_1
1,2023,23000392,PC,1,2,S/ART. I2208066495,,0,1,1_1,1_1_PC_23000392,1_1_PC_23000392_2_1
1,2023,4057,EF,1,1,,,0,1,1_1,1_1_EF_4057,1_1_EF_4057_1_1
1,2023,23000723,SV,1,3,SUSTITUIR PINZAS DE TORNILLOS A SOLDADAS,,1,1,1_1,1_1_SV_23000723,1_1_SV_23000723_3_1
1,2023,23000525,EC,1,2,ZONA ACTIVO 500,,1,1,1_1,1_1_EC_23000525,1_1_EC_23000525_2_1
1,2023,23000525,EC,1,4,CBZAL GOMA,,1,1,1_1,1_1_EC_23000525,1_1_EC_23000525_4_1
1,2023,23000627,PV,1,2,INCOLOY-825 4000W 400V III 9684H,,0,1,1_1,1_1_PV_23000627,1_1_PV_23000627_2_1
1,2023,23000628,PV,1,2,1350+95 PL225(80) OF-2156,,0,1,1_1,1_1_PV_23000628,1_1_PV_23000628_2_1
1,2023,23000628,PV,1,4,1530+180 PL270(140-I) OF-2201,,0,1,1_1,1_1_PV_23000628,1_1_PV_23000628_4_1
1,2023,23000628,PV,1,6,1000+100 PL170(80) OF-2182,,0,1,1_1,1_1_PV_23000628,1_1_PV_23000628_6_1
1,2023,23000364,PC,1,2,5MT DE CABLE,,0,1,1_1,1_1_PC_23000364,1_1_PC_23000364_2_1
1,2023,23000502,EC,1,2,CONFECCION EN ANCHO PLANO MEDIDAS INTERIORES,,1,1,1_1,1_1_EC_23000502,1_1_EC_23000502_2_1
1,2023,23000507,EC,1,2,Heat YH CX-2205-WG Lot 2310092 D10,,1,1,1_1,1_1_EC_23000507,1_1_EC_23000507_2_1
1,2023,23000507,EC,1,4,"Heat YH CX-2237-WG Lot 2310093 c/9,5",,1,1,1_1,1_1_EC_23000507,1_1_EC_23000507_4_1
1,2023,23000507,EC,1,6,Heat YH CX-2306-WG Lot 2310094 D8,,1,1,1_1,1_1_EC_23000507,1_1_EC_23000507_6_1
1,2023,23000507,EC,1,8,Heat YH CX-2304-WG Lot 2310095 D18,,1,1,1_1,1_1_EC_23000507,1_1_EC_23000507_8_1
1,2023,23000507,EC,1,10,Heat YH CX-2205-WG Lot 2310096 D8,,1,1,1_1,1_1_EC_23000507,1_1_EC_23000507_10_1
1,2023,23000507,EC,1,12,Heat YH CX-2306-WG Lot 2310115 D8,,1,1,1_1,1_1_EC_23000507,1_1_EC_23000507_12_1
1,2023,23000502,EC,1,3,DEJAR SIN COSER LOS 20mm SUPERIORES,,1,1,1_1,1_1_EC_23000502,1_1_EC_23000502_3_1
1,2023,23000502,EC,1,4,S/ART. I23080664A71,,1,1,1_1,1_1_EC_23000502,1_1_EC_23000502_4_1
1,2023,23000656,SV,1,2,CON 7 MT CABLE,,1,1,1_1,1_1_SV_23000656,1_1_SV_23000656_2_1
1,2023,23000360,PC,1,2,CA160195060 Caja de 2000ud lOTE 12022,,0,1,1_1,1_1_PC_23000360,1_1_PC_23000360_2_1
1,2023,23000360,PC,1,4,SM85 Caja de 2000ud lOTE 47127,,0,1,1_1,1_1_PC_23000360,1_1_PC_23000360_4_1
1,2023,23000518,EC,1,7,ZAPATO PANTHER EOLO PLUS SP1 No.42,,1,1,1_1,1_1_EC_23000518,1_1_EC_23000518_7_1
1,2023,23000518,EC,1,8,MPP,,1,1,1_1,1_1_EC_23000518,1_1_EC_23000518_8_1
1,2023,23000648,PV,1,2,Ti 4000W 230V 8065H 8MT 2ARANDELAS,,0,1,1_1,1_1_PV_23000648,1_1_PV_23000648_2_1
1,2023,23000648,PV,1,3,SIN SOPORTE,,0,1,1_1,1_1_PV_23000648,1_1_PV_23000648_3_1
1,2023,23000648,PV,1,5,INCOLOY-800 2000W 230V 10712H 2MT,,0,1,1_1,1_1_PV_23000648,1_1_PV_23000648_5_1
1,2023,23000648,PV,1,7,TEFLON 2200W 380V 2ARANDELAS,,0,1,1_1,1_1_PV_23000648,1_1_PV_23000648_7_1
1,2023,23000651,PV,1,2,S/CODIGO 185R2,,0,1,1_1,1_1_PV_23000651,1_1_PV_23000651_2_1
1,2023,23000684,SV,1,2,TEFLON 2000W 400V 10242H 3MT 2ARANDELA,,1,1,1_1,1_1_SV_23000684,1_1_SV_23000684_2_1
1,2023,23000684,SV,1,4,Ti 2000W 220V 6177H 2ARANDELAS,,1,1,1_1,1_1_SV_23000684,1_1_SV_23000684_4_1
1,2023,23000633,PV,1,2,25 Varillas x 800mm,,0,1,1_1,1_1_PV_23000633,1_1_PV_23000633_2_1
1,2023,23000634,PV,1,2,"1 BARRA DE 3300, 1 BARRA DE 2400",,0,1,1_1,1_1_PV_23000634,1_1_PV_23000634_2_1
1,2023,23000366,PC,1,2,2C 23xm x 500m REF. PB500,,0,1,1_1,1_1_PC_23000366,1_1_PC_23000366_2_1
1,2023,23000366,PC,1,4,FARDO 96ud 2C 40m REF. PC040,,0,1,1_1,1_1_PC_23000366,1_1_PC_23000366_4_1
1,2023,23000366,PC,1,6,POLIURETANO GRIS TBN Mod. 500G2P talla 9,,0,1,1_1,1_1_PC_23000366,1_1_PC_23000366_6_1
1,2023,23000366,PC,1,8,POLIURETANO GRIS TBN Mod. 500G2P talla 8,,0,1,1_1,1_1_PC_23000366,1_1_PC_23000366_8_1
1,2023,23000385,PC,1,2,SM85215032 Caja de 4000ud - Lote 47127,,0,1,1_1,1_1_PC_23000385,1_1_PC_23000385_2_1
1,2023,23000496,EC,1,2,SR-RZH-400-2Z-TEF/316-06/08-12G-PB10-150,,1,1,1_1,1_1_EC_23000496,1_1_EC_23000496_2_1
1,2023,23000496,EC,1,4,SR-RZH-600-3Z-TEF/316-06/08-12G-PB10-150,,1,1,1_1,1_1_EC_23000496,1_1_EC_23000496_4_1
1,2023,3975,SF,1,10,10/10191 ARANDELA Ti DIN-125 P/M-10,,0,1,1_1,1_1_SF_3975,1_1_SF_3975_10_1
1,2023,3975,SF,1,11,26/60210 ARANDELA INOX.316 DIN-125 P/M-10,,0,1,1_1,1_1_SF_3975,1_1_SF_3975_11_1
1,2023,3975,SF,1,12,RETRACTIL TOPE,,0,1,1_1,1_1_SF_3975,1_1_SF_3975_12_1
1,2023,23000496,EC,1,6,SR-RZH-700-3Z-TEF/316-06/08-12G-PB10-150,,1,1,1_1,1_1_EC_23000496,1_1_EC_23000496_6_1
1,2023,23000698,SV,1,2,"1 BARRA DE 3300, 1 BARRA DE 2400",,1,1,1_1,1_1_SV_23000698,1_1_SV_23000698_2_1
1,2023,23000371,PC,1,2,MZ 5 + PREP 70,,0,1,1_1,1_1_PC_23000371,1_1_PC_23000371_2_1
1,2023,23000517,EC,1,2,CA160195060 Caja de 2000ud lOTE 12022,,1,1,1_1,1_1_EC_23000517,1_1_EC_23000517_2_1
1,2023,23000517,EC,1,4,SM85 Caja de 2000ud lOTE 47127,,1,1,1_1,1_1_EC_23000517,1_1_EC_23000517_4_1
1,2023,23000721,SV,1,2,"4x1200, 1x700, 1x600",,1,1,1_1,1_1_SV_23000721,1_1_SV_23000721_2_1
1,2023,23000705,SV,1,2,TOLVA 90x400 SALIDA D80,,1,1,1_1,1_1_SV_23000705,1_1_SV_23000705_2_1
1,2023,23000702,SV,1,2,ZONA ACTIVA 500,,1,1,1_1,1_1_SV_23000702,1_1_SV_23000702_2_1
1,2023,23000361,PC,1,12,PT-696462,,0,1,1_1,1_1_PC_23000361,1_1_PC_23000361_12_1
1,2023,23000361,PC,1,14,PT-714531.......................NUEVO,,0,1,1_1,1_1_PC_23000361,1_1_PC_23000361_14_1
1,2023,23000361,PC,1,16,PT-714532.........................NUEVO,,0,1,1_1,1_1_PC_23000361,1_1_PC_23000361_16_1
1,2023,23000361,PC,1,18,PT-714533........................NUEVO,,0,1,1_1,1_1_PC_23000361,1_1_PC_23000361_18_1
1,2023,23000361,PC,1,20,PT-640926,,0,1,1_1,1_1_PC_23000361,1_1_PC_23000361_20_1
1,2023,23000525,EC,1,6,5MT DE CABLE,,1,1,1_1,1_1_EC_23000525,1_1_EC_23000525_6_1
1,2023,23000550,EC,1,1,MANTENIMENT EQUIPS INFROMATICS DESEMBRE,,1,1,1_1,1_1_EC_23000550,1_1_EC_23000550_1_1
1,2023,23000523,EC,1,4,FARDO 96ud 2C 40m REF. PC040,,1,1,1_1,1_1_EC_23000523,1_1_EC_23000523_4_1
1,2023,23000523,EC,1,6,POLIURETANO GRIS TBN Mod. 500G2P talla 9,,1,1,1_1,1_1_EC_23000523,1_1_EC_23000523_6_1
1,2023,3969,SF,1,2,CALENTAR 230o - 1 MARCOS,,0,1,1_1,1_1_SF_3969,1_1_SF_3969_2_1
1,2023,3969,SF,1,3,COCER 185º 2 MARCOS,,0,1,1_1,1_1_SF_3969,1_1_SF_3969_3_1
1,2023,3969,SF,1,4,"FRECUENCIA 210""",,0,1,1_1,1_1_SF_3969,1_1_SF_3969_4_1
1,2023,3969,SF,1,5,MEDIDA UTILAGE PLASTISOL 57 APROX.,,0,1,1_1,1_1_SF_3969,1_1_SF_3969_5_1
1,2023,3969,SF,1,6,597 TERMINALES x VUELTA,,0,1,1_1,1_1_SF_3969,1_1_SF_3969_6_1
1,2023,23000646,PV,1,2,6 BAST L600x200x40,,0,1,1_1,1_1_PV_23000646,1_1_PV_23000646_2_1
1,2023,23000646,PV,1,3,6 BAST L900x200X40,,0,1,1_1,1_1_PV_23000646,1_1_PV_23000646_3_1
1,2023,23000646,PV,1,4,UTILES CARRO,,0,1,1_1,1_1_PV_23000646,1_1_PV_23000646_4_1
1,2023,23000523,EC,1,8,POLIURETANO GRIS TBN Mod. 500G2P talla 8,,1,1,1_1,1_1_EC_23000523,1_1_EC_23000523_8_1
1,2023,23000378,PC,1,3,TIPO HORQUILLA 3 ESPIRAS,,0,1,1_1,1_1_PC_23000378,1_1_PC_23000378_3_1
1,2023,23000378,PC,1,4,RACORES M14,,0,1,1_1,1_1_PC_23000378,1_1_PC_23000378_4_1
1,2023,23000528,EC,1,2,4 BARRAS DE 6000mm,,1,1,1_1,1_1_EC_23000528,1_1_EC_23000528_2_1
1,2023,23000528,EC,1,4,4 BARRAS DE 6000mm,,1,1,1_1,1_1_EC_23000528,1_1_EC_23000528_4_1
1,2023,23000381,PC,1,2,TOP CABLE POWERFLEX RV-K,,0,1,1_1,1_1_PC_23000381,1_1_PC_23000381_2_1
1,2023,23000529,EC,1,2,PT-618001,,1,1,1_1,1_1_EC_23000529,1_1_EC_23000529_2_1
1,2023,23000535,EC,1,2,B95-0900,,1,1,1_1,1_1_EC_23000535,1_1_EC_23000535_2_1
1,2023,23000378,PC,1,5,S/REF. 11046E,,0,1,1_1,1_1_PC_23000378,1_1_PC_23000378_5_1
1,2023,4012,SF,1,3,CALENTAR 230º 1MARCO,,0,1,1_1,1_1_SF_4012,1_1_SF_4012_3_1
1,2023,4012,SF,1,4,COCER 200º 2MARCOS,,0,1,1_1,1_1_SF_4012,1_1_SF_4012_4_1
1,2023,23000719,SV,1,2,Ti 3000W 230V 9668H 8MT 2ARANDELAS,,1,1,1_1,1_1_SV_23000719,1_1_SV_23000719_2_1
1,2023,23000665,SV,1,5,"CAÑA Ti 12,7x6,3 L1140   *A DEVOLVER*",,1,1,1_1,1_1_SV_23000665,1_1_SV_23000665_5_1
1,2023,23000613,PV,1,2,"Pt 3,5 MICRAS CARA INTERIOR",,0,1,1_1,1_1_PV_23000613,1_1_PV_23000613_2_1
1,2023,23000514,EC,1,2,CRONODUR PU-90 -A-  (1kg),,1,1,1_1,1_1_EC_23000514,1_1_EC_23000514_2_1
1,2023,23000514,EC,1,3,S/ART. 103201,,1,1,1_1,1_1_EC_23000514,1_1_EC_23000514_3_1
1,2023,23000514,EC,1,5,CRONODUR PU-90 -B-  (1kg),,1,1,1_1,1_1_EC_23000514,1_1_EC_23000514_5_1
1,2023,23000514,EC,1,6,S/ART. 103211,,1,1,1_1,1_1_EC_23000514,1_1_EC_23000514_6_1
1,2023,23000654,PV,1,2,TEFLON 3000W 230V 9026H 6MT 2ARANDELAS,,0,1,1_1,1_1_PV_23000654,1_1_PV_23000654_2_1
1,2023,23000377,PC,1,2,S/REF. 0050550500VR,,0,1,1_1,1_1_PC_23000377,1_1_PC_23000377_2_1
1,2023,23000714,SV,1,2,Longitud 2150mm,,1,1,1_1,1_1_SV_23000714,1_1_SV_23000714_2_1
1,2023,23000711,SV,1,2,CON 5MT CABLE,,1,1,1_1,1_1_SV_23000711,1_1_SV_23000711_2_1
1,2023,23000721,SV,1,4,"2x1700, 2x900, 1x800",,1,1,1_1,1_1_SV_23000721,1_1_SV_23000721_4_1
1,2023,23000721,SV,1,6,"4x1000, 10x800",,1,1,1_1,1_1_SV_23000721,1_1_SV_23000721_6_1
1,2023,23000624,PV,1,2,TOLVA 90x400 SALIDA D80,,0,1,1_1,1_1_PV_23000624,1_1_PV_23000624_2_1
1,2023,23000625,PV,1,5,SUSTITUIR PINZAS DE TORNILLOS A SOLDADAS,,0,1,1_1,1_1_PV_23000625,1_1_PV_23000625_5_1
1,2023,23000625,PV,1,6,Y REPONER LAS QUE FALTAN,,0,1,1_1,1_1_PV_23000625,1_1_PV_23000625_6_1
1,2023,23000721,SV,1,8,"2x1200, 2x500",,1,1,1_1,1_1_SV_23000721,1_1_SV_23000721_8_1
1,2023,23000668,SV,1,3,SUSTITUIR PINZAS DE TORNILLOS A SOLDADAS,,1,1,1_1,1_1_SV_23000668,1_1_SV_23000668_3_1
1,2023,23000519,EC,1,5,"MZ 22,64 + PREP. 206",,1,1,1_1,1_1_EC_23000519,1_1_EC_23000519_5_1
1,2023,23000527,EC,1,2,INACTIVO 160,,1,1,1_1,1_1_EC_23000527,1_1_EC_23000527_2_1
1,2023,23000524,EC,1,2,"INACTIVO POR LADO 300mm, ESPIGA M-4",,1,1,1_1,1_1_EC_23000524,1_1_EC_23000524_2_1
1,2023,23000498,EC,1,2,"Díametro 10,25x12,25mm",,1,1,1_1,1_1_EC_23000498,1_1_EC_23000498_2_1
1,2023,23000498,EC,1,3,Rollo entero S/REF. M1512340866,,1,1,1_1,1_1_EC_23000498,1_1_EC_23000498_3_1
1,2023,23000513,EC,1,2,CA160 2 cajas,,1,1,1_1,1_1_EC_23000513,1_1_EC_23000513_2_1
1,2023,23000513,EC,1,3,"1000ud lote 12022, 1000ud lote 12084",,1,1,1_1,1_1_EC_23000513,1_1_EC_23000513_3_1
1,2023,23000346,PC,1,2,YH CX-2205-WG Lot 2311029 D10,,0,1,1_1,1_1_PC_23000346,1_1_PC_23000346_2_1
1,2023,23000346,PC,1,4,"YH CX-2237-WG Lot 2311030 C/9,5",,0,1,1_1,1_1_PC_23000346,1_1_PC_23000346_4_1
1,2023,23000354,PC,1,1,"MOTOR 0,75KW 23/400V 4P 80B/B5 PAM 19x200",,0,1,1_1,1_1_PC_23000354,1_1_PC_23000354_1_1
1,2023,23000354,PC,1,2,Elle.Gi 3-TYPE MS802-4 Nº 2023031028,,0,1,1_1,1_1_PC_23000354,1_1_PC_23000354_2_1
1,2023,23000354,PC,1,3,"REDUCTOR MRT-60A FTRL/1 i=7,5 PAM 19x200",,0,1,1_1,1_1_PC_23000354,1_1_PC_23000354_3_1
1,2023,23000354,PC,1,4,MRT-60A CUBY Nº 000149124,,0,1,1_1,1_1_PC_23000354,1_1_PC_23000354_4_1
1,2023,23000638,PV,1,2,Ti 3000W 230V 9668H 8MT 2ARANDELAS,,0,1,1_1,1_1_PV_23000638,1_1_PV_23000638_2_1
1,2023,23000638,PV,1,3,SIN SOPORTE,,0,1,1_1,1_1_PV_23000638,1_1_PV_23000638_3_1
1,2023,23000638,PV,1,5,Ti 3750W 230V 10714H 2MT,,0,1,1_1,1_1_PV_23000638,1_1_PV_23000638_5_1
1,2023,23000515,EC,1,1,"MOTOR 0,75KW 23/400V 4P 80B/B5 PAM 19x200",,1,1,1_1,1_1_EC_23000515,1_1_EC_23000515_1_1
1,2023,23000515,EC,1,2,Elle.Gi 3-TYPE MS802-4 Nº 2023031028,,1,1,1_1,1_1_EC_23000515,1_1_EC_23000515_2_1
1,2023,23000515,EC,1,3,"REDUCTOR MRT-60A FTRL/1 i=7,5 PAM 19x200",,1,1,1_1,1_1_EC_23000515,1_1_EC_23000515_3_1
1,2023,23000365,PC,1,1,BOTAS PANTHER Mod.FRAGUA S3 No.40,,0,1,1_1,1_1_PC_23000365,1_1_PC_23000365_1_1
1,2023,23000365,PC,1,2,"JASS, JFLI",,0,1,1_1,1_1_PC_23000365,1_1_PC_23000365_2_1
1,2023,23000365,PC,1,3,BOTAS PANTHER Mod.FRAGUA S3 No.41,,0,1,1_1,1_1_PC_23000365,1_1_PC_23000365_3_1
1,2023,23000365,PC,1,4,"MRF, JOM, FBG",,0,1,1_1,1_1_PC_23000365,1_1_PC_23000365_4_1
1,2023,23000365,PC,1,5,BOTAS PANTHER Mod.FRAGUA S3 No.46,,0,1,1_1,1_1_PC_23000365,1_1_PC_23000365_5_1
1,2023,23000365,PC,1,6,JRC,,0,1,1_1,1_1_PC_23000365,1_1_PC_23000365_6_1
1,2023,23000365,PC,1,7,ZAPATO PANTHER EOLO PLUS SP1 No.42,,0,1,1_1,1_1_PC_23000365,1_1_PC_23000365_7_1
1,2023,23000365,PC,1,8,MPP,,0,1,1_1,1_1_PC_23000365,1_1_PC_23000365_8_1
1,2023,23000524,EC,1,3,DESPUES HEMOS DE DOBLAR A r20,,1,1,1_1,1_1_EC_23000524,1_1_EC_23000524_3_1
1,2023,23000524,EC,1,4,MARCAR SEGÚN INDICACIONES,,1,1,1_1,1_1_EC_23000524,1_1_EC_23000524_4_1
1,2023,23000524,EC,1,5,S/REF. C144743,,1,1,1_1,1_1_EC_23000524,1_1_EC_23000524_5_1
1,2023,23000359,PC,1,2,S/ART. I2208066490,,0,1,1_1,1_1_PC_23000359,1_1_PC_23000359_2_1
1,2023,23000639,PV,1,2,"4x1000, 10x800",,0,1,1_1,1_1_PV_23000639,1_1_PV_23000639_2_1
1,2023,3974,SF,1,8,RETRACTIL TOPE,,0,1,1_1,1_1_SF_3974,1_1_SF_3974_8_1
1,2023,23000346,PC,1,6,YH CX-2306-WG Lot 2311033 D6,,0,1,1_1,1_1_PC_23000346,1_1_PC_23000346_6_1
1,2023,23000346,PC,1,8,YH CX-2306-WG Lot 2311033 D6,,0,1,1_1,1_1_PC_23000346,1_1_PC_23000346_8_1
1,2023,23000346,PC,1,10,YH CX-2355-WG Lot 2311040 D32,,0,1,1_1,1_1_PC_23000346,1_1_PC_23000346_10_1
1,2023,23000639,PV,1,4,"2x1200, 2x500",,0,1,1_1,1_1_PV_23000639,1_1_PV_23000639_4_1
1,2023,23000639,PV,1,6,2100x150,,0,1,1_1,1_1_PV_23000639,1_1_PV_23000639_6_1
1,2023,23000343,PC,1,2,INACTIVO 160,,0,1,1_1,1_1_PC_23000343,1_1_PC_23000343_2_1
1,2023,23000343,PC,1,3,TIPO HORQUILLA 3 ESPIRAS,,0,1,1_1,1_1_PC_23000343,1_1_PC_23000343_3_1
1,2023,23000343,PC,1,4,RACORES M14,,0,1,1_1,1_1_PC_23000343,1_1_PC_23000343_4_1
1,2023,23000343,PC,1,5,S/REF. 11046E,,0,1,1_1,1_1_PC_23000343,1_1_PC_23000343_5_1
1,2023,23000707,SV,1,2,1350+95 PL225(80) OF-2156,,1,1,1_1,1_1_SV_23000707,1_1_SV_23000707_2_1
1,2023,23000707,SV,1,4,1530+180 PL270(140-I) OF-2201,,1,1,1_1,1_1_SV_23000707,1_1_SV_23000707_4_1
1,2023,23000707,SV,1,6,1000+100 PL170(80) OF-2182,,1,1,1_1,1_1_SV_23000707,1_1_SV_23000707_6_1
1,2023,23000640,PV,1,2,5MT CABLE,,0,1,1_1,1_1_PV_23000640,1_1_PV_23000640_2_1
1,2023,23000393,PC,1,2,YH CX-2330-WG Lot 2309013,,0,1,1_1,1_1_PC_23000393,1_1_PC_23000393_2_1
1,2023,23000551,EC,1,1,TN-2220 TONER BROTHER ORIGINAL,,1,1,1_1,1_1_EC_23000551,1_1_EC_23000551_1_1
1,2023,23000551,EC,1,2,CABLE DE RED CATG.6 -3Mtrs.,,1,1,1_1,1_1_EC_23000551,1_1_EC_23000551_2_1
1,2023,23000664,PV,1,2,S/ART. 60201120,,0,1,1_1,1_1_PV_23000664,1_1_PV_23000664_2_1
1,2023,23000393,PC,1,4,YH CX-2306-WG Lot 2312005 D6,,0,1,1_1,1_1_PC_23000393,1_1_PC_23000393_4_1
1,2023,23000642,PV,1,2,25 VARILLAS x 800mm,,0,1,1_1,1_1_PV_23000642,1_1_PV_23000642_2_1
1,2023,23000642,PV,1,4,20 VARILLAS x 1000mm,,0,1,1_1,1_1_PV_23000642,1_1_PV_23000642_4_1
1,2023,23000530,EC,1,1,CAMBIAR MECANISMO ELEVALUNAS PUERTA,,1,1,1_1,1_1_EC_23000530,1_1_EC_23000530_1_1
1,2023,23000530,EC,1,2,DERECHA TRASERA Y CAMBIAR LUZ MATRICULA,,1,1,1_1,1_1_EC_23000530,1_1_EC_23000530_2_1
1,2023,23000530,EC,1,3,VEHICULO SUSTITUCION 1 DIA X 5,,1,1,1_1,1_1_EC_23000530,1_1_EC_23000530_3_1
1,2023,23000526,EC,1,2,B85D32C95,,1,1,1_1,1_1_EC_23000526,1_1_EC_23000526_2_1
1,2023,23000526,EC,1,4,B90D32C95,,1,1,1_1,1_1_EC_23000526,1_1_EC_23000526_4_1
1,2023,23000512,EC,1,2,3MT CABLE,,1,1,1_1,1_1_EC_23000512,1_1_EC_23000512_2_1
1,2023,23000643,PV,1,2,Longitud 2150mm,,0,1,1_1,1_1_PV_23000643,1_1_PV_23000643_2_1
1,2023,3968,SF,1,2,CALENTAR 230o - 2 MARCOS,,0,1,1_1,1_1_SF_3968,1_1_SF_3968_2_1
1,2023,3968,SF,1,3,COCER 180o - 2 MARCOS,,0,1,1_1,1_1_SF_3968,1_1_SF_3968_3_1
1,2023,3968,SF,1,4,COCER 180o - 2 MARCOS,,0,1,1_1,1_1_SF_3968,1_1_SF_3968_4_1
1,2023,3968,SF,1,5,"1 OPERARIO - FRECUENCIA 3,5",,0,1,1_1,1_1_SF_3968,1_1_SF_3968_5_1
1,2023,3968,SF,1,6,MEDIDA PLASTISOL 62mm APROX.,,0,1,1_1,1_1_SF_3968,1_1_SF_3968_6_1
1,2023,3968,SF,1,7,1600 x VUELTA,,0,1,1_1,1_1_SF_3968,1_1_SF_3968_7_1
1,2023,3968,SF,1,8,16VUELTAS CAJA 25600,,0,1,1_1,1_1_SF_3968,1_1_SF_3968_8_1
1,2023,23000593,PV,1,2,INACTIVO 160,,0,1,1_1,1_1_PV_23000593,1_1_PV_23000593_2_1
1,2023,23000593,PV,1,3,TIPO HORQUILLA 3 ESPIRAS,,0,1,1_1,1_1_PV_23000593,1_1_PV_23000593_3_1
1,2023,23000523,EC,1,2,2C 23xm x 500m REF. PB500,,1,1,1_1,1_1_EC_23000523,1_1_EC_23000523_2_1
1,2023,23000520,EC,1,8,DEVUELTO,,1,1,1_1,1_1_EC_23000520,1_1_EC_23000520_8_1
1,2023,23000522,EC,1,2,S/ART. I2208066490,,1,1,1_1,1_1_EC_23000522,1_1_EC_23000522_2_1
1,2023,3994,SF,1,7,10/10191 ARANDELA Ti DIN-125 P/M-10,,0,1,1_1,1_1_SF_3994,1_1_SF_3994_7_1
1,2023,23000393,PC,1,6,YH CX-2355-WG Lot 2311039 D10,,0,1,1_1,1_1_PC_23000393,1_1_PC_23000393_6_1
1,2023,23000542,EC,1,4,PT-716901.........................NUEVO,,1,1,1_1,1_1_EC_23000542,1_1_EC_23000542_4_1
1,2023,23000386,PC,1,2,CRONODUR PU-90 -A-  (1kg),,0,1,1_1,1_1_PC_23000386,1_1_PC_23000386_2_1
1,2023,23000386,PC,1,3,S/ART. 103201,,0,1,1_1,1_1_PC_23000386,1_1_PC_23000386_3_1
1,2023,23000527,EC,1,3,TIPO HORQUILLA 3 ESPIRAS,,1,1,1_1,1_1_EC_23000527,1_1_EC_23000527_3_1
1,2023,23000527,EC,1,4,RACORES M14,,1,1,1_1,1_1_EC_23000527,1_1_EC_23000527_4_1
1,2023,23000527,EC,1,5,S/REF. 11046E,,1,1,1_1,1_1_EC_23000527,1_1_EC_23000527_5_1
1,2023,23000547,EC,1,2,TOP CABLE POWERFLEX RV-K,,1,1,1_1,1_1_EC_23000547,1_1_EC_23000547_2_1
1,2023,23000547,EC,1,3,S/ART. 145134,,1,1,1_1,1_1_EC_23000547,1_1_EC_23000547_3_1
1,2023,23000547,EC,1,5,TOP CABLE POWERFLEX RV-K,,1,1,1_1,1_1_EC_23000547,1_1_EC_23000547_5_1
1,2023,23000547,EC,1,6,S/ART. 146136,,1,1,1_1,1_1_EC_23000547,1_1_EC_23000547_6_1
1,2023,23000542,EC,1,6,PT-716902.......................NUEVO,,1,1,1_1,1_1_EC_23000542,1_1_EC_23000542_6_1
1,2023,23000542,EC,1,8,15%,,1,1,1_1,1_1_EC_23000542,1_1_EC_23000542_8_1
1,2023,23000732,SV,1,2,ALB 7211 SUREDA I FILLS POR  MODIFICAR ARO,,1,1,1_1,1_1_SV_23000732,1_1_SV_23000732_2_1
1,2023,23000566,EC,1,1,REVISIO COMPRESOR BETICO ER-30 1089500,,1,1,1_1,1_1_EC_23000566,1_1_EC_23000566_1_1
1,2023,23000558,EC,1,2,S/ART. I2208066495,,1,1,1_1,1_1_EC_23000558,1_1_EC_23000558_2_1
1,2023,23000668,SV,1,4,REPONER LAS QUE FALTAN,,1,1,1_1,1_1_SV_23000668,1_1_SV_23000668_4_1
1,2023,3578,EF,1,1,REPARACIONES Y CONSERVACION,,0,1,1_1,1_1_EF_3578,1_1_EF_3578_1_1
1,2023,4008,SF,1,10,10/10191 ARANDELA Ti DIN-125 P/M-10,,0,1,1_1,1_1_SF_4008,1_1_SF_4008_10_1
1,2023,4008,SF,1,11,26/60210 ARANDELA INOX.316 DIN-125 P/M-10,,0,1,1_1,1_1_SF_4008,1_1_SF_4008_11_1
1,2023,4008,SF,1,12,RETRACTIL TOPE,,0,1,1_1,1_1_SF_4008,1_1_SF_4008_12_1
1,2023,23000381,PC,1,3,S/ART. 145134,,0,1,1_1,1_1_PC_23000381,1_1_PC_23000381_3_1
1,2023,23000381,PC,1,5,TOP CABLE POWERFLEX RV-K,,0,1,1_1,1_1_PC_23000381,1_1_PC_23000381_5_1
1,2023,23000381,PC,1,6,S/ART. 146136,,0,1,1_1,1_1_PC_23000381,1_1_PC_23000381_6_1
1,2023,23000381,PC,1,8,TOP CABLE POWERFLEX RV-K,,0,1,1_1,1_1_PC_23000381,1_1_PC_23000381_8_1
1,2023,23000381,PC,1,9,S/ART. 145138,,0,1,1_1,1_1_PC_23000381,1_1_PC_23000381_9_1
1,2023,23000658,PV,1,2,S/ART. 05049016,,0,1,1_1,1_1_PV_23000658,1_1_PV_23000658_2_1
1,2023,23000529,EC,1,4,PT-640925,,1,1,1_1,1_1_EC_23000529,1_1_EC_23000529_4_1
1,2023,23000529,EC,1,6,PT-714529............................NUEVO,,1,1,1_1,1_1_EC_23000529,1_1_EC_23000529_6_1
1,2023,23000529,EC,1,8,PT-672153 - PT-372153 ?,,1,1,1_1,1_1_EC_23000529,1_1_EC_23000529_8_1
1,2023,23000529,EC,1,10,PT-714530......................NUEVO,,1,1,1_1,1_1_EC_23000529,1_1_EC_23000529_10_1
1,2023,23000529,EC,1,12,PT-696462,,1,1,1_1,1_1_EC_23000529,1_1_EC_23000529_12_1
1,2023,23000529,EC,1,14,PT-714531.......................NUEVO,,1,1,1_1,1_1_EC_23000529,1_1_EC_23000529_14_1
1,2023,23000529,EC,1,16,PT-714532.........................NUEVO,,1,1,1_1,1_1_EC_23000529,1_1_EC_23000529_16_1
1,2023,23000529,EC,1,18,PT-714533........................NUEVO,,1,1,1_1,1_1_EC_23000529,1_1_EC_23000529_18_1
1,2023,23000529,EC,1,20,PT-640926,,1,1,1_1,1_1_EC_23000529,1_1_EC_23000529_20_1
1,2023,23000540,EC,1,2,RECTIFICAR Y AJUSTAR PUNCHONES,,1,1,1_1,1_1_EC_23000540,1_1_EC_23000540_2_1
1,2023,23000540,EC,1,4,RECTIFICAR,,1,1,1_1,1_1_EC_23000540,1_1_EC_23000540_4_1
1,2023,23000386,PC,1,5,CRONODUR PU-90 -B-  (1kg),,0,1,1_1,1_1_PC_23000386,1_1_PC_23000386_5_1
1,2023,23000386,PC,1,6,S/ART. 103211,,0,1,1_1,1_1_PC_23000386,1_1_PC_23000386_6_1
1,2023,23000386,PC,1,8,ACMOS 82-2405 S/ART. 087010,,0,1,1_1,1_1_PC_23000386,1_1_PC_23000386_8_1
1,2023,4012,SF,1,5,"FRECUENCIA 300""",,0,1,1_1,1_1_SF_4012,1_1_SF_4012_5_1
1,2023,4012,SF,1,6,"PARADA 45""",,0,1,1_1,1_1_SF_4012,1_1_SF_4012_6_1
1,2023,23000659,PV,1,2,CBZAL GOMA,,0,1,1_1,1_1_PV_23000659,1_1_PV_23000659_2_1
1,2023,23000305,PC,1,2,"33 Chapas de 0,70x1000x2000mm",,0,1,1_1,1_1_PC_23000305,1_1_PC_23000305_2_1
1,2023,23000305,PC,1,3,Heat 20227057 Lot 22034228,,0,1,1_1,1_1_PC_23000305,1_1_PC_23000305_3_1
1,2023,23000305,PC,1,5,"45 Chapas de 0,70x1000x2000mm",,0,1,1_1,1_1_PC_23000305,1_1_PC_23000305_5_1
1,2023,23000736,SV,1,2,S/ART. 05049016,,1,1,1_1,1_1_SV_23000736,1_1_SV_23000736_2_1
1,2023,3952,SF,1,1,sensa material,,0,1,1_1,1_1_SF_3952,1_1_SF_3952_1_1
1,2023,3953,SF,1,1,sensa material,,0,1,1_1,1_1_SF_3953,1_1_SF_3953_1_1
1,2023,3954,SF,1,1,sensa material,,0,1,1_1,1_1_SF_3954,1_1_SF_3954_1_1
1,2023,4012,SF,1,7,INMERSOR BAJADA RAPIDA -SUBIDA LENTA,,0,1,1_1,1_1_SF_4012,1_1_SF_4012_7_1
1,2023,23000737,SV,1,2,S/ART. 6021215,,1,1,1_1,1_1_SV_23000737,1_1_SV_23000737_2_1
1,2023,23000759,SV,1,2,2 bastidors entregat amb l'albarà 23000747,,1,1,1_1,1_1_SV_23000759,1_1_SV_23000759_2_1
1,2023,23000759,SV,1,3,6 bastidors entregat amb l'albara 23000753,,1,1,1_1,1_1_SV_23000759,1_1_SV_23000759_3_1
1,2023,23000554,EC,1,2,CBZAL GOMA,,1,1,1_1,1_1_EC_23000554,1_1_EC_23000554_2_1
1,2023,23000662,PV,1,2,INOX316L 6000W 400V 6302H,,0,1,1_1,1_1_PV_23000662,1_1_PV_23000662_2_1
1,2023,23000662,PV,1,4,INOX316L 6000W 380V 10723H,,0,1,1_1,1_1_PV_23000662,1_1_PV_23000662_4_1
1,2023,23000568,NC,1,2,PT-697043,,0,1,1_1,1_1_NC_23000568,1_1_NC_23000568_2_1
1,2023,23000305,PC,1,6,Heat 20227057 Lot 22034229,,0,1,1_1,1_1_PC_23000305,1_1_PC_23000305_6_1
1,2023,23000728,SV,1,3,6 BAST L900x200X40,,1,1,1_1,1_1_SV_23000728,1_1_SV_23000728_3_1
1,2023,23000728,SV,1,4,UTILES CARRO,,1,1,1_1,1_1_SV_23000728,1_1_SV_23000728_4_1
1,2023,23000745,SV,1,2,2100x150,,1,1,1_1,1_1_SV_23000745,1_1_SV_23000745_2_1
1,2023,23000723,SV,1,4,Y REPONER LAS QUE FALTAN,,1,1,1_1,1_1_SV_23000723,1_1_SV_23000723_4_1
1,2023,23000741,SV,1,2,"ACTIVO 800, 2MT CABLE",,1,1,1_1,1_1_SV_23000741,1_1_SV_23000741_2_1
1,2023,23000730,SV,1,2,Entregada en rollo,,1,1,1_1,1_1_SV_23000730,1_1_SV_23000730_2_1
1,2023,23000568,NC,1,3,REPOSICION PIEZAS SUCIAS Y DEFORMADAS,,0,1,1_1,1_1_NC_23000568,1_1_NC_23000568_3_1
1,2023,23000558,EC,1,4,S/ART. I2208066490,,1,1,1_1,1_1_EC_23000558,1_1_EC_23000558_4_1
1,2023,23000558,EC,1,5,PRECIO MODIFICAR A VELCRO,,1,1,1_1,1_1_EC_23000558,1_1_EC_23000558_5_1
1,2023,23000566,EC,1,2,HORAMETRO: ?????,,1,1,1_1,1_1_EC_23000566,1_1_EC_23000566_2_1
1,2023,23000566,EC,1,3,MANTENIMIENT TIPO A: SUBSTITUCIO FILTRE AIRE,,1,1,1_1,1_1_EC_23000566,1_1_EC_23000566_3_1
1,2023,23000392,PC,1,4,S/ART. I2208066490,,0,1,1_1,1_1_PC_23000392,1_1_PC_23000392_4_1
1,2023,23000392,PC,1,5,PRECIO MODIFICAR A VELCRO,,0,1,1_1,1_1_PC_23000392,1_1_PC_23000392_5_1
1,2023,23000566,EC,1,4,"I FILTRE OLI, VERIFICAR NIVELL OLI, NETEJA RADIADOR",,1,1,1_1,1_1_EC_23000566,1_1_EC_23000566_4_1
1,2023,23000553,EC,1,2,CRONODUR PU-90 -A-  (1kg),,1,1,1_1,1_1_EC_23000553,1_1_EC_23000553_2_1
1,2023,23000553,EC,1,3,S/ART. 103201,,1,1,1_1,1_1_EC_23000553,1_1_EC_23000553_3_1
1,2023,23000553,EC,1,5,CRONODUR PU-90 -B-  (1kg),,1,1,1_1,1_1_EC_23000553,1_1_EC_23000553_5_1
1,2023,23000553,EC,1,6,S/ART. 103211,,1,1,1_1,1_1_EC_23000553,1_1_EC_23000553_6_1
1,2023,23000553,EC,1,8,ACMOS 82-2405 S/ART. 087010,,1,1,1_1,1_1_EC_23000553,1_1_EC_23000553_8_1
1,2023,23000555,EC,1,2,S/REF. 0050550500VR,,1,1,1_1,1_1_EC_23000555,1_1_EC_23000555_2_1
1,2023,23000547,EC,1,8,TOP CABLE POWERFLEX RV-K,,1,1,1_1,1_1_EC_23000547,1_1_EC_23000547_8_1
1,2023,23000547,EC,1,9,S/ART. 145138,,1,1,1_1,1_1_EC_23000547,1_1_EC_23000547_9_1
1,2023,23000688,PV,1,2,"ACTIVO 500, CBZAL GOMA",,0,1,1_1,1_1_PV_23000688,1_1_PV_23000688_2_1
1,2023,23000688,PV,1,4,CBZAL GOMA,,0,1,1_1,1_1_PV_23000688,1_1_PV_23000688_4_1
1,2023,4042,SF,1,2,1marco x 4tiras x 5piezas = 20,,0,1,1_1,1_1_SF_4042,1_1_SF_4042_2_1
1,2023,4042,SF,1,3,CALENTAR 230º 1 MARCO,,0,1,1_1,1_1_SF_4042,1_1_SF_4042_3_1
1,2023,4042,SF,1,4,COCER 200º 2 MARCOS,,0,1,1_1,1_1_SF_4042,1_1_SF_4042_4_1
1,2023,4042,SF,1,5,"FRECUENCIA 300""",,0,1,1_1,1_1_SF_4042,1_1_SF_4042_5_1
1,2023,4042,SF,1,6,"PARADA A BAJO 45""",,0,1,1_1,1_1_SF_4042,1_1_SF_4042_6_1
1,2023,4042,SF,1,7,INMERSOR BAJADA RAPIDA - SUBIDA LENTA,,0,1,1_1,1_1_SF_4042,1_1_SF_4042_7_1
1,2023,4042,SF,1,8,"INMERSOR PARADO A BAJO 0""",,0,1,1_1,1_1_SF_4042,1_1_SF_4042_8_1
1,2023,4042,SF,1,9,MEDIDA UTILAGE 82mm,,0,1,1_1,1_1_SF_4042,1_1_SF_4042_9_1
1,2023,4042,SF,1,10,GRUESO 1.5mm,,0,1,1_1,1_1_SF_4042,1_1_SF_4042_10_1
1,2023,4042,SF,1,11,10 MARCOS 1 CAJA GRANDE,,0,1,1_1,1_1_SF_4042,1_1_SF_4042_11_1
1,2023,4043,SF,1,7,INMERSOR BAJADA RAPIDA -SUBIDA LENTA,,0,1,1_1,1_1_SF_4043,1_1_SF_4043_7_1
1,2023,4043,SF,1,8,"INMERSOR PARADO ABAJO 0""",,0,1,1_1,1_1_SF_4043,1_1_SF_4043_8_1
1,2023,4043,SF,1,9,MEDIDA UTILAGE 82mm,,0,1,1_1,1_1_SF_4043,1_1_SF_4043_9_1
1,2023,4043,SF,1,10,GRUESO 1.5mm,,0,1,1_1,1_1_SF_4043,1_1_SF_4043_10_1
1,2023,4044,SF,1,2,5marcos x 4tiras x 5piezas = 100,,0,1,1_1,1_1_SF_4044,1_1_SF_4044_2_1
1,2023,4044,SF,1,3,CALENTAR 230º 1MARCO,,0,1,1_1,1_1_SF_4044,1_1_SF_4044_3_1
1,2023,4044,SF,1,4,COCER 200º 2MARCOS,,0,1,1_1,1_1_SF_4044,1_1_SF_4044_4_1
1,2023,4044,SF,1,5,"FRECUENCIA 300""",,0,1,1_1,1_1_SF_4044,1_1_SF_4044_5_1
1,2023,4044,SF,1,6,"PARADA 45""",,0,1,1_1,1_1_SF_4044,1_1_SF_4044_6_1
1,2023,23000715,SV,1,2,INACTIVO 160,,1,1,1_1,1_1_SV_23000715,1_1_SV_23000715_2_1
1,2023,23000715,SV,1,3,TIPO HORQUILLA 3 ESPIRAS,,1,1,1_1,1_1_SV_23000715,1_1_SV_23000715_3_1
1,2023,23000712,SV,1,4,20 VARILLAS x 1000mm,,1,1,1_1,1_1_SV_23000712,1_1_SV_23000712_4_1
1,2023,23000655,PV,1,2,S/ART. 6021215,,0,1,1_1,1_1_PV_23000655,1_1_PV_23000655_2_1
1,2023,4004,EF,1,1,FABRICACION CALENTADORES MES,,0,1,1_1,1_1_EF_4004,1_1_EF_4004_1_1
1,2023,23000656,PV,1,2,INOX321 2000W 230V 438H,,0,1,1_1,1_1_PV_23000656,1_1_PV_23000656_2_1
1,2023,23000382,PC,1,2,B50-700,,0,1,1_1,1_1_PC_23000382,1_1_PC_23000382_2_1
1,2023,23000362,PC,1,2,RECTIFICAR,,0,1,1_1,1_1_PC_23000362,1_1_PC_23000362_2_1
1,2023,23000536,EC,1,1,ARRENDAMENT CONTENÏDOR,,1,1,1_1,1_1_EC_23000536,1_1_EC_23000536_1_1
1,2023,23000536,EC,1,2,RECOLLIDES,,1,1,1_1,1_1_EC_23000536,1_1_EC_23000536_2_1
1,2023,23000536,EC,1,3,FULL DE SEGUIMENT,,1,1,1_1,1_1_EC_23000536,1_1_EC_23000536_3_1
1,2023,23000516,EC,1,2,EN FORMA DE HORQUILLA D70,,1,1,1_1,1_1_EC_23000516,1_1_EC_23000516_2_1
1,2023,23000516,EC,1,3,S/REF. 8683H-V1,,1,1,1_1,1_1_EC_23000516,1_1_EC_23000516_3_1
1,2023,23000374,PC,1,2,PT-716900........................NUEVO,,0,1,1_1,1_1_PC_23000374,1_1_PC_23000374_2_1
1,2023,23000374,PC,1,4,PT-716901.........................NUEVO,,0,1,1_1,1_1_PC_23000374,1_1_PC_23000374_4_1
1,2023,23000374,PC,1,6,PT-716902.......................NUEVO,,0,1,1_1,1_1_PC_23000374,1_1_PC_23000374_6_1
1,2023,23000374,PC,1,8,15%,,0,1,1_1,1_1_PC_23000374,1_1_PC_23000374_8_1
1,2023,23000632,PV,1,2,Entregada en rollo,,0,1,1_1,1_1_PV_23000632,1_1_PV_23000632_2_1
1,2023,23000383,PC,1,2,CBZAL GOMA,,0,1,1_1,1_1_PC_23000383,1_1_PC_23000383_2_1
1,2023,4010,SF,1,10,10/10191 ARANDELA Ti DIN-125 P/M-10,,0,1,1_1,1_1_SF_4010,1_1_SF_4010_10_1
1,2023,4011,SF,1,10,10/10191 ARANDELA Ti DIN-125 P/M-10,,0,1,1_1,1_1_SF_4011,1_1_SF_4011_10_1
1,2023,23000376,PC,1,2,5 Barras de 3000 - YH Cx-2367-WG Lot 2310052,,0,1,1_1,1_1_PC_23000376,1_1_PC_23000376_2_1
1,2023,23000376,PC,1,4,40 Barras L4000 - YH CX-2330-WG Lot 2309013,,0,1,1_1,1_1_PC_23000376,1_1_PC_23000376_4_1
1,2023,23000376,PC,1,6,66 Barras L4000 - YH CX-2330-WG Lot 2309013,,0,1,1_1,1_1_PC_23000376,1_1_PC_23000376_6_1
1,2023,23000376,PC,1,8,69 Barras L4000 - YH CX-2330-WG Lot 2309013,,0,1,1_1,1_1_PC_23000376,1_1_PC_23000376_8_1
1,2023,23000376,PC,1,10,8 Barras L4000 - YH CX-2330-WG Lot 2309013,,0,1,1_1,1_1_PC_23000376,1_1_PC_23000376_10_1
1,2023,23000376,PC,1,12,64 Barras L4000 - YH CX-2330-WG Lot 2309032,,0,1,1_1,1_1_PC_23000376,1_1_PC_23000376_12_1
1,2023,23000376,PC,1,14,35 Barras L4000 - YH CX-2330-WG Lot 2309032,,0,1,1_1,1_1_PC_23000376,1_1_PC_23000376_14_1
1,2023,23000376,PC,1,16,18 Barras L4000 - YH CX-2330-WG Lot 2309032,,0,1,1_1,1_1_PC_23000376,1_1_PC_23000376_16_1
1,2023,23000376,PC,1,18,15 Chapas de 2000x1000 - YH CX-2317-32A Lot 2306055,,0,1,1_1,1_1_PC_23000376,1_1_PC_23000376_18_1
1,2023,23000376,PC,1,20,3 Chapas de 2000x1000 - YH CX-2360-16A Lot 2305013,,0,1,1_1,1_1_PC_23000376,1_1_PC_23000376_20_1
1,2023,23000376,PC,1,22,2 Chapas de 2000x1000 - YH CX-2372-13A Lot 2305026,,0,1,1_1,1_1_PC_23000376,1_1_PC_23000376_22_1
1,2023,23000376,PC,1,24,YH CX-2306-WG Lot 2310065 D6,,0,1,1_1,1_1_PC_23000376,1_1_PC_23000376_24_1
1,2023,23000376,PC,1,26,YH CX-2306-WG Lot 2310065 D6,,0,1,1_1,1_1_PC_23000376,1_1_PC_23000376_26_1
1,2023,23000376,PC,1,28,YH CX-2251-WG Lot 2306022 D8,,0,1,1_1,1_1_PC_23000376,1_1_PC_23000376_28_1
1,2023,23000376,PC,1,30,YH CX-2306-WG Lot 2310119 D8,,0,1,1_1,1_1_PC_23000376,1_1_PC_23000376_30_1
1,2023,23000376,PC,1,32,YH CX-2306-WG Lot 2310119 D8,,0,1,1_1,1_1_PC_23000376,1_1_PC_23000376_32_1
1,2023,23000376,PC,1,34,YH CX-2273-WG Lot 2302057 D4,,0,1,1_1,1_1_PC_23000376,1_1_PC_23000376_34_1
1,2023,23000376,PC,1,36,YH CX-2273-WG Lot 2305033 D6,,0,1,1_1,1_1_PC_23000376,1_1_PC_23000376_36_1
1,2023,23000376,PC,1,38,YH CX-2341-WG Lot 2310063 D8,,0,1,1_1,1_1_PC_23000376,1_1_PC_23000376_38_1
1,2023,23000376,PC,1,40,YH CX-2341-WG Lot 2310063 D12,,0,1,1_1,1_1_PC_23000376,1_1_PC_23000376_40_1
1,2023,23000376,PC,1,42,A PUERTO SHANGHAI Y GASTOS EXPORT,,0,1,1_1,1_1_PC_23000376,1_1_PC_23000376_42_1
1,2023,23000541,EC,1,2,RECTIFICAR,,1,1,1_1,1_1_EC_23000541,1_1_EC_23000541_2_1
1,2023,23000724,SV,1,2,5MT CABLE,,1,1,1_1,1_1_SV_23000724,1_1_SV_23000724_2_1
1,2023,23000677,PV,1,2,S/CODI 374 - TOT BANY,,0,1,1_1,1_1_PV_23000677,1_1_PV_23000677_2_1
1,2023,23000389,PC,1,2,ENTREGAR EN FORMA HORQUILLA,,0,1,1_1,1_1_PC_23000389,1_1_PC_23000389_2_1
1,2023,23000391,PC,1,2,B90D32C95,,0,1,1_1,1_1_PC_23000391,1_1_PC_23000391_2_1
1,2023,23000670,PV,1,2,DEVOLUCION 1 BAST SIN REPARAR,,0,1,1_1,1_1_PV_23000670,1_1_PV_23000670_2_1
1,2023,23000570,EC,1,1,ARRENDAMENT CONTENÏDOR,,1,1,1_1,1_1_EC_23000570,1_1_EC_23000570_1_1
1,2023,23000570,EC,1,2,RECOLLIDES,,1,1,1_1,1_1_EC_23000570,1_1_EC_23000570_2_1
1,2023,23000384,PC,1,2,1 TELA DE 742x270 VELCRO,,0,1,1_1,1_1_PC_23000384,1_1_PC_23000384_2_1
1,2023,23000384,PC,1,3,1 TELA DE 730x270 VELCRO,,0,1,1_1,1_1_PC_23000384,1_1_PC_23000384_3_1
1,2023,23000384,PC,1,4,HACER CILINDRO DE CADA TELA,,0,1,1_1,1_1_PC_23000384,1_1_PC_23000384_4_1
1,2023,23000384,PC,1,5,Y UNIR LA DOS CON EL VELCRO,,0,1,1_1,1_1_PC_23000384,1_1_PC_23000384_5_1
1,2023,23000384,PC,1,6,S/ART. I23080664A46,,0,1,1_1,1_1_PC_23000384,1_1_PC_23000384_6_1
1,2023,23000384,PC,1,8,1 TELA EXT. DE 1875x270 VELCRO,,0,1,1_1,1_1_PC_23000384,1_1_PC_23000384_8_1
1,2023,23000384,PC,1,9,1 TELA INT. DE 1860x270 VELCRO,,0,1,1_1,1_1_PC_23000384,1_1_PC_23000384_9_1
1,2023,23000384,PC,1,10,HACER CILINDRO DE CADA TELA,,0,1,1_1,1_1_PC_23000384,1_1_PC_23000384_10_1
1,2023,23000384,PC,1,11,Y UNIR LAS DOS CON EL VELCRO,,0,1,1_1,1_1_PC_23000384,1_1_PC_23000384_11_1
1,2023,23000384,PC,1,12,S/ART. I23080664A40,,0,1,1_1,1_1_PC_23000384,1_1_PC_23000384_12_1
1,2023,23000733,SV,1,2,1050+190 PL250(130-I),,1,1,1_1,1_1_SV_23000733,1_1_SV_23000733_2_1
1,2023,23000725,SV,1,2,CON 2MT CABLE,,1,1,1_1,1_1_SV_23000725,1_1_SV_23000725_2_1
1,2023,23000751,SV,1,2,S/CODIGO 185R2,,1,1,1_1,1_1_SV_23000751,1_1_SV_23000751_2_1
1,2023,23000556,EC,1,2,"33 Chapas de 0,70x1000x2000mm",,1,1,1_1,1_1_EC_23000556,1_1_EC_23000556_2_1
1,2023,23000556,EC,1,3,Heat 20227057 Lot 22034228,,1,1,1_1,1_1_EC_23000556,1_1_EC_23000556_3_1
1,2023,23000556,EC,1,5,"45 Chapas de 0,70x1000x2000mm",,1,1,1_1,1_1_EC_23000556,1_1_EC_23000556_5_1
1,2023,23000556,EC,1,6,Heat 20227057 Lot 22034229,,1,1,1_1,1_1_EC_23000556,1_1_EC_23000556_6_1
1,2023,23000544,EC,1,2,YH CX-2205-WG Lot 2311029 D10,,1,1,1_1,1_1_EC_23000544,1_1_EC_23000544_2_1
1,2023,23000544,EC,1,4,"YH CX-2237-WG Lot 2311030 C/9,5",,1,1,1_1,1_1_EC_23000544,1_1_EC_23000544_4_1
1,2023,23000544,EC,1,6,YH CX-2306-WG Lot 2311033 D6,,1,1,1_1,1_1_EC_23000544,1_1_EC_23000544_6_1
1,2023,23000544,EC,1,8,YH CX-2306-WG Lot 2311033 D6,,1,1,1_1,1_1_EC_23000544,1_1_EC_23000544_8_1
1,2023,23000544,EC,1,10,YH CX-2355-WG Lot 2311040 D32,,1,1,1_1,1_1_EC_23000544,1_1_EC_23000544_10_1
1,2023,23000552,EC,1,2,SM85215032 Caja de 4000ud - Lote 47127,,1,1,1_1,1_1_EC_23000552,1_1_EC_23000552_2_1
1,2023,23000394,PC,1,2,"ACTIVO 500, CBZAL GOMA",,0,1,1_1,1_1_PC_23000394,1_1_PC_23000394_2_1
1,2023,23000394,PC,1,4,"ACTIVO 600, CBZAL GOMA",,0,1,1_1,1_1_PC_23000394,1_1_PC_23000394_4_1
1,2023,4043,SF,1,2,5marcos x 4tiras x 6piezas = 120,,0,1,1_1,1_1_SF_4043,1_1_SF_4043_2_1
1,2023,4043,SF,1,3,CALENTAR 230º 1MARCO,,0,1,1_1,1_1_SF_4043,1_1_SF_4043_3_1
1,2023,4043,SF,1,4,COCER 200º 2MARCOS,,0,1,1_1,1_1_SF_4043,1_1_SF_4043_4_1
1,2023,4043,SF,1,5,"FRECUENCIA 300""",,0,1,1_1,1_1_SF_4043,1_1_SF_4043_5_1
1,2023,4043,SF,1,6,"PARADA 45""",,0,1,1_1,1_1_SF_4043,1_1_SF_4043_6_1
1,2023,23000546,EC,1,2,"ACTIVO 800, 2MT CABLE",,1,1,1_1,1_1_EC_23000546,1_1_EC_23000546_2_1
1,2023,23000537,EC,1,2,MZ 5 + PREP 70,,1,1,1_1,1_1_EC_23000537,1_1_EC_23000537_2_1
1,2023,23000566,EC,1,10,FILTRE OLI,,1,1,1_1,1_1_EC_23000566,1_1_EC_23000566_10_1
1,2023,23000566,EC,1,11,LITRES OLI,,1,1,1_1,1_1_EC_23000566,1_1_EC_23000566_11_1
1,2023,23000566,EC,1,12,ACCESORIS NETEJA,,1,1,1_1,1_1_EC_23000566,1_1_EC_23000566_12_1
1,2023,23000561,EC,1,2,B50-700,,1,1,1_1,1_1_EC_23000561,1_1_EC_23000561_2_1
1,2023,23000570,EC,1,3,FULL DE SEGUIMENT,,1,1,1_1,1_1_EC_23000570,1_1_EC_23000570_3_1
1,2023,23000564,EC,1,1,RECAMBIO OPEN R1099C S/V CAT,,1,1,1_1,1_1_EC_23000564,1_1_EC_23000564_1_1
1,2023,23000564,EC,1,2,AGENDA FINOCAM MARA Y10 S/V VERTICAL CAT,,1,1,1_1,1_1_EC_23000564,1_1_EC_23000564_2_1
1,2023,4044,SF,1,7,INMERSOR BAJADA RAPIDA -SUBIDA LENTA,,0,1,1_1,1_1_SF_4044,1_1_SF_4044_7_1
1,2023,4044,SF,1,8,"INMERSOR PARADO ABAJO 0""",,0,1,1_1,1_1_SF_4044,1_1_SF_4044_8_1
1,2023,4044,SF,1,9,MEDIDA UTILAGE 82mm,,0,1,1_1,1_1_SF_4044,1_1_SF_4044_9_1
1,2023,4044,SF,1,10,GRUESO 1.5mm,,0,1,1_1,1_1_SF_4044,1_1_SF_4044_10_1
1,2023,4045,SF,1,2,2 marco x 2tiras x 5piezas = 20,,0,1,1_1,1_1_SF_4045,1_1_SF_4045_2_1
1,2023,4045,SF,1,3,CALENTAR 230º 1MARCO,,0,1,1_1,1_1_SF_4045,1_1_SF_4045_3_1
1,2023,4045,SF,1,4,COCER 200º 2MARCOS,,0,1,1_1,1_1_SF_4045,1_1_SF_4045_4_1
1,2023,4045,SF,1,5,"FRECUENCIA 300""",,0,1,1_1,1_1_SF_4045,1_1_SF_4045_5_1
1,2023,4045,SF,1,6,"PARADA 45""",,0,1,1_1,1_1_SF_4045,1_1_SF_4045_6_1
1,2023,4045,SF,1,7,INMERSOR BAJADA RAPIDA-SUBIDA LENTA,,0,1,1_1,1_1_SF_4045,1_1_SF_4045_7_1
1,2023,4045,SF,1,8,"INMERSOR PARADO ABAJO 0""",,0,1,1_1,1_1_SF_4045,1_1_SF_4045_8_1
1,2023,4045,SF,1,9,MEDIDA UTILAGE 82mm,,0,1,1_1,1_1_SF_4045,1_1_SF_4045_9_1
1,2023,4045,SF,1,10,GRUESO 1.5mm,,0,1,1_1,1_1_SF_4045,1_1_SF_4045_10_1
1,2023,4046,SF,1,2,5marcos x 3tiras x 13piezas = 195,,0,1,1_1,1_1_SF_4046,1_1_SF_4046_2_1
1,2023,4046,SF,1,3,CALENTAR 230º 1MARCO,,0,1,1_1,1_1_SF_4046,1_1_SF_4046_3_1
1,2023,4046,SF,1,4,COCER 200º 2MARCOS,,0,1,1_1,1_1_SF_4046,1_1_SF_4046_4_1
1,2023,4046,SF,1,5,"FRECUENCIA 300""",,0,1,1_1,1_1_SF_4046,1_1_SF_4046_5_1
1,2023,4046,SF,1,6,"PARADA 45""",,0,1,1_1,1_1_SF_4046,1_1_SF_4046_6_1
1,2023,4046,SF,1,7,INMERSOR BAJADA RAPIDA -SUBIDA LENTA,,0,1,1_1,1_1_SF_4046,1_1_SF_4046_7_1
1,2023,4046,SF,1,8,"INMERSOR PARADO ABAJO 0""",,0,1,1_1,1_1_SF_4046,1_1_SF_4046_8_1
1,2023,4046,SF,1,9,MEDIDA UTILAGE 82mm,,0,1,1_1,1_1_SF_4046,1_1_SF_4046_9_1
1,2023,4046,SF,1,10,GRUESO 1.5mm,,0,1,1_1,1_1_SF_4046,1_1_SF_4046_10_1
1,2023,4047,SF,1,2,5marcos x 4tiras x 4piezas = 80,,0,1,1_1,1_1_SF_4047,1_1_SF_4047_2_1
1,2023,4047,SF,1,3,CALENTAR 230º 1MARCO,,0,1,1_1,1_1_SF_4047,1_1_SF_4047_3_1
1,2023,4047,SF,1,4,COCER 200º 2MARCOS,,0,1,1_1,1_1_SF_4047,1_1_SF_4047_4_1
1,2023,4047,SF,1,5,"FRECUENCIA 300""",,0,1,1_1,1_1_SF_4047,1_1_SF_4047_5_1
1,2023,4047,SF,1,6,"PARADA 45""",,0,1,1_1,1_1_SF_4047,1_1_SF_4047_6_1
1,2023,4047,SF,1,7,INMERSOR BAJADA RAPIDA -SUBIDA LENTA,,0,1,1_1,1_1_SF_4047,1_1_SF_4047_7_1
1,2023,4047,SF,1,8,"INMERSOR PARADO ABAJO 0""",,0,1,1_1,1_1_SF_4047,1_1_SF_4047_8_1
1,2023,4047,SF,1,9,MEDIDA UTILAGE 82mm,,0,1,1_1,1_1_SF_4047,1_1_SF_4047_9_1
1,2023,4047,SF,1,10,GRUESO 1.5mm,,0,1,1_1,1_1_SF_4047,1_1_SF_4047_10_1
1,2023,4048,SF,1,2,5marcos x 4tiras x 5piezas = 100,,0,1,1_1,1_1_SF_4048,1_1_SF_4048_2_1
1,2023,4048,SF,1,3,CALENTAR 230º 1MARCO,,0,1,1_1,1_1_SF_4048,1_1_SF_4048_3_1
1,2023,4048,SF,1,4,5marcos x 4tiras x 5piezas = 100,,0,1,1_1,1_1_SF_4048,1_1_SF_4048_4_1
1,2023,4048,SF,1,5,"FRECUENCIA 300""",,0,1,1_1,1_1_SF_4048,1_1_SF_4048_5_1
1,2023,4048,SF,1,6,"PARADO ABAJO 20""",,0,1,1_1,1_1_SF_4048,1_1_SF_4048_6_1
1,2023,4048,SF,1,7,MEDIDA UTILAGE 102mm,,0,1,1_1,1_1_SF_4048,1_1_SF_4048_7_1
1,2023,4048,SF,1,8,"GRUESO 1,50mm",,0,1,1_1,1_1_SF_4048,1_1_SF_4048_8_1
1,2023,4048,SF,1,9,,,0,1,1_1,1_1_SF_4048,1_1_SF_4048_9_1
1,2023,4048,SF,1,10,,,0,1,1_1,1_1_SF_4048,1_1_SF_4048_10_1
1,2023,23000396,PC,1,2,S/ART. I23080664A11,,0,1,1_1,1_1_PC_23000396,1_1_PC_23000396_2_1
1,2023,23000560,EC,1,2,Largo 3000/3900 - Heat 5202-19 Lot P5200408-11,,1,1,1_1,1_1_EC_23000560,1_1_EC_23000560_2_1
1,2023,23000560,EC,1,4,Largo 3300/3900 - Heat 5232-05 Lot SP5230310-01,,1,1,1_1,1_1_EC_23000560,1_1_EC_23000560_4_1
1,2023,23000560,EC,1,6,Largo 3150/3900 - Heat 5232-05 Lot SP5230310-01,,1,1,1_1,1_1_EC_23000560,1_1_EC_23000560_6_1
1,2023,23000542,EC,1,2,PT-716900........................NUEVO,,1,1,1_1,1_1_EC_23000542,1_1_EC_23000542_2_1
1,2023,23000548,EC,1,2,PT-495677,,1,1,1_1,1_1_EC_23000548,1_1_EC_23000548_2_1
1,2023,23000559,EC,1,2,PT-535647,,1,1,1_1,1_1_EC_23000559,1_1_EC_23000559_2_1
1,2023,23000718,SV,1,2,INCOLOY-825 4000W 400V III 9684H,,1,1,1_1,1_1_SV_23000718,1_1_SV_23000718_2_1
1,2023,23000719,SV,1,3,SIN SOPORTE,,1,1,1_1,1_1_SV_23000719,1_1_SV_23000719_3_1
1,2023,23000719,SV,1,5,Ti 3750W 230V 10714H 2MT,,1,1,1_1,1_1_SV_23000719,1_1_SV_23000719_5_1
1,2023,23000720,SV,1,2,Ti 4000W 230V 8065H 8MT 2ARANDELAS,,1,1,1_1,1_1_SV_23000720,1_1_SV_23000720_2_1
1,2023,23000720,SV,1,3,SIN SOPORTE,,1,1,1_1,1_1_SV_23000720,1_1_SV_23000720_3_1
1,2023,23000720,SV,1,5,INCOLOY-800 2000W 230V 10712H 2MT,,1,1,1_1,1_1_SV_23000720,1_1_SV_23000720_5_1
1,2023,23000720,SV,1,7,TEFLON 2200W 380V 2ARANDELAS,,1,1,1_1,1_1_SV_23000720,1_1_SV_23000720_7_1
1,2023,23000746,SV,1,2,TEFLON 3000W 230V 9026H 6MT 2ARANDELAS,,1,1,1_1,1_1_SV_23000746,1_1_SV_23000746_2_1
1,2023,4049,SF,1,2,1marco x 5tiras x 6piezas = 30,,0,1,1_1,1_1_SF_4049,1_1_SF_4049_2_1
1,2023,4049,SF,1,3,CALENTAR 230º 1 MARCO,,0,1,1_1,1_1_SF_4049,1_1_SF_4049_3_1
1,2023,4049,SF,1,4,COCER 200º 2 MARCOS,,0,1,1_1,1_1_SF_4049,1_1_SF_4049_4_1
1,2023,4049,SF,1,5,"FRECUENCIA 300""",,0,1,1_1,1_1_SF_4049,1_1_SF_4049_5_1
1,2023,4049,SF,1,6,"PARADO ABAJO 20""",,0,1,1_1,1_1_SF_4049,1_1_SF_4049_6_1
1,2023,4049,SF,1,7,MEDIDA UTILAGE 102mm,,0,1,1_1,1_1_SF_4049,1_1_SF_4049_7_1
1,2023,4049,SF,1,8,GRUESO 1.5mm,,0,1,1_1,1_1_SF_4049,1_1_SF_4049_8_1
1,2023,4051,SF,1,2,,,0,1,1_1,1_1_SF_4051,1_1_SF_4051_2_1
1,2023,4051,SF,1,3,,,0,1,1_1,1_1_SF_4051,1_1_SF_4051_3_1
1,2023,4051,SF,1,4,,,0,1,1_1,1_1_SF_4051,1_1_SF_4051_4_1
1,2023,4051,SF,1,5,,,0,1,1_1,1_1_SF_4051,1_1_SF_4051_5_1
1,2023,4051,SF,1,6,,,0,1,1_1,1_1_SF_4051,1_1_SF_4051_6_1
1,2023,4051,SF,1,7,,,0,1,1_1,1_1_SF_4051,1_1_SF_4051_7_1
1,2023,4051,SF,1,8,,,0,1,1_1,1_1_SF_4051,1_1_SF_4051_8_1
1,2023,4051,SF,1,9,,,0,1,1_1,1_1_SF_4051,1_1_SF_4051_9_1
1,2023,4051,SF,1,10,,,0,1,1_1,1_1_SF_4051,1_1_SF_4051_10_1
1,2023,4050,SF,1,2,5marcos x 4tiras x 4piezas =80,,0,1,1_1,1_1_SF_4050,1_1_SF_4050_2_1
1,2023,4050,SF,1,3,CALENTAR 230º 1 MARCO,,0,1,1_1,1_1_SF_4050,1_1_SF_4050_3_1
1,2023,4050,SF,1,4,COCER 200º 2 MARCOS,,0,1,1_1,1_1_SF_4050,1_1_SF_4050_4_1
1,2023,4050,SF,1,5,"FRECUENCIA 300""",,0,1,1_1,1_1_SF_4050,1_1_SF_4050_5_1
1,2023,4050,SF,1,6,"PARADO ABAJO 20""",,0,1,1_1,1_1_SF_4050,1_1_SF_4050_6_1
1,2023,4050,SF,1,7,MEDIDA UTILAGE 102mm,,0,1,1_1,1_1_SF_4050,1_1_SF_4050_7_1
1,2023,4050,SF,1,8,GRUESO 1.5mm,,0,1,1_1,1_1_SF_4050,1_1_SF_4050_8_1
1,2023,23000388,PC,1,2,Largo 3000/3900 - Heat 5202-19 Lot P5200408-11,,0,1,1_1,1_1_PC_23000388,1_1_PC_23000388_2_1
1,2023,23000388,PC,1,4,Largo 3300/3900 - Heat 5232-05 Lot SP5230310-01,,0,1,1_1,1_1_PC_23000388,1_1_PC_23000388_4_1
1,2023,23000388,PC,1,6,Largo 3150/3900 - Heat 5232-05 Lot SP5230310-01,,0,1,1_1,1_1_PC_23000388,1_1_PC_23000388_6_1
1,2023,23000748,SV,1,2,INOX321 2000W 230V 438H,,1,1,1_1,1_1_SV_23000748,1_1_SV_23000748_2_1
1,2023,23000749,SV,1,2,INOX316L 6000W 400V 6302H,,1,1,1_1,1_1_SV_23000749,1_1_SV_23000749_2_1
1,2023,23000749,SV,1,4,INOX316L 6000W 380V 10723H,,1,1,1_1,1_1_SV_23000749,1_1_SV_23000749_4_1
1,2023,23000732,SV,1,3,ALB 7300 SUREDA I FILLS POR MODIFICAR ARO,,1,1,1_1,1_1_SV_23000732,1_1_SV_23000732_3_1
1,2023,23000390,PC,1,2,S/ART. I24008,,0,1,1_1,1_1_PC_23000390,1_1_PC_23000390_2_1
1,2023,23000390,PC,1,4,S/ART. I24008,,0,1,1_1,1_1_PC_23000390,1_1_PC_23000390_4_1
1,2023,23000390,PC,1,6,2 TIRAS SOBREDIMENSIONADAS SIN FONDO,,0,1,1_1,1_1_PC_23000390,1_1_PC_23000390_6_1
1,2023,23000390,PC,1,7,SOLO COSTURAS LATERALES,,0,1,1_1,1_1_PC_23000390,1_1_PC_23000390_7_1
1,2023,23000390,PC,1,8,CORDON LATERAL,,0,1,1_1,1_1_PC_23000390,1_1_PC_23000390_8_1
1,2023,23000390,PC,1,9,S/ART. I23080664A33,,0,1,1_1,1_1_PC_23000390,1_1_PC_23000390_9_1
1,2023,23000395,PC,1,3,CAMBIO CABEZAL DE KN A PVC,,0,1,1_1,1_1_PC_23000395,1_1_PC_23000395_3_1
1,2023,23000545,EC,1,1,REPARAR CIZALLA AGIPLEC MOD.625: FALLAN,,1,1,1_1,1_1_EC_23000545,1_1_EC_23000545_1_1
1,2023,23000545,EC,1,2,TOPES TRASEROS Y HACE UN RUIDO EXTRAÑO.,,1,1,1_1,1_1_EC_23000545,1_1_EC_23000545_2_1
1,2023,23000545,EC,1,3,CAMBIAR CORREA L172mm (DANIEL LORENZO),,1,1,1_1,1_1_EC_23000545,1_1_EC_23000545_3_1
1,2023,23000557,EC,1,2,1 TELA DE 742x270 VELCRO,,1,1,1_1,1_1_EC_23000557,1_1_EC_23000557_2_1
1,2023,23000557,EC,1,3,1 TELA DE 730x270 VELCRO,,1,1,1_1,1_1_EC_23000557,1_1_EC_23000557_3_1
1,2023,23000557,EC,1,4,HACER CILINDRO DE CADA TELA,,1,1,1_1,1_1_EC_23000557,1_1_EC_23000557_4_1
1,2023,23000557,EC,1,5,Y UNIR LA DOS CON EL VELCRO,,1,1,1_1,1_1_EC_23000557,1_1_EC_23000557_5_1
1,2023,23000557,EC,1,6,S/ART. I23080664A46,,1,1,1_1,1_1_EC_23000557,1_1_EC_23000557_6_1
1,2023,23000557,EC,1,8,1 TELA EXT. DE 1875x270 VELCRO,,1,1,1_1,1_1_EC_23000557,1_1_EC_23000557_8_1
1,2023,23000557,EC,1,9,1 TELA INT. DE 1860x270 VELCRO,,1,1,1_1,1_1_EC_23000557,1_1_EC_23000557_9_1
1,2023,23000557,EC,1,10,HACER CILINDRO DE CADA TELA,,1,1,1_1,1_1_EC_23000557,1_1_EC_23000557_10_1
1,2023,23000557,EC,1,11,Y UNIR LAS DOS CON EL VELCRO,,1,1,1_1,1_1_EC_23000557,1_1_EC_23000557_11_1
1,2023,23000557,EC,1,12,S/ART. I23080664A40,,1,1,1_1,1_1_EC_23000557,1_1_EC_23000557_12_1
1,2023,23000565,EC,1,2,INACTIVO 160,,1,1,1_1,1_1_EC_23000565,1_1_EC_23000565_2_1
1,2023,23000565,EC,1,3,TIPO HORQUILLA 3 ESPIRAS,,1,1,1_1,1_1_EC_23000565,1_1_EC_23000565_3_1
1,2023,23000565,EC,1,4,RACORES M14,,1,1,1_1,1_1_EC_23000565,1_1_EC_23000565_4_1
1,2023,23000565,EC,1,5,S/REF. 11046E,,1,1,1_1,1_1_EC_23000565,1_1_EC_23000565_5_1
1,2023,23000566,EC,1,5,"I COMPRESOR, COMPROVAR FUNCIONAMENT.",,1,1,1_1,1_1_EC_23000566,1_1_EC_23000566_5_1
1,2023,23000566,EC,1,6,CONTRACTE MANT: 2h (D.SANCHEZ) +,,1,1,1_1,1_1_EC_23000566,1_1_EC_23000566_6_1
1,2023,23000566,EC,1,7,DESPLAÇAMENT ZONA 4.,,1,1,1_1,1_1_EC_23000566,1_1_EC_23000566_7_1
1,2023,23000566,EC,1,8,FILTRE AIRE,,1,1,1_1,1_1_EC_23000566,1_1_EC_23000566_8_1
1,2023,23000566,EC,1,9,FILTRE SEGURETAT CF700,,1,1,1_1,1_1_EC_23000566,1_1_EC_23000566_9_1
1,2023,23000566,EC,1,13,ENGRASE MOTOR,,1,1,1_1,1_1_EC_23000566,1_1_EC_23000566_13_1
1,2023,23000566,EC,1,14,MATERIAL DIVERS,,1,1,1_1,1_1_EC_23000566,1_1_EC_23000566_14_1
1,2023,23000566,EC,1,15,GESTIO RESIDUS =<50CV,,1,1,1_1,1_1_EC_23000566,1_1_EC_23000566_15_1
1,2023,23000566,EC,1,16,GESTIO RESIDUS OLI USAT,,1,1,1_1,1_1_EC_23000566,1_1_EC_23000566_16_1
1,2023,23000569,EC,1,2,YH CX-2330-WG Lot 2309013,,1,1,1_1,1_1_EC_23000569,1_1_EC_23000569_2_1
1,2023,23000569,EC,1,4,YH CX-2306-WG Lot 2312005 D6,,1,1,1_1,1_1_EC_23000569,1_1_EC_23000569_4_1
1,2023,23000569,EC,1,6,YH CX-2355-WG Lot 2311039 D10,,1,1,1_1,1_1_EC_23000569,1_1_EC_23000569_6_1
1,2023,23000564,EC,1,3,GENDA FINOCAM MARA Y10 S/V VERTICAL CAT,,1,1,1_1,1_1_EC_23000564,1_1_EC_23000564_3_1
1,2023,23000567,EC,1,1,REPARAR LINIA ORDINADOR:,,1,1,1_1,1_1_EC_23000567,1_1_EC_23000567_1_1
1,2023,23000567,EC,1,2,CANVIAR ENDOLL 2 BASES +2 TAPES,,1,1,1_1,1_1_EC_23000567,1_1_EC_23000567_2_1
1,2023,23000567,EC,1,3,FRANCISCO SOTO 2h,,1,1,1_1,1_1_EC_23000567,1_1_EC_23000567_3_1
1,2023,23000680,PV,1,1,ABONO SOBRE FRA 23000347 DEVOLUCION MATERIAL,,0,1,1_1,1_1_PV_23000680,1_1_PV_23000680_1_1
1,2023,23000613,PV,1,3,"Pt 1,5 MICRAS CARA EXTERIOR",,0,1,1_1,1_1_PV_23000613,1_1_PV_23000613_3_1
1,2023,23000678,PV,1,2,CON 5 METROS DE CABLE.,,0,1,1_1,1_1_PV_23000678,1_1_PV_23000678_2_1
1,2023,23000678,PV,1,3,S/ART. 602012,,0,1,1_1,1_1_PV_23000678,1_1_PV_23000678_3_1
1,2023,23000380,PC,1,2,RECTIFICAR Y COMPROBAR,,0,1,1_1,1_1_PC_23000380,1_1_PC_23000380_2_1
1,2023,23000380,PC,1,4,TORNILLO NO ROSCA Y ESTRACOR LATERAL NO SUVE,,0,1,1_1,1_1_PC_23000380,1_1_PC_23000380_4_1
