empresa,codigo,descripcion_1,descripcion_2,v_int,v_dec1,v_dec2,v_char,parametro,empresa_id,name
19,20008,FACTURAS DE SERVICIOS. Siempre que el parametro 20006 este con la opcion 0.,0 - No permite la introduccion manual.  1 - Permite la introduccion manual.,,,,,0,19,19_20008
999,80000,****** CONTROL USUARIO-EMPRESA *********,0 - Desactivado                         1 - Activado,,,,,0,999,999_80000
999,80001,MODULO DE PAQUETES,0 - Desactivado                         1 - Activado,,,,,0,999,999_80001
999,999998,,,,,,,0,999,999_999998
999,999999,***    PARAMETRO EXCLUSIVO SOFT      ***'0' No se activa.,"'1' Se activa el ""set explain on"".",,,,,0,999,999_999999
999,1318,********** USO EXCLUSIVO TPV ***********0 - Permite introducir lineas con cantid,ad cero.                                1 - No Permite.,,,,,0,999,999_1318
999,1319,***** TPV ( AGENCIAS TRANSPORTE ) ******0 - No Pide Agencia de Transporte y zona, de entrega en albaranes o Facturas.    1 - Activado.,,,,,0,999,999_1319
999,1320,********** TPV ( MANUALES ) ************0 - No controla la longitud del nif.,1 - Controla la longitud del nif en todos los documentos . 2 - Todos excepto PP.,0,,,,0,999,999_1320
999,324,******* VENTAS ( MANUALES ) ************0 - No Controla la longitud del nif.,1 - Controla la longitud del nif en todos los documentos. 2 - Todos excepto PP.,0,,,,0,999,999_324
999,325,******** COMPRAS ( MANUALES )  *********0 - No controla la longitud del nif.,1 - Controla la longitud del nif en todos los documentos. 2 - Todos excepto PP.,0,,,,0,999,999_325
19,1318,********** USO EXCLUSIVO TPV ***********0 - Permite introducir lineas con cantid,ad cero.                                1 - No Permite.,,,,,0,19,19_1318
1,1318,********** USO EXCLUSIVO TPV ***********0 - Permite introducir lineas con cantid,ad cero.                                1 - No Permite.,,,,,0,1,1_1318
1,1313,***** PANTALLA DE VENDEDORES (TPV) *****,0 - Pide el vendedor al cargar el TPV.  1 - No lo Pide.,,,,,1,1,1_1313
19,1313,***** PANTALLA DE VENDEDORES (TPV) *****,0 - Pide el vendedor al cargar el TPV.  1 - No lo Pide.,,,,,1,19,19_1313
1,1056,"Ventana ""Permitir Facturar Agrupado ...""0 -> Abre la ventana (STANDARD)","1 -> NO abre la ventana. Fijo=""SI""      2 -> NO abre la ventana. Fijo=""NO""",,,,,0,1,1_1056
19,1056,"Ventana ""Permitir Facturar Agrupado ...""0 -> Abre la ventana (STANDARD)","1 -> NO abre la ventana. Fijo=""SI""      2 -> NO abre la ventana. Fijo=""NO""",,,,,1,19,19_1056
1,1072,Confirmar la impresion:                 0 -> NO se pide confirmacion.,1 -> Se pedira confirmacion.,,,,*** USO EXCLUSIVO T.P.V. ***,1,1,1_1072
19,1072,Confirmar la impresion:                 0 -> NO se pide confirmacion.,1 -> Se pedira confirmacion.,,,,*** USO EXCLUSIVO T.P.V. ***,1,19,19_1072
1,29,Tratamiento Vendedores en el T.P.V.     `1`--> Trabaja con el vendedor del T.P.V,`2`--> Trabaja con los vendodres de la         ficha del cliente.,,,,,2,1,1_29
999,343,* Facturacion Agrupada de Ventas ( Encuentra el almacen de facturacion ) *  0 - ,A partir de la subcuenta 1 - A partir de la subcuenta facturacion.,,,,"",0,999,999_343
999,30004,Dias Riesgo sobre cartera remesada      en v_int,"",10,,,"",0,999,999_30004
1,11142,*** NO SE USA ***, ,,,,,0,1,1_11142
19,11142,*** NO SE USA ***, ,,,,,0,19,19_11142
999,11142,*** NO SE USA ***, ,,,,,0,999,999_11142
1,11143,*** NO SE USA ***, ,,,,,0,1,1_11143
19,11143,*** NO SE USA ***, ,,,,,0,19,19_11143
999,11143,*** NO SE USA ***, ,,,,,0,999,999_11143
1,11144,*** NO SE USA ***, ,,,,,0,1,1_11144
19,11144,*** NO SE USA ***, ,,,,,0,19,19_11144
999,11144,*** NO SE USA ***, ,,,,,0,999,999_11144
1,11145,*** NO SE USA ***, ,,,,,0,1,1_11145
19,11145,*** NO SE USA ***, ,,,,,0,19,19_11145
999,11145,*** NO SE USA ***, ,,,,,0,999,999_11145
1,11146,*** NO SE USA ***, ,,,,,0,1,1_11146
19,11146,*** NO SE USA ***, ,,,,,0,19,19_11146
999,11146,*** NO SE USA ***, ,,,,,0,999,999_11146
1,11147,*** NO SE USA ***, ,,,,,0,1,1_11147
19,11147,*** NO SE USA ***, ,,,,,0,19,19_11147
999,11147,*** NO SE USA ***, ,,,,,0,999,999_11147
1,11148,*** NO SE USA ***, ,,,,,0,1,1_11148
19,11148,*** NO SE USA ***, ,,,,,0,19,19_11148
999,11148,*** NO SE USA ***, ,,,,,0,999,999_11148
1,11149,*** CONTABILIZACION DESCUENTO 2 Y 3  ***'1' Sctas Dtos No Def. Imputa Scta Venta,'0' Sctas Dtos No Def. Cancela Facturac.,,,,,0,1,1_11149
19,11149,*** CONTABILIZACION DESCUENTO 2 Y 3  ***'1' Sctas Dtos No Def. Imputa Scta Venta,'0' Sctas Dtos No Def. Cancela Facturac.,,,,,0,19,19_11149
999,11149,*** CONTABILIZACION DESCUENTO 2 Y 3  ***'1' Sctas Dtos No Def. Imputa Scta Venta,'0' Sctas Dtos No Def. Cancela Facturac.,,,,,0,999,999_11149
1,11150,*** NO SE USA ***, ,,,,,0,1,1_11150
19,11150,*** NO SE USA ***, ,,,,,0,19,19_11150
999,11150,*** NO SE USA ***, ,,,,,0,999,999_11150
1,11151,***  SUBCTA ACUMULA  RIESGO CARTERA  ***'1' Subcta Facturacion,'0' Subcta Contable                     '2' Subcta,,,,,0,1,1_11151
19,11151,***  SUBCTA ACUMULA  RIESGO CARTERA  ***'1' Subcta Facturacion,'0' Subcta Contable                     '2' Subcta,,,,,0,19,19_11151
999,11151,***  SUBCTA ACUMULA  RIESGO CARTERA  ***'1' Subcta Facturacion,'0' Subcta Contable                     '2' Subcta,,,,,0,999,999_11151
1,11152,*** SUBCTA ACUMULA RIESGO PED/PTSNF ****'1' Subcta Facturacion,'0' Subcta Contable                     '2' Subcta,,,,,0,1,1_11152
19,11152,*** SUBCTA ACUMULA RIESGO PED/PTSNF ****'1' Subcta Facturacion,'0' Subcta Contable                     '2' Subcta,,,,,0,19,19_11152
999,11152,*** SUBCTA ACUMULA RIESGO PED/PTSNF ****'1' Subcta Facturacion,'0' Subcta Contable                     '2' Subcta,,,,,0,999,999_11152
1,11153,** SUBCTA ACUMULA FECHA ULTIMA COMPRA **'1' Subcta Facturacion,'0' Subcta Contable                     '2' Subcta,,,,,0,1,1_11153
19,11153,** SUBCTA ACUMULA FECHA ULTIMA COMPRA **'1' Subcta Facturacion,'0' Subcta Contable                     '2' Subcta,,,,,0,19,19_11153
999,11153,** SUBCTA ACUMULA FECHA ULTIMA COMPRA **'1' Subcta Facturacion,'0' Subcta Contable                     '2' Subcta,,,,,0,999,999_11153
1,11154,*** GENERACION LINEA AUTOMATICA  TPV ***'0' Opcion Desactivada,'1' Opcion Activada,,,,,0,1,1_11154
19,11154,*** GENERACION LINEA AUTOMATICA  TPV ***'0' Opcion Desactivada,'1' Opcion Activada,,,,,0,19,19_11154
999,11154,*** GENERACION LINEA AUTOMATICA  TPV ***'0' Opcion Desactivada,'1' Opcion Activada,,,,,0,999,999_11154
1,11155,"*CONTROL APERTURA, CIERRE Y COBROS TPV* 0 - Todos los usuarios tienen permiso.",1 - Control permisos por usuario.,,,,,0,1,1_11155
19,11155,"*CONTROL APERTURA, CIERRE Y COBROS TPV* 0 - Todos los usuarios tienen permiso.",1 - Control permisos por usuario.,,,,,0,19,19_11155
999,11155,"*CONTROL APERTURA, CIERRE Y COBROS TPV* 0 - Todos los usuarios tienen permiso.",1 - Control permisos por usuario.,,,,,0,999,999_11155
1,11156,* CONTROL EN EL PAGO CON VALES *        0 - Se puede utilizar en cualquier TPV.,1 - Solo se puede utilizar en el TPV que    lo emitio.,,,,,0,1,1_11156
19,11156,* CONTROL EN EL PAGO CON VALES *        0 - Se puede utilizar en cualquier TPV.,1 - Solo se puede utilizar en el TPV que    lo emitio.,,,,,0,19,19_11156
999,11156,* CONTROL EN EL PAGO CON VALES *        0 - Se puede utilizar en cualquier TPV.,1 - Solo se puede utilizar en el TPV que    lo emitio.,,,,,0,999,999_11156
1,11157,* FECHA CADUCIDAD DE LOS VALES *        0 - No caducan nunca.,"1 - Integer dias caducidad, FIJO        2 - Integer dias caducidad, MODIFICABLE",365,,,,0,1,1_11157
19,11157,* FECHA CADUCIDAD DE LOS VALES *        0 - No caducan nunca.,"1 - Integer dias caducidad, FIJO        2 - Integer dias caducidad, MODIFICABLE",365,,,,0,19,19_11157
999,11157,* FECHA CADUCIDAD DE LOS VALES *        0 - No caducan nunca.,"1 - Integer dias caducidad, FIJO        2 - Integer dias caducidad, MODIFICABLE",365,,,,0,999,999_11157
1,11158,* SUBCUENTA PENDIENTES *                0 - Trabaja sin subcta pendientes.,1 - Trabaja con subcta pendientes.,,,,,0,1,1_11158
19,11158,* SUBCUENTA PENDIENTES *                0 - Trabaja sin subcta pendientes.,1 - Trabaja con subcta pendientes.,,,,,0,19,19_11158
999,11158,* SUBCUENTA PENDIENTES *                0 - Trabaja sin subcta pendientes.,1 - Trabaja con subcta pendientes.,,,,,0,999,999_11158
999,20000,Marca la longitud máxima para las subcuentas contables. El parámetro tiene que,estar activado e indicar la longitud en el campo 'integer'. Máximo 10.,10,,,,1,999,999_20000
999,20001,"Tipo Control bloqueo subcuenta en Cartera de Pagos: '0' Ninguno, '1' No permite",pasar si está bloqueado.,,,,,0,999,999_20001
999,20002,"Tipo Control bloqueo subcuenta en Cartera de Cobros: '0' Ninguno, '1' No permite",pasar si está bloqueado.,,,,,0,999,999_20002
999,20003,"Control existencia n£mero documento de Proveedor: '0' No, '1' Si",,,,,,0,999,999_20003
999,20004,"Modificaci¢n de vencimientos en Facturasde Servicios: '0' No, '1' Si",,,,,,1,999,999_20004
999,20005,FACTURAS DE SERVICIOS. Descripciones de los apuntes del asiento de la factura.,'0' Una única para el asiento. '1' La pide para cada subuenta de detalle.,,,,,0,999,999_20005
999,20006,FACTURAS DE SERVICIOS. Origen registro IVA para subcuentas compras y gastos.,'0' Prefijadas por programa. '1' Permite la introducción manual.,,,,,0,999,999_20006
1,20007,*************  ANTICIPOS  **************  * APUNTES MODIFICACION DESCRIPCION2 *,0 - No Permite modificar descripcion2   1 - Permite modificar descripcion2,,,,,0,1,1_20007
19,20007,*************  ANTICIPOS  **************  * APUNTES MODIFICACION DESCRIPCION2 *,0 - No Permite modificar descripcion2   1 - Permite modificar descripcion2,,,,,0,19,19_20007
999,20007,*************  ANTICIPOS  **************  * APUNTES MODIFICACION DESCRIPCION2 *,0 - No Permite modificar descripcion2   1 - Permite modificar descripcion2,,,,,0,999,999_20007
1,20008,FACTURAS DE SERVICIOS. Siempre que el parametro 20006 este con la opcion 0.,0 - No permite la introduccion manual.  1 - Permite la introduccion manual.,,,,,0,1,1_20008
1,11117,*** NO SE USA ***, ,,,,,0,1,1_11117
19,11117,*** NO SE USA ***, ,,,,,0,19,19_11117
999,11117,*** NO SE USA ***, ,,,,,0,999,999_11117
1,11118,*** NO SE USA ***, ,,,,,0,1,1_11118
19,11118,*** NO SE USA ***, ,,,,,0,19,19_11118
999,11118,*** NO SE USA ***, ,,,,,0,999,999_11118
1,11119,*** NO SE USA ***, ,,,,,0,1,1_11119
19,11119,*** NO SE USA ***, ,,,,,0,19,19_11119
999,11119,*** NO SE USA ***, ,,,,,0,999,999_11119
1,11121,*** NO SE USA ***, ,,,,,0,1,1_11121
19,11121,*** NO SE USA ***, ,,,,,0,19,19_11121
999,11121,*** NO SE USA ***, ,,,,,0,999,999_11121
1,11122,*** NO SE USA ***, ,,,,,0,1,1_11122
19,11122,*** NO SE USA ***, ,,,,,0,19,19_11122
999,11122,*** NO SE USA ***, ,,,,,0,999,999_11122
1,11123,BAJA PEDIDO CON CANTIDADES SERVIDAS-TPV '0' - Baja Normal del Pedido.,'1' - Opcion Eliminar o Liquidar Pedido.,,,,,0,1,1_11123
19,11123,BAJA PEDIDO CON CANTIDADES SERVIDAS-TPV '0' - Baja Normal del Pedido.,'1' - Opcion Eliminar o Liquidar Pedido.,,,,,0,19,19_11123
999,11123,BAJA PEDIDO CON CANTIDADES SERVIDAS-TPV '0' - Baja Normal del Pedido.,'1' - Opcion Eliminar o Liquidar Pedido.,,,,,0,999,999_11123
1,11124,*** NO SE USA ***, ,,,,,0,1,1_11124
19,11124,*** NO SE USA ***, ,,,,,0,19,19_11124
999,11124,*** NO SE USA ***, ,,,,,0,999,999_11124
1,11125,*** NO SE USA ***, ,,,,,0,1,1_11125
19,11125,*** NO SE USA ***, ,,,,,0,19,19_11125
999,11125,*** NO SE USA ***, ,,,,,0,999,999_11125
1,11126,*ENTRADA FRACC. CODIGO ARTICULO  TPV-PP*'0' Entrada Normal Codigo Articulo.,'1' Entrada Fraccionada Codigo Articulo.,,,,,0,1,1_11126
19,11126,*ENTRADA FRACC. CODIGO ARTICULO  TPV-PP*'0' Entrada Normal Codigo Articulo.,'1' Entrada Fraccionada Codigo Articulo.,,,,,0,19,19_11126
999,11126,*ENTRADA FRACC. CODIGO ARTICULO  TPV-PP*'0' Entrada Normal Codigo Articulo.,'1' Entrada Fraccionada Codigo Articulo.,,,,,0,999,999_11126
1,11127,*ENTRADA FRACC. CODIGO ARTICULO  TPV-PV*'0' Entrada Normal Codigo Articulo.,'1' Entrada Fraccionada Codigo Articulo.,,,,,0,1,1_11127
19,11127,*ENTRADA FRACC. CODIGO ARTICULO  TPV-PV*'0' Entrada Normal Codigo Articulo.,'1' Entrada Fraccionada Codigo Articulo.,,,,,0,19,19_11127
999,11127,*ENTRADA FRACC. CODIGO ARTICULO  TPV-PV*'0' Entrada Normal Codigo Articulo.,'1' Entrada Fraccionada Codigo Articulo.,,,,,0,999,999_11127
1,11128,*ENTRADA FRACC. CODIGO ARTICULO  TPV-SV*'0' Entrada Normal Codigo Articulo.,'1' Entrada Fraccionada Codigo Articulo.,,,,,0,1,1_11128
19,11128,*ENTRADA FRACC. CODIGO ARTICULO  TPV-SV*'0' Entrada Normal Codigo Articulo.,'1' Entrada Fraccionada Codigo Articulo.,,,,,0,19,19_11128
999,11128,*ENTRADA FRACC. CODIGO ARTICULO  TPV-SV*'0' Entrada Normal Codigo Articulo.,'1' Entrada Fraccionada Codigo Articulo.,,,,,0,999,999_11128
1,11129,*** NO SE USA ***, ,,,,,0,1,1_11129
19,11129,*** NO SE USA ***, ,,,,,0,19,19_11129
999,11129,*** NO SE USA ***, ,,,,,0,999,999_11129
1,11130,*** NO SE USA ***, ,,,,,0,1,1_11130
19,11130,*** NO SE USA ***, ,,,,,0,19,19_11130
999,11130,*** NO SE USA ***, ,,,,,0,999,999_11130
1,11131,*** NO SE USA ***, ,,,,,0,1,1_11131
19,11131,*** NO SE USA ***, ,,,,,0,19,19_11131
999,11131,*** NO SE USA ***, ,,,,,0,999,999_11131
1,11132,*** NO SE USA ***, ,,,,,0,1,1_11132
19,11132,*** NO SE USA ***, ,,,,,0,19,19_11132
999,11132,*** NO SE USA ***, ,,,,,0,999,999_11132
1,11133,0 - Desactivado. Solo comprobara que la 1 - Comprobara que sea la que marca el,empresa alternativa existe.             auxiliar de la empresa como alternativa.,,,,,0,1,1_11133
999,11102,*** NO SE USA ***, ,,,,,0,999,999_11102
19,11044,*** NO SE USA ***, ,,,,,0,19,19_11044
19,11133,0 - Desactivado. Solo comprobara que la 1 - Comprobara que sea la que marca el,empresa alternativa existe.             auxiliar de la empresa como alternativa.,,,,,0,19,19_11133
999,11133,0 - Desactivado. Solo comprobara que la 1 - Comprobara que sea la que marca el,empresa alternativa existe.             auxiliar de la empresa como alternativa.,,,,,0,999,999_11133
1,11134,*** NO SE USA ***, ,,,,,0,1,1_11134
19,11134,*** NO SE USA ***, ,,,,,0,19,19_11134
999,11134,*** NO SE USA ***, ,,,,,0,999,999_11134
1,11135,*CONTROL EXISTENCIA PEDIDO EN ALBARANES*'0' No Abrir la Ventana - Fijo = No.,'1' No Abrir la Ventana - Fijo = Si.    '2' Abrir la Ventana.,,,,,0,1,1_11135
19,11135,*CONTROL EXISTENCIA PEDIDO EN ALBARANES*'0' No Abrir la Ventana - Fijo = No.,'1' No Abrir la Ventana - Fijo = Si.    '2' Abrir la Ventana.,,,,,0,19,19_11135
999,11135,*CONTROL EXISTENCIA PEDIDO EN ALBARANES*'0' No Abrir la Ventana - Fijo = No.,'1' No Abrir la Ventana - Fijo = Si.    '2' Abrir la Ventana.,,,,,0,999,999_11135
1,11136,*VER ASIENTO DESPUES DE GENERAR FACTURA*'0' No Abrir la Ventana - Fijo = No.,'1' No Abrir la Ventana - Fijo = Si.    '2' Abrir la Ventana.,,,,,0,1,1_11136
19,11136,*VER ASIENTO DESPUES DE GENERAR FACTURA*'0' No Abrir la Ventana - Fijo = No.,'1' No Abrir la Ventana - Fijo = Si.    '2' Abrir la Ventana.,,,,,0,19,19_11136
999,11136,*VER ASIENTO DESPUES DE GENERAR FACTURA*'0' No Abrir la Ventana - Fijo = No.,'1' No Abrir la Ventana - Fijo = Si.    '2' Abrir la Ventana.,,,,,0,999,999_11136
1,11137,**F5 ARTICULOS LINEAS DOCUMENTO TPV-PP**'0' No Muestra Artic. con Ficha Cerrada.,'1' Muestra Articulo  con Ficha Cerrada.,,,,,0,1,1_11137
19,11137,**F5 ARTICULOS LINEAS DOCUMENTO TPV-PP**'0' No Muestra Artic. con Ficha Cerrada.,'1' Muestra Articulo  con Ficha Cerrada.,,,,,0,19,19_11137
999,11137,**F5 ARTICULOS LINEAS DOCUMENTO TPV-PP**'0' No Muestra Artic. con Ficha Cerrada.,'1' Muestra Articulo  con Ficha Cerrada.,,,,,0,999,999_11137
1,11138,**F5 ARTICULOS LINEAS DOCUMENTO TPV-PV**'0' No muestra Artic. con Ficha Cerrada.,'1' Muestra Articulo  con Ficha Cerrada.,,,,,0,1,1_11138
19,11138,**F5 ARTICULOS LINEAS DOCUMENTO TPV-PV**'0' No muestra Artic. con Ficha Cerrada.,'1' Muestra Articulo  con Ficha Cerrada.,,,,,0,19,19_11138
999,11138,**F5 ARTICULOS LINEAS DOCUMENTO TPV-PV**'0' No muestra Artic. con Ficha Cerrada.,'1' Muestra Articulo  con Ficha Cerrada.,,,,,0,999,999_11138
1,11139,**F5 ARTICULOS LINEAS DOCUMENTO TPV-SV**'0' No muestra Artic. con Ficha Cerrada.,'1' Muestra Articulo  con Ficha Cerrada.,,,,,0,1,1_11139
19,11139,**F5 ARTICULOS LINEAS DOCUMENTO TPV-SV**'0' No muestra Artic. con Ficha Cerrada.,'1' Muestra Articulo  con Ficha Cerrada.,,,,,0,19,19_11139
999,11139,**F5 ARTICULOS LINEAS DOCUMENTO TPV-SV**'0' No muestra Artic. con Ficha Cerrada.,'1' Muestra Articulo  con Ficha Cerrada.,,,,,0,999,999_11139
1,11140,*** NO SE USA ***, ,,,,,0,1,1_11140
19,11140,*** NO SE USA ***, ,,,,,0,19,19_11140
999,11140,*** NO SE USA ***, ,,,,,0,999,999_11140
1,11141,*** NO SE USA ***, ,,,,,0,1,1_11141
19,11141,*** NO SE USA ***, ,,,,,0,19,19_11141
999,11141,*** NO SE USA ***, ,,,,,0,999,999_11141
19,11082,*** SE UTILIZA EL PARAMETRO NUMERO 82 ***, ,,,,,0,19,19_11082
999,11082,*** SE UTILIZA EL PARAMETRO NUMERO 82 ***, ,,,,,0,999,999_11082
1,11083,*** NO SE USA ***, ,,,,,0,1,1_11083
19,11083,*** NO SE USA ***, ,,,,,0,19,19_11083
999,11083,*** NO SE USA ***, ,,,,,0,999,999_11083
1,11084,*** NO SE USA ***, ,,,,,0,1,1_11084
19,11084,*** NO SE USA ***, ,,,,,0,19,19_11084
999,11084,*** NO SE USA ***, ,,,,,0,999,999_11084
1,11085,*** NO SE USA ***, ,,,,,0,1,1_11085
19,11085,*** NO SE USA ***, ,,,,,0,19,19_11085
999,11085,*** NO SE USA ***, ,,,,,0,999,999_11085
1,11086,*** NO SE USA ***, ,,,,,0,1,1_11086
19,11086,*** NO SE USA ***, ,,,,,0,19,19_11086
999,11086,*** NO SE USA ***, ,,,,,0,999,999_11086
1,11087,*** NO SE USA ***, ,,,,,0,1,1_11087
19,11087,*** NO SE USA ***, ,,,,,0,19,19_11087
999,11087,*** NO SE USA ***, ,,,,,0,999,999_11087
1,11088,*** SE UTILIZA EL PARAMETRO NUMERO 88 ***, ,,,,,0,1,1_11088
19,11088,*** SE UTILIZA EL PARAMETRO NUMERO 88 ***, ,,,,,0,19,19_11088
999,11088,*** SE UTILIZA EL PARAMETRO NUMERO 88 ***, ,,,,,0,999,999_11088
1,11089,*** SE UTILIZA EL PARAMETRO NUMERO 89 ***, ,,,,,0,1,1_11089
19,11089,*** SE UTILIZA EL PARAMETRO NUMERO 89 ***, ,,,,,0,19,19_11089
999,11089,*** SE UTILIZA EL PARAMETRO NUMERO 89 ***, ,,,,,0,999,999_11089
1,11090,*** SE UTILIZA EL PARAMETRO NUMERO 90 ***, ,,,,,0,1,1_11090
19,11090,*** SE UTILIZA EL PARAMETRO NUMERO 90 ***, ,,,,,0,19,19_11090
999,11090,*** SE UTILIZA EL PARAMETRO NUMERO 90 ***, ,,,,,0,999,999_11090
1,11091,*** SE UTILIZA EL PARAMETRO NUMERO 91 ***, ,,,,,0,1,1_11091
19,11091,*** SE UTILIZA EL PARAMETRO NUMERO 91 ***, ,,,,,0,19,19_11091
999,11091,*** SE UTILIZA EL PARAMETRO NUMERO 91 ***, ,,,,,0,999,999_11091
1,11092,*** NO SE USA ***, ,,,,,0,1,1_11092
19,11092,*** NO SE USA ***, ,,,,,0,19,19_11092
999,11092,*** NO SE USA ***, ,,,,,0,999,999_11092
1,11093,*** SE UTILIZA EL PARAMETRO NUMERO 93 ***, ,,,,,0,1,1_11093
19,11093,*** SE UTILIZA EL PARAMETRO NUMERO 93 ***, ,,,,,0,19,19_11093
999,11093,*** SE UTILIZA EL PARAMETRO NUMERO 93 ***, ,,,,,0,999,999_11093
1,11094,*** NO SE USA ***, ,,,,,0,1,1_11094
19,11094,*** NO SE USA ***, ,,,,,0,19,19_11094
999,11094,*** NO SE USA ***, ,,,,,0,999,999_11094
1,11095,*** NO SE USA ***, ,,,,,0,1,1_11095
19,11095,*** NO SE USA ***, ,,,,,0,19,19_11095
999,11095,*** NO SE USA ***, ,,,,,0,999,999_11095
1,11096,*** NO SE USA ***, ,,,,,0,1,1_11096
19,11096,*** NO SE USA ***, ,,,,,0,19,19_11096
999,11096,*** NO SE USA ***, ,,,,,0,999,999_11096
1,11097,*** NO SE USA ***, ,,,,,0,1,1_11097
19,11097,*** NO SE USA ***, ,,,,,0,19,19_11097
999,11097,*** NO SE USA ***, ,,,,,0,999,999_11097
1,11098,*** NO SE USA ***, ,,,,,0,1,1_11098
19,11098,*** NO SE USA ***, ,,,,,0,19,19_11098
999,11098,*** NO SE USA ***, ,,,,,0,999,999_11098
1,11101,****ASIGNACION DE LOTES EN PEDIDOS******'1' Se Asignan los Lotes en Pedidos,'0' No se Asignan los Lotes en Pedidos,,,,,0,1,1_11101
19,11101,****ASIGNACION DE LOTES EN PEDIDOS******'1' Se Asignan los Lotes en Pedidos,'0' No se Asignan los Lotes en Pedidos,,,,,0,19,19_11101
999,11101,****ASIGNACION DE LOTES EN PEDIDOS******'1' Se Asignan los Lotes en Pedidos,'0' No se Asignan los Lotes en Pedidos,,,,,0,999,999_11101
1,11102,*** NO SE USA ***, ,,,,,0,1,1_11102
19,11102,*** NO SE USA ***, ,,,,,0,19,19_11102
1,11103,********  ORDENACION LOTES      ********'1' Ordenar por Lote  Interno,'0' Ordenar por Fecha Caducidad,,,,,0,1,1_11103
19,11103,********  ORDENACION LOTES      ********'1' Ordenar por Lote  Interno,'0' Ordenar por Fecha Caducidad,,,,,0,19,19_11103
999,11103,********  ORDENACION LOTES      ********'1' Ordenar por Lote  Interno,'0' Ordenar por Fecha Caducidad,,,,,0,999,999_11103
1,11104,*** NO SE USA ***, ,,,,,0,1,1_11104
19,11104,*** NO SE USA ***, ,,,,,0,19,19_11104
999,11104,*** NO SE USA ***, ,,,,,0,999,999_11104
1,11105,*** NO SE USA ***, ,,,,,0,1,1_11105
19,11105,*** NO SE USA ***, ,,,,,0,19,19_11105
999,11105,*** NO SE USA ***, ,,,,,0,999,999_11105
1,11106,*** NO SE USA ***, ,,,,,0,1,1_11106
19,11106,*** NO SE USA ***, ,,,,,0,19,19_11106
999,11106,*** NO SE USA ***, ,,,,,0,999,999_11106
1,11107,*** NO SE USA ***, ,,,,,0,1,1_11107
19,11107,*** NO SE USA ***, ,,,,,0,19,19_11107
999,11107,*** NO SE USA ***, ,,,,,0,999,999_11107
1,11108,*** NO SE USA ***, ,,,,,0,1,1_11108
19,11108,*** NO SE USA ***, ,,,,,0,19,19_11108
999,11108,*** NO SE USA ***, ,,,,,0,999,999_11108
1,11109,*** NO SE USA ***, ,,,,,0,1,1_11109
19,11109,*** NO SE USA ***, ,,,,,0,19,19_11109
999,11109,*** NO SE USA ***, ,,,,,0,999,999_11109
1,11110,*** NO SE USA ***, ,,,,,0,1,1_11110
19,11110,*** NO SE USA ***, ,,,,,0,19,19_11110
999,11110,*** NO SE USA ***, ,,,,,0,999,999_11110
1,11111,*** NO SE USA ***, ,,,,,0,1,1_11111
19,11111,*** NO SE USA ***, ,,,,,0,19,19_11111
999,11111,*** NO SE USA ***, ,,,,,0,999,999_11111
1,11112,*** NO SE USA ***, ,,,,,0,1,1_11112
19,11112,*** NO SE USA ***, ,,,,,0,19,19_11112
999,11112,*** NO SE USA ***, ,,,,,0,999,999_11112
1,11113,*** OFERTAS POR MATRIZ DE ARTICULOS **** 0 - Desactivado,                                         1 - Activado,4,,,En codigo integer va el numero de caracter que se corta el articulo para matriz.,0,1,1_11113
19,11113,*** OFERTAS POR MATRIZ DE ARTICULOS **** 0 - Desactivado,                                         1 - Activado,4,,,En codigo integer va el numero de caracter que se corta el articulo para matriz.,0,19,19_11113
999,11113,*** OFERTAS POR MATRIZ DE ARTICULOS **** 0 - Desactivado,                                         1 - Activado,4,,,En codigo integer va el numero de caracter que se corta el articulo para matriz.,0,999,999_11113
1,11114,*** NO SE USA ***, ,,,,,0,1,1_11114
19,11114,*** NO SE USA ***, ,,,,,0,19,19_11114
999,11114,*** NO SE USA ***, ,,,,,0,999,999_11114
1,11115,*** NO SE USA ***, ,,,,,0,1,1_11115
19,11115,*** NO SE USA ***, ,,,,,0,19,19_11115
999,11115,*** NO SE USA ***, ,,,,,0,999,999_11115
1,11116,*** NO SE USA ***, ,,,,,0,1,1_11116
19,11116,*** NO SE USA ***, ,,,,,0,19,19_11116
999,11116,*** NO SE USA ***, ,,,,,0,999,999_11116
999,11054,Accion de la segunda impresora :         0 : Se utiliza para tiquets con cajon, 1 : Se utiliza para facturas            2 : Se utiliza para tiquets SIN cajon,,,,,0,999,999_11054
1,11055,Precio y descuentos de linea (VENTAS)   0 --> STANDARD,1 --> Combinacion Oferta/Categoria,,,,*** USO EXCLUSIVO T.P.V. ***,0,1,1_11055
19,11055,Precio y descuentos de linea (VENTAS)   0 --> STANDARD,1 --> Combinacion Oferta/Categoria,,,,*** USO EXCLUSIVO T.P.V. ***,0,19,19_11055
999,11055,Precio y descuentos de linea (VENTAS)   0 --> STANDARD,1 --> Combinacion Oferta/Categoria,,,,*** USO EXCLUSIVO T.P.V. ***,0,999,999_11055
1,11056,"Ventana ""Permitir Facturar Agrupado ...""0 -> Abre la ventana (STANDARD)","1 -> NO abre la ventana. Fijo=""SI""      2 -> NO abre la ventana. Fijo=""NO""",,,,,0,1,1_11056
19,11056,"Ventana ""Permitir Facturar Agrupado ...""0 -> Abre la ventana (STANDARD)","1 -> NO abre la ventana. Fijo=""SI""      2 -> NO abre la ventana. Fijo=""NO""",,,,,0,19,19_11056
999,11056,"Ventana ""Permitir Facturar Agrupado ...""0 -> Abre la ventana (STANDARD)","1 -> NO abre la ventana. Fijo=""SI""      2 -> NO abre la ventana. Fijo=""NO""",,,,,0,999,999_11056
1,11057,*** NO SE USA ***, ,,,,,0,1,1_11057
19,11057,*** NO SE USA ***, ,,,,,0,19,19_11057
999,11057,*** NO SE USA ***, ,,,,,0,999,999_11057
1,11058,*** NO SE USA ***, ,,,,,0,1,1_11058
19,11058,*** NO SE USA ***, ,,,,,0,19,19_11058
999,11058,*** NO SE USA ***, ,,,,,0,999,999_11058
1,11059,*** NO SE USA ***, ,,,,,0,1,1_11059
19,11059,*** NO SE USA ***, ,,,,,0,19,19_11059
999,11059,*** NO SE USA ***, ,,,,,0,999,999_11059
1,11060,*** NO SE USA ***, ,,,,,0,1,1_11060
19,11060,*** NO SE USA ***, ,,,,,0,19,19_11060
999,11060,*** NO SE USA ***, ,,,,,0,999,999_11060
1,11061,*** NO SE USA ***, ,,,,,0,1,1_11061
19,11061,*** NO SE USA ***, ,,,,,0,19,19_11061
999,11061,*** NO SE USA ***, ,,,,,0,999,999_11061
1,11062,*** NO SE USA ***, ,,,,,0,1,1_11062
19,11062,*** NO SE USA ***, ,,,,,0,19,19_11062
999,11062,*** NO SE USA ***, ,,,,,0,999,999_11062
1,11063,*** NO SE USA ***, ,,,,,0,1,1_11063
19,11063,*** NO SE USA ***, ,,,,,0,19,19_11063
999,11063,*** NO SE USA ***, ,,,,,0,999,999_11063
1,11064,*** NO SE USA ***, ,,,,,0,1,1_11064
19,11064,*** NO SE USA ***, ,,,,,0,19,19_11064
999,11064,*** NO SE USA ***, ,,,,,0,999,999_11064
1,11065,*** NO SE USA ***, ,,,,,0,1,1_11065
19,11065,*** NO SE USA ***, ,,,,,0,19,19_11065
999,11065,*** NO SE USA ***, ,,,,,0,999,999_11065
1,11066,*** NO SE USA ***, ,,,,,0,1,1_11066
19,11066,*** NO SE USA ***, ,,,,,0,19,19_11066
999,11066,*** NO SE USA ***, ,,,,,0,999,999_11066
1,11067,*** NO SE USA ***, ,,,,,0,1,1_11067
19,11067,*** NO SE USA ***, ,,,,,0,19,19_11067
999,11067,*** NO SE USA ***, ,,,,,0,999,999_11067
1,11068,*** NO SE USA ***, ,,,,,0,1,1_11068
19,11068,*** NO SE USA ***, ,,,,,0,19,19_11068
999,11068,*** NO SE USA ***, ,,,,,0,999,999_11068
1,11070,Control de Riesgo por linea:            0 -> NO se realiza el control.,1 -> AVISA si se sobrepasa el riesgo.   2 -> AVISA y pide Password (al grabar).,,,,*** USO EXCLUSIVO T.P.V. ***,0,1,1_11070
19,11070,Control de Riesgo por linea:            0 -> NO se realiza el control.,1 -> AVISA si se sobrepasa el riesgo.   2 -> AVISA y pide Password (al grabar).,,,,*** USO EXCLUSIVO T.P.V. ***,0,19,19_11070
999,11070,Control de Riesgo por linea:            0 -> NO se realiza el control.,1 -> AVISA si se sobrepasa el riesgo.   2 -> AVISA y pide Password (al grabar).,,,,*** USO EXCLUSIVO T.P.V. ***,0,999,999_11070
999,11044,*** NO SE USA ***, ,,,,,0,999,999_11044
1,11071,Control Precio minimo.                  0 -> NO se realiza el control.,1 -> AVISA si el precio es menor             que precio coste o margen fijado.,,,,*** USO EXCLUSIVO T.P.V. ***,0,1,1_11071
19,11071,Control Precio minimo.                  0 -> NO se realiza el control.,1 -> AVISA si el precio es menor             que precio coste o margen fijado.,,,,*** USO EXCLUSIVO T.P.V. ***,0,19,19_11071
999,11071,Control Precio minimo.                  0 -> NO se realiza el control.,1 -> AVISA si el precio es menor             que precio coste o margen fijado.,,,,*** USO EXCLUSIVO T.P.V. ***,0,999,999_11071
1,11072,Confirmar la impresion:                 0 -> NO se pide confirmacion.,1 -> Se pedira confirmacion.,,,,*** USO EXCLUSIVO T.P.V. ***,1,1,1_11072
19,11072,Confirmar la impresion:                 0 -> NO se pide confirmacion.,1 -> Se pedira confirmacion.,,,,*** USO EXCLUSIVO T.P.V. ***,1,19,19_11072
999,11072,Confirmar la impresion:                 0 -> NO se pide confirmacion.,1 -> Se pedira confirmacion.,,,,*** USO EXCLUSIVO T.P.V. ***,1,999,999_11072
1,11073,0: Empresa NO trabaja con lotes.,1: Empresa trabaja con lotes.,,,,,0,1,1_11073
19,11073,0: Empresa NO trabaja con lotes.,1: Empresa trabaja con lotes.,,,,,0,19,19_11073
999,11073,0: Empresa NO trabaja con lotes.,1: Empresa trabaja con lotes.,,,,,0,999,999_11073
1,11075,*** NO SE USA ***, ,,,,,0,1,1_11075
19,11075,*** NO SE USA ***, ,,,,,0,19,19_11075
999,11075,*** NO SE USA ***, ,,,,,0,999,999_11075
1,11076,*** NO SE USA ***, ,,,,,0,1,1_11076
19,11076,*** NO SE USA ***, ,,,,,0,19,19_11076
999,11076,*** NO SE USA ***, ,,,,,0,999,999_11076
1,11077,Subcuentas del Iva por variantes:       1 - Trabaja con variantes.,0 - No trabaja con variantes.,,,,,0,1,1_11077
19,11077,Subcuentas del Iva por variantes:       1 - Trabaja con variantes.,0 - No trabaja con variantes.,,,,,0,19,19_11077
999,11077,Subcuentas del Iva por variantes:       1 - Trabaja con variantes.,0 - No trabaja con variantes.,,,,,0,999,999_11077
1,11078,*** NO SE USA ***, ,,,,,0,1,1_11078
19,11078,*** NO SE USA ***, ,,,,,0,19,19_11078
999,11078,*** NO SE USA ***, ,,,,,0,999,999_11078
1,11079,*** NO SE USA ***, ,,,,,0,1,1_11079
19,11079,*** NO SE USA ***, ,,,,,0,19,19_11079
999,11079,*** NO SE USA ***, ,,,,,0,999,999_11079
1,11080,MODIFICACION DEL DESCUENTO Y EL PRECIO      descuento y precio de la linea.,'1' No se puede modificar los valores de'0' Funcionamiento normal.,,,,,0,1,1_11080
19,11080,MODIFICACION DEL DESCUENTO Y EL PRECIO      descuento y precio de la linea.,'1' No se puede modificar los valores de'0' Funcionamiento normal.,,,,,0,19,19_11080
999,11080,MODIFICACION DEL DESCUENTO Y EL PRECIO      descuento y precio de la linea.,'1' No se puede modificar los valores de'0' Funcionamiento normal.,,,,,0,999,999_11080
1,11081,*** NO SE USA ***, ,,,,,0,1,1_11081
19,11081,*** NO SE USA ***, ,,,,,0,19,19_11081
999,11081,*** NO SE USA ***, ,,,,,0,999,999_11081
1,11082,*** SE UTILIZA EL PARAMETRO NUMERO 82 ***, ,,,,,0,1,1_11082
999,11037,Pedidos VENTA.                          1: Abre automaticamente la ventana de,"   ""VENDEDORES"".                        0: No abre la ventana automaticamente.",,,,*** USO EXCLUSIVO T.P.V. ***,0,999,999_11037
1,11038,Albaranes VENTA.                        1: Abre automaticamente la ventana de,"   ""PEDIDOS PENDIENTES SERVIR"".         0: No abre la ventana automaticamente.",,,,*** USO EXCLUSIVO T.P.V. ***,0,1,1_11038
19,11038,Albaranes VENTA.                        1: Abre automaticamente la ventana de,"   ""PEDIDOS PENDIENTES SERVIR"".         0: No abre la ventana automaticamente.",,,,*** USO EXCLUSIVO T.P.V. ***,0,19,19_11038
999,11038,Albaranes VENTA.                        1: Abre automaticamente la ventana de,"   ""PEDIDOS PENDIENTES SERVIR"".         0: No abre la ventana automaticamente.",,,,*** USO EXCLUSIVO T.P.V. ***,0,999,999_11038
1,11039,Albaranes VENTA  (Multidivisa).         1: Abre automaticamente la ventana de,"   ""CAMBIO MONEDA"".                     0: No abre la ventana (si existe cambio)",,,,,0,1,1_11039
19,11039,Albaranes VENTA  (Multidivisa).         1: Abre automaticamente la ventana de,"   ""CAMBIO MONEDA"".                     0: No abre la ventana (si existe cambio)",,,,,0,19,19_11039
999,11039,Albaranes VENTA  (Multidivisa).         1: Abre automaticamente la ventana de,"   ""CAMBIO MONEDA"".                     0: No abre la ventana (si existe cambio)",,,,,0,999,999_11039
1,11040,Albaranes VENTA.                        1: Abre automaticamente la ventana de,"   ""VENDEDORES"".                        0: No abre la ventana automaticamente.",,,,*** USO EXCLUSIVO T.P.V. ***,0,1,1_11040
19,11040,Albaranes VENTA.                        1: Abre automaticamente la ventana de,"   ""VENDEDORES"".                        0: No abre la ventana automaticamente.",,,,*** USO EXCLUSIVO T.P.V. ***,0,19,19_11040
999,11040,Albaranes VENTA.                        1: Abre automaticamente la ventana de,"   ""VENDEDORES"".                        0: No abre la ventana automaticamente.",,,,*** USO EXCLUSIVO T.P.V. ***,0,999,999_11040
1,11041,Facturas VENTA.                         1: Abre automaticamente la ventana de,"   ""ALBARANES PENDIENTES FACTURAR"".     0: No abre la ventana automaticamente.",,,,*** USO EXCLUSIVO T.P.V. ***,0,1,1_11041
19,11041,Facturas VENTA.                         1: Abre automaticamente la ventana de,"   ""ALBARANES PENDIENTES FACTURAR"".     0: No abre la ventana automaticamente.",,,,*** USO EXCLUSIVO T.P.V. ***,0,19,19_11041
999,11041,Facturas VENTA.                         1: Abre automaticamente la ventana de,"   ""ALBARANES PENDIENTES FACTURAR"".     0: No abre la ventana automaticamente.",,,,*** USO EXCLUSIVO T.P.V. ***,0,999,999_11041
1,11042,Facturas VENTA  (Multidivisa).          1: Abre automaticamente la ventana de,"   ""CAMBIO MONEDA""                      0: No abre la ventana (si existe cambio)",,,,,0,1,1_11042
19,11042,Facturas VENTA  (Multidivisa).          1: Abre automaticamente la ventana de,"   ""CAMBIO MONEDA""                      0: No abre la ventana (si existe cambio)",,,,,0,19,19_11042
999,11042,Facturas VENTA  (Multidivisa).          1: Abre automaticamente la ventana de,"   ""CAMBIO MONEDA""                      0: No abre la ventana (si existe cambio)",,,,,0,999,999_11042
1,11043,Facturas VENTA.                         1: Abre automaticamente la ventana de,"   ""VENDEDORES"".                        0: No abre la ventana automaticamente.",,,,*** USO EXCLUSIVO T.P.V. ***,0,1,1_11043
19,11043,Facturas VENTA.                         1: Abre automaticamente la ventana de,"   ""VENDEDORES"".                        0: No abre la ventana automaticamente.",,,,*** USO EXCLUSIVO T.P.V. ***,0,19,19_11043
999,11043,Facturas VENTA.                         1: Abre automaticamente la ventana de,"   ""VENDEDORES"".                        0: No abre la ventana automaticamente.",,,,*** USO EXCLUSIVO T.P.V. ***,0,999,999_11043
1,11044,*** NO SE USA ***, ,,,,,0,1,1_11044
1,11045,*** NO SE USA ***, ,,,,,0,1,1_11045
19,11045,*** NO SE USA ***, ,,,,,0,19,19_11045
999,11045,*** NO SE USA ***, ,,,,,0,999,999_11045
1,11046,*** NO SE USA ***, ,,,,,0,1,1_11046
19,11046,*** NO SE USA ***, ,,,,,0,19,19_11046
999,11046,*** NO SE USA ***, ,,,,,0,999,999_11046
1,11047,*** NO SE USA ***, ,,,,,0,1,1_11047
19,11047,*** NO SE USA ***, ,,,,,0,19,19_11047
999,11047,*** NO SE USA ***, ,,,,,0,999,999_11047
1,11048,*** NO SE USA ***, ,,,,,0,1,1_11048
19,11048,*** NO SE USA ***, ,,,,,0,19,19_11048
999,11048,*** NO SE USA ***, ,,,,,0,999,999_11048
1,11049,*** NO SE USA ***, ,,,,,0,1,1_11049
19,11049,*** NO SE USA ***, ,,,,,0,19,19_11049
999,11049,*** NO SE USA ***, ,,,,,0,999,999_11049
1,11050,"1) Cuando calcula la cantidad con las medidas, estas son divididas por el valor",que haya en Codigo integer.             0) Calcula normal.,1000,,,*** USO EXCLUSIVO T.P.V. ***,0,1,1_11050
19,11050,"1) Cuando calcula la cantidad con las medidas, estas son divididas por el valor",que haya en Codigo integer.             0) Calcula normal.,1000,,,*** USO EXCLUSIVO T.P.V. ***,0,19,19_11050
999,11050,"1) Cuando calcula la cantidad con las medidas, estas son divididas por el valor",que haya en Codigo integer.             0) Calcula normal.,1000,,,*** USO EXCLUSIVO T.P.V. ***,0,999,999_11050
1,11051,1 -> No se puede modificar el precio y       los dtos si proviene de Oferta.,0 -> No hace nada.,,,,*** USO EXCLUSIVO T.P.V. ***,0,1,1_11051
19,11051,1 -> No se puede modificar el precio y       los dtos si proviene de Oferta.,0 -> No hace nada.,,,,*** USO EXCLUSIVO T.P.V. ***,0,19,19_11051
999,11051,1 -> No se puede modificar el precio y       los dtos si proviene de Oferta.,0 -> No hace nada.,,,,*** USO EXCLUSIVO T.P.V. ***,0,999,999_11051
1,11052,Restos en Presupuestos:                 Param = 0 --> NUNCA DEJA EL RESTO.,Param = 1 --> SIEMPRE DEJA EL RESTO.    Param = 2 --> PREGUNTA SI LO DEJA O NO.,,,,*** USO EXCLUSIVO T.P.V. ***,0,1,1_11052
19,11052,Restos en Presupuestos:                 Param = 0 --> NUNCA DEJA EL RESTO.,Param = 1 --> SIEMPRE DEJA EL RESTO.    Param = 2 --> PREGUNTA SI LO DEJA O NO.,,,,*** USO EXCLUSIVO T.P.V. ***,0,19,19_11052
999,11052,Restos en Presupuestos:                 Param = 0 --> NUNCA DEJA EL RESTO.,Param = 1 --> SIEMPRE DEJA EL RESTO.    Param = 2 --> PREGUNTA SI LO DEJA O NO.,,,,*** USO EXCLUSIVO T.P.V. ***,0,999,999_11052
1,11053,*** NO SE USA ***, ,,,,,0,1,1_11053
19,11053,*** NO SE USA ***, ,,,,,0,19,19_11053
999,11053,*** NO SE USA ***, ,,,,,0,999,999_11053
1,11054,Accion de la segunda impresora :         0 : Se utiliza para tiquets con cajon, 1 : Se utiliza para facturas            2 : Se utiliza para tiquets SIN cajon,,,,,0,1,1_11054
19,11054,Accion de la segunda impresora :         0 : Se utiliza para tiquets con cajon, 1 : Se utiliza para facturas            2 : Se utiliza para tiquets SIN cajon,,,,,0,19,19_11054
999,11019,1. Avisara cuando un Cliente no tiene   Ofertas ni descuentos por Categoria para,un Articulo.                            0. No avisara,,,,*** USO EXCLUSIVO T.P.V. ***,0,999,999_11019
1,11020,*** NO SE USA ***, ,,,,,0,1,1_11020
19,11020,*** NO SE USA ***, ,,,,,0,19,19_11020
999,11020,*** NO SE USA ***, ,,,,,0,999,999_11020
1,11021,"Calculo Precios Iva Incluido :          0-No calcula, esta entrado en la Tarifa.",1-Al precio le suma el Iva.,,,,*** USO EXCLUSIVO T.P.V. ***,0,1,1_11021
19,11021,"Calculo Precios Iva Incluido :          0-No calcula, esta entrado en la Tarifa.",1-Al precio le suma el Iva.,,,,*** USO EXCLUSIVO T.P.V. ***,0,19,19_11021
999,11021,"Calculo Precios Iva Incluido :          0-No calcula, esta entrado en la Tarifa.",1-Al precio le suma el Iva.,,,,*** USO EXCLUSIVO T.P.V. ***,0,999,999_11021
1,11022,*** NO SE USA ***, ,,,,,0,1,1_11022
19,11022,*** NO SE USA ***, ,,,,,0,19,19_11022
999,11022,*** NO SE USA ***, ,,,,,0,999,999_11022
1,11023,*** NO SE USA ***, ,,,,,0,1,1_11023
19,11023,*** NO SE USA ***, ,,,,,0,19,19_11023
999,11023,*** NO SE USA ***, ,,,,,0,999,999_11023
1,11024,*** NO SE USA ***, ,,,,,0,1,1_11024
19,11024,*** NO SE USA ***, ,,,,,0,19,19_11024
999,11024,*** NO SE USA ***, ,,,,,0,999,999_11024
1,11025,`1` Abrir ventana mostrando precios         (Lineas de VENTAS).,`0` NO abrir la ventana.,,,,*** USO EXCLUSIVO T.P.V. ***,0,1,1_11025
19,11025,`1` Abrir ventana mostrando precios         (Lineas de VENTAS).,`0` NO abrir la ventana.,,,,*** USO EXCLUSIVO T.P.V. ***,0,19,19_11025
999,11025,`1` Abrir ventana mostrando precios         (Lineas de VENTAS).,`0` NO abrir la ventana.,,,,*** USO EXCLUSIVO T.P.V. ***,0,999,999_11025
1,11026,*** NO SE USA ***, ,,,,,0,1,1_11026
19,11026,*** NO SE USA ***, ,,,,,0,19,19_11026
999,11026,*** NO SE USA ***, ,,,,,0,999,999_11026
1,11027,*** NO SE USA ***, ,,,,,0,1,1_11027
19,11027,*** NO SE USA ***, ,,,,,0,19,19_11027
999,11027,*** NO SE USA ***, ,,,,,0,999,999_11027
1,11028,*** NO SE USA ***, ,,,,,0,1,1_11028
19,11028,*** NO SE USA ***, ,,,,,0,19,19_11028
999,11028,*** NO SE USA ***, ,,,,,0,999,999_11028
1,11029,Tratamiento Vendedores en el T.P.V.     `1`--> Trabaja con el vendedor del T.P.V,`2`--> Trabaja con los vendodres de la         ficha del cliente.,,,,*** USO EXCLUSIVO T.P.V. ***,2,1,1_11029
19,11029,Tratamiento Vendedores en el T.P.V.     `1`--> Trabaja con el vendedor del T.P.V,`2`--> Trabaja con los vendodres de la         ficha del cliente.,,,,*** USO EXCLUSIVO T.P.V. ***,2,19,19_11029
999,11029,Tratamiento Vendedores en el T.P.V.     `1`--> Trabaja con el vendedor del T.P.V,`2`--> Trabaja con los vendodres de la         ficha del cliente.,,,,*** USO EXCLUSIVO T.P.V. ***,2,999,999_11029
1,11030,*** NO SE USA ***, ,,,,,0,1,1_11030
19,11030,*** NO SE USA ***, ,,,,,0,19,19_11030
999,11030,*** NO SE USA ***, ,,,,,0,999,999_11030
1,11031,TPV :                                    `0` Trabaja con el menu de operaciones, `1` Entra directamente al documento.,,,,*** USO EXCLUSIVO T.P.V. ***,0,1,1_11031
19,11031,TPV :                                    `0` Trabaja con el menu de operaciones, `1` Entra directamente al documento.,,,,*** USO EXCLUSIVO T.P.V. ***,0,19,19_11031
999,11031,TPV :                                    `0` Trabaja con el menu de operaciones, `1` Entra directamente al documento.,,,,*** USO EXCLUSIVO T.P.V. ***,0,999,999_11031
1,11032,Presupuestos VENTA.                     1: Abre automaticamente la ventana de,"   ""PRESUPUESTOS PENDIENTES"".           0: No abre la ventana automaticamente.",,,,*** USO EXCLUSIVO T.P.V. ***,0,1,1_11032
19,11032,Presupuestos VENTA.                     1: Abre automaticamente la ventana de,"   ""PRESUPUESTOS PENDIENTES"".           0: No abre la ventana automaticamente.",,,,*** USO EXCLUSIVO T.P.V. ***,0,19,19_11032
999,11032,Presupuestos VENTA.                     1: Abre automaticamente la ventana de,"   ""PRESUPUESTOS PENDIENTES"".           0: No abre la ventana automaticamente.",,,,*** USO EXCLUSIVO T.P.V. ***,0,999,999_11032
1,11033,Presupuestos VENTA  (Multidivisa).      1: Abre automaticamente la ventana de,"   ""CAMBIO MONEDA"".                     0: No abre la ventana (si existe cambio)",,,,,0,1,1_11033
19,11033,Presupuestos VENTA  (Multidivisa).      1: Abre automaticamente la ventana de,"   ""CAMBIO MONEDA"".                     0: No abre la ventana (si existe cambio)",,,,,0,19,19_11033
999,11033,Presupuestos VENTA  (Multidivisa).      1: Abre automaticamente la ventana de,"   ""CAMBIO MONEDA"".                     0: No abre la ventana (si existe cambio)",,,,,0,999,999_11033
1,11034,Presupuestos VENTA.                     1: Abre automaticamente la ventana de,"   ""VENDEDORES"".                        0: No abre la ventana automaticamente.",,,,*** USO EXCLUSIVO T.P.V. ***,0,1,1_11034
19,11034,Presupuestos VENTA.                     1: Abre automaticamente la ventana de,"   ""VENDEDORES"".                        0: No abre la ventana automaticamente.",,,,*** USO EXCLUSIVO T.P.V. ***,0,19,19_11034
999,11034,Presupuestos VENTA.                     1: Abre automaticamente la ventana de,"   ""VENDEDORES"".                        0: No abre la ventana automaticamente.",,,,*** USO EXCLUSIVO T.P.V. ***,0,999,999_11034
1,11035,Pedidos VENTA.                          1: Abre automaticamente la ventana de,"   ""PEDIDOS/PRESUPUESTOS PENDIENTES"".   0: No abre la ventana automaticamente.",,,,*** USO EXCLUSIVO T.P.V. ***,0,1,1_11035
19,11035,Pedidos VENTA.                          1: Abre automaticamente la ventana de,"   ""PEDIDOS/PRESUPUESTOS PENDIENTES"".   0: No abre la ventana automaticamente.",,,,*** USO EXCLUSIVO T.P.V. ***,0,19,19_11035
999,11035,Pedidos VENTA.                          1: Abre automaticamente la ventana de,"   ""PEDIDOS/PRESUPUESTOS PENDIENTES"".   0: No abre la ventana automaticamente.",,,,*** USO EXCLUSIVO T.P.V. ***,0,999,999_11035
1,11036,Pedidos VENTA  (Multidivisa).           1: Abre automaticamente la ventana de,"   ""CAMBIO MONEDA"".                     0: No abre la ventana (si existe cambio)",,,,,0,1,1_11036
19,11036,Pedidos VENTA  (Multidivisa).           1: Abre automaticamente la ventana de,"   ""CAMBIO MONEDA"".                     0: No abre la ventana (si existe cambio)",,,,,0,19,19_11036
999,11036,Pedidos VENTA  (Multidivisa).           1: Abre automaticamente la ventana de,"   ""CAMBIO MONEDA"".                     0: No abre la ventana (si existe cambio)",,,,,0,999,999_11036
1,11037,Pedidos VENTA.                          1: Abre automaticamente la ventana de,"   ""VENDEDORES"".                        0: No abre la ventana automaticamente.",,,,*** USO EXCLUSIVO T.P.V. ***,0,1,1_11037
19,11037,Pedidos VENTA.                          1: Abre automaticamente la ventana de,"   ""VENDEDORES"".                        0: No abre la ventana automaticamente.",,,,*** USO EXCLUSIVO T.P.V. ***,0,19,19_11037
999,11003,"1 Permite modificar el I.V.A. de la lineas en presupuestos, pedidos, albaranes y",facturas de compra y de venta. 0 No permite modificar el I.V.A.,,,,*** USO EXCLUSIVO T.P.V. ***,0,999,999_11003
1,11004,*** NO SE USA ***, ,,,,,0,1,1_11004
19,11004,*** NO SE USA ***, ,,,,,0,19,19_11004
999,11004,*** NO SE USA ***, ,,,,,0,999,999_11004
1,11005,1 Numera el ristro de I.V.A. en la creación de facturas de compra y venta y en a,puntes contables. 0 El registro de I.V.A. se numera al listar,,,,*** USO EXCLUSIVO T.P.V. ***,0,1,1_11005
19,11005,1 Numera el ristro de I.V.A. en la creación de facturas de compra y venta y en a,puntes contables. 0 El registro de I.V.A. se numera al listar,,,,*** USO EXCLUSIVO T.P.V. ***,0,19,19_11005
999,11005,1 Numera el ristro de I.V.A. en la creación de facturas de compra y venta y en a,puntes contables. 0 El registro de I.V.A. se numera al listar,,,,*** USO EXCLUSIVO T.P.V. ***,0,999,999_11005
1,11006,*** NO SE USA ***, ,,,,,0,1,1_11006
19,11006,*** NO SE USA ***, ,,,,,0,19,19_11006
999,11006,*** NO SE USA ***, ,,,,,0,999,999_11006
1,11007,1 Pide el número de bultos de envio en albaranes y facturas de venta. 0 No pide,el número de bultos,,,,*** USO EXCLUSIVO T.P.V. ***,0,1,1_11007
19,11007,1 Pide el número de bultos de envio en albaranes y facturas de venta. 0 No pide,el número de bultos,,,,*** USO EXCLUSIVO T.P.V. ***,0,19,19_11007
999,11007,1 Pide el número de bultos de envio en albaranes y facturas de venta. 0 No pide,el número de bultos,,,,*** USO EXCLUSIVO T.P.V. ***,0,999,999_11007
1,11008,0 El cálculo de vencimientos considera los meses naturales. 1 Considera los mese,s de treinta dias.,,,,*** USO EXCLUSIVO T.P.V. ***,1,1,1_11008
19,11008,0 El cálculo de vencimientos considera los meses naturales. 1 Considera los mese,s de treinta dias.,,,,*** USO EXCLUSIVO T.P.V. ***,1,19,19_11008
999,11008,0 El cálculo de vencimientos considera los meses naturales. 1 Considera los mese,s de treinta dias.,,,,*** USO EXCLUSIVO T.P.V. ***,1,999,999_11008
1,11009,1 Un contador de pedidos venta único para todos los almacenes.,0 Un contador de pedidos venta para cada almacén.,,,,*** USO EXCLUSIVO T.P.V. ***,1,1,1_11009
19,11009,1 Un contador de pedidos venta único para todos los almacenes.,0 Un contador de pedidos venta para cada almacén.,,,,*** USO EXCLUSIVO T.P.V. ***,1,19,19_11009
999,11009,1 Un contador de pedidos venta único para todos los almacenes.,0 Un contador de pedidos venta para cada almacén.,,,,*** USO EXCLUSIVO T.P.V. ***,1,999,999_11009
1,11010,1 Un contador de presup. venta único para todos los almacenes.,0 Un contador de presup. venta para cada almacén.,,,,*** USO EXCLUSIVO T.P.V. ***,1,1,1_11010
19,11010,1 Un contador de presup. venta único para todos los almacenes.,0 Un contador de presup. venta para cada almacén.,,,,*** USO EXCLUSIVO T.P.V. ***,1,19,19_11010
999,11010,1 Un contador de presup. venta único para todos los almacenes.,0 Un contador de presup. venta para cada almacén.,,,,*** USO EXCLUSIVO T.P.V. ***,1,999,999_11010
1,11011,1 Un contador de albaranes venta único para todos los almacenes.,0 Un contador de albaranes venta para cada almacén.,,,,*** USO EXCLUSIVO T.P.V. ***,1,1,1_11011
19,11011,1 Un contador de albaranes venta único para todos los almacenes.,0 Un contador de albaranes venta para cada almacén.,,,,*** USO EXCLUSIVO T.P.V. ***,1,19,19_11011
999,11011,1 Un contador de albaranes venta único para todos los almacenes.,0 Un contador de albaranes venta para cada almacén.,,,,*** USO EXCLUSIVO T.P.V. ***,1,999,999_11011
1,11012,1 Un contador de facturas venta único para todos los almacenes.,0 Un contador de facturas venta para cada almacén.,,,,*** USO EXCLUSIVO T.P.V. ***,1,1,1_11012
19,11012,1 Un contador de facturas venta único para todos los almacenes.,0 Un contador de facturas venta para cada almacén.,,,,*** USO EXCLUSIVO T.P.V. ***,1,19,19_11012
999,11012,1 Un contador de facturas venta único para todos los almacenes.,0 Un contador de facturas venta para cada almacén.,,,,*** USO EXCLUSIVO T.P.V. ***,1,999,999_11012
1,11013,*** NO SE USA ***, ,,,,,0,1,1_11013
19,11013,*** NO SE USA ***, ,,,,,0,19,19_11013
999,11013,*** NO SE USA ***, ,,,,,0,999,999_11013
1,11014,"1 Si el importe de las facturas no supersa el valor contenido en ""v_dec1"" genera",un solo recibo. 0 genera recibos en función de la condiciones del cliente,,10000.000000,,*** USO EXCLUSIVO T.P.V. ***,0,1,1_11014
19,11014,"1 Si el importe de las facturas no supersa el valor contenido en ""v_dec1"" genera",un solo recibo. 0 genera recibos en función de la condiciones del cliente,,10000.000000,,*** USO EXCLUSIVO T.P.V. ***,0,19,19_11014
999,11014,"1 Si el importe de las facturas no supersa el valor contenido en ""v_dec1"" genera",un solo recibo. 0 genera recibos en función de la condiciones del cliente,,10000.000000,,*** USO EXCLUSIVO T.P.V. ***,0,999,999_11014
1,11015,En las pantallas e impresión de documentos de compras y ventas aplica el número,"de decimales contenido en el campo ""parametro""",,,,*** USO EXCLUSIVO T.P.V. ***,3,1,1_11015
19,11015,En las pantallas e impresión de documentos de compras y ventas aplica el número,"de decimales contenido en el campo ""parametro""",,,,*** USO EXCLUSIVO T.P.V. ***,3,19,19_11015
999,11015,En las pantallas e impresión de documentos de compras y ventas aplica el número,"de decimales contenido en el campo ""parametro""",,,,*** USO EXCLUSIVO T.P.V. ***,3,999,999_11015
1,11016,*** NO SE USA ***, ,,,,,0,1,1_11016
19,11016,*** NO SE USA ***, ,,,,,0,19,19_11016
999,11016,*** NO SE USA ***, ,,,,,0,999,999_11016
1,11017,0 : Empresa no trabaja con medidas.     1 : Empresa trabaja con medidas.,NOTA : Fabricacion tiene otro parametro,,,,*** USO EXCLUSIVO T.P.V. ***,0,1,1_11017
19,11017,0 : Empresa no trabaja con medidas.     1 : Empresa trabaja con medidas.,NOTA : Fabricacion tiene otro parametro,,,,*** USO EXCLUSIVO T.P.V. ***,0,19,19_11017
999,11017,0 : Empresa no trabaja con medidas.     1 : Empresa trabaja con medidas.,NOTA : Fabricacion tiene otro parametro,,,,*** USO EXCLUSIVO T.P.V. ***,0,999,999_11017
1,11018,"1. Pedira en CADA linea de Pedidos, Presupuestos, Albaranes y Facturas de Ventas",las Observaciones de linea.             0. No lo pedira.,,,, ,0,1,1_11018
19,11018,"1. Pedira en CADA linea de Pedidos, Presupuestos, Albaranes y Facturas de Ventas",las Observaciones de linea.             0. No lo pedira.,,,, ,0,19,19_11018
999,11018,"1. Pedira en CADA linea de Pedidos, Presupuestos, Albaranes y Facturas de Ventas",las Observaciones de linea.             0. No lo pedira.,,,, ,0,999,999_11018
1,11019,1. Avisara cuando un Cliente no tiene   Ofertas ni descuentos por Categoria para,un Articulo.                            0. No avisara,,,,*** USO EXCLUSIVO T.P.V. ***,0,1,1_11019
19,11019,1. Avisara cuando un Cliente no tiene   Ofertas ni descuentos por Categoria para,un Articulo.                            0. No avisara,,,,*** USO EXCLUSIVO T.P.V. ***,0,19,19_11019
999,1285,***** EMPRESA ALTERNATIVA ( TPV ) ******,0 - Permitir cualquier Forma de Pago.   1 - Obligatorio Forma de Pago Contado.,,,,,0,999,999_1285
999,1286,***** OBRAS APLICACION DESCUENTOS ******,0 - Desactivado                         1 - Activado,,,,,0,999,999_1286
999,1287,******** CLIENTE IVA REDUCIDO  *********    *** ABIR PANTALLA IVA ***,0 - Desactivado                         1 - Activado,,,,,0,999,999_1287
999,1289,****** CONTROL ENTREGAS A CUENTA *******ANTES DE BUSCAR EL CONTADOR DE FACTURAS,0 - Desactivado                         1 - Activado,,,,,0,999,999_1289
999,1290,***** FORMA DE PAGO TIPO CONTADO  ******   **** ENTREGAS A CUENTA ( TPV ) ***,0 - Desactivado                         1 - Activado,,,,,0,999,999_1290
1,1292,*********** LOTE INTERNO  *************** ENTRADA OBLIGATORIA FECHA CADUCIDAD *,0 - No se permite la entrada de la fecha1 - Se permite la entrada de la fecha.,,,,,0,1,1_1292
19,1292,*********** LOTE INTERNO  *************** ENTRADA OBLIGATORIA FECHA CADUCIDAD *,0 - No se permite la entrada de la fecha1 - Se permite la entrada de la fecha.,,,,,0,19,19_1292
999,1292,*********** LOTE INTERNO  *************** ENTRADA OBLIGATORIA FECHA CADUCIDAD *,0 - No se permite la entrada de la fecha1 - Se permite la entrada de la fecha.,,,,,0,999,999_1292
1,1293,*** COMPROBAR ARTICLE INTRODUIT EN ALBARANS DIRECTES NO EXISTEIX EN COMANDES O P,RESSUPOSTOS EXCLUSIU TPV ***            0 - Desactivat 1 - Activat,,,,,0,1,1_1293
19,1293,*** COMPROBAR ARTICLE INTRODUIT EN ALBARANS DIRECTES NO EXISTEIX EN COMANDES O P,RESSUPOSTOS EXCLUSIU TPV ***            0 - Desactivat 1 - Activat,,,,,0,19,19_1293
999,1293,*** COMPROBAR ARTICLE INTRODUIT EN ALBARANS DIRECTES NO EXISTEIX EN COMANDES O P,RESSUPOSTOS EXCLUSIU TPV ***            0 - Desactivat 1 - Activat,,,,,0,999,999_1293
1,1314,************* Entrada TPV  *************,0 - Accede directamente a Albaran.      1 - Accede directamente a Pedido.,,,,,0,1,1_1314
19,1314,************* Entrada TPV  *************,0 - Accede directamente a Albaran.      1 - Accede directamente a Pedido.,,,,,0,19,19_1314
999,1314,************* Entrada TPV  *************,0 - Accede directamente a Albaran.      1 - Accede directamente a Pedido.,,,,,0,999,999_1314
1,5001,0 = Pantalla Incidencies Standard,1 = Pantalla Incidencies Resumida,,,,,0,1,1_5001
19,5001,0 = Pantalla Incidencies Standard,1 = Pantalla Incidencies Resumida,,,,,0,19,19_5001
999,5001,0 = Pantalla Incidencies Standard,1 = Pantalla Incidencies Resumida,,,,,0,999,999_5001
1,10001,0 = No graba log de la actividad de los objetos,1 = Graba log de la actividad de los objetos,0,0.000000,0.000000,,2,1,1_10001
19,10001,0 = No graba log de la actividad de los objetos,1 = Graba log de la actividad de los objetos,0,0.000000,0.000000,,2,19,19_10001
999,10001,0 = No graba log de la actividad de los objetos,1 = Graba log de la actividad de los objetos,0,0.000000,0.000000,,2,999,999_10001
1,10002,1 Un contador de presup. venta único para todos los almacenes.,0 Un contador de presup. venta para cada almacén.,0,0.000000,0.000000, ,0,1,1_10002
19,10002,1 Un contador de presup. venta único para todos los almacenes.,0 Un contador de presup. venta para cada almacén.,0,0.000000,0.000000, ,0,19,19_10002
999,10002,1 Un contador de presup. venta único para todos los almacenes.,0 Un contador de presup. venta para cada almacén.,0,0.000000,0.000000, ,0,999,999_10002
1,10003,Presupuestos VENTA.                     1: Abre automaticamente la ventana de,"   ""PRESUPUESTOS PENDIENTES"".           0: No abre la ventana automaticamente.",0,0.000000,0.000000,,1,1,1_10003
19,10003,Presupuestos VENTA.                     1: Abre automaticamente la ventana de,"   ""PRESUPUESTOS PENDIENTES"".           0: No abre la ventana automaticamente.",0,0.000000,0.000000,,1,19,19_10003
999,1313,***** PANTALLA DE VENDEDORES (TPV) *****,0 - Pide el vendedor al cargar el TPV.  1 - No lo Pide.,,,,,1,999,999_1313
999,10003,Presupuestos VENTA.                     1: Abre automaticamente la ventana de,"   ""PRESUPUESTOS PENDIENTES"".           0: No abre la ventana automaticamente.",0,0.000000,0.000000,,1,999,999_10003
999,1263,********** USO EXCLUSIVO TPV  **********,0 - TPV tiene cajon.                    1 - TPV no tiene cajon.,,,,,0,999,999_1263
999,1068,*** NO SE USA ***,,,,,,0,999,999_1068
1,10004,Operar con Presupuestos de Clientes con la ficha cerrada o fecha de baja:,0 - NO permite tratar sus documentos.   1 - SI permite tratar sus documentos.,0,0.000000,0.000000,,0,1,1_10004
19,10004,Operar con Presupuestos de Clientes con la ficha cerrada o fecha de baja:,0 - NO permite tratar sus documentos.   1 - SI permite tratar sus documentos.,0,0.000000,0.000000,,0,19,19_10004
999,10004,Operar con Presupuestos de Clientes con la ficha cerrada o fecha de baja:,0 - NO permite tratar sus documentos.   1 - SI permite tratar sus documentos.,0,0.000000,0.000000,,0,999,999_10004
1,10005,"1) Cuando calcula la cantidad con las medidas, estas son divididas por el valor",que haya en Codigo integer.             0) Calcula normal.,1000,,,,1,1,1_10005
19,10005,"1) Cuando calcula la cantidad con las medidas, estas son divididas por el valor",que haya en Codigo integer.             0) Calcula normal.,1000,,,,1,19,19_10005
999,10005,"1) Cuando calcula la cantidad con las medidas, estas son divididas por el valor",que haya en Codigo integer.             0) Calcula normal.,1000,,,,1,999,999_10005
1,10006,"1 Permite modificar el I.V.A. de la lineas en presupuestos, pedidos, albaranes y",facturas de compra y de venta. 0 No permite modificar el I.V.A.,,,, ,0,1,1_10006
19,10006,"1 Permite modificar el I.V.A. de la lineas en presupuestos, pedidos, albaranes y",facturas de compra y de venta. 0 No permite modificar el I.V.A.,,,, ,0,19,19_10006
999,10006,"1 Permite modificar el I.V.A. de la lineas en presupuestos, pedidos, albaranes y",facturas de compra y de venta. 0 No permite modificar el I.V.A.,,,, ,0,999,999_10006
1,10007,Precio y descuentos de linea (VENTAS)   0 --> STANDARD,1 --> Combinacion Oferta/Categoria,,,,,0,1,1_10007
19,10007,Precio y descuentos de linea (VENTAS)   0 --> STANDARD,1 --> Combinacion Oferta/Categoria,,,,,0,19,19_10007
999,10007,Precio y descuentos de linea (VENTAS)   0 --> STANDARD,1 --> Combinacion Oferta/Categoria,,,,,0,999,999_10007
1,11001,Presupuestos y Pedidos de VENTA :       `1` - Pide Fecha de servicio.,`0` - No pide Fecha de Servicio.,,,,*** USO EXCLUSIVO T.P.V. ***,0,1,1_11001
19,11001,Presupuestos y Pedidos de VENTA :       `1` - Pide Fecha de servicio.,`0` - No pide Fecha de Servicio.,,,,*** USO EXCLUSIVO T.P.V. ***,0,19,19_11001
999,11001,Presupuestos y Pedidos de VENTA :       `1` - Pide Fecha de servicio.,`0` - No pide Fecha de Servicio.,,,,*** USO EXCLUSIVO T.P.V. ***,0,999,999_11001
1,11002,*** NO SE USA ***, ,,,,,0,1,1_11002
19,11002,*** NO SE USA ***, ,,,,,0,19,19_11002
999,11002,*** NO SE USA ***, ,,,,,0,999,999_11002
1,11003,"1 Permite modificar el I.V.A. de la lineas en presupuestos, pedidos, albaranes y",facturas de compra y de venta. 0 No permite modificar el I.V.A.,,,,*** USO EXCLUSIVO T.P.V. ***,0,1,1_11003
19,11003,"1 Permite modificar el I.V.A. de la lineas en presupuestos, pedidos, albaranes y",facturas de compra y de venta. 0 No permite modificar el I.V.A.,,,,*** USO EXCLUSIVO T.P.V. ***,0,19,19_11003
999,1167,0 - Funcionamiento normal               1 - Precio en tarifas a nivel de miles y, utilizacion en ventas a nivel de unidad(junto con la clave del articulo),,,,,0,999,999_1167
999,1168,********  PRESUPUESTOS TPV  ************0- NO pide observaciones linia .,1- Pide observaciones linia. 2 - No pideobservaciones pero se cargan y se graban,,,, ,0,999,999_1168
999,1169,**************  PEDIDOS TPV ************0- NO pide observaciones linia .,1- Pide observaciones linia. 2 - No pideobservaciones pero se cargan y se graban,,,, ,0,999,999_1169
999,1170,************  ALBARANES TPV ************0- NO pide observaciones linia .,1- Pide observaciones linia. 2 - No pideobservaciones pero se cargan y se graban,,,, ,0,999,999_1170
999,1171,EXCLUSIVO TPV                           0 - No abre el cajon en cobros.,1 - Abre el cajon en cobros.,,,,,0,999,999_1171
999,1172, APLICAR IMPUESTO RESIDUOS CARNICOS          *******  TPV ********,0 - Desactivado                         1 - Activado,,,,,0,999,999_1172
999,1211,** TARIFAS CLIENTE ** EXCLUSIVO TPV  ***0 - Tarifa Std. por cliente,1 - Tarifa por cliente y almacen,,,,,0,999,999_1211
999,1215,*** CONTROL DESGLOSE DEL IVA INCLUIDO **Solo valido si NO traspasan contabilidad,0 Desglosa el IVA incluido para Contab. 1 NO desglosa el IVA.,,,,,0,999,999_1215
999,1217,********** EXCLUSIVO TPV ***************0 - Iva incluido deja traspasar a contab,ilidad. 1 - Iva incluido no traspasa a contabilidad.,,,,,0,999,999_1217
999,1223,******** USO EXCLUSIVO TPV ************* ** RUTAS REPARTO - DATOS REPARTO **,0 - Rutas reparto Std.. por cliente     1 - Rutas reparto por cliente y almacen.,,,,,0,999,999_1223
999,1224,***** USO EXCLUSIVO TPV **************** ** FORMAS PAGO POR ALMACEN **,0 - Formas pago Std. por cliente        1 - Formas pago por cliente y almacen,,,,,0,999,999_1224
999,1225,** OBSERVACIONES POR CLIENTE Y TIPO ***       ** USO EXCLUSIVO TPV *****,0 - Observaciones Std. por cliente      1 - Observaciones cliente y tipo almacen,,,,,0,999,999_1225
999,1226,******* CANALES ( TPV ) ****************0 - No trabaja con canales.,1 - Trabaja con canales y la  pide.     2 - Trabaja con canales.Asig. automatica,,,,,0,999,999_1226
999,1234,********** OBRAS - TPV *****************,0  - No trabaja con obras               1  - Trabaja con obras,,,,,0,999,999_1234
999,1237,****** CONTROL ARTICULOS  ( TPV )  *****,0 -  Consulta Articulos  ( Stock ).     1 -  Consulta Articulos  ( Medidas ).,,,,,0,999,999_1237
999,1240,********** TPV VENTA *************0 - Desactivado.,1 - Los datos del campo clv_ven_1 cuando se trata de una modificacion se borran.,,,,,0,999,999_1240
999,1241,******* BLOQUEO LINEAS -- TPV  *********0 - La linia bloqueada no se puede modif,icar.                                   1 - Se puede modificar.,,,,,0,999,999_1241
999,1242,***** ACTIVACION MINIMOS TPV ***********,0 - Minimos Desactivados.               1 - Minimos Activados.,,,,,0,999,999_1242
999,1245,******** CENTROS ( TPV ) ***************0 - Selecciona las subcta. de traspaso a,cont. por articulos.                    1 - Subcta. traspaso por familia.,,,,,0,999,999_1245
999,1250,*******  CANALES ( TPV ) ***************0 - No pide usuario al introducir canal.,1 - Pide usuario.                       ( Junto al parametro 1226 ),,,,,0,999,999_1250
999,1257,*** ARTICULOS DE CONSUMO - PROMOCIONES *        USO EXCLUSIVO TPV,0 - No trabaja con articulos de consumo.1 - Trabaja con articulos de consumo.,,,,,0,999,999_1257
999,1258,***** OFERTAS POR OBRAS ( TPV ) ********,0 - No trabaja con ofertas por obras.   1 - Trabaja con ofertas por obras.,,,,,0,999,999_1258
999,1259,********* ENTREGAS A CUENTA  **********,0 - No asigna entregas a cuenta.        1 - Asigna entregas a cuenta.,,,,,0,999,999_1259
999,1260,*********** ABONOS TPV  ****************0 - No utiliza abonos para saldar Factu.,1 - Utiliza abonos para saldar facturas.Activar junto con el parametro 261.,,,,,0,999,999_1260
999,1261,************ NO SE UTILIZA *************,     Se utiliza el parametro 261,,,,,0,999,999_1261
999,1262,******  VENTAS EN ESPERA ( TPV ) *******,0 -  Desactivado                        1 -  Activado    ( F11 ),,,,,0,999,999_1262
999,1264,**********  USO EXCLUSIVO TPV **********0 - Permite modificar forma de pago cont,ado .                                   1 - No Permite modificarlo.,,,,,0,999,999_1264
999,1265,********** USO EXCLUSIVO TPV **********   0 - Permite introducir precio a cero., 1 - No Permite,,,,,0,999,999_1265
999,1266,*********** USO EXCLUSIVO TPV **********0 - Funcionamiento std.,"1 - Articulos ""."" asistente para calcular el precio neto.",,,,,0,999,999_1266
999,1268,***       TARJETAS CLIENTE          ****   ***** PEDIDOS DE VENTA ( TPV ) *****,0 - Desactivado                         1 - Activado,,,,,1,999,999_1268
999,1269,********  TARJETAS CLIENTE  ************    *** PRESUPUESTOS ( TPV ) ***,0 - Desactivado                         1 - Activado,,,,,1,999,999_1269
999,1270,******** TARJETAS CLIENTE **************    ***  ALBARANES  ( TPV ) ***,0 - Desactivado                         1 - Activado,,,,,1,999,999_1270
999,1273,*** OBLIGATORIO CAMPO REFERENCIA CAB. **  **** TPV ( PRESUPUESTOS VENTA ) ****,0 - desactivado                         1 - activado,,,,,0,999,999_1273
999,1274,*** OBLIGATORIO CAMPO REFERENCIA CAB. **  **** TPV  ( PEDIDOS DE VENTA ) ****,0 - desactivado                         1 - activado,,,,,0,999,999_1274
999,1275,*** OBLIGATORIO CAMPO REFERENCIA CAB. **  **** TPV ( ALBARANES DE VENTA ) ***,0 - desactivado                         1 - activado,,,,,0,999,999_1275
999,1276,******* CONTROL VENEDOR PP *************      *** USO EXCLUSIVO TPV ***,0 - Std.                                1 - Entrada vendedor1 obligatorio.,,,,,0,999,999_1276
999,1277,******** CONTROL VENEDOR SV  ***********     *** USO EXCLUSIVO TPV ***,0 - Std.                                1 - Entrada vendedor1 obligatorio.,,,,,0,999,999_1277
999,1278,******** OBRAS ( PRESUPUESTOS ) ********       *** USO EXCLUSIVO TPV ***,0 - Std.                                1 - Entrada obra obligatoria.,,,,,0,999,999_1278
999,1279,********** OBRAS ( PEDIDOS ) ***********       *** USO EXCLUSIVO TPV ***,0 - Std.                                1 - Entrada obra obligatoria.,,,,,0,999,999_1279
999,1280,********* OBRAS ( ALBARANES ) **********        *** USO EXCLUSIVO TPV ***,0 - Std.                                1 - Entrada obra obligatoria.,,,,,0,999,999_1280
999,1281,*** PERMITE VENTA EN CLIENTES CON REISGO EXCEDIDO Y/O FICHA CERRADA ( TPV ) ****,0 - Desactivado                         1 - Activado,,,,IM,0,999,999_1281
999,1282,****** MEDIDAS MULTIPLES VENTAS ******** ****** CONTROL CAMPONB ******,0 - Permite la entrada en el campo.     1 - No permite la entrada.,,,,,0,999,999_1282
999,1283,** FIJOS EN MEDIDAS MULTIPLES ( TPV ) **,0 - Desactivado                         1 - Activado,,,,,0,999,999_1283
999,1284,***** GRABAR DOCUMENTO PEDIR AGENCIA DE TRANSPORTE Y PORTES ( PEDIDOS ) *******,0 - Desactivado                         1 - Activado,,,,,0,999,999_1284
999,1019,1. Avisara cuando un Cliente no tiene   Ofertas ni descuentos por Categoria para,un Articulo.                            0. No avisara,,,,*** USO EXCLUSIVO T.P.V. ***,0,999,999_1019
999,1021,"Calculo Precios Iva Incluido :          0-No calcula, esta entrado en la Tarifa.",1-Al precio le suma el Iva.,,,,*** USO EXCLUSIVO T.P.V. ***,1,999,999_1021
999,1025,`1` Abrir ventana mostrando precios         (Lineas de VENTAS).,`0` NO abrir la ventana.,,,,*** USO EXCLUSIVO T.P.V. ***,0,999,999_1025
999,1029,Tratamiento Vendedores en el T.P.V.     `1`--> Trabaja con el vendedor del T.P.V,`2`--> Trabaja con los vendodres de la         ficha del cliente.,,,,*** USO EXCLUSIVO T.P.V. ***,2,999,999_1029
999,1031,TPV :                                    `0` Trabaja con el menu de operaciones, `1` Entra directamente al documento.,,,,*** USO EXCLUSIVO T.P.V. ***,1,999,999_1031
999,1032,Presupuestos VENTA.                     1: Abre automaticamente la ventana de,"   ""PRESUPUESTOS PENDIENTES"".           0: No abre la ventana automaticamente.",,,,*** USO EXCLUSIVO T.P.V. ***,1,999,999_1032
999,1034,Presupuestos VENTA.                     1: Abre automaticamente la ventana de,"   ""VENDEDORES"".                        0: No abre la ventana automaticamente.",,,,*** USO EXCLUSIVO T.P.V. ***,1,999,999_1034
999,1035,Pedidos VENTA.                          1: Abre automaticamente la ventana de,"   ""PEDIDOS/PRESUPUESTOS PENDIENTES"".   0: No abre la ventana automaticamente.",,,,*** USO EXCLUSIVO T.P.V. ***,1,999,999_1035
999,1037,Pedidos VENTA.                          1: Abre automaticamente la ventana de,"   ""VENDEDORES"".                        0: No abre la ventana automaticamente.",,,,*** USO EXCLUSIVO T.P.V. ***,1,999,999_1037
999,1038,Albaranes VENTA.                        1: Abre automaticamente la ventana de,"   ""PEDIDOS PENDIENTES SERVIR"".         0: No abre la ventana automaticamente.",,,,*** USO EXCLUSIVO T.P.V. ***,1,999,999_1038
999,1040,Albaranes VENTA.                        1: Abre automaticamente la ventana de,"   ""VENDEDORES"".                        0: No abre la ventana automaticamente.",,,,*** USO EXCLUSIVO T.P.V. ***,1,999,999_1040
999,1041,Facturas VENTA.                         1: Abre automaticamente la ventana de,"   ""ALBARANES PENDIENTES FACTURAR"".     0: No abre la ventana automaticamente.",,,,*** USO EXCLUSIVO T.P.V. ***,1,999,999_1041
999,1043,Facturas VENTA.                         1: Abre automaticamente la ventana de,"   ""VENDEDORES"".                        0: No abre la ventana automaticamente.",,,,*** USO EXCLUSIVO T.P.V. ***,1,999,999_1043
999,1050,"1) Cuando calcula la cantidad con las medidas, estas son divididas por el valor",que haya en Codigo integer.             0) Calcula normal.,1000,,,*** USO EXCLUSIVO T.P.V. ***,1,999,999_1050
999,1051,1 -> No se puede modificar el precio y       los dtos si proviene de Oferta.,0 -> No hace nada.,,,,*** USO EXCLUSIVO T.P.V. ***,1,999,999_1051
999,1052,Restos en Presupuestos:                 Param = 0 --> NUNCA DEJA EL RESTO.,Param = 1 --> SIEMPRE DEJA EL RESTO.    Param = 2 --> PREGUNTA SI LO DEJA O NO.,,,,*** USO EXCLUSIVO T.P.V. ***,0,999,999_1052
999,1053,*** NO SE USA ***,,,,,,0,999,999_1053
999,1054,Accion de la segunda impresora :         0 : Se utiliza para tiquets con cajon, 1 : Se utiliza para facturas            2 : Se utiliza para tiquets SIN cajon,,,,,1,999,999_1054
999,1055,Precio y descuentos de linea (VENTAS)   0 --> STANDARD,1 --> Combinacion Oferta/Categoria,,,,*** USO EXCLUSIVO T.P.V. ***,0,999,999_1055
999,1056,"Ventana ""Permitir Facturar Agrupado ...""0 -> Abre la ventana (STANDARD)","1 -> NO abre la ventana. Fijo=""SI""      2 -> NO abre la ventana. Fijo=""NO""",,,,,0,999,999_1056
999,1057,*** NO SE USA ***,,,,,,0,999,999_1057
999,1058,*** NO SE USA ***,,,,,,0,999,999_1058
999,1059,*** NO SE USA ***,,,,,,0,999,999_1059
999,1060,*** NO SE USA ***,,,,,,0,999,999_1060
999,1061,*** NO SE USA ***,,,,,,0,999,999_1061
999,1062,*** NO SE USA ***,,,,,,0,999,999_1062
999,1063,*** NO SE USA ***,,,,,,0,999,999_1063
999,1064,*** NO SE USA ***,,,,,,0,999,999_1064
999,1065,*** NO SE USA ***,,,,,,0,999,999_1065
999,1066,*** NO SE USA ***,,,,,,0,999,999_1066
999,1067,*** NO SE USA ***,,,,,,0,999,999_1067
999,1070,Control de Riesgo por linea:            0 -> NO se realiza el control.,1 -> AVISA si se sobrepasa el riesgo.   2 -> AVISA y pide Password (al grabar).,,,,*** USO EXCLUSIVO T.P.V. ***,0,999,999_1070
999,1071,Control Precio minimo.                  0 -> NO se realiza el control.,1 -> AVISA si el precio es menor             que precio coste o margen fijado.,,,,*** USO EXCLUSIVO T.P.V. ***,0,999,999_1071
999,1072,Confirmar la impresion:                 0 -> NO se pide confirmacion.,1 -> Se pedira confirmacion.,,,,*** USO EXCLUSIVO T.P.V. ***,0,999,999_1072
999,1073,BAJA PEDIDO CON CANTIDADES SERVIDAS-TPV '0' - Baja Normal del Pedido.,'1' - Opcion Eliminar o Liquidar Pedido.,,,,,0,999,999_1073
999,1074,*ENTRADA FRACC. CODIGO ARTICULO  TPV-PP*'0' Entrada Normal Codigo Articulo.,'1' Entrada Fraccionada Codigo Articulo.,,,,,0,999,999_1074
999,1075,*ENTRADA FRACC. CODIGO ARTICULO  TPV-PV*'0' Entrada Normal Codigo Articulo.,'1' Entrada Fraccionada Codigo Articulo.,,,,,0,999,999_1075
999,1076,*ENTRADA FRACC. CODIGO ARTICULO  TPV-SV*'0' Entrada Normal Codigo Articulo.,'1' Entrada Fraccionada Codigo Articulo.,,,,,0,999,999_1076
999,1077,*CONTROL EXISTENCIA PEDIDO EN ALBARANES*'0' No Abrir la Ventana - Fijo = No.,'1' No Abrir la Ventana - Fijo = Si.    '2' Abrir la Ventana.,,,,,0,999,999_1077
999,1078,*VER ASIENTO DESPUES DE GENERAR FACTURA*'0' No Abrir la Ventana - Fijo = No.,'1' No Abrir la Ventana - Fijo = Si.    '2' Abrir la Ventana.,,,,,0,999,999_1078
999,1079,**F5 ARTICULOS LINEAS DOCUMENTO TPV-PP**'0' No Muestra Artic. con Ficha Cerrada.,'1' Muestra Articulo  con Ficha Cerrada.,,,,,0,999,999_1079
999,1080,**F5 ARTICULOS LINEAS DOCUMENTO TPV-PV**'0' No muestra Artic. con Ficha Cerrada.,'1' Muestra Articulo  con Ficha Cerrada.,,,,,0,999,999_1080
999,1081,**F5 ARTICULOS LINEAS DOCUMENTO TPV-SV**'0' No muestra Artic. con Ficha Cerrada.,'1' Muestra Articulo  con Ficha Cerrada.,,,,,0,999,999_1081
999,1154,*** GENERACION LINEA AUTOMATICA  TPV ***'0' Opcion Desactivada,'1' Opcion Activada,,,,,0,999,999_1154
999,1159,*** TARIFA POR MATRIZ DE ARTICULOS ***     ******* TPV *******,0 - Desactivado                         1 - Activado,4,,,En Codigo integer va el numero de caracter que corta el articulo para matriz.,0,999,999_1159
999,1160,****** CONTROL VENEDOR EN PV  **********     *** EXCLUSIVO TPV ***,0 - Std.                                1 - Entrada venedor1 obligatorio.,,,,,0,999,999_1160
999,1161,0 - Calaix conectat impressora tiquets  1 - Calaix conectat PC.,,,,,,0,999,999_1161
999,1162,RESERVADO,,,,,,,999,999_1162
999,1163,RESERVADO,,,,,,,999,999_1163
999,1164,RESERVADO,,,,,,,999,999_1164
999,1166,EXPEDIENTE - TPV                        0 - No trabaja con expedientes,1 - Trabaja con expedientes,,,,,0,999,999_1166
1,303,** FUNCIONAMIENTO MINIMO ( COMPRAS ) ** 0 - Preguntar minimo o cantidad.,1 - Utilizar el minimo.                 2 - Utilizar la cantidad introducida.,,,,,0,1,1_303
19,303,** FUNCIONAMIENTO MINIMO ( COMPRAS ) ** 0 - Preguntar minimo o cantidad.,1 - Utilizar el minimo.                 2 - Utilizar la cantidad introducida.,,,,,0,19,19_303
999,303,** FUNCIONAMIENTO MINIMO ( COMPRAS ) ** 0 - Preguntar minimo o cantidad.,1 - Utilizar el minimo.                 2 - Utilizar la cantidad introducida.,,,,,0,999,999_303
1,304,** FUNCIONAMIENTO MAXIMO ( COMPRAS ) ** 0 - Preguntar.,1 - Maximo anterior al introducido.     2 - Maximo Superior. 3 - Cantidad.,,,,,0,1,1_304
19,304,** FUNCIONAMIENTO MAXIMO ( COMPRAS ) ** 0 - Preguntar.,1 - Maximo anterior al introducido.     2 - Maximo Superior. 3 - Cantidad.,,,,,0,19,19_304
999,304,** FUNCIONAMIENTO MAXIMO ( COMPRAS ) ** 0 - Preguntar.,1 - Maximo anterior al introducido.     2 - Maximo Superior. 3 - Cantidad.,,,,,0,999,999_304
1,305,*ENTRADA OBLIGATORIA DE LOTES ( PV ) ***,0 - Obligatorio la introduccion del lote1 - No obligatorio.,,,,,0,1,1_305
19,305,*ENTRADA OBLIGATORIA DE LOTES ( PV ) ***,0 - Obligatorio la introduccion del lote1 - No obligatorio.,,,,,0,19,19_305
999,305,*ENTRADA OBLIGATORIA DE LOTES ( PV ) ***,0 - Obligatorio la introduccion del lote1 - No obligatorio.,,,,,0,999,999_305
1,307,** FUNCIONAMIENTO MAXIMO ( VENTAS ) **  0 - Preguntar.,1 - Maximo anterior al introducido.     2 - Maximo Superior. 3 - Cantidad.,,,,,0,1,1_307
19,307,** FUNCIONAMIENTO MAXIMO ( VENTAS ) **  0 - Preguntar.,1 - Maximo anterior al introducido.     2 - Maximo Superior. 3 - Cantidad.,,,,,0,19,19_307
999,307,** FUNCIONAMIENTO MAXIMO ( VENTAS ) **  0 - Preguntar.,1 - Maximo anterior al introducido.     2 - Maximo Superior. 3 - Cantidad.,,,,,0,999,999_307
1,306,** FUNCIONAMIENTO MINIMO ( VENTAS ) **  0 - Preguntar minimo o cantidad.,1 - Utilizar el minimo.                 2 - Utilizar la cantidad introducida.,,,,,0,1,1_306
19,306,** FUNCIONAMIENTO MINIMO ( VENTAS ) **  0 - Preguntar minimo o cantidad.,1 - Utilizar el minimo.                 2 - Utilizar la cantidad introducida.,,,,,0,19,19_306
999,306,** FUNCIONAMIENTO MINIMO ( VENTAS ) **  0 - Preguntar minimo o cantidad.,1 - Utilizar el minimo.                 2 - Utilizar la cantidad introducida.,,,,,0,999,999_306
1,308,** MAXIMOS ( RELACIONADO CON EL 304 ) ** * Permite modificar el maximo posterior, i anterior * ( COMPRAS )               0 - Desactivado  1 - Activado.,,,,,0,1,1_308
19,308,** MAXIMOS ( RELACIONADO CON EL 304 ) ** * Permite modificar el maximo posterior, i anterior * ( COMPRAS )               0 - Desactivado  1 - Activado.,,,,,0,19,19_308
999,308,** MAXIMOS ( RELACIONADO CON EL 304 ) ** * Permite modificar el maximo posterior, i anterior * ( COMPRAS )               0 - Desactivado  1 - Activado.,,,,,0,999,999_308
1,309,** MAXIMOS ( RELACIONADO CON EL 307 ) ** * Permite modificar el maximo posterior, i anterior * ( VENTAS )               0 - Desactivado  1 - Activado.,,,,,0,1,1_309
19,309,** MAXIMOS ( RELACIONADO CON EL 307 ) ** * Permite modificar el maximo posterior, i anterior * ( VENTAS )               0 - Desactivado  1 - Activado.,,,,,0,19,19_309
999,309,** MAXIMOS ( RELACIONADO CON EL 307 ) ** * Permite modificar el maximo posterior, i anterior * ( VENTAS )               0 - Desactivado  1 - Activado.,,,,,0,999,999_309
1,310,** MINIMOS ( RELACIONADO CON EL 304 ) ** * Permite modificar el minimo posterior, i anterior * ( COMPRAS )               0 - Desactivado  1 - Activado.,,,,,0,1,1_310
19,310,** MINIMOS ( RELACIONADO CON EL 304 ) ** * Permite modificar el minimo posterior, i anterior * ( COMPRAS )               0 - Desactivado  1 - Activado.,,,,,0,19,19_310
999,310,** MINIMOS ( RELACIONADO CON EL 304 ) ** * Permite modificar el minimo posterior, i anterior * ( COMPRAS )               0 - Desactivado  1 - Activado.,,,,,0,999,999_310
1,311,** MINIMOS ( RELACIONADO CON EL 306 ) ** * Permite modificar el minimo posterior, i anterior * ( VENTAS )               0 - Desactivado  1 - Activado.,,,,,0,1,1_311
1,1062,*** NO SE USA ***,,,,,,0,1,1_1062
19,1065,*** NO SE USA ***,,,,,,0,19,19_1065
19,311,** MINIMOS ( RELACIONADO CON EL 306 ) ** * Permite modificar el minimo posterior, i anterior * ( VENTAS )               0 - Desactivado  1 - Activado.,,,,,0,19,19_311
999,311,** MINIMOS ( RELACIONADO CON EL 306 ) ** * Permite modificar el minimo posterior, i anterior * ( VENTAS )               0 - Desactivado  1 - Activado.,,,,,0,999,999_311
1,312,******** UBICACION ( VENTAS ) ********* 0 - La ubicacion es modificable.,1 - La ubicacion no es modificable.,,,,,1,1,1_312
19,312,******** UBICACION ( VENTAS ) ********* 0 - La ubicacion es modificable.,1 - La ubicacion no es modificable.,,,,,1,19,19_312
999,312,******** UBICACION ( VENTAS ) ********* 0 - La ubicacion es modificable.,1 - La ubicacion no es modificable.,,,,,1,999,999_312
999,1001,Presupuestos y Pedidos de VENTA :       `1` - Pide Fecha de servicio.,`0` - No pide Fecha de Servicio.,,,,*** USO EXCLUSIVO T.P.V. ***,0,999,999_1001
999,1003,"1 Permite modificar el I.V.A. de la lineas en presupuestos, pedidos, albaranes y",facturas de compra y de venta. 0 No permite modificar el I.V.A.,,,,*** USO EXCLUSIVO T.P.V. ***,0,999,999_1003
999,1005,1 Numera el ristro de I.V.A. en la creación de facturas de compra y venta y en a,puntes contables. 0 El registro de I.V.A. se numera al listar,,,,*** USO EXCLUSIVO T.P.V. ***,1,999,999_1005
999,1007,1 Pide el número de bultos de envio en albaranes y facturas de venta. 0 No pide,el número de bultos,,,,*** USO EXCLUSIVO T.P.V. ***,1,999,999_1007
999,1008,0 El cálculo de vencimientos considera los meses naturales. 1 Considera los mese,s de treinta dias.,,,,*** USO EXCLUSIVO T.P.V. ***,1,999,999_1008
999,1009,1 Un contador de pedidos venta único para todos los almacenes.,0 Un contador de pedidos venta para cada almacén.,,,,*** USO EXCLUSIVO T.P.V. ***,1,999,999_1009
999,1010,1 Un contador de presup. venta único para todos los almacenes.,0 Un contador de presup. venta para cada almacén.,,,,*** USO EXCLUSIVO T.P.V. ***,0,999,999_1010
999,1011,1 Un contador de albaranes venta único para todos los almacenes.,0 Un contador de albaranes venta para cada almacén.,,,,*** USO EXCLUSIVO T.P.V. ***,0,999,999_1011
999,1012,1 Un contador de facturas venta único para todos los almacenes.,0 Un contador de facturas venta para cada almacén.,,,,*** USO EXCLUSIVO T.P.V. ***,0,999,999_1012
999,1014,"1 Si el importe de las facturas no supersa el valor contenido en ""v_dec1"" genera",un solo recibo. 0 genera recibos en función de la condiciones del cliente,,10000.000000,,*** USO EXCLUSIVO T.P.V. ***,1,999,999_1014
999,1015,En las pantallas e impresión de documentos de compras y ventas aplica el número,"de decimales contenido en el campo ""parametro""",,,,*** USO EXCLUSIVO T.P.V. ***,3,999,999_1015
999,1017,0 : Empresa no trabaja con medidas.     1 : Empresa trabaja con medidas.,NOTA : Fabricacion tiene otro parametro,,,,*** USO EXCLUSIVO T.P.V. ***,1,999,999_1017
999,271,*** OBLIGATORIO CAMPO REFERENCIA CAB. **    **** PEDIDOS DE COMPRA ****,0 - desactivado                         1 - activado,,,,,0,999,999_271
999,272,*** OBLIGATORIO CAMPO REFERENCIA CAB. **   **** ALBARANES DE COMPRA ****,0 - desactivado                         1 - activado,,,,,0,999,999_272
999,273,*** OBLIGATORIO CAMPO REFERENCIA CAB. **   **** PEDIDOS DE VENTA  ****,0 - desactivado                         1 - activado,,,,,0,999,999_273
999,274,*** OBLIGATORIO CAMPO REFERENCIA CAB. **   **** PRESUPUESTOS DE VENTA ****,0 - desactivado                         1 - activado,,,,,0,999,999_274
999,275,*** OBLIGATORIO CAMPO REFERENCIA CAB. ** **** ALBARANES DE VENTA (SV) ****,0 - desactivado                         1 - activado,,,,,0,999,999_275
999,277,******   CONTROL VENDEDOR  ( SV ) ******0 - Desactivado funcionamiento normal.,1 - Es obligatorio introducir el vendedor uno.,,,,,0,999,999_277
999,278,***** CONTROL UNIDADES REPOSICION ******   *****  PEDIDOS DE COMPRA *****,0 - Desactivado                         1 - Activado,,,,,0,999,999_278
999,279,** PEDIR VENDEDOR ( FACT. AGRUPADA )  **         ***  VENTAS ***,0 - Desactivado                         1 - Activado,,,,,0,999,999_279
999,280,******* CONTROL DOCUMENTO PROVEEDOR ****   ****   EN CONTABILIDAD ***,0 - Desactivado                         1 - Activado,,,,,0,999,999_280
999,281,****** CONTROL INSERTA REGISTROS *******    ******  INSERTA TABLA S1601 ******,0 - Desactivado                         1 - Activado,,,,,0,999,999_281
999,282,****** MEDIDAS MULTIPLES VENTAS ********    ****** CONTROL CAMPO NB ******,0 - Permite la entrada en el campo      1 - No Permite la entrada.,,,,,0,999,999_282
999,283,****** FIJOS EN MEDIDAS MULTIPLES ******,0 - Desactivado                         1 - Activado,,,,,0,999,999_283
999,284,*************  COMPRAS  ****************0 - No Controlar,1 - Controlar que el almacen del Proveedor sea el de trabajo.,,,,,0,999,999_284
999,287,******** CLIENTE IVA REDUCIDO  *********   ******* ABIR PANTALLA IVA ********,0 - Desactivado                         1 - Activado,,,,,0,999,999_287
999,288,***** ACTIVACION MINIMOS COMPRAS *******,0 - Minimos Desactivados.               1 - Minimos Activados.,,,,,0,999,999_288
999,289,****** CONTROL ENTREGAS A CUENTA ******* ANTES DE BUSCAR EL CONTADOR DE FACTURAS,0 - Desactivado                         1 - Activado,,,,,0,999,999_289
999,290,***** FORMA DE PAGO TIPO CONTADO *******  ****  ENTREGAS A CUENTA ( GESTION ) **,0 - Desactivado                         1 - Activado,,,,,0,999,999_290
999,291,***** ACUMULA M0319 PER LOTE COMPRA **** ** ACTIVAR JUNTAMENT AMB EL PAR. 73 **,0 - Desactivado                         1 - Activado,,,,,0,999,999_291
1,292,*********** LOTE INTERNO  *************** ENTRADA OBLIGATORIA FECHA CADUCIDAD *,0 - No se permite la entrada de la fecha1 - Se permite la entrada de la fecha.,,,,,0,1,1_292
19,292,*********** LOTE INTERNO  *************** ENTRADA OBLIGATORIA FECHA CADUCIDAD *,0 - No se permite la entrada de la fecha1 - Se permite la entrada de la fecha.,,,,,0,19,19_292
999,292,*********** LOTE INTERNO  *************** ENTRADA OBLIGATORIA FECHA CADUCIDAD *,0 - No se permite la entrada de la fecha1 - Se permite la entrada de la fecha.,,,,,0,999,999_292
1,293,CONTROL CANTIDAD MAXIMA ARMARIOS,(Valor en campo decimal 1),,2500.000000,,,0,1,1_293
19,293,CONTROL CANTIDAD MAXIMA ARMARIOS,(Valor en campo decimal 1),,2500.000000,,,0,19,19_293
999,293,CONTROL CANTIDAD MAXIMA ARMARIOS,(Valor en campo decimal 1),,2500.000000,,,0,999,999_293
1,294,1 Pide el centro de coste en las lineas de factura de compra y en apuntes contab,les. 0 No pide el centro de coste. 2 Igual que 1 y en apuntes pide P_SD(aecoc).,,,,,0,1,1_294
19,294,1 Pide el centro de coste en las lineas de factura de compra y en apuntes contab,les. 0 No pide el centro de coste. 2 Igual que 1 y en apuntes pide P_SD(aecoc).,,,,,0,19,19_294
999,294,1 Pide el centro de coste en las lineas de factura de compra y en apuntes contab,les. 0 No pide el centro de coste. 2 Igual que 1 y en apuntes pide P_SD(aecoc).,,,,,0,999,999_294
999,205,*** CENTRO COSTE*USUARIO EN CONTAB. ***, 0 - Desactivado                         1 - Activado,,,,,0,999,999_205
1,295,*** CENTRO COSTE*USUARIO EN CONTAB. ***   ** FACTURES DE SERVICIO VENTAS **,0 - Desactivado                         1 - Activado,,,,,0,1,1_295
19,295,*** CENTRO COSTE*USUARIO EN CONTAB. ***   ** FACTURES DE SERVICIO VENTAS **,0 - Desactivado                         1 - Activado,,,,,0,19,19_295
999,295,*** CENTRO COSTE*USUARIO EN CONTAB. ***   ** FACTURES DE SERVICIO VENTAS **,0 - Desactivado                         1 - Activado,,,,,0,999,999_295
1,296,* CONTADOR ESPECIAL FACTURAS SERVICIO *,0 - Utiliza el de Contador de Ventas.   1 - Contador Aparte.,,,,,0,1,1_296
19,296,* CONTADOR ESPECIAL FACTURAS SERVICIO *,0 - Utiliza el de Contador de Ventas.   1 - Contador Aparte.,,,,,0,19,19_296
999,296,* CONTADOR ESPECIAL FACTURAS SERVICIO *,0 - Utiliza el de Contador de Ventas.   1 - Contador Aparte.,,,,,0,999,999_296
1,298,***** MASCO ( AUMENTO DE PRECIO  ) *****     *** PEDIDOS DE VENTA ***,0 - Desactivado                         1 - Activado,,,,,0,1,1_298
19,298,***** MASCO ( AUMENTO DE PRECIO  ) *****     *** PEDIDOS DE VENTA ***,0 - Desactivado                         1 - Activado,,,,,0,19,19_298
999,298,***** MASCO ( AUMENTO DE PRECIO  ) *****     *** PEDIDOS DE VENTA ***,0 - Desactivado                         1 - Activado,,,,,0,999,999_298
1,299,**** FACTURACION DIRECTA ALBARAN *******0 - Desactivado.,1 - Si es facturacion diaria pasa a albaran.,,,,,0,1,1_299
19,299,**** FACTURACION DIRECTA ALBARAN *******0 - Desactivado.,1 - Si es facturacion diaria pasa a albaran.,,,,,0,19,19_299
1,300,** ASIGNACIONES LOTES PEDIDOS COMPRAS **,0 - Desactivado.                        1 - Activado.,,,,,1,1,1_300
19,300,** ASIGNACIONES LOTES PEDIDOS COMPRAS **,0 - Desactivado.                        1 - Activado.,,,,,1,19,19_300
999,300,** ASIGNACIONES LOTES PEDIDOS COMPRAS **,0 - Desactivado.                        1 - Activado.,,,,,1,999,999_300
1,301,********* RECALCULO TABLA TOTALES ******0 - Desactivado,1 - Facturacion agrupada de compra se utiliza por diferentes almacenes.,,,,,0,1,1_301
19,301,********* RECALCULO TABLA TOTALES ******0 - Desactivado,1 - Facturacion agrupada de compra se utiliza por diferentes almacenes.,,,,,0,19,19_301
999,301,********* RECALCULO TABLA TOTALES ******0 - Desactivado,1 - Facturacion agrupada de compra se utiliza por diferentes almacenes.,,,,,0,999,999_301
1,302,********** LOTES ( COMPRAS ) ***********0 - La ubicacion es modificable.,1 - La ubicacion no es modificable.,,,,,0,1,1_302
19,302,********** LOTES ( COMPRAS ) ***********0 - La ubicacion es modificable.,1 - La ubicacion no es modificable.,,,,,0,19,19_302
999,302,********** LOTES ( COMPRAS ) ***********0 - La ubicacion es modificable.,1 - La ubicacion no es modificable.,,,,,0,999,999_302
999,225,*** OBSERVACIONES POR CLIENTE Y TIPO ***      *******  POR ALMACEN *******,0 - Observaciones Std. por cliente.     1 - Observaciones cliente y tipo almacen,,,,,0,999,999_225
999,226,*********  MANT. CLIENTES   ************0 - Mant. clientes standard,1 - Mant. clientes por almacen          2 - Pregunta ( cargar std. o almacen ),,,,,0,999,999_226
999,227,******  MANT.  PROVEEDORES *************0 - Mant. proveedores std.,1 - Mant. proveedores por almacen.      2 - Pregunta std. o almacen.,,,,,0,999,999_227
999,228,******* TARIFAS POR ALMACEN ************    ***** COMPRAS ***********,0 - Tarifa std. por proveedor           1 - Tarifa std. por proveedor y almacen,,,,,0,999,999_228
999,229,****** FORMAS DE PAGO POR ALMACEN ******    *******  COMPRAS  *******,0 - Forma pago std. por proveedor       1 - Forma pago std. por almacen y prove.,,,,,0,999,999_229
999,230,** OBSERVACIONES PROVEE. POR ALMACEN ***      ******* COMPRAS ************,0 - Observaciones proveedor std.        1 - Obser. proveedor prove. y almacen.,,,,,0,999,999_230
999,231,*******  COMISIONES  ( VENTAS ) ********,0 - Comisiones por categoria            1 - Comisiones por subcta. vendedor,,,,,0,999,999_231
999,232,*****  CANALES ( VENTAS ) ******        0 - No trabaja con canales,1 - Trabaja con canales y se pide.      2 - Trabaja con canales.Asig. automatica,,,,,0,999,999_232
999,233,****** CANALES ( Compras ) *************0 - No trabaja con canal.,1 - Trabaja con canales y la pide.      2 - Trabaja con canales.Asig. automatica,,,,,0,999,999_233
999,234,******** OBRAS - ( VENTAS ) ************,0  -  No trabaja con obras              1  -  Trabaja con obras,,,,,0,999,999_234
999,235,***** AGRUPADA VENTAS ( VXXXX15 ) ******,0 - No actualiza tabla vxxxx15.         1 - Actualiza tabla vxxxx15.,,,,,0,999,999_235
999,236,******* PORTES -- COMPRAS **************0 - Desactivado,1 - Activado. Asignacion automatica.    2 - Activado. Abre pantalla.,,,,,0,999,999_236
999,237,*** CONSULTA ARTICULOS ( COMPRAS ) *****,0 - Consulta Articulos ( stock ).       1 - Consulta Articulos ( Medidas ).,,,,,0,999,999_237
999,238,**** CONSULTA ARTICULOS ( VENTAS  ) ****,0 -  Consulta Articulos ( stock )       1 -  Consulta Articulos ( Medidas ),,,,,0,999,999_238
999,239,******** EJERCICIO CONTABLE ************0 - El periodo del ejercico pertenece al, ano natural.                           1 - No pertenece al ano natural.,,,,,0,999,999_239
999,240,********** ALBARANES VENTA *************0 - Desactivado.,1 - Los datos del campo clv_ven_1 cuando se trata de una modificacion se borran.,,,,,0,999,999_240
999,241,*********** BLOQUEO LINEAS  ************0 - La linia bloqueada no se puede modif,icar.                                   1 - Se puede modificar.,,,,,0,999,999_241
999,242,***** ACTIVACION MINIMOS VENTAS ********,0 - Minimos desactivados.               1 - Minimos activados.,,,,,0,999,999_242
999,243,******* FACT. AGRUPADA VENTAS **********0 - No utiliza el campo codexpe como rup,tura en el facturacion agrupada.        1 -Utiliza el campo codexpe como ruptura,,,,,0,999,999_243
999,244,********** CENTROS ( COMPRAS  ) ********0 - Selecciona las subcta. de traspaso a,cont. por articulos.                    1 - Subcta. traspaso por familia.,,,,,0,999,999_244
999,245,*********** CENTROS ( VENTAS ) *********0 - Selecciona las subcta. de traspaso a,cont. por articulos.                    1 - Subcta. traspaso por familia.,,,,,0,999,999_245
999,246,* GENERACION ALTA AUTOMATICA ARTICULOS *    ***** PEDIDOS DE VENTA *****,0 - No crea la descripcion varios idioma1 - Crea la descripcion varios idiomas,,,,,0,999,999_246
999,247,************ CALCULO PMP  **************0 - Realiza el calculo pmp.,1 - No realiza el calculo si la cantidad de la linia es negativa o precio = 0.,,,,,0,999,999_247
999,248,**** TARIFAS VENTAS ESPECIALES *********0 - Tarifas ventas std.,1 - Tarifas ventas esp.,,,,0,0,999,999_248
999,249,********* GENERACION SERIES ************0 - El almacen de fabricacion sera el de, la ficha tecnica.                      1 - Almacen de fabricacion sera pedido.,,,,,0,999,999_249
999,250,******** CANALES ( VENTAS )  ***********0 - No pide usuario al introducir canal.,1 - Pide usuario.                       ( Junto con el parametro 232 ),,,,,0,999,999_250
999,251,********  CANALES ( COMPRAS )  *********0 - No pide usuario al introducir canal.,1 - Pide usuario                         ( Junto parametro 233 ),,,,,0,999,999_251
999,252,*** PARAMETRO XSINFO GRAFICO (MENU)  ***0 - No pide los datos empresa al abrir,el menu.                                1 - Pide datos empresa al abrir el menu.,,,,,0,999,999_252
999,253,Control de Riesgo por linea:            0 -> No se realiza el control,1 -> AVISA si se sobrepasa el riesgo.   2 -> AVISA y pide Password (al grabar).,,,, *** USO EXCLUSIVO PEDIDOS VENTA ***,0,999,999_253
999,254,Control de Riesgo por linea:            0 -> No se realiza el control,1 -> AVISA si se sobrepasa el riesgo.   2 -> AVISA y pide Password (al grabar).,,,,*** USO EXCLUSIVO ALBARANES DE VENTA ***,0,999,999_254
999,255,Control de Riesgo por linea:            0 -> No se realiza el control,1 -> AVISA si se sobrepasa el riesgo.   2 -> AVISA y pide Password (al grabar).,,,, *** USO EXCLUSIVO PEDIDOS COMPRA ***,0,999,999_255
999,256,Control de Riesgo por linea:            0 -> No se realiza el control,1 -> AVISA si se sobrepasa el riesgo.   2 -> AVISA y pide Password (al grabar).,,,,*** USO EXCLUSIVO ALBARANES DE COMPRA ***,0,999,999_256
999,257,*** ARTICULOS DE CONSUMO - PROMOCIONES *,0 - No trabaja con articulos de consumo 1 - Trabaja con articulos de consumo,,,,,0,999,999_257
999,258,******** OFERTAS POR OBRAS ******,0 - No trabaja con ofertas por obras.   1 - Trabja con ofertas por obras.,,,,,0,999,999_258
999,259,**********  ENTREGAS A CUENTA **********,0 - No asigna entregas a cuenta.        1 - Asigna entregas a cuenta.,,,,,0,999,999_259
999,260,**************  ABONOS  ****************0 - No utiliza abonos para saldar Factu.,1 - Utiliza abonos para saldar facturas,,,,RD,0,999,999_260
999,261,**************  ABONOS  ****************0 - Coje todas las formas de pago.,1 - Forma de pago introducida en el campo codigo char no se utiliza como abono.,,,,NA,0,999,999_261
999,265,**********  GESTION DE VENTAS **********0 - Permite introducir lineas con cantid,ad y precio a cero.                     1 - No Permite,,,,,0,999,999_265
999,266,**** PRECIO COSTE ARTICULOS . **********0 - Funcionamiento STd.,1 - Asistente para calcular el precio neto.,,,,,0,999,999_266
999,267,**** ARTICULOS DE CONSUMO -- COMPRAS ***,0 - No trabaja con articulos de consumo.1 - Trabaja con articulos de consumo.,,,,,0,999,999_267
999,268,**** CONTROL TARJETAS CLIENTE **********   *****  PEDIDOS DE VENTA ***,0 - Desactivado                         1 - Activado,,,,,1,999,999_268
999,269,****** CONTROL TARJETAS CLIENTE  *******   ***** PRESUPUESTOS VENTA ******,0 - Desactivado                         1 - Activado,,,,,1,999,999_269
999,270,*********  TARJETA CLIENTE  **********     **** ALBARANES DE VENTA *****,0 - Desactivado                         1 - Activado,,,,,1,999,999_270
999,178,USO EXCLUSIVO TPV. CAMBIO ALMACEN.      0 - Funcionamiento normal.,1 - Se puede cambiar el almacen desde la entrada del documento.,,,,,0,999,999_178
999,179,EXPEDIENTES - VENTAS                    0 - No trabaja con expedientes.,1 - Trabaja con expedientes.,,,,,0,999,999_179
999,180,EXPEDIENTES - COMPRAS                   0 - No trabaja con expedientes.,1 - Trabaja con expedientes.,,,,,0,999,999_180
999,181,Introduccion manual o asistida de la cantidad en las lineas.,0 - Manual                              1 - Abre la ventana. Asistida.,,,,,0,999,999_181
999,182,Albaranes de Compra. (plegador o bobina)0 - Deja alterar el campo precio de la t,abla m0319 al realitzar una modificacion1 - No deja alterar.,,,,,0,999,999_182
999,183,0 - Funcionamiento normal               1 - Precio en tarifas a nivel de miles y,utilizacion en ventas a nivel de unidad.(junto con la clave de articulo).,,,,,0,999,999_183
999,184,APLICAR DTO EN FAMILIAS Y SUBFAMILIAS A PARTIR DE LA TABLA M021002 / M020401.,0 - No se aplica  1 - Se aplica         2 - Abre ventana y pregunta.,,,,,0,999,999_184
999,185,DIRECCIONES DE OBRA. MAS DE UNA DIRECCION POR SUBCUENTA, 0 - Desactivado                         1 - Activado,,,,,0,999,999_185
999,186,******  PRESUPUESTOS VENTAS ************0- NO pide observaciones linia .,1- Pide observaciones linia. 2 - No pideobservaciones pero se cargan y se graban,,,, ,0,999,999_186
999,187,***********  PEDIDOS VENTAS ************0- NO pide observaciones linia .,1- Pide observaciones linia. 2 - No pideobservaciones pero se cargan y se graban,,,, ,0,999,999_187
999,188,*********  ALBARANES VENTAS ************0- NO pide observaciones linia .,1- Pide observaciones linia. 2 - No pideobservaciones pero se cargan y se graban,,,, ,0,999,999_188
999,189,**********  PEDIDOS COMPRAS ************0- NO pide observaciones linia .,1- Pide observaciones linia. 2 - No pideobservaciones pero se cargan y se graban,,,, ,0,999,999_189
999,190,********  ALBARANES COMPRAS ************0- NO pide observaciones linia .,1- Pide observaciones linia. 2 - No pideobservaciones pero se cargan y se graban,,,, ,0,999,999_190
999,191,Funcionamiento especial de entrada del producto acabado desde albaranes compra.,0 - Desactivado.                        1 - Activado.,,,,,0,999,999_191
999,192,CONTROL ALTA AUTOMATICA DE ARTICULOS DESDE PRESUPUESTOS VENTA.,0 - Desactivado                         1 - Activado,,,,,0,999,999_192
999,193,CONTROL ALTA AUTOMATICA DE ARTICULOS DESDE PEDIDOS DE VENTA.,0 - Desactivado.                        1 - Activado.,,,,,0,999,999_193
999,194,FECHA FACTURA NO PUEDE SER ANTERIOR A FECHA ALBARAN. (COMPRAS),0 - Activado realiza comprobacion       1 - Desactivado.,,,,,0,999,999_194
999,195,ASIGNACION CLIENTE/PEDIDO A PIEZAS. EN PEDIDOS DE COMPRA.,0 - Desactivado.                        1 - Activado.,,,,,0,999,999_195
999,196,"Doble moneda base en apuntes , facturas compra y servicio.",0 - Desactivado.                        1 - Activado.,,,,,0,999,999_196
999,197,ASIGNACION DE PIEZAS EN ALBARANES DE VENTA.,0 - Asignacion normal.                  1 - Asignacion especial.,,,,,0,999,999_197
999,198,0 - Funcionamiento normal.              1 - Precio en tarifas a nivel de miles y, utilizacion en ventas a nivel de unidad(con la clave del articulo) COMPRAS .,,,,,0,999,999_198
999,199,Segundo precio en lineas para  comisiones. (Presupuestos).,0 - Desactivado.                        1 - Activado,,,,,0,999,999_199
999,200,Segundo precio en lineas para pedidos.(PV).,0 - Desactivado                         1 - Activado,,,,,0,999,999_200
999,201,Segundo precio en lineas para albaranes.(SV).,0 - Desactivado.                        1 - Activado.,,,,,0,999,999_201
999,202,**** CONTROL VENDEDOR PP ***************0 - Desactivado,1 - Activado. Es obligatorio la introduccion del vendedor uno .,,,,,0,999,999_202
999,203,COMISION UNO EN VENTAS POR VENDEDOR Y FAMILIA DEL ARTICULO.,0 - Por la tabla m050103                1 - Por la tabla m050101,,,,,0,999,999_203
999,204,APLICAR IMPUESTO RESIDUOS CARNICOS.       ********   VENTAS   ***********,0 - Desactivado                         1 - Activado,,,,,0,999,999_204
19,1062,*** NO SE USA ***,,,,,,0,19,19_1062
999,206,IMPUESTO RESIDUOS CARNICOS.                *******    COMPRAS  **********,0 - Desactivado                         1 - Activado,,,,,0,999,999_206
999,207,APLICAR CARGO DOS                       0 - No se tendra en cuenta para el IVA.,1 - Contara para el IVA.,,,,,0,999,999_207
999,208,APLICAR CARGO FINANCIERO                0 - No se tendra en cuenta para el IVA.,1 - Contara para el IVA.,,,,,0,999,999_208
999,209,MANTENIMIENTO ARTICULOS - Piezas        0 - No se permite la modificacion del ca,mpo ANCHO.                              1 - Se permite la modificacion.,,,,,0,999,999_209
999,211,************* TARIFAS CLIENTE **********,0 - Tarifa Std. por cliente             1 - Tarifa por cliente y almacen.,,,,,0,999,999_211
999,212,********** CATEGORIA CLIENTE ***********,0 - Categoria Std. por cliente          1 - Categoria por cliente y almacen.,,,,,0,999,999_212
999,213,*********  OFERTAS CLIENTES ************,0 - Ofertas Std. por cliente            1 - Ofertas Std. por cliente y almacen.,,,,,0,999,999_213
999,214,********** DEVOLUCIONES ****************0 - No tabaja con devoluciones.,1 - Importe negativo pregunta si es dev.2 - Importe negativo asume que es dev.,,,,,0,999,999_214
999,215,VENCIMIENTOS RECIBOS DESDE FACTURA VENTA   *****AL GRABAR FACTURA *****,0 - No modifica vencimientos            1 - Modifica vencimientos,,,,,0,999,999_215
999,216,VENCIMIENTOS RECIBOS FACTURAS COMPRAS      ********AL  GRABAR FACTURA  *********,0 - No modifica vencimientos.           1 - Modifica vencimientos.,,,,,0,999,999_216
999,217,********* NO SE UTILIZA ****************,,,,,,0,999,999_217
999,218,Albaranes de Compra. (plegador o bobina)0 - No deja alterar la tabla m0319 en el,caso de una modificacion.               1 - Deja alterar la tabla m0319.,,,,,0,999,999_218
999,219,***************** PMP ******************,0 - Realiza el calculo del pmp.         1 - No realiza el calculo del pmp.,,,,,0,999,999_219
999,220,LIQUIDACION DE LINEAS SERVIDAS PARCIAL. 0 - Abre pantalla,1 - Quedan pendientes en el Pedido.     2 - Se Liquidan del Pedido.,,,,,0,999,999_220
999,221,LIQ. LINEAS NO INSERTADAS EN EL ALBARAN 0 - Abre pantalla,1 - Quedan pendientes en el Pedido      2 - Se liquidan del Pedido,,,,,0,999,999_221
999,222,****** PEDIDO DE VENTAS PROCEDE OF *****0 - Desactivado,1 - No dejara borrar una linea del pedido en el caso que proceda de la OF.,,,,,0,999,999_222
999,223,*** RUTAS REPARTO - DATOS REPARTO ***         *****   ALMACEN   ******,0 - Rutas reparto Std. por cliente      1 - Rutas reparto por cliente y almacen,,,,,0,999,999_223
999,224,****** FORMAS PAGO POR ALMACEN *********,0 -  Formas pago Std. por cliente       1 -  Formas pago por cliente y almacen,,,,,0,999,999_224
999,122,*** Utilizacion Subcta Facturacion ***  0 - Agrupa por Subcta y subcta factura-,    cion solamente para la direccion    1 - Agrupa por subcta facturacion,,,,*** FACTURAS DE COMPRAS ***,0,999,999_122
999,123,BAJA PEDIDO CON CANTIDADES SERVIDAS-VTAS'0' - Baja Normal del Pedido.,'1' - Opcion Eliminar o Liquidar Pedido.,,,,,0,999,999_123
999,124,BAJA PEDIDO CON CANTIDADES SERVIDAS-CPRS'0' - Baja Normal del Pedido,'1' - Opcion Eliminar o Liquidar Pedido.,,,,,0,999,999_124
999,125,** NUMERO DE INTENTOS TABLA BLOQUEADA **'0' No existe control.,"'1' Codigo integer es el numero de          intentos, si se agota pregunta.",50,,,,0,999,999_125
999,126,*ENTRADA FRACCIONADA CODIGO ARTICULO-PP*'0' Entrada Normal Codigo Articulo.,'1' Entrada Fraccionada Codigo Articulo.,,,,,0,999,999_126
999,127,*ENTRADA FRACCIONADA CODIGO ARTICULO-PV*'0' Entrada Normal Codigo Articulo.,'1' Entrada Fraccionada Codigo Articulo.,,,,,0,999,999_127
999,128,*ENTRADA FRACCIONADA CODIGO ARTICULO-SV*'0' Entrada Normal Codigo Articulo.,'1' Entrada Fraccionada Codigo Articulo.,,,,,0,999,999_128
999,129,*ENTRADA FRACCIONADA CODIGO ARTICULO-PC*'0' Entrada Normal Codigo Articulo.,'1' Entrada Fraccionada Codigo Articulo.,,,,,0,999,999_129
999,130,*ENTRADA FRACCIONADA CODIGO ARTICULO-EC*'0' Entrada Normal Codigo Articulo.,'1' Entrada Fraccionada Codigo Articulo.,,,,,0,999,999_130
999,131,* CONSULTA DOC. PENDIENTES (F5) VENTAS *    * PARA LAS SUBCUENTAS MANUALES *,'0' Muestra Titulo Subcuenta.           '1' Muestra Titulo Subcuenta Manual.,,,,,0,999,999_131
999,132,* CONSULTA DOC. PENDIENTES (F5) COMPRAS*    * PARA LAS SUBCUENTAS MANUALES *,'0' Muestra Titulo Subcuenta.           '1' Muestra Titulo Subcuenta Manual.,,,,,0,999,999_132
999,133,0 - Desactivado. Solo comprobara que la empresa alternativa existe.,1 - Comprobara que sea la que marca el  auxiliar de la empresa como alternativa.,,,,,0,999,999_133
999,134,*FECHA SERV. EN OBSERVACION 3 DE LINEAS*'0' - Funcionamiento Normal.,'1' - Fecha Serv. en Observacion 3 de         lineas de Albaranes.,,,,,0,999,999_134
999,135,*CONTROL EXISTENCIA PEDIDO EN ALBARANES*'0' No Abrir la Ventana - Fijo = No.,'1' No Abrir la Ventana - Fijo = Si.    '2' Abrir la Ventana.,,,,,0,999,999_135
999,136,*VER ASIENTO DESPUES DE GENERAR FACTURA*'0' No Abrir la Ventana - Fijo = No.,'1' No Abrir la Ventana - Fijo = Si.    '2' Abrir la Ventana.,,,,,0,999,999_136
999,137,** F5 ARTICULOS LINEAS DOCUMENTO - PP **'0' No muestra Artic. con Ficha Cerrada.,'1' Muestra Articulo  con Ficha Cerrada.,,,,,0,999,999_137
999,138,** F5 ARTICULOS LINEAS DOCUMENTO - PV **'0' No muestra Artic. con Ficha Cerrada.,'1' Muestra Articulo  con Ficha Cerrada.,,,,,0,999,999_138
999,139,** F5 ARTICULOS LINEAS DOCUMENTO - SV **'0' No muestra Artic. con Ficha Cerrada.,'1' Muestra Articulo  con Ficha Cerrada.,,,,,0,999,999_139
999,140,** F5 ARTICULOS LINEAS DOCUMENTO - PC **'0' No muestra Artic. con Ficha Cerrada.,'1' Muestra Articulo  con Ficha Cerrada.,,,,,0,999,999_140
999,141,** F5 ARTICULOS LINEAS DOCUMENTO - EC **'0' No muestra Artic. con Ficha Cerrada.,'1' Muestra Articulo  con Ficha Cerrada.,,,,,0,999,999_141
999,142,** F5 ARTICULOS LINEAS DOCUMENTO - EF **'0' No muestra Artic. con Ficha Cerrada.,'1' Muestra Articulo  con Ficha Cerrada.,,,,,0,999,999_142
999,143,** F5 ARTICULOS LINEAS DOCUMENTO - TR **'0' No muestra Artic. con Ficha Cerrada.,'1' Muestra Articulo  con Ficha Cerrada.,,,,,0,999,999_143
999,144,** F5 ARTICULOS LINEAS DOCUMENTO - EI **'0' No muestra Artic. con Ficha Cerrada.,'1' Muestra Articulo  con Ficha Cerrada.,,,,,0,999,999_144
999,145,** F5 ARTICULOS LINEAS DOCUMENTO - OR **'0' No muestra Artic. con Ficha Cerrada.,'1' Muestra Articulo  con Ficha Cerrada.,,,,,0,999,999_145
999,146,** F5 ARTICULOS LINEAS DOCUMENTO - GE **'0' No muestra Artic. con Ficha Cerrada.,'1' Muestra Articulo  con Ficha Cerrada.,,,,,0,999,999_146
999,147,** F5 ARTICULOS LINEAS DOCUMENTO - RC **'0' No muestra Artic. con Ficha Cerrada.,'1' Muestra Articulo  con Ficha Cerrada.,,,,,0,999,999_147
999,148,** VALIDACION DE CLAVES (Art/Cli/Pro) **'0' Deja introducir cualquier Clave.,'1' Solo deja introducir claves que         existan en el maestro de claves.,,,,,0,999,999_148
1,1286,***** OBRAS APLICACION DESCUENTOS ******,0 - Desactivado                         1 - Activado,,,,,0,1,1_1286
999,149,*** CONTABILIZACION DESCUENTO 2 Y 3  ***'0' Sctas Dtos No Def. Cancela Facturac.,'1' Sctas Dtos No Def. Imputa Scta Venta,,,,,0,999,999_149
999,150,Desea Imprimir Pedido ..      (MANPER05)0 --> Abre la ventana y pregunta.,1 --> No abre la ventana. Fijo=NO.      2 --> No abre la ventana. Fijo=SI.,,,,,0,999,999_150
999,151,***  SUBCTA ACUMULA  RIESGO CARTERA  ***'0' Subcta Contable,'1' Subcta Facturacion                  '2' Subcta,,,,,0,999,999_151
999,152,*** SUBCTA ACUMULA RIESGO PED/PTSNF ****'0' Subcta Contable,'1' Subcta Facturacion                  '2' Subcta,,,,,0,999,999_152
999,153,** SUBCTA ACUMULA FECHA ULTIMA COMPRA **'0' Subcta Contable,'1' Subcta Facturacion                  '2' Subcta,,,,,0,999,999_153
999,154,*** NO SE USA ***,,,,,,0,999,999_154
999,155,*** NO SE USA ***,,,,,,0,999,999_155
999,156,*** NO SE USA ***,,,,,,0,999,999_156
999,157,*** NO SE USA ***,,,,,,0,999,999_157
999,158,*** NO SE USA ***,,,,,,0,999,999_158
999,159,*** TARIFA POR MATRIZ DE ARTICULOS ***,0 - Desactivado                         1 - Activado,4,,,En codigo integer va el numero de caracter que se corta el articulo para matriz.,0,999,999_159
999,160,"*CONTROL VENDEDOR EN PV - PUNTIBLOND ***'0' Desactivado, funcionamiento normal.","'1' Activado, funcionamiento Puntiblond.",,,,,0,999,999_160
999,161,** PARAMETRO PARA FABRICACION GRAFICA **'0' Fabricacion Normal,'1' Fabricacion Grafica,,,,,0,999,999_161
19,162,0 - Funcionamiento normal               1 - Control familia FOP y proveedor en,    el mantenimiento de Fabricacion.,,,,,0,19,19_162
999,162,0 - Funcionamiento normal               1 - Control familia FOP y proveedor en,    el mantenimiento de Fabricacion.,,,,,0,999,999_162
999,163,Facturas SERVICIOS (Multidivisa)        1- Abre automaticamente la ventana de,"""CAMBIO MONEDA""                         0- No abre la ventana (si existe cambio)",,,,,1,999,999_163
999,164,Merma en los cierres de ordenes de Fabricacion.,  0 - Merma desactivada                   1 - Merma activada,,,,,0,999,999_164
999,165,RESERVADO,,,,,,,999,999_165
999,166,RESERVADO,,,,,,,999,999_166
999,167,RESERVADO,,,,,,,999,999_167
999,168,RESERVADO,,,,,,,999,999_168
999,169,RESERVADO,,,,,,,999,999_169
999,170,RESERVADO,,,,,,,999,999_170
999,171,RESERVADO,,,,,,,999,999_171
999,172,RESERVADO,,,,,,,999,999_172
999,173,RESERVADO,,,,,,,999,999_173
999,174,RESERVADO,,,,,,,999,999_174
999,175,RESERVADO,,,,,,,999,999_175
999,176,RESERVADO,,,,,,,999,999_176
999,177,RESERVADO,,,,,,,999,999_177
999,85,>>>FACTURAS  COMPRA<<<  ** Formatos **  '0' Imprime formatos en tipo caracter,'1' Imprime formatos en tipo Grafico    '2' Pregunta el tipo: caracter o Grafico,,,,                                        *** SOLO EFECTIVO SI PARAMETRO 82=1 ***,0,999,999_85
999,86,>>>AGRUPADA COMPRAS<<<  ** Formatos **  '0' Imprime formatos en tipo caracter,'1' Imprime formatos en tipo Grafico    '2' Pregunta el tipo: caracter o Grafico,,,,                                        *** SOLO EFECTIVO SI PARAMETRO 82=1 ***,0,999,999_86
999,87,>>>SERVICIOS COMPRA<<<  ** Formatos **  '0' Imprime formatos en tipo caracter,'1' Imprime formatos en tipo Grafico    '2' Pregunta el tipo: caracter o Grafico,,,,                                        *** SOLO EFECTIVO SI PARAMETRO 82=1 ***,0,999,999_87
999,88,>>PRESUPUESTOS VENTA<<  ** Formatos **  '0' Imprime formatos en tipo caracter,'1' Imprime formatos en tipo Grafico    '2' Pregunta el tipo: caracter o Grafico,0,,,C.Int:0-Pres 1-F.Prof 2-Fact 3-Pregunta *** SOLO EFECTIVO SI PARAMETRO 82=1 ***,0,999,999_88
999,89,>>> PEDIDOS  VENTA <<<  ** Formatos **  '0' Imprime formatos en tipo caracter,'1' Imprime formatos en tipo Grafico    '2' Pregunta el tipo: caracter o Grafico,,,,                                        *** SOLO EFECTIVO SI PARAMETRO 82=1 ***,0,999,999_89
999,90,>>>ALBARANES  VENTA<<<  ** Formatos **  '0' Imprime formatos en tipo caracter,'1' Imprime formatos en tipo Grafico    '2' Pregunta el tipo: caracter o Grafico,,,,                                        *** SOLO EFECTIVO SI PARAMETRO 82=1 ***,0,999,999_90
999,91,>>> FACTURAS VENTA <<<  ** Formatos **  '0' Imprime formatos en tipo caracter,'1' Imprime formatos en tipo Grafico    '2' Pregunta el tipo: caracter o Grafico,,,,                                        *** SOLO EFECTIVO SI PARAMETRO 82=1 ***,0,999,999_91
999,92,>>>AGRUAPADA  VENTA<<<  ** Formatos **  '0' Imprime formatos en tipo caracter,'1' Imprime formatos en tipo Grafico    '2' Pregunta el tipo: caracter o Grafico,,,,                                        *** SOLO EFECTIVO SI PARAMETRO 82=1 ***,0,999,999_92
999,93,>>>TIQUETS DE VENTA<<<  ** Formatos **  '0' Imprime formatos en tipo caracter,'1' Imprime formatos en tipo Grafico    '2' Pregunta el tipo: caracter o Grafico,,,,                                        *** SOLO EFECTIVO SI PARAMETRO 82=1 ***,0,999,999_93
999,94,>>ORD. REPARACIONES<<<  ** Formatos **  '0' Imprime formatos en tipo caracter,'1' Imprime formatos en tipo Grafico    '2' Pregunta el tipo: caracter o Grafico,,,,                                        *** SOLO EFECTIVO SI PARAMETRO 82=1 ***,0,999,999_94
999,95,>>SALIDA FABRICACION<<  ** Formatos **  '0' Imprime formatos en tipo caracter,'1' Imprime formatos en tipo Grafico    '2' Pregunta el tipo: caracter o Grafico,,,,                                        *** SOLO EFECTIVO SI PARAMETRO 82=1 ***,0,999,999_95
999,96,>>ENTRADA FABRICACION<  ** Formatos **  '0' Imprime formatos en tipo caracter,'1' Imprime formatos en tipo Grafico    '2' Pregunta el tipo: caracter o Grafico,,,,                                        *** SOLO EFECTIVO SI PARAMETRO 82=1 ***,0,999,999_96
999,97,>>TRASPASOS ALMACEN<<<  ** Formatos **  '0' Imprime formatos en tipo caracter,'1' Imprime formatos en tipo Grafico    '2' Pregunta el tipo: caracter o Grafico,,,,                                        *** SOLO EFECTIVO SI PARAMETRO 82=1 ***,0,999,999_97
999,98,**** CONTROL USUARIO/VENDEDOR ***       '0' No se efectua el control,'1' Control solamente en consultas      '2' Control en altas y consultas,,,,"parametro efectivo sobre ma5v0101,      co1m0301 y formatos particulares.",0,999,999_98
999,99,*** ORDENACION AL GRABAR DESPIECES ***  '0' Pregunta antes de grabar como ordena,'1' Graba fijo por orden de entrada     '2' Graba fijo por orden de codigo Art.,,,,,0,999,999_99
999,100,*** OBSERVACIONES LINEA EN DESPIECES ***'0' No pide las observaciones,'1' Pide las observaciones.,,,,,0,999,999_100
999,101,****ASIGNACION DE LOTES EN PEDIDOS******'0' No se Asignan los Lotes en Pedidos,'1' Se Asignan los Lotes en Pedidos,,,,,0,999,999_101
999,102,*** CONTADOR LOTES PARA FABRICACION *** '0' Numera utilizando contador ct001,'1' Numera utilizando Numero Documento,,,,,0,999,999_102
999,103,********  ORDENACION LOTES      ********'0' Ordenar por Fecha Caducidad,'1' Ordenar por Lote  Interno,,,,,0,999,999_103
999,104,** ASIGNACION DE LOTES EN FABRICACION **'0' Selecciona UN   Lote  x Cantidad,'1' Selecciona DIF. Lotes x Cantidad,,,,,0,999,999_104
999,105,Especial Maquinaria Grau                0 Desactivado,1 Activado,,,,,0,999,999_105
999,106,   ** CONTROL BAJA PROVEEDOR **         0 - Desactivado,1 - Activado,,,,,0,999,999_106
999,107,  **** CONTROL BAJAS DE ARTICULOS ****  '0' - No se realiza el Control,'1' - Se realiza el Control,,,,,0,999,999_107
999,108,     *** CONTROL BAJA CLIENTES ***      '0' - Se realiza el Control,'1' - No Se realiza el Control,,,,,0,999,999_108
999,109,   ***** CONTROL DE REBUTS *******      0 - Orden siempre sera 1,1 - Orden sera el que este en la tabla.,,,,,0,999,999_109
999,110,* CUMPLIMENTACION DE PEDIDO * MILANESA!!'0' - Realizar Preg. '1' - Modif. Pedido,'2' - Generar Alb.   '3' - Generar Fac. '4' - Segun Cantidad-pv,,,,,0,999,999_110
999,111,* RESTO PEDIDOS * MILANESA !!!          '0' - Realizar la Pregunta.,'1' - Anular Lineas de Pedidos.         '2' - Dejar Lineas como Resto.,,,,,0,999,999_111
999,112,* CONDICIONES DE IMPRESION * MILANESA!!!'0' - Realizar la Pregunta,'1' - Valorado      '2' - No Valorado   '3' - Segun Condiciones,,,,,0,999,999_112
999,113,*** OFERTAS POR MATRIZ DE ARTICULOS ****, 0 - Desactivado                         1 - Activado,4,,,En codigo integer va el numero de caracter que se corta el articulo para matriz.,0,999,999_113
999,114,*** CONTROL DE BUSQUEDA PARA REMESAS ***'0' - Obligatorio el Documento,'1' - No Obligatorio el Documento,,,,,0,999,999_114
999,115,* CONTADOR ESPECIAL  FACTURAS SERVICIO *,'0' - Utiliza el de Contador de Compras.'1' - Contador Aparte.,,,,,0,999,999_115
999,116,ORDEN DE FABRICACION (CIERRE)           0 --> se puede cerrar por una cantidad,      mayor a la cantidad de apertura.  1 --> No se puede cerrar cantidad mayor.,,,,,0,999,999_116
999,117,* SELECCION CAMBIO FACTURANDO ALBARAN * 0 - Se utilizara el cambio del Albaran,1 - Se busca cambio a fecha de factura  2 - Si el cambio es diferente preguntara,,,,*** FACTURAS DIRECTAS DE VENTAS ***,0,999,999_117
999,118,* SELECCION CAMBIO FACTURANDO ALBARAN * 0 - Se utilizara el cambio del Albaran,1 - Se busca cambio a fecha de factura,,,,*** FACTURAS AGRUPADAS DE VENTAS ***,0,999,999_118
999,119,* SELECCION CAMBIO FACTURANDO ALBARAN * 0 - Se utilizara el cambio del Albaran,1 - Se busca cambio a fecha de factura  2 - Si el cambio es diferente preguntara,,,,*** FACTURAS DIRECTAS DE COMPRAS ***,0,999,999_119
999,121,*** Utilizacion Subcta Facturacion ***  0 - Agrupa por Subcta y subcta factura-,    cion solamente para la direccion    1 - Agrupa por subcta facturacion,,,,*** FACTURAS DE VENTAS ***,0,999,999_121
999,38,Albaranes VENTA.                        1: Abre automaticamente la ventana de,"   ""PEDIDOS PENDIENTES SERVIR"".         0: No abre la ventana automaticamente.",,,,,1,999,999_38
999,39,Albaranes VENTA  (Multidivisa).         1: Abre automaticamente la ventana de,"   ""CAMBIO MONEDA"".                     0: No abre la ventana (si existe cambio)",,,,,1,999,999_39
999,40,Albaranes VENTA.                        1: Abre automaticamente la ventana de,"   ""VENDEDORES"".                        0: No abre la ventana automaticamente.",,,,,1,999,999_40
999,41,Facturas VENTA.                         1: Abre automaticamente la ventana de,"   ""ALBARANES PENDIENTES FACTURAR"".     0: No abre la ventana automaticamente.",,,,,1,999,999_41
999,42,Facturas VENTA  (Multidivisa).          1: Abre automaticamente la ventana de,"   ""CAMBIO MONEDA""                      0: No abre la ventana (si existe cambio)",,,,,1,999,999_42
999,43,Facturas VENTA.                         1: Abre automaticamente la ventana de,"   ""VENDEDORES"".                        0: No abre la ventana automaticamente.",,,,,1,999,999_43
999,44,Pedidos COMPRA.                         1: Abre automaticamente la ventana de,"   ""PEDIDOS PENDIENTES RECIBIR"".        0: No abre la ventana automaticamente.",,,,,1,999,999_44
999,45,Pedidos COMPRA  (Multidivisa).          1: Abre automaticamente la ventana de,"   ""CAMBIO MONEDA"".                     0: No abre la ventana (si existe cambio)",,,,,1,999,999_45
999,46,Albaranes COMPRA.                       1: Abre automaticamente la ventana de,"   ""PEDIDOS PENDIENTES RECIBIR"".        0: No abre la ventana automaticamente.",,,,,1,999,999_46
999,47,Albaranes COMPRA  (Multidivisa).        1: Abre automaticamente la ventana de,"   ""CAMBIO MONEDA"".                     0: No abre la ventana (si existe cambio)",,,,,1,999,999_47
999,48,Facturas COMPRA.                        1: Abre automaticamente la ventana de,"   ""ALBARANES PENDIENTES FACTURAR"".     0: No abre la ventana automaticamente.",,,,,1,999,999_48
999,49,Facturas COMPRA  (Multidivisa).         1: Abre automaticamente la ventana de,"   ""CAMBIO MONEDA"".                     0: No abre la ventana (si existe cambio)",,,,,1,999,999_49
999,50,"1) Cuando calcula la cantidad con las medidas, estas son divididas por el valor",que haya en Codigo integer.             0) Calcula normal.,1000,,,,1,999,999_50
999,51,*** NO SE USA ***,,,,,,0,999,999_51
999,52,Restos en Presupuestos:                 Param = 0 --> NUNCA DEJA EL RESTO.,Param = 1 --> SIEMPRE DEJA EL RESTO.    Param = 2 --> PREGUNTA SI LO DEJA O NO.,,,,,0,999,999_52
999,53,Salto en agrupacion de la Fact. Agrupada* '0' No tiene en cuenta vendedor 1,* '1' Tiene en cuenta vendedor_1,,,,,0,999,999_53
999,54,*** NO SE USA ***,,,,,,0,999,999_54
999,55,Precio y descuentos de linea (VENTAS)   0 --> STANDARD,1 --> Combinacion Oferta/Categoria,,,,,0,999,999_55
999,56,"Ventana ""Permitir Facturar Agrupado ...""0 -> Abre la ventana (STANDARD)","1 -> NO abre la ventana. Fijo=""SI""      2 -> NO abre la ventana. Fijo=""NO""",,,,,0,999,999_56
999,57,1 Un contador de pedidos compra único para todos los almacenes.,0 Un contador de pedidos compra para cada almacén.,,,, ,1,999,999_57
999,58,1 Un contador de albaranes compra único para todos los almacenes.,0 Un contador de albaranes compra para cada almacén.,,,, ,0,999,999_58
999,59,1 Un contador de facturas compra único para todos los almacenes.,0 Un contador de facturas compra para cada almacén.,,,, ,0,999,999_59
999,60,Fecha factura (VENTAS)                  0 --> Fecha albaran,1 --> Fecha actual (today),,,,,0,999,999_60
999,61,Fecha factura (COMPRAS)                 0 --> Fecha albaran,1 --> Fecha actual (today),,,,,0,999,999_61
999,62,Desea Imprimir Presupuesto ..   (VENTAS)0 --> Abre la ventana y pregunta.,1 --> No abre la ventana. Fijo=NO.      2 --> No abre la ventana. Fijo=SI.,,,,,0,999,999_62
999,63,Desea Imprimir Pedido ..        (VENTAS)0 --> Abre la ventana y pregunta.,1 --> No abre la ventana. Fijo=NO.      2 --> No abre la ventana. Fijo=SI.,,,,,0,999,999_63
999,64,Desea Imprimir Albaran ..       (VENTAS)0 --> Abre la ventana y pregunta.,1 --> No abre la ventana. Fijo=NO.      2 --> No abre la ventana. Fijo=SI.,,,,,0,999,999_64
19,1286,***** OBRAS APLICACION DESCUENTOS ******,0 - Desactivado                         1 - Activado,,,,,0,19,19_1286
999,65,Desea Imprimir Factura ..       (VENTAS)0 --> Abre la ventana y pregunta.,1 --> No abre la ventana. Fijo=NO.      2 --> No abre la ventana. Fijo=SI.,,,,,0,999,999_65
999,66,Desea Imprimir Pedido ..       (COMPRAS)0 --> Abre la ventana y pregunta.,1 --> No abre la ventana. Fijo=NO.      2 --> No abre la ventana. Fijo=SI.,,,,,0,999,999_66
999,67,Desea Imprimir Albaran ..      (COMPRAS)0 --> Abre la ventana y pregunta.,1 --> No abre la ventana. Fijo=NO.      2 --> No abre la ventana. Fijo=SI.,,,,,0,999,999_67
999,68,Desea Imprimir Factura ..      (COMPRAS)0 --> Abre la ventana y pregunta.,1 --> No abre la ventana. Fijo=NO.      2 --> No abre la ventana. Fijo=SI.,,,,,0,999,999_68
999,69,Aplicacion Cargos/Abonos (COMPRAS)      0 -> Sobre total factura.,1 -> Sobre base imponible.,,,,,1,999,999_69
999,70,*** NO SE USA ***,,,,,,0,999,999_70
999,71,*** NO SE USA ***,,,,,,0,999,999_71
999,72,*** NO SE USA ***,,,,,,0,999,999_72
999,73,0: Empresa NO trabaja con lotes.        1: Empresa trabaja con lotes.,,,,,,0,999,999_73
999,75,Centro :                                0 - No trabaja con centros.,"1 - Trabaja con centro y p_s (Standard) 2 - Trabaja con centro,p_s y p_sd(Aecoc)",,,,,0,999,999_75
999,76,Medidas informativas articulo (ESPUMES) 0 - Desactivado.,1 - Pide medidas informativas articulo.,,,,,1,999,999_76
999,77,Subcuentas del Iva por variantes:       0 - No trabaja con variantes.,1 - Trabaja con variantes.,,,,,0,999,999_77
999,78,FECHAS CONTABLE Y FECHA IVA :, 0 - Funcionamiento Automatico           1 - Funcionamiento Manual,,,,*** NOTA: Ligado al parametro 16,0,999,999_78
999,79,ACTUACION DEL DTO. PRONTO PAGO EN VENTAS'1' Contempla lineas de documento que no,    se le aplicara el Dto. P.P.         '0' Se aplica a todo el documento.,,,,,0,999,999_79
999,80,MODIFICACION DEL DESCUENTO Y EL PRECIO  '1' No se puede modificar los valores de,    descuento y precio de la linea.     '0' Funcionamiento normal.,,,,,0,999,999_80
999,81,APLICACION DE LA TARA                   '0' No Aplicar la Tara,'1' Aplicar la Tara,,,,,0,999,999_81
999,82,*** INSTALACION APLICACION GRAFICA ***  '0' No tiene la aplicacion grafica,'1' SI tiene la aplicacion grafica,,,, ,0,999,999_82
999,83,>>> PEDIDOS COMPRA <<<  ** Formatos **  '0' Imprime formatos en tipo caracter,'1' Imprime formatos en tipo Grafico    '2' Pregunta el tipo: caracter o Grafico,,,,                                        *** SOLO EFECTIVO SI PARAMETRO 82=1 ***,0,999,999_83
999,84,>>>ALBARANES COMPRA<<<  ** Formatos **  '0' Imprime formatos en tipo caracter,'1' Imprime formatos en tipo Grafico    '2' Pregunta el tipo: caracter o Grafico,,,,                                        *** SOLO EFECTIVO SI PARAMETRO 82=1 ***,0,999,999_84
19,20006,FACTURAS DE SERVICIOS. Origen registro IVA para subcuentas compras y gastos.,'0' Prefijadas por programa. '1' Permite la introducción manual.,,,,,0,19,19_20006
1,80000,******* CONTROL USUARIO-EMPRESA ********,0 - Desactivado                         1 - Activado,,,,,0,1,1_80000
19,80000,******* CONTROL USUARIO-EMPRESA ********,0 - Desactivado                         1 - Activado,,,,,0,19,19_80000
1,80001,MODULO DE PAQUETES,0 - Desactivado                         1 - Activado,,,,,0,1,1_80001
19,80001,MODULO DE PAQUETES,0 - Desactivado                         1 - Activado,,,,,0,19,19_80001
1,999998,,,,,,,0,1,1_999998
19,999998,,,,,,,0,19,19_999998
1,999999,***    PARAMETRO EXCLUSIVO SOFT      ***'0' No se activa.,"'1' Se activa el ""set explain on"".",,,,,0,1,1_999999
19,999999,***    PARAMETRO EXCLUSIVO SOFT      ***'0' No se activa.,"'1' Se activa el ""set explain on"".",,,,,0,19,19_999999
1,20000,Marca la longitud máxima para las subcuentas contables. El parámetro tiene que,estar activado e indicar la longitud en el campo 'integer'. Máximo 10.,7,,,,1,1,1_20000
1,297,****** EQUIVALENCIAS POR EMPRESA *******,0 - Std.                                1 - Equivalencias por empresa.,,,,,0,1,1_297
19,297,****** EQUIVALENCIAS POR EMPRESA *******,0 - Std.                                1 - Equivalencias por empresa.,,,,,0,19,19_297
1,101,****ASIGNACION DE LOTES EN PEDIDOS******'0' No se Asignan los Lotes en Pedidos,'1' Se Asignan los Lotes en Pedidos,,,,,0,1,1_101
999,20008,FACTURAS DE SERVICIOS. Siempre que el parametro 20006 este con la opcion 0.,0 - No permite la introduccion manual.  1 - Permite la introduccion manual.,,,,,0,999,999_20008
999,1,Presupuestos y Pedidos de VENTA :       `1` - Pide Fecha de servicio.,`0` - No pide Fecha de Servicio.,,,, ,0,999,999_1
999,2,1 Aplica oferta. Si precio oferta = 0 aplica precio tarifa y dtos oferta. Si ofe,rta no existe aplica tarifa. 0 Siempre aplica tarifa,,,, ,1,999,999_2
999,3,"1 Permite modificar el I.V.A. de la lineas en presupuestos, pedidos, albaranes y",facturas de compra y de venta. 0 No permite modificar el I.V.A.,,,, ,0,999,999_3
999,4,1 Pide el centro de coste en las lineas de factura de compra y en apuntes contab,les. 0 No pide el centro de coste. 2 Igual que 1 y en apuntes pide P_SD (aecoc),,,, ,0,999,999_4
999,5,1 Numera el ristro de I.V.A. en la creación de facturas de compra y venta y en a,puntes contables. 0 El registro de I.V.A. se numera al listar,,,, ,0,999,999_5
999,6,1 Rebaja el stock del componente al introducir la O.F.. 0 Rebaja el stock de com,ponente al cerrar la O.F.,,,, ,0,999,999_6
999,7,1 Pide el número de bultos de envio en albaranes y facturas de venta. 0 No pide,el número de bultos,,,, ,0,999,999_7
999,8,0 El cálculo de vencimientos considera los meses naturales. 1 Considera los mese,s de treinta dias.,,,, ,0,999,999_8
999,9,1 Un contador de pedidos venta único para todos los almacenes.,0 Un contador de pedidos venta para cada almacén.,,,, ,0,999,999_9
999,10,1 Un contador de presup. venta único para todos los almacenes.,0 Un contador de presup. venta para cada almacén.,,,, ,0,999,999_10
999,11,1 Un contador de albaranes venta único para todos los almacenes.,0 Un contador de albaranes venta para cada almacén.,,,, ,0,999,999_11
999,12,1 Un contador de facturas venta único para todos los almacenes.,0 Un contador de facturas venta para cada almacén.,,,, ,0,999,999_12
999,13,1 Un P.M.P único para todos los almacenes. 0 un P.M.P. para cada almacén, ,,,, ,1,999,999_13
999,14,"1 Si el importe de las facturas no supersa el valor contenido en ""v_dec1"" genera",un solo recibo. 0 genera recibos en función de la condiciones del cliente,,-9999999.000000,, ,1,999,999_14
999,15,En las pantallas e impresión de documentos de compras y ventas aplica el número,"de decimales contenido en el campo ""parametro""",,,, ,2,999,999_15
1,1287,******** CLIENTE IVA REDUCIDO  *********    *** ABIR PANTALLA IVA ***,0 - Desactivado                         1 - Activado,,,,,0,1,1_1287
1,1063,*** NO SE USA ***,,,,,,0,1,1_1063
1,103,********  ORDENACION LOTES      ********'0' Ordenar por Fecha Caducidad,'1' Ordenar por Lote  Interno,,,,,0,1,1_103
999,16,<P> <CTBLE> <IVA >  <P> <CTBLE> < IVA  > 1  F.Doc.  F.Doc.   4  F.Unix  F.Unix, 2  F.Doc.  F.Unix   5  F.Doc.  =F.Ctble 3  F.Unix  F.Doc.   6  F.Unix  =F.Ctble,,,,Posibilidadaes fechas: CONTABLE e IVA   *** NOTA: Ligado al parametro 78 (NUEVO),1,999,999_16
999,17,0 : Empresa no trabaja con medidas.     1 : Empresa trabaja con medidas.,NOTA : Fabricacion tiene otro parametro,,,, ,1,999,999_17
999,19,1. Avisara cuando un Cliente no tiene   Ofertas ni descuentos por Categoria para,un Articulo.                            0. No avisara,,,, ,1,999,999_19
999,20,1 --> Albaranes y Facturas trabaja en         forma Textil.,0 --> Trabaja en forma Standard.,,,, ,1,999,999_20
999,21,"Calculo Precios Iva Incluido :          0-No calcula, esta entrado en la Tarifa.",1-Al precio le suma el Iva.,,,, ,0,999,999_21
999,22,`0` No tiene Medidas en Fabricacion.    `1` Tiene Medidas en Fabricacion., ,,,, ,1,999,999_22
999,23,`1` Si se entra una compra con fecha anterior a la ultima o bien se borra una co,"mpra,muestra un mensaje aviso del PMP   `0` No avisa.",,,, ,1,999,999_23
999,24,`1` En el mantenimiento de compras pide     el plazo de entrega en dias.,`0` En el mantenimiento de compras no       pide el plazo de entraga.       .,,,, ,1,999,999_24
999,25,`1` Abrir ventana mostrando precios         (Lineas de VENTAS).,`0` NO abrir la ventana.,,,, ,1,999,999_25
999,26,`1` Abrir ventana mostrando precios         (Lineas de COMPRAS).,`0` NO abrir la ventana.,,,, ,1,999,999_26
999,27,Precio en Compras:                      `0` carga precio Oferta/Tarifa.,`1` carga precio Ultima Compra.,,,, ,0,999,999_27
999,29,*** NO SE USA ***,,,,,,0,999,999_29
999,30,Pedidos de COMPRA :                     `1` - Pide Fecha de servicio.,`0` - No pide Fecha de Servicio.,,,, ,0,999,999_30
999,31,*** NO SE USA ***,,,,, ,0,999,999_31
999,32,Presupuestos VENTA.                     1: Abre automaticamente la ventana de,"   ""PRESUPUESTOS PENDIENTES"".           0: No abre la ventana automaticamente.",,,,,1,999,999_32
999,33,Presupuestos VENTA  (Multidivisa).      1: Abre automaticamente la ventana de,"   ""CAMBIO MONEDA"".                     0: No abre la ventana (si existe cambio)",,,,,1,999,999_33
999,34,Presupuestos VENTA.                     1: Abre automaticamente la ventana de,"   ""VENDEDORES"".                        0: No abre la ventana automaticamente.",,,,,1,999,999_34
999,35,Pedidos VENTA.                          1: Abre automaticamente la ventana de,"   ""PEDIDOS/PRESUPUESTOS PENDIENTES"".   0: No abre la ventana automaticamente.",,,,,1,999,999_35
999,36,Pedidos VENTA  (Multidivisa).           1: Abre automaticamente la ventana de,"   ""CAMBIO MONEDA"".                     0: No abre la ventana (si existe cambio)",,,,,1,999,999_36
999,37,Pedidos VENTA.                          1: Abre automaticamente la ventana de,"   ""VENDEDORES"".                        0: No abre la ventana automaticamente.",,,,,1,999,999_37
19,1273,*** OBLIGATORIO CAMPO REFERENCIA CAB. **  **** TPV ( PRESUPUESTOS VENTA ) ****,0 - desactivado                         1 - activado,,,,,0,19,19_1273
1,1274,*** OBLIGATORIO CAMPO REFERENCIA CAB. **  **** TPV  ( PEDIDOS DE VENTA ) ****,0 - desactivado                         1 - activado,,,,,0,1,1_1274
19,1274,*** OBLIGATORIO CAMPO REFERENCIA CAB. **  **** TPV  ( PEDIDOS DE VENTA ) ****,0 - desactivado                         1 - activado,,,,,0,19,19_1274
1,1275,*** OBLIGATORIO CAMPO REFERENCIA CAB. **  **** TPV ( ALBARANES DE VENTA ) ***,0 - desactivado                         1 - activado,,,,,0,1,1_1275
19,1275,*** OBLIGATORIO CAMPO REFERENCIA CAB. **  **** TPV ( ALBARANES DE VENTA ) ***,0 - desactivado                         1 - activado,,,,,0,19,19_1275
1,1276,******* CONTROL VENEDOR PP *************      *** USO EXCLUSIVO TPV ***,0 - Std.                                1 - Entrada vendedor1 obligatorio.,,,,,0,1,1_1276
19,1276,******* CONTROL VENEDOR PP *************      *** USO EXCLUSIVO TPV ***,0 - Std.                                1 - Entrada vendedor1 obligatorio.,,,,,0,19,19_1276
1,1277,******** CONTROL VENEDOR SV  ***********     *** USO EXCLUSIVO TPV ***,0 - Std.                                1 - Entrada vendedor1 obligatorio.,,,,,0,1,1_1277
19,1277,******** CONTROL VENEDOR SV  ***********     *** USO EXCLUSIVO TPV ***,0 - Std.                                1 - Entrada vendedor1 obligatorio.,,,,,0,19,19_1277
1,1278,******** OBRAS ( PRESUPUESTOS ) ********       *** USO EXCLUSIVO TPV ***,0 - Std.                                1 - Entrada obra obligatoria.,,,,,0,1,1_1278
19,1278,******** OBRAS ( PRESUPUESTOS ) ********       *** USO EXCLUSIVO TPV ***,0 - Std.                                1 - Entrada obra obligatoria.,,,,,0,19,19_1278
1,1279,********** OBRAS ( PEDIDOS ) ***********       *** USO EXCLUSIVO TPV ***,0 - Std.                                1 - Entrada obra obligatoria.,,,,,0,1,1_1279
19,1279,********** OBRAS ( PEDIDOS ) ***********       *** USO EXCLUSIVO TPV ***,0 - Std.                                1 - Entrada obra obligatoria.,,,,,0,19,19_1279
1,1280,********* OBRAS ( ALBARANES ) **********        *** USO EXCLUSIVO TPV ***,0 - Std.                                1 - Entrada obra obligatoria.,,,,,0,1,1_1280
19,1280,********* OBRAS ( ALBARANES ) **********        *** USO EXCLUSIVO TPV ***,0 - Std.                                1 - Entrada obra obligatoria.,,,,,0,19,19_1280
1,1281,*** PERMITE VENTA EN CLIENTES CON REISGO EXCEDIDO Y/O FICHA CERRADA ( TPV ) ****,0 - Desactivado                         1 - Activado,,,,IM,0,1,1_1281
19,1281,*** PERMITE VENTA EN CLIENTES CON REISGO EXCEDIDO Y/O FICHA CERRADA ( TPV ) ****,0 - Desactivado                         1 - Activado,,,,IM,0,19,19_1281
1,1282,****** MEDIDAS MULTIPLES VENTAS ******** ****** CONTROL CAMPONB ******,0 - Permite la entrada en el campo.     1 - No permite la entrada.,,,,,0,1,1_1282
19,1282,****** MEDIDAS MULTIPLES VENTAS ******** ****** CONTROL CAMPONB ******,0 - Permite la entrada en el campo.     1 - No permite la entrada.,,,,,0,19,19_1282
1,1283,** FIJOS EN MEDIDAS MULTIPLES ( TPV ) **,0 - Desactivado                         1 - Activado,,,,,0,1,1_1283
19,1283,** FIJOS EN MEDIDAS MULTIPLES ( TPV ) **,0 - Desactivado                         1 - Activado,,,,,0,19,19_1283
1,1284,***** GRABAR DOCUMENTO PEDIR AGENCIA DE TRANSPORTE Y PORTES ( PEDIDOS ) *******,0 - Desactivado                         1 - Activado,,,,,0,1,1_1284
19,1284,***** GRABAR DOCUMENTO PEDIR AGENCIA DE TRANSPORTE Y PORTES ( PEDIDOS ) *******,0 - Desactivado                         1 - Activado,,,,,0,19,19_1284
1,1285,***** EMPRESA ALTERNATIVA ( TPV ) ******,0 - Permitir cualquier Forma de Pago.   1 - Obligatorio Forma de Pago Contado.,,,,,0,1,1_1285
19,1285,***** EMPRESA ALTERNATIVA ( TPV ) ******,0 - Permitir cualquier Forma de Pago.   1 - Obligatorio Forma de Pago Contado.,,,,,0,19,19_1285
19,1063,*** NO SE USA ***,,,,,,0,19,19_1063
19,170,RESERVADO,,,,,,,19,19_170
19,1287,******** CLIENTE IVA REDUCIDO  *********    *** ABIR PANTALLA IVA ***,0 - Desactivado                         1 - Activado,,,,,0,19,19_1287
1,1289,****** CONTROL ENTREGAS A CUENTA *******ANTES DE BUSCAR EL CONTADOR DE FACTURAS,0 - Desactivado                         1 - Activado,,,,,0,1,1_1289
19,1289,****** CONTROL ENTREGAS A CUENTA *******ANTES DE BUSCAR EL CONTADOR DE FACTURAS,0 - Desactivado                         1 - Activado,,,,,0,19,19_1289
1,1290,***** FORMA DE PAGO TIPO CONTADO  ******   **** ENTREGAS A CUENTA ( TPV ) ***,0 - Desactivado                         1 - Activado,,,,,0,1,1_1290
19,1290,***** FORMA DE PAGO TIPO CONTADO  ******   **** ENTREGAS A CUENTA ( TPV ) ***,0 - Desactivado                         1 - Activado,,,,,0,19,19_1290
1,20003,"Control existencia n£mero documento de Proveedor: '0' No, '1' Si",,,,,,1,1,1_20003
19,20003,"Control existencia n£mero documento de Proveedor: '0' No, '1' Si",,,,,,1,19,19_20003
1,20001,"Tipo Control bloqueo subcuenta en Cartera de Pagos: '0' Ninguno, '1' No permite",pasar si está bloqueado.,,,,,0,1,1_20001
19,20001,"Tipo Control bloqueo subcuenta en Cartera de Pagos: '0' Ninguno, '1' No permite",pasar si está bloqueado.,,,,,0,19,19_20001
1,20002,"Tipo Control bloqueo subcuenta en Cartera de Cobros: '0' Ninguno, '1' No permite",pasar si está bloqueado.,,,,,0,1,1_20002
19,20002,"Tipo Control bloqueo subcuenta en Cartera de Cobros: '0' Ninguno, '1' No permite",pasar si está bloqueado.,,,,,0,19,19_20002
19,20000,Marca la longitud máxima para las subcuentas contables. El parámetro tiene que,estar activado e indicar la longitud en el campo 'integer'. Máximo 10.,7,,,,1,19,19_20000
999,297,****** EQUIVALENCIAS POR EMPRESA *******,0 - Std.                                1 - Equivalencias por empresa.,,,,,0,999,999_297
1,20004,"Modificaci¢n de vencimientos en Facturasde Servicios: '0' No, '1' Si",,,,,,1,1,1_20004
19,20004,"Modificaci¢n de vencimientos en Facturasde Servicios: '0' No, '1' Si",,,,,,1,19,19_20004
1,20005,FACTURAS DE SERVICIOS. Descripciones de los apuntes del asiento de la factura.,'0' Una única para el asiento. '1' La pide para cada subuenta de detalle.,,,,,0,1,1_20005
19,20005,FACTURAS DE SERVICIOS. Descripciones de los apuntes del asiento de la factura.,'0' Una única para el asiento. '1' La pide para cada subuenta de detalle.,,,,,0,19,19_20005
1,20006,FACTURAS DE SERVICIOS. Origen registro IVA para subcuentas compras y gastos.,'0' Prefijadas por programa. '1' Permite la introducción manual.,,,,,0,1,1_20006
19,1224,***** USO EXCLUSIVO TPV **************** ** FORMAS PAGO POR ALMACEN **,0 - Formas pago Std. por cliente        1 - Formas pago por cliente y almacen,,,,,0,19,19_1224
1,1225,** OBSERVACIONES POR CLIENTE Y TIPO ***       ** USO EXCLUSIVO TPV *****,0 - Observaciones Std. por cliente      1 - Observaciones cliente y tipo almacen,,,,,0,1,1_1225
19,1225,** OBSERVACIONES POR CLIENTE Y TIPO ***       ** USO EXCLUSIVO TPV *****,0 - Observaciones Std. por cliente      1 - Observaciones cliente y tipo almacen,,,,,0,19,19_1225
1,1226,******* CANALES ( TPV ) ****************0 - No trabaja con canales.,1 - Trabaja con canales y la  pide.     2 - Trabaja con canales.Asig. automatica,,,,,0,1,1_1226
19,1226,******* CANALES ( TPV ) ****************0 - No trabaja con canales.,1 - Trabaja con canales y la  pide.     2 - Trabaja con canales.Asig. automatica,,,,,0,19,19_1226
1,1234,********** OBRAS - TPV *****************,0  - No trabaja con obras               1  - Trabaja con obras,,,,,0,1,1_1234
19,1234,********** OBRAS - TPV *****************,0  - No trabaja con obras               1  - Trabaja con obras,,,,,0,19,19_1234
1,1237,****** CONTROL ARTICULOS  ( TPV )  *****,0 -  Consulta Articulos  ( Stock ).     1 -  Consulta Articulos  ( Medidas ).,,,,,0,1,1_1237
19,1237,****** CONTROL ARTICULOS  ( TPV )  *****,0 -  Consulta Articulos  ( Stock ).     1 -  Consulta Articulos  ( Medidas ).,,,,,0,19,19_1237
1,1240,********** TPV VENTA *************0 - Desactivado.,1 - Los datos del campo clv_ven_1 cuando se trata de una modificacion se borran.,,,,,0,1,1_1240
19,1240,********** TPV VENTA *************0 - Desactivado.,1 - Los datos del campo clv_ven_1 cuando se trata de una modificacion se borran.,,,,,0,19,19_1240
1,1241,******* BLOQUEO LINEAS -- TPV  *********0 - La linia bloqueada no se puede modif,icar.                                   1 - Se puede modificar.,,,,,0,1,1_1241
19,1241,******* BLOQUEO LINEAS -- TPV  *********0 - La linia bloqueada no se puede modif,icar.                                   1 - Se puede modificar.,,,,,0,19,19_1241
1,1242,***** ACTIVACION MINIMOS TPV ***********,0 - Minimos Desactivados.               1 - Minimos Activados.,,,,,0,1,1_1242
19,1242,***** ACTIVACION MINIMOS TPV ***********,0 - Minimos Desactivados.               1 - Minimos Activados.,,,,,0,19,19_1242
1,1245,******** CENTROS ( TPV ) ***************0 - Selecciona las subcta. de traspaso a,cont. por articulos.                    1 - Subcta. traspaso por familia.,,,,,0,1,1_1245
19,1245,******** CENTROS ( TPV ) ***************0 - Selecciona las subcta. de traspaso a,cont. por articulos.                    1 - Subcta. traspaso por familia.,,,,,0,19,19_1245
1,1250,*******  CANALES ( TPV ) ***************0 - No pide usuario al introducir canal.,1 - Pide usuario.                       ( Junto al parametro 1226 ),,,,,0,1,1_1250
19,1250,*******  CANALES ( TPV ) ***************0 - No pide usuario al introducir canal.,1 - Pide usuario.                       ( Junto al parametro 1226 ),,,,,0,19,19_1250
1,1257,*** ARTICULOS DE CONSUMO - PROMOCIONES *        USO EXCLUSIVO TPV,0 - No trabaja con articulos de consumo.1 - Trabaja con articulos de consumo.,,,,,0,1,1_1257
19,1257,*** ARTICULOS DE CONSUMO - PROMOCIONES *        USO EXCLUSIVO TPV,0 - No trabaja con articulos de consumo.1 - Trabaja con articulos de consumo.,,,,,0,19,19_1257
1,1258,***** OFERTAS POR OBRAS ( TPV ) ********,0 - No trabaja con ofertas por obras.   1 - Trabaja con ofertas por obras.,,,,,0,1,1_1258
19,1258,***** OFERTAS POR OBRAS ( TPV ) ********,0 - No trabaja con ofertas por obras.   1 - Trabaja con ofertas por obras.,,,,,0,19,19_1258
1,1259,********* ENTREGAS A CUENTA  **********,0 - No asigna entregas a cuenta.        1 - Asigna entregas a cuenta.,,,,,0,1,1_1259
19,1259,********* ENTREGAS A CUENTA  **********,0 - No asigna entregas a cuenta.        1 - Asigna entregas a cuenta.,,,,,0,19,19_1259
1,1260,*********** ABONOS TPV  ****************0 - No utiliza abonos para saldar Factu.,1 - Utiliza abonos para saldar facturas.Activar junto con el parametro 261.,,,,,0,1,1_1260
19,1260,*********** ABONOS TPV  ****************0 - No utiliza abonos para saldar Factu.,1 - Utiliza abonos para saldar facturas.Activar junto con el parametro 261.,,,,,0,19,19_1260
1,1261,************ NO SE UTILIZA *************,     Se utiliza el parametro 261,,,,,0,1,1_1261
19,1261,************ NO SE UTILIZA *************,     Se utiliza el parametro 261,,,,,0,19,19_1261
1,1262,******  VENTAS EN ESPERA ( TPV ) *******,0 -  Desactivado                        1 -  Activado    ( F11 ),,,,,0,1,1_1262
19,1262,******  VENTAS EN ESPERA ( TPV ) *******,0 -  Desactivado                        1 -  Activado    ( F11 ),,,,,0,19,19_1262
1,1263,********** USO EXCLUSIVO TPV  **********,0 - TPV tiene cajon.                    1 - TPV no tiene cajon.,,,,,0,1,1_1263
19,1263,********** USO EXCLUSIVO TPV  **********,0 - TPV tiene cajon.                    1 - TPV no tiene cajon.,,,,,0,19,19_1263
1,1264,**********  USO EXCLUSIVO TPV **********0 - Permite modificar forma de pago cont,ado .                                   1 - No Permite modificarlo.,,,,,0,1,1_1264
19,1264,**********  USO EXCLUSIVO TPV **********0 - Permite modificar forma de pago cont,ado .                                   1 - No Permite modificarlo.,,,,,0,19,19_1264
1,1265,********** USO EXCLUSIVO TPV **********   0 - Permite introducir precio a cero., 1 - No Permite,,,,,0,1,1_1265
19,1265,********** USO EXCLUSIVO TPV **********   0 - Permite introducir precio a cero., 1 - No Permite,,,,,0,19,19_1265
1,1266,*********** USO EXCLUSIVO TPV **********0 - Funcionamiento std.,"1 - Articulos ""."" asistente para calcular el precio neto.",,,,,0,1,1_1266
19,1266,*********** USO EXCLUSIVO TPV **********0 - Funcionamiento std.,"1 - Articulos ""."" asistente para calcular el precio neto.",,,,,0,19,19_1266
1,1268,***       TARJETAS CLIENTE          ****   ***** PEDIDOS DE VENTA ( TPV ) *****,0 - Desactivado                         1 - Activado,,,,,0,1,1_1268
19,1268,***       TARJETAS CLIENTE          ****   ***** PEDIDOS DE VENTA ( TPV ) *****,0 - Desactivado                         1 - Activado,,,,,0,19,19_1268
1,1269,********  TARJETAS CLIENTE  ************    *** PRESUPUESTOS ( TPV ) ***,0 - Desactivado                         1 - Activado,,,,,0,1,1_1269
19,1269,********  TARJETAS CLIENTE  ************    *** PRESUPUESTOS ( TPV ) ***,0 - Desactivado                         1 - Activado,,,,,0,19,19_1269
1,1270,******** TARJETAS CLIENTE **************    ***  ALBARANES  ( TPV ) ***,0 - Desactivado                         1 - Activado,,,,,0,1,1_1270
19,1270,******** TARJETAS CLIENTE **************    ***  ALBARANES  ( TPV ) ***,0 - Desactivado                         1 - Activado,,,,,0,19,19_1270
1,1273,*** OBLIGATORIO CAMPO REFERENCIA CAB. **  **** TPV ( PRESUPUESTOS VENTA ) ****,0 - desactivado                         1 - activado,,,,,0,1,1_1273
1,1076,*ENTRADA FRACC. CODIGO ARTICULO  TPV-SV*'0' Entrada Normal Codigo Articulo.,'1' Entrada Fraccionada Codigo Articulo.,,,,,0,1,1_1076
19,1076,*ENTRADA FRACC. CODIGO ARTICULO  TPV-SV*'0' Entrada Normal Codigo Articulo.,'1' Entrada Fraccionada Codigo Articulo.,,,,,0,19,19_1076
1,1077,*CONTROL EXISTENCIA PEDIDO EN ALBARANES*'0' No Abrir la Ventana - Fijo = No.,'1' No Abrir la Ventana - Fijo = Si.    '2' Abrir la Ventana.,,,,,0,1,1_1077
19,1077,*CONTROL EXISTENCIA PEDIDO EN ALBARANES*'0' No Abrir la Ventana - Fijo = No.,'1' No Abrir la Ventana - Fijo = Si.    '2' Abrir la Ventana.,,,,,0,19,19_1077
1,1078,*VER ASIENTO DESPUES DE GENERAR FACTURA*'0' No Abrir la Ventana - Fijo = No.,'1' No Abrir la Ventana - Fijo = Si.    '2' Abrir la Ventana.,,,,,0,1,1_1078
19,1078,*VER ASIENTO DESPUES DE GENERAR FACTURA*'0' No Abrir la Ventana - Fijo = No.,'1' No Abrir la Ventana - Fijo = Si.    '2' Abrir la Ventana.,,,,,0,19,19_1078
1,1079,**F5 ARTICULOS LINEAS DOCUMENTO TPV-PP**'0' No Muestra Artic. con Ficha Cerrada.,'1' Muestra Articulo  con Ficha Cerrada.,,,,,0,1,1_1079
19,1079,**F5 ARTICULOS LINEAS DOCUMENTO TPV-PP**'0' No Muestra Artic. con Ficha Cerrada.,'1' Muestra Articulo  con Ficha Cerrada.,,,,,0,19,19_1079
1,1080,**F5 ARTICULOS LINEAS DOCUMENTO TPV-PV**'0' No muestra Artic. con Ficha Cerrada.,'1' Muestra Articulo  con Ficha Cerrada.,,,,,0,1,1_1080
19,1080,**F5 ARTICULOS LINEAS DOCUMENTO TPV-PV**'0' No muestra Artic. con Ficha Cerrada.,'1' Muestra Articulo  con Ficha Cerrada.,,,,,0,19,19_1080
1,1081,**F5 ARTICULOS LINEAS DOCUMENTO TPV-SV**'0' No muestra Artic. con Ficha Cerrada.,'1' Muestra Articulo  con Ficha Cerrada.,,,,,0,1,1_1081
19,1081,**F5 ARTICULOS LINEAS DOCUMENTO TPV-SV**'0' No muestra Artic. con Ficha Cerrada.,'1' Muestra Articulo  con Ficha Cerrada.,,,,,0,19,19_1081
1,1154,*** GENERACION LINEA AUTOMATICA  TPV ***'0' Opcion Desactivada,'1' Opcion Activada,,,,,0,1,1_1154
19,1154,*** GENERACION LINEA AUTOMATICA  TPV ***'0' Opcion Desactivada,'1' Opcion Activada,,,,,0,19,19_1154
1,1159,*** TARIFA POR MATRIZ DE ARTICULOS ***     ******* TPV *******,0 - Desactivado                         1 - Activado,4,,,En Codigo integer va el numero de caracter que corta el articulo para matriz.,0,1,1_1159
19,1159,*** TARIFA POR MATRIZ DE ARTICULOS ***     ******* TPV *******,0 - Desactivado                         1 - Activado,4,,,En Codigo integer va el numero de caracter que corta el articulo para matriz.,0,19,19_1159
1,1160,****** CONTROL VENEDOR EN PV  **********     *** EXCLUSIVO TPV ***,0 - Std.                                1 - Entrada venedor1 obligatorio.,,,,,0,1,1_1160
19,1160,****** CONTROL VENEDOR EN PV  **********     *** EXCLUSIVO TPV ***,0 - Std.                                1 - Entrada venedor1 obligatorio.,,,,,0,19,19_1160
1,1161,0 - Calaix conectat impressora tiquets  1 - Calaix conectat PC.,,,,,,0,1,1_1161
19,1161,0 - Calaix conectat impressora tiquets  1 - Calaix conectat PC.,,,,,,0,19,19_1161
1,1162,RESERVADO,,,,,,,1,1_1162
19,1162,RESERVADO,,,,,,,19,19_1162
1,1163,RESERVADO,,,,,,,1,1_1163
19,1163,RESERVADO,,,,,,,19,19_1163
1,1164,RESERVADO,,,,,,,1,1_1164
19,1164,RESERVADO,,,,,,,19,19_1164
1,1166,EXPEDIENTE - TPV                        0 - No trabaja con expedientes,1 - Trabaja con expedientes,,,,,0,1,1_1166
19,1166,EXPEDIENTE - TPV                        0 - No trabaja con expedientes,1 - Trabaja con expedientes,,,,,0,19,19_1166
1,1167,0 - Funcionamiento normal               1 - Precio en tarifas a nivel de miles y, utilizacion en ventas a nivel de unidad(junto con la clave del articulo),,,,,0,1,1_1167
19,1167,0 - Funcionamiento normal               1 - Precio en tarifas a nivel de miles y, utilizacion en ventas a nivel de unidad(junto con la clave del articulo),,,,,0,19,19_1167
1,1168,********  PRESUPUESTOS TPV  ************0- NO pide observaciones linia .,1- Pide observaciones linia. 2 - No pideobservaciones pero se cargan y se graban,,,, ,1,1,1_1168
19,1168,********  PRESUPUESTOS TPV  ************0- NO pide observaciones linia .,1- Pide observaciones linia. 2 - No pideobservaciones pero se cargan y se graban,,,, ,1,19,19_1168
1,1169,**************  PEDIDOS TPV ************0- NO pide observaciones linia .,1- Pide observaciones linia. 2 - No pideobservaciones pero se cargan y se graban,,,, ,1,1,1_1169
1,1064,*** NO SE USA ***,,,,,,0,1,1_1064
19,1064,*** NO SE USA ***,,,,,,0,19,19_1064
19,1169,**************  PEDIDOS TPV ************0- NO pide observaciones linia .,1- Pide observaciones linia. 2 - No pideobservaciones pero se cargan y se graban,,,, ,1,19,19_1169
1,1170,************  ALBARANES TPV ************0- NO pide observaciones linia .,1- Pide observaciones linia. 2 - No pideobservaciones pero se cargan y se graban,,,, ,1,1,1_1170
19,1170,************  ALBARANES TPV ************0- NO pide observaciones linia .,1- Pide observaciones linia. 2 - No pideobservaciones pero se cargan y se graban,,,, ,1,19,19_1170
1,1171,EXCLUSIVO TPV                           0 - No abre el cajon en cobros.,1 - Abre el cajon en cobros.,,,,,0,1,1_1171
19,1171,EXCLUSIVO TPV                           0 - No abre el cajon en cobros.,1 - Abre el cajon en cobros.,,,,,0,19,19_1171
1,1172, APLICAR IMPUESTO RESIDUOS CARNICOS          *******  TPV ********,0 - Desactivado                         1 - Activado,,,,,0,1,1_1172
19,1172, APLICAR IMPUESTO RESIDUOS CARNICOS          *******  TPV ********,0 - Desactivado                         1 - Activado,,,,,0,19,19_1172
1,1211,** TARIFAS CLIENTE ** EXCLUSIVO TPV  ***0 - Tarifa Std. por cliente,1 - Tarifa por cliente y almacen,,,,,0,1,1_1211
19,1211,** TARIFAS CLIENTE ** EXCLUSIVO TPV  ***0 - Tarifa Std. por cliente,1 - Tarifa por cliente y almacen,,,,,0,19,19_1211
1,1215,*** CONTROL DESGLOSE DEL IVA INCLUIDO **Solo valido si NO traspasan contabilidad,0 Desglosa el IVA incluido para Contab. 1 NO desglosa el IVA.,,,,,0,1,1_1215
19,1215,*** CONTROL DESGLOSE DEL IVA INCLUIDO **Solo valido si NO traspasan contabilidad,0 Desglosa el IVA incluido para Contab. 1 NO desglosa el IVA.,,,,,0,19,19_1215
1,1217,********** EXCLUSIVO TPV ***************0 - Iva incluido deja traspasar a contab,ilidad. 1 - Iva incluido no traspasa a contabilidad.,,,,,0,1,1_1217
19,1217,********** EXCLUSIVO TPV ***************0 - Iva incluido deja traspasar a contab,ilidad. 1 - Iva incluido no traspasa a contabilidad.,,,,,0,19,19_1217
1,1223,******** USO EXCLUSIVO TPV ************* ** RUTAS REPARTO - DATOS REPARTO **,0 - Rutas reparto Std.. por cliente     1 - Rutas reparto por cliente y almacen.,,,,,0,1,1_1223
19,1223,******** USO EXCLUSIVO TPV ************* ** RUTAS REPARTO - DATOS REPARTO **,0 - Rutas reparto Std.. por cliente     1 - Rutas reparto por cliente y almacen.,,,,,0,19,19_1223
1,1224,***** USO EXCLUSIVO TPV **************** ** FORMAS PAGO POR ALMACEN **,0 - Formas pago Std. por cliente        1 - Formas pago por cliente y almacen,,,,,0,1,1_1224
1,1037,Pedidos VENTA.                          1: Abre automaticamente la ventana de,"   ""VENDEDORES"".                        0: No abre la ventana automaticamente.",,,,*** USO EXCLUSIVO T.P.V. ***,1,1,1_1037
19,1037,Pedidos VENTA.                          1: Abre automaticamente la ventana de,"   ""VENDEDORES"".                        0: No abre la ventana automaticamente.",,,,*** USO EXCLUSIVO T.P.V. ***,1,19,19_1037
1,1038,Albaranes VENTA.                        1: Abre automaticamente la ventana de,"   ""PEDIDOS PENDIENTES SERVIR"".         0: No abre la ventana automaticamente.",,,,*** USO EXCLUSIVO T.P.V. ***,1,1,1_1038
19,1038,Albaranes VENTA.                        1: Abre automaticamente la ventana de,"   ""PEDIDOS PENDIENTES SERVIR"".         0: No abre la ventana automaticamente.",,,,*** USO EXCLUSIVO T.P.V. ***,1,19,19_1038
1,1040,Albaranes VENTA.                        1: Abre automaticamente la ventana de,"   ""VENDEDORES"".                        0: No abre la ventana automaticamente.",,,,*** USO EXCLUSIVO T.P.V. ***,1,1,1_1040
19,1040,Albaranes VENTA.                        1: Abre automaticamente la ventana de,"   ""VENDEDORES"".                        0: No abre la ventana automaticamente.",,,,*** USO EXCLUSIVO T.P.V. ***,1,19,19_1040
1,1041,Facturas VENTA.                         1: Abre automaticamente la ventana de,"   ""ALBARANES PENDIENTES FACTURAR"".     0: No abre la ventana automaticamente.",,,,*** USO EXCLUSIVO T.P.V. ***,1,1,1_1041
19,1041,Facturas VENTA.                         1: Abre automaticamente la ventana de,"   ""ALBARANES PENDIENTES FACTURAR"".     0: No abre la ventana automaticamente.",,,,*** USO EXCLUSIVO T.P.V. ***,1,19,19_1041
1,1043,Facturas VENTA.                         1: Abre automaticamente la ventana de,"   ""VENDEDORES"".                        0: No abre la ventana automaticamente.",,,,*** USO EXCLUSIVO T.P.V. ***,1,1,1_1043
19,1043,Facturas VENTA.                         1: Abre automaticamente la ventana de,"   ""VENDEDORES"".                        0: No abre la ventana automaticamente.",,,,*** USO EXCLUSIVO T.P.V. ***,1,19,19_1043
1,1050,"1) Cuando calcula la cantidad con las medidas, estas son divididas por el valor",que haya en Codigo integer.             0) Calcula normal.,1000,,,*** USO EXCLUSIVO T.P.V. ***,1,1,1_1050
19,1050,"1) Cuando calcula la cantidad con las medidas, estas son divididas por el valor",que haya en Codigo integer.             0) Calcula normal.,1000,,,*** USO EXCLUSIVO T.P.V. ***,1,19,19_1050
1,1051,1 -> No se puede modificar el precio y       los dtos si proviene de Oferta.,0 -> No hace nada.,,,,*** USO EXCLUSIVO T.P.V. ***,1,1,1_1051
19,1051,1 -> No se puede modificar el precio y       los dtos si proviene de Oferta.,0 -> No hace nada.,,,,*** USO EXCLUSIVO T.P.V. ***,1,19,19_1051
1,1052,Restos en Presupuestos:                 Param = 0 --> NUNCA DEJA EL RESTO.,Param = 1 --> SIEMPRE DEJA EL RESTO.    Param = 2 --> PREGUNTA SI LO DEJA O NO.,,,,*** USO EXCLUSIVO T.P.V. ***,0,1,1_1052
19,1052,Restos en Presupuestos:                 Param = 0 --> NUNCA DEJA EL RESTO.,Param = 1 --> SIEMPRE DEJA EL RESTO.    Param = 2 --> PREGUNTA SI LO DEJA O NO.,,,,*** USO EXCLUSIVO T.P.V. ***,0,19,19_1052
1,1053,*** NO SE USA ***,,,,,,0,1,1_1053
19,1053,*** NO SE USA ***,,,,,,0,19,19_1053
1,1054,Accion de la segunda impresora :         0 : Se utiliza para tiquets con cajon, 1 : Se utiliza para facturas            2 : Se utiliza para tiquets SIN cajon,,,,,1,1,1_1054
19,1054,Accion de la segunda impresora :         0 : Se utiliza para tiquets con cajon, 1 : Se utiliza para facturas            2 : Se utiliza para tiquets SIN cajon,,,,,1,19,19_1054
1,1055,Precio y descuentos de linea (VENTAS)   0 --> STANDARD,1 --> Combinacion Oferta/Categoria,,,,*** USO EXCLUSIVO T.P.V. ***,0,1,1_1055
19,1055,Precio y descuentos de linea (VENTAS)   0 --> STANDARD,1 --> Combinacion Oferta/Categoria,,,,*** USO EXCLUSIVO T.P.V. ***,0,19,19_1055
1,1057,*** NO SE USA ***,,,,,,0,1,1_1057
19,1057,*** NO SE USA ***,,,,,,0,19,19_1057
1,1058,*** NO SE USA ***,,,,,,0,1,1_1058
19,1058,*** NO SE USA ***,,,,,,0,19,19_1058
1,1059,*** NO SE USA ***,,,,,,0,1,1_1059
19,1059,*** NO SE USA ***,,,,,,0,19,19_1059
1,1060,*** NO SE USA ***,,,,,,0,1,1_1060
19,1060,*** NO SE USA ***,,,,,,0,19,19_1060
1,1061,*** NO SE USA ***,,,,,,0,1,1_1061
19,1061,*** NO SE USA ***,,,,,,0,19,19_1061
1,1065,*** NO SE USA ***,,,,,,0,1,1_1065
1,1066,*** NO SE USA ***,,,,,,0,1,1_1066
19,1066,*** NO SE USA ***,,,,,,0,19,19_1066
1,1067,*** NO SE USA ***,,,,,,0,1,1_1067
19,1067,*** NO SE USA ***,,,,,,0,19,19_1067
1,1068,*** NO SE USA ***,,,,,,0,1,1_1068
19,1068,*** NO SE USA ***,,,,,,0,19,19_1068
1,1070,Control de Riesgo por linea:            0 -> NO se realiza el control.,1 -> AVISA si se sobrepasa el riesgo.   2 -> AVISA y pide Password (al grabar).,,,,*** USO EXCLUSIVO T.P.V. ***,0,1,1_1070
19,1070,Control de Riesgo por linea:            0 -> NO se realiza el control.,1 -> AVISA si se sobrepasa el riesgo.   2 -> AVISA y pide Password (al grabar).,,,,*** USO EXCLUSIVO T.P.V. ***,0,19,19_1070
1,1071,Control Precio minimo.                  0 -> NO se realiza el control.,1 -> AVISA si el precio es menor             que precio coste o margen fijado.,,,,*** USO EXCLUSIVO T.P.V. ***,0,1,1_1071
19,1071,Control Precio minimo.                  0 -> NO se realiza el control.,1 -> AVISA si el precio es menor             que precio coste o margen fijado.,,,,*** USO EXCLUSIVO T.P.V. ***,0,19,19_1071
1,1073,BAJA PEDIDO CON CANTIDADES SERVIDAS-TPV '0' - Baja Normal del Pedido.,'1' - Opcion Eliminar o Liquidar Pedido.,,,,,0,1,1_1073
19,1073,BAJA PEDIDO CON CANTIDADES SERVIDAS-TPV '0' - Baja Normal del Pedido.,'1' - Opcion Eliminar o Liquidar Pedido.,,,,,0,19,19_1073
1,1074,*ENTRADA FRACC. CODIGO ARTICULO  TPV-PP*'0' Entrada Normal Codigo Articulo.,'1' Entrada Fraccionada Codigo Articulo.,,,,,0,1,1_1074
19,1074,*ENTRADA FRACC. CODIGO ARTICULO  TPV-PP*'0' Entrada Normal Codigo Articulo.,'1' Entrada Fraccionada Codigo Articulo.,,,,,0,19,19_1074
1,1075,*ENTRADA FRACC. CODIGO ARTICULO  TPV-PV*'0' Entrada Normal Codigo Articulo.,'1' Entrada Fraccionada Codigo Articulo.,,,,,0,1,1_1075
19,1075,*ENTRADA FRACC. CODIGO ARTICULO  TPV-PV*'0' Entrada Normal Codigo Articulo.,'1' Entrada Fraccionada Codigo Articulo.,,,,,0,19,19_1075
19,1001,Presupuestos y Pedidos de VENTA :       `1` - Pide Fecha de servicio.,`0` - No pide Fecha de Servicio.,,,,*** USO EXCLUSIVO T.P.V. ***,0,19,19_1001
1,1003,"1 Permite modificar el I.V.A. de la lineas en presupuestos, pedidos, albaranes y",facturas de compra y de venta. 0 No permite modificar el I.V.A.,,,,*** USO EXCLUSIVO T.P.V. ***,0,1,1_1003
19,1003,"1 Permite modificar el I.V.A. de la lineas en presupuestos, pedidos, albaranes y",facturas de compra y de venta. 0 No permite modificar el I.V.A.,,,,*** USO EXCLUSIVO T.P.V. ***,0,19,19_1003
1,1005,1 Numera el ristro de I.V.A. en la creación de facturas de compra y venta y en a,puntes contables. 0 El registro de I.V.A. se numera al listar,,,,*** USO EXCLUSIVO T.P.V. ***,1,1,1_1005
19,1005,1 Numera el ristro de I.V.A. en la creación de facturas de compra y venta y en a,puntes contables. 0 El registro de I.V.A. se numera al listar,,,,*** USO EXCLUSIVO T.P.V. ***,1,19,19_1005
1,1007,1 Pide el número de bultos de envio en albaranes y facturas de venta. 0 No pide,el número de bultos,,,,*** USO EXCLUSIVO T.P.V. ***,1,1,1_1007
19,1007,1 Pide el número de bultos de envio en albaranes y facturas de venta. 0 No pide,el número de bultos,,,,*** USO EXCLUSIVO T.P.V. ***,1,19,19_1007
1,1008,0 El cálculo de vencimientos considera los meses naturales. 1 Considera los mese,s de treinta dias.,,,,*** USO EXCLUSIVO T.P.V. ***,1,1,1_1008
19,1008,0 El cálculo de vencimientos considera los meses naturales. 1 Considera los mese,s de treinta dias.,,,,*** USO EXCLUSIVO T.P.V. ***,1,19,19_1008
1,1009,1 Un contador de pedidos venta único para todos los almacenes.,0 Un contador de pedidos venta para cada almacén.,,,,*** USO EXCLUSIVO T.P.V. ***,1,1,1_1009
19,1009,1 Un contador de pedidos venta único para todos los almacenes.,0 Un contador de pedidos venta para cada almacén.,,,,*** USO EXCLUSIVO T.P.V. ***,1,19,19_1009
1,1010,1 Un contador de presup. venta único para todos los almacenes.,0 Un contador de presup. venta para cada almacén.,,,,*** USO EXCLUSIVO T.P.V. ***,0,1,1_1010
19,1010,1 Un contador de presup. venta único para todos los almacenes.,0 Un contador de presup. venta para cada almacén.,,,,*** USO EXCLUSIVO T.P.V. ***,0,19,19_1010
1,1011,1 Un contador de albaranes venta único para todos los almacenes.,0 Un contador de albaranes venta para cada almacén.,,,,*** USO EXCLUSIVO T.P.V. ***,0,1,1_1011
19,1011,1 Un contador de albaranes venta único para todos los almacenes.,0 Un contador de albaranes venta para cada almacén.,,,,*** USO EXCLUSIVO T.P.V. ***,0,19,19_1011
1,1012,1 Un contador de facturas venta único para todos los almacenes.,0 Un contador de facturas venta para cada almacén.,,,,*** USO EXCLUSIVO T.P.V. ***,0,1,1_1012
19,1012,1 Un contador de facturas venta único para todos los almacenes.,0 Un contador de facturas venta para cada almacén.,,,,*** USO EXCLUSIVO T.P.V. ***,0,19,19_1012
1,1014,"1 Si el importe de las facturas no supersa el valor contenido en ""v_dec1"" genera",un solo recibo. 0 genera recibos en función de la condiciones del cliente,,10000.000000,,*** USO EXCLUSIVO T.P.V. ***,1,1,1_1014
19,1014,"1 Si el importe de las facturas no supersa el valor contenido en ""v_dec1"" genera",un solo recibo. 0 genera recibos en función de la condiciones del cliente,,10000.000000,,*** USO EXCLUSIVO T.P.V. ***,1,19,19_1014
1,1015,En las pantallas e impresión de documentos de compras y ventas aplica el número,"de decimales contenido en el campo ""parametro""",,,,*** USO EXCLUSIVO T.P.V. ***,3,1,1_1015
19,1015,En las pantallas e impresión de documentos de compras y ventas aplica el número,"de decimales contenido en el campo ""parametro""",,,,*** USO EXCLUSIVO T.P.V. ***,3,19,19_1015
1,1017,0 : Empresa no trabaja con medidas.     1 : Empresa trabaja con medidas.,NOTA : Fabricacion tiene otro parametro,,,,*** USO EXCLUSIVO T.P.V. ***,1,1,1_1017
19,1017,0 : Empresa no trabaja con medidas.     1 : Empresa trabaja con medidas.,NOTA : Fabricacion tiene otro parametro,,,,*** USO EXCLUSIVO T.P.V. ***,1,19,19_1017
1,1019,1. Avisara cuando un Cliente no tiene   Ofertas ni descuentos por Categoria para,un Articulo.                            0. No avisara,,,,*** USO EXCLUSIVO T.P.V. ***,0,1,1_1019
19,1019,1. Avisara cuando un Cliente no tiene   Ofertas ni descuentos por Categoria para,un Articulo.                            0. No avisara,,,,*** USO EXCLUSIVO T.P.V. ***,0,19,19_1019
1,1021,"Calculo Precios Iva Incluido :          0-No calcula, esta entrado en la Tarifa.",1-Al precio le suma el Iva.,,,,*** USO EXCLUSIVO T.P.V. ***,1,1,1_1021
19,1021,"Calculo Precios Iva Incluido :          0-No calcula, esta entrado en la Tarifa.",1-Al precio le suma el Iva.,,,,*** USO EXCLUSIVO T.P.V. ***,1,19,19_1021
1,1025,`1` Abrir ventana mostrando precios         (Lineas de VENTAS).,`0` NO abrir la ventana.,,,,*** USO EXCLUSIVO T.P.V. ***,0,1,1_1025
19,1025,`1` Abrir ventana mostrando precios         (Lineas de VENTAS).,`0` NO abrir la ventana.,,,,*** USO EXCLUSIVO T.P.V. ***,0,19,19_1025
19,283,****** FIJOS EN MEDIDAS MULTIPLES ******,0 - Desactivado                         1 - Activado,,,,,0,19,19_283
1,1029,Tratamiento Vendedores en el T.P.V.     `1`--> Trabaja con el vendedor del T.P.V,`2`--> Trabaja con los vendodres de la         ficha del cliente.,,,,*** USO EXCLUSIVO T.P.V. ***,2,1,1_1029
19,1029,Tratamiento Vendedores en el T.P.V.     `1`--> Trabaja con el vendedor del T.P.V,`2`--> Trabaja con los vendodres de la         ficha del cliente.,,,,*** USO EXCLUSIVO T.P.V. ***,2,19,19_1029
1,1031,TPV :                                    `0` Trabaja con el menu de operaciones, `1` Entra directamente al documento.,,,,*** USO EXCLUSIVO T.P.V. ***,1,1,1_1031
19,1031,TPV :                                    `0` Trabaja con el menu de operaciones, `1` Entra directamente al documento.,,,,*** USO EXCLUSIVO T.P.V. ***,1,19,19_1031
1,1032,Presupuestos VENTA.                     1: Abre automaticamente la ventana de,"   ""PRESUPUESTOS PENDIENTES"".           0: No abre la ventana automaticamente.",,,,*** USO EXCLUSIVO T.P.V. ***,1,1,1_1032
19,1032,Presupuestos VENTA.                     1: Abre automaticamente la ventana de,"   ""PRESUPUESTOS PENDIENTES"".           0: No abre la ventana automaticamente.",,,,*** USO EXCLUSIVO T.P.V. ***,1,19,19_1032
1,1034,Presupuestos VENTA.                     1: Abre automaticamente la ventana de,"   ""VENDEDORES"".                        0: No abre la ventana automaticamente.",,,,*** USO EXCLUSIVO T.P.V. ***,1,1,1_1034
19,1034,Presupuestos VENTA.                     1: Abre automaticamente la ventana de,"   ""VENDEDORES"".                        0: No abre la ventana automaticamente.",,,,*** USO EXCLUSIVO T.P.V. ***,1,19,19_1034
1,1035,Pedidos VENTA.                          1: Abre automaticamente la ventana de,"   ""PEDIDOS/PRESUPUESTOS PENDIENTES"".   0: No abre la ventana automaticamente.",,,,*** USO EXCLUSIVO T.P.V. ***,1,1,1_1035
19,1035,Pedidos VENTA.                          1: Abre automaticamente la ventana de,"   ""PEDIDOS/PRESUPUESTOS PENDIENTES"".   0: No abre la ventana automaticamente.",,,,*** USO EXCLUSIVO T.P.V. ***,1,19,19_1035
1,265,**********  GESTION DE VENTAS **********0 - Permite introducir lineas con cantid,ad y precio a cero.                     1 - No Permite,,,,,0,1,1_265
19,265,**********  GESTION DE VENTAS **********0 - Permite introducir lineas con cantid,ad y precio a cero.                     1 - No Permite,,,,,0,19,19_265
1,266,**** PRECIO COSTE ARTICULOS . **********0 - Funcionamiento STd.,1 - Asistente para calcular el precio neto.,,,,,0,1,1_266
19,266,**** PRECIO COSTE ARTICULOS . **********0 - Funcionamiento STd.,1 - Asistente para calcular el precio neto.,,,,,0,19,19_266
1,267,**** ARTICULOS DE CONSUMO -- COMPRAS ***,0 - No trabaja con articulos de consumo.1 - Trabaja con articulos de consumo.,,,,,0,1,1_267
19,267,**** ARTICULOS DE CONSUMO -- COMPRAS ***,0 - No trabaja con articulos de consumo.1 - Trabaja con articulos de consumo.,,,,,0,19,19_267
1,268,**** CONTROL TARJETAS CLIENTE **********   *****  PEDIDOS DE VENTA ***,0 - Desactivado                         1 - Activado,,,,,0,1,1_268
19,268,**** CONTROL TARJETAS CLIENTE **********   *****  PEDIDOS DE VENTA ***,0 - Desactivado                         1 - Activado,,,,,0,19,19_268
1,269,****** CONTROL TARJETAS CLIENTE  *******   ***** PRESUPUESTOS VENTA ******,0 - Desactivado                         1 - Activado,,,,,0,1,1_269
19,269,****** CONTROL TARJETAS CLIENTE  *******   ***** PRESUPUESTOS VENTA ******,0 - Desactivado                         1 - Activado,,,,,0,19,19_269
1,270,*********  TARJETA CLIENTE  **********     **** ALBARANES DE VENTA *****,0 - Desactivado                         1 - Activado,,,,,0,1,1_270
19,270,*********  TARJETA CLIENTE  **********     **** ALBARANES DE VENTA *****,0 - Desactivado                         1 - Activado,,,,,0,19,19_270
1,271,*** OBLIGATORIO CAMPO REFERENCIA CAB. **    **** PEDIDOS DE COMPRA ****,0 - desactivado                         1 - activado,,,,,0,1,1_271
19,271,*** OBLIGATORIO CAMPO REFERENCIA CAB. **    **** PEDIDOS DE COMPRA ****,0 - desactivado                         1 - activado,,,,,0,19,19_271
1,272,*** OBLIGATORIO CAMPO REFERENCIA CAB. **   **** ALBARANES DE COMPRA ****,0 - desactivado                         1 - activado,,,,,0,1,1_272
19,272,*** OBLIGATORIO CAMPO REFERENCIA CAB. **   **** ALBARANES DE COMPRA ****,0 - desactivado                         1 - activado,,,,,0,19,19_272
1,273,*** OBLIGATORIO CAMPO REFERENCIA CAB. **   **** PEDIDOS DE VENTA  ****,0 - desactivado                         1 - activado,,,,,0,1,1_273
19,273,*** OBLIGATORIO CAMPO REFERENCIA CAB. **   **** PEDIDOS DE VENTA  ****,0 - desactivado                         1 - activado,,,,,0,19,19_273
1,274,*** OBLIGATORIO CAMPO REFERENCIA CAB. **   **** PRESUPUESTOS DE VENTA ****,0 - desactivado                         1 - activado,,,,,0,1,1_274
19,274,*** OBLIGATORIO CAMPO REFERENCIA CAB. **   **** PRESUPUESTOS DE VENTA ****,0 - desactivado                         1 - activado,,,,,0,19,19_274
1,275,*** OBLIGATORIO CAMPO REFERENCIA CAB. ** **** ALBARANES DE VENTA (SV) ****,0 - desactivado                         1 - activado,,,,,0,1,1_275
19,275,*** OBLIGATORIO CAMPO REFERENCIA CAB. ** **** ALBARANES DE VENTA (SV) ****,0 - desactivado                         1 - activado,,,,,0,19,19_275
1,277,******   CONTROL VENDEDOR  ( SV ) ******0 - Desactivado funcionamiento normal.,1 - Es obligatorio introducir el vendedor uno.,,,,,0,1,1_277
19,277,******   CONTROL VENDEDOR  ( SV ) ******0 - Desactivado funcionamiento normal.,1 - Es obligatorio introducir el vendedor uno.,,,,,0,19,19_277
1,278,,,,,,,,1,1_278
19,278,,,,,,,,19,19_278
1,279,** PEDIR VENDEDOR ( FACT. AGRUPADA )  **         ***  VENTAS ***,0 - Desactivado                         1 - Activado,,,,,0,1,1_279
19,279,** PEDIR VENDEDOR ( FACT. AGRUPADA )  **         ***  VENTAS ***,0 - Desactivado                         1 - Activado,,,,,0,19,19_279
1,280,******* CONTROL DOCUMENTO PROVEEDOR ****   ****   EN CONTABILIDAD ***,0 - Desactivado                         1 - Activado,,,,,0,1,1_280
19,280,******* CONTROL DOCUMENTO PROVEEDOR ****   ****   EN CONTABILIDAD ***,0 - Desactivado                         1 - Activado,,,,,0,19,19_280
1,281,****** CONTROL INSERTA REGISTROS *******    ******  INSERTA TABLA S1601 ******,0 - Desactivado                         1 - Activado,,,,,0,1,1_281
19,281,****** CONTROL INSERTA REGISTROS *******    ******  INSERTA TABLA S1601 ******,0 - Desactivado                         1 - Activado,,,,,0,19,19_281
1,282,****** MEDIDAS MULTIPLES VENTAS ********    ****** CONTROL CAMPO NB ******,0 - Permite la entrada en el campo      1 - No Permite la entrada.,,,,,0,1,1_282
19,282,****** MEDIDAS MULTIPLES VENTAS ********    ****** CONTROL CAMPO NB ******,0 - Permite la entrada en el campo      1 - No Permite la entrada.,,,,,0,19,19_282
1,283,****** FIJOS EN MEDIDAS MULTIPLES ******,0 - Desactivado                         1 - Activado,,,,,0,1,1_283
19,171,RESERVADO,,,,,,,19,19_171
1,284,*************  COMPRAS  ****************0 - No Controlar,1 - Controlar que el almacen del Proveedor sea el de trabajo.,,,,,0,1,1_284
19,284,*************  COMPRAS  ****************0 - No Controlar,1 - Controlar que el almacen del Proveedor sea el de trabajo.,,,,,0,19,19_284
1,287,******** CLIENTE IVA REDUCIDO  *********   ******* ABIR PANTALLA IVA ********,0 - Desactivado                         1 - Activado,,,,,0,1,1_287
19,287,******** CLIENTE IVA REDUCIDO  *********   ******* ABIR PANTALLA IVA ********,0 - Desactivado                         1 - Activado,,,,,0,19,19_287
1,288,***** ACTIVACION MINIMOS COMPRAS *******,0 - Minimos Desactivados.               1 - Minimos Activados.,,,,,0,1,1_288
19,288,***** ACTIVACION MINIMOS COMPRAS *******,0 - Minimos Desactivados.               1 - Minimos Activados.,,,,,0,19,19_288
1,289,****** CONTROL ENTREGAS A CUENTA ******* ANTES DE BUSCAR EL CONTADOR DE FACTURAS,0 - Desactivado                         1 - Activado,,,,,0,1,1_289
19,289,****** CONTROL ENTREGAS A CUENTA ******* ANTES DE BUSCAR EL CONTADOR DE FACTURAS,0 - Desactivado                         1 - Activado,,,,,0,19,19_289
1,290,***** FORMA DE PAGO TIPO CONTADO *******  ****  ENTREGAS A CUENTA ( GESTION ) **,0 - Desactivado                         1 - Activado,,,,,0,1,1_290
19,290,***** FORMA DE PAGO TIPO CONTADO *******  ****  ENTREGAS A CUENTA ( GESTION ) **,0 - Desactivado                         1 - Activado,,,,,0,19,19_290
1,291,CONTROL CANTIDAD MAXIMA ARMARIOS,(Valor en campo decimal 1),,2500.000000,,,0,1,1_291
19,291,CONTROL CANTIDAD MAXIMA ARMARIOS,(Valor en campo decimal 1),,2500.000000,,,0,19,19_291
1,1001,Presupuestos y Pedidos de VENTA :       `1` - Pide Fecha de servicio.,`0` - No pide Fecha de Servicio.,,,,*** USO EXCLUSIVO T.P.V. ***,0,1,1_1001
19,235,***** AGRUPADA VENTAS ( VXXXX15 ) ******,0 - No actualiza tabla vxxxx15.         1 - Actualiza tabla vxxxx15.,,,,,0,19,19_235
19,236,******* PORTES -- COMPRAS **************0 - Desactivado,1 - Activado. Asignacion automatica.    2 - Activado. Abre pantalla.,,,,,0,19,19_236
19,237,*** CONSULTA ARTICULOS ( COMPRAS ) *****,0 - Consulta Articulos ( stock ).       1 - Consulta Articulos ( Medidas ).,,,,,0,19,19_237
19,238,**** CONSULTA ARTICULOS ( VENTAS  ) ****,0 -  Consulta Articulos ( stock )       1 -  Consulta Articulos ( Medidas ),,,,,0,19,19_238
19,239,******** EJERCICIO CONTABLE ************0 - El periodo del ejercico pertenece al, ano natural.                           1 - No pertenece al ano natural.,,,,,0,19,19_239
19,240,********** ALBARANES VENTA *************0 - Desactivado.,1 - Los datos del campo clv_ven_1 cuando se trata de una modificacion se borran.,,,,,0,19,19_240
19,241,*********** BLOQUEO LINEAS  ************0 - La linia bloqueada no se puede modif,icar.                                   1 - Se puede modificar.,,,,,0,19,19_241
19,242,***** ACTIVACION MINIMOS VENTAS ********,0 - Minimos desactivados.               1 - Minimos activados.,,,,,0,19,19_242
19,243,******* FACT. AGRUPADA VENTAS **********0 - No utiliza el campo codexpe como rup,tura en el facturacion agrupada.        1 -Utiliza el campo codexpe como ruptura,,,,,0,19,19_243
19,244,********** CENTROS ( COMPRAS  ) ********0 - Selecciona las subcta. de traspaso a,cont. por articulos.                    1 - Subcta. traspaso por familia.,,,,,0,19,19_244
19,245,*********** CENTROS ( VENTAS ) *********0 - Selecciona las subcta. de traspaso a,cont. por articulos.                    1 - Subcta. traspaso por familia.,,,,,0,19,19_245
19,246,* GENERACION ALTA AUTOMATICA ARTICULOS *    ***** PEDIDOS DE VENTA *****,0 - No crea la descripcion varios idioma1 - Crea la descripcion varios idiomas,,,,,0,19,19_246
19,247,************ CALCULO PMP  **************0 - Realiza el calculo pmp.,1 - No realiza el calculo si la cantidad de la linia es negativa o precio = 0.,,,,,0,19,19_247
1,248,**** TARIFAS VENTAS ESPECIALES *********0 - Tarifas ventas std.,1 - Tarifas ventas esp.,,,,0,0,1,1_248
19,248,**** TARIFAS VENTAS ESPECIALES *********0 - Tarifas ventas std.,1 - Tarifas ventas esp.,,,,0,0,19,19_248
1,249,********* GENERACION SERIES ************0 - El almacen de fabricacion sera el de, la ficha tecnica.                      1 - Almacen de fabricacion sera pedido.,,,,,0,1,1_249
19,249,********* GENERACION SERIES ************0 - El almacen de fabricacion sera el de, la ficha tecnica.                      1 - Almacen de fabricacion sera pedido.,,,,,0,19,19_249
1,250,******** CANALES ( VENTAS )  ***********0 - No pide usuario al introducir canal.,1 - Pide usuario.                       ( Junto con el parametro 232 ),,,,,0,1,1_250
19,250,******** CANALES ( VENTAS )  ***********0 - No pide usuario al introducir canal.,1 - Pide usuario.                       ( Junto con el parametro 232 ),,,,,0,19,19_250
1,251,********  CANALES ( COMPRAS )  *********0 - No pide usuario al introducir canal.,1 - Pide usuario                         ( Junto parametro 233 ),,,,,0,1,1_251
19,251,********  CANALES ( COMPRAS )  *********0 - No pide usuario al introducir canal.,1 - Pide usuario                         ( Junto parametro 233 ),,,,,0,19,19_251
1,252,*** PARAMETRO XSINFO GRAFICO (MENU)  ***0 - No pide los datos empresa al abrir,el menu.                                1 - Pide datos empresa al abrir el menu.,,,,,0,1,1_252
19,252,*** PARAMETRO XSINFO GRAFICO (MENU)  ***0 - No pide los datos empresa al abrir,el menu.                                1 - Pide datos empresa al abrir el menu.,,,,,0,19,19_252
1,253,Control de Riesgo por linea:            0 -> No se realiza el control,1 -> AVISA si se sobrepasa el riesgo.   2 -> AVISA y pide Password (al grabar).,,,, *** USO EXCLUSIVO PEDIDOS VENTA ***,0,1,1_253
19,253,Control de Riesgo por linea:            0 -> No se realiza el control,1 -> AVISA si se sobrepasa el riesgo.   2 -> AVISA y pide Password (al grabar).,,,, *** USO EXCLUSIVO PEDIDOS VENTA ***,0,19,19_253
1,254,Control de Riesgo por linea:            0 -> No se realiza el control,1 -> AVISA si se sobrepasa el riesgo.   2 -> AVISA y pide Password (al grabar).,,,,*** USO EXCLUSIVO ALBARANES DE VENTA ***,0,1,1_254
19,254,Control de Riesgo por linea:            0 -> No se realiza el control,1 -> AVISA si se sobrepasa el riesgo.   2 -> AVISA y pide Password (al grabar).,,,,*** USO EXCLUSIVO ALBARANES DE VENTA ***,0,19,19_254
1,255,Control de Riesgo por linea:            0 -> No se realiza el control,1 -> AVISA si se sobrepasa el riesgo.   2 -> AVISA y pide Password (al grabar).,,,, *** USO EXCLUSIVO PEDIDOS COMPRA ***,0,1,1_255
19,255,Control de Riesgo por linea:            0 -> No se realiza el control,1 -> AVISA si se sobrepasa el riesgo.   2 -> AVISA y pide Password (al grabar).,,,, *** USO EXCLUSIVO PEDIDOS COMPRA ***,0,19,19_255
19,172,RESERVADO,,,,,,,19,19_172
19,174,RESERVADO,,,,,,,19,19_174
19,175,RESERVADO,,,,,,,19,19_175
19,176,RESERVADO,,,,,,,19,19_176
1,256,Control de Riesgo por linea:            0 -> No se realiza el control,1 -> AVISA si se sobrepasa el riesgo.   2 -> AVISA y pide Password (al grabar).,,,,*** USO EXCLUSIVO ALBARANES DE COMPRA ***,0,1,1_256
19,256,Control de Riesgo por linea:            0 -> No se realiza el control,1 -> AVISA si se sobrepasa el riesgo.   2 -> AVISA y pide Password (al grabar).,,,,*** USO EXCLUSIVO ALBARANES DE COMPRA ***,0,19,19_256
1,257,*** ARTICULOS DE CONSUMO - PROMOCIONES *,0 - No trabaja con articulos de consumo 1 - Trabaja con articulos de consumo,,,,,0,1,1_257
19,257,*** ARTICULOS DE CONSUMO - PROMOCIONES *,0 - No trabaja con articulos de consumo 1 - Trabaja con articulos de consumo,,,,,0,19,19_257
1,258,******** OFERTAS POR OBRAS ******,0 - No trabaja con ofertas por obras.   1 - Trabja con ofertas por obras.,,,,,0,1,1_258
19,258,******** OFERTAS POR OBRAS ******,0 - No trabaja con ofertas por obras.   1 - Trabja con ofertas por obras.,,,,,0,19,19_258
1,259,**********  ENTREGAS A CUENTA **********,0 - No asigna entregas a cuenta.        1 - Asigna entregas a cuenta.,,,,,0,1,1_259
19,259,**********  ENTREGAS A CUENTA **********,0 - No asigna entregas a cuenta.        1 - Asigna entregas a cuenta.,,,,,0,19,19_259
1,260,**************  ABONOS  ****************0 - No utiliza abonos para saldar Factu.,1 - Utiliza abonos para saldar facturas,,,,RD,0,1,1_260
19,260,**************  ABONOS  ****************0 - No utiliza abonos para saldar Factu.,1 - Utiliza abonos para saldar facturas,,,,RD,0,19,19_260
1,261,**************  ABONOS  ****************0 - Coje todas las formas de pago.,1 - Forma de pago introducida en el campo codigo char no se utiliza como abono.,,,,NA,0,1,1_261
19,261,**************  ABONOS  ****************0 - Coje todas las formas de pago.,1 - Forma de pago introducida en el campo codigo char no se utiliza como abono.,,,,NA,0,19,19_261
19,188,*********  ALBARANES VENTAS ************0- NO pide observaciones linia .,1- Pide observaciones linia. 2 - No pideobservaciones pero se cargan y se graban,,,, ,1,19,19_188
19,189,**********  PEDIDOS COMPRAS ************0- NO pide observaciones linia .,1- Pide observaciones linia. 2 - No pideobservaciones pero se cargan y se graban,,,, ,1,19,19_189
19,190,********  ALBARANES COMPRAS ************0- NO pide observaciones linia .,1- Pide observaciones linia. 2 - No pideobservaciones pero se cargan y se graban,,,, ,1,19,19_190
19,191,Funcionamiento especial de entrada del producto acabado desde albaranes compra.,0 - Desactivado.                        1 - Activado.,,,,,0,19,19_191
19,192,CONTROL ALTA AUTOMATICA DE ARTICULOS DESDE PRESUPUESTOS VENTA.,0 - Desactivado                         1 - Activado,,,,,0,19,19_192
19,193,CONTROL ALTA AUTOMATICA DE ARTICULOS DESDE PEDIDOS DE VENTA.,0 - Desactivado.                        1 - Activado.,,,,,0,19,19_193
19,194,FECHA FACTURA NO PUEDE SER ANTERIOR A FECHA ALBARAN. (COMPRAS),0 - Activado realiza comprobacion       1 - Desactivado.,,,,,0,19,19_194
19,195,ASIGNACION CLIENTE/PEDIDO A PIEZAS. EN PEDIDOS DE COMPRA.,0 - Desactivado.                        1 - Activado.,,,,,0,19,19_195
19,196,"Doble moneda base en apuntes , facturas compra y servicio.",0 - Desactivado.                        1 - Activado.,,,,,0,19,19_196
19,197,ASIGNACION DE PIEZAS EN ALBARANES DE VENTA.,0 - Asignacion normal.                  1 - Asignacion especial.,,,,,0,19,19_197
19,198,0 - Funcionamiento normal.              1 - Precio en tarifas a nivel de miles y, utilizacion en ventas a nivel de unidad(con la clave del articulo) COMPRAS .,,,,,0,19,19_198
19,199,Segundo precio en lineas para  comisiones. (Presupuestos).,0 - Desactivado.                        1 - Activado,,,,,0,19,19_199
19,200,Segundo precio en lineas para pedidos.(PV).,0 - Desactivado                         1 - Activado,,,,,0,19,19_200
19,201,Segundo precio en lineas para albaranes.(SV).,0 - Desactivado.                        1 - Activado.,,,,,0,19,19_201
19,202,**** CONTROL VENDEDOR PP ***************0 - Desactivado,1 - Activado. Es obligatorio la introduccion del vendedor uno .,,,,,0,19,19_202
19,203,COMISION UNO EN VENTAS POR VENDEDOR Y FAMILIA DEL ARTICULO.,0 - Por la tabla m050103                1 - Por la tabla m050101,,,,,0,19,19_203
19,204,APLICAR IMPUESTO RESIDUOS CARNICOS.       ********   VENTAS   ***********,0 - Desactivado                         1 - Activado,,,,,0,19,19_204
19,205,*** CENTRO COSTE*USUARIO EN CONTAB. ***, 0 - Desactivado                         1 - Activado,,,,,0,19,19_205
19,206,IMPUESTO RESIDUOS CARNICOS.                *******    COMPRAS  **********,0 - Desactivado                         1 - Activado,,,,,0,19,19_206
19,207,APLICAR CARGO DOS                       0 - No se tendra en cuenta para el IVA.,1 - Contara para el IVA.,,,,,0,19,19_207
19,208,APLICAR CARGO FINANCIERO                0 - No se tendra en cuenta para el IVA.,1 - Contara para el IVA.,,,,,0,19,19_208
19,209,MANTENIMIENTO ARTICULOS - Piezas        0 - No se permite la modificacion del ca,mpo ANCHO.                              1 - Se permite la modificacion.,,,,,0,19,19_209
19,211,************* TARIFAS CLIENTE **********,0 - Tarifa Std. por cliente             1 - Tarifa por cliente y almacen.,,,,,0,19,19_211
19,212,********** CATEGORIA CLIENTE ***********,0 - Categoria Std. por cliente          1 - Categoria por cliente y almacen.,,,,,0,19,19_212
19,213,*********  OFERTAS CLIENTES ************,0 - Ofertas Std. por cliente            1 - Ofertas Std. por cliente y almacen.,,,,,0,19,19_213
19,214,********** DEVOLUCIONES ****************0 - No tabaja con devoluciones.,1 - Importe negativo pregunta si es dev.2 - Importe negativo asume que es dev.,,,,,0,19,19_214
19,215,VENCIMIENTOS RECIBOS DESDE FACTURA VENTA   *****AL GRABAR FACTURA *****,0 - No modifica vencimientos            1 - Modifica vencimientos,,,,,0,19,19_215
19,216,VENCIMIENTOS RECIBOS FACTURAS COMPRAS      ********AL  GRABAR FACTURA  *********,0 - No modifica vencimientos.           1 - Modifica vencimientos.,,,,,0,19,19_216
19,217,********* NO SE UTILIZA ****************,,,,,,0,19,19_217
19,218,Albaranes de Compra. (plegador o bobina)0 - No deja alterar la tabla m0319 en el,caso de una modificacion.               1 - Deja alterar la tabla m0319.,,,,,0,19,19_218
19,219,***************** PMP ******************,0 - Realiza el calculo del pmp.         1 - No realiza el calculo del pmp.,,,,,0,19,19_219
19,220,LIQUIDACION DE LINEAS SERVIDAS PARCIAL. 0 - Abre pantalla,1 - Quedan pendientes en el Pedido.     2 - Se Liquidan del Pedido.,,,,,0,19,19_220
19,221,LIQ. LINEAS NO INSERTADAS EN EL ALBARAN 0 - Abre pantalla,1 - Quedan pendientes en el Pedido      2 - Se liquidan del Pedido,,,,,0,19,19_221
19,222,****** PEDIDO DE VENTAS PROCEDE OF *****0 - Desactivado,1 - No dejara borrar una linea del pedido en el caso que proceda de la OF.,,,,,0,19,19_222
19,173,RESERVADO,,,,,,,19,19_173
19,223,*** RUTAS REPARTO - DATOS REPARTO ***         *****   ALMACEN   ******,0 - Rutas reparto Std. por cliente      1 - Rutas reparto por cliente y almacen,,,,,0,19,19_223
19,224,****** FORMAS PAGO POR ALMACEN *********,0 -  Formas pago Std. por cliente       1 -  Formas pago por cliente y almacen,,,,,0,19,19_224
19,225,*** OBSERVACIONES POR CLIENTE Y TIPO ***      *******  POR ALMACEN *******,0 - Observaciones Std. por cliente.     1 - Observaciones cliente y tipo almacen,,,,,0,19,19_225
19,226,*********  MANT. CLIENTES   ************0 - Mant. clientes standard,1 - Mant. clientes por almacen          2 - Pregunta ( cargar std. o almacen ),,,,,0,19,19_226
19,227,******  MANT.  PROVEEDORES *************0 - Mant. proveedores std.,1 - Mant. proveedores por almacen.      2 - Pregunta std. o almacen.,,,,,0,19,19_227
19,228,******* TARIFAS POR ALMACEN ************    ***** COMPRAS ***********,0 - Tarifa std. por proveedor           1 - Tarifa std. por proveedor y almacen,,,,,0,19,19_228
19,229,****** FORMAS DE PAGO POR ALMACEN ******    *******  COMPRAS  *******,0 - Forma pago std. por proveedor       1 - Forma pago std. por almacen y prove.,,,,,0,19,19_229
19,230,** OBSERVACIONES PROVEE. POR ALMACEN ***      ******* COMPRAS ************,0 - Observaciones proveedor std.        1 - Obser. proveedor prove. y almacen.,,,,,0,19,19_230
19,231,*******  COMISIONES  ( VENTAS ) ********,0 - Comisiones por categoria            1 - Comisiones por subcta. vendedor,,,,,0,19,19_231
19,232,*****  CANALES ( VENTAS ) ******        0 - No trabaja con canales,1 - Trabaja con canales y se pide.      2 - Trabaja con canales.Asig. automatica,,,,,0,19,19_232
19,233,****** CANALES ( Compras ) *************0 - No trabaja con canal.,1 - Trabaja con canales y la pide.      2 - Trabaja con canales.Asig. automatica,,,,,0,19,19_233
19,234,******** OBRAS - ( VENTAS ) ************,0  -  No trabaja con obras              1  -  Trabaja con obras,,,,,0,19,19_234
19,130,*ENTRADA FRACCIONADA CODIGO ARTICULO-EC*'0' Entrada Normal Codigo Articulo.,'1' Entrada Fraccionada Codigo Articulo.,,,,,0,19,19_130
19,131,* CONSULTA DOC. PENDIENTES (F5) VENTAS *    * PARA LAS SUBCUENTAS MANUALES *,'0' Muestra Titulo Subcuenta.           '1' Muestra Titulo Subcuenta Manual.,,,,,0,19,19_131
19,132,* CONSULTA DOC. PENDIENTES (F5) COMPRAS*    * PARA LAS SUBCUENTAS MANUALES *,'0' Muestra Titulo Subcuenta.           '1' Muestra Titulo Subcuenta Manual.,,,,,0,19,19_132
19,133,0 - Desactivado. Solo comprobara que la empresa alternativa existe.,1 - Comprobara que sea la que marca el  auxiliar de la empresa como alternativa.,,,,,0,19,19_133
19,134,*FECHA SERV. EN OBSERVACION 3 DE LINEAS*'0' - Funcionamiento Normal.,'1' - Fecha Serv. en Observacion 3 de         lineas de Albaranes.,,,,,0,19,19_134
19,135,*CONTROL EXISTENCIA PEDIDO EN ALBARANES*'0' No Abrir la Ventana - Fijo = No.,'1' No Abrir la Ventana - Fijo = Si.    '2' Abrir la Ventana.,,,,,0,19,19_135
19,136,*VER ASIENTO DESPUES DE GENERAR FACTURA*'0' No Abrir la Ventana - Fijo = No.,'1' No Abrir la Ventana - Fijo = Si.    '2' Abrir la Ventana.,,,,,0,19,19_136
19,137,** F5 ARTICULOS LINEAS DOCUMENTO - PP **'0' No muestra Artic. con Ficha Cerrada.,'1' Muestra Articulo  con Ficha Cerrada.,,,,,0,19,19_137
19,138,** F5 ARTICULOS LINEAS DOCUMENTO - PV **'0' No muestra Artic. con Ficha Cerrada.,'1' Muestra Articulo  con Ficha Cerrada.,,,,,0,19,19_138
19,139,** F5 ARTICULOS LINEAS DOCUMENTO - SV **'0' No muestra Artic. con Ficha Cerrada.,'1' Muestra Articulo  con Ficha Cerrada.,,,,,0,19,19_139
19,140,** F5 ARTICULOS LINEAS DOCUMENTO - PC **'0' No muestra Artic. con Ficha Cerrada.,'1' Muestra Articulo  con Ficha Cerrada.,,,,,0,19,19_140
19,141,** F5 ARTICULOS LINEAS DOCUMENTO - EC **'0' No muestra Artic. con Ficha Cerrada.,'1' Muestra Articulo  con Ficha Cerrada.,,,,,0,19,19_141
19,142,** F5 ARTICULOS LINEAS DOCUMENTO - EF **'0' No muestra Artic. con Ficha Cerrada.,'1' Muestra Articulo  con Ficha Cerrada.,,,,,0,19,19_142
19,143,** F5 ARTICULOS LINEAS DOCUMENTO - TR **'0' No muestra Artic. con Ficha Cerrada.,'1' Muestra Articulo  con Ficha Cerrada.,,,,,0,19,19_143
19,144,** F5 ARTICULOS LINEAS DOCUMENTO - EI **'0' No muestra Artic. con Ficha Cerrada.,'1' Muestra Articulo  con Ficha Cerrada.,,,,,0,19,19_144
19,145,** F5 ARTICULOS LINEAS DOCUMENTO - OR **'0' No muestra Artic. con Ficha Cerrada.,'1' Muestra Articulo  con Ficha Cerrada.,,,,,0,19,19_145
19,146,** F5 ARTICULOS LINEAS DOCUMENTO - GE **'0' No muestra Artic. con Ficha Cerrada.,'1' Muestra Articulo  con Ficha Cerrada.,,,,,0,19,19_146
19,147,** F5 ARTICULOS LINEAS DOCUMENTO - RC **'0' No muestra Artic. con Ficha Cerrada.,'1' Muestra Articulo  con Ficha Cerrada.,,,,,0,19,19_147
19,148,** VALIDACION DE CLAVES (Art/Cli/Pro) **'0' Deja introducir cualquier Clave.,'1' Solo deja introducir claves que         existan en el maestro de claves.,,,,,0,19,19_148
19,149,*** CONTABILIZACION DESCUENTO 2 Y 3  ***'0' Sctas Dtos No Def. Cancela Facturac.,'1' Sctas Dtos No Def. Imputa Scta Venta,,,,,0,19,19_149
19,150,Desea Imprimir Pedido ..      (MANPER05)0 --> Abre la ventana y pregunta.,1 --> No abre la ventana. Fijo=NO.      2 --> No abre la ventana. Fijo=SI.,,,,,0,19,19_150
19,151,***  SUBCTA ACUMULA  RIESGO CARTERA  ***'0' Subcta Contable,'1' Subcta Facturacion                  '2' Subcta,,,,,0,19,19_151
19,152,*** SUBCTA ACUMULA RIESGO PED/PTSNF ****'0' Subcta Contable,'1' Subcta Facturacion                  '2' Subcta,,,,,0,19,19_152
19,153,** SUBCTA ACUMULA FECHA ULTIMA COMPRA **'0' Subcta Contable,'1' Subcta Facturacion                  '2' Subcta,,,,,0,19,19_153
19,154,*** NO SE USA ***,,,,,,0,19,19_154
19,155,*** NO SE USA ***,,,,,,0,19,19_155
19,156,*** NO SE USA ***,,,,,,0,19,19_156
19,157,*** NO SE USA ***,,,,,,0,19,19_157
19,158,*** NO SE USA ***,,,,,,0,19,19_158
19,159,*** TARIFA POR MATRIZ DE ARTICULOS ***,0 - Desactivado                         1 - Activado,4,,,En codigo integer va el numero de caracter que se corta el articulo para matriz.,0,19,19_159
19,160,"*CONTROL VENDEDOR EN PV - PUNTIBLOND ***'0' Desactivado, funcionamiento normal.","'1' Activado, funcionamiento Puntiblond.",,,,,0,19,19_160
19,161,** PARAMETRO PARA FABRICACION GRAFICA **'0' Fabricacion Normal,'1' Fabricacion Grafica,,,,,0,19,19_161
19,163,Facturas SERVICIOS (Multidivisa)        1- Abre automaticamente la ventana de,"""CAMBIO MONEDA""                         0- No abre la ventana (si existe cambio)",,,,,1,19,19_163
19,164,Merma en los cierres de ordenes de Fabricacion.,  0 - Merma desactivada                   1 - Merma activada,,,,,0,19,19_164
19,165,RESERVADO,,,,,,,19,19_165
19,166,RESERVADO,,,,,,,19,19_166
19,167,RESERVADO,,,,,,,19,19_167
19,168,RESERVADO,,,,,,,19,19_168
19,169,RESERVADO,,,,,,,19,19_169
19,177,RESERVADO,,,,,,,19,19_177
19,178,USO EXCLUSIVO TPV. CAMBIO ALMACEN.      0 - Funcionamiento normal.,1 - Se puede cambiar el almacen desde la entrada del documento.,,,,,0,19,19_178
19,179,EXPEDIENTES - VENTAS                    0 - No trabaja con expedientes.,1 - Trabaja con expedientes.,,,,,0,19,19_179
19,180,EXPEDIENTES - COMPRAS                   0 - No trabaja con expedientes.,1 - Trabaja con expedientes.,,,,,0,19,19_180
19,181,Introduccion manual o asistida de la cantidad en las lineas.,0 - Manual                              1 - Abre la ventana. Asistida.,,,,,0,19,19_181
19,182,Albaranes de Compra. (plegador o bobina)0 - Deja alterar el campo precio de la t,abla m0319 al realitzar una modificacion1 - No deja alterar.,,,,,0,19,19_182
19,183,0 - Funcionamiento normal               1 - Precio en tarifas a nivel de miles y,utilizacion en ventas a nivel de unidad.(junto con la clave de articulo).,,,,,0,19,19_183
19,184,APLICAR DTO EN FAMILIAS Y SUBFAMILIAS A PARTIR DE LA TABLA M021002 / M020401.,0 - No se aplica  1 - Se aplica         2 - Abre ventana y pregunta.,,,,,0,19,19_184
19,185,DIRECCIONES DE OBRA. MAS DE UNA DIRECCION POR SUBCUENTA, 0 - Desactivado                         1 - Activado,,,,,0,19,19_185
19,186,******  PRESUPUESTOS VENTAS ************0- NO pide observaciones linia .,1- Pide observaciones linia. 2 - No pideobservaciones pero se cargan y se graban,,,, ,1,19,19_186
19,187,***********  PEDIDOS VENTAS ************0- NO pide observaciones linia .,1- Pide observaciones linia. 2 - No pideobservaciones pero se cargan y se graban,,,, ,1,19,19_187
19,89,>>> PEDIDOS  VENTA <<<  ** Formatos **  '0' Imprime formatos en tipo caracter,'1' Imprime formatos en tipo Grafico    '2' Pregunta el tipo: caracter o Grafico,,,,                                        *** SOLO EFECTIVO SI PARAMETRO 82=1 ***,0,19,19_89
19,90,>>>ALBARANES  VENTA<<<  ** Formatos **  '0' Imprime formatos en tipo caracter,'1' Imprime formatos en tipo Grafico    '2' Pregunta el tipo: caracter o Grafico,,,,                                        *** SOLO EFECTIVO SI PARAMETRO 82=1 ***,0,19,19_90
19,91,>>> FACTURAS VENTA <<<  ** Formatos **  '0' Imprime formatos en tipo caracter,'1' Imprime formatos en tipo Grafico    '2' Pregunta el tipo: caracter o Grafico,,,,                                        *** SOLO EFECTIVO SI PARAMETRO 82=1 ***,0,19,19_91
19,92,>>>AGRUAPADA  VENTA<<<  ** Formatos **  '0' Imprime formatos en tipo caracter,'1' Imprime formatos en tipo Grafico,,,,                                        *** SOLO EFECTIVO SI PARAMETRO 82=1 ***,0,19,19_92
19,93,>>>TIQUETS DE VENTA<<<  ** Formatos **  '0' Imprime formatos en tipo caracter,'1' Imprime formatos en tipo Grafico    '2' Pregunta el tipo: caracter o Grafico,,,,                                        *** SOLO EFECTIVO SI PARAMETRO 82=1 ***,0,19,19_93
19,94,>>ORD. REPARACIONES<<<  ** Formatos **  '0' Imprime formatos en tipo caracter,'1' Imprime formatos en tipo Grafico    '2' Pregunta el tipo: caracter o Grafico,,,,                                        *** SOLO EFECTIVO SI PARAMETRO 82=1 ***,0,19,19_94
19,95,>>SALIDA FABRICACION<<  ** Formatos **  '0' Imprime formatos en tipo caracter,'1' Imprime formatos en tipo Grafico    '2' Pregunta el tipo: caracter o Grafico,,,,                                        *** SOLO EFECTIVO SI PARAMETRO 82=1 ***,0,19,19_95
19,96,>>ENTRADA FABRICACION<  ** Formatos **  '0' Imprime formatos en tipo caracter,'1' Imprime formatos en tipo Grafico    '2' Pregunta el tipo: caracter o Grafico,,,,                                        *** SOLO EFECTIVO SI PARAMETRO 82=1 ***,0,19,19_96
19,97,>>TRASPASOS ALMACEN<<<  ** Formatos **  '0' Imprime formatos en tipo caracter,'1' Imprime formatos en tipo Grafico    '2' Pregunta el tipo: caracter o Grafico,,,,                                        *** SOLO EFECTIVO SI PARAMETRO 82=1 ***,0,19,19_97
19,98,**** CONTROL USUARIO/VENDEDOR ***       '0' No se efectua el control,'1' Control solamente en consultas      '2' Control en altas y consultas,,,,"parametro efectivo sobre ma5v0101,      co1m0301 y formatos particulares.",0,19,19_98
19,99,*** ORDENACION AL GRABAR DESPIECES ***  '0' Pregunta antes de grabar como ordena,'1' Graba fijo por orden de entrada     '2' Graba fijo por orden de codigo Art.,,,,,0,19,19_99
19,100,*** OBSERVACIONES LINEA EN DESPIECES ***'0' No pide las observaciones,'1' Pide las observaciones.,,,,,0,19,19_100
19,101,****ASIGNACION DE LOTES EN PEDIDOS******'0' No se Asignan los Lotes en Pedidos,'1' Se Asignan los Lotes en Pedidos,,,,,0,19,19_101
19,102,*** CONTADOR LOTES PARA FABRICACION *** '0' Numera utilizando contador ct001,'1' Numera utilizando Numero Documento,,,,,0,19,19_102
19,103,********  ORDENACION LOTES      ********'0' Ordenar por Fecha Caducidad,'1' Ordenar por Lote  Interno,,,,,0,19,19_103
19,104,** ASIGNACION DE LOTES EN FABRICACION **'0' Selecciona UN   Lote  x Cantidad,'1' Selecciona DIF. Lotes x Cantidad,,,,,0,19,19_104
19,105,Especial Maquinaria Grau                0 Desactivado,1 Activado,,,,,0,19,19_105
19,106,   ** CONTROL BAJA PROVEEDOR **         0 - Desactivado,1 - Activado,,,,,0,19,19_106
19,107,  **** CONTROL BAJAS DE ARTICULOS ****  '0' - No se realiza el Control,'1' - Se realiza el Control,,,,,0,19,19_107
19,108,     *** CONTROL BAJA CLIENTES ***      '0' - Se realiza el Control,'1' - No Se realiza el Control,,,,,0,19,19_108
19,109,   ***** CONTROL DE REBUTS *******      0 - Orden siempre sera 1,1 - Orden sera el que este en la tabla.,,,,,0,19,19_109
19,110,* CUMPLIMENTACION DE PEDIDO * MILANESA!!'0' - Realizar Preg. '1' - Modif. Pedido,'2' - Generar Alb.   '3' - Generar Fac. '4' - Segun Cantidad-pv,,,,,0,19,19_110
19,111,* RESTO PEDIDOS * MILANESA !!!          '0' - Realizar la Pregunta.,'1' - Anular Lineas de Pedidos.         '2' - Dejar Lineas como Resto.,,,,,0,19,19_111
19,112,* CONDICIONES DE IMPRESION * MILANESA!!!'0' - Realizar la Pregunta,'1' - Valorado      '2' - No Valorado   '3' - Segun Condiciones,,,,,0,19,19_112
19,113,*** OFERTAS POR MATRIZ DE ARTICULOS ****, 0 - Desactivado                         1 - Activado,4,,,En codigo integer va el numero de caracter que se corta el articulo para matriz.,0,19,19_113
19,114,*** CONTROL DE BUSQUEDA PARA REMESAS ***'0' - Obligatorio el Documento,'1' - No Obligatorio el Documento,,,,,0,19,19_114
19,115,* CONTADOR ESPECIAL  FACTURAS SERVICIO *,'0' - Utiliza el de Contador de Compras.'1' - Contador Aparte.,,,,,0,19,19_115
19,116,ORDEN DE FABRICACION (CIERRE)           0 --> se puede cerrar por una cantidad,      mayor a la cantidad de apertura.  1 --> No se puede cerrar cantidad mayor.,,,,,0,19,19_116
19,117,* SELECCION CAMBIO FACTURANDO ALBARAN * 0 - Se utilizara el cambio del Albaran,1 - Se busca cambio a fecha de factura  2 - Si el cambio es diferente preguntara,,,,*** FACTURAS DIRECTAS DE VENTAS ***,0,19,19_117
19,118,* SELECCION CAMBIO FACTURANDO ALBARAN * 0 - Se utilizara el cambio del Albaran,1 - Se busca cambio a fecha de factura,,,,*** FACTURAS AGRUPADAS DE VENTAS ***,0,19,19_118
19,119,* SELECCION CAMBIO FACTURANDO ALBARAN * 0 - Se utilizara el cambio del Albaran,1 - Se busca cambio a fecha de factura  2 - Si el cambio es diferente preguntara,,,,*** FACTURAS DIRECTAS DE COMPRAS ***,0,19,19_119
19,121,*** Utilizacion Subcta Facturacion ***  0 - Agrupa por Subcta y subcta factura-,    cion solamente para la direccion    1 - Agrupa por subcta facturacion,,,,*** FACTURAS DE VENTAS ***,0,19,19_121
19,122,*** Utilizacion Subcta Facturacion ***  0 - Agrupa por Subcta y subcta factura-,    cion solamente para la direccion    1 - Agrupa por subcta facturacion,,,,*** FACTURAS DE COMPRAS ***,0,19,19_122
19,123,BAJA PEDIDO CON CANTIDADES SERVIDAS-VTAS'0' - Baja Normal del Pedido.,'1' - Opcion Eliminar o Liquidar Pedido.,,,,,0,19,19_123
19,124,BAJA PEDIDO CON CANTIDADES SERVIDAS-CPRS'0' - Baja Normal del Pedido,'1' - Opcion Eliminar o Liquidar Pedido.,,,,,0,19,19_124
19,125,** NUMERO DE INTENTOS TABLA BLOQUEADA **'0' No existe control.,"'1' Codigo integer es el numero de          intentos, si se agota pregunta.",50,,,,0,19,19_125
19,126,*ENTRADA FRACCIONADA CODIGO ARTICULO-PP*'0' Entrada Normal Codigo Articulo.,'1' Entrada Fraccionada Codigo Articulo.,,,,,0,19,19_126
19,127,*ENTRADA FRACCIONADA CODIGO ARTICULO-PV*'0' Entrada Normal Codigo Articulo.,'1' Entrada Fraccionada Codigo Articulo.,,,,,0,19,19_127
19,128,*ENTRADA FRACCIONADA CODIGO ARTICULO-SV*'0' Entrada Normal Codigo Articulo.,'1' Entrada Fraccionada Codigo Articulo.,,,,,0,19,19_128
19,129,*ENTRADA FRACCIONADA CODIGO ARTICULO-PC*'0' Entrada Normal Codigo Articulo.,'1' Entrada Fraccionada Codigo Articulo.,,,,,0,19,19_129
19,44,Pedidos COMPRA.                         1: Abre automaticamente la ventana de,"   ""PEDIDOS PENDIENTES RECIBIR"".        0: No abre la ventana automaticamente.",,,,,1,19,19_44
19,45,Pedidos COMPRA  (Multidivisa).          1: Abre automaticamente la ventana de,"   ""CAMBIO MONEDA"".                     0: No abre la ventana (si existe cambio)",,,,,1,19,19_45
19,46,Albaranes COMPRA.                       1: Abre automaticamente la ventana de,"   ""PEDIDOS PENDIENTES RECIBIR"".        0: No abre la ventana automaticamente.",,,,,1,19,19_46
19,47,Albaranes COMPRA  (Multidivisa).        1: Abre automaticamente la ventana de,"   ""CAMBIO MONEDA"".                     0: No abre la ventana (si existe cambio)",,,,,1,19,19_47
19,48,Facturas COMPRA.                        1: Abre automaticamente la ventana de,"   ""ALBARANES PENDIENTES FACTURAR"".     0: No abre la ventana automaticamente.",,,,,1,19,19_48
19,49,Facturas COMPRA  (Multidivisa).         1: Abre automaticamente la ventana de,"   ""CAMBIO MONEDA"".                     0: No abre la ventana (si existe cambio)",,,,,1,19,19_49
19,50,"1) Cuando calcula la cantidad con las medidas, estas son divididas por el valor",que haya en Codigo integer.             0) Calcula normal.,1000,,,,1,19,19_50
19,51,*** NO SE USA ***,,,,,,0,19,19_51
19,52,Restos en Presupuestos:                 Param = 0 --> NUNCA DEJA EL RESTO.,Param = 1 --> SIEMPRE DEJA EL RESTO.    Param = 2 --> PREGUNTA SI LO DEJA O NO.,,,,,0,19,19_52
19,53,Salto en agrupacion de la Fact. Agrupada* '0' No tiene en cuenta vendedor 1,* '1' Tiene en cuenta vendedor_1,,,,,0,19,19_53
19,54,*** NO SE USA ***,,,,,,0,19,19_54
19,55,Precio y descuentos de linea (VENTAS)   0 --> STANDARD,1 --> Combinacion Oferta/Categoria,,,,,0,19,19_55
19,56,"Ventana ""Permitir Facturar Agrupado ...""0 -> Abre la ventana (STANDARD)","1 -> NO abre la ventana. Fijo=""SI""      2 -> NO abre la ventana. Fijo=""NO""",,,,,0,19,19_56
19,57,1 Un contador de pedidos compra único para todos los almacenes.,0 Un contador de pedidos compra para cada almacén.,,,, ,1,19,19_57
19,58,1 Un contador de albaranes compra único para todos los almacenes.,0 Un contador de albaranes compra para cada almacén.,,,, ,0,19,19_58
19,59,1 Un contador de facturas compra único para todos los almacenes.,0 Un contador de facturas compra para cada almacén.,,,, ,0,19,19_59
19,60,Fecha factura (VENTAS)                  0 --> Fecha albaran,1 --> Fecha actual (today),,,,,0,19,19_60
19,61,Fecha factura (COMPRAS)                 0 --> Fecha albaran,1 --> Fecha actual (today),,,,,0,19,19_61
19,62,Desea Imprimir Presupuesto ..   (VENTAS)0 --> Abre la ventana y pregunta.,1 --> No abre la ventana. Fijo=NO.      2 --> No abre la ventana. Fijo=SI.,,,,,0,19,19_62
19,63,Desea Imprimir Pedido ..        (VENTAS)0 --> Abre la ventana y pregunta.,1 --> No abre la ventana. Fijo=NO.      2 --> No abre la ventana. Fijo=SI.,,,,,0,19,19_63
19,64,Desea Imprimir Albaran ..       (VENTAS)0 --> Abre la ventana y pregunta.,1 --> No abre la ventana. Fijo=NO.      2 --> No abre la ventana. Fijo=SI.,,,,,0,19,19_64
19,65,Desea Imprimir Factura ..       (VENTAS)0 --> Abre la ventana y pregunta.,1 --> No abre la ventana. Fijo=NO.      2 --> No abre la ventana. Fijo=SI.,,,,,0,19,19_65
19,66,Desea Imprimir Pedido ..       (COMPRAS)0 --> Abre la ventana y pregunta.,1 --> No abre la ventana. Fijo=NO.      2 --> No abre la ventana. Fijo=SI.,,,,,0,19,19_66
19,67,Desea Imprimir Albaran ..      (COMPRAS)0 --> Abre la ventana y pregunta.,1 --> No abre la ventana. Fijo=NO.      2 --> No abre la ventana. Fijo=SI.,,,,,0,19,19_67
19,68,Desea Imprimir Factura ..      (COMPRAS)0 --> Abre la ventana y pregunta.,1 --> No abre la ventana. Fijo=NO.      2 --> No abre la ventana. Fijo=SI.,,,,,0,19,19_68
19,69,Aplicacion Cargos/Abonos (COMPRAS)      0 -> Sobre total factura.,1 -> Sobre base imponible.,,,,,1,19,19_69
19,70,*** NO SE USA ***,,,,,,0,19,19_70
19,71,*** NO SE USA ***,,,,,,0,19,19_71
19,72,*** NO SE USA ***,,,,,,0,19,19_72
19,73,0: Empresa NO trabaja con lotes.        1: Empresa trabaja con lotes.,,,,,,0,19,19_73
19,75,Centro :                                0 - No trabaja con centros.,"1 - Trabaja con centro y p_s (Standard) 2 - Trabaja con centro,p_s y p_sd(Aecoc)",,,,,0,19,19_75
19,76,Medidas informativas articulo (ESPUMES) 0 - Desactivado.,1 - Pide medidas informativas articulo.,,,,,1,19,19_76
19,77,Subcuentas del Iva por variantes:       0 - No trabaja con variantes.,1 - Trabaja con variantes.,,,,,0,19,19_77
19,78,FECHAS CONTABLE Y FECHA IVA :, 0 - Funcionamiento Automatico           1 - Funcionamiento Manual,,,,*** NOTA: Ligado al parametro 16,0,19,19_78
19,79,ACTUACION DEL DTO. PRONTO PAGO EN VENTAS'1' Contempla lineas de documento que no,    se le aplicara el Dto. P.P.         '0' Se aplica a todo el documento.,,,,,0,19,19_79
19,80,MODIFICACION DEL DESCUENTO Y EL PRECIO  '1' No se puede modificar los valores de,    descuento y precio de la linea.     '0' Funcionamiento normal.,,,,,0,19,19_80
1,22,`0` No tiene Medidas en Fabricacion.    `1` Tiene Medidas en Fabricacion., ,,,, ,1,1,1_22
19,81,APLICACION DE LA TARA                   '0' No Aplicar la Tara,'1' Aplicar la Tara,,,,,0,19,19_81
19,82,*** INSTALACION APLICACION GRAFICA ***  '0' No tiene la aplicacion grafica,'1' SI tiene la aplicacion grafica,,,, ,0,19,19_82
19,83,>>> PEDIDOS COMPRA <<<  ** Formatos **  '0' Imprime formatos en tipo caracter,'1' Imprime formatos en tipo Grafico    '2' Pregunta el tipo: caracter o Grafico,,,,                                        *** SOLO EFECTIVO SI PARAMETRO 82=1 ***,0,19,19_83
19,84,>>>ALBARANES COMPRA<<<  ** Formatos **  '0' Imprime formatos en tipo caracter,'1' Imprime formatos en tipo Grafico    '2' Pregunta el tipo: caracter o Grafico,,,,                                        *** SOLO EFECTIVO SI PARAMETRO 82=1 ***,0,19,19_84
19,85,>>>FACTURAS  COMPRA<<<  ** Formatos **  '0' Imprime formatos en tipo caracter,'1' Imprime formatos en tipo Grafico    '2' Pregunta el tipo: caracter o Grafico,,,,                                        *** SOLO EFECTIVO SI PARAMETRO 82=1 ***,0,19,19_85
19,86,>>>AGRUPADA COMPRAS<<<  ** Formatos **  '0' Imprime formatos en tipo caracter,'1' Imprime formatos en tipo Grafico    '2' Pregunta el tipo: caracter o Grafico,,,,                                        *** SOLO EFECTIVO SI PARAMETRO 82=1 ***,0,19,19_86
19,87,>>>SERVICIOS COMPRA<<<  ** Formatos **  '0' Imprime formatos en tipo caracter,'1' Imprime formatos en tipo Grafico    '2' Pregunta el tipo: caracter o Grafico,,,,                                        *** SOLO EFECTIVO SI PARAMETRO 82=1 ***,0,19,19_87
19,88,>>PRESUPUESTOS VENTA<<  ** Formatos **  '0' Imprime formatos en tipo caracter,'1' Imprime formatos en tipo Grafico    '2' Pregunta el tipo: caracter o Grafico,0,,,C.Int:0-Pres 1-F.Prof 2-Fact 3-Pregunta *** SOLO EFECTIVO SI PARAMETRO 82=1 ***,0,19,19_88
1,30002,Considera Articulos Genericos .* como   pendientes de Gestion por Dep.compras,directamente.0=No - 1=Si,,,,,0,1,1_30002
19,30003,Cuenta Partidas Pendientes Aplicacion pagos TPV 5550[tpv2dig]resto cta, ,,,,,0,19,19_30003
1,30003,Cuenta Partidas Pendientes Aplicacion pagos TPV 5550[tpv2dig]resto cta, ,,,,,0,1,1_30003
19,30004,Dias Riesgo sobre cartera remesada      en v_int,,0,,,,0,19,19_30004
1,30004,Dias Riesgo sobre cartera remesada      en v_int,,0,,,,0,1,1_30004
19,30005,Se consideran Pedidos de Venta como Riesgo Cliente.0=Si 1=No.,,,,,,0,19,19_30005
1,30005,Se consideran Pedidos de Venta como Riesgo Cliente.0=Si 1=No.,,,,,,0,1,1_30005
19,1,Presupuestos y Pedidos de VENTA :       `1` - Pide Fecha de servicio.,`0` - No pide Fecha de Servicio.,,,, ,0,19,19_1
19,2,1 Aplica oferta. Si precio oferta = 0 aplica precio tarifa y dtos oferta. Si ofe,rta no existe aplica tarifa. 0 Siempre aplica tarifa,,,, ,1,19,19_2
19,3,"1 Permite modificar el I.V.A. de la lineas en presupuestos, pedidos, albaranes y",facturas de compra y de venta. 0 No permite modificar el I.V.A.,,,, ,0,19,19_3
19,4,1 Pide el centro de coste en las lineas de factura de compra y en apuntes contab,les. 0 No pide el centro de coste. 2 Igual que 1 y en apuntes pide P_SD (aecoc),,,, ,0,19,19_4
19,5,1 Numera el ristro de I.V.A. en la creación de facturas de compra y venta y en a,puntes contables. 0 El registro de I.V.A. se numera al listar,,,, ,0,19,19_5
19,6,1 Rebaja el stock del componente al introducir la O.F.. 0 Rebaja el stock de com,ponente al cerrar la O.F.,,,, ,0,19,19_6
19,7,1 Pide el número de bultos de envio en albaranes y facturas de venta. 0 No pide,el número de bultos,,,, ,0,19,19_7
19,8,0 El cálculo de vencimientos considera los meses naturales. 1 Considera los mese,s de treinta dias.,,,, ,0,19,19_8
19,9,1 Un contador de pedidos venta único para todos los almacenes.,0 Un contador de pedidos venta para cada almacén.,,,, ,0,19,19_9
19,10,1 Un contador de presup. venta único para todos los almacenes.,0 Un contador de presup. venta para cada almacén.,,,, ,0,19,19_10
19,11,1 Un contador de albaranes venta único para todos los almacenes.,0 Un contador de albaranes venta para cada almacén.,,,, ,0,19,19_11
19,12,1 Un contador de facturas venta único para todos los almacenes.,0 Un contador de facturas venta para cada almacén.,,,, ,0,19,19_12
19,13,1 Un P.M.P único para todos los almacenes. 0 un P.M.P. para cada almacén, ,,,, ,1,19,19_13
19,14,"1 Si el importe de las facturas no supersa el valor contenido en ""v_dec1"" genera",un solo recibo. 0 genera recibos en función de la condiciones del cliente,,-9999999.000000,, ,1,19,19_14
19,15,En las pantallas e impresión de documentos de compras y ventas aplica el número,"de decimales contenido en el campo ""parametro""",,,, ,2,19,19_15
19,16,<P> <CTBLE> <IVA >  <P> <CTBLE> < IVA  > 1  F.Doc.  F.Doc.   4  F.Unix  F.Unix, 2  F.Doc.  F.Unix   5  F.Doc.  =F.Ctble 3  F.Unix  F.Doc.   6  F.Unix  =F.Ctble,,,,Posibilidadaes fechas: CONTABLE e IVA   *** NOTA: Ligado al parametro 78 (NUEVO),1,19,19_16
19,17,0 : Empresa no trabaja con medidas.     1 : Empresa trabaja con medidas.,NOTA : Fabricacion tiene otro parametro,,,, ,1,19,19_17
19,19,1. Avisara cuando un Cliente no tiene   Ofertas ni descuentos por Categoria para,un Articulo.                            0. No avisara,,,, ,1,19,19_19
19,20,1 --> Albaranes y Facturas trabaja en         forma Textil.,0 --> Trabaja en forma Standard.,,,, ,1,19,19_20
19,21,"Calculo Precios Iva Incluido :          0-No calcula, esta entrado en la Tarifa.",1-Al precio le suma el Iva.,,,, ,0,19,19_21
19,22,`0` No tiene Medidas en Fabricacion.    `1` Tiene Medidas en Fabricacion., ,,,, ,1,19,19_22
19,23,`1` Si se entra una compra con fecha anterior a la ultima o bien se borra una co,"mpra,muestra un mensaje aviso del PMP   `0` No avisa.",,,, ,1,19,19_23
19,24,`1` En el mantenimiento de compras pide     el plazo de entrega en dias.,`0` En el mantenimiento de compras no       pide el plazo de entraga.       .,,,, ,1,19,19_24
19,25,`1` Abrir ventana mostrando precios         (Lineas de VENTAS).,`0` NO abrir la ventana.,,,, ,1,19,19_25
19,26,`1` Abrir ventana mostrando precios         (Lineas de COMPRAS).,`0` NO abrir la ventana.,,,, ,1,19,19_26
19,27,Precio en Compras:                      `0` carga precio Oferta/Tarifa.,`1` carga precio Ultima Compra.,,,, ,0,19,19_27
19,29,*** NO SE USA ***,,,,,,0,19,19_29
19,30,Pedidos de COMPRA :                     `1` - Pide Fecha de servicio.,`0` - No pide Fecha de Servicio.,,,, ,0,19,19_30
19,31,*** NO SE USA ***,,,,, ,0,19,19_31
19,32,Presupuestos VENTA.                     1: Abre automaticamente la ventana de,"   ""PRESUPUESTOS PENDIENTES"".           0: No abre la ventana automaticamente.",,,,,1,19,19_32
19,33,Presupuestos VENTA  (Multidivisa).      1: Abre automaticamente la ventana de,"   ""CAMBIO MONEDA"".                     0: No abre la ventana (si existe cambio)",,,,,1,19,19_33
19,34,Presupuestos VENTA.                     1: Abre automaticamente la ventana de,"   ""VENDEDORES"".                        0: No abre la ventana automaticamente.",,,,,1,19,19_34
19,35,Pedidos VENTA.                          1: Abre automaticamente la ventana de,"   ""PEDIDOS/PRESUPUESTOS PENDIENTES"".   0: No abre la ventana automaticamente.",,,,,1,19,19_35
19,36,Pedidos VENTA  (Multidivisa).           1: Abre automaticamente la ventana de,"   ""CAMBIO MONEDA"".                     0: No abre la ventana (si existe cambio)",,,,,1,19,19_36
19,37,Pedidos VENTA.                          1: Abre automaticamente la ventana de,"   ""VENDEDORES"".                        0: No abre la ventana automaticamente.",,,,,1,19,19_37
19,38,Albaranes VENTA.                        1: Abre automaticamente la ventana de,"   ""PEDIDOS PENDIENTES SERVIR"".         0: No abre la ventana automaticamente.",,,,,1,19,19_38
19,39,Albaranes VENTA  (Multidivisa).         1: Abre automaticamente la ventana de,"   ""CAMBIO MONEDA"".                     0: No abre la ventana (si existe cambio)",,,,,1,19,19_39
19,40,Albaranes VENTA.                        1: Abre automaticamente la ventana de,"   ""VENDEDORES"".                        0: No abre la ventana automaticamente.",,,,,1,19,19_40
19,41,Facturas VENTA.                         1: Abre automaticamente la ventana de,"   ""ALBARANES PENDIENTES FACTURAR"".     0: No abre la ventana automaticamente.",,,,,1,19,19_41
19,42,Facturas VENTA  (Multidivisa).          1: Abre automaticamente la ventana de,"   ""CAMBIO MONEDA""                      0: No abre la ventana (si existe cambio)",,,,,1,19,19_42
19,43,Facturas VENTA.                         1: Abre automaticamente la ventana de,"   ""VENDEDORES"".                        0: No abre la ventana automaticamente.",,,,,1,19,19_43
1,206,IMPUESTO RESIDUOS CARNICOS.                *******    COMPRAS  **********,0 - Desactivado                         1 - Activado,,,,,0,1,1_206
1,207,APLICAR CARGO DOS                       0 - No se tendra en cuenta para el IVA.,1 - Contara para el IVA.,,,,,0,1,1_207
1,208,APLICAR CARGO FINANCIERO                0 - No se tendra en cuenta para el IVA.,1 - Contara para el IVA.,,,,,0,1,1_208
1,209,MANTENIMIENTO ARTICULOS - Piezas        0 - No se permite la modificacion del ca,mpo ANCHO.                              1 - Se permite la modificacion.,,,,,0,1,1_209
1,211,************* TARIFAS CLIENTE **********,0 - Tarifa Std. por cliente             1 - Tarifa por cliente y almacen.,,,,,0,1,1_211
1,212,********** CATEGORIA CLIENTE ***********,0 - Categoria Std. por cliente          1 - Categoria por cliente y almacen.,,,,,0,1,1_212
1,213,*********  OFERTAS CLIENTES ************,0 - Ofertas Std. por cliente            1 - Ofertas Std. por cliente y almacen.,,,,,0,1,1_213
1,214,********** DEVOLUCIONES ****************0 - No tabaja con devoluciones.,1 - Importe negativo pregunta si es dev.2 - Importe negativo asume que es dev.,,,,,0,1,1_214
1,215,VENCIMIENTOS RECIBOS DESDE FACTURA VENTA   *****AL GRABAR FACTURA *****,0 - No modifica vencimientos            1 - Modifica vencimientos,,,,,0,1,1_215
1,216,VENCIMIENTOS RECIBOS FACTURAS COMPRAS      ********AL  GRABAR FACTURA  *********,0 - No modifica vencimientos.           1 - Modifica vencimientos.,,,,,0,1,1_216
1,217,********* NO SE UTILIZA ****************,,,,,,0,1,1_217
1,218,Albaranes de Compra. (plegador o bobina)0 - No deja alterar la tabla m0319 en el,caso de una modificacion.               1 - Deja alterar la tabla m0319.,,,,,0,1,1_218
1,14,"1 Si el importe de las facturas no supersa el valor contenido en ""v_dec1"" genera",un solo recibo. 0 genera recibos en función de la condiciones del cliente,,100.000000,, ,1,1,1_14
1,220,LIQUIDACION DE LINEAS SERVIDAS PARCIAL. 0 - Abre pantalla,1 - Quedan pendientes en el Pedido.     2 - Se Liquidan del Pedido.,,,,,0,1,1_220
1,221,LIQ. LINEAS NO INSERTADAS EN EL ALBARAN 0 - Abre pantalla,1 - Quedan pendientes en el Pedido      2 - Se liquidan del Pedido,,,,,0,1,1_221
1,222,****** PEDIDO DE VENTAS PROCEDE OF *****0 - Desactivado,1 - No dejara borrar una linea del pedido en el caso que proceda de la OF.,,,,,0,1,1_222
1,223,*** RUTAS REPARTO - DATOS REPARTO ***         *****   ALMACEN   ******,0 - Rutas reparto Std. por cliente      1 - Rutas reparto por cliente y almacen,,,,,0,1,1_223
1,224,****** FORMAS PAGO POR ALMACEN *********,0 -  Formas pago Std. por cliente       1 -  Formas pago por cliente y almacen,,,,,0,1,1_224
1,225,*** OBSERVACIONES POR CLIENTE Y TIPO ***      *******  POR ALMACEN *******,0 - Observaciones Std. por cliente.     1 - Observaciones cliente y tipo almacen,,,,,0,1,1_225
1,226,*********  MANT. CLIENTES   ************0 - Mant. clientes standard,1 - Mant. clientes por almacen          2 - Pregunta ( cargar std. o almacen ),,,,,0,1,1_226
1,227,******  MANT.  PROVEEDORES *************0 - Mant. proveedores std.,1 - Mant. proveedores por almacen.      2 - Pregunta std. o almacen.,,,,,0,1,1_227
1,228,******* TARIFAS POR ALMACEN ************    ***** COMPRAS ***********,0 - Tarifa std. por proveedor           1 - Tarifa std. por proveedor y almacen,,,,,0,1,1_228
1,229,****** FORMAS DE PAGO POR ALMACEN ******    *******  COMPRAS  *******,0 - Forma pago std. por proveedor       1 - Forma pago std. por almacen y prove.,,,,,0,1,1_229
1,230,** OBSERVACIONES PROVEE. POR ALMACEN ***      ******* COMPRAS ************,0 - Observaciones proveedor std.        1 - Obser. proveedor prove. y almacen.,,,,,0,1,1_230
1,231,*******  COMISIONES  ( VENTAS ) ********,0 - Comisiones por categoria            1 - Comisiones por subcta. vendedor,,,,,0,1,1_231
1,232,*****  CANALES ( VENTAS ) ******        0 - No trabaja con canales,1 - Trabaja con canales y se pide.      2 - Trabaja con canales.Asig. automatica,,,,,0,1,1_232
1,233,****** CANALES ( Compras ) *************0 - No trabaja con canal.,1 - Trabaja con canales y la pide.      2 - Trabaja con canales.Asig. automatica,,,,,0,1,1_233
1,234,******** OBRAS - ( VENTAS ) ************,0  -  No trabaja con obras              1  -  Trabaja con obras,,,,,0,1,1_234
1,235,***** AGRUPADA VENTAS ( VXXXX15 ) ******,0 - No actualiza tabla vxxxx15.         1 - Actualiza tabla vxxxx15.,,,,,0,1,1_235
1,236,******* PORTES -- COMPRAS **************0 - Desactivado,1 - Activado. Asignacion automatica.    2 - Activado. Abre pantalla.,,,,,0,1,1_236
1,237,*** CONSULTA ARTICULOS ( COMPRAS ) *****,0 - Consulta Articulos ( stock ).       1 - Consulta Articulos ( Medidas ).,,,,,0,1,1_237
1,238,**** CONSULTA ARTICULOS ( VENTAS  ) ****,0 -  Consulta Articulos ( stock )       1 -  Consulta Articulos ( Medidas ),,,,,0,1,1_238
1,239,******** EJERCICIO CONTABLE ************0 - El periodo del ejercico pertenece al, ano natural.                           1 - No pertenece al ano natural.,,,,,0,1,1_239
999,30005,Se consideran Pedidos de Venta como Riesgo Cliente.0=Si 1=No.,"",,,,"",0,999,999_30005
1,240,********** ALBARANES VENTA *************0 - Desactivado.,1 - Los datos del campo clv_ven_1 cuando se trata de una modificacion se borran.,,,,,0,1,1_240
1,241,*********** BLOQUEO LINEAS  ************0 - La linia bloqueada no se puede modif,icar.                                   1 - Se puede modificar.,,,,,0,1,1_241
1,242,***** ACTIVACION MINIMOS VENTAS ********,0 - Minimos desactivados.               1 - Minimos activados.,,,,,0,1,1_242
1,243,******* FACT. AGRUPADA VENTAS **********0 - No utiliza el campo codexpe como rup,tura en el facturacion agrupada.        1 -Utiliza el campo codexpe como ruptura,,,,,0,1,1_243
1,244,********** CENTROS ( COMPRAS  ) ********0 - Selecciona las subcta. de traspaso a,cont. por articulos.                    1 - Subcta. traspaso por familia.,,,,,0,1,1_244
1,245,*********** CENTROS ( VENTAS ) *********0 - Selecciona las subcta. de traspaso a,cont. por articulos.                    1 - Subcta. traspaso por familia.,,,,,0,1,1_245
1,246,* GENERACION ALTA AUTOMATICA ARTICULOS *    ***** PEDIDOS DE VENTA *****,0 - No crea la descripcion varios idioma1 - Crea la descripcion varios idiomas,,,,,0,1,1_246
1,247,************ CALCULO PMP  **************0 - Realiza el calculo pmp.,1 - No realiza el calculo si la cantidad de la linia es negativa o precio = 0.,,,,,0,1,1_247
1,66,Desea Imprimir Pedido ..       (COMPRAS)0 --> Abre la ventana y pregunta.,1 --> No abre la ventana. Fijo=NO.      2 --> No abre la ventana. Fijo=SI.,,,,,0,1,1_66
1,30001,Pide Usuario Preparacion Linea Pedido.  0=No Pide usuario y graba $$usuario,1=Pide usuario preparacion,,,,,0,1,1_30001
19,30002,Considera Articulos Genericos .* como   pendientes de Gestion por Dep.compras,directamente.0=No - 1=Si,,,,,0,19,19_30002
1,147,** F5 ARTICULOS LINEAS DOCUMENTO - RC **'0' No muestra Artic. con Ficha Cerrada.,'1' Muestra Articulo  con Ficha Cerrada.,,,,,0,1,1_147
1,148,** VALIDACION DE CLAVES (Art/Cli/Pro) **'0' Deja introducir cualquier Clave.,'1' Solo deja introducir claves que         existan en el maestro de claves.,,,,,0,1,1_148
1,149,*** CONTABILIZACION DESCUENTO 2 Y 3  ***'0' Sctas Dtos No Def. Cancela Facturac.,'1' Sctas Dtos No Def. Imputa Scta Venta,,,,,0,1,1_149
1,150,Desea Imprimir Pedido ..      (MANPER05)0 --> Abre la ventana y pregunta.,1 --> No abre la ventana. Fijo=NO.      2 --> No abre la ventana. Fijo=SI.,,,,,0,1,1_150
1,151,***  SUBCTA ACUMULA  RIESGO CARTERA  ***'0' Subcta Contable,'1' Subcta Facturacion                  '2' Subcta,,,,,0,1,1_151
1,152,*** SUBCTA ACUMULA RIESGO PED/PTSNF ****'0' Subcta Contable,'1' Subcta Facturacion                  '2' Subcta,,,,,0,1,1_152
1,153,** SUBCTA ACUMULA FECHA ULTIMA COMPRA **'0' Subcta Contable,'1' Subcta Facturacion                  '2' Subcta,,,,,0,1,1_153
1,154,*** NO SE USA ***,,,,,,0,1,1_154
1,155,*** NO SE USA ***,,,,,,0,1,1_155
1,156,*** NO SE USA ***,,,,,,0,1,1_156
1,157,*** NO SE USA ***,,,,,,0,1,1_157
1,158,*** NO SE USA ***,,,,,,0,1,1_158
1,159,*** TARIFA POR MATRIZ DE ARTICULOS ***,0 - Desactivado                         1 - Activado,4,,,En codigo integer va el numero de caracter que se corta el articulo para matriz.,0,1,1_159
1,160,"*CONTROL VENDEDOR EN PV - PUNTIBLOND ***'0' Desactivado, funcionamiento normal.","'1' Activado, funcionamiento Puntiblond.",,,,,0,1,1_160
1,161,** PARAMETRO PARA FABRICACION GRAFICA **'0' Fabricacion Normal,'1' Fabricacion Grafica,,,,,0,1,1_161
1,162,0 - Funcionamiento normal               1 - Control familia FOP y proveedor en,    el mantenimiento de Fabricacion.,,,,,0,1,1_162
1,163,Facturas SERVICIOS (Multidivisa)        1- Abre automaticamente la ventana de,"""CAMBIO MONEDA""                         0- No abre la ventana (si existe cambio)",,,,,1,1,1_163
1,164,Merma en los cierres de ordenes de Fabricacion.,  0 - Merma desactivada                   1 - Merma activada,,,,,0,1,1_164
1,15,En las pantallas e impresión de documentos de compras y ventas aplica el número,"de decimales contenido en el campo ""parametro""",,,, ,3,1,1_15
1,166,RESERVADO,,,,,,,1,1_166
1,167,RESERVADO,,,,,,,1,1_167
1,168,RESERVADO,,,,,,,1,1_168
1,169,RESERVADO,,,,,,,1,1_169
1,170,RESERVADO,,,,,,,1,1_170
1,171,RESERVADO,,,,,,,1,1_171
1,172,RESERVADO,,,,,,,1,1_172
1,173,RESERVADO,,,,,,,1,1_173
1,174,RESERVADO,,,,,,,1,1_174
1,175,RESERVADO,,,,,,,1,1_175
1,176,RESERVADO,,,,,,,1,1_176
1,177,RESERVADO,,,,,,,1,1_177
1,178,USO EXCLUSIVO TPV. CAMBIO ALMACEN.      0 - Funcionamiento normal.,1 - Se puede cambiar el almacen desde la entrada del documento.,,,,,0,1,1_178
1,179,EXPEDIENTES - VENTAS                    0 - No trabaja con expedientes.,1 - Trabaja con expedientes.,,,,,0,1,1_179
1,180,EXPEDIENTES - COMPRAS                   0 - No trabaja con expedientes.,1 - Trabaja con expedientes.,,,,,0,1,1_180
1,181,Introduccion manual o asistida de la cantidad en las lineas.,0 - Manual                              1 - Abre la ventana. Asistida.,,,,,0,1,1_181
1,182,Albaranes de Compra. (plegador o bobina)0 - Deja alterar el campo precio de la t,abla m0319 al realitzar una modificacion1 - No deja alterar.,,,,,0,1,1_182
1,183,0 - Funcionamiento normal               1 - Precio en tarifas a nivel de miles y,utilizacion en ventas a nivel de unidad.(junto con la clave de articulo).,,,,,0,1,1_183
1,82,*** INSTALACION APLICACION GRAFICA ***  '0' No tiene la aplicacion grafica,'1' SI tiene la aplicacion grafica,,,, ,1,1,1_82
1,184,APLICAR DTO EN FAMILIAS Y SUBFAMILIAS A PARTIR DE LA TABLA M021002 / M020401.,0 - No se aplica  1 - Se aplica         2 - Abre ventana y pregunta.,,,,,0,1,1_184
1,185,DIRECCIONES DE OBRA. MAS DE UNA DIRECCION POR SUBCUENTA, 0 - Desactivado                         1 - Activado,,,,,0,1,1_185
1,191,Funcionamiento especial de entrada del producto acabado desde albaranes compra.,0 - Desactivado.                        1 - Activado.,,,,,0,1,1_191
1,192,CONTROL ALTA AUTOMATICA DE ARTICULOS DESDE PRESUPUESTOS VENTA.,0 - Desactivado                         1 - Activado,,,,,0,1,1_192
1,193,CONTROL ALTA AUTOMATICA DE ARTICULOS DESDE PEDIDOS DE VENTA.,0 - Desactivado.                        1 - Activado.,,,,,0,1,1_193
1,194,FECHA FACTURA NO PUEDE SER ANTERIOR A FECHA ALBARAN. (COMPRAS),0 - Activado realiza comprobacion       1 - Desactivado.,,,,,0,1,1_194
1,195,ASIGNACION CLIENTE/PEDIDO A PIEZAS. EN PEDIDOS DE COMPRA.,0 - Desactivado.                        1 - Activado.,,,,,0,1,1_195
1,197,ASIGNACION DE PIEZAS EN ALBARANES DE VENTA.,0 - Asignacion normal.                  1 - Asignacion especial.,,,,,0,1,1_197
1,114,*** CONTROL DE BUSQUEDA PARA REMESAS ***'0' - Obligatorio el Documento,'1' - No Obligatorio el Documento,,,,,0,1,1_114
1,186,******  PRESUPUESTOS VENTAS ************0- NO pide observaciones linia .,1- Pide observaciones linia. 2 - No pideobservaciones pero se cargan y se graban,,,, ,0,1,1_186
1,187,***********  PEDIDOS VENTAS ************0- NO pide observaciones linia .,1- Pide observaciones linia. 2 - No pideobservaciones pero se cargan y se graban,,,, ,0,1,1_187
1,188,*********  ALBARANES VENTAS ************0- NO pide observaciones linia .,1- Pide observaciones linia. 2 - No pideobservaciones pero se cargan y se graban,,,, ,0,1,1_188
1,189,**********  PEDIDOS COMPRAS ************0- NO pide observaciones linia .,1- Pide observaciones linia. 2 - No pideobservaciones pero se cargan y se graban,,,, ,1,1,1_189
1,190,********  ALBARANES COMPRAS ************0- NO pide observaciones linia .,1- Pide observaciones linia. 2 - No pideobservaciones pero se cargan y se graban,,,, ,1,1,1_190
1,200,Segundo precio en lineas para pedidos.(PV).,0 - Desactivado                         1 - Activado,,,,,0,1,1_200
1,201,Segundo precio en lineas para albaranes.(SV).,0 - Desactivado.                        1 - Activado.,,,,,0,1,1_201
1,202,**** CONTROL VENDEDOR PP ***************0 - Desactivado,1 - Activado. Es obligatorio la introduccion del vendedor uno .,,,,,0,1,1_202
1,203,COMISION UNO EN VENTAS POR VENDEDOR Y FAMILIA DEL ARTICULO.,0 - Por la tabla m050103                1 - Por la tabla m050101,,,,,0,1,1_203
1,204,APLICAR IMPUESTO RESIDUOS CARNICOS.       ********   VENTAS   ***********,0 - Desactivado                         1 - Activado,,,,,0,1,1_204
1,205,*** CENTRO COSTE*USUARIO EN CONTAB. ***, 0 - Desactivado                         1 - Activado,,,,,0,1,1_205
1,125,** NUMERO DE INTENTOS TABLA BLOQUEADA **'0' No existe control.,"'1' Codigo integer es el numero de          intentos, si se agota pregunta.",50,,,,0,1,1_125
1,126,*ENTRADA FRACCIONADA CODIGO ARTICULO-PP*'0' Entrada Normal Codigo Articulo.,'1' Entrada Fraccionada Codigo Articulo.,,,,,0,1,1_126
1,127,*ENTRADA FRACCIONADA CODIGO ARTICULO-PV*'0' Entrada Normal Codigo Articulo.,'1' Entrada Fraccionada Codigo Articulo.,,,,,0,1,1_127
1,128,*ENTRADA FRACCIONADA CODIGO ARTICULO-SV*'0' Entrada Normal Codigo Articulo.,'1' Entrada Fraccionada Codigo Articulo.,,,,,0,1,1_128
1,129,*ENTRADA FRACCIONADA CODIGO ARTICULO-PC*'0' Entrada Normal Codigo Articulo.,'1' Entrada Fraccionada Codigo Articulo.,,,,,0,1,1_129
1,130,*ENTRADA FRACCIONADA CODIGO ARTICULO-EC*'0' Entrada Normal Codigo Articulo.,'1' Entrada Fraccionada Codigo Articulo.,,,,,0,1,1_130
1,131,* CONSULTA DOC. PENDIENTES (F5) VENTAS *    * PARA LAS SUBCUENTAS MANUALES *,'0' Muestra Titulo Subcuenta.           '1' Muestra Titulo Subcuenta Manual.,,,,,0,1,1_131
1,27,Precio en Compras:                      `0` carga precio Oferta/Tarifa.,`1` carga precio Ultima Compra.,,,, ,0,1,1_27
1,51,*** NO SE USA ***,,,,,,0,1,1_51
1,36,Pedidos VENTA  (Multidivisa).           1: Abre automaticamente la ventana de,"   ""CAMBIO MONEDA"".                     0: No abre la ventana (si existe cambio)",,,,,0,1,1_36
1,53,Salto en agrupacion de la Fact. Agrupada* '0' No tiene en cuenta vendedor 1,* '1' Tiene en cuenta vendedor_1,,,,,0,1,1_53
1,23,`1` Si se entra una compra con fecha anterior a la ultima o bien se borra una co,"mpra,muestra un mensaje aviso del PMP   `0` No avisa.",,,, ,0,1,1_23
1,54,*** NO SE USA ***,,,,,,0,1,1_54
1,55,Precio y descuentos de linea (VENTAS)   0 --> STANDARD,1 --> Combinacion Oferta/Categoria,,,,,0,1,1_55
1,56,"Ventana ""Permitir Facturar Agrupado ...""0 -> Abre la ventana (STANDARD)","1 -> NO abre la ventana. Fijo=""SI""      2 -> NO abre la ventana. Fijo=""NO""",,,,,0,1,1_56
1,57,1 Un contador de pedidos compra único para todos los almacenes.,0 Un contador de pedidos compra para cada almacén.,,,, ,0,1,1_57
1,58,1 Un contador de albaranes compra único para todos los almacenes.,0 Un contador de albaranes compra para cada almacén.,,,, ,0,1,1_58
1,59,1 Un contador de facturas compra único para todos los almacenes.,0 Un contador de facturas compra para cada almacén.,,,, ,0,1,1_59
1,60,Fecha factura (VENTAS)                  0 --> Fecha albaran,1 --> Fecha actual (today),,,,,1,1,1_60
1,61,Fecha factura (COMPRAS)                 0 --> Fecha albaran,1 --> Fecha actual (today),,,,,1,1,1_61
1,62,Desea Imprimir Presupuesto ..   (VENTAS)0 --> Abre la ventana y pregunta.,1 --> No abre la ventana. Fijo=NO.      2 --> No abre la ventana. Fijo=SI.,,,,,0,1,1_62
1,63,Desea Imprimir Pedido ..        (VENTAS)0 --> Abre la ventana y pregunta.,1 --> No abre la ventana. Fijo=NO.      2 --> No abre la ventana. Fijo=SI.,,,,,0,1,1_63
1,64,Desea Imprimir Albaran ..       (VENTAS)0 --> Abre la ventana y pregunta.,1 --> No abre la ventana. Fijo=NO.      2 --> No abre la ventana. Fijo=SI.,,,,,0,1,1_64
1,65,Desea Imprimir Factura ..       (VENTAS)0 --> Abre la ventana y pregunta.,1 --> No abre la ventana. Fijo=NO.      2 --> No abre la ventana. Fijo=SI.,,,,,0,1,1_65
1,83,>>> PEDIDOS COMPRA <<<  ** Formatos **  '0' Imprime formatos en tipo caracter,'1' Imprime formatos en tipo Grafico    '2' Pregunta el tipo: caracter o Grafico,,,,                                        *** SOLO EFECTIVO SI PARAMETRO 82=1 ***,2,1,1_83
1,67,Desea Imprimir Albaran ..      (COMPRAS)0 --> Abre la ventana y pregunta.,1 --> No abre la ventana. Fijo=NO.      2 --> No abre la ventana. Fijo=SI.,,,,,0,1,1_67
1,68,Desea Imprimir Factura ..      (COMPRAS)0 --> Abre la ventana y pregunta.,1 --> No abre la ventana. Fijo=NO.      2 --> No abre la ventana. Fijo=SI.,,,,,0,1,1_68
1,69,Aplicacion Cargos/Abonos (COMPRAS)      0 -> Sobre total factura.,1 -> Sobre base imponible.,,,,,1,1,1_69
1,70,*** NO SE USA ***,,,,,,0,1,1_70
1,71,*** NO SE USA ***,,,,,,0,1,1_71
1,72,*** NO SE USA ***,,,,,,0,1,1_72
1,73,0: Empresa NO trabaja con lotes.        1: Empresa trabaja con lotes.,,,,,,0,1,1_73
1,75,Centro :                                0 - No trabaja con centros.,"1 - Trabaja con centro y p_s (Standard) 2 - Trabaja con centro,p_s y p_sd(Aecoc)",,,,,0,1,1_75
1,76,Medidas informativas articulo (ESPUMES) 0 - Desactivado.,1 - Pide medidas informativas articulo.,,,,,0,1,1_76
1,132,* CONSULTA DOC. PENDIENTES (F5) COMPRAS*    * PARA LAS SUBCUENTAS MANUALES *,'0' Muestra Titulo Subcuenta.           '1' Muestra Titulo Subcuenta Manual.,,,,,0,1,1_132
1,133,0 - Desactivado. Solo comprobara que la empresa alternativa existe.,1 - Comprobara que sea la que marca el  auxiliar de la empresa como alternativa.,,,,,0,1,1_133
1,134,*FECHA SERV. EN OBSERVACION 3 DE LINEAS*'0' - Funcionamiento Normal.,'1' - Fecha Serv. en Observacion 3 de         lineas de Albaranes.,,,,,0,1,1_134
1,135,*CONTROL EXISTENCIA PEDIDO EN ALBARANES*'0' No Abrir la Ventana - Fijo = No.,'1' No Abrir la Ventana - Fijo = Si.    '2' Abrir la Ventana.,,,,,0,1,1_135
19,30011,0 - Acumula el risc per moneda del document o efecte,1 - Acumula el risc per moneda base empresa ,,,,"",1,19,19_30011
1,137,** F5 ARTICULOS LINEAS DOCUMENTO - PP **'0' No muestra Artic. con Ficha Cerrada.,'1' Muestra Articulo  con Ficha Cerrada.,,,,,0,1,1_137
1,138,** F5 ARTICULOS LINEAS DOCUMENTO - PV **'0' No muestra Artic. con Ficha Cerrada.,'1' Muestra Articulo  con Ficha Cerrada.,,,,,0,1,1_138
1,139,** F5 ARTICULOS LINEAS DOCUMENTO - SV **'0' No muestra Artic. con Ficha Cerrada.,'1' Muestra Articulo  con Ficha Cerrada.,,,,,0,1,1_139
1,140,** F5 ARTICULOS LINEAS DOCUMENTO - PC **'0' No muestra Artic. con Ficha Cerrada.,'1' Muestra Articulo  con Ficha Cerrada.,,,,,0,1,1_140
1,141,** F5 ARTICULOS LINEAS DOCUMENTO - EC **'0' No muestra Artic. con Ficha Cerrada.,'1' Muestra Articulo  con Ficha Cerrada.,,,,,0,1,1_141
1,142,** F5 ARTICULOS LINEAS DOCUMENTO - EF **'0' No muestra Artic. con Ficha Cerrada.,'1' Muestra Articulo  con Ficha Cerrada.,,,,,0,1,1_142
1,143,** F5 ARTICULOS LINEAS DOCUMENTO - TR **'0' No muestra Artic. con Ficha Cerrada.,'1' Muestra Articulo  con Ficha Cerrada.,,,,,0,1,1_143
1,144,** F5 ARTICULOS LINEAS DOCUMENTO - EI **'0' No muestra Artic. con Ficha Cerrada.,'1' Muestra Articulo  con Ficha Cerrada.,,,,,0,1,1_144
1,145,** F5 ARTICULOS LINEAS DOCUMENTO - OR **'0' No muestra Artic. con Ficha Cerrada.,'1' Muestra Articulo  con Ficha Cerrada.,,,,,0,1,1_145
1,146,** F5 ARTICULOS LINEAS DOCUMENTO - GE **'0' No muestra Artic. con Ficha Cerrada.,'1' Muestra Articulo  con Ficha Cerrada.,,,,,0,1,1_146
1,199,Segundo precio en lineas para  comisiones. (Presupuestos).,0 - Desactivado.                        1 - Activado,,,,,0,1,1_199
1,104,** ASIGNACION DE LOTES EN FABRICACION **'0' Selecciona UN   Lote  x Cantidad,'1' Selecciona DIF. Lotes x Cantidad,,,,,0,1,1_104
1,91,>>> FACTURAS VENTA <<<  ** Formatos **  '0' Imprime formatos en tipo caracter,'1' Imprime formatos en tipo Grafico    '2' Pregunta el tipo: caracter o Grafico,,,,                                        *** SOLO EFECTIVO SI PARAMETRO 82=1 ***,1,1,1_91
1,25,`1` Abrir ventana mostrando precios         (Lineas de VENTAS).,`0` NO abrir la ventana.,,,, ,1,1,1_25
1,105,Especial Maquinaria Grau                0 Desactivado,1 Activado,,,,,0,1,1_105
1,106,   ** CONTROL BAJA PROVEEDOR **         0 - Desactivado,1 - Activado,,,,,0,1,1_106
1,107,  **** CONTROL BAJAS DE ARTICULOS ****  '0' - No se realiza el Control,'1' - Se realiza el Control,,,,,0,1,1_107
1,108,     *** CONTROL BAJA CLIENTES ***      '0' - Se realiza el Control,'1' - No Se realiza el Control,,,,,0,1,1_108
1,109,   ***** CONTROL DE REBUTS *******      0 - Orden siempre sera 1,1 - Orden sera el que este en la tabla.,,,,,0,1,1_109
1,33,Presupuestos VENTA  (Multidivisa).      1: Abre automaticamente la ventana de,"   ""CAMBIO MONEDA"".                     0: No abre la ventana (si existe cambio)",,,,,0,1,1_33
1,31,*** NO SE USA ***,,,,, ,0,1,1_31
1,32,Presupuestos VENTA.                     1: Abre automaticamente la ventana de,"   ""PRESUPUESTOS PENDIENTES"".           0: No abre la ventana automaticamente.",,,,,1,1,1_32
1,110,* CUMPLIMENTACION DE PEDIDO * MILANESA!!'0' - Realizar Preg. '1' - Modif. Pedido,'2' - Generar Alb.   '3' - Generar Fac. '4' - Segun Cantidad-pv,,,,,0,1,1_110
1,37,Pedidos VENTA.                          1: Abre automaticamente la ventana de,"   ""VENDEDORES"".                        0: No abre la ventana automaticamente.",,,,,0,1,1_37
1,34,Presupuestos VENTA.                     1: Abre automaticamente la ventana de,"   ""VENDEDORES"".                        0: No abre la ventana automaticamente.",,,,,0,1,1_34
1,39,Albaranes VENTA  (Multidivisa).         1: Abre automaticamente la ventana de,"   ""CAMBIO MONEDA"".                     0: No abre la ventana (si existe cambio)",,,,,0,1,1_39
1,40,Albaranes VENTA.                        1: Abre automaticamente la ventana de,"   ""VENDEDORES"".                        0: No abre la ventana automaticamente.",,,,,0,1,1_40
1,38,Albaranes VENTA.                        1: Abre automaticamente la ventana de,"   ""PEDIDOS PENDIENTES SERVIR"".         0: No abre la ventana automaticamente.",,,,,1,1,1_38
1,42,Facturas VENTA  (Multidivisa).          1: Abre automaticamente la ventana de,"   ""CAMBIO MONEDA""                      0: No abre la ventana (si existe cambio)",,,,,0,1,1_42
1,50,"1) Cuando calcula la cantidad con las medidas, estas son divididas por el valor",que haya en Codigo integer.             0) Calcula normal.,1000,,,,0,1,1_50
1,41,Facturas VENTA.                         1: Abre automaticamente la ventana de,"   ""ALBARANES PENDIENTES FACTURAR"".     0: No abre la ventana automaticamente.",,,,,1,1,1_41
1,49,Facturas COMPRA  (Multidivisa).         1: Abre automaticamente la ventana de,"   ""CAMBIO MONEDA"".                     0: No abre la ventana (si existe cambio)",,,,,0,1,1_49
1,102,*** CONTADOR LOTES PARA FABRICACION *** '0' Numera utilizando contador ct001,'1' Numera utilizando Numero Documento,,,,,0,1,1_102
1,44,Pedidos COMPRA.                         1: Abre automaticamente la ventana de,"   ""PEDIDOS PENDIENTES RECIBIR"".        0: No abre la ventana automaticamente.",,,,,1,1,1_44
1,24,`1` En el mantenimiento de compras pide     el plazo de entrega en dias.,`0` En el mantenimiento de compras no       pide el plazo de entraga.       .,,,, ,1,1,1_24
1,46,Albaranes COMPRA.                       1: Abre automaticamente la ventana de,"   ""PEDIDOS PENDIENTES RECIBIR"".        0: No abre la ventana automaticamente.",,,,,1,1,1_46
1,45,Pedidos COMPRA  (Multidivisa).          1: Abre automaticamente la ventana de,"   ""CAMBIO MONEDA"".                     0: No abre la ventana (si existe cambio)",,,,,0,1,1_45
1,48,Facturas COMPRA.                        1: Abre automaticamente la ventana de,"   ""ALBARANES PENDIENTES FACTURAR"".     0: No abre la ventana automaticamente.",,,,,1,1,1_48
1,47,Albaranes COMPRA  (Multidivisa).        1: Abre automaticamente la ventana de,"   ""CAMBIO MONEDA"".                     0: No abre la ventana (si existe cambio)",,,,,0,1,1_47
1,111,* RESTO PEDIDOS * MILANESA !!!          '0' - Realizar la Pregunta.,'1' - Anular Lineas de Pedidos.         '2' - Dejar Lineas como Resto.,,,,,0,1,1_111
999,30008,0 - Agrupa Clientes-riesgo por dni_nif 1 - No agrupa el riesgo,a_acumula_riscos,,,,"",0,999,999_30008
1,112,* CONDICIONES DE IMPRESION * MILANESA!!!'0' - Realizar la Pregunta,'1' - Valorado      '2' - No Valorado   '3' - Segun Condiciones,,,,,0,1,1_112
1,113,*** OFERTAS POR MATRIZ DE ARTICULOS ****, 0 - Desactivado                         1 - Activado,4,,,En codigo integer va el numero de caracter que se corta el articulo para matriz.,0,1,1_113
1,115,* CONTADOR ESPECIAL  FACTURAS SERVICIO *,'0' - Utiliza el de Contador de Compras.'1' - Contador Aparte.,,,,,0,1,1_115
1,116,ORDEN DE FABRICACION (CIERRE)           0 --> se puede cerrar por una cantidad,      mayor a la cantidad de apertura.  1 --> No se puede cerrar cantidad mayor.,,,,,0,1,1_116
1,117,* SELECCION CAMBIO FACTURANDO ALBARAN * 0 - Se utilizara el cambio del Albaran,1 - Se busca cambio a fecha de factura  2 - Si el cambio es diferente preguntara,,,,*** FACTURAS DIRECTAS DE VENTAS ***,0,1,1_117
1,118,* SELECCION CAMBIO FACTURANDO ALBARAN * 0 - Se utilizara el cambio del Albaran,1 - Se busca cambio a fecha de factura,,,,*** FACTURAS AGRUPADAS DE VENTAS ***,0,1,1_118
1,119,* SELECCION CAMBIO FACTURANDO ALBARAN * 0 - Se utilizara el cambio del Albaran,1 - Se busca cambio a fecha de factura  2 - Si el cambio es diferente preguntara,,,,*** FACTURAS DIRECTAS DE COMPRAS ***,0,1,1_119
1,121,*** Utilizacion Subcta Facturacion ***  0 - Agrupa por Subcta y subcta factura-,    cion solamente para la direccion    1 - Agrupa por subcta facturacion,,,,*** FACTURAS DE VENTAS ***,0,1,1_121
1,122,*** Utilizacion Subcta Facturacion ***  0 - Agrupa por Subcta y subcta factura-,    cion solamente para la direccion    1 - Agrupa por subcta facturacion,,,,*** FACTURAS DE COMPRAS ***,0,1,1_122
1,123,BAJA PEDIDO CON CANTIDADES SERVIDAS-VTAS'0' - Baja Normal del Pedido.,'1' - Opcion Eliminar o Liquidar Pedido.,,,,,1,1,1_123
1,124,BAJA PEDIDO CON CANTIDADES SERVIDAS-CPRS'0' - Baja Normal del Pedido,'1' - Opcion Eliminar o Liquidar Pedido.,,,,,1,1,1_124
1,1,1 Pide fecha de servicio en presupuestos de venta y pedios de compra y de venta,0 No pide fecha de servicio,,,, ,0,1,1_1
1,85,>>>FACTURAS  COMPRA<<<  ** Formatos **  '0' Imprime formatos en tipo caracter,'1' Imprime formatos en tipo Grafico    '2' Pregunta el tipo: caracter o Grafico,,,,                                        *** SOLO EFECTIVO SI PARAMETRO 82=1 ***,0,1,1_85
1,86,>>>AGRUPADA COMPRAS<<<  ** Formatos **  '0' Imprime formatos en tipo caracter,'1' Imprime formatos en tipo Grafico    '2' Pregunta el tipo: caracter o Grafico,,,,                                        *** SOLO EFECTIVO SI PARAMETRO 82=1 ***,0,1,1_86
1,87,>>>SERVICIOS COMPRA<<<  ** Formatos **  '0' Imprime formatos en tipo caracter,'1' Imprime formatos en tipo Grafico    '2' Pregunta el tipo: caracter o Grafico,,,,                                        *** SOLO EFECTIVO SI PARAMETRO 82=1 ***,0,1,1_87
1,5,1 Numera el ristro de I.V.A. en la creación de facturas de compra y venta y en a,puntes contables. 0 El registro de I.V.A. se numera al listar,,,,,0,1,1_5
999,299,**** FACTURACION DIRECTA ALBARAN *******0 - Desactivado.,1 - Si es facturacion diaria pasa a albaran.,,,,,0,999,999_299
1,89,>>> PEDIDOS  VENTA <<<  ** Formatos **  '0' Imprime formatos en tipo caracter,'1' Imprime formatos en tipo Grafico    '2' Pregunta el tipo: caracter o Grafico,,,,                                        *** SOLO EFECTIVO SI PARAMETRO 82=1 ***,0,1,1_89
1,96,>>ENTRADA FABRICACION<  ** Formatos **  '0' Imprime formatos en tipo caracter,'1' Imprime formatos en tipo Grafico    '2' Pregunta el tipo: caracter o Grafico,,,,                                        *** SOLO EFECTIVO SI PARAMETRO 82=1 ***,1,1,1_96
1,92,>>>AGRUAPADA  VENTA<<<  ** Formatos **  '0' Imprime formatos en tipo caracter,'1' Imprime formatos en tipo Grafico    '2' Pregunta el tipo: caracter o Grafico,,,,                                        *** SOLO EFECTIVO SI PARAMETRO 82=1 ***,1,1,1_92
1,21,"Calculo Precios Iva Incluido :          0-No calcula, esta entrado en la Tarifa.",1-Al precio le suma el Iva.,,,, ,1,1,1_21
1,196,"Doble moneda base en apuntes , facturas compra y servicio.",0 - Desactivado.                        1 - Activado.,,,,,0,1,1_196
1,93,>>>TIQUETS DE VENTA<<<  ** Formatos **  '0' Imprime formatos en tipo caracter,'1' Imprime formatos en tipo Grafico    '2' Pregunta el tipo: caracter o Grafico,,,,                                        *** SOLO EFECTIVO SI PARAMETRO 82=1 ***,0,1,1_93
1,52,Restos en Presupuestos:                 Param = 0 --> NUNCA DEJA EL RESTO.,Param = 1 --> SIEMPRE DEJA EL RESTO.    Param = 2 --> PREGUNTA SI LO DEJA O NO.,,,,,2,1,1_52
1,19,1. Avisara cuando un Cliente no tiene   Ofertas ni descuentos por Categoria para,un Articulo.                            0. No avisara,,,, ,0,1,1_19
1,26,`1` Abrir ventana mostrando precios         (Lineas de COMPRAS).,`0` NO abrir la ventana.,,,, ,1,1,1_26
1,94,>>ORD. REPARACIONES<<<  ** Formatos **  '0' Imprime formatos en tipo caracter,'1' Imprime formatos en tipo Grafico    '2' Pregunta el tipo: caracter o Grafico,,,,                                        *** SOLO EFECTIVO SI PARAMETRO 82=1 ***,0,1,1_94
1,95,>>SALIDA FABRICACION<<  ** Formatos **  '0' Imprime formatos en tipo caracter,'1' Imprime formatos en tipo Grafico    '2' Pregunta el tipo: caracter o Grafico,,,,                                        *** SOLO EFECTIVO SI PARAMETRO 82=1 ***,1,1,1_95
1,198,0 - Funcionamiento normal.              1 - Precio en tarifas a nivel de miles y, utilizacion en ventas a nivel de unidad(con la clave del articulo) COMPRAS .,,,,,0,1,1_198
1,90,>>>ALBARANES  VENTA<<<  ** Formatos **  '0' Imprime formatos en tipo caracter,'1' Imprime formatos en tipo Grafico    '2' Pregunta el tipo: caracter o Grafico,,,,                                        *** SOLO EFECTIVO SI PARAMETRO 82=1 ***,1,1,1_90
1,97,>>TRASPASOS ALMACEN<<<  ** Formatos **  '0' Imprime formatos en tipo caracter,'1' Imprime formatos en tipo Grafico    '2' Pregunta el tipo: caracter o Grafico,,,,                                        *** SOLO EFECTIVO SI PARAMETRO 82=1 ***,0,1,1_97
1,98,**** CONTROL USUARIO/VENDEDOR ***       '0' No se efectua el control,'1' Control solamente en consultas      '2' Control en altas y consultas,,,,"parametro efectivo sobre ma5v0101,      co1m0301 y formatos particulares.",0,1,1_98
1,2,1 Aplica oferta. Si precio oferta = 0 aplica precio tarifa y dtos oferta. Si ofe,rta no existe aplica tarifa. 0 Siempre aplica tarifa,,,, ,1,1,1_2
1,4,1 Pide el centro de coste en las lineas de factura de compra y en apuntes contab,les. 0 No pide el centro de coste,,,, ,0,1,1_4
1,100,*** OBSERVACIONES LINEA EN DESPIECES ***'0' No pide las observaciones,'1' Pide las observaciones.,,,,,0,1,1_100
1,30011,0 - Acumula el risc per moneda del document o efecte,1 - Acumula el risc per moneda base empresa ,,,,"",1,1,1_30011
999,20009,0 - Cobro o Pago Efectos con la moneda del efecto (PB),1 - Cobro o Pago Efectos con moneda base (PB),,,,,0,999,999_20009
999,30009, 0 - No tanca la fitxa del client si el risc esta excedit , 1 - Tanca la fitxa del client si el risc esta excedit ,,,,"",0,999,999_30009
999,30010, 0 - Desactivat , 1 - Si la subcta te impagat dona alta observacions m0209 ,,,,"",0,999,999_30010
999,30011,0 - Acumula el risc per moneda del document o efecte,1 - Acumula el risc per moneda base empresa ,,,,"",0,999,999_30011
1,3,"1 Permite modificar el I.V.A. de la lineas en presupuestos, pedidos, albaranes y",facturas de compra y de venta. 0 No permite modificar el I.V.A.,,,, ,0,1,1_3
1,7,1 Pide el número de bultos de envio en albaranes y facturas de venta. 0 No pide,el número de bultos,,,, ,1,1,1_7
1,8,0 El cálculo de vencimientos considera los meses naturales. 1 Considera los mese,s de treinta dias.,,,, ,1,1,1_8
1,9,"1 Un contador, de pedidos de compra / venta, único para todos los almacenes.","0 Un contador, de pedidos de compra / venta, para cada almacén",,,, ,1,1,1_9
1,219,***************** PMP ******************,0 - Realiza el calculo del pmp.         1 - No realiza el calculo del pmp.,,,,,0,1,1_219
1,10,"1 Un contador, de presup. de compra / venta, único para todos los almacenes.","0 Un contador, de presup. de compra / venta, para cada almacen",,,, ,1,1,1_10
1,11,"1 Un contador, de albaranes de compra / venta, único para todos los almacenes.","0 Un contador, de albaranes de compra / venta, para cada almacen",,,, ,1,1,1_11
1,12,"1 Un contador, de facturas de compra / venta, único para todos los almacenes.","0 Un contador, de facturas de compra / venta para cada almacén",,,, ,1,1,1_12
1,13,1 Un P.M.P único para todos los almacenes. 0 un P.M.P. para cada almacén, ,,,, ,1,1,1_13
1,35,Pedidos VENTA.                          1: Abre automaticamente la ventana de,"   ""PEDIDOS/PRESUPUESTOS PENDIENTES"".   0: No abre la ventana automaticamente.",,,,,0,1,1_35
1,43,Facturas VENTA.                         1: Abre automaticamente la ventana de,"   ""VENDEDORES"".                        0: No abre la ventana automaticamente.",,,,,0,1,1_43
1,88,>>PRESUPUESTOS VENTA<<  ** Formatos **  '0' Imprime formatos en tipo caracter,'1' Imprime formatos en tipo Grafico    '2' Pregunta el tipo: caracter o Grafico,0,,,C.Int:0-Pres 1-F.Prof 2-Fact 3-Pregunta *** SOLO EFECTIVO SI PARAMETRO 82=1 ***,2,1,1_88
1,99,*** ORDENACION AL GRABAR DESPIECES ***  '0' Pregunta antes de grabar como ordena,'1' Graba fijo por orden de entrada     '2' Graba fijo por orden de codigo Art.,,,,,1,1,1_99
999,30012,0 - Activa los riesgos de proveedores en nuevas altas. ,1 - Desactiva los riesgos de proveedores en nuevas altas.(lim. cred. 999999999) ,,,,"",0,999,999_30012
999,1348,** GESTION DE VENTAS ** NO PERMITE EFECTIVO EN CAJA SUPERIOR AL IMPORTE INDICADO,0 - DESACTIVADO 1 - ACTIVADO ( OBLIGATORIO ) 2 - ACTIVADO Y PREGUNTA,,2500.000000,,,0,999,999_1348
19,1348,** GESTION DE VENTAS ** NO PERMITE EFECTIVO EN CAJA SUPERIOR AL IMPORTE INDICADO,0 - DESACTIVADO 1 - ACTIVADO ( OBLIGATORIO ) 2 - ACTIVADO Y PREGUNTA,,2500.000000,,,1,19,19_1348
1,1348,** GESTION DE VENTAS ** NO PERMITE EFECTIVO EN CAJA SUPERIOR AL IMPORTE INDICADO,0 - DESACTIVADO 1 - ACTIVADO ( OBLIGATORIO ) 2 - ACTIVADO Y PREGUNTA,,2500.000000,,,1,1,1_1348
1,136,*VER ASIENTO DESPUES DE GENERAR FACTURA*'0' No Abrir la Ventana - Fijo = No.,'1' No Abrir la Ventana - Fijo = Si.    '2' Abrir la Ventana.,,,,,0,1,1_136
1,20,1 --> Albaranes y Facturas trabaja en         forma Textil.,0 --> Trabaja en forma Standard.,,,, ,0,1,1_20
1,30,Pedidos de COMPRA :                     `1` - Pide Fecha de servicio.,`0` - No pide Fecha de Servicio.,,,, ,0,1,1_30
1,16,<P> <CTBLE> <IVA >  <P> <CTBLE> < IVA  > 1  F.Doc.  F.Doc.   4  F.Unix  F.Unix, 2  F.Doc.  F.Unix   5  F.Doc.  =F.Ctble 3  F.Unix  F.Doc.   6  F.Unix  =F.Ctble,,,,Posibilidadaes fechas: CONTABLE e IVA   *** NOTA: Ligado al parametro 78 (NUEVO),1,1,1_16
1,6,1 Rebaja el stock del componente al introducir la O.F.. 0 Rebaja el stock de com,ponente al cerrar la O.F.,,,, ,0,1,1_6
1,77,Subcuentas del Iva por variantes:       0 - No trabaja con variantes.,1 - Trabaja con variantes.,,,,,0,1,1_77
1,78,FECHAS CONTABLE Y FECHA IVA :, 0 - Funcionamiento Automatico           1 - Funcionamiento Manual,,,,*** NOTA: Ligado al parametro 16,1,1,1_78
1,79,ACTUACION DEL DTO. PRONTO PAGO EN VENTAS'1' Contempla lineas de documento que no,    se le aplicara el Dto. P.P.         '0' Se aplica a todo el documento.,,,,,0,1,1_79
1,80,MODIFICACION DEL DESCUENTO Y EL PRECIO  '1' No se puede modificar los valores de,    descuento y precio de la linea.     '0' Funcionamiento normal.,,,,,0,1,1_80
1,81,APLICACION DE LA TARA                   '0' No Aplicar la Tara,'1' Aplicar la Tara,,,,,0,1,1_81
1,165,RESERVADO,,,,,,,1,1_165
1,17,0 : Empresa no trabaja con medidas.     1 : Empresa trabaja con medidas., ,,,, ,0,1,1_17
19,30001,Pide Usuario Preparacion Linea Pedido.  0=No Pide usuario y graba $$usuario,1=Pide usuario preparacion,,,,,0,19,19_30001
1,84,>>>ALBARANES COMPRA<<<  ** Formatos **  '0' Imprime formatos en tipo caracter,'1' Imprime formatos en tipo Grafico    '2' Pregunta el tipo: caracter o Grafico,,,,                                        *** SOLO EFECTIVO SI PARAMETRO 82=1 ***,0,1,1_84
