empresa,ejercicio,almacen,documento,tipo_movimiento,linea_documento,linea_medida,bultos,cantidad,largo,ancho,grueso,procede,empresa_id,almacen_id,documento_id,linea_documento_id,name
1,2023,1,3069,SF,3,1,1.000,0.005,15.000,0.000,0.000,2,1,1_1,1_1_SF_3069,1_1_SF_3069_3,1_1_SF_3069_3
1,2023,1,3065,SF,1,1,1.000,0.127,340.000,55.000,0.000,2,1,1_1,1_1_SF_3065,1_1_SF_3065_1,1_1_SF_3065_1
1,2023,1,2282,SF,6,1,1.000,0.237,325.000,0.000,0.000,2,1,1_1,1_1_SF_2282,1_1_SF_2282_6,1_1_SF_2282_6
1,2023,1,2282,SF,7,1,1.000,0.118,325.000,0.000,0.000,2,1,1_1,1_1_SF_2282,1_1_SF_2282_7,1_1_SF_2282_7
1,2023,1,2282,SF,8,1,1.000,0.249,346.000,0.000,0.000,2,1,1_1,1_1_SF_2282,1_1_SF_2282_8,1_1_SF_2282_8
1,2023,1,3066,SF,1,1,1.000,0.127,340.000,55.000,0.000,2,1,1_1,1_1_SF_3066,1_1_SF_3066_1,1_1_SF_3066_1
1,2023,1,3102,SF,2,1,1.000,0.720,720.000,0.000,0.000,2,1,1_1,1_1_SF_3102,1_1_SF_3102_2,1_1_SF_3102_2
1,2023,1,3184,SF,1,1,1.000,0.390,950.000,0.000,0.000,2,1,1_1,1_1_SF_3184,1_1_SF_3184_1,1_1_SF_3184_1
1,2023,1,3178,SF,2,1,1.000,2.500,2500.000,0.000,0.000,2,1,1_1,1_1_SF_3178,1_1_SF_3178_2,1_1_SF_3178_2
1,2023,1,3037,SF,1,1,1.000,0.004,120.000,10.445,0.000,2,1,1_1,1_1_SF_3037,1_1_SF_3037_1,1_1_SF_3037_1
1,2023,1,3034,SF,1,1,1.038,0.123,795.000,22.000,0.000,2,1,1_1,1_1_SF_3034,1_1_SF_3034_1,1_1_SF_3034_1
1,2023,1,3035,SF,1,1,1.063,0.137,795.000,24.000,0.000,2,1,1_1,1_1_SF_3035,1_1_SF_3035_1,1_1_SF_3035_1
1,2023,1,3036,SF,1,1,1.063,0.137,795.000,24.000,0.000,2,1,1_1,1_1_SF_3036,1_1_SF_3036_1,1_1_SF_3036_1
1,2023,1,3133,SF,2,1,1.000,6.000,6000.000,0.000,0.000,2,1,1_1,1_1_SF_3133,1_1_SF_3133_2,1_1_SF_3133_2
1,2023,1,3133,SF,3,1,1.000,1.500,1500.000,0.000,0.000,2,1,1_1,1_1_SF_3133,1_1_SF_3133_3,1_1_SF_3133_3
1,2023,1,3133,SF,7,1,1.000,0.050,50.000,0.000,0.000,2,1,1_1,1_1_SF_3133,1_1_SF_3133_7,1_1_SF_3133_7
1,2023,1,3133,SF,8,1,1.000,0.050,50.000,0.000,0.000,2,1,1_1,1_1_SF_3133,1_1_SF_3133_8,1_1_SF_3133_8
1,2023,1,3134,SF,1,1,2.000,0.311,115.000,100.000,0.000,2,1,1_1,1_1_SF_3134,1_1_SF_3134_1,1_1_SF_3134_1
1,2023,1,3119,SF,1,1,1.000,0.226,310.000,0.000,0.000,2,1,1_1,1_1_SF_3119,1_1_SF_3119_1,1_1_SF_3119_1
1,2023,1,3119,SF,2,1,166.000,0.013,55.000,2.000,0.000,2,1,1_1,1_1_SF_3119,1_1_SF_3119_2,1_1_SF_3119_2
1,2023,1,3111,SF,1,1,0.899,0.017,18.550,0.000,0.000,2,1,1_1,1_1_SF_3111,1_1_SF_3111_1,1_1_SF_3111_1
1,2023,1,3134,SF,3,1,1.000,0.018,90.000,15.000,0.000,2,1,1_1,1_1_SF_3134,1_1_SF_3134_3,1_1_SF_3134_3
1,2023,1,3120,SF,1,1,25.000,0.615,60.000,0.000,0.000,2,1,1_1,1_1_SF_3120,1_1_SF_3120_1,1_1_SF_3120_1
1,2023,1,3134,SF,4,1,1.000,0.226,50.000,0.000,0.000,2,1,1_1,1_1_SF_3134,1_1_SF_3134_4,1_1_SF_3134_4
1,2023,1,3270,SF,2,1,2.000,0.393,250.000,0.000,0.000,2,1,1_1,1_1_SF_3270,1_1_SF_3270_2,1_1_SF_3270_2
1,2023,1,3152,SF,1,1,1.001,0.033,33.000,0.000,0.000,2,1,1_1,1_1_SF_3152,1_1_SF_3152_1,1_1_SF_3152_1
1,2023,1,3071,SF,1,1,1.000,0.368,225.000,0.000,0.000,2,1,1_1,1_1_SF_3071,1_1_SF_3071_1,1_1_SF_3071_1
1,2023,1,3134,SF,5,1,2.000,0.054,214.000,0.000,0.000,2,1,1_1,1_1_SF_3134,1_1_SF_3134_5,1_1_SF_3134_5
1,2023,1,3134,SF,6,1,6.500,0.026,60.000,5.000,0.000,2,1,1_1,1_1_SF_3134,1_1_SF_3134_6,1_1_SF_3134_6
1,2023,1,3146,SF,1,1,1.100,0.003,20.000,20.000,0.000,2,1,1_1,1_1_SF_3146,1_1_SF_3146_1,1_1_SF_3146_1
1,2023,1,3155,SF,1,1,1.002,0.049,49.000,0.000,0.000,2,1,1_1,1_1_SF_3155,1_1_SF_3155_1,1_1_SF_3155_1
1,2023,1,3134,SF,7,1,6.500,0.007,50.000,5.000,0.000,2,1,1_1,1_1_SF_3134,1_1_SF_3134_7,1_1_SF_3134_7
1,2023,1,3178,SF,3,1,1.000,3.000,3000.000,0.000,0.000,2,1,1_1,1_1_SF_3178,1_1_SF_3178_3,1_1_SF_3178_3
1,2023,1,3108,SF,1,1,1.000,0.009,153.000,0.000,0.000,2,1,1_1,1_1_SF_3108,1_1_SF_3108_1,1_1_SF_3108_1
1,2023,1,3123,SF,2,1,1.000,1.500,1500.000,0.000,0.000,2,1,1_1,1_1_SF_3123,1_1_SF_3123_2,1_1_SF_3123_2
1,2023,1,3123,SF,9,1,1.000,0.050,50.000,0.000,0.000,2,1,1_1,1_1_SF_3123,1_1_SF_3123_9,1_1_SF_3123_9
1,2023,1,3123,SF,10,1,1.000,0.050,50.000,0.000,0.000,2,1,1_1,1_1_SF_3123,1_1_SF_3123_10,1_1_SF_3123_10
1,2023,1,3123,SF,11,1,1.000,0.003,2.500,0.000,0.000,2,1,1_1,1_1_SF_3123,1_1_SF_3123_11,1_1_SF_3123_11
1,2023,1,3124,SF,1,1,1.000,10.000,10000.000,0.000,0.000,2,1,1_1,1_1_SF_3124,1_1_SF_3124_1,1_1_SF_3124_1
1,2023,1,3124,SF,2,1,1.000,2.000,2000.000,0.000,0.000,2,1,1_1,1_1_SF_3124,1_1_SF_3124_2,1_1_SF_3124_2
1,2023,1,3133,SF,9,1,1.000,0.005,5.000,0.000,0.000,2,1,1_1,1_1_SF_3133,1_1_SF_3133_9,1_1_SF_3133_9
1,2023,1,3125,SF,1,1,2.000,0.426,585.000,0.000,0.000,2,1,1_1,1_1_SF_3125,1_1_SF_3125_1,1_1_SF_3125_1
1,2023,1,3136,SF,1,1,1.000,0.055,171.000,71.000,0.000,2,1,1_1,1_1_SF_3136,1_1_SF_3136_1,1_1_SF_3136_1
1,2023,1,3178,SF,10,1,1.000,0.050,50.000,0.000,0.000,2,1,1_1,1_1_SF_3178,1_1_SF_3178_10,1_1_SF_3178_10
1,2023,1,3187,SF,1,1,1.000,0.029,29.000,0.000,0.000,2,1,1_1,1_1_SF_3187,1_1_SF_3187_1,1_1_SF_3187_1
1,2023,1,3168,SF,1,1,1.067,0.003,3.000,0.000,0.000,2,1,1_1,1_1_SF_3168,1_1_SF_3168_1,1_1_SF_3168_1
1,2023,1,3203,SF,2,1,1.000,2.000,2000.000,0.000,0.000,2,1,1_1,1_1_SF_3203,1_1_SF_3203_2,1_1_SF_3203_2
1,2023,1,3203,SF,9,1,1.000,0.050,50.000,0.000,0.000,2,1,1_1,1_1_SF_3203,1_1_SF_3203_9,1_1_SF_3203_9
1,2023,1,3101,SF,1,1,1.000,0.072,728.000,0.000,0.000,2,1,1_1,1_1_SF_3101,1_1_SF_3101_1,1_1_SF_3101_1
1,2023,1,3101,SF,2,1,20.000,1.196,604.000,0.000,0.000,2,1,1_1,1_1_SF_3101,1_1_SF_3101_2,1_1_SF_3101_2
1,2023,1,3101,SF,3,1,20.000,1.180,596.000,0.000,0.000,2,1,1_1,1_1_SF_3101,1_1_SF_3101_3,1_1_SF_3101_3
1,2023,1,3101,SF,4,1,40.000,1.695,428.000,0.000,0.000,2,1,1_1,1_1_SF_3101,1_1_SF_3101_4,1_1_SF_3101_4
1,2023,1,3101,SF,5,1,120.000,1.663,140.000,0.000,0.000,2,1,1_1,1_1_SF_3101,1_1_SF_3101_5,1_1_SF_3101_5
1,2023,1,3101,SF,6,1,14.000,0.125,90.000,0.000,0.000,2,1,1_1,1_1_SF_3101,1_1_SF_3101_6,1_1_SF_3101_6
1,2023,1,3101,SF,7,1,2.000,0.013,66.000,0.000,0.000,2,1,1_1,1_1_SF_3101,1_1_SF_3101_7,1_1_SF_3101_7
1,2023,1,3203,SF,10,1,1.000,0.050,50.000,0.000,0.000,2,1,1_1,1_1_SF_3203,1_1_SF_3203_10,1_1_SF_3203_10
1,2023,1,3203,SF,11,1,1.000,0.003,2.500,0.000,0.000,2,1,1_1,1_1_SF_3203,1_1_SF_3203_11,1_1_SF_3203_11
1,2023,1,3101,SF,8,1,2.000,0.001,6.000,0.000,0.000,2,1,1_1,1_1_SF_3101,1_1_SF_3101_8,1_1_SF_3101_8
1,2023,1,3281,SF,1,1,1.000,0.005,72.000,10.000,0.000,2,1,1_1,1_1_SF_3281,1_1_SF_3281_1,1_1_SF_3281_1
1,2023,1,3339,SF,1,1,3.000,0.586,305.000,40.000,0.000,2,1,1_1,1_1_SF_3339,1_1_SF_3339_1,1_1_SF_3339_1
1,2023,1,3205,SF,1,1,1.000,72.800,13000.000,0.000,0.000,2,1,1_1,1_1_SF_3205,1_1_SF_3205_1,1_1_SF_3205_1
1,2023,1,3125,SF,2,1,1.000,0.068,165.000,0.000,0.000,2,1,1_1,1_1_SF_3125,1_1_SF_3125_2,1_1_SF_3125_2
1,2023,1,3125,SF,3,1,1.111,0.044,110.000,0.000,0.000,2,1,1_1,1_1_SF_3125,1_1_SF_3125_3,1_1_SF_3125_3
1,2023,1,3126,SF,1,1,2.000,0.861,1183.000,0.000,0.000,2,1,1_1,1_1_SF_3126,1_1_SF_3126_1,1_1_SF_3126_1
1,2023,1,3127,SF,1,1,2.000,0.291,400.000,0.000,0.000,2,1,1_1,1_1_SF_3127,1_1_SF_3127_1,1_1_SF_3127_1
1,2023,1,3126,SF,3,1,2.000,0.007,20.000,0.000,0.000,2,1,1_1,1_1_SF_3126,1_1_SF_3126_3,1_1_SF_3126_3
1,2023,1,3126,SF,4,1,2.000,0.015,20.000,0.000,0.000,2,1,1_1,1_1_SF_3126,1_1_SF_3126_4,1_1_SF_3126_4
1,2023,1,3130,SF,1,1,1.083,0.866,333.000,100.000,0.000,2,1,1_1,1_1_SF_3130,1_1_SF_3130_1,1_1_SF_3130_1
1,2023,1,3130,SF,2,1,1.000,0.314,160.000,0.000,0.000,2,1,1_1,1_1_SF_3130,1_1_SF_3130_2,1_1_SF_3130_2
1,2023,1,3007,SF,4,1,8.000,0.125,30.000,0.000,0.000,2,1,1_1,1_1_SF_3007,1_1_SF_3007_4,1_1_SF_3007_4
1,2023,1,3007,SF,5,1,4.000,0.260,125.000,0.000,0.000,2,1,1_1,1_1_SF_3007,1_1_SF_3007_5,1_1_SF_3007_5
1,2023,1,3007,SF,6,1,2.000,0.447,430.000,0.000,0.000,2,1,1_1,1_1_SF_3007,1_1_SF_3007_6,1_1_SF_3007_6
1,2023,1,3007,SF,7,1,120.000,0.216,45.000,5.000,0.000,2,1,1_1,1_1_SF_3007,1_1_SF_3007_7,1_1_SF_3007_7
1,2023,1,3007,SF,8,1,120.000,0.101,35.000,3.000,0.000,2,1,1_1,1_1_SF_3007,1_1_SF_3007_8,1_1_SF_3007_8
1,2023,1,3205,SF,2,1,3.000,0.684,200.000,20.000,0.000,2,1,1_1,1_1_SF_3205,1_1_SF_3205_2,1_1_SF_3205_2
1,2023,1,3205,SF,3,1,3.000,7.257,1025.000,0.000,0.000,2,1,1_1,1_1_SF_3205,1_1_SF_3205_3,1_1_SF_3205_3
1,2023,1,3205,SF,4,1,6.000,9.346,660.000,0.000,0.000,2,1,1_1,1_1_SF_3205,1_1_SF_3205_4,1_1_SF_3205_4
1,2023,1,3032,SF,4,1,16.000,0.250,30.000,0.000,0.000,2,1,1_1,1_1_SF_3032,1_1_SF_3032_4,1_1_SF_3032_4
1,2023,1,3045,SF,1,1,1.063,0.143,795.000,25.000,0.000,2,1,1_1,1_1_SF_3045,1_1_SF_3045_1,1_1_SF_3045_1
1,2023,1,3043,SF,1,1,1.027,0.121,795.000,22.000,0.000,2,1,1_1,1_1_SF_3043,1_1_SF_3043_1,1_1_SF_3043_1
1,2023,1,3044,SF,1,1,1.063,0.143,795.000,25.000,0.000,2,1,1_1,1_1_SF_3044,1_1_SF_3044_1,1_1_SF_3044_1
1,2023,1,3052,SF,1,1,1.000,0.016,16.000,0.000,0.000,2,1,1_1,1_1_SF_3052,1_1_SF_3052_1,1_1_SF_3052_1
1,2023,1,3032,SF,5,1,8.000,0.541,130.000,0.000,0.000,2,1,1_1,1_1_SF_3032,1_1_SF_3032_5,1_1_SF_3032_5
1,2023,1,3032,SF,6,1,4.000,0.894,430.000,0.000,0.000,2,1,1_1,1_1_SF_3032,1_1_SF_3032_6,1_1_SF_3032_6
1,2023,1,3107,SF,1,1,1.200,0.039,200.000,18.000,0.000,2,1,1_1,1_1_SF_3107,1_1_SF_3107_1,1_1_SF_3107_1
1,2023,1,3053,SF,1,1,1.000,0.016,16.000,0.000,0.000,2,1,1_1,1_1_SF_3053,1_1_SF_3053_1,1_1_SF_3053_1
1,2023,1,3170,SF,1,1,1.042,0.020,333.000,0.000,0.000,2,1,1_1,1_1_SF_3170,1_1_SF_3170_1,1_1_SF_3170_1
1,2023,1,3178,SF,11,1,1.000,0.050,50.000,0.000,0.000,2,1,1_1,1_1_SF_3178,1_1_SF_3178_11,1_1_SF_3178_11
1,2023,1,3032,SF,7,1,320.000,0.896,70.000,5.000,0.000,2,1,1_1,1_1_SF_3032,1_1_SF_3032_7,1_1_SF_3032_7
1,2023,1,3177,SF,1,1,1.000,0.200,200.000,0.000,0.000,2,1,1_1,1_1_SF_3177,1_1_SF_3177_1,1_1_SF_3177_1
1,2023,1,3068,SF,1,1,1.000,0.005,67.000,10.000,0.000,2,1,1_1,1_1_SF_3068,1_1_SF_3068_1,1_1_SF_3068_1
1,2023,1,3206,SF,1,1,1.000,0.380,300.000,50.000,0.000,2,1,1_1,1_1_SF_3206,1_1_SF_3206_1,1_1_SF_3206_1
1,2023,1,3205,SF,5,1,12.000,0.991,70.000,0.000,0.000,2,1,1_1,1_1_SF_3205,1_1_SF_3205_5,1_1_SF_3205_5
1,2023,1,3206,SF,4,1,1.000,0.200,200.000,0.000,0.000,2,1,1_1,1_1_SF_3206,1_1_SF_3206_4,1_1_SF_3206_4
1,2023,1,3205,SF,6,1,3.000,0.354,100.000,0.000,0.000,2,1,1_1,1_1_SF_3205,1_1_SF_3205_6,1_1_SF_3205_6
1,2023,1,3235,EF,1,1,1.000,0.000,5940.000,0.000,0.000,2,1,1_1,1_1_EF_3235,1_1_EF_3235_1,1_1_EF_3235_1
1,2023,1,3242,SF,1,1,1.014,0.104,795.000,19.000,0.000,2,1,1_1,1_1_SF_3242,1_1_SF_3242_1,1_1_SF_3242_1
1,2023,1,3178,SF,12,1,1.000,0.005,5.000,0.000,0.000,2,1,1_1,1_1_SF_3178,1_1_SF_3178_12,1_1_SF_3178_12
1,2023,1,3339,SF,2,1,3.000,0.008,17.000,10.000,0.000,2,1,1_1,1_1_SF_3339,1_1_SF_3339_2,1_1_SF_3339_2
1,2023,1,3149,SF,1,1,1.000,0.025,25.000,0.000,0.000,2,1,1_1,1_1_SF_3149,1_1_SF_3149_1,1_1_SF_3149_1
1,2023,1,3339,SF,3,1,2.000,1.263,535.000,0.000,0.000,2,1,1_1,1_1_SF_3339,1_1_SF_3339_3,1_1_SF_3339_3
1,2023,1,3205,SF,7,1,1.000,2.000,2000.000,0.000,0.000,2,1,1_1,1_1_SF_3205,1_1_SF_3205_7,1_1_SF_3205_7
1,2023,1,3154,SF,1,1,1.000,0.066,66.000,0.000,0.000,2,1,1_1,1_1_SF_3154,1_1_SF_3154_1,1_1_SF_3154_1
1,2023,1,3121,SF,1,1,1.000,12.000,12000.000,0.000,0.000,2,1,1_1,1_1_SF_3121,1_1_SF_3121_1,1_1_SF_3121_1
1,2023,1,3339,SF,4,1,3.000,1.470,250.000,0.000,0.000,2,1,1_1,1_1_SF_3339,1_1_SF_3339_4,1_1_SF_3339_4
1,2023,1,3205,SF,8,1,1.000,1.000,1000.000,0.000,0.000,2,1,1_1,1_1_SF_3205,1_1_SF_3205_8,1_1_SF_3205_8
1,2023,1,3206,SF,5,1,1.000,0.100,100.000,0.000,0.000,2,1,1_1,1_1_SF_3206,1_1_SF_3206_5,1_1_SF_3206_5
1,2023,1,3207,SF,1,1,1.000,0.249,346.000,0.000,0.000,2,1,1_1,1_1_SF_3207,1_1_SF_3207_1,1_1_SF_3207_1
1,2023,1,3194,SF,1,1,1.000,0.648,290.000,0.000,0.000,2,1,1_1,1_1_SF_3194,1_1_SF_3194_1,1_1_SF_3194_1
1,2023,1,3156,SF,1,1,1.000,0.018,18.000,0.000,0.000,2,1,1_1,1_1_SF_3156,1_1_SF_3156_1,1_1_SF_3156_1
1,2023,1,3131,SF,1,1,2.000,1.273,535.000,0.000,0.000,2,1,1_1,1_1_SF_3131,1_1_SF_3131_1,1_1_SF_3131_1
1,2023,1,3131,SF,2,1,3.000,1.470,250.000,0.000,0.000,2,1,1_1,1_1_SF_3131,1_1_SF_3131_2,1_1_SF_3131_2
1,2023,1,3131,SF,3,1,3.000,0.586,305.000,40.000,0.000,2,1,1_1,1_1_SF_3131,1_1_SF_3131_3,1_1_SF_3131_3
1,2023,1,3131,SF,4,1,3.000,0.008,17.000,10.000,0.000,2,1,1_1,1_1_SF_3131,1_1_SF_3131_4,1_1_SF_3131_4
1,2023,1,3131,SF,5,1,1.500,0.106,36.000,0.000,0.000,2,1,1_1,1_1_SF_3131,1_1_SF_3131_5,1_1_SF_3131_5
1,2023,1,3103,SF,1,1,1.027,0.121,795.000,22.000,0.000,2,1,1_1,1_1_SF_3103,1_1_SF_3103_1,1_1_SF_3103_1
1,2023,1,3194,SF,2,1,1.000,0.578,295.000,0.000,0.000,2,1,1_1,1_1_SF_3194,1_1_SF_3194_2,1_1_SF_3194_2
1,2023,1,3194,SF,3,1,1.000,6.819,1390.000,0.000,0.000,2,1,1_1,1_1_SF_3194,1_1_SF_3194_3,1_1_SF_3194_3
1,2023,1,3194,SF,4,1,11.000,1.480,218.000,0.000,0.000,2,1,1_1,1_1_SF_3194,1_1_SF_3194_4,1_1_SF_3194_4
1,2023,1,3050,SF,1,1,0.655,0.004,144.000,7.000,0.000,2,1,1_1,1_1_SF_3050,1_1_SF_3050_1,1_1_SF_3050_1
1,2023,1,3194,SF,5,1,11.000,0.563,80.000,40.000,0.000,2,1,1_1,1_1_SF_3194,1_1_SF_3194_5,1_1_SF_3194_5
1,2023,1,3194,SF,8,1,22.000,1.760,80.000,0.000,0.000,2,1,1_1,1_1_SF_3194,1_1_SF_3194_8,1_1_SF_3194_8
1,2023,1,3144,SF,1,1,1.000,0.083,83.000,0.000,0.000,2,1,1_1,1_1_SF_3144,1_1_SF_3144_1,1_1_SF_3144_1
1,2023,1,3144,SF,2,1,1.050,0.011,20.000,20.000,0.000,2,1,1_1,1_1_SF_3144,1_1_SF_3144_2,1_1_SF_3144_2
1,2023,1,3145,SF,1,1,1.050,0.031,55.000,20.000,0.000,2,1,1_1,1_1_SF_3145,1_1_SF_3145_1,1_1_SF_3145_1
1,2023,1,3128,SF,2,1,1.000,7.000,7000.000,0.000,0.000,2,1,1_1,1_1_SF_3128,1_1_SF_3128_2,1_1_SF_3128_2
1,2023,1,3128,SF,9,1,1.000,0.050,50.000,0.000,0.000,2,1,1_1,1_1_SF_3128,1_1_SF_3128_9,1_1_SF_3128_9
1,2023,1,3128,SF,10,1,1.000,0.050,50.000,0.000,0.000,2,1,1_1,1_1_SF_3128,1_1_SF_3128_10,1_1_SF_3128_10
1,2023,1,3128,SF,11,1,1.000,0.003,2.500,0.000,0.000,2,1,1_1,1_1_SF_3128,1_1_SF_3128_11,1_1_SF_3128_11
1,2023,1,3051,SF,3,1,2.000,0.515,353.000,0.000,0.000,2,1,1_1,1_1_SF_3051,1_1_SF_3051_3,1_1_SF_3051_3
1,2023,1,3051,SF,4,1,1.000,0.248,340.000,0.000,0.000,2,1,1_1,1_1_SF_3051,1_1_SF_3051_4,1_1_SF_3051_4
1,2023,1,3051,SF,5,1,1.000,0.219,300.000,0.000,0.000,2,1,1_1,1_1_SF_3051,1_1_SF_3051_5,1_1_SF_3051_5
1,2023,1,3051,SF,6,1,4.000,0.695,741.000,13.000,0.000,2,1,1_1,1_1_SF_3051,1_1_SF_3051_6,1_1_SF_3051_6
1,2023,1,3129,SF,1,1,1.000,3.000,3000.000,0.000,0.000,2,1,1_1,1_1_SF_3129,1_1_SF_3129_1,1_1_SF_3129_1
1,2023,1,3129,SF,4,1,1.000,0.148,148.000,0.000,0.000,2,1,1_1,1_1_SF_3129,1_1_SF_3129_4,1_1_SF_3129_4
1,2023,1,3129,SF,5,1,1.000,0.148,148.000,0.000,0.000,2,1,1_1,1_1_SF_3129,1_1_SF_3129_5,1_1_SF_3129_5
1,2023,1,3129,SF,6,1,1.000,0.008,7.500,0.000,0.000,2,1,1_1,1_1_SF_3129,1_1_SF_3129_6,1_1_SF_3129_6
1,2023,1,3194,SF,9,1,1.000,0.333,333.000,0.000,0.000,2,1,1_1,1_1_SF_3194,1_1_SF_3194_9,1_1_SF_3194_9
1,2023,1,3110,SF,1,1,1.024,0.001,114.000,0.000,0.000,2,1,1_1,1_1_SF_3110,1_1_SF_3110_1,1_1_SF_3110_1
1,2023,1,3051,SF,7,1,1.000,0.109,300.000,0.000,0.000,2,1,1_1,1_1_SF_3051,1_1_SF_3051_7,1_1_SF_3051_7
1,2023,1,3051,SF,8,1,1.000,0.022,30.000,0.000,0.000,2,1,1_1,1_1_SF_3051,1_1_SF_3051_8,1_1_SF_3051_8
1,2023,1,3109,SF,1,1,1.364,0.001,125.000,0.000,0.000,2,1,1_1,1_1_SF_3109,1_1_SF_3109_1,1_1_SF_3109_1
1,2023,1,3042,SF,1,1,1.000,0.003,103.550,10.000,0.000,2,1,1_1,1_1_SF_3042,1_1_SF_3042_1,1_1_SF_3042_1
1,2023,1,3038,SF,1,1,1.042,0.129,795.000,23.000,0.000,2,1,1_1,1_1_SF_3038,1_1_SF_3038_1,1_1_SF_3038_1
1,2023,1,3038,SF,2,1,36.000,0.139,122.000,10.000,0.000,2,1,1_1,1_1_SF_3038,1_1_SF_3038_2,1_1_SF_3038_2
1,2023,1,3039,SF,1,1,1.038,0.123,795.000,22.000,0.000,2,1,1_1,1_1_SF_3039,1_1_SF_3039_1,1_1_SF_3039_1
1,2023,1,3040,SF,1,1,1.063,0.137,795.000,24.000,0.000,2,1,1_1,1_1_SF_3040,1_1_SF_3040_1,1_1_SF_3040_1
1,2023,1,3041,SF,1,1,1.063,0.137,795.000,24.000,0.000,2,1,1_1,1_1_SF_3041,1_1_SF_3041_1,1_1_SF_3041_1
1,2023,1,2941,SF,1,1,1.000,3.600,300.000,1000.000,0.000,2,1,1_1,1_1_SF_2941,1_1_SF_2941_1,1_1_SF_2941_1
1,2023,1,2941,SF,2,1,1.000,1.130,1800.000,0.000,0.000,2,1,1_1,1_1_SF_2941,1_1_SF_2941_2,1_1_SF_2941_2
1,2023,1,3158,SF,1,1,1.000,0.402,300.000,0.000,0.000,2,1,1_1,1_1_SF_3158,1_1_SF_3158_1,1_1_SF_3158_1
1,2023,1,3393,SF,1,1,1.000,0.564,210.000,0.000,0.000,2,1,1_1,1_1_SF_3393,1_1_SF_3393_1,1_1_SF_3393_1
1,2023,1,3135,SF,1,1,2.000,0.271,100.000,100.000,0.000,2,1,1_1,1_1_SF_3135,1_1_SF_3135_1,1_1_SF_3135_1
1,2023,1,3167,SF,2,1,1.000,0.055,152.000,0.000,0.000,2,1,1_1,1_1_SF_3167,1_1_SF_3167_2,1_1_SF_3167_2
1,2023,1,3167,SF,3,1,1.000,0.074,101.000,0.000,0.000,2,1,1_1,1_1_SF_3167,1_1_SF_3167_3,1_1_SF_3167_3
1,2023,1,3122,SF,1,1,1.017,0.176,240.000,0.000,0.000,2,1,1_1,1_1_SF_3122,1_1_SF_3122_1,1_1_SF_3122_1
1,2023,1,3197,SF,1,1,1.000,1.264,500.000,142.000,0.000,2,1,1_1,1_1_SF_3197,1_1_SF_3197_1,1_1_SF_3197_1
1,2023,1,3194,SF,10,1,1.000,1.200,1200.000,0.000,0.000,2,1,1_1,1_1_SF_3194,1_1_SF_3194_10,1_1_SF_3194_10
1,2023,1,3195,SF,1,1,1.000,0.648,290.000,0.000,0.000,2,1,1_1,1_1_SF_3195,1_1_SF_3195_1,1_1_SF_3195_1
1,2023,1,3137,SF,1,1,1.000,0.010,147.000,15.000,0.000,2,1,1_1,1_1_SF_3137,1_1_SF_3137_1,1_1_SF_3137_1
1,2023,1,3148,SF,1,1,20.000,0.198,130.000,0.000,0.000,2,1,1_1,1_1_SF_3148,1_1_SF_3148_1,1_1_SF_3148_1
1,2023,1,3148,SF,2,1,1.000,1.354,880.000,0.000,0.000,2,1,1_1,1_1_SF_3148,1_1_SF_3148_2,1_1_SF_3148_2
1,2023,1,3148,SF,4,1,1.000,0.142,142.000,0.000,0.000,2,1,1_1,1_1_SF_3148,1_1_SF_3148_4,1_1_SF_3148_4
1,2023,1,3148,SF,5,1,1.000,0.300,300.000,0.000,0.000,2,1,1_1,1_1_SF_3148,1_1_SF_3148_5,1_1_SF_3148_5
1,2023,1,3148,SF,6,1,20.000,1.600,80.000,0.000,0.000,2,1,1_1,1_1_SF_3148,1_1_SF_3148_6,1_1_SF_3148_6
1,2023,1,3167,SF,4,1,2.000,3.301,1135.000,0.000,0.000,2,1,1_1,1_1_SF_3167,1_1_SF_3167_4,1_1_SF_3167_4
1,2023,1,2941,SF,3,1,1.000,1.120,2800.000,0.000,0.000,2,1,1_1,1_1_SF_2941,1_1_SF_2941_3,1_1_SF_2941_3
1,2023,1,3153,SF,1,1,1.000,0.042,42.000,0.000,0.000,2,1,1_1,1_1_SF_3153,1_1_SF_3153_1,1_1_SF_3153_1
1,2023,1,2941,SF,7,1,1.000,0.314,100.000,0.000,0.000,2,1,1_1,1_1_SF_2941,1_1_SF_2941_7,1_1_SF_2941_7
1,2023,1,3157,SF,1,1,1.000,0.017,17.000,0.000,0.000,2,1,1_1,1_1_SF_3157,1_1_SF_3157_1,1_1_SF_3157_1
1,2023,1,3106,SF,1,1,1.000,0.004,110.000,10.420,0.000,2,1,1_1,1_1_SF_3106,1_1_SF_3106_1,1_1_SF_3106_1
1,2023,1,3104,SF,1,1,1.063,0.143,795.000,25.000,0.000,2,1,1_1,1_1_SF_3104,1_1_SF_3104_1,1_1_SF_3104_1
1,2023,1,3105,SF,1,1,1.063,0.143,795.000,25.000,0.000,2,1,1_1,1_1_SF_3105,1_1_SF_3105_1,1_1_SF_3105_1
1,2023,1,3151,SF,1,1,1.001,0.029,29.000,0.000,0.000,2,1,1_1,1_1_SF_3151,1_1_SF_3151_1,1_1_SF_3151_1
1,2023,1,3067,SF,1,1,40.000,0.994,145.000,38.000,0.000,2,1,1_1,1_1_SF_3067,1_1_SF_3067_1,1_1_SF_3067_1
1,2023,1,3067,SF,2,1,1.000,3.809,2620.000,0.000,0.000,2,1,1_1,1_1_SF_3067,1_1_SF_3067_2,1_1_SF_3067_2
1,2023,1,3067,SF,3,1,1.000,0.010,25.000,0.000,0.000,2,1,1_1,1_1_SF_3067,1_1_SF_3067_3,1_1_SF_3067_3
1,2023,1,3067,SF,4,1,1.000,0.063,100.000,70.000,0.000,2,1,1_1,1_1_SF_3067,1_1_SF_3067_4,1_1_SF_3067_4
1,2023,1,2996,SF,1,1,2.000,0.170,95.000,0.000,0.000,2,1,1_1,1_1_SF_2996,1_1_SF_2996_1,1_1_SF_2996_1
1,2023,1,2996,SF,2,1,1.000,0.047,300.000,0.000,0.000,2,1,1_1,1_1_SF_2996,1_1_SF_2996_2,1_1_SF_2996_2
1,2023,1,2996,SF,3,1,2.000,0.096,307.000,0.000,0.000,2,1,1_1,1_1_SF_2996,1_1_SF_2996_3,1_1_SF_2996_3
1,2023,1,2996,SF,4,1,1.000,0.040,252.000,0.000,0.000,2,1,1_1,1_1_SF_2996,1_1_SF_2996_4,1_1_SF_2996_4
1,2023,1,2996,SF,5,1,1.000,0.120,300.000,0.000,0.000,2,1,1_1,1_1_SF_2996,1_1_SF_2996_5,1_1_SF_2996_5
1,2023,1,2996,SF,6,1,7.500,0.859,128.140,0.000,0.000,2,1,1_1,1_1_SF_2996,1_1_SF_2996_6,1_1_SF_2996_6
1,2023,1,2996,SF,7,1,60.000,0.015,35.000,0.000,0.000,2,1,1_1,1_1_SF_2996,1_1_SF_2996_7,1_1_SF_2996_7
1,2023,1,2996,SF,8,1,60.000,2.100,35.000,0.000,0.000,2,1,1_1,1_1_SF_2996,1_1_SF_2996_8,1_1_SF_2996_8
1,2023,1,2996,SF,9,1,1.000,0.050,50.000,0.000,0.000,2,1,1_1,1_1_SF_2996,1_1_SF_2996_9,1_1_SF_2996_9
1,2023,1,2996,SF,10,1,1.000,0.200,200.000,0.000,0.000,2,1,1_1,1_1_SF_2996,1_1_SF_2996_10,1_1_SF_2996_10
1,2023,1,3067,SF,5,1,1.000,0.038,70.000,40.000,0.000,2,1,1_1,1_1_SF_3067,1_1_SF_3067_5,1_1_SF_3067_5
1,2023,1,3067,SF,7,1,1.000,0.032,80.000,0.000,0.000,2,1,1_1,1_1_SF_3067,1_1_SF_3067_7,1_1_SF_3067_7
1,2023,1,3067,SF,8,1,1.000,0.314,200.000,0.000,0.000,2,1,1_1,1_1_SF_3067,1_1_SF_3067_8,1_1_SF_3067_8
1,2023,1,2941,SF,13,1,2.000,0.168,6000.000,0.000,0.000,2,1,1_1,1_1_SF_2941,1_1_SF_2941_13,1_1_SF_2941_13
1,2023,1,2941,SF,15,1,100.000,0.910,1000.000,0.000,0.000,2,1,1_1,1_1_SF_2941,1_1_SF_2941_15,1_1_SF_2941_15
1,2023,1,2941,SF,16,1,50.000,0.710,1000.000,0.000,0.000,2,1,1_1,1_1_SF_2941,1_1_SF_2941_16,1_1_SF_2941_16
1,2023,1,2941,SF,17,1,1.000,1.200,1000.000,100.000,0.000,2,1,1_1,1_1_SF_2941,1_1_SF_2941_17,1_1_SF_2941_17
1,2023,1,2941,SF,19,1,1.000,0.236,150.000,0.000,0.000,2,1,1_1,1_1_SF_2941,1_1_SF_2941_19,1_1_SF_2941_19
1,2023,1,2941,SF,20,1,1.000,0.120,150.000,50.000,0.000,2,1,1_1,1_1_SF_2941,1_1_SF_2941_20,1_1_SF_2941_20
1,2023,1,3171,SF,1,1,1.042,0.009,158.000,0.000,0.000,2,1,1_1,1_1_SF_3171,1_1_SF_3171_1,1_1_SF_3171_1
1,2023,1,3195,SF,2,1,1.000,0.578,295.000,0.000,0.000,2,1,1_1,1_1_SF_3195,1_1_SF_3195_2,1_1_SF_3195_2
1,2023,1,3195,SF,3,1,1.000,6.182,1260.000,0.000,0.000,2,1,1_1,1_1_SF_3195,1_1_SF_3195_3,1_1_SF_3195_3
1,2023,1,3195,SF,4,1,22.000,2.959,218.000,0.000,0.000,2,1,1_1,1_1_SF_3195,1_1_SF_3195_4,1_1_SF_3195_4
1,2023,1,3195,SF,5,1,22.000,1.126,80.000,40.000,0.000,2,1,1_1,1_1_SF_3195,1_1_SF_3195_5,1_1_SF_3195_5
1,2023,1,3195,SF,8,1,44.000,3.520,80.000,0.000,0.000,2,1,1_1,1_1_SF_3195,1_1_SF_3195_8,1_1_SF_3195_8
1,2023,1,3428,SF,1,1,1.000,0.200,200.000,0.000,0.000,2,1,1_1,1_1_SF_3428,1_1_SF_3428_1,1_1_SF_3428_1
1,2023,1,3252,SF,1,1,1.000,0.001,51.000,26.000,0.000,2,1,1_1,1_1_SF_3252,1_1_SF_3252_1,1_1_SF_3252_1
1,2023,1,3252,SF,2,1,1.000,0.000,131.000,0.000,0.000,2,1,1_1,1_1_SF_3252,1_1_SF_3252_2,1_1_SF_3252_2
1,2023,1,3354,SF,1,1,1.000,5.000,5000.000,0.000,0.000,2,1,1_1,1_1_SF_3354,1_1_SF_3354_1,1_1_SF_3354_1
1,2023,1,3213,SF,1,1,1.000,0.007,70.100,14.000,0.000,2,1,1_1,1_1_SF_3213,1_1_SF_3213_1,1_1_SF_3213_1
1,2023,1,3195,SF,9,1,1.000,0.333,333.000,0.000,0.000,2,1,1_1,1_1_SF_3195,1_1_SF_3195_9,1_1_SF_3195_9
1,2023,1,3195,SF,10,1,1.000,1.200,1200.000,0.000,0.000,2,1,1_1,1_1_SF_3195,1_1_SF_3195_10,1_1_SF_3195_10
1,2023,1,3196,SF,1,1,1.000,0.648,290.000,0.000,0.000,2,1,1_1,1_1_SF_3196,1_1_SF_3196_1,1_1_SF_3196_1
1,2023,1,3196,SF,2,1,1.000,0.578,295.000,0.000,0.000,2,1,1_1,1_1_SF_3196,1_1_SF_3196_2,1_1_SF_3196_2
1,2023,1,3196,SF,3,1,1.000,6.819,1390.000,0.000,0.000,2,1,1_1,1_1_SF_3196,1_1_SF_3196_3,1_1_SF_3196_3
1,2023,1,3196,SF,4,1,11.000,1.480,218.000,0.000,0.000,2,1,1_1,1_1_SF_3196,1_1_SF_3196_4,1_1_SF_3196_4
1,2023,1,3196,SF,5,1,11.000,0.563,80.000,40.000,0.000,2,1,1_1,1_1_SF_3196,1_1_SF_3196_5,1_1_SF_3196_5
1,2023,1,3196,SF,8,1,22.000,1.760,80.000,0.000,0.000,2,1,1_1,1_1_SF_3196,1_1_SF_3196_8,1_1_SF_3196_8
1,2023,1,3196,SF,9,1,1.000,0.333,333.000,0.000,0.000,2,1,1_1,1_1_SF_3196,1_1_SF_3196_9,1_1_SF_3196_9
1,2023,1,3196,SF,10,1,1.000,1.200,1200.000,0.000,0.000,2,1,1_1,1_1_SF_3196,1_1_SF_3196_10,1_1_SF_3196_10
1,2023,1,3263,SF,1,1,1.000,0.009,150.000,0.000,0.000,2,1,1_1,1_1_SF_3263,1_1_SF_3263_1,1_1_SF_3263_1
1,2023,1,3190,SF,1,1,1.080,0.020,210.000,0.000,0.000,2,1,1_1,1_1_SF_3190,1_1_SF_3190_1,1_1_SF_3190_1
1,2023,1,3190,SF,2,1,0.120,0.014,2000.000,0.000,0.000,2,1,1_1,1_1_SF_3190,1_1_SF_3190_2,1_1_SF_3190_2
1,2023,1,3188,SF,1,1,1.040,0.016,270.000,0.000,0.000,2,1,1_1,1_1_SF_3188,1_1_SF_3188_1,1_1_SF_3188_1
1,2023,1,3189,SF,1,1,1.040,0.016,270.000,0.000,0.000,2,1,1_1,1_1_SF_3189,1_1_SF_3189_1,1_1_SF_3189_1
1,2023,1,3199,SF,1,1,1.000,0.003,5.000,0.000,0.000,2,1,1_1,1_1_SF_3199,1_1_SF_3199_1,1_1_SF_3199_1
1,2023,1,3200,SF,1,1,1.000,0.300,300.000,0.000,0.000,2,1,1_1,1_1_SF_3200,1_1_SF_3200_1,1_1_SF_3200_1
1,2023,1,3200,SF,3,1,1.000,0.002,5.000,0.000,0.000,2,1,1_1,1_1_SF_3200,1_1_SF_3200_3,1_1_SF_3200_3
1,2023,1,3201,SF,1,1,1.000,0.500,500.000,0.000,0.000,2,1,1_1,1_1_SF_3201,1_1_SF_3201_1,1_1_SF_3201_1
1,2023,1,3201,SF,3,1,1.000,0.002,5.000,0.000,0.000,2,1,1_1,1_1_SF_3201,1_1_SF_3201_3,1_1_SF_3201_3
1,2023,1,3193,SF,1,1,1.000,0.144,200.000,0.000,0.000,2,1,1_1,1_1_SF_3193,1_1_SF_3193_1,1_1_SF_3193_1
1,2023,1,3193,SF,3,1,2.000,0.020,30.000,25.000,0.000,2,1,1_1,1_1_SF_3193,1_1_SF_3193_3,1_1_SF_3193_3
1,2023,1,3191,SF,1,1,1.000,0.473,175.000,0.000,0.000,2,1,1_1,1_1_SF_3191,1_1_SF_3191_1,1_1_SF_3191_1
1,2023,1,3191,SF,2,1,2.000,0.263,180.000,0.000,0.000,2,1,1_1,1_1_SF_3191,1_1_SF_3191_2,1_1_SF_3191_2
1,2023,1,3191,SF,3,1,2.000,2.117,1450.000,0.000,0.000,2,1,1_1,1_1_SF_3191,1_1_SF_3191_3,1_1_SF_3191_3
1,2023,1,3191,SF,4,1,1.000,0.074,180.000,0.000,0.000,2,1,1_1,1_1_SF_3191,1_1_SF_3191_4,1_1_SF_3191_4
1,2023,1,3114,SF,1,1,1.000,0.009,100.000,17.240,0.000,2,1,1_1,1_1_SF_3114,1_1_SF_3114_1,1_1_SF_3114_1
1,2023,1,3117,SF,1,1,1.000,0.004,69.000,13.000,0.000,2,1,1_1,1_1_SF_3117,1_1_SF_3117_1,1_1_SF_3117_1
1,2023,1,2866,SF,1,1,10.000,0.022,155.000,0.000,0.000,2,1,1_1,1_1_SF_2866,1_1_SF_2866_1,1_1_SF_2866_1
1,2023,1,2866,SF,5,1,1.000,0.038,125.000,12.000,0.000,2,1,1_1,1_1_SF_2866,1_1_SF_2866_5,1_1_SF_2866_5
1,2023,1,3273,SF,2,1,0.083,0.050,600.000,0.000,0.000,2,1,1_1,1_1_SF_3273,1_1_SF_3273_2,1_1_SF_3273_2
1,2023,1,3264,SF,1,1,1.000,0.007,25.000,20.000,0.000,2,1,1_1,1_1_SF_3264,1_1_SF_3264_1,1_1_SF_3264_1
1,2023,1,3237,SF,2,1,1.012,0.008,8.000,0.000,0.000,2,1,1_1,1_1_SF_3237,1_1_SF_3237_2,1_1_SF_3237_2
1,2023,1,3220,SF,1,1,1.000,0.304,680.000,82.500,0.000,2,1,1_1,1_1_SF_3220,1_1_SF_3220_1,1_1_SF_3220_1
1,2023,1,3256,SF,1,1,1.000,0.005,69.000,14.930,0.000,2,1,1_1,1_1_SF_3256,1_1_SF_3256_1,1_1_SF_3256_1
1,2023,1,3217,SF,1,1,1.000,0.280,680.000,76.000,0.000,2,1,1_1,1_1_SF_3217,1_1_SF_3217_1,1_1_SF_3217_1
1,2023,1,3262,SF,1,1,26.000,0.029,78.000,0.000,0.000,2,1,1_1,1_1_SF_3262,1_1_SF_3262_1,1_1_SF_3262_1
1,2023,1,3254,SF,1,1,1.000,0.005,70.000,11.945,0.000,2,1,1_1,1_1_SF_3254,1_1_SF_3254_1,1_1_SF_3254_1
1,2023,1,3241,SF,1,1,1.000,0.003,99.000,9.070,0.000,2,1,1_1,1_1_SF_3241,1_1_SF_3241_1,1_1_SF_3241_1
1,2023,1,3306,SF,1,1,1.000,0.010,37.000,20.000,0.000,2,1,1_1,1_1_SF_3306,1_1_SF_3306_1,1_1_SF_3306_1
1,2023,1,3237,SF,3,1,1.012,0.005,4.800,0.000,0.000,2,1,1_1,1_1_SF_3237,1_1_SF_3237_3,1_1_SF_3237_3
1,2023,1,3237,SF,4,1,1.012,0.000,0.300,0.000,0.000,2,1,1_1,1_1_SF_3237,1_1_SF_3237_4,1_1_SF_3237_4
1,2023,1,3299,SF,1,1,1.000,0.001,124.000,0.000,0.000,2,1,1_1,1_1_SF_3299,1_1_SF_3299_1,1_1_SF_3299_1
1,2023,1,3321,SF,1,1,0.750,1.125,1500.000,0.000,0.000,2,1,1_1,1_1_SF_3321,1_1_SF_3321_1,1_1_SF_3321_1
1,2023,1,3393,SF,6,1,2.000,0.997,1370.000,0.000,0.000,2,1,1_1,1_1_SF_3393,1_1_SF_3393_6,1_1_SF_3393_6
1,2023,1,3208,SF,1,1,1.000,0.167,713.000,13.000,0.000,2,1,1_1,1_1_SF_3208,1_1_SF_3208_1,1_1_SF_3208_1
1,2023,1,3265,SF,1,1,1.000,0.125,125.000,0.000,0.000,2,1,1_1,1_1_SF_3265,1_1_SF_3265_1,1_1_SF_3265_1
1,2023,1,3321,SF,2,1,0.250,0.750,3000.000,0.000,0.000,2,1,1_1,1_1_SF_3321,1_1_SF_3321_2,1_1_SF_3321_2
1,2023,1,3269,SF,1,1,1.000,0.034,345.000,0.000,0.000,2,1,1_1,1_1_SF_3269,1_1_SF_3269_1,1_1_SF_3269_1
1,2023,1,3269,SF,2,1,1.000,0.030,30.000,0.000,0.000,2,1,1_1,1_1_SF_3269,1_1_SF_3269_2,1_1_SF_3269_2
1,2023,1,3269,SF,3,1,1.000,0.063,63.000,0.000,0.000,2,1,1_1,1_1_SF_3269,1_1_SF_3269_3,1_1_SF_3269_3
1,2023,1,3354,SF,7,1,1.000,0.080,80.000,0.000,0.000,2,1,1_1,1_1_SF_3354,1_1_SF_3354_7,1_1_SF_3354_7
1,2023,1,3389,SF,1,1,1.027,0.001,1.000,0.000,0.000,2,1,1_1,1_1_SF_3389,1_1_SF_3389_1,1_1_SF_3389_1
1,2023,1,3211,SF,2,1,1.000,0.237,325.000,0.000,0.000,2,1,1_1,1_1_SF_3211,1_1_SF_3211_2,1_1_SF_3211_2
1,2023,1,3211,SF,3,1,1.000,0.118,325.000,0.000,0.000,2,1,1_1,1_1_SF_3211,1_1_SF_3211_3,1_1_SF_3211_3
1,2023,1,3215,SF,5,1,1.000,0.237,325.000,0.000,0.000,2,1,1_1,1_1_SF_3215,1_1_SF_3215_5,1_1_SF_3215_5
1,2023,1,3215,SF,6,1,1.000,0.118,325.000,0.000,0.000,2,1,1_1,1_1_SF_3215,1_1_SF_3215_6,1_1_SF_3215_6
1,2023,1,3484,SF,1,1,1.000,0.156,406.000,85.000,0.000,2,1,1_1,1_1_SF_3484,1_1_SF_3484_1,1_1_SF_3484_1
1,2023,1,3218,SF,5,1,1.000,0.237,325.000,0.000,0.000,2,1,1_1,1_1_SF_3218,1_1_SF_3218_5,1_1_SF_3218_5
1,2023,1,3218,SF,6,1,1.000,0.118,325.000,0.000,0.000,2,1,1_1,1_1_SF_3218,1_1_SF_3218_6,1_1_SF_3218_6
1,2023,1,3327,SF,1,1,1.000,0.032,45.000,0.000,0.000,2,1,1_1,1_1_SF_3327,1_1_SF_3327_1,1_1_SF_3327_1
1,2023,1,3327,SF,2,1,2.000,0.087,120.000,0.000,0.000,2,1,1_1,1_1_SF_3327,1_1_SF_3327_2,1_1_SF_3327_2
1,2023,1,3211,SF,4,1,7.000,1.172,714.000,13.000,0.000,2,1,1_1,1_1_SF_3211,1_1_SF_3211_4,1_1_SF_3211_4
1,2023,1,3258,SF,1,1,1.000,0.111,332.000,49.500,0.000,2,1,1_1,1_1_SF_3258,1_1_SF_3258_1,1_1_SF_3258_1
1,2023,1,3268,SF,1,1,0.585,0.721,1708.333,0.000,0.000,2,1,1_1,1_1_SF_3268,1_1_SF_3268_1,1_1_SF_3268_1
1,2023,1,3233,SF,1,1,1.000,0.088,325.000,20.000,0.000,2,1,1_1,1_1_SF_3233,1_1_SF_3233_1,1_1_SF_3233_1
1,2023,1,3229,SF,2,1,1.000,1.500,1500.000,0.000,0.000,2,1,1_1,1_1_SF_3229,1_1_SF_3229_2,1_1_SF_3229_2
1,2023,1,3361,SF,1,1,1.000,0.010,81.000,0.000,0.000,2,1,1_1,1_1_SF_3361,1_1_SF_3361_1,1_1_SF_3361_1
1,2023,1,3147,SF,1,1,1.000,10.000,10000.000,0.000,0.000,2,1,1_1,1_1_SF_3147,1_1_SF_3147_1,1_1_SF_3147_1
1,2023,1,3147,SF,2,1,1.000,0.030,30.000,0.000,0.000,2,1,1_1,1_1_SF_3147,1_1_SF_3147_2,1_1_SF_3147_2
1,2023,1,3147,SF,3,1,2.000,0.353,490.000,15.000,0.000,2,1,1_1,1_1_SF_3147,1_1_SF_3147_3,1_1_SF_3147_3
1,2023,1,3143,SF,2,1,1.000,1.000,1000.000,0.000,0.000,2,1,1_1,1_1_SF_3143,1_1_SF_3143_2,1_1_SF_3143_2
1,2023,1,3143,SF,3,1,1.000,1.000,1000.000,0.000,0.000,2,1,1_1,1_1_SF_3143,1_1_SF_3143_3,1_1_SF_3143_3
1,2023,1,3143,SF,4,1,1.000,0.086,1500.000,0.000,0.000,2,1,1_1,1_1_SF_3143,1_1_SF_3143_4,1_1_SF_3143_4
1,2023,1,3493,SF,1,1,1.014,0.104,795.000,19.000,0.000,2,1,1_1,1_1_SF_3493,1_1_SF_3493_1,1_1_SF_3493_1
1,2023,1,3329,SF,1,1,1.014,0.104,795.000,19.000,0.000,2,1,1_1,1_1_SF_3329,1_1_SF_3329_1,1_1_SF_3329_1
1,2023,1,3228,SF,1,1,1.000,1.500,1500.000,0.000,0.000,2,1,1_1,1_1_SF_3228,1_1_SF_3228_1,1_1_SF_3228_1
1,2023,1,3228,SF,7,1,1.000,0.080,80.000,0.000,0.000,2,1,1_1,1_1_SF_3228,1_1_SF_3228_7,1_1_SF_3228_7
1,2023,1,3228,SF,8,1,1.000,0.080,80.000,0.000,0.000,2,1,1_1,1_1_SF_3228,1_1_SF_3228_8,1_1_SF_3228_8
1,2023,1,3228,SF,9,1,1.000,0.004,4.000,0.000,0.000,2,1,1_1,1_1_SF_3228,1_1_SF_3228_9,1_1_SF_3228_9
1,2023,1,3182,SF,1,1,1.000,0.003,99.000,9.026,0.000,2,1,1_1,1_1_SF_3182,1_1_SF_3182_1,1_1_SF_3182_1
1,2023,1,3202,SF,1,1,1.000,0.500,500.000,0.000,0.000,2,1,1_1,1_1_SF_3202,1_1_SF_3202_1,1_1_SF_3202_1
1,2023,1,3202,SF,3,1,1.000,0.003,5.000,0.000,0.000,2,1,1_1,1_1_SF_3202,1_1_SF_3202_3,1_1_SF_3202_3
1,2023,1,3230,SF,4,1,1.000,0.005,15.000,0.000,0.000,2,1,1_1,1_1_SF_3230,1_1_SF_3230_4,1_1_SF_3230_4
1,2023,1,3222,SF,1,1,1.000,0.043,60.000,0.000,0.000,2,1,1_1,1_1_SF_3222,1_1_SF_3222_1,1_1_SF_3222_1
1,2023,1,3232,SF,1,1,1.000,0.368,225.000,0.000,0.000,2,1,1_1,1_1_SF_3232,1_1_SF_3232_1,1_1_SF_3232_1
1,2023,1,3243,SF,1,1,1.063,0.126,795.000,22.000,0.000,2,1,1_1,1_1_SF_3243,1_1_SF_3243_1,1_1_SF_3243_1
1,2023,1,3210,SF,1,1,1.000,0.028,220.000,0.000,0.000,2,1,1_1,1_1_SF_3210,1_1_SF_3210_1,1_1_SF_3210_1
1,2023,1,3135,SF,3,1,1.000,0.032,140.000,0.000,0.000,2,1,1_1,1_1_SF_3135,1_1_SF_3135_3,1_1_SF_3135_3
1,2023,1,3209,SF,1,1,1.000,0.007,20.000,20.000,0.000,2,1,1_1,1_1_SF_3209,1_1_SF_3209_1,1_1_SF_3209_1
1,2023,1,3179,SF,1,1,1.014,0.104,795.000,19.000,0.000,2,1,1_1,1_1_SF_3179,1_1_SF_3179_1,1_1_SF_3179_1
1,2023,1,3180,SF,1,1,1.063,0.126,795.000,22.000,0.000,2,1,1_1,1_1_SF_3180,1_1_SF_3180_1,1_1_SF_3180_1
1,2023,1,3181,SF,1,1,1.063,0.126,795.000,22.000,0.000,2,1,1_1,1_1_SF_3181,1_1_SF_3181_1,1_1_SF_3181_1
1,2023,1,3222,SF,2,1,1.300,0.305,325.000,0.000,0.000,2,1,1_1,1_1_SF_3222,1_1_SF_3222_2,1_1_SF_3222_2
1,2023,1,3244,SF,1,1,1.063,0.126,795.000,22.000,0.000,2,1,1_1,1_1_SF_3244,1_1_SF_3244_1,1_1_SF_3244_1
1,2023,1,3229,SF,9,1,1.000,0.050,50.000,0.000,0.000,2,1,1_1,1_1_SF_3229,1_1_SF_3229_9,1_1_SF_3229_9
1,2023,1,3229,SF,10,1,1.000,0.050,50.000,0.000,0.000,2,1,1_1,1_1_SF_3229,1_1_SF_3229_10,1_1_SF_3229_10
1,2023,1,3229,SF,11,1,1.000,0.003,2.500,0.000,0.000,2,1,1_1,1_1_SF_3229,1_1_SF_3229_11,1_1_SF_3229_11
1,2023,1,3135,SF,4,1,10.000,0.005,60.000,0.000,0.000,2,1,1_1,1_1_SF_3135,1_1_SF_3135_4,1_1_SF_3135_4
1,2023,1,3070,SF,1,1,1.000,0.236,225.000,155.000,0.000,2,1,1_1,1_1_SF_3070,1_1_SF_3070_1,1_1_SF_3070_1
1,2023,1,3135,SF,5,1,1.000,0.003,50.000,0.000,0.000,2,1,1_1,1_1_SF_3135,1_1_SF_3135_5,1_1_SF_3135_5
1,2023,1,3260,SF,2,1,1.000,5.000,5000.000,0.000,0.000,2,1,1_1,1_1_SF_3260,1_1_SF_3260_2,1_1_SF_3260_2
1,2023,1,3253,SF,2,1,9.000,0.434,446.000,8.000,0.000,2,1,1_1,1_1_SF_3253,1_1_SF_3253_2,1_1_SF_3253_2
1,2023,1,3222,SF,3,1,7.000,1.172,714.000,13.000,0.000,2,1,1_1,1_1_SF_3222,1_1_SF_3222_3,1_1_SF_3222_3
1,2023,1,3454,SF,2,1,1.000,1.500,1500.000,0.000,0.000,2,1,1_1,1_1_SF_3454,1_1_SF_3454_2,1_1_SF_3454_2
1,2023,1,3116,SF,2,1,12.000,0.579,446.000,8.000,0.000,2,1,1_1,1_1_SF_3116,1_1_SF_3116_2,1_1_SF_3116_2
1,2023,1,3113,SF,2,1,9.000,0.434,446.000,8.000,0.000,2,1,1_1,1_1_SF_3113,1_1_SF_3113_2,1_1_SF_3113_2
1,2023,1,3331,SF,1,1,1.063,0.126,795.000,22.000,0.000,2,1,1_1,1_1_SF_3331,1_1_SF_3331_1,1_1_SF_3331_1
1,2023,1,3454,SF,8,1,2.000,0.046,145.000,20.000,0.000,2,1,1_1,1_1_SF_3454,1_1_SF_3454_8,1_1_SF_3454_8
1,2023,1,3255,SF,2,1,9.000,0.434,446.000,8.000,0.000,2,1,1_1,1_1_SF_3255,1_1_SF_3255_2,1_1_SF_3255_2
1,2023,1,3368,SF,2,1,1.000,2.500,2500.000,0.000,0.000,2,1,1_1,1_1_SF_3368,1_1_SF_3368_2,1_1_SF_3368_2
1,2023,1,3368,SF,9,1,1.000,0.050,50.000,0.000,0.000,2,1,1_1,1_1_SF_3368,1_1_SF_3368_9,1_1_SF_3368_9
1,2023,1,3283,SF,1,1,1.000,0.009,1000.000,0.000,0.000,2,1,1_1,1_1_SF_3283,1_1_SF_3283_1,1_1_SF_3283_1
1,2023,1,3192,SF,1,1,1.000,0.237,325.000,0.000,0.000,2,1,1_1,1_1_SF_3192,1_1_SF_3192_1,1_1_SF_3192_1
1,2023,1,3192,SF,2,1,1.000,0.118,325.000,0.000,0.000,2,1,1_1,1_1_SF_3192,1_1_SF_3192_2,1_1_SF_3192_2
1,2023,1,3192,SF,3,1,6.000,1.161,715.000,15.000,0.000,2,1,1_1,1_1_SF_3192,1_1_SF_3192_3,1_1_SF_3192_3
1,2023,1,3192,SF,4,1,100.000,1.370,135.000,15.000,0.000,2,1,1_1,1_1_SF_3192,1_1_SF_3192_4,1_1_SF_3192_4
1,2023,1,3192,SF,5,1,100.000,0.355,35.000,15.000,0.000,2,1,1_1,1_1_SF_3192,1_1_SF_3192_5,1_1_SF_3192_5
1,2023,1,3192,SF,8,1,2.000,0.016,725.000,15.000,0.000,2,1,1_1,1_1_SF_3192,1_1_SF_3192_8,1_1_SF_3192_8
1,2023,1,3260,SF,8,1,1.000,0.050,50.000,0.000,0.000,2,1,1_1,1_1_SF_3260,1_1_SF_3260_8,1_1_SF_3260_8
1,2023,1,3260,SF,9,1,1.000,0.050,50.000,0.000,0.000,2,1,1_1,1_1_SF_3260,1_1_SF_3260_9,1_1_SF_3260_9
1,2023,1,3260,SF,10,1,1.000,0.005,5.000,0.000,0.000,2,1,1_1,1_1_SF_3260,1_1_SF_3260_10,1_1_SF_3260_10
1,2023,1,3260,SF,11,1,1.000,0.180,210.000,15.000,0.000,2,1,1_1,1_1_SF_3260,1_1_SF_3260_11,1_1_SF_3260_11
1,2023,1,3231,SF,1,1,1.000,0.286,249.000,170.000,0.000,2,1,1_1,1_1_SF_3231,1_1_SF_3231_1,1_1_SF_3231_1
1,2023,1,3298,SF,1,1,1.000,0.001,138.000,0.000,0.000,2,1,1_1,1_1_SF_3298,1_1_SF_3298_1,1_1_SF_3298_1
1,2023,1,3267,SF,1,1,1.014,0.033,33.000,0.000,0.000,2,1,1_1,1_1_SF_3267,1_1_SF_3267_1,1_1_SF_3267_1
1,2023,1,3214,SF,1,1,1.000,0.006,65.000,14.467,0.000,2,1,1_1,1_1_SF_3214,1_1_SF_3214_1,1_1_SF_3214_1
1,2023,1,3263,SF,2,1,1.000,0.003,50.000,9.000,0.000,2,1,1_1,1_1_SF_3263,1_1_SF_3263_2,1_1_SF_3263_2
1,2023,1,3263,SF,3,1,1.000,0.144,350.000,0.000,0.000,2,1,1_1,1_1_SF_3263,1_1_SF_3263_3,1_1_SF_3263_3
1,2023,1,3263,SF,4,1,28.000,0.063,50.000,5.000,0.000,2,1,1_1,1_1_SF_3263,1_1_SF_3263_4,1_1_SF_3263_4
1,2023,1,3263,SF,5,1,28.000,0.022,100.000,0.000,0.000,2,1,1_1,1_1_SF_3263,1_1_SF_3263_5,1_1_SF_3263_5
1,2023,1,3276,SF,2,1,1.000,1.500,1500.000,0.000,0.000,2,1,1_1,1_1_SF_3276,1_1_SF_3276_2,1_1_SF_3276_2
1,2023,1,3221,SF,1,1,1.000,0.267,680.000,72.500,0.000,2,1,1_1,1_1_SF_3221,1_1_SF_3221_1,1_1_SF_3221_1
1,2023,1,3276,SF,9,1,1.000,0.050,50.000,0.000,0.000,2,1,1_1,1_1_SF_3276,1_1_SF_3276_9,1_1_SF_3276_9
1,2023,1,3277,SF,1,1,1.000,0.010,37.000,20.000,0.000,2,1,1_1,1_1_SF_3277,1_1_SF_3277_1,1_1_SF_3277_1
1,2023,1,3275,SF,1,1,1.000,1.500,1500.000,0.000,0.000,2,1,1_1,1_1_SF_3275,1_1_SF_3275_1,1_1_SF_3275_1
1,2023,1,3275,SF,7,1,1.000,0.080,80.000,0.000,0.000,2,1,1_1,1_1_SF_3275,1_1_SF_3275_7,1_1_SF_3275_7
1,2023,1,3275,SF,8,1,1.000,0.080,80.000,0.000,0.000,2,1,1_1,1_1_SF_3275,1_1_SF_3275_8,1_1_SF_3275_8
1,2023,1,3275,SF,9,1,1.000,0.004,4.000,0.000,0.000,2,1,1_1,1_1_SF_3275,1_1_SF_3275_9,1_1_SF_3275_9
1,2023,1,3276,SF,10,1,1.000,0.050,50.000,0.000,0.000,2,1,1_1,1_1_SF_3276,1_1_SF_3276_10,1_1_SF_3276_10
1,2023,1,3276,SF,11,1,1.000,0.003,2.500,0.000,0.000,2,1,1_1,1_1_SF_3276,1_1_SF_3276_11,1_1_SF_3276_11
1,2023,1,3286,SF,1,1,2.000,1.118,250.000,0.000,0.000,2,1,1_1,1_1_SF_3286,1_1_SF_3286_1,1_1_SF_3286_1
1,2023,1,3286,SF,2,1,2.000,1.256,200.000,0.000,0.000,2,1,1_1,1_1_SF_3286,1_1_SF_3286_2,1_1_SF_3286_2
1,2023,1,3286,SF,3,1,2.000,6.258,1400.000,0.000,0.000,2,1,1_1,1_1_SF_3286,1_1_SF_3286_3,1_1_SF_3286_3
1,2023,1,3286,SF,4,1,1.000,2.760,1235.000,0.000,0.000,2,1,1_1,1_1_SF_3286,1_1_SF_3286_4,1_1_SF_3286_4
1,2023,1,3286,SF,5,1,18.000,1.662,60.000,0.000,0.000,2,1,1_1,1_1_SF_3286,1_1_SF_3286_5,1_1_SF_3286_5
1,2023,1,3286,SF,8,1,1.000,2.760,1235.000,0.000,0.000,2,1,1_1,1_1_SF_3286,1_1_SF_3286_8,1_1_SF_3286_8
1,2023,1,3300,SF,1,1,1.000,0.016,16.000,0.000,0.000,2,1,1_1,1_1_SF_3300,1_1_SF_3300_1,1_1_SF_3300_1
1,2023,1,3287,SF,2,1,0.200,0.002,135.000,0.000,0.000,2,1,1_1,1_1_SF_3287,1_1_SF_3287_2,1_1_SF_3287_2
1,2023,1,3287,SF,3,1,1.000,0.300,300.000,0.000,0.000,2,1,1_1,1_1_SF_3287,1_1_SF_3287_3,1_1_SF_3287_3
1,2023,1,3287,SF,4,1,1.000,0.100,100.000,0.000,0.000,2,1,1_1,1_1_SF_3287,1_1_SF_3287_4,1_1_SF_3287_4
1,2023,1,3287,SF,5,1,29.000,1.740,60.000,0.000,0.000,2,1,1_1,1_1_SF_3287,1_1_SF_3287_5,1_1_SF_3287_5
1,2023,1,3302,SF,1,1,1.000,0.009,153.000,0.000,0.000,2,1,1_1,1_1_SF_3302,1_1_SF_3302_1,1_1_SF_3302_1
1,2023,1,3303,SF,1,1,4.000,0.045,25.000,20.000,0.000,2,1,1_1,1_1_SF_3303,1_1_SF_3303_1,1_1_SF_3303_1
1,2023,1,3328,SF,2,1,2.000,0.100,50.000,0.000,0.000,2,1,1_1,1_1_SF_3328,1_1_SF_3328_2,1_1_SF_3328_2
1,2023,1,3309,SF,4,1,1.000,3.000,3000.000,0.000,0.000,2,1,1_1,1_1_SF_3309,1_1_SF_3309_4,1_1_SF_3309_4
1,2023,1,3309,SF,8,1,1.000,0.060,60.000,0.000,0.000,2,1,1_1,1_1_SF_3309,1_1_SF_3309_8,1_1_SF_3309_8
1,2023,1,3309,SF,9,1,1.000,0.050,50.000,0.000,0.000,2,1,1_1,1_1_SF_3309,1_1_SF_3309_9,1_1_SF_3309_9
1,2023,1,3286,SF,9,1,1.000,3.500,3500.000,0.000,0.000,2,1,1_1,1_1_SF_3286,1_1_SF_3286_9,1_1_SF_3286_9
1,2023,1,3259,SF,1,1,1.000,0.155,455.150,50.500,0.000,2,1,1_1,1_1_SF_3259,1_1_SF_3259_1,1_1_SF_3259_1
1,2023,1,3309,SF,10,1,1.000,0.050,50.000,0.000,0.000,2,1,1_1,1_1_SF_3309,1_1_SF_3309_10,1_1_SF_3309_10
1,2023,1,3286,SF,10,1,1.000,0.500,500.000,0.000,0.000,2,1,1_1,1_1_SF_3286,1_1_SF_3286_10,1_1_SF_3286_10
1,2023,1,3288,SF,1,1,2.000,0.032,40.000,30.000,0.000,2,1,1_1,1_1_SF_3288,1_1_SF_3288_1,1_1_SF_3288_1
1,2023,1,3309,SF,11,1,1.000,0.003,2.500,0.000,0.000,2,1,1_1,1_1_SF_3309,1_1_SF_3309_11,1_1_SF_3309_11
1,2023,1,3282,SF,1,1,2.000,0.027,40.000,25.000,0.000,2,1,1_1,1_1_SF_3282,1_1_SF_3282_1,1_1_SF_3282_1
1,2023,1,3282,SF,2,1,2.000,0.032,40.000,30.000,0.000,2,1,1_1,1_1_SF_3282,1_1_SF_3282_2,1_1_SF_3282_2
1,2023,1,3284,SF,1,1,1.250,0.004,800.000,0.000,0.000,2,1,1_1,1_1_SF_3284,1_1_SF_3284_1,1_1_SF_3284_1
1,2023,1,3286,SF,11,1,18.000,0.900,50.000,0.000,0.000,2,1,1_1,1_1_SF_3286,1_1_SF_3286_11,1_1_SF_3286_11
1,2023,1,3328,SF,3,1,1.000,5.000,5000.000,0.000,0.000,2,1,1_1,1_1_SF_3328,1_1_SF_3328_3,1_1_SF_3328_3
1,2023,1,3321,SF,8,1,1.000,0.080,80.000,0.000,0.000,2,1,1_1,1_1_SF_3321,1_1_SF_3321_8,1_1_SF_3321_8
1,2023,1,3321,SF,9,1,1.000,0.080,80.000,0.000,0.000,2,1,1_1,1_1_SF_3321,1_1_SF_3321_9,1_1_SF_3321_9
1,2023,1,3321,SF,10,1,1.000,0.004,4.000,0.000,0.000,2,1,1_1,1_1_SF_3321,1_1_SF_3321_10,1_1_SF_3321_10
1,2023,1,3320,SF,1,1,1.000,0.080,140.000,71.420,0.000,2,1,1_1,1_1_SF_3320,1_1_SF_3320_1,1_1_SF_3320_1
1,2023,1,3320,SF,2,1,1.000,0.100,100.000,0.000,0.000,2,1,1_1,1_1_SF_3320,1_1_SF_3320_2,1_1_SF_3320_2
1,2023,1,3328,SF,10,1,1.000,0.050,50.000,0.000,0.000,2,1,1_1,1_1_SF_3328,1_1_SF_3328_10,1_1_SF_3328_10
1,2023,1,3278,SF,1,1,1.000,0.004,65.000,10.000,0.000,2,1,1_1,1_1_SF_3278,1_1_SF_3278_1,1_1_SF_3278_1
1,2023,1,3279,SF,1,1,1.000,0.005,75.000,10.000,0.000,2,1,1_1,1_1_SF_3279,1_1_SF_3279_1,1_1_SF_3279_1
1,2023,1,3290,SF,1,1,1.000,0.360,600.000,600.000,0.000,2,1,1_1,1_1_SF_3290,1_1_SF_3290_1,1_1_SF_3290_1
1,2023,1,3328,SF,11,1,1.000,0.050,50.000,0.000,0.000,2,1,1_1,1_1_SF_3328,1_1_SF_3328_11,1_1_SF_3328_11
1,2023,1,3328,SF,12,1,1.000,0.003,2.500,0.000,0.000,2,1,1_1,1_1_SF_3328,1_1_SF_3328_12,1_1_SF_3328_12
1,2023,1,3346,SF,4,1,1.000,2.050,2050.000,0.000,0.000,2,1,1_1,1_1_SF_3346,1_1_SF_3346_4,1_1_SF_3346_4
1,2023,1,3293,SF,3,1,2.000,0.313,450.000,77.000,0.000,2,1,1_1,1_1_SF_3293,1_1_SF_3293_3,1_1_SF_3293_3
1,2023,1,3293,SF,8,1,2.000,0.166,425.000,195.000,0.000,2,1,1_1,1_1_SF_3293,1_1_SF_3293_8,1_1_SF_3293_8
1,2023,1,3294,SF,1,1,1.000,0.358,200.000,0.000,0.000,2,1,1_1,1_1_SF_3294,1_1_SF_3294_1,1_1_SF_3294_1
1,2023,1,3295,SF,1,1,1.000,0.100,100.000,0.000,0.000,2,1,1_1,1_1_SF_3295,1_1_SF_3295_1,1_1_SF_3295_1
1,2023,1,3295,SF,2,1,1.000,0.167,167.000,0.000,0.000,2,1,1_1,1_1_SF_3295,1_1_SF_3295_2,1_1_SF_3295_2
1,2023,1,3346,SF,5,1,1.000,1.850,1850.000,0.000,0.000,2,1,1_1,1_1_SF_3346,1_1_SF_3346_5,1_1_SF_3346_5
1,2023,1,3343,SF,1,1,1.000,0.119,163.000,0.000,0.000,2,1,1_1,1_1_SF_3343,1_1_SF_3343_1,1_1_SF_3343_1
1,2023,1,3343,SF,2,1,1.000,0.509,350.000,0.000,0.000,2,1,1_1,1_1_SF_3343,1_1_SF_3343_2,1_1_SF_3343_2
1,2023,1,3354,SF,8,1,1.000,0.080,80.000,0.000,0.000,2,1,1_1,1_1_SF_3354,1_1_SF_3354_8,1_1_SF_3354_8
1,2023,1,3354,SF,9,1,1.000,0.004,4.000,0.000,0.000,2,1,1_1,1_1_SF_3354,1_1_SF_3354_9,1_1_SF_3354_9
1,2023,1,3360,SF,2,1,1.000,0.306,419.000,0.000,0.000,2,1,1_1,1_1_SF_3360,1_1_SF_3360_2,1_1_SF_3360_2
1,2023,1,3360,SF,3,1,1.000,0.292,400.000,0.000,0.000,2,1,1_1,1_1_SF_3360,1_1_SF_3360_3,1_1_SF_3360_3
1,2023,1,3340,SF,1,1,1.015,0.015,15.000,0.000,0.000,2,1,1_1,1_1_SF_3340,1_1_SF_3340_1,1_1_SF_3340_1
1,2023,1,3343,SF,3,1,1.000,0.059,163.000,0.000,0.000,2,1,1_1,1_1_SF_3343,1_1_SF_3343_3,1_1_SF_3343_3
1,2023,1,3399,SF,2,1,1.000,6.000,6000.000,0.000,0.000,2,1,1_1,1_1_SF_3399,1_1_SF_3399_2,1_1_SF_3399_2
1,2023,1,3405,SF,1,1,1.000,0.018,18.000,0.000,0.000,2,1,1_1,1_1_SF_3405,1_1_SF_3405_1,1_1_SF_3405_1
1,2023,1,3312,SF,1,1,1.014,0.104,795.000,19.000,0.000,2,1,1_1,1_1_SF_3312,1_1_SF_3312_1,1_1_SF_3312_1
1,2023,1,3297,SF,2,1,1.000,5.500,5500.000,0.000,0.000,2,1,1_1,1_1_SF_3297,1_1_SF_3297_2,1_1_SF_3297_2
1,2023,1,3297,SF,3,1,1.000,1.500,1500.000,0.000,0.000,2,1,1_1,1_1_SF_3297,1_1_SF_3297_3,1_1_SF_3297_3
1,2023,1,3297,SF,11,1,1.000,0.050,50.000,0.000,0.000,2,1,1_1,1_1_SF_3297,1_1_SF_3297_11,1_1_SF_3297_11
1,2023,1,3297,SF,12,1,1.000,0.050,50.000,0.000,0.000,2,1,1_1,1_1_SF_3297,1_1_SF_3297_12,1_1_SF_3297_12
1,2023,1,3297,SF,13,1,1.000,0.003,2.500,0.000,0.000,2,1,1_1,1_1_SF_3297,1_1_SF_3297_13,1_1_SF_3297_13
1,2023,1,3307,SF,2,1,1.000,0.391,175.000,0.000,0.000,2,1,1_1,1_1_SF_3307,1_1_SF_3307_2,1_1_SF_3307_2
1,2023,1,3307,SF,4,1,1.000,0.200,200.000,0.000,0.000,2,1,1_1,1_1_SF_3307,1_1_SF_3307_4,1_1_SF_3307_4
1,2023,1,3307,SF,5,1,1.000,0.200,200.000,0.000,0.000,2,1,1_1,1_1_SF_3307,1_1_SF_3307_5,1_1_SF_3307_5
1,2023,1,3296,SF,1,1,1.000,0.506,645.000,0.000,0.000,2,1,1_1,1_1_SF_3296,1_1_SF_3296_1,1_1_SF_3296_1
1,2023,1,3296,SF,2,1,3.000,1.036,440.000,0.000,0.000,2,1,1_1,1_1_SF_3296,1_1_SF_3296_2,1_1_SF_3296_2
1,2023,1,3296,SF,3,1,2.000,0.358,290.000,0.000,0.000,2,1,1_1,1_1_SF_3296,1_1_SF_3296_3,1_1_SF_3296_3
1,2023,1,3296,SF,4,1,1.000,0.062,100.000,0.000,0.000,2,1,1_1,1_1_SF_3296,1_1_SF_3296_4,1_1_SF_3296_4
1,2023,1,3296,SF,5,1,60.000,0.193,57.000,0.000,0.000,2,1,1_1,1_1_SF_3296,1_1_SF_3296_5,1_1_SF_3296_5
1,2023,1,3296,SF,6,1,1.000,0.500,500.000,0.000,0.000,2,1,1_1,1_1_SF_3296,1_1_SF_3296_6,1_1_SF_3296_6
1,2023,1,3296,SF,7,1,1.000,0.200,200.000,0.000,0.000,2,1,1_1,1_1_SF_3296,1_1_SF_3296_7,1_1_SF_3296_7
1,2023,1,3289,SF,1,1,2.000,0.894,250.000,0.000,0.000,2,1,1_1,1_1_SF_3289,1_1_SF_3289_1,1_1_SF_3289_1
1,2023,1,3289,SF,2,1,2.000,0.452,200.000,0.000,0.000,2,1,1_1,1_1_SF_3289,1_1_SF_3289_2,1_1_SF_3289_2
1,2023,1,3289,SF,3,1,1.000,0.487,400.000,0.000,0.000,2,1,1_1,1_1_SF_3289,1_1_SF_3289_3,1_1_SF_3289_3
1,2023,1,3289,SF,4,1,2.000,1.643,675.000,0.000,0.000,2,1,1_1,1_1_SF_3289,1_1_SF_3289_4,1_1_SF_3289_4
1,2023,1,3289,SF,5,1,8.000,2.637,400.000,0.000,0.000,2,1,1_1,1_1_SF_3289,1_1_SF_3289_5,1_1_SF_3289_5
1,2023,1,3289,SF,6,1,98.000,0.490,200.000,0.000,0.000,2,1,1_1,1_1_SF_3289,1_1_SF_3289_6,1_1_SF_3289_6
1,2023,1,3289,SF,12,1,1.000,0.250,250.000,0.000,0.000,2,1,1_1,1_1_SF_3289,1_1_SF_3289_12,1_1_SF_3289_12
1,2023,1,3289,SF,13,1,1.000,0.500,500.000,0.000,0.000,2,1,1_1,1_1_SF_3289,1_1_SF_3289_13,1_1_SF_3289_13
1,2023,1,3319,SF,1,1,1.000,0.020,135.000,22.000,0.000,2,1,1_1,1_1_SF_3319,1_1_SF_3319_1,1_1_SF_3319_1
1,2023,1,3325,SF,1,1,1.000,0.015,15.000,0.000,0.000,2,1,1_1,1_1_SF_3325,1_1_SF_3325_1,1_1_SF_3325_1
1,2023,1,3292,SF,1,1,1.000,0.237,325.000,0.000,0.000,2,1,1_1,1_1_SF_3292,1_1_SF_3292_1,1_1_SF_3292_1
1,2023,1,3292,SF,2,1,1.375,0.326,325.000,0.000,0.000,2,1,1_1,1_1_SF_3292,1_1_SF_3292_2,1_1_SF_3292_2
1,2023,1,3292,SF,3,1,6.000,1.161,715.000,15.000,0.000,2,1,1_1,1_1_SF_3292,1_1_SF_3292_3,1_1_SF_3292_3
1,2023,1,3355,SF,1,1,1.000,1.000,1000.000,0.000,0.000,2,1,1_1,1_1_SF_3355,1_1_SF_3355_1,1_1_SF_3355_1
1,2023,1,3316,SF,3,1,1.000,0.005,15.000,0.000,0.000,2,1,1_1,1_1_SF_3316,1_1_SF_3316_3,1_1_SF_3316_3
1,2023,1,3291,SF,2,1,1.000,0.087,120.000,0.000,0.000,2,1,1_1,1_1_SF_3291,1_1_SF_3291_2,1_1_SF_3291_2
1,2023,1,3291,SF,3,1,2.000,0.020,30.000,25.000,0.000,2,1,1_1,1_1_SF_3291,1_1_SF_3291_3,1_1_SF_3291_3
1,2023,1,3308,SF,2,1,1.000,5.800,5800.000,0.000,0.000,2,1,1_1,1_1_SF_3308,1_1_SF_3308_2,1_1_SF_3308_2
1,2023,1,3308,SF,3,1,1.000,1.500,1500.000,0.000,0.000,2,1,1_1,1_1_SF_3308,1_1_SF_3308_3,1_1_SF_3308_3
1,2023,1,3308,SF,10,1,1.000,0.050,50.000,0.000,0.000,2,1,1_1,1_1_SF_3308,1_1_SF_3308_10,1_1_SF_3308_10
1,2023,1,3308,SF,11,1,1.000,0.050,50.000,0.000,0.000,2,1,1_1,1_1_SF_3308,1_1_SF_3308_11,1_1_SF_3308_11
1,2023,1,3308,SF,12,1,1.000,0.005,5.000,0.000,0.000,2,1,1_1,1_1_SF_3308,1_1_SF_3308_12,1_1_SF_3308_12
1,2023,1,3355,SF,2,1,1.000,1.000,1000.000,0.000,0.000,2,1,1_1,1_1_SF_3355,1_1_SF_3355_2,1_1_SF_3355_2
1,2023,1,3317,SF,1,1,1.000,0.235,230.000,150.960,0.000,2,1,1_1,1_1_SF_3317,1_1_SF_3317_1,1_1_SF_3317_1
1,2023,1,3343,SF,4,1,1.000,0.022,30.000,0.000,0.000,2,1,1_1,1_1_SF_3343,1_1_SF_3343_4,1_1_SF_3343_4
1,2023,1,3343,SF,5,1,1.000,0.030,163.000,0.000,0.000,2,1,1_1,1_1_SF_3343,1_1_SF_3343_5,1_1_SF_3343_5
1,2023,1,3360,SF,4,1,3.000,0.099,45.000,0.000,0.000,2,1,1_1,1_1_SF_3360,1_1_SF_3360_4,1_1_SF_3360_4
1,2023,1,3225,SF,3,1,1.000,0.118,325.000,0.000,0.000,2,1,1_1,1_1_SF_3225,1_1_SF_3225_3,1_1_SF_3225_3
1,2023,1,3399,SF,3,1,1.000,3.000,3000.000,0.000,0.000,2,1,1_1,1_1_SF_3399,1_1_SF_3399_3,1_1_SF_3399_3
1,2023,1,3350,SF,1,1,2.000,0.271,100.000,100.000,0.000,2,1,1_1,1_1_SF_3350,1_1_SF_3350_1,1_1_SF_3350_1
1,2023,1,3311,EF,1,1,1.000,0.000,7851.000,0.000,0.000,2,1,1_1,1_1_EF_3311,1_1_EF_3311_1,1_1_EF_3311_1
1,2023,1,3266,SF,1,1,1.000,0.025,17.500,0.000,0.000,2,1,1_1,1_1_SF_3266,1_1_SF_3266_1,1_1_SF_3266_1
1,2023,1,3318,SF,1,1,1.000,0.368,225.000,0.000,0.000,2,1,1_1,1_1_SF_3318,1_1_SF_3318_1,1_1_SF_3318_1
1,2023,1,3350,SF,3,1,1.000,0.032,140.000,0.000,0.000,2,1,1_1,1_1_SF_3350,1_1_SF_3350_3,1_1_SF_3350_3
1,2023,1,3292,SF,4,1,1.500,1.370,1000.000,135.000,0.000,2,1,1_1,1_1_SF_3292,1_1_SF_3292_4,1_1_SF_3292_4
1,2023,1,3292,SF,5,1,0.875,0.207,1000.000,35.000,0.000,2,1,1_1,1_1_SF_3292,1_1_SF_3292_5,1_1_SF_3292_5
1,2023,1,3292,SF,8,1,1.000,0.144,200.000,0.000,0.000,2,1,1_1,1_1_SF_3292,1_1_SF_3292_8,1_1_SF_3292_8
1,2023,1,3292,SF,9,1,2.000,0.020,30.000,25.000,0.000,2,1,1_1,1_1_SF_3292,1_1_SF_3292_9,1_1_SF_3292_9
1,2023,1,3261,SF,2,1,1.000,5.152,3200.000,0.000,0.000,2,1,1_1,1_1_SF_3261,1_1_SF_3261_2,1_1_SF_3261_2
1,2023,1,3185,SF,1,1,0.100,0.004,250.000,0.000,0.000,2,1,1_1,1_1_SF_3185,1_1_SF_3185_1,1_1_SF_3185_1
1,2023,1,3185,SF,2,1,0.100,0.008,87.000,55.000,0.000,2,1,1_1,1_1_SF_3185,1_1_SF_3185_2,1_1_SF_3185_2
1,2023,1,3185,SF,3,1,0.100,0.000,140.000,0.000,0.000,2,1,1_1,1_1_SF_3185,1_1_SF_3185_3,1_1_SF_3185_3
1,2023,1,3185,SF,4,1,0.100,0.000,20.000,45.000,0.000,2,1,1_1,1_1_SF_3185,1_1_SF_3185_4,1_1_SF_3185_4
1,2023,1,3185,SF,5,1,4.000,0.031,50.000,0.000,0.000,2,1,1_1,1_1_SF_3185,1_1_SF_3185_5,1_1_SF_3185_5
1,2023,1,3185,SF,6,1,2.000,0.011,35.000,0.000,0.000,2,1,1_1,1_1_SF_3185,1_1_SF_3185_6,1_1_SF_3185_6
1,2023,1,3185,SF,7,1,2.000,0.009,30.000,0.000,0.000,2,1,1_1,1_1_SF_3185,1_1_SF_3185_7,1_1_SF_3185_7
1,2023,1,3185,SF,8,1,8.000,0.031,25.000,0.000,0.000,2,1,1_1,1_1_SF_3185,1_1_SF_3185_8,1_1_SF_3185_8
1,2023,1,3185,SF,9,1,4.000,0.016,25.000,0.000,0.000,2,1,1_1,1_1_SF_3185,1_1_SF_3185_9,1_1_SF_3185_9
1,2023,1,3185,SF,10,1,1.000,0.000,42.000,20.000,0.000,2,1,1_1,1_1_SF_3185,1_1_SF_3185_10,1_1_SF_3185_10
1,2023,1,3185,SF,11,1,0.100,0.000,325.000,65.000,0.000,2,1,1_1,1_1_SF_3185,1_1_SF_3185_11,1_1_SF_3185_11
1,2023,1,3185,SF,12,1,0.100,0.005,300.000,0.000,0.000,2,1,1_1,1_1_SF_3185,1_1_SF_3185_12,1_1_SF_3185_12
1,2023,1,3185,SF,13,1,0.100,0.024,300.000,0.000,0.000,2,1,1_1,1_1_SF_3185,1_1_SF_3185_13,1_1_SF_3185_13
1,2023,1,3185,SF,14,1,2.100,0.005,15.000,0.000,0.000,2,1,1_1,1_1_SF_3185,1_1_SF_3185_14,1_1_SF_3185_14
1,2023,1,3185,SF,16,1,0.100,0.026,1150.000,0.000,0.000,2,1,1_1,1_1_SF_3185,1_1_SF_3185_16,1_1_SF_3185_16
1,2023,1,3350,SF,4,1,20.000,0.010,60.000,0.000,0.000,2,1,1_1,1_1_SF_3350,1_1_SF_3350_4,1_1_SF_3350_4
1,2023,1,3350,SF,5,1,1.000,0.003,50.000,0.000,0.000,2,1,1_1,1_1_SF_3350,1_1_SF_3350_5,1_1_SF_3350_5
1,2023,1,3393,SF,7,1,1.000,0.047,115.000,0.000,0.000,2,1,1_1,1_1_SF_3393,1_1_SF_3393_7,1_1_SF_3393_7
1,2023,1,3432,SF,1,1,1.000,0.577,790.000,0.000,0.000,2,1,1_1,1_1_SF_3432,1_1_SF_3432_1,1_1_SF_3432_1
1,2023,1,3432,SF,2,1,1.000,0.317,440.000,0.000,0.000,2,1,1_1,1_1_SF_3432,1_1_SF_3432_2,1_1_SF_3432_2
1,2023,1,3435,SF,2,1,2.000,0.100,50.000,0.000,0.000,2,1,1_1,1_1_SF_3435,1_1_SF_3435_2,1_1_SF_3435_2
1,2023,1,3313,SF,1,1,1.063,0.126,795.000,22.000,0.000,2,1,1_1,1_1_SF_3313,1_1_SF_3313_1,1_1_SF_3313_1
1,2023,1,3314,SF,1,1,1.063,0.126,795.000,22.000,0.000,2,1,1_1,1_1_SF_3314,1_1_SF_3314_1,1_1_SF_3314_1
1,2023,1,3227,SF,1,1,1.000,0.211,660.000,59.200,0.000,2,1,1_1,1_1_SF_3227,1_1_SF_3227_1,1_1_SF_3227_1
1,2023,1,3421,SF,1,1,1.063,0.126,795.000,22.000,0.000,2,1,1_1,1_1_SF_3421,1_1_SF_3421_1,1_1_SF_3421_1
1,2023,1,3420,SF,1,1,1.014,0.104,795.000,19.000,0.000,2,1,1_1,1_1_SF_3420,1_1_SF_3420_1,1_1_SF_3420_1
1,2023,1,3315,SF,1,1,1.000,0.003,99.000,9.192,0.000,2,1,1_1,1_1_SF_3315,1_1_SF_3315_1,1_1_SF_3315_1
1,2023,1,3343,SF,6,1,152.000,0.500,143.000,0.000,0.000,2,1,1_1,1_1_SF_3343,1_1_SF_3343_6,1_1_SF_3343_6
1,2023,1,3379,SF,1,1,1.000,0.459,900.000,0.000,0.000,2,1,1_1,1_1_SF_3379,1_1_SF_3379_1,1_1_SF_3379_1
1,2023,1,3343,SF,7,1,8.000,0.558,1190.000,13.000,0.000,2,1,1_1,1_1_SF_3343,1_1_SF_3343_7,1_1_SF_3343_7
1,2023,1,3338,SF,1,1,1.000,1.500,1500.000,0.000,0.000,2,1,1_1,1_1_SF_3338,1_1_SF_3338_1,1_1_SF_3338_1
1,2023,1,3338,SF,7,1,1.000,0.080,80.000,0.000,0.000,2,1,1_1,1_1_SF_3338,1_1_SF_3338_7,1_1_SF_3338_7
1,2023,1,3338,SF,8,1,1.000,0.080,80.000,0.000,0.000,2,1,1_1,1_1_SF_3338,1_1_SF_3338_8,1_1_SF_3338_8
1,2023,1,3338,SF,9,1,1.000,0.004,4.000,0.000,0.000,2,1,1_1,1_1_SF_3338,1_1_SF_3338_9,1_1_SF_3338_9
1,2023,1,3399,SF,7,1,1.000,0.050,50.000,0.000,0.000,2,1,1_1,1_1_SF_3399,1_1_SF_3399_7,1_1_SF_3399_7
1,2023,1,3360,SF,5,1,2.000,0.005,10.000,0.000,0.000,2,1,1_1,1_1_SF_3360,1_1_SF_3360_5,1_1_SF_3360_5
1,2023,1,3360,SF,6,1,4.000,0.012,22.000,15.000,0.000,2,1,1_1,1_1_SF_3360,1_1_SF_3360_6,1_1_SF_3360_6
1,2023,1,3343,SF,8,1,4.000,1.107,1180.000,13.000,0.000,2,1,1_1,1_1_SF_3343,1_1_SF_3343_8,1_1_SF_3343_8
1,2023,1,3332,SF,1,1,1.000,0.003,99.000,9.270,0.000,2,1,1_1,1_1_SF_3332,1_1_SF_3332_1,1_1_SF_3332_1
1,2023,1,3358,SF,1,1,1.000,3.000,3000.000,0.000,0.000,2,1,1_1,1_1_SF_3358,1_1_SF_3358_1,1_1_SF_3358_1
1,2023,1,3341,SF,1,1,1.000,0.250,250.000,0.000,0.000,2,1,1_1,1_1_SF_3341,1_1_SF_3341_1,1_1_SF_3341_1
1,2023,1,3341,SF,2,1,1.000,1.500,1500.000,0.000,0.000,2,1,1_1,1_1_SF_3341,1_1_SF_3341_2,1_1_SF_3341_2
1,2023,1,3359,SF,2,1,1.053,0.008,8.000,0.000,0.000,2,1,1_1,1_1_SF_3359,1_1_SF_3359_2,1_1_SF_3359_2
1,2023,1,3359,SF,3,1,1.053,0.005,4.800,0.000,0.000,2,1,1_1,1_1_SF_3359,1_1_SF_3359_3,1_1_SF_3359_3
1,2023,1,3359,SF,4,1,1.053,0.000,0.300,0.000,0.000,2,1,1_1,1_1_SF_3359,1_1_SF_3359_4,1_1_SF_3359_4
1,2023,1,3395,SF,1,1,1.009,0.035,255.000,15.000,0.000,2,1,1_1,1_1_SF_3395,1_1_SF_3395_1,1_1_SF_3395_1
1,2023,1,3304,SF,1,1,0.750,0.022,80.000,0.000,0.000,2,1,1_1,1_1_SF_3304,1_1_SF_3304_1,1_1_SF_3304_1
1,2023,1,3304,SF,2,1,0.375,0.012,80.000,0.000,0.000,2,1,1_1,1_1_SF_3304,1_1_SF_3304_2,1_1_SF_3304_2
1,2023,1,3304,SF,3,1,0.125,0.001,25.000,0.000,0.000,2,1,1_1,1_1_SF_3304,1_1_SF_3304_3,1_1_SF_3304_3
1,2023,1,3304,SF,7,1,0.375,0.010,80.000,15.000,0.000,2,1,1_1,1_1_SF_3304,1_1_SF_3304_7,1_1_SF_3304_7
1,2023,1,3396,SF,1,1,1.009,0.038,210.000,20.000,0.000,2,1,1_1,1_1_SF_3396,1_1_SF_3396_1,1_1_SF_3396_1
1,2023,1,3396,SF,2,1,2.000,0.014,50.000,15.000,0.000,2,1,1_1,1_1_SF_3396,1_1_SF_3396_2,1_1_SF_3396_2
1,2023,1,3415,SF,2,1,1.000,1.500,1500.000,0.000,0.000,2,1,1_1,1_1_SF_3415,1_1_SF_3415_2,1_1_SF_3415_2
1,2023,1,3415,SF,9,1,1.000,0.050,50.000,0.000,0.000,2,1,1_1,1_1_SF_3415,1_1_SF_3415_9,1_1_SF_3415_9
1,2023,1,3415,SF,10,1,1.000,0.050,50.000,0.000,0.000,2,1,1_1,1_1_SF_3415,1_1_SF_3415_10,1_1_SF_3415_10
1,2023,1,3415,SF,11,1,1.000,0.003,2.500,0.000,0.000,2,1,1_1,1_1_SF_3415,1_1_SF_3415_11,1_1_SF_3415_11
1,2023,1,3477,SF,1,1,1.000,0.016,16.000,0.000,0.000,2,1,1_1,1_1_SF_3477,1_1_SF_3477_1,1_1_SF_3477_1
1,2023,1,3478,SF,1,1,1.000,0.016,16.000,0.000,0.000,2,1,1_1,1_1_SF_3478,1_1_SF_3478_1,1_1_SF_3478_1
1,2023,1,3428,SF,2,1,1.000,0.077,77.000,0.000,0.000,2,1,1_1,1_1_SF_3428,1_1_SF_3428_2,1_1_SF_3428_2
1,2023,1,3435,SF,3,1,1.000,1.500,1500.000,0.000,0.000,2,1,1_1,1_1_SF_3435,1_1_SF_3435_3,1_1_SF_3435_3
1,2023,1,3435,SF,10,1,1.000,0.050,50.000,0.000,0.000,2,1,1_1,1_1_SF_3435,1_1_SF_3435_10,1_1_SF_3435_10
1,2023,1,3337,SF,3,1,1.000,0.148,148.000,0.000,0.000,2,1,1_1,1_1_SF_3337,1_1_SF_3337_3,1_1_SF_3337_3
1,2023,1,3337,SF,4,1,1.000,0.148,148.000,0.000,0.000,2,1,1_1,1_1_SF_3337,1_1_SF_3337_4,1_1_SF_3337_4
1,2023,1,3337,SF,5,1,1.000,0.008,7.500,0.000,0.000,2,1,1_1,1_1_SF_3337,1_1_SF_3337_5,1_1_SF_3337_5
1,2023,1,3337,SF,6,1,1.000,1.500,1500.000,0.000,0.000,2,1,1_1,1_1_SF_3337,1_1_SF_3337_6,1_1_SF_3337_6
1,2023,1,3380,SF,2,1,1.000,2.500,2500.000,0.000,0.000,2,1,1_1,1_1_SF_3380,1_1_SF_3380_2,1_1_SF_3380_2
1,2023,1,3380,SF,9,1,1.000,0.050,50.000,0.000,0.000,2,1,1_1,1_1_SF_3380,1_1_SF_3380_9,1_1_SF_3380_9
1,2023,1,3380,SF,10,1,1.000,0.050,50.000,0.000,0.000,2,1,1_1,1_1_SF_3380,1_1_SF_3380_10,1_1_SF_3380_10
1,2023,1,3356,SF,2,1,1.000,3.000,3000.000,0.000,0.000,2,1,1_1,1_1_SF_3356,1_1_SF_3356_2,1_1_SF_3356_2
1,2023,1,3356,SF,9,1,1.000,0.050,50.000,0.000,0.000,2,1,1_1,1_1_SF_3356,1_1_SF_3356_9,1_1_SF_3356_9
1,2023,1,3356,SF,10,1,1.000,0.050,50.000,0.000,0.000,2,1,1_1,1_1_SF_3356,1_1_SF_3356_10,1_1_SF_3356_10
1,2023,1,3356,SF,11,1,1.000,0.005,5.000,0.000,0.000,2,1,1_1,1_1_SF_3356,1_1_SF_3356_11,1_1_SF_3356_11
1,2023,1,3330,SF,1,1,1.063,0.126,795.000,22.000,0.000,2,1,1_1,1_1_SF_3330,1_1_SF_3330_1,1_1_SF_3330_1
1,2023,1,3351,SF,2,1,1.000,4.300,4300.000,0.000,0.000,2,1,1_1,1_1_SF_3351,1_1_SF_3351_2,1_1_SF_3351_2
1,2023,1,3351,SF,3,1,1.000,1.500,1500.000,0.000,0.000,2,1,1_1,1_1_SF_3351,1_1_SF_3351_3,1_1_SF_3351_3
1,2023,1,3351,SF,8,1,1.000,0.050,50.000,0.000,0.000,2,1,1_1,1_1_SF_3351,1_1_SF_3351_8,1_1_SF_3351_8
1,2023,1,3351,SF,9,1,1.000,0.050,50.000,0.000,0.000,2,1,1_1,1_1_SF_3351,1_1_SF_3351_9,1_1_SF_3351_9
1,2023,1,3351,SF,10,1,1.000,0.005,5.000,0.000,0.000,2,1,1_1,1_1_SF_3351,1_1_SF_3351_10,1_1_SF_3351_10
1,2023,1,3365,SF,1,1,1.000,0.200,200.000,0.000,0.000,2,1,1_1,1_1_SF_3365,1_1_SF_3365_1,1_1_SF_3365_1
1,2023,1,3365,SF,2,1,1.000,0.167,167.000,0.000,0.000,2,1,1_1,1_1_SF_3365,1_1_SF_3365_2,1_1_SF_3365_2
1,2023,1,3224,SF,1,1,1.000,0.005,72.000,9.900,0.000,2,1,1_1,1_1_SF_3224,1_1_SF_3224_1,1_1_SF_3224_1
1,2023,1,3367,SF,1,1,1.000,0.034,6.000,0.000,0.000,2,1,1_1,1_1_SF_3367,1_1_SF_3367_1,1_1_SF_3367_1
1,2023,1,3368,SF,10,1,1.000,0.050,50.000,0.000,0.000,2,1,1_1,1_1_SF_3368,1_1_SF_3368_10,1_1_SF_3368_10
1,2023,1,3368,SF,11,1,1.000,0.003,2.500,0.000,0.000,2,1,1_1,1_1_SF_3368,1_1_SF_3368_11,1_1_SF_3368_11
1,2023,1,3336,SF,1,1,1.000,0.003,99.000,9.209,0.000,2,1,1_1,1_1_SF_3336,1_1_SF_3336_1,1_1_SF_3336_1
1,2023,1,3357,SF,2,1,1.000,2.000,2000.000,0.000,0.000,2,1,1_1,1_1_SF_3357,1_1_SF_3357_2,1_1_SF_3357_2
1,2023,1,3357,SF,6,1,1.000,0.050,50.000,0.000,0.000,2,1,1_1,1_1_SF_3357,1_1_SF_3357_6,1_1_SF_3357_6
1,2023,1,3357,SF,7,1,1.000,0.050,50.000,0.000,0.000,2,1,1_1,1_1_SF_3357,1_1_SF_3357_7,1_1_SF_3357_7
1,2023,1,3357,SF,8,1,1.000,0.005,5.000,0.000,0.000,2,1,1_1,1_1_SF_3357,1_1_SF_3357_8,1_1_SF_3357_8
1,2023,1,3236,SF,1,1,1.000,0.118,325.000,0.000,0.000,2,1,1_1,1_1_SF_3236,1_1_SF_3236_1,1_1_SF_3236_1
1,2023,1,3236,SF,2,1,7.000,1.172,714.000,13.000,0.000,2,1,1_1,1_1_SF_3236,1_1_SF_3236_2,1_1_SF_3236_2
1,2023,1,3236,SF,6,1,1.000,0.043,60.000,0.000,0.000,2,1,1_1,1_1_SF_3236,1_1_SF_3236_6,1_1_SF_3236_6
1,2023,1,3364,SF,2,1,1.042,1.563,1500.000,0.000,0.000,2,1,1_1,1_1_SF_3364,1_1_SF_3364_2,1_1_SF_3364_2
1,2023,1,3452,SF,1,1,1.000,24.000,24000.000,0.000,0.000,2,1,1_1,1_1_SF_3452,1_1_SF_3452_1,1_1_SF_3452_1
1,2023,1,3358,SF,4,1,1.000,0.148,148.000,0.000,0.000,2,1,1_1,1_1_SF_3358,1_1_SF_3358_4,1_1_SF_3358_4
1,2023,1,3358,SF,5,1,1.000,0.148,148.000,0.000,0.000,2,1,1_1,1_1_SF_3358,1_1_SF_3358_5,1_1_SF_3358_5
1,2023,1,3358,SF,6,1,1.000,0.008,7.500,0.000,0.000,2,1,1_1,1_1_SF_3358,1_1_SF_3358_6,1_1_SF_3358_6
1,2023,1,3362,SF,1,1,1.000,4.000,4000.000,0.000,0.000,2,1,1_1,1_1_SF_3362,1_1_SF_3362_1,1_1_SF_3362_1
1,2023,1,3362,SF,4,1,2.000,0.120,60.000,0.000,0.000,2,1,1_1,1_1_SF_3362,1_1_SF_3362_4,1_1_SF_3362_4
1,2023,1,3362,SF,9,1,1.000,0.080,80.000,0.000,0.000,2,1,1_1,1_1_SF_3362,1_1_SF_3362_9,1_1_SF_3362_9
1,2023,1,3362,SF,10,1,1.000,0.080,80.000,0.000,0.000,2,1,1_1,1_1_SF_3362,1_1_SF_3362_10,1_1_SF_3362_10
1,2023,1,3362,SF,11,1,1.000,0.004,4.000,0.000,0.000,2,1,1_1,1_1_SF_3362,1_1_SF_3362_11,1_1_SF_3362_11
1,2023,1,3363,SF,2,1,1.000,2.000,2000.000,0.000,0.000,2,1,1_1,1_1_SF_3363,1_1_SF_3363_2,1_1_SF_3363_2
1,2023,1,3363,SF,9,1,1.000,0.050,50.000,0.000,0.000,2,1,1_1,1_1_SF_3363,1_1_SF_3363_9,1_1_SF_3363_9
1,2023,1,3363,SF,10,1,1.000,0.050,50.000,0.000,0.000,2,1,1_1,1_1_SF_3363,1_1_SF_3363_10,1_1_SF_3363_10
1,2023,1,3363,SF,11,1,1.000,0.003,2.500,0.000,0.000,2,1,1_1,1_1_SF_3363,1_1_SF_3363_11,1_1_SF_3363_11
1,2023,1,3372,SF,1,1,1.000,0.049,49.000,0.000,0.000,2,1,1_1,1_1_SF_3372,1_1_SF_3372_1,1_1_SF_3372_1
1,2023,1,3450,SF,1,1,1.000,0.100,275.000,0.000,0.000,2,1,1_1,1_1_SF_3450,1_1_SF_3450_1,1_1_SF_3450_1
1,2023,1,3380,SF,11,1,1.000,0.003,2.500,0.000,0.000,2,1,1_1,1_1_SF_3380,1_1_SF_3380_11,1_1_SF_3380_11
1,2023,1,3381,SF,1,1,1.000,3.000,3000.000,0.000,0.000,2,1,1_1,1_1_SF_3381,1_1_SF_3381_1,1_1_SF_3381_1
1,2023,1,3381,SF,4,1,1.000,0.148,148.000,0.000,0.000,2,1,1_1,1_1_SF_3381,1_1_SF_3381_4,1_1_SF_3381_4
1,2023,1,3381,SF,5,1,1.000,0.148,148.000,0.000,0.000,2,1,1_1,1_1_SF_3381,1_1_SF_3381_5,1_1_SF_3381_5
1,2023,1,3381,SF,6,1,1.000,0.008,7.500,0.000,0.000,2,1,1_1,1_1_SF_3381,1_1_SF_3381_6,1_1_SF_3381_6
1,2023,1,3375,SF,1,1,1.002,0.029,29.000,0.000,0.000,2,1,1_1,1_1_SF_3375,1_1_SF_3375_1,1_1_SF_3375_1
1,2023,1,3377,SF,1,1,1.038,0.044,42.000,0.000,0.000,2,1,1_1,1_1_SF_3377,1_1_SF_3377_1,1_1_SF_3377_1
1,2023,1,3373,SF,1,1,1.000,0.019,19.000,0.000,0.000,2,1,1_1,1_1_SF_3373,1_1_SF_3373_1,1_1_SF_3373_1
1,2023,1,3374,SF,1,1,1.000,0.025,25.000,0.000,0.000,2,1,1_1,1_1_SF_3374,1_1_SF_3374_1,1_1_SF_3374_1
1,2023,1,3383,SF,1,1,1.000,0.666,666.000,0.000,0.000,2,1,1_1,1_1_SF_3383,1_1_SF_3383_1,1_1_SF_3383_1
1,2023,1,3376,SF,1,1,1.000,0.033,33.000,0.000,0.000,2,1,1_1,1_1_SF_3376,1_1_SF_3376_1,1_1_SF_3376_1
1,2023,1,3383,SF,2,1,1.000,0.022,140.000,20.000,0.000,2,1,1_1,1_1_SF_3383,1_1_SF_3383_2,1_1_SF_3383_2
1,2023,1,3378,SF,1,1,1.000,0.083,83.000,0.000,0.000,2,1,1_1,1_1_SF_3378,1_1_SF_3378_1,1_1_SF_3378_1
1,2023,1,3452,SF,2,1,2.000,6.018,1275.000,0.000,0.000,2,1,1_1,1_1_SF_3452,1_1_SF_3452_2,1_1_SF_3452_2
1,2023,1,3333,SF,1,1,1.014,0.104,795.000,19.000,0.000,2,1,1_1,1_1_SF_3333,1_1_SF_3333_1,1_1_SF_3333_1
1,2023,1,3334,SF,1,1,1.063,0.126,795.000,22.000,0.000,2,1,1_1,1_1_SF_3334,1_1_SF_3334_1,1_1_SF_3334_1
1,2023,1,3435,SF,11,1,1.000,0.050,50.000,0.000,0.000,2,1,1_1,1_1_SF_3435,1_1_SF_3435_11,1_1_SF_3435_11
1,2023,1,3435,SF,12,1,1.000,0.003,2.500,0.000,0.000,2,1,1_1,1_1_SF_3435,1_1_SF_3435_12,1_1_SF_3435_12
1,2023,1,3366,SF,1,1,1.000,0.582,260.000,0.000,0.000,2,1,1_1,1_1_SF_3366,1_1_SF_3366_1,1_1_SF_3366_1
1,2023,1,3335,SF,1,1,1.063,0.126,795.000,22.000,0.000,2,1,1_1,1_1_SF_3335,1_1_SF_3335_1,1_1_SF_3335_1
1,2023,1,3383,SF,3,1,1.000,0.004,10.000,0.000,0.000,2,1,1_1,1_1_SF_3383,1_1_SF_3383_3,1_1_SF_3383_3
1,2023,1,3384,SF,1,1,1.000,0.023,50.000,50.000,0.000,2,1,1_1,1_1_SF_3384,1_1_SF_3384_1,1_1_SF_3384_1
1,2023,1,3369,SF,1,1,1.003,0.018,18.000,0.000,0.000,2,1,1_1,1_1_SF_3369,1_1_SF_3369_1,1_1_SF_3369_1
1,2023,1,3348,SF,5,1,1.000,9.812,2000.000,0.000,0.000,2,1,1_1,1_1_SF_3348,1_1_SF_3348_5,1_1_SF_3348_5
1,2023,1,3348,SF,6,1,2.000,1.200,300.000,0.000,0.000,2,1,1_1,1_1_SF_3348,1_1_SF_3348_6,1_1_SF_3348_6
1,2023,1,3348,SF,7,1,14.000,2.548,350.000,0.000,0.000,2,1,1_1,1_1_SF_3348,1_1_SF_3348_7,1_1_SF_3348_7
1,2023,1,3348,SF,8,1,14.000,1.092,150.000,0.000,0.000,2,1,1_1,1_1_SF_3348,1_1_SF_3348_8,1_1_SF_3348_8
1,2023,1,3348,SF,9,1,1.000,0.250,250.000,0.000,0.000,2,1,1_1,1_1_SF_3348,1_1_SF_3348_9,1_1_SF_3348_9
1,2023,1,3348,SF,10,1,1.000,2.000,2000.000,0.000,0.000,2,1,1_1,1_1_SF_3348,1_1_SF_3348_10,1_1_SF_3348_10
1,2023,1,3347,SF,5,1,1.000,9.812,2000.000,0.000,0.000,2,1,1_1,1_1_SF_3347,1_1_SF_3347_5,1_1_SF_3347_5
1,2023,1,3347,SF,6,1,2.000,1.200,300.000,0.000,0.000,2,1,1_1,1_1_SF_3347,1_1_SF_3347_6,1_1_SF_3347_6
1,2023,1,3347,SF,8,1,1.000,0.500,500.000,0.000,0.000,2,1,1_1,1_1_SF_3347,1_1_SF_3347_8,1_1_SF_3347_8
1,2023,1,3347,SF,9,1,1.000,2.000,2000.000,0.000,0.000,2,1,1_1,1_1_SF_3347,1_1_SF_3347_9,1_1_SF_3347_9
1,2023,1,3370,SF,1,1,1.009,0.026,26.000,0.000,0.000,2,1,1_1,1_1_SF_3370,1_1_SF_3370_1,1_1_SF_3370_1
1,2023,1,3371,SF,1,1,1.010,0.015,15.000,0.000,0.000,2,1,1_1,1_1_SF_3371,1_1_SF_3371_1,1_1_SF_3371_1
1,2023,1,3437,SF,1,1,1.002,0.030,30.000,0.000,0.000,2,1,1_1,1_1_SF_3437,1_1_SF_3437_1,1_1_SF_3437_1
1,2023,1,3398,SF,1,1,1.000,0.005,13.000,0.000,0.000,2,1,1_1,1_1_SF_3398,1_1_SF_3398_1,1_1_SF_3398_1
1,2023,1,3349,SF,1,1,2.000,0.311,115.000,100.000,0.000,2,1,1_1,1_1_SF_3349,1_1_SF_3349_1,1_1_SF_3349_1
1,2023,1,3349,SF,3,1,1.000,0.018,90.000,15.000,0.000,2,1,1_1,1_1_SF_3349,1_1_SF_3349_3,1_1_SF_3349_3
1,2023,1,3349,SF,4,1,1.000,0.003,50.000,0.000,0.000,2,1,1_1,1_1_SF_3349,1_1_SF_3349_4,1_1_SF_3349_4
1,2023,1,3349,SF,5,1,2.000,0.054,214.000,0.000,0.000,2,1,1_1,1_1_SF_3349,1_1_SF_3349_5,1_1_SF_3349_5
1,2023,1,3349,SF,6,1,6.500,0.026,60.000,5.000,0.000,2,1,1_1,1_1_SF_3349,1_1_SF_3349_6,1_1_SF_3349_6
1,2023,1,3349,SF,7,1,6.500,0.007,50.000,5.000,0.000,2,1,1_1,1_1_SF_3349,1_1_SF_3349_7,1_1_SF_3349_7
1,2023,1,3386,SF,1,1,1.000,1.000,1000.000,0.000,0.000,2,1,1_1,1_1_SF_3386,1_1_SF_3386_1,1_1_SF_3386_1
1,2023,1,3386,SF,7,1,1.000,0.080,80.000,0.000,0.000,2,1,1_1,1_1_SF_3386,1_1_SF_3386_7,1_1_SF_3386_7
1,2023,1,3386,SF,8,1,1.000,0.080,80.000,0.000,0.000,2,1,1_1,1_1_SF_3386,1_1_SF_3386_8,1_1_SF_3386_8
1,2023,1,3386,SF,9,1,1.000,0.004,4.000,0.000,0.000,2,1,1_1,1_1_SF_3386,1_1_SF_3386_9,1_1_SF_3386_9
1,2023,1,3387,SF,1,1,1.000,3.000,3000.000,0.000,0.000,2,1,1_1,1_1_SF_3387,1_1_SF_3387_1,1_1_SF_3387_1
1,2023,1,3387,SF,7,1,1.000,0.080,80.000,0.000,0.000,2,1,1_1,1_1_SF_3387,1_1_SF_3387_7,1_1_SF_3387_7
1,2023,1,3387,SF,8,1,1.000,0.080,80.000,0.000,0.000,2,1,1_1,1_1_SF_3387,1_1_SF_3387_8,1_1_SF_3387_8
1,2023,1,3387,SF,9,1,1.000,0.004,4.000,0.000,0.000,2,1,1_1,1_1_SF_3387,1_1_SF_3387_9,1_1_SF_3387_9
1,2023,1,3438,SF,1,1,1.005,0.030,30.000,0.000,0.000,2,1,1_1,1_1_SF_3438,1_1_SF_3438_1,1_1_SF_3438_1
1,2023,1,3440,SF,1,1,1.000,0.040,40.000,0.000,0.000,2,1,1_1,1_1_SF_3440,1_1_SF_3440_1,1_1_SF_3440_1
1,2023,1,3414,SF,2,1,1.000,0.008,8.000,0.000,0.000,2,1,1_1,1_1_SF_3414,1_1_SF_3414_2,1_1_SF_3414_2
1,2023,1,3414,SF,3,1,1.000,0.005,4.800,0.000,0.000,2,1,1_1,1_1_SF_3414,1_1_SF_3414_3,1_1_SF_3414_3
1,2023,1,3414,SF,4,1,1.000,0.000,0.300,0.000,0.000,2,1,1_1,1_1_SF_3414,1_1_SF_3414_4,1_1_SF_3414_4
1,2023,1,3587,SF,1,1,1.000,0.200,200.000,0.000,0.000,2,1,1_1,1_1_SF_3587,1_1_SF_3587_1,1_1_SF_3587_1
1,2023,1,3465,SF,1,1,1.000,0.016,228.500,8.000,0.000,2,1,1_1,1_1_SF_3465,1_1_SF_3465_1,1_1_SF_3465_1
1,2023,1,3465,SF,2,1,1.000,0.008,182.000,5.000,0.000,2,1,1_1,1_1_SF_3465,1_1_SF_3465_2,1_1_SF_3465_2
1,2023,1,3479,SF,1,1,1.000,0.233,645.000,20.000,0.000,2,1,1_1,1_1_SF_3479,1_1_SF_3479_1,1_1_SF_3479_1
1,2023,1,3427,SF,1,1,1.000,0.003,99.000,9.500,0.000,2,1,1_1,1_1_SF_3427,1_1_SF_3427_1,1_1_SF_3427_1
1,2023,1,3429,SF,1,1,1.000,0.200,200.000,0.000,0.000,2,1,1_1,1_1_SF_3429,1_1_SF_3429_1,1_1_SF_3429_1
1,2023,1,3429,SF,2,1,1.000,0.200,200.000,0.000,0.000,2,1,1_1,1_1_SF_3429,1_1_SF_3429_2,1_1_SF_3429_2
1,2023,1,3453,SF,1,1,1.000,1.500,1500.000,0.000,0.000,2,1,1_1,1_1_SF_3453,1_1_SF_3453_1,1_1_SF_3453_1
1,2023,1,3402,SF,1,1,1.000,0.007,20.000,20.000,0.000,2,1,1_1,1_1_SF_3402,1_1_SF_3402_1,1_1_SF_3402_1
1,2023,1,3410,SF,2,1,1.000,3.300,3300.000,0.000,0.000,2,1,1_1,1_1_SF_3410,1_1_SF_3410_2,1_1_SF_3410_2
1,2023,1,3344,SF,1,1,1.000,0.030,30.000,0.000,0.000,2,1,1_1,1_1_SF_3344,1_1_SF_3344_1,1_1_SF_3344_1
1,2023,1,3345,SF,1,1,1.000,0.030,30.000,0.000,0.000,2,1,1_1,1_1_SF_3345,1_1_SF_3345_1,1_1_SF_3345_1
1,2023,1,3481,SF,1,1,1.000,4.000,4000.000,0.000,0.000,2,1,1_1,1_1_SF_3481,1_1_SF_3481_1,1_1_SF_3481_1
1,2023,1,3399,SF,8,1,1.000,0.050,50.000,0.000,0.000,2,1,1_1,1_1_SF_3399,1_1_SF_3399_8,1_1_SF_3399_8
1,2023,1,3399,SF,9,1,1.000,0.003,2.500,0.000,0.000,2,1,1_1,1_1_SF_3399,1_1_SF_3399_9,1_1_SF_3399_9
1,2023,1,3400,SF,2,1,1.000,3.400,3400.000,0.000,0.000,2,1,1_1,1_1_SF_3400,1_1_SF_3400_2,1_1_SF_3400_2
1,2023,1,3400,SF,3,1,1.000,1.500,1500.000,0.000,0.000,2,1,1_1,1_1_SF_3400,1_1_SF_3400_3,1_1_SF_3400_3
1,2023,1,3400,SF,11,1,1.000,0.050,50.000,0.000,0.000,2,1,1_1,1_1_SF_3400,1_1_SF_3400_11,1_1_SF_3400_11
1,2023,1,3400,SF,12,1,1.000,0.050,50.000,0.000,0.000,2,1,1_1,1_1_SF_3400,1_1_SF_3400_12,1_1_SF_3400_12
1,2023,1,3400,SF,13,1,1.000,0.005,5.000,0.000,0.000,2,1,1_1,1_1_SF_3400,1_1_SF_3400_13,1_1_SF_3400_13
1,2023,1,3401,SF,2,1,1.000,4.300,4300.000,0.000,0.000,2,1,1_1,1_1_SF_3401,1_1_SF_3401_2,1_1_SF_3401_2
1,2023,1,3401,SF,3,1,1.000,1.500,1500.000,0.000,0.000,2,1,1_1,1_1_SF_3401,1_1_SF_3401_3,1_1_SF_3401_3
1,2023,1,3401,SF,8,1,1.000,0.048,48.000,0.000,0.000,2,1,1_1,1_1_SF_3401,1_1_SF_3401_8,1_1_SF_3401_8
1,2023,1,3401,SF,9,1,1.000,0.052,52.000,0.000,0.000,2,1,1_1,1_1_SF_3401,1_1_SF_3401_9,1_1_SF_3401_9
1,2023,1,3401,SF,10,1,1.000,0.005,5.000,0.000,0.000,2,1,1_1,1_1_SF_3401,1_1_SF_3401_10,1_1_SF_3401_10
1,2023,1,3390,SF,1,1,1.000,0.117,285.000,0.000,0.000,2,1,1_1,1_1_SF_3390,1_1_SF_3390_1,1_1_SF_3390_1
1,2023,1,3404,SF,1,1,1.000,0.072,72.000,0.000,0.000,2,1,1_1,1_1_SF_3404,1_1_SF_3404_1,1_1_SF_3404_1
1,2023,1,3406,SF,1,1,1.000,0.017,17.000,0.000,0.000,2,1,1_1,1_1_SF_3406,1_1_SF_3406_1,1_1_SF_3406_1
1,2023,1,3410,SF,3,1,1.000,1.500,1500.000,0.000,0.000,2,1,1_1,1_1_SF_3410,1_1_SF_3410_3,1_1_SF_3410_3
1,2023,1,3409,SF,1,1,1.000,0.033,33.000,0.000,0.000,2,1,1_1,1_1_SF_3409,1_1_SF_3409_1,1_1_SF_3409_1
1,2023,1,3481,SF,7,1,1.000,0.080,80.000,0.000,0.000,2,1,1_1,1_1_SF_3481,1_1_SF_3481_7,1_1_SF_3481_7
1,2023,1,3408,EF,1,1,1.000,0.000,28140.000,0.000,0.000,2,1,1_1,1_1_EF_3408,1_1_EF_3408_1,1_1_EF_3408_1
1,2023,1,3410,SF,10,1,1.000,0.050,50.000,0.000,0.000,2,1,1_1,1_1_SF_3410,1_1_SF_3410_10,1_1_SF_3410_10
1,2023,1,3410,SF,11,1,1.000,0.050,50.000,0.000,0.000,2,1,1_1,1_1_SF_3410,1_1_SF_3410_11,1_1_SF_3410_11
1,2023,1,3410,SF,12,1,1.000,0.005,5.000,0.000,0.000,2,1,1_1,1_1_SF_3410,1_1_SF_3410_12,1_1_SF_3410_12
1,2023,1,3481,SF,8,1,1.000,0.080,80.000,0.000,0.000,2,1,1_1,1_1_SF_3481,1_1_SF_3481_8,1_1_SF_3481_8
1,2023,1,3499,SF,1,1,1.000,3.000,3000.000,0.000,0.000,2,1,1_1,1_1_SF_3499,1_1_SF_3499_1,1_1_SF_3499_1
1,2023,1,3446,SF,1,1,1.000,0.036,200.000,0.000,0.000,2,1,1_1,1_1_SF_3446,1_1_SF_3446_1,1_1_SF_3446_1
1,2023,1,3499,SF,3,1,1.000,2.000,2000.000,0.000,0.000,2,1,1_1,1_1_SF_3499,1_1_SF_3499_3,1_1_SF_3499_3
1,2023,1,3412,SF,1,1,1.000,0.014,1000.000,0.000,0.000,2,1,1_1,1_1_SF_3412,1_1_SF_3412_1,1_1_SF_3412_1
1,2023,1,3174,SF,4,1,1.000,0.140,130.000,90.000,0.000,2,1,1_1,1_1_SF_3174,1_1_SF_3174_4,1_1_SF_3174_4
1,2023,1,3174,SF,5,1,325.000,2.958,1000.000,0.000,0.000,2,1,1_1,1_1_SF_3174,1_1_SF_3174_5,1_1_SF_3174_5
1,2023,1,3174,SF,6,1,52.000,0.146,800.000,0.000,0.000,2,1,1_1,1_1_SF_3174,1_1_SF_3174_6,1_1_SF_3174_6
1,2023,1,3174,SF,7,1,1.000,1.430,400.000,0.000,0.000,2,1,1_1,1_1_SF_3174,1_1_SF_3174_7,1_1_SF_3174_7
1,2023,1,3174,SF,8,1,4.000,0.704,110.000,100.000,0.000,2,1,1_1,1_1_SF_3174,1_1_SF_3174_8,1_1_SF_3174_8
1,2023,1,3174,SF,15,1,1.000,0.400,1000.000,0.000,0.000,2,1,1_1,1_1_SF_3174,1_1_SF_3174_15,1_1_SF_3174_15
1,2023,1,3174,SF,16,1,1.000,0.225,9000.000,0.000,0.000,2,1,1_1,1_1_SF_3174,1_1_SF_3174_16,1_1_SF_3174_16
1,2023,1,3174,SF,17,1,13.000,0.257,200.000,0.000,0.000,2,1,1_1,1_1_SF_3174,1_1_SF_3174_17,1_1_SF_3174_17
1,2023,1,3174,SF,19,1,1.000,0.119,300.000,0.000,0.000,2,1,1_1,1_1_SF_3174,1_1_SF_3174_19,1_1_SF_3174_19
1,2023,1,3174,SF,20,1,1.000,0.400,450.000,0.000,0.000,2,1,1_1,1_1_SF_3174,1_1_SF_3174_20,1_1_SF_3174_20
1,2023,1,3174,SF,21,1,1.000,0.277,50.000,0.000,0.000,2,1,1_1,1_1_SF_3174,1_1_SF_3174_21,1_1_SF_3174_21
1,2023,1,3174,SF,22,1,1.000,0.315,700.000,0.000,0.000,2,1,1_1,1_1_SF_3174,1_1_SF_3174_22,1_1_SF_3174_22
1,2023,1,3388,SF,1,1,1.000,0.200,200.000,0.000,0.000,2,1,1_1,1_1_SF_3388,1_1_SF_3388_1,1_1_SF_3388_1
1,2023,1,3388,SF,2,1,1.000,0.100,100.000,0.000,0.000,2,1,1_1,1_1_SF_3388,1_1_SF_3388_2,1_1_SF_3388_2
1,2023,1,3403,SF,1,1,1.000,0.030,30.000,0.000,0.000,2,1,1_1,1_1_SF_3403,1_1_SF_3403_1,1_1_SF_3403_1
1,2023,1,3430,SF,2,1,1.000,1.500,1500.000,0.000,0.000,2,1,1_1,1_1_SF_3430,1_1_SF_3430_2,1_1_SF_3430_2
1,2023,1,3430,SF,5,1,1.000,0.004,48.000,20.000,0.000,2,1,1_1,1_1_SF_3430,1_1_SF_3430_5,1_1_SF_3430_5
1,2023,1,3430,SF,6,1,1.000,0.007,80.000,20.000,0.000,2,1,1_1,1_1_SF_3430,1_1_SF_3430_6,1_1_SF_3430_6
1,2023,1,3430,SF,8,1,1.000,0.050,50.000,0.000,0.000,2,1,1_1,1_1_SF_3430,1_1_SF_3430_8,1_1_SF_3430_8
1,2023,1,3430,SF,9,1,1.000,0.050,50.000,0.000,0.000,2,1,1_1,1_1_SF_3430,1_1_SF_3430_9,1_1_SF_3430_9
1,2023,1,3430,SF,10,1,1.000,0.003,2.500,0.000,0.000,2,1,1_1,1_1_SF_3430,1_1_SF_3430_10,1_1_SF_3430_10
1,2023,1,3431,SF,2,1,1.000,3.800,3800.000,0.000,0.000,2,1,1_1,1_1_SF_3431,1_1_SF_3431_2,1_1_SF_3431_2
1,2023,1,3431,SF,3,1,1.000,1.500,1500.000,0.000,0.000,2,1,1_1,1_1_SF_3431,1_1_SF_3431_3,1_1_SF_3431_3
1,2023,1,3431,SF,7,1,1.000,0.050,50.000,0.000,0.000,2,1,1_1,1_1_SF_3431,1_1_SF_3431_7,1_1_SF_3431_7
1,2023,1,3431,SF,8,1,1.000,0.050,50.000,0.000,0.000,2,1,1_1,1_1_SF_3431,1_1_SF_3431_8,1_1_SF_3431_8
1,2023,1,3431,SF,9,1,1.000,0.003,2.500,0.000,0.000,2,1,1_1,1_1_SF_3431,1_1_SF_3431_9,1_1_SF_3431_9
1,2023,1,3394,SF,1,1,1.000,0.074,410.000,20.000,0.000,2,1,1_1,1_1_SF_3394,1_1_SF_3394_1,1_1_SF_3394_1
1,2023,1,3394,SF,4,1,24.500,0.084,40.000,9.500,0.000,2,1,1_1,1_1_SF_3394,1_1_SF_3394_4,1_1_SF_3394_4
1,2023,1,3394,SF,5,1,12.500,0.169,150.000,10.000,0.000,2,1,1_1,1_1_SF_3394,1_1_SF_3394_5,1_1_SF_3394_5
1,2023,1,3382,SF,1,1,1.000,0.168,125.000,0.000,0.000,2,1,1_1,1_1_SF_3382,1_1_SF_3382_1,1_1_SF_3382_1
1,2023,1,3382,SF,2,1,1.000,0.308,230.000,0.000,0.000,2,1,1_1,1_1_SF_3382,1_1_SF_3382_2,1_1_SF_3382_2
1,2023,1,3342,SF,1,1,1.000,0.119,163.000,0.000,0.000,2,1,1_1,1_1_SF_3342,1_1_SF_3342_1,1_1_SF_3342_1
1,2023,1,3342,SF,2,1,1.000,0.509,350.000,0.000,0.000,2,1,1_1,1_1_SF_3342,1_1_SF_3342_2,1_1_SF_3342_2
1,2023,1,3342,SF,3,1,1.000,0.059,163.000,0.000,0.000,2,1,1_1,1_1_SF_3342,1_1_SF_3342_3,1_1_SF_3342_3
1,2023,1,3342,SF,4,1,1.000,0.022,30.000,0.000,0.000,2,1,1_1,1_1_SF_3342,1_1_SF_3342_4,1_1_SF_3342_4
1,2023,1,3342,SF,5,1,1.000,0.030,163.000,0.000,0.000,2,1,1_1,1_1_SF_3342,1_1_SF_3342_5,1_1_SF_3342_5
1,2023,1,3342,SF,6,1,152.000,0.500,143.000,0.000,0.000,2,1,1_1,1_1_SF_3342,1_1_SF_3342_6,1_1_SF_3342_6
1,2023,1,3342,SF,7,1,8.000,0.558,1190.000,13.000,0.000,2,1,1_1,1_1_SF_3342,1_1_SF_3342_7,1_1_SF_3342_7
1,2023,1,3342,SF,8,1,4.000,1.107,1180.000,13.000,0.000,2,1,1_1,1_1_SF_3342,1_1_SF_3342_8,1_1_SF_3342_8
1,2023,1,3382,SF,3,1,1.000,0.093,300.000,46.000,0.000,2,1,1_1,1_1_SF_3382,1_1_SF_3382_3,1_1_SF_3382_3
1,2023,1,3382,SF,4,1,1.000,0.186,915.000,30.000,0.000,2,1,1_1,1_1_SF_3382,1_1_SF_3382_4,1_1_SF_3382_4
1,2023,1,3382,SF,5,1,1.000,0.206,1015.000,30.000,0.000,2,1,1_1,1_1_SF_3382,1_1_SF_3382_5,1_1_SF_3382_5
1,2023,1,3382,SF,6,1,7.000,0.014,30.000,10.000,0.000,2,1,1_1,1_1_SF_3382,1_1_SF_3382_6,1_1_SF_3382_6
1,2023,1,3382,SF,7,1,0.700,0.237,1000.000,75.000,0.000,2,1,1_1,1_1_SF_3382,1_1_SF_3382_7,1_1_SF_3382_7
1,2023,1,3411,SF,1,1,1.025,0.010,35.000,20.000,0.000,2,1,1_1,1_1_SF_3411,1_1_SF_3411_1,1_1_SF_3411_1
1,2023,1,3448,SF,1,1,1.000,0.009,80.000,25.000,0.000,2,1,1_1,1_1_SF_3448,1_1_SF_3448_1,1_1_SF_3448_1
1,2023,1,3436,SF,2,1,2.000,0.100,50.000,0.000,0.000,2,1,1_1,1_1_SF_3436,1_1_SF_3436_2,1_1_SF_3436_2
1,2023,1,3436,SF,3,1,1.000,3.000,3000.000,0.000,0.000,2,1,1_1,1_1_SF_3436,1_1_SF_3436_3,1_1_SF_3436_3
1,2023,1,3436,SF,10,1,1.000,0.050,50.000,0.000,0.000,2,1,1_1,1_1_SF_3436,1_1_SF_3436_10,1_1_SF_3436_10
1,2023,1,3447,SF,1,1,1.000,0.018,60.000,35.000,0.000,2,1,1_1,1_1_SF_3447,1_1_SF_3447_1,1_1_SF_3447_1
1,2023,1,3434,SF,1,1,1.000,0.690,945.000,0.000,0.000,2,1,1_1,1_1_SF_3434,1_1_SF_3434_1,1_1_SF_3434_1
1,2023,1,3434,SF,2,1,1.000,0.299,415.000,0.000,0.000,2,1,1_1,1_1_SF_3434,1_1_SF_3434_2,1_1_SF_3434_2
1,2023,1,3434,SF,3,1,152.000,0.895,87.000,10.000,0.000,2,1,1_1,1_1_SF_3434,1_1_SF_3434_3,1_1_SF_3434_3
1,2023,1,3436,SF,11,1,1.000,0.050,50.000,0.000,0.000,2,1,1_1,1_1_SF_3436,1_1_SF_3436_11,1_1_SF_3436_11
1,2023,1,3436,SF,12,1,1.000,0.003,2.500,0.000,0.000,2,1,1_1,1_1_SF_3436,1_1_SF_3436_12,1_1_SF_3436_12
1,2023,1,3459,SF,1,1,1.000,3.000,3000.000,0.000,0.000,2,1,1_1,1_1_SF_3459,1_1_SF_3459_1,1_1_SF_3459_1
1,2023,1,3459,SF,4,1,1.000,0.148,148.000,0.000,0.000,2,1,1_1,1_1_SF_3459,1_1_SF_3459_4,1_1_SF_3459_4
1,2023,1,3459,SF,5,1,1.000,0.148,148.000,0.000,0.000,2,1,1_1,1_1_SF_3459,1_1_SF_3459_5,1_1_SF_3459_5
1,2023,1,3459,SF,6,1,1.000,0.008,7.500,0.000,0.000,2,1,1_1,1_1_SF_3459,1_1_SF_3459_6,1_1_SF_3459_6
1,2023,1,3445,SF,2,1,1.000,5.000,5000.000,0.000,0.000,2,1,1_1,1_1_SF_3445,1_1_SF_3445_2,1_1_SF_3445_2
1,2023,1,3445,SF,3,1,1.000,1.500,1500.000,0.000,0.000,2,1,1_1,1_1_SF_3445,1_1_SF_3445_3,1_1_SF_3445_3
1,2023,1,3445,SF,10,1,1.000,0.050,50.000,0.000,0.000,2,1,1_1,1_1_SF_3445,1_1_SF_3445_10,1_1_SF_3445_10
1,2023,1,3445,SF,11,1,1.000,0.050,50.000,0.000,0.000,2,1,1_1,1_1_SF_3445,1_1_SF_3445_11,1_1_SF_3445_11
1,2023,1,3445,SF,12,1,1.000,0.003,2.500,0.000,0.000,2,1,1_1,1_1_SF_3445,1_1_SF_3445_12,1_1_SF_3445_12
1,2023,1,3451,SF,2,1,1.000,3.000,3000.000,0.000,0.000,2,1,1_1,1_1_SF_3451,1_1_SF_3451_2,1_1_SF_3451_2
1,2023,1,3451,SF,9,1,1.000,0.050,50.000,0.000,0.000,2,1,1_1,1_1_SF_3451,1_1_SF_3451_9,1_1_SF_3451_9
1,2023,1,3451,SF,10,1,1.000,0.050,50.000,0.000,0.000,2,1,1_1,1_1_SF_3451,1_1_SF_3451_10,1_1_SF_3451_10
1,2023,1,3451,SF,11,1,1.000,0.003,2.500,0.000,0.000,2,1,1_1,1_1_SF_3451,1_1_SF_3451_11,1_1_SF_3451_11
1,2023,1,3433,SF,1,1,1.000,0.690,945.000,0.000,0.000,2,1,1_1,1_1_SF_3433,1_1_SF_3433_1,1_1_SF_3433_1
1,2023,1,3433,SF,2,1,1.000,0.299,415.000,0.000,0.000,2,1,1_1,1_1_SF_3433,1_1_SF_3433_2,1_1_SF_3433_2
1,2023,1,3433,SF,3,1,120.000,0.076,87.000,10.000,0.000,2,1,1_1,1_1_SF_3433,1_1_SF_3433_3,1_1_SF_3433_3
1,2023,1,3453,SF,4,1,1.000,0.148,148.000,0.000,0.000,2,1,1_1,1_1_SF_3453,1_1_SF_3453_4,1_1_SF_3453_4
1,2023,1,3453,SF,5,1,1.000,0.148,148.000,0.000,0.000,2,1,1_1,1_1_SF_3453,1_1_SF_3453_5,1_1_SF_3453_5
1,2023,1,3453,SF,6,1,1.000,0.008,7.500,0.000,0.000,2,1,1_1,1_1_SF_3453,1_1_SF_3453_6,1_1_SF_3453_6
1,2023,1,3587,SF,2,1,1.000,0.125,125.000,0.000,0.000,2,1,1_1,1_1_SF_3587,1_1_SF_3587_2,1_1_SF_3587_2
1,2023,1,3444,SF,1,1,2.000,0.054,302.000,0.000,0.000,2,1,1_1,1_1_SF_3444,1_1_SF_3444_1,1_1_SF_3444_1
1,2023,1,3444,SF,2,1,1.000,0.006,68.000,0.000,0.000,2,1,1_1,1_1_SF_3444,1_1_SF_3444_2,1_1_SF_3444_2
1,2023,1,3454,SF,10,1,1.000,0.050,50.000,0.000,0.000,2,1,1_1,1_1_SF_3454,1_1_SF_3454_10,1_1_SF_3454_10
1,2023,1,3454,SF,11,1,1.000,0.050,50.000,0.000,0.000,2,1,1_1,1_1_SF_3454,1_1_SF_3454_11,1_1_SF_3454_11
1,2023,1,3454,SF,12,1,1.000,0.003,2.500,0.000,0.000,2,1,1_1,1_1_SF_3454,1_1_SF_3454_12,1_1_SF_3454_12
1,2023,1,3455,SF,1,1,1.000,4.000,4000.000,0.000,0.000,2,1,1_1,1_1_SF_3455,1_1_SF_3455_1,1_1_SF_3455_1
1,2023,1,3455,SF,2,1,1.000,0.003,20.000,20.000,0.000,2,1,1_1,1_1_SF_3455,1_1_SF_3455_2,1_1_SF_3455_2
1,2023,1,3439,SF,1,1,1.007,0.060,60.000,0.000,0.000,2,1,1_1,1_1_SF_3439,1_1_SF_3439_1,1_1_SF_3439_1
1,2023,1,3385,SF,1,1,12.500,0.341,120.000,0.000,0.000,2,1,1_1,1_1_SF_3385,1_1_SF_3385_1,1_1_SF_3385_1
1,2023,1,3499,SF,10,1,1.000,0.050,50.000,0.000,0.000,2,1,1_1,1_1_SF_3499,1_1_SF_3499_10,1_1_SF_3499_10
1,2023,1,3659,SF,1,1,1.000,0.252,350.000,0.000,0.000,2,1,1_1,1_1_SF_3659,1_1_SF_3659_1,1_1_SF_3659_1
1,2023,1,3499,SF,11,1,1.000,0.050,50.000,0.000,0.000,2,1,1_1,1_1_SF_3499,1_1_SF_3499_11,1_1_SF_3499_11
1,2023,1,3507,SF,2,1,1.000,3.500,3500.000,0.000,0.000,2,1,1_1,1_1_SF_3507,1_1_SF_3507_2,1_1_SF_3507_2
1,2023,1,3422,SF,1,1,1.063,0.126,795.000,22.000,0.000,2,1,1_1,1_1_SF_3422,1_1_SF_3422_1,1_1_SF_3422_1
1,2023,1,3481,SF,9,1,1.000,0.004,4.000,0.000,0.000,2,1,1_1,1_1_SF_3481,1_1_SF_3481_9,1_1_SF_3481_9
1,2023,1,3499,SF,12,1,1.000,0.003,2.500,0.000,0.000,2,1,1_1,1_1_SF_3499,1_1_SF_3499_12,1_1_SF_3499_12
1,2023,1,3473,SF,1,1,1.000,0.014,135.000,15.000,0.000,2,1,1_1,1_1_SF_3473,1_1_SF_3473_1,1_1_SF_3473_1
1,2023,1,3473,SF,2,1,1.000,0.004,35.000,15.000,0.000,2,1,1_1,1_1_SF_3473,1_1_SF_3473_2,1_1_SF_3473_2
1,2023,1,3500,SF,2,1,1.000,2.000,2000.000,0.000,0.000,2,1,1_1,1_1_SF_3500,1_1_SF_3500_2,1_1_SF_3500_2
1,2023,1,3507,SF,3,1,1.000,1.500,1500.000,0.000,0.000,2,1,1_1,1_1_SF_3507,1_1_SF_3507_3,1_1_SF_3507_3
1,2023,1,3507,SF,10,1,1.000,0.050,50.000,0.000,0.000,2,1,1_1,1_1_SF_3507,1_1_SF_3507_10,1_1_SF_3507_10
1,2023,1,3476,SF,2,1,1.000,6.000,6000.000,0.000,0.000,2,1,1_1,1_1_SF_3476,1_1_SF_3476_2,1_1_SF_3476_2
1,2023,1,3476,SF,3,1,1.000,6.000,6000.000,0.000,0.000,2,1,1_1,1_1_SF_3476,1_1_SF_3476_3,1_1_SF_3476_3
1,2023,1,3476,SF,11,1,1.000,0.050,50.000,0.000,0.000,2,1,1_1,1_1_SF_3476,1_1_SF_3476_11,1_1_SF_3476_11
1,2023,1,3476,SF,12,1,1.000,0.050,50.000,0.000,0.000,2,1,1_1,1_1_SF_3476,1_1_SF_3476_12,1_1_SF_3476_12
1,2023,1,3476,SF,13,1,1.000,0.003,2.500,0.000,0.000,2,1,1_1,1_1_SF_3476,1_1_SF_3476_13,1_1_SF_3476_13
1,2023,1,3471,SF,1,1,1.000,0.005,75.000,10.000,0.000,2,1,1_1,1_1_SF_3471,1_1_SF_3471_1,1_1_SF_3471_1
1,2023,1,3472,SF,1,1,1.000,0.005,67.000,10.000,0.000,2,1,1_1,1_1_SF_3472,1_1_SF_3472_1,1_1_SF_3472_1
1,2023,1,3529,SF,1,1,0.600,0.339,210.000,0.000,0.000,2,1,1_1,1_1_SF_3529,1_1_SF_3529_1,1_1_SF_3529_1
1,2023,1,3539,SF,1,1,3.000,9.150,3050.000,0.000,0.000,2,1,1_1,1_1_SF_3539,1_1_SF_3539_1,1_1_SF_3539_1
1,2023,1,3539,SF,3,1,3.000,0.027,50.000,0.000,0.000,2,1,1_1,1_1_SF_3539,1_1_SF_3539_3,1_1_SF_3539_3
1,2023,1,3475,SF,2,1,1.000,4.300,4300.000,0.000,0.000,2,1,1_1,1_1_SF_3475,1_1_SF_3475_2,1_1_SF_3475_2
1,2023,1,3475,SF,9,1,1.000,0.050,50.000,0.000,0.000,2,1,1_1,1_1_SF_3475,1_1_SF_3475_9,1_1_SF_3475_9
1,2023,1,3475,SF,10,1,1.000,0.050,50.000,0.000,0.000,2,1,1_1,1_1_SF_3475,1_1_SF_3475_10,1_1_SF_3475_10
1,2023,1,3475,SF,11,1,1.000,0.005,5.000,0.000,0.000,2,1,1_1,1_1_SF_3475,1_1_SF_3475_11,1_1_SF_3475_11
1,2023,1,3475,SF,12,1,1.000,5.000,5000.000,0.000,0.000,2,1,1_1,1_1_SF_3475,1_1_SF_3475_12,1_1_SF_3475_12
1,2023,1,3482,SF,2,1,1.000,10.000,10000.000,0.000,0.000,2,1,1_1,1_1_SF_3482,1_1_SF_3482_2,1_1_SF_3482_2
1,2023,1,3482,SF,9,1,1.000,0.050,50.000,0.000,0.000,2,1,1_1,1_1_SF_3482,1_1_SF_3482_9,1_1_SF_3482_9
1,2023,1,3482,SF,10,1,1.000,0.050,50.000,0.000,0.000,2,1,1_1,1_1_SF_3482,1_1_SF_3482_10,1_1_SF_3482_10
1,2023,1,3482,SF,11,1,1.000,0.003,2.500,0.000,0.000,2,1,1_1,1_1_SF_3482,1_1_SF_3482_11,1_1_SF_3482_11
1,2023,1,3458,SF,1,1,1.250,0.003,10.000,53.000,0.000,2,1,1_1,1_1_SF_3458,1_1_SF_3458_1,1_1_SF_3458_1
1,2023,1,3469,EF,1,1,1.000,0.000,34662.000,0.000,0.000,2,1,1_1,1_1_EF_3469,1_1_EF_3469_1,1_1_EF_3469_1
1,2023,1,3483,SF,2,1,1.000,10.000,10000.000,0.000,0.000,2,1,1_1,1_1_SF_3483,1_1_SF_3483_2,1_1_SF_3483_2
1,2023,1,3548,SF,1,1,12.000,0.041,40.000,9.500,0.000,2,1,1_1,1_1_SF_3548,1_1_SF_3548_1,1_1_SF_3548_1
1,2023,1,3548,SF,2,1,6.000,0.081,150.000,10.000,0.000,2,1,1_1,1_1_SF_3548,1_1_SF_3548_2,1_1_SF_3548_2
1,2023,1,3423,SF,1,1,1.000,0.003,99.000,9.226,0.000,2,1,1_1,1_1_SF_3423,1_1_SF_3423_1,1_1_SF_3423_1
1,2023,1,3470,SF,1,1,1.000,0.014,1000.000,0.000,0.000,2,1,1_1,1_1_SF_3470,1_1_SF_3470_1,1_1_SF_3470_1
1,2023,1,3572,SF,1,1,1.000,0.200,200.000,0.000,0.000,2,1,1_1,1_1_SF_3572,1_1_SF_3572_1,1_1_SF_3572_1
1,2023,1,3572,SF,2,1,1.000,0.100,100.000,0.000,0.000,2,1,1_1,1_1_SF_3572,1_1_SF_3572_2,1_1_SF_3572_2
1,2023,1,3564,SF,2,1,1.000,6.000,6000.000,0.000,0.000,2,1,1_1,1_1_SF_3564,1_1_SF_3564_2,1_1_SF_3564_2
1,2023,1,3467,SF,1,1,0.100,0.029,9000.000,0.000,0.000,2,1,1_1,1_1_SF_3467,1_1_SF_3467_1,1_1_SF_3467_1
1,2023,1,3467,SF,2,1,0.100,0.001,200.000,0.000,0.000,2,1,1_1,1_1_SF_3467,1_1_SF_3467_2,1_1_SF_3467_2
1,2023,1,3467,SF,3,1,0.100,0.015,100.000,0.000,0.000,2,1,1_1,1_1_SF_3467,1_1_SF_3467_3,1_1_SF_3467_3
1,2023,1,3467,SF,4,1,0.100,0.004,400.000,10.000,0.000,2,1,1_1,1_1_SF_3467,1_1_SF_3467_4,1_1_SF_3467_4
1,2023,1,3424,SF,1,1,1.361,0.139,795.000,19.000,0.000,2,1,1_1,1_1_SF_3424,1_1_SF_3424_1,1_1_SF_3424_1
1,2023,1,3425,SF,1,1,1.063,0.126,795.000,22.000,0.000,2,1,1_1,1_1_SF_3425,1_1_SF_3425_1,1_1_SF_3425_1
1,2023,1,3426,SF,1,1,1.063,0.126,795.000,22.000,0.000,2,1,1_1,1_1_SF_3426,1_1_SF_3426_1,1_1_SF_3426_1
1,2023,1,3564,SF,9,1,2.000,0.120,60.000,0.000,0.000,2,1,1_1,1_1_SF_3564,1_1_SF_3564_9,1_1_SF_3564_9
1,2023,1,3507,SF,11,1,1.000,0.050,50.000,0.000,0.000,2,1,1_1,1_1_SF_3507,1_1_SF_3507_11,1_1_SF_3507_11
1,2023,1,3464,SF,1,1,1.000,0.021,228.500,10.000,0.000,2,1,1_1,1_1_SF_3464,1_1_SF_3464_1,1_1_SF_3464_1
1,2023,1,3464,SF,2,1,1.000,0.008,182.000,5.000,0.000,2,1,1_1,1_1_SF_3464,1_1_SF_3464_2,1_1_SF_3464_2
1,2023,1,3541,SF,1,1,1.000,2.000,2000.000,0.000,0.000,2,1,1_1,1_1_SF_3541,1_1_SF_3541_1,1_1_SF_3541_1
1,2023,1,3546,SF,1,1,1.000,0.439,75.000,0.000,0.000,2,1,1_1,1_1_SF_3546,1_1_SF_3546_1,1_1_SF_3546_1
1,2023,1,3524,SF,1,1,1.000,0.021,228.500,10.000,0.000,2,1,1_1,1_1_SF_3524,1_1_SF_3524_1,1_1_SF_3524_1
1,2023,1,3524,SF,2,1,1.000,0.008,182.000,5.000,0.000,2,1,1_1,1_1_SF_3524,1_1_SF_3524_2,1_1_SF_3524_2
1,2023,1,3474,SF,1,1,1.000,0.200,200.000,0.000,0.000,2,1,1_1,1_1_SF_3474,1_1_SF_3474_1,1_1_SF_3474_1
1,2023,1,3483,SF,9,1,1.000,0.050,50.000,0.000,0.000,2,1,1_1,1_1_SF_3483,1_1_SF_3483_9,1_1_SF_3483_9
1,2023,1,3483,SF,10,1,1.000,0.050,50.000,0.000,0.000,2,1,1_1,1_1_SF_3483,1_1_SF_3483_10,1_1_SF_3483_10
1,2023,1,3483,SF,11,1,1.000,0.003,2.500,0.000,0.000,2,1,1_1,1_1_SF_3483,1_1_SF_3483_11,1_1_SF_3483_11
1,2023,1,3492,SF,2,1,1.000,2.000,2000.000,0.000,0.000,2,1,1_1,1_1_SF_3492,1_1_SF_3492_2,1_1_SF_3492_2
1,2023,1,3492,SF,9,1,1.000,0.050,50.000,0.000,0.000,2,1,1_1,1_1_SF_3492,1_1_SF_3492_9,1_1_SF_3492_9
1,2023,1,3492,SF,10,1,1.000,0.050,50.000,0.000,0.000,2,1,1_1,1_1_SF_3492,1_1_SF_3492_10,1_1_SF_3492_10
1,2023,1,3492,SF,11,1,1.000,0.003,2.500,0.000,0.000,2,1,1_1,1_1_SF_3492,1_1_SF_3492_11,1_1_SF_3492_11
1,2023,1,3463,SF,1,1,1.000,0.003,99.000,9.090,0.000,2,1,1_1,1_1_SF_3463,1_1_SF_3463_1,1_1_SF_3463_1
1,2023,1,3500,SF,9,1,1.000,0.050,50.000,0.000,0.000,2,1,1_1,1_1_SF_3500,1_1_SF_3500_9,1_1_SF_3500_9
1,2023,1,3500,SF,10,1,1.000,0.050,50.000,0.000,0.000,2,1,1_1,1_1_SF_3500,1_1_SF_3500_10,1_1_SF_3500_10
1,2023,1,3500,SF,11,1,1.000,0.003,2.500,0.000,0.000,2,1,1_1,1_1_SF_3500,1_1_SF_3500_11,1_1_SF_3500_11
1,2023,1,3501,SF,1,1,1.000,1.200,1200.000,0.000,0.000,2,1,1_1,1_1_SF_3501,1_1_SF_3501_1,1_1_SF_3501_1
1,2023,1,3680,SF,1,1,1.024,0.026,25.000,0.000,0.000,2,1,1_1,1_1_SF_3680,1_1_SF_3680_1,1_1_SF_3680_1
1,2023,1,3503,SF,1,1,1.000,0.002,100.000,20.000,0.000,2,1,1_1,1_1_SF_3503,1_1_SF_3503_1,1_1_SF_3503_1
1,2023,1,3507,SF,12,1,1.000,0.003,2.500,0.000,0.000,2,1,1_1,1_1_SF_3507,1_1_SF_3507_12,1_1_SF_3507_12
1,2023,1,3466,SF,1,1,1.000,0.135,235.000,42.550,0.000,2,1,1_1,1_1_SF_3466,1_1_SF_3466_1,1_1_SF_3466_1
1,2023,1,3460,SF,1,1,1.014,0.104,795.000,19.000,0.000,2,1,1_1,1_1_SF_3460,1_1_SF_3460_1,1_1_SF_3460_1
1,2023,1,3461,SF,1,1,1.063,0.126,795.000,22.000,0.000,2,1,1_1,1_1_SF_3461,1_1_SF_3461_1,1_1_SF_3461_1
1,2023,1,3485,SF,1,1,1.000,0.057,175.000,48.000,0.000,2,1,1_1,1_1_SF_3485,1_1_SF_3485_1,1_1_SF_3485_1
1,2023,1,3462,SF,1,1,1.063,0.126,795.000,22.000,0.000,2,1,1_1,1_1_SF_3462,1_1_SF_3462_1,1_1_SF_3462_1
1,2023,1,3681,SF,1,1,1.001,0.029,29.000,0.000,0.000,2,1,1_1,1_1_SF_3681,1_1_SF_3681_1,1_1_SF_3681_1
1,2023,1,3536,SF,1,1,1.000,9.000,9000.000,0.000,0.000,2,1,1_1,1_1_SF_3536,1_1_SF_3536_1,1_1_SF_3536_1
1,2023,1,3487,SF,1,1,1.000,0.005,70.000,10.000,0.000,2,1,1_1,1_1_SF_3487,1_1_SF_3487_1,1_1_SF_3487_1
1,2023,1,3505,SF,1,1,1.000,0.200,200.000,0.000,0.000,2,1,1_1,1_1_SF_3505,1_1_SF_3505_1,1_1_SF_3505_1
1,2023,1,3505,SF,2,1,1.000,0.250,250.000,0.000,0.000,2,1,1_1,1_1_SF_3505,1_1_SF_3505_2,1_1_SF_3505_2
1,2023,1,3538,SF,1,1,1.000,0.002,20.000,20.410,0.000,2,1,1_1,1_1_SF_3538,1_1_SF_3538_1,1_1_SF_3538_1
1,2023,1,3521,SF,1,1,1.000,0.122,235.000,38.300,0.000,2,1,1_1,1_1_SF_3521,1_1_SF_3521_1,1_1_SF_3521_1
1,2023,1,3514,SF,1,1,1.000,0.266,230.000,170.900,0.000,2,1,1_1,1_1_SF_3514,1_1_SF_3514_1,1_1_SF_3514_1
1,2023,1,3506,SF,1,1,1.000,0.074,410.000,20.000,0.000,2,1,1_1,1_1_SF_3506,1_1_SF_3506_1,1_1_SF_3506_1
1,2023,1,3506,SF,4,1,8.000,0.028,35.000,11.000,0.000,2,1,1_1,1_1_SF_3506,1_1_SF_3506_4,1_1_SF_3506_4
1,2023,1,3506,SF,5,1,4.000,0.055,152.000,10.000,0.000,2,1,1_1,1_1_SF_3506,1_1_SF_3506_5,1_1_SF_3506_5
1,2023,1,3539,SF,4,1,1.000,0.112,50.000,0.000,0.000,2,1,1_1,1_1_SF_3539,1_1_SF_3539_4,1_1_SF_3539_4
1,2023,1,3513,SF,3,1,1.000,0.005,15.000,0.000,0.000,2,1,1_1,1_1_SF_3513,1_1_SF_3513_3,1_1_SF_3513_3
1,2023,1,3559,SF,1,1,1.000,0.001,20.000,15.000,0.000,2,1,1_1,1_1_SF_3559,1_1_SF_3559_1,1_1_SF_3559_1
1,2023,1,3515,SF,1,1,1.000,0.368,225.000,0.000,0.000,2,1,1_1,1_1_SF_3515,1_1_SF_3515_1,1_1_SF_3515_1
1,2023,1,3553,SF,1,1,1.000,0.079,225.000,350.000,0.000,2,1,1_1,1_1_SF_3553,1_1_SF_3553_1,1_1_SF_3553_1
1,2023,1,3527,SF,2,1,1.000,5.000,5000.000,0.000,0.000,2,1,1_1,1_1_SF_3527,1_1_SF_3527_2,1_1_SF_3527_2
1,2023,1,3527,SF,9,1,1.000,0.050,50.000,0.000,0.000,2,1,1_1,1_1_SF_3527,1_1_SF_3527_9,1_1_SF_3527_9
1,2023,1,3527,SF,10,1,1.000,0.050,50.000,0.000,0.000,2,1,1_1,1_1_SF_3527,1_1_SF_3527_10,1_1_SF_3527_10
1,2023,1,3564,SF,10,1,1.000,0.050,50.000,0.000,0.000,2,1,1_1,1_1_SF_3564,1_1_SF_3564_10,1_1_SF_3564_10
1,2023,1,3570,SF,1,1,1.000,0.005,13.000,0.000,0.000,2,1,1_1,1_1_SF_3570,1_1_SF_3570_1,1_1_SF_3570_1
1,2023,1,3419,SF,1,1,1.000,0.003,88.000,9.030,0.000,2,1,1_1,1_1_SF_3419,1_1_SF_3419_1,1_1_SF_3419_1
1,2023,1,3574,SF,1,1,1.000,0.208,155.000,0.000,0.000,2,1,1_1,1_1_SF_3574,1_1_SF_3574_1,1_1_SF_3574_1
1,2023,1,3574,SF,2,1,1.000,0.425,589.000,0.000,0.000,2,1,1_1,1_1_SF_3574,1_1_SF_3574_2,1_1_SF_3574_2
1,2023,1,3574,SF,4,1,2.000,0.183,900.000,15.000,0.000,2,1,1_1,1_1_SF_3574,1_1_SF_3574_4,1_1_SF_3574_4
1,2023,1,3574,SF,5,1,4.000,0.012,15.000,30.000,0.000,2,1,1_1,1_1_SF_3574,1_1_SF_3574_5,1_1_SF_3574_5
1,2023,1,3508,SF,1,1,1.250,0.004,800.000,0.000,0.000,2,1,1_1,1_1_SF_3508,1_1_SF_3508_1,1_1_SF_3508_1
1,2023,1,3523,SF,1,1,1.000,1.500,1500.000,0.000,0.000,2,1,1_1,1_1_SF_3523,1_1_SF_3523_1,1_1_SF_3523_1
1,2023,1,3523,SF,7,1,1.000,0.080,80.000,0.000,0.000,2,1,1_1,1_1_SF_3523,1_1_SF_3523_7,1_1_SF_3523_7
1,2023,1,3523,SF,8,1,1.000,0.080,80.000,0.000,0.000,2,1,1_1,1_1_SF_3523,1_1_SF_3523_8,1_1_SF_3523_8
1,2023,1,3523,SF,9,1,1.000,0.004,4.000,0.000,0.000,2,1,1_1,1_1_SF_3523,1_1_SF_3523_9,1_1_SF_3523_9
1,2023,1,3540,SF,1,1,2.000,0.426,585.000,0.000,0.000,2,1,1_1,1_1_SF_3540,1_1_SF_3540_1,1_1_SF_3540_1
1,2023,1,3540,SF,2,1,1.000,0.068,165.000,0.000,0.000,2,1,1_1,1_1_SF_3540,1_1_SF_3540_2,1_1_SF_3540_2
1,2023,1,3540,SF,3,1,1.000,0.098,110.000,0.000,0.000,2,1,1_1,1_1_SF_3540,1_1_SF_3540_3,1_1_SF_3540_3
1,2023,1,3541,SF,7,1,1.000,0.080,80.000,0.000,0.000,2,1,1_1,1_1_SF_3541,1_1_SF_3541_7,1_1_SF_3541_7
1,2023,1,3541,SF,8,1,1.000,0.080,80.000,0.000,0.000,2,1,1_1,1_1_SF_3541,1_1_SF_3541_8,1_1_SF_3541_8
1,2023,1,3541,SF,9,1,1.000,0.004,4.000,0.000,0.000,2,1,1_1,1_1_SF_3541,1_1_SF_3541_9,1_1_SF_3541_9
1,2023,1,3564,SF,11,1,1.000,0.050,50.000,0.000,0.000,2,1,1_1,1_1_SF_3564,1_1_SF_3564_11,1_1_SF_3564_11
1,2023,1,3564,SF,12,1,1.000,0.003,2.500,0.000,0.000,2,1,1_1,1_1_SF_3564,1_1_SF_3564_12,1_1_SF_3564_12
1,2023,1,3547,SF,3,1,8.000,0.125,30.000,0.000,0.000,2,1,1_1,1_1_SF_3547,1_1_SF_3547_3,1_1_SF_3547_3
1,2023,1,3547,SF,4,1,4.000,0.260,125.000,0.000,0.000,2,1,1_1,1_1_SF_3547,1_1_SF_3547_4,1_1_SF_3547_4
1,2023,1,3528,SF,2,1,1.000,3.400,3400.000,0.000,0.000,2,1,1_1,1_1_SF_3528,1_1_SF_3528_2,1_1_SF_3528_2
1,2023,1,3528,SF,3,1,1.000,5.000,5000.000,0.000,0.000,2,1,1_1,1_1_SF_3528,1_1_SF_3528_3,1_1_SF_3528_3
1,2023,1,3528,SF,10,1,1.000,0.050,50.000,0.000,0.000,2,1,1_1,1_1_SF_3528,1_1_SF_3528_10,1_1_SF_3528_10
1,2023,1,3528,SF,11,1,1.000,0.050,50.000,0.000,0.000,2,1,1_1,1_1_SF_3528,1_1_SF_3528_11,1_1_SF_3528_11
1,2023,1,3528,SF,12,1,1.000,0.005,5.000,0.000,0.000,2,1,1_1,1_1_SF_3528,1_1_SF_3528_12,1_1_SF_3528_12
1,2023,1,3416,SF,1,1,1.014,0.120,795.000,22.000,0.000,2,1,1_1,1_1_SF_3416,1_1_SF_3416_1,1_1_SF_3416_1
1,2023,1,3417,SF,1,1,1.063,0.126,795.000,22.000,0.000,2,1,1_1,1_1_SF_3417,1_1_SF_3417_1,1_1_SF_3417_1
1,2023,1,3418,SF,1,1,1.063,0.109,795.000,19.000,0.000,2,1,1_1,1_1_SF_3418,1_1_SF_3418_1,1_1_SF_3418_1
1,2023,1,3531,SF,2,1,1.000,0.200,200.000,0.000,0.000,2,1,1_1,1_1_SF_3531,1_1_SF_3531_2,1_1_SF_3531_2
1,2023,1,3531,SF,3,1,1.000,0.167,167.000,0.000,0.000,2,1,1_1,1_1_SF_3531,1_1_SF_3531_3,1_1_SF_3531_3
1,2023,1,3529,SF,2,1,0.200,0.229,426.000,0.000,0.000,2,1,1_1,1_1_SF_3529,1_1_SF_3529_2,1_1_SF_3529_2
1,2023,1,3529,SF,3,1,0.600,0.185,115.000,0.000,0.000,2,1,1_1,1_1_SF_3529,1_1_SF_3529_3,1_1_SF_3529_3
1,2023,1,3532,SF,1,1,1.250,0.004,800.000,0.000,0.000,2,1,1_1,1_1_SF_3532,1_1_SF_3532_1,1_1_SF_3532_1
1,2023,1,3488,SF,1,1,1.014,0.102,745.000,20.000,0.000,2,1,1_1,1_1_SF_3488,1_1_SF_3488_1,1_1_SF_3488_1
1,2023,1,3533,SF,1,1,0.025,0.716,40250.000,0.000,0.000,2,1,1_1,1_1_SF_3533,1_1_SF_3533_1,1_1_SF_3533_1
1,2023,1,3504,SF,1,1,1.000,0.492,220.000,0.000,0.000,2,1,1_1,1_1_SF_3504,1_1_SF_3504_1,1_1_SF_3504_1
1,2023,1,3504,SF,3,1,1.000,0.200,200.000,0.000,0.000,2,1,1_1,1_1_SF_3504,1_1_SF_3504_3,1_1_SF_3504_3
1,2023,1,3504,SF,4,1,1.000,0.200,200.000,0.000,0.000,2,1,1_1,1_1_SF_3504,1_1_SF_3504_4,1_1_SF_3504_4
1,2023,1,3496,SF,1,1,1.000,0.003,99.000,8.963,0.000,2,1,1_1,1_1_SF_3496,1_1_SF_3496_1,1_1_SF_3496_1
1,2023,1,3526,SF,2,1,1.000,0.763,525.000,0.000,0.000,2,1,1_1,1_1_SF_3526,1_1_SF_3526_2,1_1_SF_3526_2
1,2023,1,3526,SF,3,1,1.000,0.146,200.000,0.000,0.000,2,1,1_1,1_1_SF_3526,1_1_SF_3526_3,1_1_SF_3526_3
1,2023,1,3526,SF,4,1,4.000,1.092,750.000,0.000,0.000,2,1,1_1,1_1_SF_3526,1_1_SF_3526_4,1_1_SF_3526_4
1,2023,1,3526,SF,5,1,104.000,3.067,200.000,16.346,0.000,2,1,1_1,1_1_SF_3526,1_1_SF_3526_5,1_1_SF_3526_5
1,2023,1,3526,SF,6,1,1.000,0.073,200.000,0.000,0.000,2,1,1_1,1_1_SF_3526,1_1_SF_3526_6,1_1_SF_3526_6
1,2023,1,3526,SF,7,1,1.000,0.022,30.000,0.000,0.000,2,1,1_1,1_1_SF_3526,1_1_SF_3526_7,1_1_SF_3526_7
1,2023,1,3705,SF,1,1,1.033,0.012,70.000,12.000,0.000,2,1,1_1,1_1_SF_3705,1_1_SF_3705_1,1_1_SF_3705_1
1,2023,1,3555,EF,1,1,1.000,0.000,2700.000,0.000,0.000,2,1,1_1,1_1_EF_3555,1_1_EF_3555_1,1_1_EF_3555_1
1,2023,1,3542,SF,1,1,1.000,1.500,1500.000,0.000,0.000,2,1,1_1,1_1_SF_3542,1_1_SF_3542_1,1_1_SF_3542_1
1,2023,1,3542,SF,7,1,1.000,0.080,80.000,0.000,0.000,2,1,1_1,1_1_SF_3542,1_1_SF_3542_7,1_1_SF_3542_7
1,2023,1,3542,SF,8,1,1.000,0.080,80.000,0.000,0.000,2,1,1_1,1_1_SF_3542,1_1_SF_3542_8,1_1_SF_3542_8
1,2023,1,3542,SF,9,1,1.000,0.004,4.000,0.000,0.000,2,1,1_1,1_1_SF_3542,1_1_SF_3542_9,1_1_SF_3542_9
1,2023,1,3543,SF,1,1,1.000,18.000,18000.000,0.000,0.000,2,1,1_1,1_1_SF_3543,1_1_SF_3543_1,1_1_SF_3543_1
1,2023,1,3543,SF,2,1,2.000,0.944,400.000,0.000,0.000,2,1,1_1,1_1_SF_3543,1_1_SF_3543_2,1_1_SF_3543_2
1,2023,1,3494,SF,1,1,1.063,0.126,795.000,22.000,0.000,2,1,1_1,1_1_SF_3494,1_1_SF_3494_1,1_1_SF_3494_1
1,2023,1,3495,SF,1,1,1.063,0.126,795.000,22.000,0.000,2,1,1_1,1_1_SF_3495,1_1_SF_3495_1,1_1_SF_3495_1
1,2023,1,3525,SF,1,1,1.015,0.017,228.500,8.000,0.000,2,1,1_1,1_1_SF_3525,1_1_SF_3525_1,1_1_SF_3525_1
1,2023,1,3525,SF,2,1,1.008,0.008,182.000,5.000,0.000,2,1,1_1,1_1_SF_3525,1_1_SF_3525_2,1_1_SF_3525_2
1,2023,1,3632,SF,1,1,1.000,2.000,2000.000,0.000,0.000,2,1,1_1,1_1_SF_3632,1_1_SF_3632_1,1_1_SF_3632_1
1,2023,1,3632,SF,4,1,2.000,0.120,60.000,0.000,0.000,2,1,1_1,1_1_SF_3632,1_1_SF_3632_4,1_1_SF_3632_4
1,2023,1,3562,SF,1,1,1.000,3.000,3000.000,0.000,0.000,2,1,1_1,1_1_SF_3562,1_1_SF_3562_1,1_1_SF_3562_1
1,2023,1,3562,SF,7,1,1.000,0.080,80.000,0.000,0.000,2,1,1_1,1_1_SF_3562,1_1_SF_3562_7,1_1_SF_3562_7
1,2023,1,3562,SF,8,1,1.000,0.080,80.000,0.000,0.000,2,1,1_1,1_1_SF_3562,1_1_SF_3562_8,1_1_SF_3562_8
1,2023,1,3562,SF,9,1,1.000,0.004,4.000,0.000,0.000,2,1,1_1,1_1_SF_3562,1_1_SF_3562_9,1_1_SF_3562_9
1,2023,1,3547,SF,5,1,2.000,0.447,430.000,0.000,0.000,2,1,1_1,1_1_SF_3547,1_1_SF_3547_5,1_1_SF_3547_5
1,2023,1,3545,SF,2,1,1.000,4.400,4400.000,0.000,0.000,2,1,1_1,1_1_SF_3545,1_1_SF_3545_2,1_1_SF_3545_2
1,2023,1,3545,SF,3,1,1.000,7.000,7000.000,0.000,0.000,2,1,1_1,1_1_SF_3545,1_1_SF_3545_3,1_1_SF_3545_3
1,2023,1,3545,SF,7,1,1.000,0.050,50.000,0.000,0.000,2,1,1_1,1_1_SF_3545,1_1_SF_3545_7,1_1_SF_3545_7
1,2023,1,3545,SF,8,1,1.000,0.050,50.000,0.000,0.000,2,1,1_1,1_1_SF_3545,1_1_SF_3545_8,1_1_SF_3545_8
1,2023,1,3545,SF,9,1,1.000,0.003,2.500,0.000,0.000,2,1,1_1,1_1_SF_3545,1_1_SF_3545_9,1_1_SF_3545_9
1,2023,1,3547,SF,6,1,120.000,0.216,45.000,5.000,0.000,2,1,1_1,1_1_SF_3547,1_1_SF_3547_6,1_1_SF_3547_6
1,2023,1,3547,SF,7,1,120.000,0.101,35.000,3.000,0.000,2,1,1_1,1_1_SF_3547,1_1_SF_3547_7,1_1_SF_3547_7
1,2023,1,3527,SF,11,1,1.000,0.003,2.500,0.000,0.000,2,1,1_1,1_1_SF_3527,1_1_SF_3527_11,1_1_SF_3527_11
1,2023,1,3512,SF,1,1,1.000,0.003,100.000,10.740,0.000,2,1,1_1,1_1_SF_3512,1_1_SF_3512_1,1_1_SF_3512_1
1,2023,1,3552,SF,1,1,1.000,0.009,1000.000,0.000,0.000,2,1,1_1,1_1_SF_3552,1_1_SF_3552_1,1_1_SF_3552_1
1,2023,1,3509,SF,1,1,1.042,0.123,795.000,22.000,0.000,2,1,1_1,1_1_SF_3509,1_1_SF_3509_1,1_1_SF_3509_1
1,2023,1,3510,SF,1,1,1.063,0.137,795.000,24.000,0.000,2,1,1_1,1_1_SF_3510,1_1_SF_3510_1,1_1_SF_3510_1
1,2023,1,3511,SF,1,1,1.063,0.137,795.000,24.000,0.000,2,1,1_1,1_1_SF_3511,1_1_SF_3511_1,1_1_SF_3511_1
1,2023,1,3561,SF,1,1,1.000,0.012,24.000,115.000,0.000,2,1,1_1,1_1_SF_3561,1_1_SF_3561_1,1_1_SF_3561_1
1,2023,1,3517,SF,1,1,1.014,0.120,795.000,22.000,0.000,2,1,1_1,1_1_SF_3517,1_1_SF_3517_1,1_1_SF_3517_1
1,2023,1,3518,SF,1,1,1.063,0.126,795.000,22.000,0.000,2,1,1_1,1_1_SF_3518,1_1_SF_3518_1,1_1_SF_3518_1
1,2023,1,3519,SF,1,1,1.063,0.109,795.000,19.000,0.000,2,1,1_1,1_1_SF_3519,1_1_SF_3519_1,1_1_SF_3519_1
1,2023,1,3413,SF,2,1,60.000,0.852,1000.000,0.000,0.000,2,1,1_1,1_1_SF_3413,1_1_SF_3413_2,1_1_SF_3413_2
1,2023,1,3413,SF,3,1,100.000,0.910,1000.000,0.000,0.000,2,1,1_1,1_1_SF_3413,1_1_SF_3413_3,1_1_SF_3413_3
1,2023,1,3413,SF,4,1,1.000,0.271,1000.000,40.000,0.000,2,1,1_1,1_1_SF_3413,1_1_SF_3413_4,1_1_SF_3413_4
1,2023,1,3413,SF,5,1,1.000,0.361,1000.000,40.000,0.000,2,1,1_1,1_1_SF_3413,1_1_SF_3413_5,1_1_SF_3413_5
1,2023,1,3413,SF,6,1,1.000,0.182,500.000,0.000,0.000,2,1,1_1,1_1_SF_3413,1_1_SF_3413_6,1_1_SF_3413_6
1,2023,1,3588,SF,1,1,1.000,0.533,600.000,0.000,0.000,2,1,1_1,1_1_SF_3588,1_1_SF_3588_1,1_1_SF_3588_1
1,2023,1,3567,SF,1,1,1.000,1.698,300.000,0.000,0.000,2,1,1_1,1_1_SF_3567,1_1_SF_3567_1,1_1_SF_3567_1
1,2023,1,3502,SF,2,1,1.054,2.143,2033.000,0.000,0.000,2,1,1_1,1_1_SF_3502,1_1_SF_3502_2,1_1_SF_3502_2
1,2023,1,3557,SF,1,1,1.000,0.166,166.000,0.000,0.000,2,1,1_1,1_1_SF_3557,1_1_SF_3557_1,1_1_SF_3557_1
1,2023,1,3583,SF,1,1,0.500,0.227,2000.000,0.000,0.000,2,1,1_1,1_1_SF_3583,1_1_SF_3583_1,1_1_SF_3583_1
1,2023,1,3551,SF,1,1,1.000,0.123,300.000,0.000,0.000,2,1,1_1,1_1_SF_3551,1_1_SF_3551_1,1_1_SF_3551_1
1,2023,1,3551,SF,2,1,24.000,0.008,83.000,10.000,0.000,2,1,1_1,1_1_SF_3551,1_1_SF_3551_2,1_1_SF_3551_2
1,2023,1,3693,SF,1,1,1.005,0.033,33.000,0.000,0.000,2,1,1_1,1_1_SF_3693,1_1_SF_3693_1,1_1_SF_3693_1
1,2023,1,3701,SF,1,1,1.000,51.000,17000.000,0.000,0.000,2,1,1_1,1_1_SF_3701,1_1_SF_3701_1,1_1_SF_3701_1
1,2023,1,3809,SF,1,1,1.000,0.118,795.000,22.000,0.000,2,1,1_1,1_1_SF_3809,1_1_SF_3809_1,1_1_SF_3809_1
1,2023,1,3656,SF,2,1,1.000,3.400,3400.000,0.000,0.000,2,1,1_1,1_1_SF_3656,1_1_SF_3656_2,1_1_SF_3656_2
1,2023,1,3846,SF,1,1,1.000,3.044,1000.000,450.000,0.000,2,1,1_1,1_1_SF_3846,1_1_SF_3846_1,1_1_SF_3846_1
1,2023,1,3632,SF,5,1,1.000,0.080,80.000,0.000,0.000,2,1,1_1,1_1_SF_3632,1_1_SF_3632_5,1_1_SF_3632_5
1,2023,1,3563,SF,1,1,1.000,2.500,2500.000,0.000,0.000,2,1,1_1,1_1_SF_3563,1_1_SF_3563_1,1_1_SF_3563_1
1,2023,1,3520,SF,1,1,1.000,0.003,87.500,9.312,0.000,2,1,1_1,1_1_SF_3520,1_1_SF_3520_1,1_1_SF_3520_1
1,2023,1,3413,SF,7,1,1.000,1.570,500.000,0.000,0.000,2,1,1_1,1_1_SF_3413,1_1_SF_3413_7,1_1_SF_3413_7
1,2023,1,3413,SF,9,1,1.000,3.140,4000.000,0.000,0.000,2,1,1_1,1_1_SF_3413,1_1_SF_3413_9,1_1_SF_3413_9
1,2023,1,3413,SF,10,1,1.000,0.628,1000.000,0.000,0.000,2,1,1_1,1_1_SF_3413,1_1_SF_3413_10,1_1_SF_3413_10
1,2023,1,3413,SF,11,1,1.000,0.400,1000.000,0.000,0.000,2,1,1_1,1_1_SF_3413,1_1_SF_3413_11,1_1_SF_3413_11
1,2023,1,3413,SF,14,1,1.000,2.453,500.000,0.000,0.000,2,1,1_1,1_1_SF_3413,1_1_SF_3413_14,1_1_SF_3413_14
1,2023,1,3413,SF,15,1,1.000,0.462,300.000,0.000,0.000,2,1,1_1,1_1_SF_3413,1_1_SF_3413_15,1_1_SF_3413_15
1,2023,1,3413,SF,16,1,1.000,0.942,300.000,0.000,0.000,2,1,1_1,1_1_SF_3413,1_1_SF_3413_16,1_1_SF_3413_16
1,2023,1,3413,SF,17,1,1.000,0.096,300.000,20.000,0.000,2,1,1_1,1_1_SF_3413,1_1_SF_3413_17,1_1_SF_3413_17
1,2023,1,3558,SF,1,1,1.000,0.008,30.000,20.000,0.000,2,1,1_1,1_1_SF_3558,1_1_SF_3558_1,1_1_SF_3558_1
1,2023,1,3413,SF,18,1,1.000,0.119,150.000,0.000,0.000,2,1,1_1,1_1_SF_3413,1_1_SF_3413_18,1_1_SF_3413_18
1,2023,1,3900,SF,1,1,1.000,0.200,200.000,0.000,0.000,2,1,1_1,1_1_SF_3900,1_1_SF_3900_1,1_1_SF_3900_1
1,2023,1,3639,SF,1,1,1.000,0.200,200.000,0.000,0.000,2,1,1_1,1_1_SF_3639,1_1_SF_3639_1,1_1_SF_3639_1
1,2023,1,3639,SF,2,1,1.000,0.166,166.000,0.000,0.000,2,1,1_1,1_1_SF_3639,1_1_SF_3639_2,1_1_SF_3639_2
1,2023,1,3585,SF,1,1,1.000,0.090,2000.000,10.000,0.000,2,1,1_1,1_1_SF_3585,1_1_SF_3585_1,1_1_SF_3585_1
1,2023,1,3585,SF,2,1,1.000,0.045,2000.000,5.000,0.000,2,1,1_1,1_1_SF_3585,1_1_SF_3585_2,1_1_SF_3585_2
1,2023,1,3585,SF,3,1,1.000,0.004,300.000,0.000,0.000,2,1,1_1,1_1_SF_3585,1_1_SF_3585_3,1_1_SF_3585_3
1,2023,1,3585,SF,4,1,1.000,0.219,300.000,0.000,0.000,2,1,1_1,1_1_SF_3585,1_1_SF_3585_4,1_1_SF_3585_4
1,2023,1,3765,SF,2,1,7.010,0.338,446.000,8.000,0.000,2,1,1_1,1_1_SF_3765,1_1_SF_3765_2,1_1_SF_3765_2
1,2023,1,3535,SF,1,1,1.000,0.148,165.000,0.000,0.000,2,1,1_1,1_1_SF_3535,1_1_SF_3535_1,1_1_SF_3535_1
1,2023,1,3556,SF,1,1,1.000,1.428,200.000,0.000,0.000,2,1,1_1,1_1_SF_3556,1_1_SF_3556_1,1_1_SF_3556_1
1,2023,1,3556,SF,2,1,1.000,0.992,155.000,0.000,0.000,2,1,1_1,1_1_SF_3556,1_1_SF_3556_2,1_1_SF_3556_2
1,2023,1,3556,SF,3,1,1.000,0.512,80.000,0.000,0.000,2,1,1_1,1_1_SF_3556,1_1_SF_3556_3,1_1_SF_3556_3
1,2023,1,3556,SF,4,1,1.000,9.076,1850.000,0.000,0.000,2,1,1_1,1_1_SF_3556,1_1_SF_3556_4,1_1_SF_3556_4
1,2023,1,3556,SF,5,1,1.000,0.932,190.000,0.000,0.000,2,1,1_1,1_1_SF_3556,1_1_SF_3556_5,1_1_SF_3556_5
1,2023,1,3556,SF,6,1,2.000,4.000,1000.000,0.000,0.000,2,1,1_1,1_1_SF_3556,1_1_SF_3556_6,1_1_SF_3556_6
1,2023,1,3556,SF,7,1,17.000,1.457,217.000,0.000,0.000,2,1,1_1,1_1_SF_3556,1_1_SF_3556_7,1_1_SF_3556_7
1,2023,1,3556,SF,8,1,1.000,1.000,1000.000,0.000,0.000,2,1,1_1,1_1_SF_3556,1_1_SF_3556_8,1_1_SF_3556_8
1,2023,1,3556,SF,9,1,1.000,2.000,2000.000,0.000,0.000,2,1,1_1,1_1_SF_3556,1_1_SF_3556_9,1_1_SF_3556_9
1,2023,1,3556,SF,10,1,17.000,2.890,170.000,0.000,0.000,2,1,1_1,1_1_SF_3556,1_1_SF_3556_10,1_1_SF_3556_10
1,2023,1,3556,SF,11,1,1.000,1.570,1000.000,0.000,0.000,2,1,1_1,1_1_SF_3556,1_1_SF_3556_11,1_1_SF_3556_11
1,2023,1,3565,SF,1,1,1.000,0.073,100.000,0.000,0.000,2,1,1_1,1_1_SF_3565,1_1_SF_3565_1,1_1_SF_3565_1
1,2023,1,3565,SF,2,1,4.000,0.009,100.000,0.000,0.000,2,1,1_1,1_1_SF_3565,1_1_SF_3565_2,1_1_SF_3565_2
1,2023,1,3566,SF,1,1,1.000,0.730,1000.000,0.000,0.000,2,1,1_1,1_1_SF_3566,1_1_SF_3566_1,1_1_SF_3566_1
1,2023,1,3413,SF,19,1,1.000,0.078,150.000,0.000,0.000,2,1,1_1,1_1_SF_3413,1_1_SF_3413_19,1_1_SF_3413_19
1,2023,1,3413,SF,21,1,1.000,1.570,1000.000,0.000,0.000,2,1,1_1,1_1_SF_3413,1_1_SF_3413_21,1_1_SF_3413_21
1,2023,1,3571,SF,2,1,1.000,1.500,1500.000,0.000,0.000,2,1,1_1,1_1_SF_3571,1_1_SF_3571_2,1_1_SF_3571_2
1,2023,1,3571,SF,9,1,1.000,0.050,50.000,0.000,0.000,2,1,1_1,1_1_SF_3571,1_1_SF_3571_9,1_1_SF_3571_9
1,2023,1,3571,SF,10,1,1.000,0.050,50.000,0.000,0.000,2,1,1_1,1_1_SF_3571,1_1_SF_3571_10,1_1_SF_3571_10
1,2023,1,3571,SF,11,1,1.000,0.003,2.500,0.000,0.000,2,1,1_1,1_1_SF_3571,1_1_SF_3571_11,1_1_SF_3571_11
1,2023,1,3535,SF,2,1,1.000,0.015,130.000,25.000,0.000,2,1,1_1,1_1_SF_3535,1_1_SF_3535_2,1_1_SF_3535_2
1,2023,1,3413,SF,24,1,1.000,0.240,100.000,200.000,0.000,2,1,1_1,1_1_SF_3413,1_1_SF_3413_24,1_1_SF_3413_24
1,2023,1,3573,SF,1,1,1.015,0.007,25.000,20.000,0.000,2,1,1_1,1_1_SF_3573,1_1_SF_3573_1,1_1_SF_3573_1
1,2023,1,3569,SF,1,1,1.000,0.006,33.000,25.000,0.000,2,1,1_1,1_1_SF_3569,1_1_SF_3569_1,1_1_SF_3569_1
1,2023,1,3579,SF,1,1,1.000,4.000,4000.000,0.000,0.000,2,1,1_1,1_1_SF_3579,1_1_SF_3579_1,1_1_SF_3579_1
1,2023,1,3579,SF,7,1,1.000,0.080,80.000,0.000,0.000,2,1,1_1,1_1_SF_3579,1_1_SF_3579_7,1_1_SF_3579_7
1,2023,1,3579,SF,8,1,1.000,0.080,80.000,0.000,0.000,2,1,1_1,1_1_SF_3579,1_1_SF_3579_8,1_1_SF_3579_8
1,2023,1,3579,SF,9,1,1.000,0.004,4.000,0.000,0.000,2,1,1_1,1_1_SF_3579,1_1_SF_3579_9,1_1_SF_3579_9
1,2023,1,3580,SF,1,1,1.000,3.000,3000.000,0.000,0.000,2,1,1_1,1_1_SF_3580,1_1_SF_3580_1,1_1_SF_3580_1
1,2023,1,3580,SF,7,1,1.000,0.080,80.000,0.000,0.000,2,1,1_1,1_1_SF_3580,1_1_SF_3580_7,1_1_SF_3580_7
1,2023,1,3580,SF,8,1,1.000,0.080,80.000,0.000,0.000,2,1,1_1,1_1_SF_3580,1_1_SF_3580_8,1_1_SF_3580_8
1,2023,1,3580,SF,9,1,1.000,0.004,4.000,0.000,0.000,2,1,1_1,1_1_SF_3580,1_1_SF_3580_9,1_1_SF_3580_9
1,2023,1,3581,SF,1,1,1.000,1.500,1500.000,0.000,0.000,2,1,1_1,1_1_SF_3581,1_1_SF_3581_1,1_1_SF_3581_1
1,2023,1,3581,SF,4,1,1.000,0.148,148.000,0.000,0.000,2,1,1_1,1_1_SF_3581,1_1_SF_3581_4,1_1_SF_3581_4
1,2023,1,3581,SF,5,1,1.000,0.148,148.000,0.000,0.000,2,1,1_1,1_1_SF_3581,1_1_SF_3581_5,1_1_SF_3581_5
1,2023,1,3581,SF,6,1,1.000,0.008,7.500,0.000,0.000,2,1,1_1,1_1_SF_3581,1_1_SF_3581_6,1_1_SF_3581_6
1,2023,1,3535,SF,3,1,1.000,0.014,125.000,25.000,0.000,2,1,1_1,1_1_SF_3535,1_1_SF_3535_3,1_1_SF_3535_3
1,2023,1,3535,SF,8,1,1.000,0.075,75.000,0.000,0.000,2,1,1_1,1_1_SF_3535,1_1_SF_3535_8,1_1_SF_3535_8
1,2023,1,3449,SF,5,1,2.000,0.120,60.000,0.000,0.000,2,1,1_1,1_1_SF_3449,1_1_SF_3449_5,1_1_SF_3449_5
1,2023,1,3449,SF,6,1,1.000,2.000,2000.000,0.000,0.000,2,1,1_1,1_1_SF_3449,1_1_SF_3449_6,1_1_SF_3449_6
1,2023,1,3449,SF,8,1,1.000,0.050,50.000,0.000,0.000,2,1,1_1,1_1_SF_3449,1_1_SF_3449_8,1_1_SF_3449_8
1,2023,1,3449,SF,9,1,1.000,0.050,50.000,0.000,0.000,2,1,1_1,1_1_SF_3449,1_1_SF_3449_9,1_1_SF_3449_9
1,2023,1,3449,SF,10,1,1.000,0.003,2.500,0.000,0.000,2,1,1_1,1_1_SF_3449,1_1_SF_3449_10,1_1_SF_3449_10
1,2023,1,3696,SF,1,1,1.000,0.250,250.000,0.000,0.000,2,1,1_1,1_1_SF_3696,1_1_SF_3696_1,1_1_SF_3696_1
1,2023,1,3632,SF,6,1,1.000,0.080,80.000,0.000,0.000,2,1,1_1,1_1_SF_3632,1_1_SF_3632_6,1_1_SF_3632_6
1,2023,1,3632,SF,7,1,1.000,0.004,4.000,0.000,0.000,2,1,1_1,1_1_SF_3632,1_1_SF_3632_7,1_1_SF_3632_7
1,2023,1,3704,SF,1,1,1.000,3.000,3000.000,0.000,0.000,2,1,1_1,1_1_SF_3704,1_1_SF_3704_1,1_1_SF_3704_1
1,2023,1,3846,SF,2,1,3.000,0.568,1000.000,14.000,0.000,2,1,1_1,1_1_SF_3846,1_1_SF_3846_2,1_1_SF_3846_2
1,2023,1,3704,SF,7,1,1.000,0.080,80.000,0.000,0.000,2,1,1_1,1_1_SF_3704,1_1_SF_3704_7,1_1_SF_3704_7
1,2023,1,3847,SF,1,1,1.000,1.353,1000.000,200.000,0.000,2,1,1_1,1_1_SF_3847,1_1_SF_3847_1,1_1_SF_3847_1
1,2023,1,3717,SF,6,1,24.000,0.041,30.000,0.000,0.000,2,1,1_1,1_1_SF_3717,1_1_SF_3717_6,1_1_SF_3717_6
1,2023,1,3606,SF,1,1,1.000,3.000,3000.000,0.000,0.000,2,1,1_1,1_1_SF_3606,1_1_SF_3606_1,1_1_SF_3606_1
1,2023,1,3606,SF,7,1,1.000,0.080,80.000,0.000,0.000,2,1,1_1,1_1_SF_3606,1_1_SF_3606_7,1_1_SF_3606_7
1,2023,1,3606,SF,8,1,1.000,0.080,80.000,0.000,0.000,2,1,1_1,1_1_SF_3606,1_1_SF_3606_8,1_1_SF_3606_8
1,2023,1,3606,SF,9,1,1.000,0.004,4.000,0.000,0.000,2,1,1_1,1_1_SF_3606,1_1_SF_3606_9,1_1_SF_3606_9
1,2023,1,3633,SF,1,1,1.000,6.280,2000.000,0.000,0.000,2,1,1_1,1_1_SF_3633,1_1_SF_3633_1,1_1_SF_3633_1
1,2023,1,3633,SF,3,1,71.000,0.620,155.000,0.000,0.000,2,1,1_1,1_1_SF_3633,1_1_SF_3633_3,1_1_SF_3633_3
1,2023,1,3633,SF,4,1,1.000,1.000,1000.000,0.000,0.000,2,1,1_1,1_1_SF_3633,1_1_SF_3633_4,1_1_SF_3633_4
1,2023,1,3610,SF,3,1,1.000,0.005,15.000,0.000,0.000,2,1,1_1,1_1_SF_3610,1_1_SF_3610_3,1_1_SF_3610_3
1,2023,1,3607,SF,1,1,1.000,3.000,3000.000,0.000,0.000,2,1,1_1,1_1_SF_3607,1_1_SF_3607_1,1_1_SF_3607_1
1,2023,1,3607,SF,6,1,1.000,0.080,80.000,0.000,0.000,2,1,1_1,1_1_SF_3607,1_1_SF_3607_6,1_1_SF_3607_6
1,2023,1,3607,SF,7,1,1.000,0.080,80.000,0.000,0.000,2,1,1_1,1_1_SF_3607,1_1_SF_3607_7,1_1_SF_3607_7
1,2023,1,3607,SF,8,1,1.000,0.004,4.000,0.000,0.000,2,1,1_1,1_1_SF_3607,1_1_SF_3607_8,1_1_SF_3607_8
1,2023,1,3608,SF,1,1,1.000,0.003,25.000,20.000,0.000,2,1,1_1,1_1_SF_3608,1_1_SF_3608_1,1_1_SF_3608_1
1,2023,1,3568,SF,1,1,32.167,2.255,222.100,35.000,0.000,2,1,1_1,1_1_SF_3568,1_1_SF_3568_1,1_1_SF_3568_1
1,2023,1,3595,SF,1,1,1.000,0.118,795.000,22.000,0.000,2,1,1_1,1_1_SF_3595,1_1_SF_3595_1,1_1_SF_3595_1
1,2023,1,3596,SF,1,1,1.000,0.129,795.000,24.000,0.000,2,1,1_1,1_1_SF_3596,1_1_SF_3596_1,1_1_SF_3596_1
1,2023,1,3597,SF,1,1,1.000,0.129,795.000,24.000,0.000,2,1,1_1,1_1_SF_3597,1_1_SF_3597_1,1_1_SF_3597_1
1,2023,1,3611,SF,1,1,1.000,0.244,230.000,157.000,0.000,2,1,1_1,1_1_SF_3611,1_1_SF_3611_1,1_1_SF_3611_1
1,2023,1,3612,SF,1,1,1.000,0.368,225.000,0.000,0.000,2,1,1_1,1_1_SF_3612,1_1_SF_3612_1,1_1_SF_3612_1
1,2023,1,3590,SF,1,1,1.007,0.125,795.000,23.000,0.000,2,1,1_1,1_1_SF_3590,1_1_SF_3590_1,1_1_SF_3590_1
1,2023,1,3614,SF,1,1,1.000,0.102,795.000,19.000,0.000,2,1,1_1,1_1_SF_3614,1_1_SF_3614_1,1_1_SF_3614_1
1,2023,1,3615,SF,1,1,1.000,0.118,795.000,22.000,0.000,2,1,1_1,1_1_SF_3615,1_1_SF_3615_1,1_1_SF_3615_1
1,2023,1,3616,SF,1,1,1.000,0.118,795.000,22.000,0.000,2,1,1_1,1_1_SF_3616,1_1_SF_3616_1,1_1_SF_3616_1
1,2023,1,3950,SF,1,1,1.000,0.007,20.000,20.000,0.000,2,1,1_1,1_1_SF_3950,1_1_SF_3950_1,1_1_SF_3950_1
1,2023,1,3999,SF,1,1,2.000,0.983,1350.000,0.000,0.000,2,1,1_1,1_1_SF_3999,1_1_SF_3999_1,1_1_SF_3999_1
1,2023,1,4003,SF,1,1,1.000,6.000,6000.000,0.000,0.000,2,1,1_1,1_1_SF_4003,1_1_SF_4003_1,1_1_SF_4003_1
1,2023,1,4003,SF,4,1,2.000,0.120,60.000,0.000,0.000,2,1,1_1,1_1_SF_4003,1_1_SF_4003_4,1_1_SF_4003_4
1,2023,1,3996,SF,1,1,1.000,0.358,200.000,0.000,0.000,2,1,1_1,1_1_SF_3996,1_1_SF_3996_1,1_1_SF_3996_1
1,2023,1,3847,SF,2,1,1.000,1.082,1000.000,200.000,0.000,2,1,1_1,1_1_SF_3847,1_1_SF_3847_2,1_1_SF_3847_2
1,2023,1,3652,SF,1,1,1.000,0.014,135.000,15.335,0.000,2,1,1_1,1_1_SF_3652,1_1_SF_3652_1,1_1_SF_3652_1
1,2023,1,3609,SF,1,1,1.000,2.000,2000.000,0.000,0.000,2,1,1_1,1_1_SF_3609,1_1_SF_3609_1,1_1_SF_3609_1
1,2023,1,3609,SF,4,1,2.000,0.120,60.000,0.000,0.000,2,1,1_1,1_1_SF_3609,1_1_SF_3609_4,1_1_SF_3609_4
1,2023,1,3609,SF,5,1,1.000,0.080,80.000,0.000,0.000,2,1,1_1,1_1_SF_3609,1_1_SF_3609_5,1_1_SF_3609_5
1,2023,1,3609,SF,6,1,1.000,0.080,80.000,0.000,0.000,2,1,1_1,1_1_SF_3609,1_1_SF_3609_6,1_1_SF_3609_6
1,2023,1,3609,SF,7,1,1.000,0.004,4.000,0.000,0.000,2,1,1_1,1_1_SF_3609,1_1_SF_3609_7,1_1_SF_3609_7
1,2023,1,3622,SF,4,1,1.000,0.005,15.000,0.000,0.000,2,1,1_1,1_1_SF_3622,1_1_SF_3622_4,1_1_SF_3622_4
1,2023,1,3623,SF,1,1,1.000,0.262,235.000,165.000,0.000,2,1,1_1,1_1_SF_3623,1_1_SF_3623_1,1_1_SF_3623_1
1,2023,1,3624,SF,1,1,1.000,0.368,225.000,0.000,0.000,2,1,1_1,1_1_SF_3624,1_1_SF_3624_1,1_1_SF_3624_1
1,2023,1,3633,SF,5,1,1.000,0.500,500.000,0.000,0.000,2,1,1_1,1_1_SF_3633,1_1_SF_3633_5,1_1_SF_3633_5
1,2023,1,3704,SF,8,1,1.000,0.080,80.000,0.000,0.000,2,1,1_1,1_1_SF_3704,1_1_SF_3704_8,1_1_SF_3704_8
1,2023,1,3652,SF,2,1,1.000,0.003,31.000,15.335,0.000,2,1,1_1,1_1_SF_3652,1_1_SF_3652_2,1_1_SF_3652_2
1,2023,1,3962,SF,1,1,6.200,0.021,40.000,9.500,0.000,2,1,1_1,1_1_SF_3962,1_1_SF_3962_1,1_1_SF_3962_1
1,2023,1,3962,SF,2,1,3.100,0.042,150.000,10.000,0.000,2,1,1_1,1_1_SF_3962,1_1_SF_3962_2,1_1_SF_3962_2
1,2023,1,3919,SF,1,1,1.000,0.105,235.000,33.000,0.000,2,1,1_1,1_1_SF_3919,1_1_SF_3919_1,1_1_SF_3919_1
1,2023,1,3917,SF,1,1,1.000,0.105,235.000,33.000,0.000,2,1,1_1,1_1_SF_3917,1_1_SF_3917_1,1_1_SF_3917_1
1,2023,1,3824,SF,2,1,1.000,0.237,325.000,0.000,0.000,2,1,1_1,1_1_SF_3824,1_1_SF_3824_2,1_1_SF_3824_2
1,2023,1,3696,SF,2,1,1.000,0.125,125.000,0.000,0.000,2,1,1_1,1_1_SF_3696,1_1_SF_3696_2,1_1_SF_3696_2
1,2023,1,3634,SF,1,1,1.000,6.280,2000.000,0.000,0.000,2,1,1_1,1_1_SF_3634,1_1_SF_3634_1,1_1_SF_3634_1
1,2023,1,3634,SF,3,1,71.000,1.101,155.000,0.000,0.000,2,1,1_1,1_1_SF_3634,1_1_SF_3634_3,1_1_SF_3634_3
1,2023,1,3634,SF,4,1,1.000,1.000,1000.000,0.000,0.000,2,1,1_1,1_1_SF_3634,1_1_SF_3634_4,1_1_SF_3634_4
1,2023,1,3634,SF,5,1,1.000,0.500,500.000,0.000,0.000,2,1,1_1,1_1_SF_3634,1_1_SF_3634_5,1_1_SF_3634_5
1,2023,1,3568,SF,4,1,2.000,0.728,1000.000,0.000,0.000,2,1,1_1,1_1_SF_3568,1_1_SF_3568_4,1_1_SF_3568_4
1,2023,1,3590,SF,2,1,36.000,0.138,121.622,10.000,0.000,2,1,1_1,1_1_SF_3590,1_1_SF_3590_2,1_1_SF_3590_2
1,2023,1,3613,SF,1,1,1.000,0.020,135.000,22.000,0.000,2,1,1_1,1_1_SF_3613,1_1_SF_3613_1,1_1_SF_3613_1
1,2023,1,3636,SF,1,1,1.000,1.500,1500.000,0.000,0.000,2,1,1_1,1_1_SF_3636,1_1_SF_3636_1,1_1_SF_3636_1
1,2023,1,3636,SF,4,1,2.000,0.120,60.000,0.000,0.000,2,1,1_1,1_1_SF_3636,1_1_SF_3636_4,1_1_SF_3636_4
1,2023,1,3636,SF,9,1,1.000,0.080,80.000,0.000,0.000,2,1,1_1,1_1_SF_3636,1_1_SF_3636_9,1_1_SF_3636_9
1,2023,1,3636,SF,10,1,1.000,0.080,80.000,0.000,0.000,2,1,1_1,1_1_SF_3636,1_1_SF_3636_10,1_1_SF_3636_10
1,2023,1,3636,SF,11,1,1.000,0.004,4.000,0.000,0.000,2,1,1_1,1_1_SF_3636,1_1_SF_3636_11,1_1_SF_3636_11
1,2023,1,3637,SF,1,1,1.000,0.203,180.000,167.000,0.000,2,1,1_1,1_1_SF_3637,1_1_SF_3637_1,1_1_SF_3637_1
1,2023,1,3638,SF,1,1,1.000,0.189,167.000,167.000,0.000,2,1,1_1,1_1_SF_3638,1_1_SF_3638_1,1_1_SF_3638_1
1,2023,1,4003,SF,9,1,1.000,0.080,80.000,0.000,0.000,2,1,1_1,1_1_SF_4003,1_1_SF_4003_9,1_1_SF_4003_9
1,2023,1,4003,SF,10,1,1.000,0.080,80.000,0.000,0.000,2,1,1_1,1_1_SF_4003,1_1_SF_4003_10,1_1_SF_4003_10
1,2023,1,3640,SF,1,1,2.000,0.530,265.000,0.000,0.000,2,1,1_1,1_1_SF_3640,1_1_SF_3640_1,1_1_SF_3640_1
1,2023,1,3640,SF,2,1,2.000,0.250,125.000,0.000,0.000,2,1,1_1,1_1_SF_3640,1_1_SF_3640_2,1_1_SF_3640_2
1,2023,1,3642,SF,2,1,1.000,1.500,1500.000,0.000,0.000,2,1,1_1,1_1_SF_3642,1_1_SF_3642_2,1_1_SF_3642_2
1,2023,1,3642,SF,9,1,1.000,0.050,50.000,0.000,0.000,2,1,1_1,1_1_SF_3642,1_1_SF_3642_9,1_1_SF_3642_9
1,2023,1,3642,SF,10,1,1.000,0.050,50.000,0.000,0.000,2,1,1_1,1_1_SF_3642,1_1_SF_3642_10,1_1_SF_3642_10
1,2023,1,3642,SF,11,1,1.000,0.003,2.500,0.000,0.000,2,1,1_1,1_1_SF_3642,1_1_SF_3642_11,1_1_SF_3642_11
1,2023,1,3643,SF,1,1,1.000,3.000,3000.000,0.000,0.000,2,1,1_1,1_1_SF_3643,1_1_SF_3643_1,1_1_SF_3643_1
1,2023,1,3643,SF,7,1,1.000,0.080,80.000,0.000,0.000,2,1,1_1,1_1_SF_3643,1_1_SF_3643_7,1_1_SF_3643_7
1,2023,1,3643,SF,8,1,1.000,0.080,80.000,0.000,0.000,2,1,1_1,1_1_SF_3643,1_1_SF_3643_8,1_1_SF_3643_8
1,2023,1,3643,SF,9,1,1.000,0.004,4.000,0.000,0.000,2,1,1_1,1_1_SF_3643,1_1_SF_3643_9,1_1_SF_3643_9
1,2023,1,3631,SF,1,1,1.000,0.001,15.000,15.000,0.000,2,1,1_1,1_1_SF_3631,1_1_SF_3631_1,1_1_SF_3631_1
1,2023,1,3645,EF,1,1,1.000,0.000,44010.000,0.000,0.000,2,1,1_1,1_1_EF_3645,1_1_EF_3645_1,1_1_EF_3645_1
1,2023,1,3584,SF,1,1,1.000,0.050,50.000,0.000,0.000,2,1,1_1,1_1_SF_3584,1_1_SF_3584_1,1_1_SF_3584_1
1,2023,1,3594,SF,1,1,1.000,0.004,122.000,10.324,0.000,2,1,1_1,1_1_SF_3594,1_1_SF_3594_1,1_1_SF_3594_1
1,2023,1,3593,SF,1,1,1.042,0.134,795.000,24.000,0.000,2,1,1_1,1_1_SF_3593,1_1_SF_3593_1,1_1_SF_3593_1
1,2023,1,3592,SF,1,1,1.042,0.134,795.000,24.000,0.000,2,1,1_1,1_1_SF_3592,1_1_SF_3592_1,1_1_SF_3592_1
1,2023,1,3591,SF,1,1,1.017,0.120,795.000,22.000,0.000,2,1,1_1,1_1_SF_3591,1_1_SF_3591_1,1_1_SF_3591_1
1,2023,1,3641,SF,1,1,1.000,0.183,205.000,0.000,0.000,2,1,1_1,1_1_SF_3641,1_1_SF_3641_1,1_1_SF_3641_1
1,2023,1,3641,SF,2,1,1.000,0.978,1340.000,0.000,0.000,2,1,1_1,1_1_SF_3641,1_1_SF_3641_2,1_1_SF_3641_2
1,2023,1,3641,SF,4,1,20.000,0.144,160.000,10.000,0.000,2,1,1_1,1_1_SF_3641,1_1_SF_3641_4,1_1_SF_3641_4
1,2023,1,3641,SF,5,1,20.000,0.045,100.000,5.000,0.000,2,1,1_1,1_1_SF_3641,1_1_SF_3641_5,1_1_SF_3641_5
1,2023,1,3651,SF,2,1,1.000,0.087,120.000,0.000,0.000,2,1,1_1,1_1_SF_3651,1_1_SF_3651_2,1_1_SF_3651_2
1,2023,1,3651,SF,3,1,1.000,0.016,10.000,0.000,0.000,2,1,1_1,1_1_SF_3651,1_1_SF_3651_3,1_1_SF_3651_3
1,2023,1,3651,SF,4,1,2.000,0.020,30.000,25.000,0.000,2,1,1_1,1_1_SF_3651,1_1_SF_3651_4,1_1_SF_3651_4
1,2023,1,3651,SF,5,1,1.000,0.237,325.000,0.000,0.000,2,1,1_1,1_1_SF_3651,1_1_SF_3651_5,1_1_SF_3651_5
1,2023,1,3651,SF,6,1,6.000,1.158,713.000,15.000,0.000,2,1,1_1,1_1_SF_3651,1_1_SF_3651_6,1_1_SF_3651_6
1,2023,1,3651,SF,8,1,1.000,0.118,325.000,0.000,0.000,2,1,1_1,1_1_SF_3651,1_1_SF_3651_8,1_1_SF_3651_8
1,2023,1,3928,SF,1,1,1.000,0.003,25.000,20.000,0.000,2,1,1_1,1_1_SF_3928,1_1_SF_3928_1,1_1_SF_3928_1
1,2023,1,3716,SF,2,1,1.000,1.500,1500.000,0.000,0.000,2,1,1_1,1_1_SF_3716,1_1_SF_3716_2,1_1_SF_3716_2
1,2023,1,3598,SF,1,1,1.000,0.004,110.000,10.302,0.000,2,1,1_1,1_1_SF_3598,1_1_SF_3598_1,1_1_SF_3598_1
1,2023,1,3708,SF,1,1,1.000,1.000,1000.000,0.000,0.000,2,1,1_1,1_1_SF_3708,1_1_SF_3708_1,1_1_SF_3708_1
1,2023,1,3654,SF,1,1,1.000,0.027,302.000,0.000,0.000,2,1,1_1,1_1_SF_3654,1_1_SF_3654_1,1_1_SF_3654_1
1,2023,1,3655,SF,1,1,1.000,0.027,302.000,0.000,0.000,2,1,1_1,1_1_SF_3655,1_1_SF_3655_1,1_1_SF_3655_1
1,2023,1,3661,SF,2,1,1.000,0.249,346.000,0.000,0.000,2,1,1_1,1_1_SF_3661,1_1_SF_3661_2,1_1_SF_3661_2
1,2023,1,3661,SF,3,1,1.000,0.237,325.000,0.000,0.000,2,1,1_1,1_1_SF_3661,1_1_SF_3661_3,1_1_SF_3661_3
1,2023,1,3661,SF,4,1,1.000,0.118,325.000,0.000,0.000,2,1,1_1,1_1_SF_3661,1_1_SF_3661_4,1_1_SF_3661_4
1,2023,1,3661,SF,5,1,7.000,1.172,714.000,13.000,0.000,2,1,1_1,1_1_SF_3661,1_1_SF_3661_5,1_1_SF_3661_5
1,2023,1,3900,SF,2,1,1.000,0.125,125.000,0.000,0.000,2,1,1_1,1_1_SF_3900,1_1_SF_3900_2,1_1_SF_3900_2
1,2023,1,3656,SF,3,1,1.000,5.000,5000.000,0.000,0.000,2,1,1_1,1_1_SF_3656,1_1_SF_3656_3,1_1_SF_3656_3
1,2023,1,3656,SF,10,1,1.000,0.050,50.000,0.000,0.000,2,1,1_1,1_1_SF_3656,1_1_SF_3656_10,1_1_SF_3656_10
1,2023,1,3656,SF,11,1,1.000,0.050,50.000,0.000,0.000,2,1,1_1,1_1_SF_3656,1_1_SF_3656_11,1_1_SF_3656_11
1,2023,1,3656,SF,12,1,1.000,0.003,2.500,0.000,0.000,2,1,1_1,1_1_SF_3656,1_1_SF_3656_12,1_1_SF_3656_12
1,2023,1,3665,SF,1,1,1.000,0.224,125.000,0.000,0.000,2,1,1_1,1_1_SF_3665,1_1_SF_3665_1,1_1_SF_3665_1
1,2023,1,3725,SF,1,1,1.000,0.354,1000.000,0.000,0.000,2,1,1_1,1_1_SF_3725,1_1_SF_3725_1,1_1_SF_3725_1
1,2023,1,3724,EF,1,1,1.000,0.000,24550.000,0.000,0.000,2,1,1_1,1_1_EF_3724,1_1_EF_3724_1,1_1_EF_3724_1
1,2023,1,3716,SF,6,1,1.000,0.050,50.000,0.000,0.000,2,1,1_1,1_1_SF_3716,1_1_SF_3716_6,1_1_SF_3716_6
1,2023,1,3716,SF,7,1,1.000,0.050,50.000,0.000,0.000,2,1,1_1,1_1_SF_3716,1_1_SF_3716_7,1_1_SF_3716_7
1,2023,1,3537,SF,1,1,1.000,0.006,26.200,0.000,0.000,2,1,1_1,1_1_SF_3537,1_1_SF_3537_1,1_1_SF_3537_1
1,2023,1,3691,SF,1,1,1.071,0.003,10.000,53.000,0.000,2,1,1_1,1_1_SF_3691,1_1_SF_3691_1,1_1_SF_3691_1
1,2023,1,3653,SF,2,1,1.000,0.016,40.000,0.000,0.000,2,1,1_1,1_1_SF_3653,1_1_SF_3653_2,1_1_SF_3653_2
1,2023,1,3690,SF,1,1,1.018,0.031,30.000,0.000,0.000,2,1,1_1,1_1_SF_3690,1_1_SF_3690_1,1_1_SF_3690_1
1,2023,1,3689,SF,1,1,1.001,0.030,30.000,0.000,0.000,2,1,1_1,1_1_SF_3689,1_1_SF_3689_1,1_1_SF_3689_1
1,2023,1,3709,SF,1,1,1.000,0.224,125.000,0.000,0.000,2,1,1_1,1_1_SF_3709,1_1_SF_3709_1,1_1_SF_3709_1
1,2023,1,3708,SF,2,1,2.000,0.413,175.000,0.000,0.000,2,1,1_1,1_1_SF_3708,1_1_SF_3708_2,1_1_SF_3708_2
1,2023,1,3740,SF,1,1,1.000,0.094,248.000,28.000,0.000,2,1,1_1,1_1_SF_3740,1_1_SF_3740_1,1_1_SF_3740_1
1,2023,1,3817,SF,1,1,1.250,0.004,800.000,0.000,0.000,2,1,1_1,1_1_SF_3817,1_1_SF_3817_1,1_1_SF_3817_1
1,2023,1,3697,SF,1,1,1.000,1.500,1500.000,0.000,0.000,2,1,1_1,1_1_SF_3697,1_1_SF_3697_1,1_1_SF_3697_1
1,2023,1,3697,SF,4,1,1.000,0.148,148.000,0.000,0.000,2,1,1_1,1_1_SF_3697,1_1_SF_3697_4,1_1_SF_3697_4
1,2023,1,3665,SF,2,1,1.000,0.429,240.000,0.000,0.000,2,1,1_1,1_1_SF_3665,1_1_SF_3665_2,1_1_SF_3665_2
1,2023,1,3665,SF,3,1,2.000,0.109,150.000,0.000,0.000,2,1,1_1,1_1_SF_3665,1_1_SF_3665_3,1_1_SF_3665_3
1,2023,1,3665,SF,4,1,2.000,0.692,950.000,0.000,0.000,2,1,1_1,1_1_SF_3665,1_1_SF_3665_4,1_1_SF_3665_4
1,2023,1,3665,SF,5,1,1.000,0.103,250.000,0.000,0.000,2,1,1_1,1_1_SF_3665,1_1_SF_3665_5,1_1_SF_3665_5
1,2023,1,3599,SF,1,1,1.025,0.121,795.000,22.000,0.000,2,1,1_1,1_1_SF_3599,1_1_SF_3599_1,1_1_SF_3599_1
1,2023,1,3697,SF,5,1,1.000,0.148,148.000,0.000,0.000,2,1,1_1,1_1_SF_3697,1_1_SF_3697_5,1_1_SF_3697_5
1,2023,1,3601,SF,1,1,1.063,0.137,795.000,24.000,0.000,2,1,1_1,1_1_SF_3601,1_1_SF_3601_1,1_1_SF_3601_1
1,2023,1,3901,SF,1,1,1.000,0.100,100.000,0.000,0.000,2,1,1_1,1_1_SF_3901,1_1_SF_3901_1,1_1_SF_3901_1
1,2023,1,3895,SF,1,1,8.000,0.027,40.000,9.500,0.000,2,1,1_1,1_1_SF_3895,1_1_SF_3895_1,1_1_SF_3895_1
1,2023,1,3895,SF,2,1,4.000,0.055,150.000,10.200,0.000,2,1,1_1,1_1_SF_3895,1_1_SF_3895_2,1_1_SF_3895_2
1,2023,1,3843,SF,1,1,1.000,0.679,120.000,0.000,0.000,2,1,1_1,1_1_SF_3843,1_1_SF_3843_1,1_1_SF_3843_1
1,2023,1,3901,SF,2,1,1.000,0.067,67.000,0.000,0.000,2,1,1_1,1_1_SF_3901,1_1_SF_3901_2,1_1_SF_3901_2
1,2023,1,3824,SF,3,1,1.000,0.118,325.000,0.000,0.000,2,1,1_1,1_1_SF_3824,1_1_SF_3824_3,1_1_SF_3824_3
1,2023,1,3666,SF,1,1,1.009,0.119,795.000,22.000,0.000,2,1,1_1,1_1_SF_3666,1_1_SF_3666_1,1_1_SF_3666_1
1,2023,1,3695,SF,2,1,1.000,0.164,110.000,110.000,0.000,2,1,1_1,1_1_SF_3695,1_1_SF_3695_2,1_1_SF_3695_2
1,2023,1,3695,SF,4,1,1.000,2.000,2000.000,0.000,0.000,2,1,1_1,1_1_SF_3695,1_1_SF_3695_4,1_1_SF_3695_4
1,2023,1,3626,SF,1,1,1.034,0.021,228.500,10.000,0.000,2,1,1_1,1_1_SF_3626,1_1_SF_3626_1,1_1_SF_3626_1
1,2023,1,3626,SF,2,1,1.034,0.008,182.000,5.000,0.000,2,1,1_1,1_1_SF_3626,1_1_SF_3626_2,1_1_SF_3626_2
1,2023,1,3627,SF,1,1,1.029,0.021,231.000,10.000,0.000,2,1,1_1,1_1_SF_3627,1_1_SF_3627_1,1_1_SF_3627_1
1,2023,1,3627,SF,2,1,1.029,0.006,50.000,6.000,0.000,2,1,1_1,1_1_SF_3627,1_1_SF_3627_2,1_1_SF_3627_2
1,2023,1,3628,SF,1,1,1.000,0.014,100.000,15.000,0.000,2,1,1_1,1_1_SF_3628,1_1_SF_3628_1,1_1_SF_3628_1
1,2023,1,3629,SF,1,1,1.050,0.017,228.500,8.000,0.000,2,1,1_1,1_1_SF_3629,1_1_SF_3629_1,1_1_SF_3629_1
1,2023,1,3629,SF,2,1,1.050,0.009,182.000,5.000,0.000,2,1,1_1,1_1_SF_3629,1_1_SF_3629_2,1_1_SF_3629_2
1,2023,1,3630,SF,1,1,1.000,0.105,235.000,33.000,0.000,2,1,1_1,1_1_SF_3630,1_1_SF_3630_1,1_1_SF_3630_1
1,2023,1,3678,SF,1,1,1.000,0.019,19.000,0.000,0.000,2,1,1_1,1_1_SF_3678,1_1_SF_3678_1,1_1_SF_3678_1
1,2023,1,3679,SF,1,1,1.000,0.046,46.000,0.000,0.000,2,1,1_1,1_1_SF_3679,1_1_SF_3679_1,1_1_SF_3679_1
1,2023,1,3657,SF,2,1,1.000,4.300,4300.000,0.000,0.000,2,1,1_1,1_1_SF_3657,1_1_SF_3657_2,1_1_SF_3657_2
1,2023,1,3657,SF,3,1,1.000,5.000,5000.000,0.000,0.000,2,1,1_1,1_1_SF_3657,1_1_SF_3657_3,1_1_SF_3657_3
1,2023,1,3682,SF,1,1,1.000,0.033,33.000,0.000,0.000,2,1,1_1,1_1_SF_3682,1_1_SF_3682_1,1_1_SF_3682_1
1,2023,1,3683,SF,1,1,1.000,0.042,42.000,0.000,0.000,2,1,1_1,1_1_SF_3683,1_1_SF_3683_1,1_1_SF_3683_1
1,2023,1,3684,SF,1,1,1.000,0.035,35.000,0.000,0.000,2,1,1_1,1_1_SF_3684,1_1_SF_3684_1,1_1_SF_3684_1
1,2023,1,3685,SF,1,1,1.000,0.041,41.000,0.000,0.000,2,1,1_1,1_1_SF_3685,1_1_SF_3685_1,1_1_SF_3685_1
1,2023,1,3686,SF,1,1,1.000,0.045,45.000,0.000,0.000,2,1,1_1,1_1_SF_3686,1_1_SF_3686_1,1_1_SF_3686_1
1,2023,1,3687,SF,1,1,1.000,0.090,90.000,0.000,0.000,2,1,1_1,1_1_SF_3687,1_1_SF_3687_1,1_1_SF_3687_1
1,2023,1,3688,SF,1,1,1.000,0.083,83.000,0.000,0.000,2,1,1_1,1_1_SF_3688,1_1_SF_3688_1,1_1_SF_3688_1
1,2023,1,3716,SF,8,1,1.000,0.003,2.500,0.000,0.000,2,1,1_1,1_1_SF_3716,1_1_SF_3716_8,1_1_SF_3716_8
1,2023,1,3709,SF,2,1,1.000,0.429,240.000,0.000,0.000,2,1,1_1,1_1_SF_3709,1_1_SF_3709_2,1_1_SF_3709_2
1,2023,1,3600,SF,1,1,1.063,0.137,795.000,24.000,0.000,2,1,1_1,1_1_SF_3600,1_1_SF_3600_1,1_1_SF_3600_1
1,2023,1,3694,SF,5,1,1.000,2.000,2000.000,0.000,0.000,2,1,1_1,1_1_SF_3694,1_1_SF_3694_5,1_1_SF_3694_5
1,2023,1,3694,SF,7,1,1.000,0.050,50.000,0.000,0.000,2,1,1_1,1_1_SF_3694,1_1_SF_3694_7,1_1_SF_3694_7
1,2023,1,3694,SF,8,1,1.000,0.050,50.000,0.000,0.000,2,1,1_1,1_1_SF_3694,1_1_SF_3694_8,1_1_SF_3694_8
1,2023,1,3694,SF,9,1,1.000,0.003,2.500,0.000,0.000,2,1,1_1,1_1_SF_3694,1_1_SF_3694_9,1_1_SF_3694_9
1,2023,1,3694,SF,10,1,1.000,0.010,60.000,20.000,0.000,2,1,1_1,1_1_SF_3694,1_1_SF_3694_10,1_1_SF_3694_10
1,2023,1,3697,SF,6,1,1.000,0.008,7.500,0.000,0.000,2,1,1_1,1_1_SF_3697,1_1_SF_3697_6,1_1_SF_3697_6
1,2023,1,3657,SF,10,1,1.000,0.050,50.000,0.000,0.000,2,1,1_1,1_1_SF_3657,1_1_SF_3657_10,1_1_SF_3657_10
1,2023,1,3657,SF,11,1,1.000,0.050,50.000,0.000,0.000,2,1,1_1,1_1_SF_3657,1_1_SF_3657_11,1_1_SF_3657_11
1,2023,1,3698,SF,2,1,1.000,3.000,3000.000,0.000,0.000,2,1,1_1,1_1_SF_3698,1_1_SF_3698_2,1_1_SF_3698_2
1,2023,1,3698,SF,9,1,1.000,0.050,50.000,0.000,0.000,2,1,1_1,1_1_SF_3698,1_1_SF_3698_9,1_1_SF_3698_9
1,2023,1,3698,SF,10,1,1.000,0.050,50.000,0.000,0.000,2,1,1_1,1_1_SF_3698,1_1_SF_3698_10,1_1_SF_3698_10
1,2023,1,3698,SF,11,1,1.000,0.003,2.500,0.000,0.000,2,1,1_1,1_1_SF_3698,1_1_SF_3698_11,1_1_SF_3698_11
1,2023,1,3699,SF,1,1,1.000,0.249,346.000,0.000,0.000,2,1,1_1,1_1_SF_3699,1_1_SF_3699_1,1_1_SF_3699_1
1,2023,1,3664,SF,1,1,1.000,1.500,1500.000,0.000,0.000,2,1,1_1,1_1_SF_3664,1_1_SF_3664_1,1_1_SF_3664_1
1,2023,1,3664,SF,7,1,1.000,0.080,80.000,0.000,0.000,2,1,1_1,1_1_SF_3664,1_1_SF_3664_7,1_1_SF_3664_7
1,2023,1,3664,SF,8,1,1.000,0.080,80.000,0.000,0.000,2,1,1_1,1_1_SF_3664,1_1_SF_3664_8,1_1_SF_3664_8
1,2023,1,3664,SF,9,1,1.000,0.004,4.000,0.000,0.000,2,1,1_1,1_1_SF_3664,1_1_SF_3664_9,1_1_SF_3664_9
1,2023,1,3657,SF,12,1,1.000,0.005,5.000,0.000,0.000,2,1,1_1,1_1_SF_3657,1_1_SF_3657_12,1_1_SF_3657_12
1,2023,1,3709,SF,3,1,2.000,0.109,150.000,0.000,0.000,2,1,1_1,1_1_SF_3709,1_1_SF_3709_3,1_1_SF_3709_3
1,2023,1,3660,SF,1,1,40.000,0.994,145.000,38.000,0.000,2,1,1_1,1_1_SF_3660,1_1_SF_3660_1,1_1_SF_3660_1
1,2023,1,3660,SF,2,1,1.000,3.809,2620.000,0.000,0.000,2,1,1_1,1_1_SF_3660,1_1_SF_3660_2,1_1_SF_3660_2
1,2023,1,3660,SF,3,1,1.000,0.010,25.000,0.000,0.000,2,1,1_1,1_1_SF_3660,1_1_SF_3660_3,1_1_SF_3660_3
1,2023,1,3660,SF,4,1,1.000,0.063,100.000,70.000,0.000,2,1,1_1,1_1_SF_3660,1_1_SF_3660_4,1_1_SF_3660_4
1,2023,1,3660,SF,5,1,1.000,0.038,70.000,40.000,0.000,2,1,1_1,1_1_SF_3660,1_1_SF_3660_5,1_1_SF_3660_5
1,2023,1,3660,SF,7,1,1.000,0.032,80.000,0.000,0.000,2,1,1_1,1_1_SF_3660,1_1_SF_3660_7,1_1_SF_3660_7
1,2023,1,3660,SF,8,1,1.000,0.314,200.000,0.000,0.000,2,1,1_1,1_1_SF_3660,1_1_SF_3660_8,1_1_SF_3660_8
1,2023,1,3658,SF,1,1,1.000,24.000,24000.000,0.000,0.000,2,1,1_1,1_1_SF_3658,1_1_SF_3658_1,1_1_SF_3658_1
1,2023,1,3658,SF,3,1,2.000,0.541,1000.000,60.000,0.000,2,1,1_1,1_1_SF_3658,1_1_SF_3658_3,1_1_SF_3658_3
1,2023,1,3658,SF,4,1,2.000,0.135,200.000,25.000,0.000,2,1,1_1,1_1_SF_3658,1_1_SF_3658_4,1_1_SF_3658_4
1,2023,1,3824,SF,7,1,7.000,1.172,714.000,13.000,0.000,2,1,1_1,1_1_SF_3824,1_1_SF_3824_7,1_1_SF_3824_7
1,2023,1,3709,SF,4,1,2.000,0.692,950.000,0.000,0.000,2,1,1_1,1_1_SF_3709,1_1_SF_3709_4,1_1_SF_3709_4
1,2023,1,3709,SF,5,1,1.000,0.103,250.000,0.000,0.000,2,1,1_1,1_1_SF_3709,1_1_SF_3709_5,1_1_SF_3709_5
1,2023,1,3668,SF,1,1,1.038,0.134,795.000,24.000,0.000,2,1,1_1,1_1_SF_3668,1_1_SF_3668_1,1_1_SF_3668_1
1,2023,1,3711,SF,4,1,1.000,0.237,325.000,0.000,0.000,2,1,1_1,1_1_SF_3711,1_1_SF_3711_4,1_1_SF_3711_4
1,2023,1,3711,SF,5,1,1.000,0.118,325.000,0.000,0.000,2,1,1_1,1_1_SF_3711,1_1_SF_3711_5,1_1_SF_3711_5
1,2023,1,3711,SF,6,1,1.000,0.034,270.000,0.000,0.000,2,1,1_1,1_1_SF_3711,1_1_SF_3711_6,1_1_SF_3711_6
1,2023,1,3882,SF,2,1,16.000,0.108,120.000,0.000,0.000,2,1,1_1,1_1_SF_3882,1_1_SF_3882_2,1_1_SF_3882_2
1,2023,1,3602,SF,1,1,1.000,0.003,100.000,10.127,0.000,2,1,1_1,1_1_SF_3602,1_1_SF_3602_1,1_1_SF_3602_1
1,2023,1,3703,SF,1,1,2.000,0.057,500.000,0.000,0.000,2,1,1_1,1_1_SF_3703,1_1_SF_3703_1,1_1_SF_3703_1
1,2023,1,3703,SF,2,1,2.000,0.051,200.000,0.000,0.000,2,1,1_1,1_1_SF_3703,1_1_SF_3703_2,1_1_SF_3703_2
1,2023,1,3703,SF,3,1,1.000,0.436,300.000,0.000,0.000,2,1,1_1,1_1_SF_3703,1_1_SF_3703_3,1_1_SF_3703_3
1,2023,1,3667,SF,1,1,1.038,0.134,795.000,24.000,0.000,2,1,1_1,1_1_SF_3667,1_1_SF_3667_1,1_1_SF_3667_1
1,2023,1,3732,SF,1,1,1.000,0.300,300.000,0.000,0.000,2,1,1_1,1_1_SF_3732,1_1_SF_3732_1,1_1_SF_3732_1
1,2023,1,3738,SF,1,1,1.000,0.002,10.000,53.000,0.000,2,1,1_1,1_1_SF_3738,1_1_SF_3738_1,1_1_SF_3738_1
1,2023,1,3747,SF,1,1,1.000,0.005,67.000,10.000,0.000,2,1,1_1,1_1_SF_3747,1_1_SF_3747_1,1_1_SF_3747_1
1,2023,1,3741,SF,1,1,1.000,0.007,20.000,20.000,0.000,2,1,1_1,1_1_SF_3741,1_1_SF_3741_1,1_1_SF_3741_1
1,2023,1,3753,SF,2,1,1.000,1.500,1500.000,0.000,0.000,2,1,1_1,1_1_SF_3753,1_1_SF_3753_2,1_1_SF_3753_2
1,2023,1,3715,SF,1,1,1.000,8.000,8000.000,0.000,0.000,2,1,1_1,1_1_SF_3715,1_1_SF_3715_1,1_1_SF_3715_1
1,2023,1,3715,SF,4,1,1.000,0.080,80.000,0.000,0.000,2,1,1_1,1_1_SF_3715,1_1_SF_3715_4,1_1_SF_3715_4
1,2023,1,3715,SF,5,1,1.000,0.080,80.000,0.000,0.000,2,1,1_1,1_1_SF_3715,1_1_SF_3715_5,1_1_SF_3715_5
1,2023,1,3715,SF,6,1,1.000,0.004,4.000,0.000,0.000,2,1,1_1,1_1_SF_3715,1_1_SF_3715_6,1_1_SF_3715_6
1,2023,1,3704,SF,9,1,1.000,0.004,4.000,0.000,0.000,2,1,1_1,1_1_SF_3704,1_1_SF_3704_9,1_1_SF_3704_9
1,2023,1,3603,SF,1,1,1.025,0.121,795.000,22.000,0.000,2,1,1_1,1_1_SF_3603,1_1_SF_3603_1,1_1_SF_3603_1
1,2023,1,3604,SF,1,1,1.063,0.137,795.000,24.000,0.000,2,1,1_1,1_1_SF_3604,1_1_SF_3604_1,1_1_SF_3604_1
1,2023,1,3605,SF,1,1,1.063,0.137,795.000,24.000,0.000,2,1,1_1,1_1_SF_3605,1_1_SF_3605_1,1_1_SF_3605_1
1,2023,1,3700,SF,6,1,1.000,1.000,1000.000,0.000,0.000,2,1,1_1,1_1_SF_3700,1_1_SF_3700_6,1_1_SF_3700_6
1,2023,1,3700,SF,7,1,1.000,1.323,740.000,0.000,0.000,2,1,1_1,1_1_SF_3700,1_1_SF_3700_7,1_1_SF_3700_7
1,2023,1,3700,SF,8,1,1.000,1.628,740.000,0.000,0.000,2,1,1_1,1_1_SF_3700,1_1_SF_3700_8,1_1_SF_3700_8
1,2023,1,3700,SF,14,1,1.000,0.360,1000.000,45.000,0.000,2,1,1_1,1_1_SF_3700,1_1_SF_3700_14,1_1_SF_3700_14
1,2023,1,3700,SF,15,1,1.000,1.000,1000.000,0.000,0.000,2,1,1_1,1_1_SF_3700,1_1_SF_3700_15,1_1_SF_3700_15
1,2023,1,3879,SF,1,1,8.000,0.008,10.000,76.000,0.000,2,1,1_1,1_1_SF_3879,1_1_SF_3879_1,1_1_SF_3879_1
1,2023,1,3702,SF,1,1,1.000,51.000,17000.000,0.000,0.000,2,1,1_1,1_1_SF_3702,1_1_SF_3702_1,1_1_SF_3702_1
1,2023,1,3710,SF,1,1,1.000,0.012,24.050,115.000,0.000,2,1,1_1,1_1_SF_3710,1_1_SF_3710_1,1_1_SF_3710_1
1,2023,1,3722,SF,1,1,1.000,0.002,5.000,0.000,0.000,2,1,1_1,1_1_SF_3722,1_1_SF_3722_1,1_1_SF_3722_1
1,2023,1,3726,SF,2,1,1.000,1.500,1500.000,0.000,0.000,2,1,1_1,1_1_SF_3726,1_1_SF_3726_2,1_1_SF_3726_2
1,2023,1,3726,SF,8,1,2.000,0.046,145.000,20.000,0.000,2,1,1_1,1_1_SF_3726,1_1_SF_3726_8,1_1_SF_3726_8
1,2023,1,3726,SF,10,1,1.000,0.050,50.000,0.000,0.000,2,1,1_1,1_1_SF_3726,1_1_SF_3726_10,1_1_SF_3726_10
1,2023,1,3924,SF,1,1,1.000,0.364,1000.000,0.000,0.000,2,1,1_1,1_1_SF_3924,1_1_SF_3924_1,1_1_SF_3924_1
1,2023,1,3829,SF,2,1,1.000,0.237,325.000,0.000,0.000,2,1,1_1,1_1_SF_3829,1_1_SF_3829_2,1_1_SF_3829_2
1,2023,1,3829,SF,3,1,1.000,0.118,325.000,0.000,0.000,2,1,1_1,1_1_SF_3829,1_1_SF_3829_3,1_1_SF_3829_3
1,2023,1,3829,SF,7,1,7.000,1.172,714.000,13.000,0.000,2,1,1_1,1_1_SF_3829,1_1_SF_3829_7,1_1_SF_3829_7
1,2023,1,3726,SF,11,1,1.000,0.050,50.000,0.000,0.000,2,1,1_1,1_1_SF_3726,1_1_SF_3726_11,1_1_SF_3726_11
1,2023,1,3726,SF,12,1,1.000,0.003,2.500,0.000,0.000,2,1,1_1,1_1_SF_3726,1_1_SF_3726_12,1_1_SF_3726_12
1,2023,1,3738,SF,2,1,1.000,0.016,40.000,0.000,0.000,2,1,1_1,1_1_SF_3738,1_1_SF_3738_2,1_1_SF_3738_2
1,2023,1,3941,SF,1,1,1.000,0.559,250.000,0.000,0.000,2,1,1_1,1_1_SF_3941,1_1_SF_3941_1,1_1_SF_3941_1
1,2023,1,3941,SF,2,1,2.000,4.653,1600.000,0.000,0.000,2,1,1_1,1_1_SF_3941,1_1_SF_3941_2,1_1_SF_3941_2
1,2023,1,3976,SF,1,1,1.000,0.249,346.000,0.000,0.000,2,1,1_1,1_1_SF_3976,1_1_SF_3976_1,1_1_SF_3976_1
1,2023,1,3865,SF,1,1,1.000,0.003,99.000,9.250,0.000,2,1,1_1,1_1_SF_3865,1_1_SF_3865_1,1_1_SF_3865_1
1,2023,1,3897,SF,1,1,1.000,0.003,100.000,10.100,0.000,2,1,1_1,1_1_SF_3897,1_1_SF_3897_1,1_1_SF_3897_1
1,2023,1,3803,SF,1,1,1.000,0.100,100.000,0.000,0.000,2,1,1_1,1_1_SF_3803,1_1_SF_3803_1,1_1_SF_3803_1
1,2023,1,3803,SF,2,1,1.000,0.091,90.900,0.000,0.000,2,1,1_1,1_1_SF_3803,1_1_SF_3803_2,1_1_SF_3803_2
1,2023,1,3713,SF,1,1,1.000,27.000,27000.000,0.000,0.000,2,1,1_1,1_1_SF_3713,1_1_SF_3713_1,1_1_SF_3713_1
1,2023,1,3713,SF,3,1,3.000,1.082,1000.000,80.000,0.000,2,1,1_1,1_1_SF_3713,1_1_SF_3713_3,1_1_SF_3713_3
1,2023,1,3621,SF,1,1,1.000,0.003,100.000,10.500,0.000,2,1,1_1,1_1_SF_3621,1_1_SF_3621_1,1_1_SF_3621_1
1,2023,1,3791,SF,1,1,1.000,0.029,29.000,0.000,0.000,2,1,1_1,1_1_SF_3791,1_1_SF_3791_1,1_1_SF_3791_1
1,2023,1,3793,SF,1,1,1.000,0.049,49.000,0.000,0.000,2,1,1_1,1_1_SF_3793,1_1_SF_3793_1,1_1_SF_3793_1
1,2023,1,3794,SF,2,1,1.000,3.300,3300.000,0.000,0.000,2,1,1_1,1_1_SF_3794,1_1_SF_3794_2,1_1_SF_3794_2
1,2023,1,3794,SF,3,1,1.000,1.500,1500.000,0.000,0.000,2,1,1_1,1_1_SF_3794,1_1_SF_3794_3,1_1_SF_3794_3
1,2023,1,3794,SF,10,1,1.000,0.050,50.000,0.000,0.000,2,1,1_1,1_1_SF_3794,1_1_SF_3794_10,1_1_SF_3794_10
1,2023,1,3794,SF,11,1,1.000,0.050,50.000,0.000,0.000,2,1,1_1,1_1_SF_3794,1_1_SF_3794_11,1_1_SF_3794_11
1,2023,1,3794,SF,12,1,1.000,0.005,5.000,0.000,0.000,2,1,1_1,1_1_SF_3794,1_1_SF_3794_12,1_1_SF_3794_12
1,2023,1,3732,SF,2,1,1.000,1.000,1000.000,0.000,0.000,2,1,1_1,1_1_SF_3732,1_1_SF_3732_2,1_1_SF_3732_2
1,2023,1,3732,SF,3,1,0.200,0.286,2500.000,0.000,0.000,2,1,1_1,1_1_SF_3732,1_1_SF_3732_3,1_1_SF_3732_3
1,2023,1,3618,SF,1,1,1.021,0.121,795.000,22.000,0.000,2,1,1_1,1_1_SF_3618,1_1_SF_3618_1,1_1_SF_3618_1
1,2023,1,3620,SF,1,1,1.063,0.137,795.000,24.000,0.000,2,1,1_1,1_1_SF_3620,1_1_SF_3620_1,1_1_SF_3620_1
1,2023,1,3894,SF,1,1,0.333,0.188,210.000,0.000,0.000,2,1,1_1,1_1_SF_3894,1_1_SF_3894_1,1_1_SF_3894_1
1,2023,1,3894,SF,5,1,0.111,0.125,3100.000,0.000,0.000,2,1,1_1,1_1_SF_3894,1_1_SF_3894_5,1_1_SF_3894_5
1,2023,1,3887,SF,2,1,1.000,4.400,4400.000,0.000,0.000,2,1,1_1,1_1_SF_3887,1_1_SF_3887_2,1_1_SF_3887_2
1,2023,1,3837,SF,1,1,0.024,0.145,1000.000,450.000,0.000,2,1,1_1,1_1_SF_3837,1_1_SF_3837_1,1_1_SF_3837_1
1,2023,1,3728,SF,2,1,1.000,4.000,4000.000,0.000,0.000,2,1,1_1,1_1_SF_3728,1_1_SF_3728_2,1_1_SF_3728_2
1,2023,1,3728,SF,9,1,1.000,0.050,50.000,0.000,0.000,2,1,1_1,1_1_SF_3728,1_1_SF_3728_9,1_1_SF_3728_9
1,2023,1,3728,SF,10,1,1.000,0.050,50.000,0.000,0.000,2,1,1_1,1_1_SF_3728,1_1_SF_3728_10,1_1_SF_3728_10
1,2023,1,3728,SF,11,1,1.000,0.003,2.500,0.000,0.000,2,1,1_1,1_1_SF_3728,1_1_SF_3728_11,1_1_SF_3728_11
1,2023,1,3729,SF,2,1,1.000,1.500,1500.000,0.000,0.000,2,1,1_1,1_1_SF_3729,1_1_SF_3729_2,1_1_SF_3729_2
1,2023,1,3729,SF,8,1,1.000,0.014,90.000,20.000,0.000,2,1,1_1,1_1_SF_3729,1_1_SF_3729_8,1_1_SF_3729_8
1,2023,1,3729,SF,10,1,1.000,0.050,50.000,0.000,0.000,2,1,1_1,1_1_SF_3729,1_1_SF_3729_10,1_1_SF_3729_10
1,2023,1,3729,SF,11,1,1.000,0.050,50.000,0.000,0.000,2,1,1_1,1_1_SF_3729,1_1_SF_3729_11,1_1_SF_3729_11
1,2023,1,3729,SF,12,1,1.000,0.003,2.500,0.000,0.000,2,1,1_1,1_1_SF_3729,1_1_SF_3729_12,1_1_SF_3729_12
1,2023,1,3730,SF,1,1,1.000,0.200,200.000,0.000,0.000,2,1,1_1,1_1_SF_3730,1_1_SF_3730_1,1_1_SF_3730_1
1,2023,1,3730,SF,2,1,1.000,0.125,125.000,0.000,0.000,2,1,1_1,1_1_SF_3730,1_1_SF_3730_2,1_1_SF_3730_2
1,2023,1,3849,SF,1,1,1.002,0.015,15.000,0.000,0.000,2,1,1_1,1_1_SF_3849,1_1_SF_3849_1,1_1_SF_3849_1
1,2023,1,3731,SF,1,1,1.000,9.000,9000.000,0.000,0.000,2,1,1_1,1_1_SF_3731,1_1_SF_3731_1,1_1_SF_3731_1
1,2023,1,3731,SF,3,1,2.000,0.541,1000.000,60.000,0.000,2,1,1_1,1_1_SF_3731,1_1_SF_3731_3,1_1_SF_3731_3
1,2023,1,3731,SF,4,1,2.000,0.252,175.000,0.000,0.000,2,1,1_1,1_1_SF_3731,1_1_SF_3731_4,1_1_SF_3731_4
1,2023,1,3882,SF,3,1,1.000,0.167,167.000,0.000,0.000,2,1,1_1,1_1_SF_3882,1_1_SF_3882_3,1_1_SF_3882_3
1,2023,1,3920,SF,1,1,1.000,0.001,15.000,15.000,0.000,2,1,1_1,1_1_SF_3920,1_1_SF_3920_1,1_1_SF_3920_1
1,2023,1,3739,SF,6,1,1.000,0.237,325.000,0.000,0.000,2,1,1_1,1_1_SF_3739,1_1_SF_3739_6,1_1_SF_3739_6
1,2023,1,3739,SF,7,1,1.000,0.118,325.000,0.000,0.000,2,1,1_1,1_1_SF_3739,1_1_SF_3739_7,1_1_SF_3739_7
1,2023,1,3739,SF,8,1,1.000,0.249,346.000,0.000,0.000,2,1,1_1,1_1_SF_3739,1_1_SF_3739_8,1_1_SF_3739_8
1,2023,1,3941,SF,4,1,20.000,0.380,333.000,0.000,0.000,2,1,1_1,1_1_SF_3941,1_1_SF_3941_4,1_1_SF_3941_4
1,2023,1,3763,SF,1,1,1.000,0.005,72.000,10.000,0.000,2,1,1_1,1_1_SF_3763,1_1_SF_3763_1,1_1_SF_3763_1
1,2023,1,3804,SF,1,1,1.000,0.083,83.330,0.000,0.000,2,1,1_1,1_1_SF_3804,1_1_SF_3804_1,1_1_SF_3804_1
1,2023,1,3807,SF,1,1,1.000,51.000,17000.000,0.000,0.000,2,1,1_1,1_1_SF_3807,1_1_SF_3807_1,1_1_SF_3807_1
1,2023,1,3941,SF,5,1,20.000,0.381,150.000,0.000,0.000,2,1,1_1,1_1_SF_3941,1_1_SF_3941_5,1_1_SF_3941_5
1,2023,1,3764,SF,1,1,1.000,0.004,62.000,10.000,0.000,2,1,1_1,1_1_SF_3764,1_1_SF_3764_1,1_1_SF_3764_1
1,2023,1,3619,SF,1,1,1.063,0.137,795.000,24.000,0.000,2,1,1_1,1_1_SF_3619,1_1_SF_3619_1,1_1_SF_3619_1
1,2023,1,3748,SF,1,1,1.000,3.000,3000.000,0.000,0.000,2,1,1_1,1_1_SF_3748,1_1_SF_3748_1,1_1_SF_3748_1
1,2023,1,3748,SF,7,1,1.000,0.080,80.000,0.000,0.000,2,1,1_1,1_1_SF_3748,1_1_SF_3748_7,1_1_SF_3748_7
1,2023,1,3748,SF,8,1,1.000,0.080,80.000,0.000,0.000,2,1,1_1,1_1_SF_3748,1_1_SF_3748_8,1_1_SF_3748_8
1,2023,1,3749,SF,1,1,1.000,1.500,1500.000,0.000,0.000,2,1,1_1,1_1_SF_3749,1_1_SF_3749_1,1_1_SF_3749_1
1,2023,1,3749,SF,4,1,2.000,0.120,60.000,0.000,0.000,2,1,1_1,1_1_SF_3749,1_1_SF_3749_4,1_1_SF_3749_4
1,2023,1,3749,SF,9,1,1.000,0.080,80.000,0.000,0.000,2,1,1_1,1_1_SF_3749,1_1_SF_3749_9,1_1_SF_3749_9
1,2023,1,3749,SF,10,1,1.000,0.080,80.000,0.000,0.000,2,1,1_1,1_1_SF_3749,1_1_SF_3749_10,1_1_SF_3749_10
1,2023,1,3749,SF,11,1,1.000,0.004,4.000,0.000,0.000,2,1,1_1,1_1_SF_3749,1_1_SF_3749_11,1_1_SF_3749_11
1,2023,1,3750,SF,1,1,1.000,1.500,1500.000,0.000,0.000,2,1,1_1,1_1_SF_3750,1_1_SF_3750_1,1_1_SF_3750_1
1,2023,1,3750,SF,4,1,2.000,0.120,60.000,0.000,0.000,2,1,1_1,1_1_SF_3750,1_1_SF_3750_4,1_1_SF_3750_4
1,2023,1,3750,SF,9,1,1.000,0.080,80.000,0.000,0.000,2,1,1_1,1_1_SF_3750,1_1_SF_3750_9,1_1_SF_3750_9
1,2023,1,3750,SF,10,1,1.000,0.080,80.000,0.000,0.000,2,1,1_1,1_1_SF_3750,1_1_SF_3750_10,1_1_SF_3750_10
1,2023,1,3750,SF,11,1,1.000,0.004,4.000,0.000,0.000,2,1,1_1,1_1_SF_3750,1_1_SF_3750_11,1_1_SF_3750_11
1,2023,1,3751,SF,1,1,1.000,0.015,15.000,0.000,0.000,2,1,1_1,1_1_SF_3751,1_1_SF_3751_1,1_1_SF_3751_1
1,2023,1,3714,SF,1,1,1.000,4.000,4000.000,0.000,0.000,2,1,1_1,1_1_SF_3714,1_1_SF_3714_1,1_1_SF_3714_1
1,2023,1,3714,SF,7,1,1.000,0.080,80.000,0.000,0.000,2,1,1_1,1_1_SF_3714,1_1_SF_3714_7,1_1_SF_3714_7
1,2023,1,3714,SF,8,1,1.000,0.080,80.000,0.000,0.000,2,1,1_1,1_1_SF_3714,1_1_SF_3714_8,1_1_SF_3714_8
1,2023,1,3714,SF,9,1,1.000,0.004,4.000,0.000,0.000,2,1,1_1,1_1_SF_3714,1_1_SF_3714_9,1_1_SF_3714_9
1,2023,1,3752,SF,1,1,1.000,0.016,16.000,0.000,0.000,2,1,1_1,1_1_SF_3752,1_1_SF_3752_1,1_1_SF_3752_1
1,2023,1,3746,SF,1,1,1.000,0.005,75.000,10.000,0.000,2,1,1_1,1_1_SF_3746,1_1_SF_3746_1,1_1_SF_3746_1
1,2023,1,3753,SF,9,1,1.000,0.050,50.000,0.000,0.000,2,1,1_1,1_1_SF_3753,1_1_SF_3753_9,1_1_SF_3753_9
1,2023,1,3753,SF,10,1,1.000,0.050,50.000,0.000,0.000,2,1,1_1,1_1_SF_3753,1_1_SF_3753_10,1_1_SF_3753_10
1,2023,1,3753,SF,11,1,1.000,0.003,2.500,0.000,0.000,2,1,1_1,1_1_SF_3753,1_1_SF_3753_11,1_1_SF_3753_11
1,2023,1,3755,SF,1,1,1.000,10.000,10000.000,0.000,0.000,2,1,1_1,1_1_SF_3755,1_1_SF_3755_1,1_1_SF_3755_1
1,2023,1,3755,SF,7,1,1.000,0.080,80.000,0.000,0.000,2,1,1_1,1_1_SF_3755,1_1_SF_3755_7,1_1_SF_3755_7
1,2023,1,3755,SF,8,1,1.000,0.080,80.000,0.000,0.000,2,1,1_1,1_1_SF_3755,1_1_SF_3755_8,1_1_SF_3755_8
1,2023,1,3755,SF,9,1,1.000,0.004,4.000,0.000,0.000,2,1,1_1,1_1_SF_3755,1_1_SF_3755_9,1_1_SF_3755_9
1,2023,1,3756,SF,1,1,1.000,1.500,1500.000,0.000,0.000,2,1,1_1,1_1_SF_3756,1_1_SF_3756_1,1_1_SF_3756_1
1,2023,1,3756,SF,7,1,1.000,0.080,80.000,0.000,0.000,2,1,1_1,1_1_SF_3756,1_1_SF_3756_7,1_1_SF_3756_7
1,2023,1,3756,SF,8,1,1.000,0.080,80.000,0.000,0.000,2,1,1_1,1_1_SF_3756,1_1_SF_3756_8,1_1_SF_3756_8
1,2023,1,3756,SF,9,1,1.000,0.004,4.000,0.000,0.000,2,1,1_1,1_1_SF_3756,1_1_SF_3756_9,1_1_SF_3756_9
1,2023,1,3617,SF,1,1,1.000,0.003,99.000,9.210,0.000,2,1,1_1,1_1_SF_3617,1_1_SF_3617_1,1_1_SF_3617_1
1,2023,1,3800,SF,1,1,1.000,3.000,3000.000,0.000,0.000,2,1,1_1,1_1_SF_3800,1_1_SF_3800_1,1_1_SF_3800_1
1,2023,1,3800,SF,4,1,1.000,5.000,5000.000,0.000,0.000,2,1,1_1,1_1_SF_3800,1_1_SF_3800_4,1_1_SF_3800_4
1,2023,1,3800,SF,10,1,1.000,0.050,50.000,0.000,0.000,2,1,1_1,1_1_SF_3800,1_1_SF_3800_10,1_1_SF_3800_10
1,2023,1,3745,SF,1,1,1.000,0.167,713.000,13.000,0.000,2,1,1_1,1_1_SF_3745,1_1_SF_3745_1,1_1_SF_3745_1
1,2023,1,3960,SF,1,1,0.500,0.282,210.000,0.000,0.000,2,1,1_1,1_1_SF_3960,1_1_SF_3960_1,1_1_SF_3960_1
1,2023,1,3762,SF,1,1,1.000,0.014,1000.000,0.000,0.000,2,1,1_1,1_1_SF_3762,1_1_SF_3762_1,1_1_SF_3762_1
1,2023,1,3882,SF,4,1,1.000,0.400,400.000,0.000,0.000,2,1,1_1,1_1_SF_3882,1_1_SF_3882_4,1_1_SF_3882_4
1,2023,1,3883,SF,1,1,1.000,0.001,50.000,20.000,0.000,2,1,1_1,1_1_SF_3883,1_1_SF_3883_1,1_1_SF_3883_1
1,2023,1,3979,SF,2,1,1.000,2.500,2500.000,0.000,0.000,2,1,1_1,1_1_SF_3979,1_1_SF_3979_2,1_1_SF_3979_2
1,2023,1,3974,SF,1,1,1.000,8.000,8000.000,0.000,0.000,2,1,1_1,1_1_SF_3974,1_1_SF_3974_1,1_1_SF_3974_1
1,2023,1,3769,SF,1,1,1.000,0.171,460.000,55.000,0.000,2,1,1_1,1_1_SF_3769,1_1_SF_3769_1,1_1_SF_3769_1
1,2023,1,3768,SF,1,1,1.000,0.138,340.000,60.000,0.000,2,1,1_1,1_1_SF_3768,1_1_SF_3768_1,1_1_SF_3768_1
1,2023,1,3807,SF,2,1,3.000,0.770,225.000,20.000,0.000,2,1,1_1,1_1_SF_3807,1_1_SF_3807_2,1_1_SF_3807_2
1,2023,1,3804,SF,2,1,1.000,0.067,67.000,0.000,0.000,2,1,1_1,1_1_SF_3804,1_1_SF_3804_2,1_1_SF_3804_2
1,2023,1,3805,SF,3,1,1.000,0.375,280.000,0.000,0.000,2,1,1_1,1_1_SF_3805,1_1_SF_3805_3,1_1_SF_3805_3
1,2023,1,3922,SF,2,1,1.000,1.500,1500.000,0.000,0.000,2,1,1_1,1_1_SF_3922,1_1_SF_3922_2,1_1_SF_3922_2
1,2023,1,3922,SF,9,1,1.000,0.050,50.000,0.000,0.000,2,1,1_1,1_1_SF_3922,1_1_SF_3922_9,1_1_SF_3922_9
1,2023,1,3974,SF,4,1,1.000,0.080,80.000,0.000,0.000,2,1,1_1,1_1_SF_3974,1_1_SF_3974_4,1_1_SF_3974_4
1,2023,1,3974,SF,5,1,1.000,0.080,80.000,0.000,0.000,2,1,1_1,1_1_SF_3974,1_1_SF_3974_5,1_1_SF_3974_5
1,2023,1,3974,SF,6,1,1.000,0.004,4.000,0.000,0.000,2,1,1_1,1_1_SF_3974,1_1_SF_3974_6,1_1_SF_3974_6
1,2023,1,3960,SF,6,1,0.714,0.085,325.000,0.000,0.000,2,1,1_1,1_1_SF_3960,1_1_SF_3960_6,1_1_SF_3960_6
1,2023,1,3578,SF,2,1,1.000,0.691,550.000,0.000,0.000,2,1,1_1,1_1_SF_3578,1_1_SF_3578_2,1_1_SF_3578_2
1,2023,1,3578,SF,3,1,1.000,0.079,100.000,0.000,0.000,2,1,1_1,1_1_SF_3578,1_1_SF_3578_3,1_1_SF_3578_3
1,2023,1,3727,SF,1,1,0.370,0.050,1000.000,10.000,0.000,2,1,1_1,1_1_SF_3727,1_1_SF_3727_1,1_1_SF_3727_1
1,2023,1,3727,SF,2,1,1.889,0.139,2300.000,0.000,0.000,2,1,1_1,1_1_SF_3727,1_1_SF_3727_2,1_1_SF_3727_2
1,2023,1,3727,SF,3,1,1.333,0.005,60.000,0.000,0.000,2,1,1_1,1_1_SF_3727,1_1_SF_3727_3,1_1_SF_3727_3
1,2023,1,3727,SF,4,1,0.185,0.001,70.000,10.000,0.000,2,1,1_1,1_1_SF_3727,1_1_SF_3727_4,1_1_SF_3727_4
1,2023,1,3727,SF,5,1,0.519,0.002,45.000,10.000,0.000,2,1,1_1,1_1_SF_3727,1_1_SF_3727_5,1_1_SF_3727_5
1,2023,1,3727,SF,6,1,0.148,0.001,60.000,10.000,0.000,2,1,1_1,1_1_SF_3727,1_1_SF_3727_6,1_1_SF_3727_6
1,2023,1,3727,SF,7,1,0.074,0.001,30.000,0.000,0.000,2,1,1_1,1_1_SF_3727,1_1_SF_3727_7,1_1_SF_3727_7
1,2023,1,3922,SF,10,1,1.000,0.050,50.000,0.000,0.000,2,1,1_1,1_1_SF_3922,1_1_SF_3922_10,1_1_SF_3922_10
1,2023,1,3922,SF,11,1,1.000,0.003,2.500,0.000,0.000,2,1,1_1,1_1_SF_3922,1_1_SF_3922_11,1_1_SF_3922_11
1,2023,1,3924,SF,2,1,1.000,1.000,1000.000,0.000,0.000,2,1,1_1,1_1_SF_3924,1_1_SF_3924_2,1_1_SF_3924_2
1,2023,1,3924,SF,3,1,1.000,0.018,100.000,0.000,0.000,2,1,1_1,1_1_SF_3924,1_1_SF_3924_3,1_1_SF_3924_3
1,2023,1,3677,SF,1,1,1.000,0.003,99.000,9.383,0.000,2,1,1_1,1_1_SF_3677,1_1_SF_3677_1,1_1_SF_3677_1
1,2023,1,3960,SF,7,1,0.786,0.037,115.000,0.000,0.000,2,1,1_1,1_1_SF_3960,1_1_SF_3960_7,1_1_SF_3960_7
1,2023,1,3874,SF,1,1,1.000,9.000,9000.000,0.000,0.000,2,1,1_1,1_1_SF_3874,1_1_SF_3874_1,1_1_SF_3874_1
1,2023,1,3790,SF,1,1,1.000,0.025,25.000,0.000,0.000,2,1,1_1,1_1_SF_3790,1_1_SF_3790_1,1_1_SF_3790_1
1,2023,1,3770,SF,1,1,1.000,0.009,41.000,0.000,0.000,2,1,1_1,1_1_SF_3770,1_1_SF_3770_1,1_1_SF_3770_1
1,2023,1,3874,SF,3,1,2.000,1.442,1000.000,0.000,0.000,2,1,1_1,1_1_SF_3874,1_1_SF_3874_3,1_1_SF_3874_3
1,2023,1,3942,SF,2,1,1.000,1.500,1500.000,0.000,0.000,2,1,1_1,1_1_SF_3942,1_1_SF_3942_2,1_1_SF_3942_2
1,2023,1,3942,SF,10,1,1.000,0.050,50.000,0.000,0.000,2,1,1_1,1_1_SF_3942,1_1_SF_3942_10,1_1_SF_3942_10
1,2023,1,3942,SF,11,1,1.000,0.050,50.000,0.000,0.000,2,1,1_1,1_1_SF_3942,1_1_SF_3942_11,1_1_SF_3942_11
1,2023,1,3942,SF,12,1,1.000,0.003,2.500,0.000,0.000,2,1,1_1,1_1_SF_3942,1_1_SF_3942_12,1_1_SF_3942_12
1,2023,1,3754,SF,1,1,4.000,1.502,280.000,0.000,0.000,2,1,1_1,1_1_SF_3754,1_1_SF_3754_1,1_1_SF_3754_1
1,2023,1,3754,SF,3,1,1.000,0.200,200.000,0.000,0.000,2,1,1_1,1_1_SF_3754,1_1_SF_3754_3,1_1_SF_3754_3
1,2023,1,3754,SF,4,1,1.000,0.000,0.250,0.000,0.000,2,1,1_1,1_1_SF_3754,1_1_SF_3754_4,1_1_SF_3754_4
1,2023,1,3789,SF,2,1,1.000,0.090,220.000,0.000,0.000,2,1,1_1,1_1_SF_3789,1_1_SF_3789_2,1_1_SF_3789_2
1,2023,1,3789,SF,3,1,2.000,0.211,290.000,0.000,0.000,2,1,1_1,1_1_SF_3789,1_1_SF_3789_3,1_1_SF_3789_3
1,2023,1,3956,SF,1,1,1.000,0.114,420.000,20.000,0.000,2,1,1_1,1_1_SF_3956,1_1_SF_3956_1,1_1_SF_3956_1
1,2023,1,3956,SF,2,1,10.417,0.207,98.000,15.000,0.000,2,1,1_1,1_1_SF_3956,1_1_SF_3956_2,1_1_SF_3956_2
1,2023,1,3956,SF,4,1,0.500,0.010,230.000,20.000,0.000,2,1,1_1,1_1_SF_3956,1_1_SF_3956_4,1_1_SF_3956_4
1,2023,1,3771,SF,1,1,1.000,0.059,81.000,0.000,0.000,2,1,1_1,1_1_SF_3771,1_1_SF_3771_1,1_1_SF_3771_1
1,2023,1,3695,SF,8,1,1.000,0.050,50.000,0.000,0.000,2,1,1_1,1_1_SF_3695,1_1_SF_3695_8,1_1_SF_3695_8
1,2023,1,3695,SF,9,1,1.000,0.050,50.000,0.000,0.000,2,1,1_1,1_1_SF_3695,1_1_SF_3695_9,1_1_SF_3695_9
1,2023,1,3695,SF,10,1,1.000,0.003,2.500,0.000,0.000,2,1,1_1,1_1_SF_3695,1_1_SF_3695_10,1_1_SF_3695_10
1,2023,1,3695,SF,11,1,1.000,0.005,60.000,20.000,0.000,2,1,1_1,1_1_SF_3695,1_1_SF_3695_11,1_1_SF_3695_11
1,2023,1,3805,SF,5,1,1.000,0.200,200.000,0.000,0.000,2,1,1_1,1_1_SF_3805,1_1_SF_3805_5,1_1_SF_3805_5
1,2023,1,3759,SF,1,1,0.333,0.188,210.000,0.000,0.000,2,1,1_1,1_1_SF_3759,1_1_SF_3759_1,1_1_SF_3759_1
1,2023,1,3759,SF,5,1,0.111,0.133,3300.000,0.000,0.000,2,1,1_1,1_1_SF_3759,1_1_SF_3759_5,1_1_SF_3759_5
1,2023,1,3759,SF,6,1,0.444,0.021,115.000,0.000,0.000,2,1,1_1,1_1_SF_3759,1_1_SF_3759_6,1_1_SF_3759_6
1,2023,1,3800,SF,11,1,1.000,0.050,50.000,0.000,0.000,2,1,1_1,1_1_SF_3800,1_1_SF_3800_11,1_1_SF_3800_11
1,2023,1,3800,SF,12,1,1.000,0.005,5.000,0.000,0.000,2,1,1_1,1_1_SF_3800,1_1_SF_3800_12,1_1_SF_3800_12
1,2023,1,3850,SF,2,1,1.000,3.000,3000.000,0.000,0.000,2,1,1_1,1_1_SF_3850,1_1_SF_3850_2,1_1_SF_3850_2
1,2023,1,3850,SF,5,1,2.000,0.102,320.000,20.000,0.000,2,1,1_1,1_1_SF_3850,1_1_SF_3850_5,1_1_SF_3850_5
1,2023,1,3850,SF,7,1,1.000,0.050,50.000,0.000,0.000,2,1,1_1,1_1_SF_3850,1_1_SF_3850_7,1_1_SF_3850_7
1,2023,1,3850,SF,8,1,1.000,0.050,50.000,0.000,0.000,2,1,1_1,1_1_SF_3850,1_1_SF_3850_8,1_1_SF_3850_8
1,2023,1,3802,SF,1,1,1.000,0.200,200.000,0.000,0.000,2,1,1_1,1_1_SF_3802,1_1_SF_3802_1,1_1_SF_3802_1
1,2023,1,3802,SF,2,1,1.000,0.166,166.000,0.000,0.000,2,1,1_1,1_1_SF_3802,1_1_SF_3802_2,1_1_SF_3802_2
1,2023,1,3850,SF,9,1,1.000,0.003,3.000,0.000,0.000,2,1,1_1,1_1_SF_3850,1_1_SF_3850_9,1_1_SF_3850_9
1,2023,1,3706,SF,1,1,1.000,0.030,30.000,0.000,0.000,2,1,1_1,1_1_SF_3706,1_1_SF_3706_1,1_1_SF_3706_1
1,2023,1,3706,SF,2,1,1.000,0.043,12.000,0.000,0.000,2,1,1_1,1_1_SF_3706,1_1_SF_3706_2,1_1_SF_3706_2
1,2023,1,3707,SF,1,1,1.000,0.032,32.000,0.000,0.000,2,1,1_1,1_1_SF_3707,1_1_SF_3707_1,1_1_SF_3707_1
1,2023,1,3851,SF,1,1,2.000,0.080,40.000,0.000,0.000,2,1,1_1,1_1_SF_3851,1_1_SF_3851_1,1_1_SF_3851_1
1,2023,1,3851,SF,2,1,1.000,1.584,1029.000,0.000,0.000,2,1,1_1,1_1_SF_3851,1_1_SF_3851_2,1_1_SF_3851_2
1,2023,1,3851,SF,3,1,15.000,0.106,125.000,0.000,0.000,2,1,1_1,1_1_SF_3851,1_1_SF_3851_3,1_1_SF_3851_3
1,2023,1,3851,SF,4,1,1.000,0.100,100.000,0.000,0.000,2,1,1_1,1_1_SF_3851,1_1_SF_3851_4,1_1_SF_3851_4
1,2023,1,3993,SF,1,1,1.000,8.000,8000.000,0.000,0.000,2,1,1_1,1_1_SF_3993,1_1_SF_3993_1,1_1_SF_3993_1
1,2023,1,3993,SF,3,1,1.000,0.080,80.000,0.000,0.000,2,1,1_1,1_1_SF_3993,1_1_SF_3993_3,1_1_SF_3993_3
1,2023,1,3993,SF,4,1,1.000,0.080,80.000,0.000,0.000,2,1,1_1,1_1_SF_3993,1_1_SF_3993_4,1_1_SF_3993_4
1,2023,1,3743,SF,1,1,1.000,0.306,673.000,84.000,0.000,2,1,1_1,1_1_SF_3743,1_1_SF_3743_1,1_1_SF_3743_1
1,2023,1,3744,SF,1,1,1.011,0.361,673.000,98.000,0.000,2,1,1_1,1_1_SF_3744,1_1_SF_3744_1,1_1_SF_3744_1
1,2023,1,3757,SF,1,1,1.000,0.196,170.000,170.000,0.000,2,1,1_1,1_1_SF_3757,1_1_SF_3757_1,1_1_SF_3757_1
1,2023,1,3707,SF,2,1,1.000,0.043,12.000,0.000,0.000,2,1,1_1,1_1_SF_3707,1_1_SF_3707_2,1_1_SF_3707_2
1,2023,1,3796,SF,1,1,58.000,0.776,86.000,17.240,0.000,2,1,1_1,1_1_SF_3796,1_1_SF_3796_1,1_1_SF_3796_1
1,2023,1,3851,SF,5,1,1.000,0.400,400.000,0.000,0.000,2,1,1_1,1_1_SF_3851,1_1_SF_3851_5,1_1_SF_3851_5
1,2023,1,3993,SF,5,1,1.000,0.004,4.000,0.000,0.000,2,1,1_1,1_1_SF_3993,1_1_SF_3993_5,1_1_SF_3993_5
1,2023,1,3918,SF,1,1,1.000,0.105,235.000,33.000,0.000,2,1,1_1,1_1_SF_3918,1_1_SF_3918_1,1_1_SF_3918_1
1,2023,1,3812,SF,1,1,1.000,0.335,250.000,0.000,0.000,2,1,1_1,1_1_SF_3812,1_1_SF_3812_1,1_1_SF_3812_1
1,2023,1,3812,SF,2,1,1.000,3.053,2100.000,0.000,0.000,2,1,1_1,1_1_SF_3812,1_1_SF_3812_2,1_1_SF_3812_2
1,2023,1,3812,SF,4,1,10.000,0.190,333.000,0.000,0.000,2,1,1_1,1_1_SF_3812,1_1_SF_3812_4,1_1_SF_3812_4
1,2023,1,3812,SF,5,1,10.000,0.165,130.000,0.000,0.000,2,1,1_1,1_1_SF_3812,1_1_SF_3812_5,1_1_SF_3812_5
1,2023,1,3795,SF,1,1,45.500,0.291,86.000,11.000,0.000,2,1,1_1,1_1_SF_3795,1_1_SF_3795_1,1_1_SF_3795_1
1,2023,1,3674,SF,1,1,1.014,0.104,795.000,19.000,0.000,2,1,1_1,1_1_SF_3674,1_1_SF_3674_1,1_1_SF_3674_1
1,2023,1,3675,SF,1,1,1.063,0.126,795.000,22.000,0.000,2,1,1_1,1_1_SF_3675,1_1_SF_3675_1,1_1_SF_3675_1
1,2023,1,3676,SF,1,1,1.063,0.126,795.000,22.000,0.000,2,1,1_1,1_1_SF_3676,1_1_SF_3676_1,1_1_SF_3676_1
1,2023,1,3799,SF,1,1,1.000,4.000,4000.000,0.000,0.000,2,1,1_1,1_1_SF_3799,1_1_SF_3799_1,1_1_SF_3799_1
1,2023,1,3799,SF,7,1,1.000,0.080,80.000,0.000,0.000,2,1,1_1,1_1_SF_3799,1_1_SF_3799_7,1_1_SF_3799_7
1,2023,1,3799,SF,8,1,1.000,0.080,80.000,0.000,0.000,2,1,1_1,1_1_SF_3799,1_1_SF_3799_8,1_1_SF_3799_8
1,2023,1,3799,SF,9,1,1.000,0.004,4.000,0.000,0.000,2,1,1_1,1_1_SF_3799,1_1_SF_3799_9,1_1_SF_3799_9
1,2023,1,3801,SF,1,1,1.000,10.000,10000.000,0.000,0.000,2,1,1_1,1_1_SF_3801,1_1_SF_3801_1,1_1_SF_3801_1
1,2023,1,3801,SF,7,1,1.000,0.080,80.000,0.000,0.000,2,1,1_1,1_1_SF_3801,1_1_SF_3801_7,1_1_SF_3801_7
1,2023,1,3801,SF,8,1,1.000,0.080,80.000,0.000,0.000,2,1,1_1,1_1_SF_3801,1_1_SF_3801_8,1_1_SF_3801_8
1,2023,1,3801,SF,9,1,1.000,0.004,4.000,0.000,0.000,2,1,1_1,1_1_SF_3801,1_1_SF_3801_9,1_1_SF_3801_9
1,2023,1,3792,SF,1,1,1.002,0.033,33.000,0.000,0.000,2,1,1_1,1_1_SF_3792,1_1_SF_3792_1,1_1_SF_3792_1
1,2023,1,3814,SF,4,1,1.000,3.000,3000.000,0.000,0.000,2,1,1_1,1_1_SF_3814,1_1_SF_3814_4,1_1_SF_3814_4
1,2023,1,3814,SF,8,1,1.000,0.060,60.000,0.000,0.000,2,1,1_1,1_1_SF_3814,1_1_SF_3814_8,1_1_SF_3814_8
1,2023,1,3814,SF,9,1,1.000,0.050,50.000,0.000,0.000,2,1,1_1,1_1_SF_3814,1_1_SF_3814_9,1_1_SF_3814_9
1,2023,1,3814,SF,10,1,1.000,0.050,50.000,0.000,0.000,2,1,1_1,1_1_SF_3814,1_1_SF_3814_10,1_1_SF_3814_10
1,2023,1,3814,SF,11,1,1.000,0.003,2.500,0.000,0.000,2,1,1_1,1_1_SF_3814,1_1_SF_3814_11,1_1_SF_3814_11
1,2023,1,3815,SF,1,1,1.000,3.000,3000.000,0.000,0.000,2,1,1_1,1_1_SF_3815,1_1_SF_3815_1,1_1_SF_3815_1
1,2023,1,3815,SF,4,1,1.000,0.148,148.000,0.000,0.000,2,1,1_1,1_1_SF_3815,1_1_SF_3815_4,1_1_SF_3815_4
1,2023,1,3815,SF,5,1,1.000,0.148,148.000,0.000,0.000,2,1,1_1,1_1_SF_3815,1_1_SF_3815_5,1_1_SF_3815_5
1,2023,1,3815,SF,6,1,1.000,0.008,7.500,0.000,0.000,2,1,1_1,1_1_SF_3815,1_1_SF_3815_6,1_1_SF_3815_6
1,2023,1,3816,SF,1,1,1.000,0.009,1000.000,0.000,0.000,2,1,1_1,1_1_SF_3816,1_1_SF_3816_1,1_1_SF_3816_1
1,2023,1,3866,SF,1,1,1.021,0.121,795.000,22.000,0.000,2,1,1_1,1_1_SF_3866,1_1_SF_3866_1,1_1_SF_3866_1
1,2023,1,3861,SF,1,1,1.000,0.017,230.000,8.000,0.000,2,1,1_1,1_1_SF_3861,1_1_SF_3861_1,1_1_SF_3861_1
1,2023,1,3861,SF,2,1,1.000,0.008,183.000,5.000,0.000,2,1,1_1,1_1_SF_3861,1_1_SF_3861_2,1_1_SF_3861_2
1,2023,1,3819,SF,1,1,1.000,0.022,22.000,0.000,0.000,2,1,1_1,1_1_SF_3819,1_1_SF_3819_1,1_1_SF_3819_1
1,2023,1,3821,EF,1,1,1.000,0.000,25001.000,0.000,0.000,2,1,1_1,1_1_EF_3821,1_1_EF_3821_1,1_1_EF_3821_1
1,2023,1,3867,SF,1,1,1.063,0.137,795.000,24.000,0.000,2,1,1_1,1_1_SF_3867,1_1_SF_3867_1,1_1_SF_3867_1
1,2023,1,3868,SF,1,1,1.063,0.137,795.000,24.000,0.000,2,1,1_1,1_1_SF_3868,1_1_SF_3868_1,1_1_SF_3868_1
1,2023,1,3827,SF,2,1,1.000,0.000,0.000,0.000,0.000,2,1,1_1,1_1_SF_3827,1_1_SF_3827_2,1_1_SF_3827_2
1,2023,1,3827,SF,3,1,1.000,0.000,0.000,0.000,0.000,2,1,1_1,1_1_SF_3827,1_1_SF_3827_3,1_1_SF_3827_3
1,2023,1,3827,SF,5,1,7.000,0.000,0.000,0.000,0.000,2,1,1_1,1_1_SF_3827,1_1_SF_3827_5,1_1_SF_3827_5
1,2023,1,3956,SF,5,1,0.083,0.018,50.000,0.000,0.000,2,1,1_1,1_1_SF_3956,1_1_SF_3956_5,1_1_SF_3956_5
1,2023,1,3943,SF,2,1,1.000,0.237,325.000,0.000,0.000,2,1,1_1,1_1_SF_3943,1_1_SF_3943_2,1_1_SF_3943_2
1,2023,1,3943,SF,6,1,1.000,0.118,325.000,0.000,0.000,2,1,1_1,1_1_SF_3943,1_1_SF_3943_6,1_1_SF_3943_6
1,2023,1,3832,SF,2,1,1.000,0.000,0.000,0.000,0.000,2,1,1_1,1_1_SF_3832,1_1_SF_3832_2,1_1_SF_3832_2
1,2023,1,3832,SF,3,1,1.000,0.000,0.000,0.000,0.000,2,1,1_1,1_1_SF_3832,1_1_SF_3832_3,1_1_SF_3832_3
1,2023,1,3832,SF,7,1,7.000,0.000,0.000,0.000,0.000,2,1,1_1,1_1_SF_3832,1_1_SF_3832_7,1_1_SF_3832_7
1,2023,1,3979,SF,3,1,1.000,5.000,5000.000,0.000,0.000,2,1,1_1,1_1_SF_3979,1_1_SF_3979_3,1_1_SF_3979_3
1,2023,1,3979,SF,10,1,1.000,0.050,50.000,0.000,0.000,2,1,1_1,1_1_SF_3979,1_1_SF_3979_10,1_1_SF_3979_10
1,2023,1,3662,SF,1,1,1.000,0.005,72.000,10.000,0.000,2,1,1_1,1_1_SF_3662,1_1_SF_3662_1,1_1_SF_3662_1
1,2023,1,3883,SF,2,1,1.000,0.010,180.000,0.000,0.000,2,1,1_1,1_1_SF_3883,1_1_SF_3883_2,1_1_SF_3883_2
1,2023,1,4001,SF,1,1,1.000,0.050,70.000,0.000,0.000,2,1,1_1,1_1_SF_4001,1_1_SF_4001_1,1_1_SF_4001_1
1,2023,1,3721,SF,1,1,1.000,0.003,99.000,9.372,0.000,2,1,1_1,1_1_SF_3721,1_1_SF_3721_1,1_1_SF_3721_1
1,2023,1,3884,SF,2,1,1.000,6.000,6000.000,0.000,0.000,2,1,1_1,1_1_SF_3884,1_1_SF_3884_2,1_1_SF_3884_2
1,2023,1,3884,SF,3,1,1.000,1.500,1500.000,0.000,0.000,2,1,1_1,1_1_SF_3884,1_1_SF_3884_3,1_1_SF_3884_3
1,2023,1,3884,SF,10,1,1.000,0.050,50.000,0.000,0.000,2,1,1_1,1_1_SF_3884,1_1_SF_3884_10,1_1_SF_3884_10
1,2023,1,3884,SF,11,1,1.000,0.050,50.000,0.000,0.000,2,1,1_1,1_1_SF_3884,1_1_SF_3884_11,1_1_SF_3884_11
1,2023,1,3884,SF,12,1,1.000,0.005,5.000,0.000,0.000,2,1,1_1,1_1_SF_3884,1_1_SF_3884_12,1_1_SF_3884_12
1,2023,1,3944,SF,6,1,1.000,0.237,325.000,0.000,0.000,2,1,1_1,1_1_SF_3944,1_1_SF_3944_6,1_1_SF_3944_6
1,2023,1,3944,SF,7,1,1.000,0.118,325.000,0.000,0.000,2,1,1_1,1_1_SF_3944,1_1_SF_3944_7,1_1_SF_3944_7
1,2023,1,3886,SF,1,1,1.000,3.000,3000.000,0.000,0.000,2,1,1_1,1_1_SF_3886,1_1_SF_3886_1,1_1_SF_3886_1
1,2023,1,3886,SF,8,1,1.000,0.080,80.000,0.000,0.000,2,1,1_1,1_1_SF_3886,1_1_SF_3886_8,1_1_SF_3886_8
1,2023,1,3979,SF,11,1,1.000,0.050,50.000,0.000,0.000,2,1,1_1,1_1_SF_3979,1_1_SF_3979_11,1_1_SF_3979_11
1,2023,1,3838,SF,1,1,1.000,0.200,200.000,0.000,0.000,2,1,1_1,1_1_SF_3838,1_1_SF_3838_1,1_1_SF_3838_1
1,2023,1,3838,SF,2,1,1.000,0.250,250.000,0.000,0.000,2,1,1_1,1_1_SF_3838,1_1_SF_3838_2,1_1_SF_3838_2
1,2023,1,4001,SF,2,1,1.000,0.036,50.000,0.000,0.000,2,1,1_1,1_1_SF_4001,1_1_SF_4001_2,1_1_SF_4001_2
1,2023,1,4001,SF,3,1,2.000,0.004,20.000,10.000,0.000,2,1,1_1,1_1_SF_4001,1_1_SF_4001_3,1_1_SF_4001_3
1,2023,1,4003,SF,11,1,1.000,0.004,4.000,0.000,0.000,2,1,1_1,1_1_SF_4003,1_1_SF_4003_11,1_1_SF_4003_11
1,2023,1,3578,SF,8,1,610.000,5.551,1000.000,0.000,0.000,2,1,1_1,1_1_SF_3578,1_1_SF_3578_8,1_1_SF_3578_8
1,2023,1,4053,SF,1,1,1.100,0.009,30.000,20.000,0.000,2,1,1_1,1_1_SF_4053,1_1_SF_4053_1,1_1_SF_4053_1
1,2023,1,3869,SF,1,1,1.000,0.003,100.000,9.788,0.000,2,1,1_1,1_1_SF_3869,1_1_SF_3869_1,1_1_SF_3869_1
1,2023,1,4058,EF,1,1,1.000,0.000,14181.000,0.000,0.000,2,1,1_1,1_1_EF_4058,1_1_EF_4058_1,1_1_EF_4058_1
1,2023,1,3840,SF,1,1,1.000,6.000,6000.000,0.000,0.000,2,1,1_1,1_1_SF_3840,1_1_SF_3840_1,1_1_SF_3840_1
1,2023,1,3840,SF,3,1,2.000,1.353,1000.000,30.000,0.000,2,1,1_1,1_1_SF_3840,1_1_SF_3840_3,1_1_SF_3840_3
1,2023,1,3841,SF,2,1,1.000,5.000,5000.000,0.000,0.000,2,1,1_1,1_1_SF_3841,1_1_SF_3841_2,1_1_SF_3841_2
1,2023,1,3841,SF,9,1,1.000,0.050,50.000,0.000,0.000,2,1,1_1,1_1_SF_3841,1_1_SF_3841_9,1_1_SF_3841_9
1,2023,1,3841,SF,10,1,1.000,0.050,50.000,0.000,0.000,2,1,1_1,1_1_SF_3841,1_1_SF_3841_10,1_1_SF_3841_10
1,2023,1,3841,SF,11,1,1.000,0.003,2.500,0.000,0.000,2,1,1_1,1_1_SF_3841,1_1_SF_3841_11,1_1_SF_3841_11
1,2023,1,3842,SF,2,1,1.000,4.300,4300.000,0.000,0.000,2,1,1_1,1_1_SF_3842,1_1_SF_3842_2,1_1_SF_3842_2
1,2023,1,3842,SF,3,1,1.000,5.000,5000.000,0.000,0.000,2,1,1_1,1_1_SF_3842,1_1_SF_3842_3,1_1_SF_3842_3
1,2023,1,3842,SF,10,1,1.000,0.050,50.000,0.000,0.000,2,1,1_1,1_1_SF_3842,1_1_SF_3842_10,1_1_SF_3842_10
1,2023,1,3842,SF,11,1,1.000,0.050,50.000,0.000,0.000,2,1,1_1,1_1_SF_3842,1_1_SF_3842_11,1_1_SF_3842_11
1,2023,1,3842,SF,12,1,1.000,0.005,5.000,0.000,0.000,2,1,1_1,1_1_SF_3842,1_1_SF_3842_12,1_1_SF_3842_12
1,2023,1,3905,SF,4,1,1.000,0.005,15.000,0.000,0.000,2,1,1_1,1_1_SF_3905,1_1_SF_3905_4,1_1_SF_3905_4
1,2023,1,3880,SF,1,1,1.000,0.015,15.000,0.000,0.000,2,1,1_1,1_1_SF_3880,1_1_SF_3880_1,1_1_SF_3880_1
1,2023,1,3845,SF,1,1,1.000,12.000,12000.000,0.000,0.000,2,1,1_1,1_1_SF_3845,1_1_SF_3845_1,1_1_SF_3845_1
1,2023,1,3845,SF,2,1,1.000,0.030,30.000,0.000,0.000,2,1,1_1,1_1_SF_3845,1_1_SF_3845_2,1_1_SF_3845_2
1,2023,1,3845,SF,3,1,2.000,0.353,490.000,15.000,0.000,2,1,1_1,1_1_SF_3845,1_1_SF_3845_3,1_1_SF_3845_3
1,2023,1,3851,SF,6,1,15.000,1.275,85.000,0.000,0.000,2,1,1_1,1_1_SF_3851,1_1_SF_3851_6,1_1_SF_3851_6
1,2023,1,3852,SF,1,1,2.000,0.849,190.000,0.000,0.000,2,1,1_1,1_1_SF_3852,1_1_SF_3852_1,1_1_SF_3852_1
1,2023,1,3852,SF,2,1,2.000,0.823,210.000,0.000,0.000,2,1,1_1,1_1_SF_3852,1_1_SF_3852_2,1_1_SF_3852_2
1,2023,1,3788,SF,1,1,2.000,0.046,170.000,20.000,0.000,2,1,1_1,1_1_SF_3788,1_1_SF_3788_1,1_1_SF_3788_1
1,2023,1,3788,SF,2,1,2.000,0.349,65.000,0.000,0.000,2,1,1_1,1_1_SF_3788,1_1_SF_3788_2,1_1_SF_3788_2
1,2023,1,3806,SF,2,1,1.000,0.090,220.000,0.000,0.000,2,1,1_1,1_1_SF_3806,1_1_SF_3806_2,1_1_SF_3806_2
1,2023,1,3806,SF,3,1,2.235,0.266,290.000,0.000,0.000,2,1,1_1,1_1_SF_3806,1_1_SF_3806_3,1_1_SF_3806_3
1,2023,1,3806,SF,4,1,0.529,0.012,70.000,70.000,0.000,2,1,1_1,1_1_SF_3806,1_1_SF_3806_4,1_1_SF_3806_4
1,2023,1,3806,SF,5,1,0.118,0.000,80.000,10.000,0.000,2,1,1_1,1_1_SF_3806,1_1_SF_3806_5,1_1_SF_3806_5
1,2023,1,3806,SF,6,1,1.353,0.006,50.000,20.000,0.000,2,1,1_1,1_1_SF_3806,1_1_SF_3806_6,1_1_SF_3806_6
1,2023,1,3806,SF,7,1,0.029,0.001,80.000,70.000,0.000,2,1,1_1,1_1_SF_3806,1_1_SF_3806_7,1_1_SF_3806_7
1,2023,1,3669,SF,1,1,1.000,0.004,110.000,10.231,0.000,2,1,1_1,1_1_SF_3669,1_1_SF_3669_1,1_1_SF_3669_1
1,2023,1,3835,SF,1,1,1.000,0.010,50.000,43.307,0.000,2,1,1_1,1_1_SF_3835,1_1_SF_3835_1,1_1_SF_3835_1
1,2023,1,3876,SF,3,1,1.000,0.050,50.000,0.000,0.000,2,1,1_1,1_1_SF_3876,1_1_SF_3876_3,1_1_SF_3876_3
1,2023,1,3886,SF,9,1,1.000,0.080,80.000,0.000,0.000,2,1,1_1,1_1_SF_3886,1_1_SF_3886_9,1_1_SF_3886_9
1,2023,1,3894,SF,6,1,0.333,0.016,115.000,0.000,0.000,2,1,1_1,1_1_SF_3894,1_1_SF_3894_6,1_1_SF_3894_6
1,2023,1,3904,SF,1,1,1.000,0.005,13.000,0.000,0.000,2,1,1_1,1_1_SF_3904,1_1_SF_3904_1,1_1_SF_3904_1
1,2023,1,3906,SF,1,1,1.000,0.294,248.000,175.000,0.000,2,1,1_1,1_1_SF_3906,1_1_SF_3906_1,1_1_SF_3906_1
1,2023,1,3808,SF,2,1,1.080,0.009,8.000,0.000,0.000,2,1,1_1,1_1_SF_3808,1_1_SF_3808_2,1_1_SF_3808_2
1,2023,1,3808,SF,3,1,1.080,0.005,4.800,0.000,0.000,2,1,1_1,1_1_SF_3808,1_1_SF_3808_3,1_1_SF_3808_3
1,2023,1,3808,SF,4,1,1.080,0.000,0.300,0.000,0.000,2,1,1_1,1_1_SF_3808,1_1_SF_3808_4,1_1_SF_3808_4
1,2023,1,3907,SF,1,1,1.000,0.360,220.000,0.000,0.000,2,1,1_1,1_1_SF_3907,1_1_SF_3907_1,1_1_SF_3907_1
1,2023,1,3852,SF,3,1,1.000,2.159,440.000,0.000,0.000,2,1,1_1,1_1_SF_3852,1_1_SF_3852_3,1_1_SF_3852_3
1,2023,1,3852,SF,4,1,1.000,9.324,1295.000,0.000,0.000,2,1,1_1,1_1_SF_3852,1_1_SF_3852_4,1_1_SF_3852_4
1,2023,1,3852,SF,5,1,18.000,7.736,215.000,0.000,0.000,2,1,1_1,1_1_SF_3852,1_1_SF_3852_5,1_1_SF_3852_5
1,2023,1,3852,SF,6,1,1.000,0.250,250.000,0.000,0.000,2,1,1_1,1_1_SF_3852,1_1_SF_3852_6,1_1_SF_3852_6
1,2023,1,3852,SF,7,1,1.000,1.500,1500.000,0.000,0.000,2,1,1_1,1_1_SF_3852,1_1_SF_3852_7,1_1_SF_3852_7
1,2023,1,3852,SF,8,1,36.000,2.160,60.000,0.000,0.000,2,1,1_1,1_1_SF_3852,1_1_SF_3852_8,1_1_SF_3852_8
1,2023,1,3853,SF,1,1,1.000,0.425,190.000,0.000,0.000,2,1,1_1,1_1_SF_3853,1_1_SF_3853_1,1_1_SF_3853_1
1,2023,1,3853,SF,2,1,1.000,0.412,210.000,0.000,0.000,2,1,1_1,1_1_SF_3853,1_1_SF_3853_2,1_1_SF_3853_2
1,2023,1,3853,SF,3,1,1.000,0.736,150.000,0.000,0.000,2,1,1_1,1_1_SF_3853,1_1_SF_3853_3,1_1_SF_3853_3
1,2023,1,3853,SF,4,1,1.000,6.378,1300.000,0.000,0.000,2,1,1_1,1_1_SF_3853,1_1_SF_3853_4,1_1_SF_3853_4
1,2023,1,3853,SF,5,1,18.000,3.418,95.000,0.000,0.000,2,1,1_1,1_1_SF_3853,1_1_SF_3853_5,1_1_SF_3853_5
1,2023,1,3853,SF,6,1,1.000,0.200,200.000,0.000,0.000,2,1,1_1,1_1_SF_3853,1_1_SF_3853_6,1_1_SF_3853_6
1,2023,1,3853,SF,7,1,1.000,1.000,1000.000,0.000,0.000,2,1,1_1,1_1_SF_3853,1_1_SF_3853_7,1_1_SF_3853_7
1,2023,1,3853,SF,8,1,18.000,1.080,60.000,0.000,0.000,2,1,1_1,1_1_SF_3853,1_1_SF_3853_8,1_1_SF_3853_8
1,2023,1,3876,SF,4,1,1.000,0.050,50.000,0.000,0.000,2,1,1_1,1_1_SF_3876,1_1_SF_3876_4,1_1_SF_3876_4
1,2023,1,3855,SF,2,1,1.000,3.500,3500.000,0.000,0.000,2,1,1_1,1_1_SF_3855,1_1_SF_3855_2,1_1_SF_3855_2
1,2023,1,3855,SF,3,1,1.000,5.000,5000.000,0.000,0.000,2,1,1_1,1_1_SF_3855,1_1_SF_3855_3,1_1_SF_3855_3
1,2023,1,3855,SF,10,1,1.000,0.050,50.000,0.000,0.000,2,1,1_1,1_1_SF_3855,1_1_SF_3855_10,1_1_SF_3855_10
1,2023,1,3855,SF,11,1,1.000,0.050,50.000,0.000,0.000,2,1,1_1,1_1_SF_3855,1_1_SF_3855_11,1_1_SF_3855_11
1,2023,1,3855,SF,12,1,1.000,0.003,2.500,0.000,0.000,2,1,1_1,1_1_SF_3855,1_1_SF_3855_12,1_1_SF_3855_12
1,2023,1,3908,SF,2,1,1.000,0.005,15.000,0.000,0.000,2,1,1_1,1_1_SF_3908,1_1_SF_3908_2,1_1_SF_3908_2
1,2023,1,3892,EF,1,1,1.000,0.000,16768.000,0.000,0.000,2,1,1_1,1_1_EF_3892,1_1_EF_3892_1,1_1_EF_3892_1
1,2023,1,3858,SF,1,1,2.000,0.874,1200.000,0.000,0.000,2,1,1_1,1_1_SF_3858,1_1_SF_3858_1,1_1_SF_3858_1
1,2023,1,3909,SF,1,1,1.000,0.254,235.000,160.000,0.000,2,1,1_1,1_1_SF_3909,1_1_SF_3909_1,1_1_SF_3909_1
1,2023,1,3910,SF,1,1,1.000,0.368,225.000,0.000,0.000,2,1,1_1,1_1_SF_3910,1_1_SF_3910_1,1_1_SF_3910_1
1,2023,1,3870,SF,2,1,1.000,0.447,200.000,0.000,0.000,2,1,1_1,1_1_SF_3870,1_1_SF_3870_2,1_1_SF_3870_2
1,2023,1,3870,SF,4,1,1.000,0.200,200.000,0.000,0.000,2,1,1_1,1_1_SF_3870,1_1_SF_3870_4,1_1_SF_3870_4
1,2023,1,3870,SF,5,1,1.000,0.200,200.000,0.000,0.000,2,1,1_1,1_1_SF_3870,1_1_SF_3870_5,1_1_SF_3870_5
1,2023,1,3912,SF,1,1,1.000,0.244,230.000,157.000,0.000,2,1,1_1,1_1_SF_3912,1_1_SF_3912_1,1_1_SF_3912_1
1,2023,1,3875,SF,1,1,1.000,9.000,9000.000,0.000,0.000,2,1,1_1,1_1_SF_3875,1_1_SF_3875_1,1_1_SF_3875_1
1,2023,1,3875,SF,3,1,2.000,1.442,1000.000,0.000,0.000,2,1,1_1,1_1_SF_3875,1_1_SF_3875_3,1_1_SF_3875_3
1,2023,1,3766,SF,1,1,1.000,0.009,99.000,17.244,0.000,2,1,1_1,1_1_SF_3766,1_1_SF_3766_1,1_1_SF_3766_1
1,2023,1,3810,SF,1,1,1.000,0.003,100.000,9.560,0.000,2,1,1_1,1_1_SF_3810,1_1_SF_3810_1,1_1_SF_3810_1
1,2023,1,3876,SF,5,1,1.000,0.003,2.500,0.000,0.000,2,1,1_1,1_1_SF_3876,1_1_SF_3876_5,1_1_SF_3876_5
1,2023,1,3856,SF,1,1,1.000,0.044,115.000,85.750,0.000,2,1,1_1,1_1_SF_3856,1_1_SF_3856_1,1_1_SF_3856_1
1,2023,1,3720,SF,1,1,1.063,0.126,795.000,22.000,0.000,2,1,1_1,1_1_SF_3720,1_1_SF_3720_1,1_1_SF_3720_1
1,2023,1,3798,SF,2,1,2.000,0.345,110.000,0.000,0.000,2,1,1_1,1_1_SF_3798,1_1_SF_3798_2,1_1_SF_3798_2
1,2023,1,3798,SF,4,1,6.000,0.926,250.000,0.000,0.000,2,1,1_1,1_1_SF_3798,1_1_SF_3798_4,1_1_SF_3798_4
1,2023,1,3798,SF,5,1,60.000,3.278,245.000,0.000,0.000,2,1,1_1,1_1_SF_3798,1_1_SF_3798_5,1_1_SF_3798_5
1,2023,1,3798,SF,6,1,6.000,12.844,1391.000,0.000,0.000,2,1,1_1,1_1_SF_3798,1_1_SF_3798_6,1_1_SF_3798_6
1,2023,1,3798,SF,7,1,1.000,2.322,984.000,0.000,0.000,2,1,1_1,1_1_SF_3798,1_1_SF_3798_7,1_1_SF_3798_7
1,2023,1,3798,SF,9,1,60.000,5.400,90.000,0.000,0.000,2,1,1_1,1_1_SF_3798,1_1_SF_3798_9,1_1_SF_3798_9
1,2023,1,3847,SF,3,1,2.000,0.334,713.000,13.000,0.000,2,1,1_1,1_1_SF_3847,1_1_SF_3847_3,1_1_SF_3847_3
1,2023,1,3847,SF,4,1,1.000,0.180,200.000,200.000,0.000,2,1,1_1,1_1_SF_3847,1_1_SF_3847_4,1_1_SF_3847_4
1,2023,1,3896,SF,1,1,1.000,0.118,795.000,22.000,0.000,2,1,1_1,1_1_SF_3896,1_1_SF_3896_1,1_1_SF_3896_1
1,2023,1,3914,SF,3,1,1.000,0.005,15.000,0.000,0.000,2,1,1_1,1_1_SF_3914,1_1_SF_3914_3,1_1_SF_3914_3
1,2023,1,3818,SF,1,1,1.000,0.021,230.000,10.000,0.000,2,1,1_1,1_1_SF_3818,1_1_SF_3818_1,1_1_SF_3818_1
1,2023,1,3818,SF,2,1,1.000,0.009,190.000,5.000,0.000,2,1,1_1,1_1_SF_3818,1_1_SF_3818_2,1_1_SF_3818_2
1,2023,1,3916,SF,1,1,1.000,0.368,225.000,0.000,0.000,2,1,1_1,1_1_SF_3916,1_1_SF_3916_1,1_1_SF_3916_1
1,2023,1,3859,SF,1,1,1.000,0.021,233.000,10.000,0.000,2,1,1_1,1_1_SF_3859,1_1_SF_3859_1,1_1_SF_3859_1
1,2023,1,3859,SF,2,1,1.000,0.006,52.000,6.000,0.000,2,1,1_1,1_1_SF_3859,1_1_SF_3859_2,1_1_SF_3859_2
1,2023,1,3889,SF,1,1,0.500,0.001,5.000,0.000,0.000,2,1,1_1,1_1_SF_3889,1_1_SF_3889_1,1_1_SF_3889_1
1,2023,1,3798,SF,10,1,1.000,1.000,1000.000,0.000,0.000,2,1,1_1,1_1_SF_3798,1_1_SF_3798_10,1_1_SF_3798_10
1,2023,1,3872,SF,1,1,1.000,0.147,181.000,120.000,0.000,2,1,1_1,1_1_SF_3872,1_1_SF_3872_1,1_1_SF_3872_1
1,2023,1,3873,SF,1,1,1.000,0.147,181.000,120.000,0.000,2,1,1_1,1_1_SF_3873,1_1_SF_3873_1,1_1_SF_3873_1
1,2023,1,4039,SF,1,1,1.000,0.012,16.000,0.000,0.000,2,1,1_1,1_1_SF_4039,1_1_SF_4039_1,1_1_SF_4039_1
1,2023,1,3893,SF,1,1,1.000,0.843,580.000,0.000,0.000,2,1,1_1,1_1_SF_3893,1_1_SF_3893_1,1_1_SF_3893_1
1,2023,1,3844,SF,1,1,1.118,0.129,115.000,0.000,0.000,2,1,1_1,1_1_SF_3844,1_1_SF_3844_1,1_1_SF_3844_1
1,2023,1,3893,SF,2,1,1.000,0.098,110.000,0.000,0.000,2,1,1_1,1_1_SF_3893,1_1_SF_3893_2,1_1_SF_3893_2
1,2023,1,3911,SF,2,1,1.000,0.005,14.000,0.000,0.000,2,1,1_1,1_1_SF_3911,1_1_SF_3911_2,1_1_SF_3911_2
1,2023,1,3913,SF,1,1,1.000,0.368,225.000,0.000,0.000,2,1,1_1,1_1_SF_3913,1_1_SF_3913_1,1_1_SF_3913_1
1,2023,1,3981,SF,1,1,1.007,0.020,39.220,115.000,0.000,2,1,1_1,1_1_SF_3981,1_1_SF_3981_1,1_1_SF_3981_1
1,2023,1,3864,SF,1,1,1.063,0.126,795.000,22.000,0.000,2,1,1_1,1_1_SF_3864,1_1_SF_3864_1,1_1_SF_3864_1
1,2023,1,3836,SF,1,1,1.000,0.249,346.000,0.000,0.000,2,1,1_1,1_1_SF_3836,1_1_SF_3836_1,1_1_SF_3836_1
1,2023,1,3839,SF,5,1,4.000,0.226,155.000,0.000,0.000,2,1,1_1,1_1_SF_3839,1_1_SF_3839_5,1_1_SF_3839_5
1,2023,1,3984,SF,1,1,1.000,3.053,2150.000,0.000,0.000,2,1,1_1,1_1_SF_3984,1_1_SF_3984_1,1_1_SF_3984_1
1,2023,1,3578,SF,9,1,4.000,0.168,3000.000,0.000,0.000,2,1,1_1,1_1_SF_3578,1_1_SF_3578_9,1_1_SF_3578_9
1,2023,1,3975,SF,1,1,1.000,2.000,2000.000,0.000,0.000,2,1,1_1,1_1_SF_3975,1_1_SF_3975_1,1_1_SF_3975_1
1,2023,1,3899,SF,2,1,1.000,4.300,4300.000,0.000,0.000,2,1,1_1,1_1_SF_3899,1_1_SF_3899_2,1_1_SF_3899_2
1,2023,1,3899,SF,3,1,1.000,5.000,5000.000,0.000,0.000,2,1,1_1,1_1_SF_3899,1_1_SF_3899_3,1_1_SF_3899_3
1,2023,1,3899,SF,10,1,1.000,0.050,50.000,0.000,0.000,2,1,1_1,1_1_SF_3899,1_1_SF_3899_10,1_1_SF_3899_10
1,2023,1,3899,SF,11,1,1.000,0.050,50.000,0.000,0.000,2,1,1_1,1_1_SF_3899,1_1_SF_3899_11,1_1_SF_3899_11
1,2023,1,3899,SF,12,1,1.000,0.005,5.000,0.000,0.000,2,1,1_1,1_1_SF_3899,1_1_SF_3899_12,1_1_SF_3899_12
1,2023,1,3854,SF,1,1,1.010,0.101,100.000,0.000,0.000,2,1,1_1,1_1_SF_3854,1_1_SF_3854_1,1_1_SF_3854_1
1,2023,1,3860,SF,1,1,0.978,0.013,97.000,15.000,0.000,2,1,1_1,1_1_SF_3860,1_1_SF_3860_1,1_1_SF_3860_1
1,2023,1,3719,SF,1,1,1.063,0.126,795.000,22.000,0.000,2,1,1_1,1_1_SF_3719,1_1_SF_3719_1,1_1_SF_3719_1
1,2023,1,3712,SF,1,1,1.104,0.619,734.000,141.000,0.000,2,1,1_1,1_1_SF_3712,1_1_SF_3712_1,1_1_SF_3712_1
1,2023,1,3718,SF,1,1,1.007,0.103,795.000,19.000,0.000,2,1,1_1,1_1_SF_3718,1_1_SF_3718_1,1_1_SF_3718_1
1,2023,1,3798,SF,11,1,1.000,0.500,500.000,0.000,0.000,2,1,1_1,1_1_SF_3798,1_1_SF_3798_11,1_1_SF_3798_11
1,2023,1,3798,SF,13,1,2.000,1.792,280.000,0.000,0.000,2,1,1_1,1_1_SF_3798,1_1_SF_3798_13,1_1_SF_3798_13
1,2023,1,3798,SF,14,1,2.000,0.896,140.000,0.000,0.000,2,1,1_1,1_1_SF_3798,1_1_SF_3798_14,1_1_SF_3798_14
1,2023,1,3798,SF,15,1,2.000,0.042,40.000,0.000,0.000,2,1,1_1,1_1_SF_3798,1_1_SF_3798_15,1_1_SF_3798_15
1,2023,1,3798,SF,16,1,2.000,0.375,105.000,0.000,0.000,2,1,1_1,1_1_SF_3798,1_1_SF_3798_16,1_1_SF_3798_16
1,2023,1,3798,SF,19,1,3.000,1.814,980.000,0.000,0.000,2,1,1_1,1_1_SF_3798,1_1_SF_3798_19,1_1_SF_3798_19
1,2023,1,3798,SF,20,1,1.000,3.090,984.000,0.000,0.000,2,1,1_1,1_1_SF_3798,1_1_SF_3798_20,1_1_SF_3798_20
1,2023,1,3798,SF,21,1,2.000,0.710,113.000,0.000,0.000,2,1,1_1,1_1_SF_3798,1_1_SF_3798_21,1_1_SF_3798_21
1,2023,1,3798,SF,22,1,6.000,12.482,1325.000,0.000,0.000,2,1,1_1,1_1_SF_3798,1_1_SF_3798_22,1_1_SF_3798_22
1,2023,1,3798,SF,26,1,1.000,1.500,1500.000,0.000,0.000,2,1,1_1,1_1_SF_3798,1_1_SF_3798_26,1_1_SF_3798_26
1,2023,1,3798,SF,27,1,1.000,0.500,500.000,0.000,0.000,2,1,1_1,1_1_SF_3798,1_1_SF_3798_27,1_1_SF_3798_27
1,2023,1,3798,SF,28,1,0.500,8.800,17600.000,0.000,0.000,2,1,1_1,1_1_SF_3798,1_1_SF_3798_28,1_1_SF_3798_28
1,2023,1,3798,SF,29,1,0.500,3.950,7900.000,0.000,0.000,2,1,1_1,1_1_SF_3798,1_1_SF_3798_29,1_1_SF_3798_29
1,2023,1,3798,SF,30,1,120.000,2.856,238.000,0.000,0.000,2,1,1_1,1_1_SF_3798,1_1_SF_3798_30,1_1_SF_3798_30
1,2023,1,3871,SF,1,1,1.000,0.005,76.000,9.010,0.000,2,1,1_1,1_1_SF_3871,1_1_SF_3871_1,1_1_SF_3871_1
1,2023,1,3673,SF,1,1,1.000,0.003,100.000,9.600,0.000,2,1,1_1,1_1_SF_3673,1_1_SF_3673_1,1_1_SF_3673_1
1,2023,1,3775,SF,1,1,1.000,0.003,100.000,9.285,0.000,2,1,1_1,1_1_SF_3775,1_1_SF_3775_1,1_1_SF_3775_1
1,2023,1,4039,SF,2,1,1.250,0.005,66.000,13.000,0.000,2,1,1_1,1_1_SF_4039,1_1_SF_4039_2,1_1_SF_4039_2
1,2023,1,3887,SF,3,1,1.000,7.000,7000.000,0.000,0.000,2,1,1_1,1_1_SF_3887,1_1_SF_3887_3,1_1_SF_3887_3
1,2023,1,3887,SF,7,1,1.000,0.050,50.000,0.000,0.000,2,1,1_1,1_1_SF_3887,1_1_SF_3887_7,1_1_SF_3887_7
1,2023,1,3887,SF,8,1,1.000,0.050,50.000,0.000,0.000,2,1,1_1,1_1_SF_3887,1_1_SF_3887_8,1_1_SF_3887_8
1,2023,1,3887,SF,9,1,1.000,0.003,2.500,0.000,0.000,2,1,1_1,1_1_SF_3887,1_1_SF_3887_9,1_1_SF_3887_9
1,2023,1,3885,SF,2,1,10.000,0.200,20.000,0.000,0.000,2,1,1_1,1_1_SF_3885,1_1_SF_3885_2,1_1_SF_3885_2
1,2023,1,3885,SF,3,1,1.000,0.050,50.000,0.000,0.000,2,1,1_1,1_1_SF_3885,1_1_SF_3885_3,1_1_SF_3885_3
1,2023,1,3578,SF,10,1,1.000,1.190,1000.000,0.000,0.000,2,1,1_1,1_1_SF_3578,1_1_SF_3578_10,1_1_SF_3578_10
1,2023,1,4039,SF,3,1,2.250,0.005,38.000,13.000,0.000,2,1,1_1,1_1_SF_4039,1_1_SF_4039_3,1_1_SF_4039_3
1,2023,1,4039,SF,4,1,1.250,0.011,120.000,16.000,0.000,2,1,1_1,1_1_SF_4039,1_1_SF_4039_4,1_1_SF_4039_4
1,2023,1,3670,SF,1,1,1.010,0.120,795.000,22.000,0.000,2,1,1_1,1_1_SF_3670,1_1_SF_3670_1,1_1_SF_3670_1
1,2023,1,3671,SF,1,1,1.047,0.135,795.000,24.000,0.000,2,1,1_1,1_1_SF_3671,1_1_SF_3671_1,1_1_SF_3671_1
1,2023,1,3672,SF,1,1,1.047,0.135,795.000,24.000,0.000,2,1,1_1,1_1_SF_3672,1_1_SF_3672_1,1_1_SF_3672_1
1,2023,1,3578,SF,11,1,1.000,0.079,500.000,0.000,0.000,2,1,1_1,1_1_SF_3578,1_1_SF_3578_11,1_1_SF_3578_11
1,2023,1,3898,SF,1,1,1.000,0.027,305.000,0.000,0.000,2,1,1_1,1_1_SF_3898,1_1_SF_3898_1,1_1_SF_3898_1
1,2023,1,3970,SF,1,1,1.250,0.004,800.000,0.000,0.000,2,1,1_1,1_1_SF_3970,1_1_SF_3970_1,1_1_SF_3970_1
1,2023,1,4014,SF,1,1,1.000,1.801,1100.000,0.000,0.000,2,1,1_1,1_1_SF_4014,1_1_SF_4014_1,1_1_SF_4014_1
1,2023,1,3825,SF,1,1,1.000,0.005,72.000,10.055,0.000,2,1,1_1,1_1_SF_3825,1_1_SF_3825_1,1_1_SF_3825_1
1,2023,1,3826,SF,1,1,1.000,0.004,62.000,10.052,0.000,2,1,1_1,1_1_SF_3826,1_1_SF_3826_1,1_1_SF_3826_1
1,2023,1,3772,SF,1,1,1.010,0.120,795.000,22.000,0.000,2,1,1_1,1_1_SF_3772,1_1_SF_3772_1,1_1_SF_3772_1
1,2023,1,3773,SF,1,1,1.063,0.137,795.000,24.000,0.000,2,1,1_1,1_1_SF_3773,1_1_SF_3773_1,1_1_SF_3773_1
1,2023,1,3774,SF,1,1,1.063,0.137,795.000,24.000,0.000,2,1,1_1,1_1_SF_3774,1_1_SF_3774_1,1_1_SF_3774_1
1,2023,1,3923,SF,1,1,1.000,3.000,3000.000,0.000,0.000,2,1,1_1,1_1_SF_3923,1_1_SF_3923_1,1_1_SF_3923_1
1,2023,1,3923,SF,3,1,1.000,2.000,2000.000,0.000,0.000,2,1,1_1,1_1_SF_3923,1_1_SF_3923_3,1_1_SF_3923_3
1,2023,1,3923,SF,7,1,1.000,0.050,50.000,0.000,0.000,2,1,1_1,1_1_SF_3923,1_1_SF_3923_7,1_1_SF_3923_7
1,2023,1,3923,SF,8,1,1.000,0.050,50.000,0.000,0.000,2,1,1_1,1_1_SF_3923,1_1_SF_3923_8,1_1_SF_3923_8
1,2023,1,3923,SF,9,1,1.000,0.003,2.500,0.000,0.000,2,1,1_1,1_1_SF_3923,1_1_SF_3923_9,1_1_SF_3923_9
1,2023,1,4009,SF,1,1,1.000,0.005,13.000,0.000,0.000,2,1,1_1,1_1_SF_4009,1_1_SF_4009_1,1_1_SF_4009_1
1,2023,1,4015,SF,1,1,1.000,0.027,302.000,0.000,0.000,2,1,1_1,1_1_SF_4015,1_1_SF_4015_1,1_1_SF_4015_1
1,2023,1,4018,SF,1,1,2.000,0.043,80.000,20.000,0.000,2,1,1_1,1_1_SF_4018,1_1_SF_4018_1,1_1_SF_4018_1
1,2023,1,4013,SF,1,1,1.000,0.559,250.000,0.000,0.000,2,1,1_1,1_1_SF_4013,1_1_SF_4013_1,1_1_SF_4013_1
1,2023,1,4013,SF,2,1,2.000,4.653,1600.000,0.000,0.000,2,1,1_1,1_1_SF_4013,1_1_SF_4013_2,1_1_SF_4013_2
1,2023,1,4013,SF,4,1,20.000,0.380,333.000,0.000,0.000,2,1,1_1,1_1_SF_4013,1_1_SF_4013_4,1_1_SF_4013_4
1,2023,1,4013,SF,5,1,20.000,0.381,150.000,0.000,0.000,2,1,1_1,1_1_SF_4013,1_1_SF_4013_5,1_1_SF_4013_5
1,2023,1,3951,SF,1,1,0.167,0.008,446.000,8.000,0.000,2,1,1_1,1_1_SF_3951,1_1_SF_3951_1,1_1_SF_3951_1
1,2023,1,4054,SF,1,1,1.000,0.001,40.000,25.000,0.000,2,1,1_1,1_1_SF_4054,1_1_SF_4054_1,1_1_SF_4054_1
1,2023,1,4054,SF,2,1,1.000,0.007,120.000,0.000,0.000,2,1,1_1,1_1_SF_4054,1_1_SF_4054_2,1_1_SF_4054_2
1,2023,1,4022,SF,1,1,1.000,0.118,795.000,22.000,0.000,2,1,1_1,1_1_SF_4022,1_1_SF_4022_1,1_1_SF_4022_1
1,2023,1,4022,SF,3,1,0.016,0.145,800.000,1720.000,0.000,2,1,1_1,1_1_SF_4022,1_1_SF_4022_3,1_1_SF_4022_3
1,2023,1,3998,SF,1,1,2.000,1.229,275.000,0.000,0.000,2,1,1_1,1_1_SF_3998,1_1_SF_3998_1,1_1_SF_3998_1
1,2023,1,3833,SF,1,1,1.000,0.005,73.000,10.227,0.000,2,1,1_1,1_1_SF_3833,1_1_SF_3833_1,1_1_SF_3833_1
1,2023,1,3975,SF,7,1,1.000,0.080,80.000,0.000,0.000,2,1,1_1,1_1_SF_3975,1_1_SF_3975_7,1_1_SF_3975_7
1,2023,1,3975,SF,8,1,1.000,0.080,80.000,0.000,0.000,2,1,1_1,1_1_SF_3975,1_1_SF_3975_8,1_1_SF_3975_8
1,2023,1,3938,SF,1,1,1.000,3.000,3000.000,0.000,0.000,2,1,1_1,1_1_SF_3938,1_1_SF_3938_1,1_1_SF_3938_1
1,2023,1,3938,SF,4,1,2.000,0.120,60.000,0.000,0.000,2,1,1_1,1_1_SF_3938,1_1_SF_3938_4,1_1_SF_3938_4
1,2023,1,3938,SF,9,1,1.000,0.080,80.000,0.000,0.000,2,1,1_1,1_1_SF_3938,1_1_SF_3938_9,1_1_SF_3938_9
1,2023,1,3938,SF,10,1,1.000,0.080,80.000,0.000,0.000,2,1,1_1,1_1_SF_3938,1_1_SF_3938_10,1_1_SF_3938_10
1,2023,1,3938,SF,11,1,1.000,0.004,4.000,0.000,0.000,2,1,1_1,1_1_SF_3938,1_1_SF_3938_11,1_1_SF_3938_11
1,2023,1,3939,SF,1,1,1.000,1.500,1500.000,0.000,0.000,2,1,1_1,1_1_SF_3939,1_1_SF_3939_1,1_1_SF_3939_1
1,2023,1,3939,SF,7,1,1.000,0.080,80.000,0.000,0.000,2,1,1_1,1_1_SF_3939,1_1_SF_3939_7,1_1_SF_3939_7
1,2023,1,3939,SF,8,1,1.000,0.080,80.000,0.000,0.000,2,1,1_1,1_1_SF_3939,1_1_SF_3939_8,1_1_SF_3939_8
1,2023,1,3939,SF,9,1,1.000,0.004,4.000,0.000,0.000,2,1,1_1,1_1_SF_3939,1_1_SF_3939_9,1_1_SF_3939_9
1,2023,1,4005,EF,1,1,1.000,0.000,14702.000,0.000,0.000,2,1,1_1,1_1_EF_4005,1_1_EF_4005_1,1_1_EF_4005_1
1,2023,1,4016,SF,1,1,2.000,0.207,285.000,0.000,0.000,2,1,1_1,1_1_SF_4016,1_1_SF_4016_1,1_1_SF_4016_1
1,2023,1,3936,SF,1,1,1.000,0.007,22.150,22.150,0.000,2,1,1_1,1_1_SF_3936,1_1_SF_3936_1,1_1_SF_3936_1
1,2023,1,3937,SF,1,1,1.000,0.009,35.000,20.000,0.000,2,1,1_1,1_1_SF_3937,1_1_SF_3937_1,1_1_SF_3937_1
1,2023,1,4016,SF,2,1,2.000,0.044,60.000,0.000,0.000,2,1,1_1,1_1_SF_4016,1_1_SF_4016_2,1_1_SF_4016_2
1,2023,1,4016,SF,8,1,2.000,0.234,595.000,197.000,0.000,2,1,1_1,1_1_SF_4016,1_1_SF_4016_8,1_1_SF_4016_8
1,2023,1,4016,SF,9,1,2.000,0.417,600.000,77.000,0.000,2,1,1_1,1_1_SF_4016,1_1_SF_4016_9,1_1_SF_4016_9
1,2023,1,3834,SF,1,1,1.000,0.005,65.000,10.793,0.000,2,1,1_1,1_1_SF_3834,1_1_SF_3834_1,1_1_SF_3834_1
1,2023,1,3878,SF,1,1,2.000,0.715,200.000,0.000,0.000,2,1,1_1,1_1_SF_3878,1_1_SF_3878_1,1_1_SF_3878_1
1,2023,1,3878,SF,2,1,2.000,0.946,1300.000,0.000,0.000,2,1,1_1,1_1_SF_3878,1_1_SF_3878_2,1_1_SF_3878_2
1,2023,1,3878,SF,3,1,1.000,0.070,170.000,0.000,0.000,2,1,1_1,1_1_SF_3878,1_1_SF_3878_3,1_1_SF_3878_3
1,2023,1,3878,SF,4,1,3.000,0.031,25.000,0.000,0.000,2,1,1_1,1_1_SF_3878,1_1_SF_3878_4,1_1_SF_3878_4
1,2023,1,3940,SF,1,1,1.000,0.103,103.000,0.000,0.000,2,1,1_1,1_1_SF_3940,1_1_SF_3940_1,1_1_SF_3940_1
1,2023,1,3940,SF,2,1,1.000,0.153,153.000,0.000,0.000,2,1,1_1,1_1_SF_3940,1_1_SF_3940_2,1_1_SF_3940_2
1,2023,1,3959,SF,1,1,1.000,0.000,0.000,500.000,0.000,2,1,1_1,1_1_SF_3959,1_1_SF_3959_1,1_1_SF_3959_1
1,2023,1,3945,SF,1,1,1.000,0.231,660.000,64.600,0.000,2,1,1_1,1_1_SF_3945,1_1_SF_3945_1,1_1_SF_3945_1
1,2023,1,3947,SF,1,1,1.000,0.290,80.000,670.000,0.000,2,1,1_1,1_1_SF_3947,1_1_SF_3947_1,1_1_SF_3947_1
1,2023,1,3903,SF,1,1,1.000,0.100,100.000,0.000,0.000,2,1,1_1,1_1_SF_3903,1_1_SF_3903_1,1_1_SF_3903_1
1,2023,1,3903,SF,2,1,1.000,0.249,280.000,0.000,0.000,2,1,1_1,1_1_SF_3903,1_1_SF_3903_2,1_1_SF_3903_2
1,2023,1,3902,SF,3,1,1.000,0.100,100.000,0.000,0.000,2,1,1_1,1_1_SF_3902,1_1_SF_3902_3,1_1_SF_3902_3
1,2023,1,3902,SF,4,1,1.000,0.249,280.000,0.000,0.000,2,1,1_1,1_1_SF_3902,1_1_SF_3902_4,1_1_SF_3902_4
1,2023,1,3902,SF,5,1,1.000,0.025,25.000,0.000,0.000,2,1,1_1,1_1_SF_3902,1_1_SF_3902_5,1_1_SF_3902_5
1,2023,1,3921,SF,1,1,1.000,0.020,135.000,22.270,0.000,2,1,1_1,1_1_SF_3921,1_1_SF_3921_1,1_1_SF_3921_1
1,2023,1,3830,SF,1,1,1.000,0.005,75.000,10.315,0.000,2,1,1_1,1_1_SF_3830,1_1_SF_3830_1,1_1_SF_3830_1
1,2023,1,3831,SF,1,1,1.000,0.005,67.000,10.279,0.000,2,1,1_1,1_1_SF_3831,1_1_SF_3831_1,1_1_SF_3831_1
1,2023,1,4018,SF,2,1,2.000,0.162,360.000,50.000,0.000,2,1,1_1,1_1_SF_4018,1_1_SF_4018_2,1_1_SF_4018_2
1,2023,1,3776,SF,1,1,1.021,0.132,795.000,24.000,0.000,2,1,1_1,1_1_SF_3776,1_1_SF_3776_1,1_1_SF_3776_1
1,2023,1,3777,SF,1,1,1.063,0.137,795.000,24.000,0.000,2,1,1_1,1_1_SF_3777,1_1_SF_3777_1,1_1_SF_3777_1
1,2023,1,3778,SF,1,1,1.063,0.137,795.000,24.000,0.000,2,1,1_1,1_1_SF_3778,1_1_SF_3778_1,1_1_SF_3778_1
1,2023,1,3779,SF,1,1,1.000,0.003,100.000,9.510,0.000,2,1,1_1,1_1_SF_3779,1_1_SF_3779_1,1_1_SF_3779_1
1,2023,1,4018,SF,3,1,2.000,0.088,130.000,50.000,0.000,2,1,1_1,1_1_SF_4018,1_1_SF_4018_3,1_1_SF_4018_3
1,2023,1,4018,SF,4,1,4.000,0.027,100.000,15.000,0.000,2,1,1_1,1_1_SF_4018,1_1_SF_4018_4,1_1_SF_4018_4
1,2023,1,4018,SF,5,1,2.000,0.094,360.000,130.000,0.000,2,1,1_1,1_1_SF_4018,1_1_SF_4018_5,1_1_SF_4018_5
1,2023,1,4018,SF,6,1,1.000,0.036,160.000,50.000,0.000,2,1,1_1,1_1_SF_4018,1_1_SF_4018_6,1_1_SF_4018_6
1,2023,1,4018,SF,7,1,1.000,0.013,100.000,0.000,0.000,2,1,1_1,1_1_SF_4018,1_1_SF_4018_7,1_1_SF_4018_7
1,2023,1,3991,SF,1,1,1.000,0.188,620.000,56.000,0.000,2,1,1_1,1_1_SF_3991,1_1_SF_3991_1,1_1_SF_3991_1
1,2023,1,3992,SF,1,1,1.000,0.010,110.000,20.000,0.000,2,1,1_1,1_1_SF_3992,1_1_SF_3992_1,1_1_SF_3992_1
1,2023,1,3780,SF,1,1,1.025,0.121,795.000,22.000,0.000,2,1,1_1,1_1_SF_3780,1_1_SF_3780_1,1_1_SF_3780_1
1,2023,1,3781,SF,1,1,1.063,0.137,795.000,24.000,0.000,2,1,1_1,1_1_SF_3781,1_1_SF_3781_1,1_1_SF_3781_1
1,2023,1,3782,SF,1,1,1.063,0.137,795.000,24.000,0.000,2,1,1_1,1_1_SF_3782,1_1_SF_3782_1,1_1_SF_3782_1
1,2023,1,3783,SF,1,1,1.000,0.003,110.000,9.431,0.000,2,1,1_1,1_1_SF_3783,1_1_SF_3783_1,1_1_SF_3783_1
1,2023,1,3965,SF,1,1,1.000,0.200,200.000,0.000,0.000,2,1,1_1,1_1_SF_3965,1_1_SF_3965_1,1_1_SF_3965_1
1,2023,1,3965,SF,2,1,1.000,0.200,200.000,0.000,0.000,2,1,1_1,1_1_SF_3965,1_1_SF_3965_2,1_1_SF_3965_2
1,2023,1,3966,SF,1,1,1.000,0.200,200.000,0.000,0.000,2,1,1_1,1_1_SF_3966,1_1_SF_3966_1,1_1_SF_3966_1
1,2023,1,3966,SF,2,1,1.000,0.333,333.000,0.000,0.000,2,1,1_1,1_1_SF_3966,1_1_SF_3966_2,1_1_SF_3966_2
1,2023,1,3967,SF,1,1,1.000,0.200,200.000,0.000,0.000,2,1,1_1,1_1_SF_3967,1_1_SF_3967_1,1_1_SF_3967_1
1,2023,1,3967,SF,2,1,1.000,0.100,100.000,0.000,0.000,2,1,1_1,1_1_SF_3967,1_1_SF_3967_2,1_1_SF_3967_2
1,2023,1,3964,SF,1,1,1.000,1.500,1500.000,0.000,0.000,2,1,1_1,1_1_SF_3964,1_1_SF_3964_1,1_1_SF_3964_1
1,2023,1,3964,SF,4,1,1.000,0.148,148.000,0.000,0.000,2,1,1_1,1_1_SF_3964,1_1_SF_3964_4,1_1_SF_3964_4
1,2023,1,3964,SF,5,1,1.000,0.148,148.000,0.000,0.000,2,1,1_1,1_1_SF_3964,1_1_SF_3964_5,1_1_SF_3964_5
1,2023,1,3964,SF,6,1,1.000,0.008,7.500,0.000,0.000,2,1,1_1,1_1_SF_3964,1_1_SF_3964_6,1_1_SF_3964_6
1,2023,1,3971,SF,1,1,0.175,0.304,2400.000,0.000,0.000,2,1,1_1,1_1_SF_3971,1_1_SF_3971_1,1_1_SF_3971_1
1,2023,1,3828,SF,1,1,1.000,0.005,70.000,10.186,0.000,2,1,1_1,1_1_SF_3828,1_1_SF_3828_1,1_1_SF_3828_1
1,2023,1,3971,SF,2,1,0.175,0.417,3300.000,0.000,0.000,2,1,1_1,1_1_SF_3971,1_1_SF_3971_2,1_1_SF_3971_2
1,2023,1,3975,SF,9,1,1.000,0.004,4.000,0.000,0.000,2,1,1_1,1_1_SF_3975,1_1_SF_3975_9,1_1_SF_3975_9
1,2023,1,3979,SF,12,1,1.000,0.005,5.000,0.000,0.000,2,1,1_1,1_1_SF_3979,1_1_SF_3979_12,1_1_SF_3979_12
1,2023,1,3980,SF,1,1,1.000,0.295,220.000,0.000,0.000,2,1,1_1,1_1_SF_3980,1_1_SF_3980_1,1_1_SF_3980_1
1,2023,1,4010,SF,1,1,1.000,1.500,1500.000,0.000,0.000,2,1,1_1,1_1_SF_4010,1_1_SF_4010_1,1_1_SF_4010_1
1,2023,1,4010,SF,7,1,1.000,0.080,80.000,0.000,0.000,2,1,1_1,1_1_SF_4010,1_1_SF_4010_7,1_1_SF_4010_7
1,2023,1,4010,SF,8,1,1.000,0.080,80.000,0.000,0.000,2,1,1_1,1_1_SF_4010,1_1_SF_4010_8,1_1_SF_4010_8
1,2023,1,4010,SF,9,1,1.000,0.004,4.000,0.000,0.000,2,1,1_1,1_1_SF_4010,1_1_SF_4010_9,1_1_SF_4010_9
1,2023,1,4011,SF,1,1,1.000,1.500,1500.000,0.000,0.000,2,1,1_1,1_1_SF_4011,1_1_SF_4011_1,1_1_SF_4011_1
1,2023,1,4011,SF,7,1,1.000,0.080,80.000,0.000,0.000,2,1,1_1,1_1_SF_4011,1_1_SF_4011_7,1_1_SF_4011_7
1,2023,1,3980,SF,3,1,1.000,0.127,310.000,0.000,0.000,2,1,1_1,1_1_SF_3980,1_1_SF_3980_3,1_1_SF_3980_3
1,2023,1,3787,SF,1,1,1.000,0.003,95.000,9.027,0.000,2,1,1_1,1_1_SF_3787,1_1_SF_3787_1,1_1_SF_3787_1
1,2023,1,3784,SF,1,1,1.021,0.121,795.000,22.000,0.000,2,1,1_1,1_1_SF_3784,1_1_SF_3784_1,1_1_SF_3784_1
1,2023,1,3785,SF,1,1,1.042,0.134,795.000,24.000,0.000,2,1,1_1,1_1_SF_3785,1_1_SF_3785_1,1_1_SF_3785_1
1,2023,1,3786,SF,1,1,1.042,0.134,795.000,24.000,0.000,2,1,1_1,1_1_SF_3786,1_1_SF_3786_1,1_1_SF_3786_1
1,2023,1,3972,SF,1,1,20.000,0.198,130.000,0.000,0.000,2,1,1_1,1_1_SF_3972,1_1_SF_3972_1,1_1_SF_3972_1
1,2023,1,3972,SF,2,1,1.000,1.354,880.000,0.000,0.000,2,1,1_1,1_1_SF_3972,1_1_SF_3972_2,1_1_SF_3972_2
1,2023,1,3972,SF,4,1,1.000,0.142,142.000,0.000,0.000,2,1,1_1,1_1_SF_3972,1_1_SF_3972_4,1_1_SF_3972_4
1,2023,1,3972,SF,5,1,1.000,0.300,300.000,0.000,0.000,2,1,1_1,1_1_SF_3972,1_1_SF_3972_5,1_1_SF_3972_5
1,2023,1,3972,SF,6,1,20.000,1.600,80.000,0.000,0.000,2,1,1_1,1_1_SF_3972,1_1_SF_3972_6,1_1_SF_3972_6
1,2023,1,3973,SF,1,1,1.000,0.648,290.000,0.000,0.000,2,1,1_1,1_1_SF_3973,1_1_SF_3973_1,1_1_SF_3973_1
1,2023,1,3973,SF,2,1,1.000,0.578,295.000,0.000,0.000,2,1,1_1,1_1_SF_3973,1_1_SF_3973_2,1_1_SF_3973_2
1,2023,1,3973,SF,3,1,1.000,6.819,1390.000,0.000,0.000,2,1,1_1,1_1_SF_3973,1_1_SF_3973_3,1_1_SF_3973_3
1,2023,1,3973,SF,4,1,11.000,1.480,218.000,0.000,0.000,2,1,1_1,1_1_SF_3973,1_1_SF_3973_4,1_1_SF_3973_4
1,2023,1,3973,SF,5,1,11.000,0.563,80.000,40.000,0.000,2,1,1_1,1_1_SF_3973,1_1_SF_3973_5,1_1_SF_3973_5
1,2023,1,3973,SF,8,1,22.000,1.760,80.000,0.000,0.000,2,1,1_1,1_1_SF_3973,1_1_SF_3973_8,1_1_SF_3973_8
1,2023,1,3973,SF,9,1,1.000,0.333,333.000,0.000,0.000,2,1,1_1,1_1_SF_3973,1_1_SF_3973_9,1_1_SF_3973_9
1,2023,1,3973,SF,10,1,1.000,1.200,1200.000,0.000,0.000,2,1,1_1,1_1_SF_3973,1_1_SF_3973_10,1_1_SF_3973_10
1,2023,1,3980,SF,4,1,2.000,1.536,2110.000,0.000,0.000,2,1,1_1,1_1_SF_3980,1_1_SF_3980_4,1_1_SF_3980_4
1,2023,1,3982,SF,1,1,1.250,0.004,800.000,0.000,0.000,2,1,1_1,1_1_SF_3982,1_1_SF_3982_1,1_1_SF_3982_1
1,2023,1,3983,SF,1,1,1.000,0.009,1000.000,0.000,0.000,2,1,1_1,1_1_SF_3983,1_1_SF_3983_1,1_1_SF_3983_1
1,2023,1,3985,SF,2,1,1.000,2.000,2000.000,0.000,0.000,2,1,1_1,1_1_SF_3985,1_1_SF_3985_2,1_1_SF_3985_2
1,2023,1,3985,SF,9,1,1.000,0.050,50.000,0.000,0.000,2,1,1_1,1_1_SF_3985,1_1_SF_3985_9,1_1_SF_3985_9
1,2023,1,3985,SF,10,1,1.000,0.050,50.000,0.000,0.000,2,1,1_1,1_1_SF_3985,1_1_SF_3985_10,1_1_SF_3985_10
1,2023,1,3985,SF,11,1,1.000,0.003,2.500,0.000,0.000,2,1,1_1,1_1_SF_3985,1_1_SF_3985_11,1_1_SF_3985_11
1,2023,1,3863,SF,1,1,1.063,0.126,795.000,22.000,0.000,2,1,1_1,1_1_SF_3863,1_1_SF_3863_1,1_1_SF_3863_1
1,2023,1,3862,SF,1,1,1.014,0.104,795.000,19.000,0.000,2,1,1_1,1_1_SF_3862,1_1_SF_3862_1,1_1_SF_3862_1
1,2023,1,3968,SF,1,1,1.013,0.001,1.000,0.000,0.000,2,1,1_1,1_1_SF_3968,1_1_SF_3968_1,1_1_SF_3968_1
1,2023,1,3969,SF,1,1,1.075,0.006,6.000,0.000,0.000,2,1,1_1,1_1_SF_3969,1_1_SF_3969_1,1_1_SF_3969_1
1,2023,1,3915,SF,1,1,1.000,0.244,230.000,157.000,0.000,2,1,1_1,1_1_SF_3915,1_1_SF_3915_1,1_1_SF_3915_1
1,2023,1,3987,SF,1,1,1.000,0.200,200.000,0.000,0.000,2,1,1_1,1_1_SF_3987,1_1_SF_3987_1,1_1_SF_3987_1
1,2023,1,3987,SF,2,1,1.000,0.100,100.000,0.000,0.000,2,1,1_1,1_1_SF_3987,1_1_SF_3987_2,1_1_SF_3987_2
1,2023,1,3839,SF,1,1,2.000,0.849,190.000,0.000,0.000,2,1,1_1,1_1_SF_3839,1_1_SF_3839_1,1_1_SF_3839_1
1,2023,1,4011,SF,8,1,1.000,0.080,80.000,0.000,0.000,2,1,1_1,1_1_SF_4011,1_1_SF_4011_8,1_1_SF_4011_8
1,2023,1,4011,SF,9,1,1.000,0.004,4.000,0.000,0.000,2,1,1_1,1_1_SF_4011,1_1_SF_4011_9,1_1_SF_4011_9
1,2023,1,3839,SF,6,1,4.000,0.300,206.000,0.000,0.000,2,1,1_1,1_1_SF_3839,1_1_SF_3839_6,1_1_SF_3839_6
1,2023,1,3839,SF,7,1,4.000,1.551,1065.000,0.000,0.000,2,1,1_1,1_1_SF_3839,1_1_SF_3839_7,1_1_SF_3839_7
1,2023,1,3839,SF,8,1,2.000,0.658,904.000,0.000,0.000,2,1,1_1,1_1_SF_3839,1_1_SF_3839_8,1_1_SF_3839_8
1,2023,1,3839,SF,9,1,2.000,0.677,929.500,0.000,0.000,2,1,1_1,1_1_SF_3839,1_1_SF_3839_9,1_1_SF_3839_9
1,2023,1,3839,SF,10,1,4.000,0.070,48.000,0.000,0.000,2,1,1_1,1_1_SF_3839,1_1_SF_3839_10,1_1_SF_3839_10
1,2023,1,3839,SF,11,1,18.000,1.022,25.400,0.000,0.000,2,1,1_1,1_1_SF_3839,1_1_SF_3839_11,1_1_SF_3839_11
1,2023,1,3839,SF,12,1,7.000,2.086,818.500,0.000,0.000,2,1,1_1,1_1_SF_3839,1_1_SF_3839_12,1_1_SF_3839_12
1,2023,1,3839,SF,13,1,4.000,0.073,25.400,0.000,0.000,2,1,1_1,1_1_SF_3839,1_1_SF_3839_13,1_1_SF_3839_13
1,2023,1,3839,SF,14,1,4.000,0.136,47.000,0.000,0.000,2,1,1_1,1_1_SF_3839,1_1_SF_3839_14,1_1_SF_3839_14
1,2023,1,3839,SF,15,1,2.000,0.255,942.000,10.000,0.000,2,1,1_1,1_1_SF_3839,1_1_SF_3839_15,1_1_SF_3839_15
1,2023,1,3839,SF,16,1,10.000,0.069,76.000,10.000,0.000,2,1,1_1,1_1_SF_3839,1_1_SF_3839_16,1_1_SF_3839_16
1,2023,1,3839,SF,17,1,10.000,0.864,957.500,10.000,0.000,2,1,1_1,1_1_SF_3839,1_1_SF_3839_17,1_1_SF_3839_17
1,2023,1,3839,SF,18,1,2.000,0.013,70.000,10.000,0.000,2,1,1_1,1_1_SF_3839,1_1_SF_3839_18,1_1_SF_3839_18
1,2023,1,3839,SF,19,1,7.000,0.044,70.000,10.000,0.000,2,1,1_1,1_1_SF_3839,1_1_SF_3839_19,1_1_SF_3839_19
1,2023,1,3839,SF,20,1,12.000,0.048,44.000,10.000,0.000,2,1,1_1,1_1_SF_3839,1_1_SF_3839_20,1_1_SF_3839_20
1,2023,1,3839,SF,21,1,4.000,0.025,68.000,10.000,0.000,2,1,1_1,1_1_SF_3839,1_1_SF_3839_21,1_1_SF_3839_21
1,2023,1,3839,SF,22,1,14.000,0.086,68.000,10.000,0.000,2,1,1_1,1_1_SF_3839,1_1_SF_3839_22,1_1_SF_3839_22
1,2023,1,3839,SF,23,1,4.000,0.021,58.000,10.000,0.000,2,1,1_1,1_1_SF_3839,1_1_SF_3839_23,1_1_SF_3839_23
1,2023,1,3839,SF,24,1,14.000,0.073,58.000,10.000,0.000,2,1,1_1,1_1_SF_3839,1_1_SF_3839_24,1_1_SF_3839_24
1,2023,1,3839,SF,25,1,1.000,0.002,37.000,0.000,0.000,2,1,1_1,1_1_SF_3839,1_1_SF_3839_25,1_1_SF_3839_25
1,2023,1,3839,SF,26,1,1.000,0.001,20.000,0.000,0.000,2,1,1_1,1_1_SF_3839,1_1_SF_3839_26,1_1_SF_3839_26
1,2023,1,3839,SF,27,1,4.000,0.014,60.000,0.000,0.000,2,1,1_1,1_1_SF_3839,1_1_SF_3839_27,1_1_SF_3839_27
1,2023,1,3839,SF,29,1,2.000,0.128,2000.000,0.000,0.000,2,1,1_1,1_1_SF_3839,1_1_SF_3839_29,1_1_SF_3839_29
1,2023,1,3839,SF,30,1,4.000,0.128,1000.000,0.000,0.000,2,1,1_1,1_1_SF_3839,1_1_SF_3839_30,1_1_SF_3839_30
1,2023,1,3760,SF,1,1,0.031,0.011,1000.000,40.000,0.000,2,1,1_1,1_1_SF_3760,1_1_SF_3760_1,1_1_SF_3760_1
1,2023,1,3760,SF,2,1,0.031,0.042,1000.000,150.000,0.000,2,1,1_1,1_1_SF_3760,1_1_SF_3760_2,1_1_SF_3760_2
1,2023,1,3760,SF,3,1,0.031,0.042,1000.000,150.000,0.000,2,1,1_1,1_1_SF_3760,1_1_SF_3760_3,1_1_SF_3760_3
1,2023,1,3988,SF,2,1,1.000,0.087,120.000,0.000,0.000,2,1,1_1,1_1_SF_3988,1_1_SF_3988_2,1_1_SF_3988_2
1,2023,1,3988,SF,3,1,1.000,0.016,10.000,0.000,0.000,2,1,1_1,1_1_SF_3988,1_1_SF_3988_3,1_1_SF_3988_3
1,2023,1,3988,SF,4,1,2.000,0.020,30.000,25.000,0.000,2,1,1_1,1_1_SF_3988,1_1_SF_3988_4,1_1_SF_3988_4
1,2023,1,3988,SF,5,1,1.000,0.237,325.000,0.000,0.000,2,1,1_1,1_1_SF_3988,1_1_SF_3988_5,1_1_SF_3988_5
1,2023,1,3988,SF,7,1,1.000,0.118,325.000,0.000,0.000,2,1,1_1,1_1_SF_3988,1_1_SF_3988_7,1_1_SF_3988_7
1,2023,1,3989,SF,1,1,1.000,0.193,713.000,15.000,0.000,2,1,1_1,1_1_SF_3989,1_1_SF_3989_1,1_1_SF_3989_1
1,2023,1,4012,SF,1,1,1.000,0.077,158.000,40.572,0.000,2,1,1_1,1_1_SF_4012,1_1_SF_4012_1,1_1_SF_4012_1
1,2023,1,4012,SF,2,1,1.000,0.025,25.000,0.000,0.000,2,1,1_1,1_1_SF_4012,1_1_SF_4012_2,1_1_SF_4012_2
1,2023,1,4017,SF,1,1,2.000,0.043,80.000,20.000,0.000,2,1,1_1,1_1_SF_4017,1_1_SF_4017_1,1_1_SF_4017_1
1,2023,1,4007,SF,1,1,1.000,0.626,350.000,0.000,0.000,2,1,1_1,1_1_SF_4007,1_1_SF_4007_1,1_1_SF_4007_1
1,2023,1,4002,SF,1,1,1.000,3.850,5340.000,0.000,0.000,2,1,1_1,1_1_SF_4002,1_1_SF_4002_1,1_1_SF_4002_1
1,2023,1,3578,SF,15,1,1.000,10.000,10000.000,0.000,0.000,2,1,1_1,1_1_SF_3578,1_1_SF_3578_15,1_1_SF_3578_15
1,2023,1,3994,SF,1,1,1.000,2.000,2000.000,0.000,0.000,2,1,1_1,1_1_SF_3994,1_1_SF_3994_1,1_1_SF_3994_1
1,2023,1,3994,SF,4,1,1.000,0.080,80.000,0.000,0.000,2,1,1_1,1_1_SF_3994,1_1_SF_3994_4,1_1_SF_3994_4
1,2023,1,3994,SF,5,1,1.000,0.080,80.000,0.000,0.000,2,1,1_1,1_1_SF_3994,1_1_SF_3994_5,1_1_SF_3994_5
1,2023,1,3994,SF,6,1,1.000,0.004,4.000,0.000,0.000,2,1,1_1,1_1_SF_3994,1_1_SF_3994_6,1_1_SF_3994_6
1,2023,1,3927,SF,1,1,1.000,0.004,27.000,23.500,0.000,2,1,1_1,1_1_SF_3927,1_1_SF_3927_1,1_1_SF_3927_1
1,2023,1,4007,SF,2,1,1.000,0.531,450.000,0.000,0.000,2,1,1_1,1_1_SF_4007,1_1_SF_4007_2,1_1_SF_4007_2
1,2023,1,4007,SF,3,1,1.000,0.396,350.000,0.000,0.000,2,1,1_1,1_1_SF_4007,1_1_SF_4007_3,1_1_SF_4007_3
1,2023,1,4007,SF,4,1,2.000,0.068,450.000,0.000,0.000,2,1,1_1,1_1_SF_4007,1_1_SF_4007_4,1_1_SF_4007_4
1,2023,1,4007,SF,8,1,1.000,0.283,250.000,0.000,0.000,2,1,1_1,1_1_SF_4007,1_1_SF_4007_8,1_1_SF_4007_8
1,2023,1,3995,SF,1,1,1.000,1.500,1500.000,0.000,0.000,2,1,1_1,1_1_SF_3995,1_1_SF_3995_1,1_1_SF_3995_1
1,2023,1,3995,SF,4,1,2.000,0.120,60.000,0.000,0.000,2,1,1_1,1_1_SF_3995,1_1_SF_3995_4,1_1_SF_3995_4
1,2023,1,3995,SF,9,1,1.000,0.080,80.000,0.000,0.000,2,1,1_1,1_1_SF_3995,1_1_SF_3995_9,1_1_SF_3995_9
1,2023,1,3995,SF,10,1,1.000,0.080,80.000,0.000,0.000,2,1,1_1,1_1_SF_3995,1_1_SF_3995_10,1_1_SF_3995_10
1,2023,1,3995,SF,11,1,1.000,0.004,4.000,0.000,0.000,2,1,1_1,1_1_SF_3995,1_1_SF_3995_11,1_1_SF_3995_11
1,2023,1,3997,SF,1,1,1.050,0.012,16.000,0.000,0.000,2,1,1_1,1_1_SF_3997,1_1_SF_3997_1,1_1_SF_3997_1
1,2023,1,3997,SF,2,1,1.125,0.004,66.000,13.000,0.000,2,1,1_1,1_1_SF_3997,1_1_SF_3997_2,1_1_SF_3997_2
1,2023,1,3997,SF,3,1,2.250,0.005,38.000,13.000,0.000,2,1,1_1,1_1_SF_3997,1_1_SF_3997_3,1_1_SF_3997_3
1,2023,1,3997,SF,4,1,1.125,0.010,120.000,16.000,0.000,2,1,1_1,1_1_SF_3997,1_1_SF_3997_4,1_1_SF_3997_4
1,2023,1,3949,SF,1,1,1.000,0.167,713.000,13.000,0.000,2,1,1_1,1_1_SF_3949,1_1_SF_3949_1,1_1_SF_3949_1
1,2023,1,4007,SF,9,1,1.000,0.379,335.000,0.000,0.000,2,1,1_1,1_1_SF_4007,1_1_SF_4007_9,1_1_SF_4007_9
1,2023,1,4008,SF,1,1,1.000,1.500,1500.000,0.000,0.000,2,1,1_1,1_1_SF_4008,1_1_SF_4008_1,1_1_SF_4008_1
1,2023,1,4008,SF,7,1,1.000,0.080,80.000,0.000,0.000,2,1,1_1,1_1_SF_4008,1_1_SF_4008_7,1_1_SF_4008_7
1,2023,1,4008,SF,8,1,1.000,0.080,80.000,0.000,0.000,2,1,1_1,1_1_SF_4008,1_1_SF_4008_8,1_1_SF_4008_8
1,2023,1,4008,SF,9,1,1.000,0.004,4.000,0.000,0.000,2,1,1_1,1_1_SF_4008,1_1_SF_4008_9,1_1_SF_4008_9
1,2023,1,3925,SF,1,1,2.000,0.043,80.000,20.000,0.000,2,1,1_1,1_1_SF_3925,1_1_SF_3925_1,1_1_SF_3925_1
1,2023,1,3925,SF,2,1,2.000,0.162,360.000,50.000,0.000,2,1,1_1,1_1_SF_3925,1_1_SF_3925_2,1_1_SF_3925_2
1,2023,1,3925,SF,3,1,2.000,0.088,130.000,50.000,0.000,2,1,1_1,1_1_SF_3925,1_1_SF_3925_3,1_1_SF_3925_3
1,2023,1,3925,SF,4,1,4.000,0.027,100.000,15.000,0.000,2,1,1_1,1_1_SF_3925,1_1_SF_3925_4,1_1_SF_3925_4
1,2023,1,3925,SF,5,1,2.000,0.094,360.000,130.000,0.000,2,1,1_1,1_1_SF_3925,1_1_SF_3925_5,1_1_SF_3925_5
1,2023,1,3925,SF,6,1,1.000,0.036,160.000,50.000,0.000,2,1,1_1,1_1_SF_3925,1_1_SF_3925_6,1_1_SF_3925_6
1,2023,1,3925,SF,8,1,1.000,0.013,100.000,0.000,0.000,2,1,1_1,1_1_SF_3925,1_1_SF_3925_8,1_1_SF_3925_8
1,2023,1,3926,SF,1,1,2.000,0.043,80.000,20.000,0.000,2,1,1_1,1_1_SF_3926,1_1_SF_3926_1,1_1_SF_3926_1
1,2023,1,3926,SF,2,1,2.000,0.162,360.000,50.000,0.000,2,1,1_1,1_1_SF_3926,1_1_SF_3926_2,1_1_SF_3926_2
1,2023,1,3926,SF,3,1,2.000,0.088,130.000,50.000,0.000,2,1,1_1,1_1_SF_3926,1_1_SF_3926_3,1_1_SF_3926_3
1,2023,1,3926,SF,4,1,4.000,0.035,130.000,15.000,0.000,2,1,1_1,1_1_SF_3926,1_1_SF_3926_4,1_1_SF_3926_4
1,2023,1,3926,SF,5,1,2.000,0.094,360.000,130.000,0.000,2,1,1_1,1_1_SF_3926,1_1_SF_3926_5,1_1_SF_3926_5
1,2023,1,3926,SF,6,1,1.000,0.036,160.000,50.000,0.000,2,1,1_1,1_1_SF_3926,1_1_SF_3926_6,1_1_SF_3926_6
1,2023,1,3926,SF,8,1,1.000,0.039,304.000,0.000,0.000,2,1,1_1,1_1_SF_3926,1_1_SF_3926_8,1_1_SF_3926_8
1,2023,1,3986,SF,1,1,1.000,0.084,84.000,0.000,0.000,2,1,1_1,1_1_SF_3986,1_1_SF_3986_1,1_1_SF_3986_1
1,2023,1,3986,SF,2,1,1.000,0.300,300.000,0.000,0.000,2,1,1_1,1_1_SF_3986,1_1_SF_3986_2,1_1_SF_3986_2
1,2023,1,4007,SF,10,1,5.000,2.861,320.000,0.000,0.000,2,1,1_1,1_1_SF_4007,1_1_SF_4007_10,1_1_SF_4007_10
1,2023,1,4017,SF,2,1,2.000,0.162,360.000,50.000,0.000,2,1,1_1,1_1_SF_4017,1_1_SF_4017_2,1_1_SF_4017_2
1,2023,1,4017,SF,3,1,2.000,0.088,130.000,50.000,0.000,2,1,1_1,1_1_SF_4017,1_1_SF_4017_3,1_1_SF_4017_3
1,2023,1,4017,SF,4,1,4.000,0.035,130.000,15.000,0.000,2,1,1_1,1_1_SF_4017,1_1_SF_4017_4,1_1_SF_4017_4
1,2023,1,4017,SF,5,1,2.000,0.094,360.000,130.000,0.000,2,1,1_1,1_1_SF_4017,1_1_SF_4017_5,1_1_SF_4017_5
1,2023,1,4017,SF,6,1,1.000,0.036,160.000,50.000,0.000,2,1,1_1,1_1_SF_4017,1_1_SF_4017_6,1_1_SF_4017_6
1,2023,1,4017,SF,7,1,1.000,0.039,304.000,0.000,0.000,2,1,1_1,1_1_SF_4017,1_1_SF_4017_7,1_1_SF_4017_7
1,2023,1,4019,SF,1,1,2.000,0.849,190.000,0.000,0.000,2,1,1_1,1_1_SF_4019,1_1_SF_4019_1,1_1_SF_4019_1
1,2023,1,4019,SF,5,1,4.000,0.226,155.000,0.000,0.000,2,1,1_1,1_1_SF_4019,1_1_SF_4019_5,1_1_SF_4019_5
1,2023,1,4019,SF,6,1,4.000,0.300,206.000,0.000,0.000,2,1,1_1,1_1_SF_4019,1_1_SF_4019_6,1_1_SF_4019_6
1,2023,1,4019,SF,7,1,4.000,1.551,1065.000,0.000,0.000,2,1,1_1,1_1_SF_4019,1_1_SF_4019_7,1_1_SF_4019_7
1,2023,1,4019,SF,8,1,2.000,0.658,904.000,0.000,0.000,2,1,1_1,1_1_SF_4019,1_1_SF_4019_8,1_1_SF_4019_8
1,2023,1,4019,SF,9,1,2.000,0.677,929.500,0.000,0.000,2,1,1_1,1_1_SF_4019,1_1_SF_4019_9,1_1_SF_4019_9
1,2023,1,4019,SF,10,1,4.000,0.070,48.000,0.000,0.000,2,1,1_1,1_1_SF_4019,1_1_SF_4019_10,1_1_SF_4019_10
1,2023,1,4019,SF,11,1,16.000,0.148,25.400,0.000,0.000,2,1,1_1,1_1_SF_4019,1_1_SF_4019_11,1_1_SF_4019_11
1,2023,1,4019,SF,12,1,7.000,2.086,818.500,0.000,0.000,2,1,1_1,1_1_SF_4019,1_1_SF_4019_12,1_1_SF_4019_12
1,2023,1,4019,SF,13,1,4.000,0.073,25.400,0.000,0.000,2,1,1_1,1_1_SF_4019,1_1_SF_4019_13,1_1_SF_4019_13
1,2023,1,4019,SF,14,1,4.000,0.136,47.000,0.000,0.000,2,1,1_1,1_1_SF_4019,1_1_SF_4019_14,1_1_SF_4019_14
1,2023,1,4019,SF,15,1,2.000,0.255,942.000,10.000,0.000,2,1,1_1,1_1_SF_4019,1_1_SF_4019_15,1_1_SF_4019_15
1,2023,1,4019,SF,16,1,10.000,0.069,76.000,10.000,0.000,2,1,1_1,1_1_SF_4019,1_1_SF_4019_16,1_1_SF_4019_16
1,2023,1,4019,SF,17,1,10.000,0.864,957.500,10.000,0.000,2,1,1_1,1_1_SF_4019,1_1_SF_4019_17,1_1_SF_4019_17
1,2023,1,4019,SF,18,1,2.000,0.013,70.000,10.000,0.000,2,1,1_1,1_1_SF_4019,1_1_SF_4019_18,1_1_SF_4019_18
1,2023,1,4019,SF,19,1,7.000,0.044,70.000,10.000,0.000,2,1,1_1,1_1_SF_4019,1_1_SF_4019_19,1_1_SF_4019_19
1,2023,1,4019,SF,20,1,12.000,0.048,44.000,10.000,0.000,2,1,1_1,1_1_SF_4019,1_1_SF_4019_20,1_1_SF_4019_20
1,2023,1,4019,SF,21,1,4.000,0.025,68.000,10.000,0.000,2,1,1_1,1_1_SF_4019,1_1_SF_4019_21,1_1_SF_4019_21
1,2023,1,4019,SF,22,1,14.000,0.086,68.000,10.000,0.000,2,1,1_1,1_1_SF_4019,1_1_SF_4019_22,1_1_SF_4019_22
1,2023,1,4019,SF,23,1,4.000,0.021,58.000,10.000,0.000,2,1,1_1,1_1_SF_4019,1_1_SF_4019_23,1_1_SF_4019_23
1,2023,1,4019,SF,24,1,14.000,0.073,58.000,10.000,0.000,2,1,1_1,1_1_SF_4019,1_1_SF_4019_24,1_1_SF_4019_24
1,2023,1,4019,SF,25,1,1.000,0.002,37.000,0.000,0.000,2,1,1_1,1_1_SF_4019,1_1_SF_4019_25,1_1_SF_4019_25
1,2023,1,4019,SF,26,1,1.000,0.001,20.000,0.000,0.000,2,1,1_1,1_1_SF_4019,1_1_SF_4019_26,1_1_SF_4019_26
1,2023,1,4019,SF,27,1,4.000,0.014,60.000,0.000,0.000,2,1,1_1,1_1_SF_4019,1_1_SF_4019_27,1_1_SF_4019_27
1,2023,1,4019,SF,28,1,2.000,0.116,1815.000,0.000,0.000,2,1,1_1,1_1_SF_4019,1_1_SF_4019_28,1_1_SF_4019_28
1,2023,1,4019,SF,29,1,4.000,0.113,885.000,0.000,0.000,2,1,1_1,1_1_SF_4019,1_1_SF_4019_29,1_1_SF_4019_29
1,2023,1,4021,SF,2,1,1.000,1.700,1700.000,0.000,0.000,2,1,1_1,1_1_SF_4021,1_1_SF_4021_2,1_1_SF_4021_2
1,2023,1,4021,SF,3,1,1.000,1.500,1500.000,0.000,0.000,2,1,1_1,1_1_SF_4021,1_1_SF_4021_3,1_1_SF_4021_3
1,2023,1,4021,SF,10,1,1.000,0.048,48.000,0.000,0.000,2,1,1_1,1_1_SF_4021,1_1_SF_4021_10,1_1_SF_4021_10
1,2023,1,4021,SF,11,1,1.000,0.052,52.000,0.000,0.000,2,1,1_1,1_1_SF_4021,1_1_SF_4021_11,1_1_SF_4021_11
1,2023,1,4021,SF,12,1,1.000,0.005,5.000,0.000,0.000,2,1,1_1,1_1_SF_4021,1_1_SF_4021_12,1_1_SF_4021_12
1,2023,1,4023,SF,1,1,1.000,0.129,795.000,24.000,0.000,2,1,1_1,1_1_SF_4023,1_1_SF_4023_1,1_1_SF_4023_1
1,2023,1,4024,SF,1,1,1.000,0.129,795.000,24.000,0.000,2,1,1_1,1_1_SF_4024,1_1_SF_4024_1,1_1_SF_4024_1
1,2023,1,4025,SF,1,1,1.000,0.003,110.001,9.000,0.000,2,1,1_1,1_1_SF_4025,1_1_SF_4025_1,1_1_SF_4025_1
1,2023,1,4026,SF,1,1,1.000,0.118,795.000,22.000,0.000,2,1,1_1,1_1_SF_4026,1_1_SF_4026_1,1_1_SF_4026_1
1,2023,1,4027,SF,1,1,1.000,0.129,795.000,24.000,0.000,2,1,1_1,1_1_SF_4027,1_1_SF_4027_1,1_1_SF_4027_1
1,2023,1,4028,SF,1,1,1.000,0.129,795.000,24.000,0.000,2,1,1_1,1_1_SF_4028,1_1_SF_4028_1,1_1_SF_4028_1
1,2023,1,4029,SF,1,1,1.000,0.003,100.000,10.500,0.000,2,1,1_1,1_1_SF_4029,1_1_SF_4029_1,1_1_SF_4029_1
1,2023,1,4030,SF,1,1,1.000,0.118,795.000,22.000,0.000,2,1,1_1,1_1_SF_4030,1_1_SF_4030_1,1_1_SF_4030_1
1,2023,1,4031,SF,1,1,1.000,0.129,795.000,24.000,0.000,2,1,1_1,1_1_SF_4031,1_1_SF_4031_1,1_1_SF_4031_1
1,2023,1,4032,SF,1,1,1.000,0.129,795.000,24.000,0.000,2,1,1_1,1_1_SF_4032,1_1_SF_4032_1,1_1_SF_4032_1
1,2023,1,4033,SF,1,1,1.000,0.003,110.000,10.000,0.000,2,1,1_1,1_1_SF_4033,1_1_SF_4033_1,1_1_SF_4033_1
1,2023,1,4034,SF,1,1,1.000,0.118,795.000,22.000,0.000,2,1,1_1,1_1_SF_4034,1_1_SF_4034_1,1_1_SF_4034_1
1,2023,1,4035,SF,1,1,1.000,0.129,795.000,24.000,0.000,2,1,1_1,1_1_SF_4035,1_1_SF_4035_1,1_1_SF_4035_1
1,2023,1,4036,SF,1,1,1.000,0.129,795.000,24.000,0.000,2,1,1_1,1_1_SF_4036,1_1_SF_4036_1,1_1_SF_4036_1
1,2023,1,4037,SF,1,1,1.000,0.003,110.000,10.000,0.000,2,1,1_1,1_1_SF_4037,1_1_SF_4037_1,1_1_SF_4037_1
1,2023,1,3998,SF,2,1,4.500,2.766,275.000,0.000,0.000,2,1,1_1,1_1_SF_3998,1_1_SF_3998_2,1_1_SF_3998_2
1,2023,1,4040,SF,1,1,1.000,0.008,48.000,22.000,0.000,2,1,1_1,1_1_SF_4040,1_1_SF_4040_1,1_1_SF_4040_1
1,2023,1,4055,SF,1,1,1.000,0.525,235.000,0.000,0.000,2,1,1_1,1_1_SF_4055,1_1_SF_4055_1,1_1_SF_4055_1
1,2023,1,4055,SF,3,1,1.000,0.767,1050.000,0.000,0.000,2,1,1_1,1_1_SF_4055,1_1_SF_4055_3,1_1_SF_4055_3
1,2023,1,4055,SF,4,1,2.000,0.211,290.000,0.000,0.000,2,1,1_1,1_1_SF_4055,1_1_SF_4055_4,1_1_SF_4055_4
1,2023,1,3930,SF,1,1,1.000,0.156,406.000,85.000,0.000,2,1,1_1,1_1_SF_3930,1_1_SF_3930_1,1_1_SF_3930_1
1,2023,1,3931,SF,1,1,1.000,0.057,175.000,48.000,0.000,2,1,1_1,1_1_SF_3931,1_1_SF_3931_1,1_1_SF_3931_1
1,2023,1,3932,SF,1,1,1.000,0.009,72.000,19.000,0.000,2,1,1_1,1_1_SF_3932,1_1_SF_3932_1,1_1_SF_3932_1
1,2023,1,4041,SF,2,1,1.000,5.000,5000.000,0.000,0.000,2,1,1_1,1_1_SF_4041,1_1_SF_4041_2,1_1_SF_4041_2
1,2023,1,4041,SF,8,1,1.000,0.050,50.000,0.000,0.000,2,1,1_1,1_1_SF_4041,1_1_SF_4041_8,1_1_SF_4041_8
1,2023,1,4041,SF,9,1,1.000,0.050,50.000,0.000,0.000,2,1,1_1,1_1_SF_4041,1_1_SF_4041_9,1_1_SF_4041_9
1,2023,1,4041,SF,10,1,1.000,0.005,5.000,0.000,0.000,2,1,1_1,1_1_SF_4041,1_1_SF_4041_10,1_1_SF_4041_10
1,2023,1,4041,SF,11,1,1.000,0.180,210.000,15.000,0.000,2,1,1_1,1_1_SF_4041,1_1_SF_4041_11,1_1_SF_4041_11
1,2023,1,4042,SF,1,1,1.000,0.072,72.000,0.000,0.000,2,1,1_1,1_1_SF_4042,1_1_SF_4042_1,1_1_SF_4042_1
1,2023,1,4043,SF,1,1,1.000,0.029,29.000,0.000,0.000,2,1,1_1,1_1_SF_4043,1_1_SF_4043_1,1_1_SF_4043_1
1,2023,1,4044,SF,1,1,1.000,0.033,33.000,0.000,0.000,2,1,1_1,1_1_SF_4044,1_1_SF_4044_1,1_1_SF_4044_1
1,2023,1,4045,SF,1,1,1.000,0.049,49.000,0.000,0.000,2,1,1_1,1_1_SF_4045,1_1_SF_4045_1,1_1_SF_4045_1
1,2023,1,4046,SF,1,1,1.000,0.019,19.000,0.000,0.000,2,1,1_1,1_1_SF_4046,1_1_SF_4046_1,1_1_SF_4046_1
1,2023,1,4047,SF,1,1,1.000,0.042,42.000,0.000,0.000,2,1,1_1,1_1_SF_4047,1_1_SF_4047_1,1_1_SF_4047_1
1,2023,1,4048,SF,1,1,1.000,0.018,18.000,0.000,0.000,2,1,1_1,1_1_SF_4048,1_1_SF_4048_1,1_1_SF_4048_1
1,2023,1,4055,SF,5,1,112.000,0.808,82.000,13.000,0.000,2,1,1_1,1_1_SF_4055,1_1_SF_4055_5,1_1_SF_4055_5
1,2023,1,3998,SF,3,1,4.000,1.454,250.000,0.000,0.000,2,1,1_1,1_1_SF_3998,1_1_SF_3998_3,1_1_SF_3998_3
1,2023,1,4049,SF,1,1,1.000,0.015,15.000,0.000,0.000,2,1,1_1,1_1_SF_4049,1_1_SF_4049_1,1_1_SF_4049_1
1,2023,1,4051,SF,1,1,1.000,0.017,17.000,0.000,0.000,2,1,1_1,1_1_SF_4051,1_1_SF_4051_1,1_1_SF_4051_1
1,2023,1,4050,SF,1,1,1.000,0.021,21.000,0.000,0.000,2,1,1_1,1_1_SF_4050,1_1_SF_4050_1,1_1_SF_4050_1
1,2023,1,4052,SF,1,1,1.000,0.648,290.000,0.000,0.000,2,1,1_1,1_1_SF_4052,1_1_SF_4052_1,1_1_SF_4052_1
1,2023,1,4052,SF,2,1,1.000,0.578,295.000,0.000,0.000,2,1,1_1,1_1_SF_4052,1_1_SF_4052_2,1_1_SF_4052_2
1,2023,1,4052,SF,3,1,1.000,6.819,1390.000,0.000,0.000,2,1,1_1,1_1_SF_4052,1_1_SF_4052_3,1_1_SF_4052_3
1,2023,1,4052,SF,4,1,11.000,1.480,218.000,0.000,0.000,2,1,1_1,1_1_SF_4052,1_1_SF_4052_4,1_1_SF_4052_4
1,2023,1,4052,SF,5,1,11.000,0.563,80.000,40.000,0.000,2,1,1_1,1_1_SF_4052,1_1_SF_4052_5,1_1_SF_4052_5
1,2023,1,4052,SF,8,1,22.000,1.760,80.000,0.000,0.000,2,1,1_1,1_1_SF_4052,1_1_SF_4052_8,1_1_SF_4052_8
1,2023,1,4052,SF,9,1,1.000,0.333,333.000,0.000,0.000,2,1,1_1,1_1_SF_4052,1_1_SF_4052_9,1_1_SF_4052_9
1,2023,1,4052,SF,10,1,1.000,1.200,1200.000,0.000,0.000,2,1,1_1,1_1_SF_4052,1_1_SF_4052_10,1_1_SF_4052_10
1,2023,1,3934,SF,1,1,1.014,0.102,745.000,20.000,0.000,2,1,1_1,1_1_SF_3934,1_1_SF_3934_1,1_1_SF_3934_1
1,2023,1,3935,SF,1,1,1.000,0.005,70.000,10.000,0.000,2,1,1_1,1_1_SF_3935,1_1_SF_3935_1,1_1_SF_3935_1
1,2023,1,4038,SF,1,1,1.000,0.203,600.000,50.000,0.000,2,1,1_1,1_1_SF_4038,1_1_SF_4038_1,1_1_SF_4038_1
1,2023,1,4038,SF,2,1,1.000,0.101,300.000,50.000,0.000,2,1,1_1,1_1_SF_4038,1_1_SF_4038_2,1_1_SF_4038_2
1,2023,1,4038,SF,3,1,1.000,0.088,500.000,13.000,0.000,2,1,1_1,1_1_SF_4038,1_1_SF_4038_3,1_1_SF_4038_3
1,2023,1,3998,SF,5,1,4.000,8.142,1400.000,0.000,0.000,2,1,1_1,1_1_SF_3998,1_1_SF_3998_5,1_1_SF_3998_5
1,2023,1,3998,SF,6,1,4.000,1.861,320.000,0.000,0.000,2,1,1_1,1_1_SF_3998,1_1_SF_3998_6,1_1_SF_3998_6
1,2023,1,3998,SF,7,1,4.000,6.398,1100.000,0.000,0.000,2,1,1_1,1_1_SF_3998,1_1_SF_3998_7,1_1_SF_3998_7
1,2023,1,3998,SF,8,1,2.000,0.931,320.000,0.000,0.000,2,1,1_1,1_1_SF_3998,1_1_SF_3998_8,1_1_SF_3998_8
1,2023,1,3998,SF,9,1,1.000,2.036,1400.000,0.000,0.000,2,1,1_1,1_1_SF_3998,1_1_SF_3998_9,1_1_SF_3998_9
1,2023,1,3998,SF,10,1,20.000,4.672,320.000,0.000,0.000,2,1,1_1,1_1_SF_3998,1_1_SF_3998_10,1_1_SF_3998_10
1,2023,1,4056,SF,2,1,1.000,5.131,3187.000,0.000,0.000,2,1,1_1,1_1_SF_4056,1_1_SF_4056_2,1_1_SF_4056_2
1,2023,1,4020,SF,2,1,1.000,1.500,1500.000,0.000,0.000,2,1,1_1,1_1_SF_4020,1_1_SF_4020_2,1_1_SF_4020_2
1,2023,1,4020,SF,9,1,1.000,0.050,50.000,0.000,0.000,2,1,1_1,1_1_SF_4020,1_1_SF_4020_9,1_1_SF_4020_9
1,2023,1,4020,SF,10,1,1.000,0.050,50.000,0.000,0.000,2,1,1_1,1_1_SF_4020,1_1_SF_4020_10,1_1_SF_4020_10
1,2023,1,4020,SF,11,1,1.000,0.003,2.500,0.000,0.000,2,1,1_1,1_1_SF_4020,1_1_SF_4020_11,1_1_SF_4020_11
