empresa,codigo,clv_art,codigo_a,tipo,tipo_art,ficha_cerrada,fecha_baja,empresa_id,name
1,.YESMSV,,Y,7,,,,1,1_.YESMSV
1,.W987,,W,9,,,,1,1_.W987
1,12/80201,,CV12,6,,1,2002-01-01,1,1_12/80201
1,12/PP00015M,,CV12,6,,0,,1,1_12/PP00015M
1,54/34008,,TA54,1,,,,1,1_54/34008
1,12/70209,,CV12,6,,0,,1,1_12/70209
1,12/PG05011,,CV12,6,,0,,1,1_12/PG05011
1,.5,,PI05,5,,,,1,1_.5
1,PR/0820/0027,,TI02,2,,0,,1,1_PR/0820/0027
1,02/09443R,,TI02,2,,0,,1,1_02/09443R
1,13/9,,CA13,3,,0,,1,1_13/9
1,PR/1645/0006,,TA01,1,,0,,1,1_PR/1645/0006
1,.W1,,W,9,,0,,1,1_.W1
1,04/063200002,,PL04,4,,0,,1,1_04/063200002
1,55/00503MP,,TI55,2,,0,,1,1_55/00503MP
1,02/08748A,,TI02,2,,0,,1,1_02/08748A
1,02/08656AR,,TI02,2,,0,,1,1_02/08656AR
1,01/09028,,TA01,1,,0,,1,1_01/09028
1,02/08775,,TI02,2,,0,,1,1_02/08775
1,52/450108,,TA52,1,,0,,1,1_52/450108
1,02/08774,,TI02,2,,0,,1,1_02/08774
1,01/09027R,,TA01,1,,0,,1,1_01/09027R
1,01/00337CR,,TA01,1,,0,,1,1_01/00337CR
1,01/08951R,,TA01,1,,0,,1,1_01/08951R
1,01/00369,,TA01,1,,0,,1,1_01/00369
1,02/08776,,TI02,2,,0,,1,1_02/08776
1,03/00398,,CA03,3,,0,,1,1_03/00398
1,03/00099RM,,CA03,3,,0,,1,1_03/00099RM
1,53/451510,,TA53,1,,0,,1,1_53/451510
1,03/2321050,,CA03,3,,0,,1,1_03/2321050
1,01/00370,,TA01,1,,0,,1,1_01/00370
1,01/09028M,,TA01,1,,0,,1,1_01/09028M
1,01/09028M1,,TA01,1,,0,,1,1_01/09028M1
1,03/2221050,,CA03,3,,0,,1,1_03/2221050
1,02/08777,,TI02,2,,0,,1,1_02/08777
1,02/08777M,,TI02,2,,0,,1,1_02/08777M
1,02/0775601,,TI02,2,,0,,1,1_02/0775601
1,01/08926R,,TA01,1,,0,,1,1_01/08926R
1,12/PG04983,,CV12,6,,0,,1,1_12/PG04983
1,01/00371,,TA01,1,,0,,1,1_01/00371
1,02/08558AR,,TI02,2,,0,,1,1_02/08558AR
1,01/08813,,TA01,1,,0,,1,1_01/08813
1,12/252509,,CV12,6,,0,,1,1_12/252509
1,01/08806A,,TA01,1,,0,,1,1_01/08806A
1,01/08806AM,,TA01,1,,0,,1,1_01/08806AM
1,01/09027,,TA01,1,,,,1,1_01/09027
1,54/994010MP,,TA54,1,,0,,1,1_54/994010MP
1,01/09030,,TA01,1,,0,,1,1_01/09030
1,01/09031,,TA01,1,,0,,1,1_01/09031
1,01/09032,,TA01,1,,0,,1,1_01/09032
1,01/09033,,TA01,1,,0,,1,1_01/09033
1,12/00450,,CV12,6,,0,,1,1_12/00450
1,01/09034,,TA01,1,,0,,1,1_01/09034
1,02/08774R,,TI02,2,,0,,1,1_02/08774R
1,03/5531070,,CA03,3,,0,,1,1_03/5531070
1,02/08370A,,TI02,2,,0,,1,1_02/08370A
1,01/09038,,TA01,1,,0,,1,1_01/09038
1,ABCA,,,3,,0,,1,1_ABCA
1,03/00214,,CA03,3,,0,,1,1_03/00214
1,91/03021,,XTA91,8,,,,1,1_91/03021
1,03/00183R,,CA03,3,,0,,1,1_03/00183R
1,02/08778,,TI02,2,,0,,1,1_02/08778
1,02/08779,,TI02,2,,0,,1,1_02/08779
1,01/09035,,TA01,1,,0,,1,1_01/09035
1,12/252010,,CV12,6,,0,,1,1_12/252010
1,12/80662,,CV12,6,,0,,1,1_12/80662
1,02/09971,,TI02,2,,0,,1,1_02/09971
1,02/08242M,,TI02,2,,0,,1,1_02/08242M
1,03/00215,,CA03,3,,0,,1,1_03/00215
1,12/80962,,CV12,6,,0,,1,1_12/80962
1,02/07999,,TI02,2,,0,,1,1_02/07999
1,02/08782,,TI02,2,,0,,1,1_02/08782
1,01/08891AR,,TA01,1,,0,,1,1_01/08891AR
1,12/900221,,CV12,6,,0,,1,1_12/900221
1,12/900221M,,CV12,6,,0,,1,1_12/900221M
1,12/PP00023,,CV12,6,,0,,1,1_12/PP00023
1,01/09029,,TA01,1,,0,,1,1_01/09029
1,04/20026,,PL04,4,,0,,1,1_04/20026
1,01/09037,,TA01,1,,0,,1,1_01/09037
1,01/09037R,,TA01,1,,0,,1,1_01/09037R
1,01/08813-4,,TA01,1,,0,,1,1_01/08813-4
1,01/0881304M,,TA01,1,,0,,1,1_01/0881304M
1,01/08813-29,,TA01,1,,0,,1,1_01/08813-29
1,01/08813-30,,TA01,1,,0,,1,1_01/08813-30
1,01/08813-34,,TA01,1,,0,,1,1_01/08813-34
1,01/08813-35,,TA01,1,,0,,1,1_01/08813-35
1,01/08813-56,,TA01,1,,0,,1,1_01/08813-56
1,02/08784,,TI02,2,,0,,1,1_02/08784
1,02/08785,,TI02,2,,0,,1,1_02/08785
1,02/08786,,TI02,2,,0,,1,1_02/08786
1,12/RQ00018,,CV12,6,,0,,1,1_12/RQ00018
1,12/80686,,CV12,6,,0,,1,1_12/80686
1,01/09005B,,TA01,1,,0,,1,1_01/09005B
1,01/09009B,,TA01,1,,0,,1,1_01/09009B
1,01/09007B,,TA01,1,,0,,1,1_01/09007B
1,03/00216,,CA03,3,,0,,1,1_03/00216
1,01/09039,,TA01,1,,0,,1,1_01/09039
1,01/09040,,TA01,1,,0,,1,1_01/09040
1,01/09041,,TA01,1,,0,,1,1_01/09041
1,01/09042,,TA01,1,,0,,1,1_01/09042
1,57/00004,,TA57,1,,0,,1,1_57/00004
1,01/09043,,TA01,1,,0,,1,1_01/09043
1,55/8160822,,TI02,2,,0,,1,1_55/8160822
1,55/8160822M,,TI55,2,,0,,1,1_55/8160822M
1,01/00342B,,TA01,1,,0,,1,1_01/00342B
1,01/09045,,TA01,1,,0,,1,1_01/09045
1,01/09046,,TA01,1,,0,,1,1_01/09046
1,01/09047,,TA01,1,,0,,1,1_01/09047
1,10/00013,,TI10,2,,0,,1,1_10/00013
1,01/00353AR,,TA01,1,,0,,1,1_01/00353AR
1,01/00352AR,,TA01,1,,0,,1,1_01/00352AR
1,02/08542A,,TI02,2,,0,,1,1_02/08542A
1,12/RQ00018M,,CV12,6,,0,,1,1_12/RQ00018M
1,01/09047M,,TA01,1,,0,,1,1_01/09047M
1,12/PG05531,,CV12,6,,0,,1,1_12/PG05531
1,12/PG05532,,CV12,6,,0,,1,1_12/PG05532
1,TA11,,,1,,,,1,1_TA11
1,TA01,,,1,,,,1,1_TA01
1,TA00,,,1,,,,1,1_TA00
1,TA,,,1,,,,1,1_TA
1,TA25,,,1,,,,1,1_TA25
1,TA26,,,1,,,,1,1_TA26
1,TA27,,,1,,,,1,1_TA27
1,TA28,,,1,,,,1,1_TA28
1,TA51,,,1,,,,1,1_TA51
1,TA52,,,1,,,,1,1_TA52
1,TA53,,,1,,,,1,1_TA53
1,TA54,,,1,,,,1,1_TA54
1,TA57,,,1,,,,1,1_TA57
1,TA56,,,1,,,,1,1_TA56
1,TA58,,,1,,,,1,1_TA58
1,TA70,,,1,,,,1,1_TA70
1,TI,,,2,,,,1,1_TI
1,02/08767R,,TI02,2,,0,,1,1_02/08767R
1,TI02,,,2,,,,1,1_TI02
1,TI10,,,2,,,,1,1_TI10
1,TI55,,,2,,,,1,1_TI55
1,CA,,,3,,,,1,1_CA
1,CA03,,,3,,,,1,1_CA03
1,01/10283,,TA01,1,,0,,1,1_01/10283
1,CA13,,,3,,,,1,1_CA13
1,PL,,,4,,,,1,1_PL
1,PL04,,,4,,,,1,1_PL04
1,PL80,,,4,,,,1,1_PL80
1,53/35010,,TA53,1,,,,1,1_53/35010
1,CV12,,,6,,,,1,1_CV12
1,03/00026,,CA03,3,,0,,1,1_03/00026
1,12/00025,,CV12,6,,,,1,1_12/00025
1,02/07167,,TI02,2,,,,1,1_02/07167
1,TA01/99999,,101,1,,,,1,1_TA01/99999
1,TI90/99999,,XTI92,8,,,,1,1_TI90/99999
1,03/00217,,CA03,3,,0,,1,1_03/00217
1,04/00099,,PL04,4,,,,1,1_04/00099
1,PL90/99999,,XPL94,8,,,,1,1_PL90/99999
1,CA90/99999,,XCA93,8,,,,1,1_CA90/99999
1,02/07893,,TI02,2,,,,1,1_02/07893
1,01/08224,,TA01,1,,,,1,1_01/08224
1,03/00217M,,CA03,3,,0,,1,1_03/00217M
1,12/8000,,CV12,6,,,,1,1_12/8000
1,51/00250,,TA51,1,,,,1,1_51/00250
1,51/00120,,TA51,1,,,,1,1_51/00120
1,01/00339B,,TA01,1,,0,,1,1_01/00339B
1,51/00100,,TA51,1,,,,1,1_51/00100
1,03/00126,,CA03,3,,0,,1,1_03/00126
1,CA03/99999,,103,3,,,,1,1_CA03/99999
1,13/10506,,CA13,3,,,,1,1_13/10506
1,12/PP00024,,CV12,6,,0,,1,1_12/PP00024
1,57/00010MP,,TA57,1,,0,,1,1_57/00010MP
1,02/08787,,TI02,2,,0,,1,1_02/08787
1,02/08788,,TI02,2,,0,,1,1_02/08788
1,12/70065,,CV12,6,,0,,1,1_12/70065
1,02/08789,,TI02,2,,0,,1,1_02/08789
1,02/08790,,TI02,2,,0,,1,1_02/08790
1,02/08789M,,TI02,2,,0,,1,1_02/08789M
1,02/08790M,,TI02,2,,0,,1,1_02/08790M
1,12/PG00010,,CV12,6,,0,,1,1_12/PG00010
1,01/00373,,TA01,1,,0,,1,1_01/00373
1,12/421807,,CV12,6,,0,,1,1_12/421807
1,02/08791,,TI02,2,,0,,1,1_02/08791
1,02/08792,,TI02,2,,0,,1,1_02/08792
1,02/08793,,TI02,2,,0,,1,1_02/08793
1,02/08793M,,TI02,2,,0,,1,1_02/08793M
1,02/08794,,TI02,2,,0,,1,1_02/08794
1,01/09048R,,TA01,1,,0,,1,1_01/09048R
1,02/001600001,,TI02,2,,0,,1,1_02/001600001
1,01/09044,,TA01,1,,0,,1,1_01/09044
1,04/00059,,PL04,4,,0,,1,1_04/00059
1,12/80101A,,CV12,6,,0,,1,1_12/80101A
1,04/00059A,,PL04,4,,0,,1,1_04/00059A
1,01/00374,,TA01,1,,0,,1,1_01/00374
1,01/09049,,TA01,1,,0,,1,1_01/09049
1,01/09050,,TA01,1,,0,,1,1_01/09050
1,02/08798,,TI02,2,,0,,1,1_02/08798
1,01/00375,,TA01,1,,0,,1,1_01/00375
1,02/08795,,TI02,2,,0,,1,1_02/08795
1,02/08795M,,TI02,2,,0,,1,1_02/08795M
1,02/08796,,TI02,2,,0,,1,1_02/08796
1,02/08796M,,TI02,2,,0,,1,1_02/08796M
1,02/08797,,TI02,2,,0,,1,1_02/08797
1,02/08797M,,TI02,2,,0,,1,1_02/08797M
1,04/01201,,PL04,4,,0,,1,1_04/01201
1,04/01202,,PL04,4,,0,,1,1_04/01202
1,04/01203,,PL04,4,,0,,1,1_04/01203
1,02/08800,,TI02,2,,0,,1,1_02/08800
1,02/08801,,TI02,2,,0,,1,1_02/08801
1,02/08802,,TI02,2,,0,,1,1_02/08802
1,02/08801M,,TI02,2,,0,,1,1_02/08801M
1,91/80092,,XTA91,8,,,,1,1_91/80092
1,01/09051R,,TA01,1,,0,,1,1_01/09051R
1,02/08803,,TI02,2,,0,,1,1_02/08803
1,PR/2013/0024,,TI02,2,,0,,1,1_PR/2013/0024
1,92/00103,,XTI92,8,,,,1,1_92/00103
1,PR/1007/0081,,TA01,1,,0,,1,1_PR/1007/0081
1,02/08806,,TI02,2,,0,,1,1_02/08806
1,03/00218,,CA03,3,,0,,1,1_03/00218
1,12/70013A01,,CV12,6,,0,,1,1_12/70013A01
1,PR/0267/0308,,TI02,2,,0,,1,1_PR/0267/0308
1,12/PG05132,,CV12,6,,0,,1,1_12/PG05132
1,01/10331,,TA01,1,,0,,1,1_01/10331
1,01/09051,,TA01,1,,,,1,1_01/09051
1,01/09053,,TA01,1,,0,,1,1_01/09053
1,01/09054,,TA01,1,,0,,1,1_01/09054
1,02/08799,,TI02,2,,0,,1,1_02/08799
1,02/08807,,TI02,2,,0,,1,1_02/08807
1,01/00375A,,TA01,1,,0,,1,1_01/00375A
1,02/08808,,TI02,2,,0,,1,1_02/08808
1,12/70105R,,CV12,6,,0,,1,1_12/70105R
1,.ROPA TRABAJO,,AVCTA,0,,,,1,1_.ROPA TRABAJO
1,01/00339BR,,TA01,1,,0,,1,1_01/00339BR
1,01/0905301,,TA01,1,,0,,1,1_01/0905301
1,01/0905302,,TA01,1,,0,,1,1_01/0905302
1,01/0905303,,TA01,1,,0,,1,1_01/0905303
1,01/0905401,,TA01,1,,0,,1,1_01/0905401
1,01/09053M3,,TA01,1,,0,,1,1_01/09053M3
1,01/09054M1,,TA01,1,,0,,1,1_01/09054M1
1,01/09053M4,,TA01,1,,0,,1,1_01/09053M4
1,01/09055,,TA01,1,,0,,1,1_01/09055
1,01/09016R,,TA01,1,,0,,1,1_01/09016R
1,02/08809,,TI02,2,,0,,1,1_02/08809
1,55/03502MP,,TI55,2,,0,,1,1_55/03502MP
1,01/00375B,,TA01,1,,0,,1,1_01/00375B
1,02/08623B,,TI02,2,,0,,1,1_02/08623B
1,10/116100,,TI10,2,,0,,1,1_10/116100
1,10/116100M,,TI02,2,,0,,1,1_10/116100M
1,01/09056,,TA01,1,,0,,1,1_01/09056
1,02/08810,,TI02,2,,0,,1,1_02/08810
1,01/08965R,,TA01,1,,0,,1,1_01/08965R
1,01/09058,,TA01,1,,0,,1,1_01/09058
1,02/08812,,TI02,2,,0,,1,1_02/08812
1,01/09059,,TA01,1,,0,,1,1_01/09059
1,01/09057,,TA01,1,,0,,1,1_01/09057
1,01/09060,,TA01,1,,0,,1,1_01/09060
1,56/00050,,TA56,1,,0,,1,1_56/00050
1,02/08748B,,TI02,2,,,,1,1_02/08748B
1,02/08748C,,TI02,2,,,,1,1_02/08748C
1,03/1423048,,CA03,3,,0,,1,1_03/1423048
1,PR/LEHI/0001,,TA01,1,,0,,1,1_PR/LEHI/0001
1,10/10143M,,TI10,2,,0,,1,1_10/10143M
1,01/00375C,,TA01,1,,,,1,1_01/00375C
1,12/PG05201,,CV12,6,,0,,1,1_12/PG05201
1,12/PG05202,,CV12,6,,0,,1,1_12/PG05202
1,12/PG05203,,CV12,6,,0,,1,1_12/PG05203
1,01/00348R,,TA01,1,,0,,1,1_01/00348R
1,01/00318R,,TA01,1,,0,,1,1_01/00318R
1,12/80300R,,CV12,6,,0,,1,1_12/80300R
1,12/PG00118,,CV12,6,,0,,1,1_12/PG00118
1,12/007100001,,CV12,6,,0,,1,1_12/007100001
1,02/08813,,TI02,2,,0,,1,1_02/08813
1,PR/1856/0001,,TA01,1,,0,,1,1_PR/1856/0001
1,01/10306,,TA01,1,,0,,1,1_01/10306
1,10/00276,,TI10,2,,0,,1,1_10/00276
1,11/40071,,TA11,1,,0,,1,1_11/40071
1,02/08811,,TI02,2,,0,,1,1_02/08811
1,01/00354AR,,TA01,1,,,,1,1_01/00354AR
1,04/00719,,PL04,4,,0,,1,1_04/00719
1,02/08815,,TI02,2,,0,,1,1_02/08815
1,02/08815M,,TI02,2,,0,,1,1_02/08815M
1,02/08818,,TI02,2,,0,,1,1_02/08818
1,02/08817,,TI02,2,,0,,1,1_02/08817
1,02/08814,,TI02,2,,0,,1,1_02/08814
1,02/08816,,TI02,2,,0,,1,1_02/08816
1,02/08819,,TI02,2,,0,,1,1_02/08819
1,02/08701A,,TI02,2,,0,,1,1_02/08701A
1,02/08701AM,,TI02,2,,0,,1,1_02/08701AM
1,02/08821,,TI02,2,,0,,1,1_02/08821
1,12/PP00026,,CV12,6,,0,,1,1_12/PP00026
1,12/PP00027,,CV12,6,,0,,1,1_12/PP00027
1,01/00375D,,TA01,1,,0,,1,1_01/00375D
1,26/60850,,TA26,1,,0,,1,1_26/60850
1,26/6108120,,TA26,1,,0,,1,1_26/6108120
1,01/09063,,TA01,1,,0,,1,1_01/09063
1,01/09064,,TA01,1,,0,,1,1_01/09064
1,02/07891,,TI02,2,,,,1,1_02/07891
1,12/PP00028,,CV12,6,,0,,1,1_12/PP00028
1,01/09065,,TA01,1,,0,,1,1_01/09065
1,04/33701,,PL04,4,,0,,1,1_04/33701
1,02/08823,,TI02,2,,0,,1,1_02/08823
1,02/08824,,TI02,2,,0,,1,1_02/08824
1,10/10180,,TI10,2,,0,,1,1_10/10180
1,01/08282,,TA01,1,,0,,1,1_01/08282
1,.YES,,Y,7,,,,1,1_.YES
1,PL04/99999,,104,4,,,,1,1_PL04/99999
1,02/08566R,,TI02,2,,0,,1,1_02/08566R
1,AVCA,,,3,,,,1,1_AVCA
1,AVTI,,,2,,,,1,1_AVTI
1,04/00384,,PL04,4,,,,1,1_04/00384
1,AV023,,AVTI,2,,,,1,1_AV023
1,51/40010,,TA51,1,,,,1,1_51/40010
1,AV022,,AVTI,2,,,,1,1_AV022
1,02/08826,,TI02,2,,0,,1,1_02/08826
1,.13,,503,3,,,,1,1_.13
1,AVTA,,,1,,,,1,1_AVTA
1,03/00113,,CA03,3,,0,,1,1_03/00113
1,12/7000,,CV12,6,,,,1,1_12/7000
1,12/51830,,CV12,6,,,,1,1_12/51830
1,12/10000,,CV12,6,,,,1,1_12/10000
1,28/00962,,TA28,1,,,,1,1_28/00962
1,02/07886,,TI02,2,,,,1,1_02/07886
1,TA90/99999,,XTA91,8,,,,1,1_TA90/99999
1,01/08008,,TA01,1,,,,1,1_01/08008
1,51/00140,,TA51,1,,,,1,1_51/00140
1,51/00160,,TA51,1,,,,1,1_51/00160
1,51/00180,,TA51,1,,,,1,1_51/00180
1,51/00200,,TA51,1,,,,1,1_51/00200
1,52/00030,,TA52,1,,,,1,1_52/00030
1,52/00050,,TA52,1,,,,1,1_52/00050
1,52/00070,,TA52,1,,,,1,1_52/00070
1,52/00160,,TA52,1,,,,1,1_52/00160
1,53/00040,,TA53,1,,,,1,1_53/00040
1,53/00050,,TA53,1,,,,1,1_53/00050
1,53/00060,,TA53,1,,,,1,1_53/00060
1,53/00070,,TA53,1,,,,1,1_53/00070
1,53/00080,,TA53,1,,,,1,1_53/00080
1,54/00050,,TA54,1,,,,1,1_54/00050
1,54/00060,,TA54,1,,,,1,1_54/00060
1,54/00070,,TA54,1,,,,1,1_54/00070
1,54/00080,,TA54,1,,,,1,1_54/00080
1,54/00100,,TA54,1,,,,1,1_54/00100
1,55/00153,,TI55,2,,,,1,1_55/00153
1,55/00262,,TI55,2,,0,,1,1_55/00262
1,02/08827,,TI02,2,,0,,1,1_02/08827
1,55/00304,,TI55,2,,0,,1,1_55/00304
1,55/00503,,TI55,2,,0,,1,1_55/00503
1,56/00040,,TA56,1,,,,1,1_56/00040
1,56/00060,,TA56,1,,,,1,1_56/00060
1,56/00070,,TA56,1,,,,1,1_56/00070
1,56/00080,,TA56,1,,0,,1,1_56/00080
1,56/00090,,TA56,1,,,,1,1_56/00090
1,57/00006,,TA57,1,,,,1,1_57/00006
1,PR/0634/0005,,TI02,2,,0,,1,1_PR/0634/0005
1,57/00010,,TA57,1,,,,1,1_57/00010
1,57/00013,,TA57,1,,,,1,1_57/00013
1,57/00021,,TA57,1,,,,1,1_57/00021
1,55/00253,,TI55,2,,,,1,1_55/00253
1,58/00240,,TA58,1,,,,1,1_58/00240
1,58/00300,,TA58,1,,,,1,1_58/00300
1,58/10030,,TA58,1,,,,1,1_58/10030
1,58/33005,,TA58,1,,,,1,1_58/33005
1,70/01002,,TA70,1,,,,1,1_70/01002
1,70/01003,,TA70,1,,,,1,1_70/01003
1,70/01004,,TA70,1,,,,1,1_70/01004
1,70/10060,,TA70,1,,,,1,1_70/10060
1,80/00000,,PL80,4,,,,1,1_80/00000
1,80/00002,,PL80,4,,,,1,1_80/00002
1,80/00100,,PL80,4,,,,1,1_80/00100
1,80/00101,,PL80,4,,,,1,1_80/00101
1,80/00102,,PL80,4,,0,,1,1_80/00102
1,58/00160,,TA58,1,,,,1,1_58/00160
1,02/08825,,TI02,2,,0,,1,1_02/08825
1,02/08828,,TI02,2,,0,,1,1_02/08828
1,02/08825M1,,TI02,2,,,,1,1_02/08825M1
1,02/09396R,,TI02,2,,0,,1,1_02/09396R
1,13/10700,,CA13,3,,,,1,1_13/10700
1,51/00300,,TA51,1,,,,1,1_51/00300
1,51/10010,,TA51,1,,,,1,1_51/10010
1,51/10012,,TA51,1,,,,1,1_51/10012
1,51/10014,,TA51,1,,,,1,1_51/10014
1,51/10016,,TA51,1,,,,1,1_51/10016
1,51/10018,,TA51,1,,,,1,1_51/10018
1,51/10020,,TA51,1,,,,1,1_51/10020
1,51/10025,,TA51,1,,,,1,1_51/10025
1,51/32004,,TA51,1,,,,1,1_51/32004
1,51/32005,,TA51,1,,,,1,1_51/32005
1,51/32010,,TA51,1,,,,1,1_51/32010
1,51/33005,,TA51,1,,,,1,1_51/33005
1,51/33010,,TA51,1,,,,1,1_51/33010
1,51/34005,,TA51,1,,,,1,1_51/34005
1,51/34010,,TA51,1,,,,1,1_51/34010
1,51/35005,,TA51,1,,,,1,1_51/35005
1,51/35010,,TA51,1,,,,1,1_51/35010
1,51/37006,,TA51,1,,,,1,1_51/37006
1,51/40015,,TA51,1,,,,1,1_51/40015
1,51/40020,,TA51,1,,,,1,1_51/40020
1,51/40025,,TA51,1,,,,1,1_51/40025
1,51/40030,,TA51,1,,0,,1,1_51/40030
1,51/40060,,TA51,1,,,,1,1_51/40060
1,51/62626,,TA51,1,,,,1,1_51/62626
1,51/63030,,TA51,1,,,,1,1_51/63030
1,51/64040,,TA51,1,,,,1,1_51/64040
1,51/90023,,TA51,1,,,,1,1_51/90023
1,51/90025,,TA51,1,,,,1,1_51/90025
1,03/00145M,,CA03,3,,0,,1,1_03/00145M
1,51/90050,,TA51,1,,,,1,1_51/90050
1,52/00250,,TA52,1,,,,1,1_52/00250
1,52/00600,,TA52,1,,,,1,1_52/00600
1,52/10006,,TA52,1,,,,1,1_52/10006
1,52/10016,,TA52,1,,,,1,1_52/10016
1,52/20012,,TA52,1,,,,1,1_52/20012
1,52/20015,,TA52,1,,,,1,1_52/20015
1,52/20016,,TA52,1,,,,1,1_52/20016
1,52/31003,,TA52,1,,,,1,1_52/31003
1,52/31004,,TA52,1,,,,1,1_52/31004
1,52/31006,,TA52,1,,,,1,1_52/31006
1,52/31203,,TA52,1,,,,1,1_52/31203
1,52/31204,,TA52,1,,,,1,1_52/31204
1,52/31205,,TA52,1,,,,1,1_52/31205
1,52/31206,,TA52,1,,,,1,1_52/31206
1,52/31504,,TA52,1,,,,1,1_52/31504
1,52/32003,,TA52,1,,,,1,1_52/32003
1,52/32004,,TA52,1,,,,1,1_52/32004
1,52/37010,,TA52,1,,,,1,1_52/37010
1,52/40010,,TA52,1,,,,1,1_52/40010
1,52/40015,,TA52,1,,,,1,1_52/40015
1,52/40020,,TA52,1,,,,1,1_52/40020
1,52/40030,,TA52,1,,,,1,1_52/40030
1,52/59925,,TA52,1,,,,1,1_52/59925
1,52/61209,,TA52,1,,,,1,1_52/61209
1,52/62515,,TA52,1,,,,1,1_52/62515
1,52/62520,,TA52,1,,,,1,1_52/62520
1,52/62620,,TA52,1,,,,1,1_52/62620
1,02/08825M,,TI02,2,,,,1,1_02/08825M
1,53/00100,,TA53,1,,,,1,1_53/00100
1,53/00120,,TA53,1,,,,1,1_53/00120
1,53/00200,,TA53,1,,,,1,1_53/00200
1,53/00220,,TA53,1,,,,1,1_53/00220
1,53/00250,,TA53,1,,,,1,1_53/00250
1,53/00300,,TA53,1,,,,1,1_53/00300
1,53/10008,,TA53,1,,,,1,1_53/10008
1,53/10010,,TA53,1,,,,1,1_53/10010
1,53/10016,,TA53,1,,,,1,1_53/10016
1,53/32004,,TA53,1,,,,1,1_53/32004
1,53/32005,,TA53,1,,,,1,1_53/32005
1,53/32006,,TA53,1,,,,1,1_53/32006
1,53/32008,,TA53,1,,,,1,1_53/32008
1,53/32010,,TA53,1,,,,1,1_53/32010
1,53/33005,,TA53,1,,,,1,1_53/33005
1,53/33010,,TA53,1,,,,1,1_53/33010
1,53/34010,,TA53,1,,,,1,1_53/34010
1,53/40005,,TA53,1,,,,1,1_53/40005
1,53/40007,,TA53,1,,,,1,1_53/40007
1,53/40008,,TA53,1,,,,1,1_53/40008
1,53/40010,,TA53,1,,,,1,1_53/40010
1,53/40012,,TA53,1,,,,1,1_53/40012
1,53/40020,,TA53,1,,,,1,1_53/40020
1,53/40040,,TA53,1,,,,1,1_53/40040
1,03/2521124A,,CA03,3,,0,,1,1_03/2521124A
1,53/60610,,TA53,1,,,,1,1_53/60610
1,53/62410,,TA53,1,,,,1,1_53/62410
1,53/62501,,TA53,1,,,,1,1_53/62501
1,53/62502,,TA53,1,,,,1,1_53/62502
1,53/63010,,TA53,1,,,,1,1_53/63010
1,53/90100,,TA53,1,,,,1,1_53/90100
1,53/90120,,TA53,1,,,,1,1_53/90120
1,53/90150,,TA53,1,,,,1,1_53/90150
1,53/90175,,TA53,1,,,,1,1_53/90175
1,53/90200,,TA53,1,,,,1,1_53/90200
1,53/90250,,TA53,1,,,,1,1_53/90250
1,53/90300,,TA53,1,,,,1,1_53/90300
1,53/90301,,TA53,1,,,,1,1_53/90301
1,53/90350,,TA53,1,,,,1,1_53/90350
1,53/90400,,TA53,1,,,,1,1_53/90400
1,53/90251,,TA53,1,,,,1,1_53/90251
1,53/90500,,TA53,1,,,,1,1_53/90500
1,53/90600,,TA53,1,,,,1,1_53/90600
1,53/91515,,TA53,1,,,,1,1_53/91515
1,54/00030,,TA54,1,,,,1,1_54/00030
1,54/00400,,TA54,1,,,,1,1_54/00400
1,54/02000,,TA54,1,,,,1,1_54/02000
1,04/114400001,,PL04,4,,0,,1,1_04/114400001
1,02/10209,,TI02,2,,0,,1,1_02/10209
1,02/10209M,,TI02,2,,0,,1,1_02/10209M
1,12/00319,,CV12,6,,0,,1,1_12/00319
1,02/10208,,TI02,2,,0,,1,1_02/10208
1,54/32006,,TA54,1,,,,1,1_54/32006
1,54/32010,,TA54,1,,,,1,1_54/32010
1,54/33005,,TA54,1,,,,1,1_54/33005
1,54/32510,,TA54,1,,,,1,1_54/32510
1,54/33008,,TA54,1,,,,1,1_54/33008
1,54/61815,,TA54,1,,0,,1,1_54/61815
1,02/180500001,,TI02,2,,0,,1,1_02/180500001
1,55/40204MPA,,TI55,2,,0,,1,1_55/40204MPA
1,57/40040MPA,,TA57,1,,0,,1,1_57/40040MPA
1,PR/1520/0012,,TI02,2,,0,,1,1_PR/1520/0012
1,54/50005,,TA54,1,,,,1,1_54/50005
1,54/51005,,TA54,1,,,,1,1_54/51005
1,54/51608,,TA54,1,,,,1,1_54/51608
1,10/03003,,TI10,2,,,,1,1_10/03003
1,54/62502,,TA54,1,,,,1,1_54/62502
1,02/09890,,TI02,2,,0,,1,1_02/09890
1,54/90150,,TA54,1,,,,1,1_54/90150
1,02/10029AM,,TI02,2,,0,,1,1_02/10029AM
1,54/90350,,TA54,1,,,,1,1_54/90350
1,02/08760M,,TI02,2,,0,,1,1_02/08760M
1,55/01002,,TI55,2,,0,,1,1_55/01002
1,55/00604,,TI55,2,,0,,1,1_55/00604
1,55/01402,,TI55,2,,0,,1,1_55/01402
1,55/01602,,TI55,2,,0,,1,1_55/01602
1,55/01802,,TI55,2,,0,,1,1_55/01802
1,55/02102,,TI55,2,,0,,1,1_55/02102
1,55/02502,,TI55,2,,0,,1,1_55/02502
1,55/03502,,TI55,2,,0,,1,1_55/03502
1,55/03002,,TI55,2,,0,,1,1_55/03002
1,55/03802,,TI55,2,,0,,1,1_55/03802
1,55/04202,,TI55,2,,0,,1,1_55/04202
1,55/05002,,TI55,2,,0,,1,1_55/05002
1,55/05202,,TI55,2,,0,,1,1_55/05202
1,55/06002,,TI55,2,,0,,1,1_55/06002
1,12/PP330100A,,CV12,6,,0,,1,1_12/PP330100A
1,02/10223,,TI02,2,,0,,1,1_02/10223
1,02/10222,,TI02,2,,0,,1,1_02/10222
1,02/10267M,,TI02,2,,0,,1,1_02/10267M
1,57/38040,,TA57,1,,0,,1,1_57/38040
1,55/20008,,TI55,2,,0,,1,1_55/20008
1,55/20010,,TI55,2,,0,,1,1_55/20010
1,55/20013,,TI55,2,,0,,1,1_55/20013
1,55/20017,,TI55,2,,,,1,1_55/20017
1,55/20019,,TI55,2,,0,,1,1_55/20019
1,12/80014,,CV12,6,,0,,1,1_12/80014
1,01/10087,,TA01,1,,0,,1,1_01/10087
1,55/65410A,,TI55,2,,0,,1,1_55/65410A
1,55/40071,,TI55,2,,0,,1,1_55/40071
1,55/40073,,TI55,2,,0,,1,1_55/40073
1,55/40074,,TI55,2,,0,,1,1_55/40074
1,55/40093,,TI55,2,,,,1,1_55/40093
1,55/40101,,TI55,2,,0,,1,1_55/40101
1,55/40102,,TI55,2,,0,,1,1_55/40102
1,55/40104,,TI55,2,,0,,1,1_55/40104
1,55/40152,,TI55,2,,0,,1,1_55/40152
1,55/40153,,TI55,2,,0,,1,1_55/40153
1,55/40163,,TI55,2,,0,,1,1_55/40163
1,55/40202,,TI55,2,,0,,1,1_55/40202
1,PR/1641/0009,,TA01,1,,0,,1,1_PR/1641/0009
1,55/40252,,TI55,2,,0,,1,1_55/40252
1,55/40302,,TI55,2,,0,,1,1_55/40302
1,55/40502,,TI55,2,,0,,1,1_55/40502
1,55/40602,,TI55,2,,0,,1,1_55/40602
1,02/10031,,TI02,2,,0,,1,1_02/10031
1,PR/0301/0030,,TA01,1,,0,,1,1_PR/0301/0030
1,55/81608,,TI55,2,,,,1,1_55/81608
1,55/92510,,TI55,2,,,,1,1_55/92510
1,55/94001,,TI55,2,,,,1,1_55/94001
1,56/00120,,TA56,1,,,,1,1_56/00120
1,56/00500,,TA56,1,,,,1,1_56/00500
1,PR/1272/0002,,TA01,1,,0,,1,1_PR/1272/0002
1,12/PP00090,,CV12,6,,0,,1,1_12/PP00090
1,56/10014,,TA56,1,,,,1,1_56/10014
1,56/10020,,TA56,1,,,,1,1_56/10020
1,56/20010,,TA56,1,,,,1,1_56/20010
1,56/32004,,TA56,1,,,,1,1_56/32004
1,56/33004,,TA56,1,,,,1,1_56/33004
1,56/33010,,TA56,1,,,,1,1_56/33010
1,56/35005,,TA56,1,,,,1,1_56/35005
1,56/40201,,TA56,1,,,,1,1_56/40201
1,56/40302,,TA56,1,,,,1,1_56/40302
1,57/00025,,TA57,1,,,,1,1_57/00025
1,57/31505,,TA57,1,,,,1,1_57/31505
1,57/32003,,TA57,1,,,,1,1_57/32003
1,01/10287AM,,TA01,1,,0,,1,1_01/10287AM
1,57/32010,,TA57,1,,,,1,1_57/32010
1,PR/GAIT/0001,,PL04,4,,0,,1,1_PR/GAIT/0001
1,04/114400002,,PL04,4,,0,,1,1_04/114400002
1,PR/0617/0304,,TI02,2,,0,,1,1_PR/0617/0304
1,57/34010,,TA57,1,,0,,1,1_57/34010
1,10/2312040,,TI10,2,,0,,1,1_10/2312040
1,57/35010,,TA57,1,,,,1,1_57/35010
1,57/36005,,TA57,1,,,,1,1_57/36005
1,UP.094-P,,YMA-UP,1,,0,,1,1_UP.094-P
1,58/33006,,TA58,1,,,,1,1_58/33006
1,58/33008,,TA58,1,,,,1,1_58/33008
1,58/34005,,TA58,1,,,,1,1_58/34005
1,PR/0104/0045,,TI02,2,,0,,1,1_PR/0104/0045
1,58/40025,,TA58,1,,0,,1,1_58/40025
1,58/40030,,TA58,1,,0,,1,1_58/40030
1,58/00100,,TA58,1,,,,1,1_58/00100
1,13/10518,,CA13,3,,0,,1,1_13/10518
1,03/10007,,CA03,3,,0,,1,1_03/10007
1,13/10565,,CA13,3,,,,1,1_13/10565
1,02/10441BR,,TI02,2,,0,,1,1_02/10441BR
1,.PL04/99999,,PL04,4,,,,1,1_.PL04/99999
1,.ZAPA,,AVCTA,0,,0,,1,1_.ZAPA
1,04/00208,,PL04,4,,,,1,1_04/00208
1,01/08284,,TA01,1,,,,1,1_01/08284
1,26/00106,,TA26,1,,,,1,1_26/00106
1,02/09169,,TI02,2,,0,,1,1_02/09169
1,AV044,,AVPL,4,,,,1,1_AV044
1,02/07892,,TI02,2,,,,1,1_02/07892
1,12/70207,,CV12,6,,0,,1,1_12/70207
1,.CV12/99999,,106,6,,,,1,1_.CV12/99999
1,02/07874,,TI02,2,,0,,1,1_02/07874
1,12/4000,,CV12,6,,,,1,1_12/4000
1,04/00209,,PL04,4,,,,1,1_04/00209
1,02/08811R,,TI02,2,,0,,1,1_02/08811R
1,.CA03/99999,,103,3,,,,1,1_.CA03/99999
1,AVPL,,,4,,,,1,1_AVPL
1,10/01001,,TI10,2,,,,1,1_10/01001
1,02/07715,,TI02,2,,0,,1,1_02/07715
1,02/09671,,TI02,2,,0,,1,1_02/09671
1,01/10368,,TA01,1,,0,,1,1_01/10368
1,02/07760,,TI02,2,,,,1,1_02/07760
1,10/10840,,TI10,2,,,,1,1_10/10840
1,02/10817BR,,TI02,2,,0,,1,1_02/10817BR
1,10/10635,,TI10,2,,,,1,1_10/10635
1,02/1024701,,TI02,2,,0,,1,1_02/1024701
1,02/07832,,TI02,2,,,,1,1_02/07832
1,02/10038M,,TI02,2,,0,,1,1_02/10038M
1,13/10701,,CA13,3,,0,,1,1_13/10701
1,04/00377,,PL04,4,,,,1,1_04/00377
1,04/20004,,PL04,4,,,,1,1_04/20004
1,02/10298,,TI02,2,,0,,1,1_02/10298
1,12/532512R,,CV12,6,,0,,1,1_12/532512R
1,UP.078,,YMA-UP,1,,0,,1,1_UP.078
1,PR/1489/0007,,TI02,2,,0,,1,1_PR/1489/0007
1,03/00256,,CA03,3,,0,,1,1_03/00256
1,11/00111,,TA11,1,,,,1,1_11/00111
1,10/00157,,TI10,2,,0,,1,1_10/00157
1,12/PV00045,,CV12,6,,0,,1,1_12/PV00045
1,PR/1580/0014,,TI02,2,,0,,1,1_PR/1580/0014
1,10/00501,,TI10,2,,,,1,1_10/00501
1,PR/0104/0035-A,,TI02,2,,0,,1,1_PR/0104/0035-A
1,03/10005,,CA03,3,,0,,1,1_03/10005
1,10/01003R,,TI10,2,,0,,1,1_10/01003R
1,02/09754A,,TI02,2,,0,,1,1_02/09754A
1,01/09826M9,,TA01,1,,0,,1,1_01/09826M9
1,PR/1366/0004,,TA01,1,,0,,1,1_PR/1366/0004
1,03/00309,,CA03,3,,0,,1,1_03/00309
1,04/00043,,PL04,4,,,,1,1_04/00043
1,04/00700,,PL04,4,,,,1,1_04/00700
1,13/10504,,CA13,3,,0,,1,1_13/10504
1,CV12/,,,6,,,,1,1_CV12/
1,04/143800003A,,PL04,4,,0,,1,1_04/143800003A
1,01/10320,,TA01,1,,0,,1,1_01/10320
1,02/10009,,TI02,2,,0,,1,1_02/10009
1,PR/1439/0010,,TA01,1,,0,,1,1_PR/1439/0010
1,04/00020,,PL04,4,,,,1,1_04/00020
1,12/70001,,CV12,6,,,,1,1_12/70001
1,02/07849,,TI02,2,,,,1,1_02/07849
1,02/07850,,TI02,2,,0,,1,1_02/07850
1,02/07851,,TI02,2,,,,1,1_02/07851
1,12/70000,,CV12,6,,,,1,1_12/70000
1,01/08261,,TA01,1,,,,1,1_01/08261
1,11/10002,,TA11,1,,,,1,1_11/10002
1,11/00040,,TA11,1,,,,1,1_11/00040
1,01/07941,,TA01,1,,,,1,1_01/07941
1,04/00045,,PL04,4,,,,1,1_04/00045
1,02/07847,,TI02,2,,,,1,1_02/07847
1,02/07844,,TI02,2,,,,1,1_02/07844
1,01/08260,,TA01,1,,,,1,1_01/08260
1,02/06005,,TI02,2,,,,1,1_02/06005
1,02/1079502M,,TI02,2,,0,,1,1_02/1079502M
1,02/09971M,,TI02,2,,0,,1,1_02/09971M
1,11/00080,,TA11,1,,,,1,1_11/00080
1,03/06143,,CA03,3,,,,1,1_03/06143
1,04/00960,,PL04,4,,,,1,1_04/00960
1,04/32400,,PL04,4,,0,,1,1_04/32400
1,01/08258,,TA01,1,,,,1,1_01/08258
1,12/70100,,CV12,6,,,,1,1_12/70100
1,01/08257,,TA01,1,,,,1,1_01/08257
1,10/01004R,,TI10,2,,0,,1,1_10/01004R
1,01/08190,,TA01,1,,,,1,1_01/08190
1,02/07853,,TI02,2,,0,,1,1_02/07853
1,02/07854,,TI02,2,,0,,1,1_02/07854
1,02/07852,,TI02,2,,0,,1,1_02/07852
1,02/07848,,TI02,2,,,,1,1_02/07848
1,03/10000,,CA03,3,,,,1,1_03/10000
1,12/31506,,CV12,6,,,,1,1_12/31506
1,04/00044,,PL04,4,,,,1,1_04/00044
1,01/80000,,TA01,1,,,,1,1_01/80000
1,04/00046,,PL04,4,,,,1,1_04/00046
1,12/70110,,CV12,6,,,,1,1_12/70110
1,10/01000,,TI10,2,,,,1,1_10/01000
1,04/90000,,PL04,4,,,,1,1_04/90000
1,10/04004,,TI10,2,,,,1,1_10/04004
1,10/10612,,TI10,2,,0,,1,1_10/10612
1,12/00303,,CV12,6,,,,1,1_12/00303
1,55/04002,,TI55,2,,0,,1,1_55/04002
1,04/00800,,PL04,4,,,,1,1_04/00800
1,02/07842,,TI02,2,,,,1,1_02/07842
1,12/067700001,,CV12,6,,0,,1,1_12/067700001
1,02/03588,,TI02,2,,,,1,1_02/03588
1,02/07845,,TI02,2,,,,1,1_02/07845
1,01/08267,,TA01,1,,,,1,1_01/08267
1,04/00047,,PL04,4,,,,1,1_04/00047
1,04/00305,,PL04,4,,,,1,1_04/00305
1,03/00062,,CA03,3,,0,,1,1_03/00062
1,04/00720,,PL04,4,,,,1,1_04/00720
1,10/01050,,TI10,2,,,,1,1_10/01050
1,01/06026,,TA01,1,,,,1,1_01/06026
1,01/06229,,TA01,1,,,,1,1_01/06229
1,PR/1173/0006,,CA03,3,,0,,1,1_PR/1173/0006
1,10/06306,,TI10,2,,,,1,1_10/06306
1,10/10825,,TI10,2,,,,1,1_10/10825
1,10/10820,,TI10,2,,,,1,1_10/10820
1,01/08264,,TA01,1,,,,1,1_01/08264
1,01/08265,,TA01,1,,,,1,1_01/08265
1,04/00376,,PL04,4,,,,1,1_04/00376
1,12/90000,,CV12,6,,0,,1,1_12/90000
1,10/03002,,TI10,2,,,,1,1_10/03002
1,02/07885,,TI02,2,,,,1,1_02/07885
1,02/0984901,,TI02,2,,0,,1,1_02/0984901
1,28/10006,,TA28,1,,0,,1,1_28/10006
1,01/08268,,TA01,1,,,,1,1_01/08268
1,02/0984902,,TI02,2,,0,,1,1_02/0984902
1,13/10702,,CA13,3,,,,1,1_13/10702
1,10/11860A,,TI10,2,,0,,1,1_10/11860A
1,03/00109,,CA03,3,,,,1,1_03/00109
1,13/10103,,CA13,3,,,,1,1_13/10103
1,02/07819,,TI02,2,,,,1,1_02/07819
1,02/07670,,TI02,2,,,,1,1_02/07670
1,02/07782,,TI02,2,,0,,1,1_02/07782
1,02/10095,,TI02,2,,0,,1,1_02/10095
1,12/51109B,,CV12,6,,0,,1,1_12/51109B
1,01/08247,,TA01,1,,,,1,1_01/08247
1,02/07695,,TI02,2,,,,1,1_02/07695
1,02/07857,,TI02,2,,,,1,1_02/07857
1,02/07858,,TI02,2,,,,1,1_02/07858
1,02/07856,,TI02,2,,,,1,1_02/07856
1,04/00048,,PL04,4,,,,1,1_04/00048
1,80/00200,,PL80,4,,,,1,1_80/00200
1,92/00207,,X,0,,0,,1,1_92/00207
1,US.013,,YMA-US,1,,0,,1,1_US.013
1,03/00145,,CA03,3,,0,,1,1_03/00145
1,02/07630,,TI02,2,,,,1,1_02/07630
1,01/0991602R,,TA01,1,,0,,1,1_01/0991602R
1,10/10411,,TI10,2,,,,1,1_10/10411
1,01/08238,,TA01,1,,,,1,1_01/08238
1,01/07760,,TA01,1,,,,1,1_01/07760
1,01/08137,,TA01,1,,,,1,1_01/08137
1,02/07709,,TI02,2,,,,1,1_02/07709
1,10/01054,,TI10,2,,,,1,1_10/01054
1,01/10509A,,TA01,1,,0,,1,1_01/10509A
1,03/00099,,CA03,3,,,,1,1_03/00099
1,PR/1682/0025,,TI02,2,,0,,1,1_PR/1682/0025
1,01/10370,,TA01,1,,0,,1,1_01/10370
1,04/00358,,PL04,4,,,,1,1_04/00358
1,53/40030,,TA53,1,,,,1,1_53/40030
1,53/45150,,TA53,1,,,,1,1_53/45150
1,53/61802,,TA53,1,,,,1,1_53/61802
1,02/09115,,TI02,2,,0,,1,1_02/09115
1,54/33010,,TA54,1,,,,1,1_54/33010
1,51/60501,,TA51,1,,,,1,1_51/60501
1,51/61201,,TA51,1,,,,1,1_51/61201
1,51/39706,,TA51,1,,,,1,1_51/39706
1,55/01202,,TI55,2,,0,,1,1_55/01202
1,55/01502,,TI55,2,,0,,1,1_55/01502
1,12/80000,,CV12,6,,,,1,1_12/80000
1,04/00042,,PL04,4,,,,1,1_04/00042
1,11/00607,,TA11,1,,,,1,1_11/00607
1,01/08227,,TA01,1,,,,1,1_01/08227
1,PR/1521/0002,,TI02,2,,0,,1,1_PR/1521/0002
1,02/07890,,TI02,2,,,,1,1_02/07890
1,02/07528,,TI02,2,,,,1,1_02/07528
1,13/10514,,CA13,3,,,,1,1_13/10514
1,28/00949,,TA28,1,,,,1,1_28/00949
1,10/10630,,TI10,2,,,,1,1_10/10630
1,01/08211,,TA01,1,,,,1,1_01/08211
1,10/02001,,TI10,2,,,,1,1_10/02001
1,02/10891R,,TI02,2,,0,,1,1_02/10891R
1,02/07316,,TI02,2,,,,1,1_02/07316
1,80/00202,,PL80,4,,,,1,1_80/00202
1,01/07990,,TA01,1,,,,1,1_01/07990
1,11/00020,,TA11,1,,,,1,1_11/00020
1,02/07860,,TI02,2,,,,1,1_02/07860
1,03/10001,,CA03,3,,,,1,1_03/10001
1,13/10525,,CA13,3,,,,1,1_13/10525
1,02/07859,,TI02,2,,,,1,1_02/07859
1,01/07494,,TA01,1,,,,1,1_01/07494
1,01/05950,,TA01,1,,,,1,1_01/05950
1,01/05951,,TA01,1,,,,1,1_01/05951
1,02/07714,,TI02,2,,0,,1,1_02/07714
1,10/01002,,TI10,2,,,,1,1_10/01002
1,10/08022,,TI10,2,,,,1,1_10/08022
1,02/07591,,TI02,2,,0,,1,1_02/07591
1,13/10526,,CA13,3,,,,1,1_13/10526
1,04/00990,,PL04,4,,,,1,1_04/00990
1,.TI02/99999,,102,2,,,,1,1_.TI02/99999
1,27/90625,,TA27,1,,,,1,1_27/90625
1,56/20020,,TA56,1,,,,1,1_56/20020
1,10/06110,,TI10,2,,,,1,1_10/06110
1,10/06060,,TI10,2,,,,1,1_10/06060
1,54/32505,,TA54,1,,,,1,1_54/32505
1,13/10510,,CA13,3,,,,1,1_13/10510
1,52/39110,,TA52,1,,,,1,1_52/39110
1,26/60815,,TA26,1,,,,1,1_26/60815
1,99/APOYOPIE-01,,XTA91,8,,0,,1,1_99/APOYOPIE-01
1,26/60830,,TA26,1,,,,1,1_26/60830
1,PR/0267/0058,,TI02,2,,0,,1,1_PR/0267/0058
1,26/60870,,TA26,1,,,,1,1_26/60870
1,26/61030,,TA26,1,,,,1,1_26/61030
1,12/PG04987,,CV12,6,,0,,1,1_12/PG04987
1,26/60620,,TA26,1,,,,1,1_26/60620
1,55/02702,,TI55,2,,0,,1,1_55/02702
1,28/00954,,TA28,1,,,,1,1_28/00954
1,28/00955,,TA28,1,,,,1,1_28/00955
1,13/10903,,XCA93,8,,,,1,1_13/10903
1,13/10902,,XCA93,8,,,,1,1_13/10902
1,04/01103,,PL04,4,,,,1,1_04/01103
1,04/01104,,PL04,4,,,,1,1_04/01104
1,01/07984,,TA01,1,,,,1,1_01/07984
1,02/10186B,,TI02,2,,0,,1,1_02/10186B
1,02/09676,,TI02,2,,0,,1,1_02/09676
1,13/10064,,CA13,3,,,,1,1_13/10064
1,04/20011,,PL04,4,,,,1,1_04/20011
1,01/08272,,TA01,1,,,,1,1_01/08272
1,11/04096,,TA11,1,,0,,1,1_11/04096
1,11/04119,,TA11,1,,0,,1,1_11/04119
1,04/00954,,PL04,4,,,,1,1_04/00954
1,Z,,,0,,,,1,1_Z
1,ZPTA,,ZP,0,,,,1,1_ZPTA
1,ZFTI,,Z,0,,,,1,1_ZFTI
1,ZP,,,0,,,,1,1_ZP
1,ZFTA,,Z,0,,,,1,1_ZFTA
1,ZPCA,,ZP,0,,,,1,1_ZPCA
1,ZPTI,,ZP,0,,,,1,1_ZPTI
1,ZFCA,,Z,0,,,,1,1_ZFCA
1,ZPPL,,ZP,0,,,,1,1_ZPPL
1,ZFPL,,Z,0,,,,1,1_ZFPL
1,11/00731,,TA11,1,,,,1,1_11/00731
1,01/08262,,TA01,1,,,,1,1_01/08262
1,01/08263,,TA01,1,,,,1,1_01/08263
1,01/08270,,TA01,1,,,,1,1_01/08270
1,01/08271,,TA01,1,,,,1,1_01/08271
1,11/00070,,TA11,1,,0,,1,1_11/00070
1,04/00943,,PL04,4,,,,1,1_04/00943
1,04/00945,,PL04,4,,,,1,1_04/00945
1,12/00010,,CV12,6,,,,1,1_12/00010
1,10/00000,,TI10,2,,0,,1,1_10/00000
1,11/04019,,TA11,1,,,,1,1_11/04019
1,11/04020,,TA11,1,,,,1,1_11/04020
1,11/04022,,TA11,1,,,,1,1_11/04022
1,11/04023,,TA11,1,,,,1,1_11/04023
1,11/04024,,TA11,1,,,,1,1_11/04024
1,11/04025,,TA11,1,,,,1,1_11/04025
1,11/04026,,TA11,1,,,,1,1_11/04026
1,11/04027,,TA11,1,,,,1,1_11/04027
1,11/04028,,TA11,1,,,,1,1_11/04028
1,11/04029,,TA11,1,,,,1,1_11/04029
1,11/04030,,TA11,1,,,,1,1_11/04030
1,11/04031,,TA11,1,,,,1,1_11/04031
1,11/04032,,TA11,1,,,,1,1_11/04032
1,11/04033,,TA11,1,,,,1,1_11/04033
1,11/04034,,TA11,1,,,,1,1_11/04034
1,11/04035,,TA11,1,,,,1,1_11/04035
1,11/04036,,TA11,1,,,,1,1_11/04036
1,11/04037,,TA11,1,,,,1,1_11/04037
1,11/04038,,TA11,1,,,,1,1_11/04038
1,11/04039,,TA11,1,,,,1,1_11/04039
1,11/04040,,TA11,1,,,,1,1_11/04040
1,11/04041,,TA11,1,,,,1,1_11/04041
1,11/04042,,TA11,1,,,,1,1_11/04042
1,11/04043,,TA11,1,,,,1,1_11/04043
1,11/04044,,TA11,1,,,,1,1_11/04044
1,11/04045,,TA11,1,,,,1,1_11/04045
1,11/04094,,TA11,1,,0,,1,1_11/04094
1,11/04095,,TA11,1,,0,,1,1_11/04095
1,11/04097,,TA11,1,,0,,1,1_11/04097
1,11/04098,,TA11,1,,0,,1,1_11/04098
1,11/04099,,TA11,1,,0,,1,1_11/04099
1,11/04100,,TA11,1,,0,,1,1_11/04100
1,11/04101,,TA11,1,,0,,1,1_11/04101
1,11/04102,,TA11,1,,0,,1,1_11/04102
1,11/04113,,TA11,1,,0,,1,1_11/04113
1,11/04114,,TA11,1,,,,1,1_11/04114
1,11/04115,,TA11,1,,,,1,1_11/04115
1,11/04116,,TA11,1,,,,1,1_11/04116
1,11/04117,,TA11,1,,0,,1,1_11/04117
1,11/04118,,TA11,1,,0,,1,1_11/04118
1,11/04120,,TA11,1,,0,,1,1_11/04120
1,11/04121,,TA11,1,,0,,1,1_11/04121
1,11/04122,,TA11,1,,0,,1,1_11/04122
1,11/04125,,TA11,1,,0,,1,1_11/04125
1,11/04138,,TA11,1,,0,,1,1_11/04138
1,11/04200,,TA11,1,,,,1,1_11/04200
1,11/04202,,TA11,1,,,,1,1_11/04202
1,11/04206,,TA11,1,,,,1,1_11/04206
1,11/04207,,TA11,1,,,,1,1_11/04207
1,11/04208,,TA11,1,,,,1,1_11/04208
1,11/04209,,TA11,1,,,,1,1_11/04209
1,03/2421065,,CA03,3,,0,,1,1_03/2421065
1,10/10061,,TI10,2,,,,1,1_10/10061
1,10/10062,,TI10,2,,,,1,1_10/10062
1,02/10795,,TI02,2,,0,,1,1_02/10795
1,02/10654,,TI02,2,,0,,1,1_02/10654
1,PR/1856/0002,,TA01,1,,0,,1,1_PR/1856/0002
1,01/09823B,,TA01,1,,0,,1,1_01/09823B
1,PR/0104/0043,,TI02,2,,0,,1,1_PR/0104/0043
1,PR/0267/0050-A,,TI02,2,,0,,1,1_PR/0267/0050-A
1,01/10049,,TA01,1,,0,,1,1_01/10049
1,02/10778AR,,TI02,2,,0,,1,1_02/10778AR
1,02/09884M,,TI02,2,,0,,1,1_02/09884M
1,12/00201,,CV12,6,,,,1,1_12/00201
1,12/00202,,CV12,6,,,,1,1_12/00202
1,91/80051,,XTA91,8,,0,,1,1_91/80051
1,12/00204,,CV12,6,,,,1,1_12/00204
1,01/08273,,TA01,1,,,,1,1_01/08273
1,01/09066,,TA01,1,,0,,1,1_01/09066
1,12/90012R,,CV12,6,,0,,1,1_12/90012R
1,12/90012RM,,CV12,6,,0,,1,1_12/90012RM
1,99/SILLAT-02,,XTA91,8,,0,,1,1_99/SILLAT-02
1,12/T32116040,,CV12,6,,0,,1,1_12/T32116040
1,01/09069,,TA01,1,,0,,1,1_01/09069
1,01/09068,,TA01,1,,0,,1,1_01/09068
1,12/RQ00019,,CV12,6,,0,,1,1_12/RQ00019
1,01/09067,,TA01,1,,0,,1,1_01/09067
1,12/PP00029,,CV12,6,,0,,1,1_12/PP00029
1,02/08829,,TI02,2,,0,,1,1_02/08829
1,55/05002MP,,TI55,2,,0,,1,1_55/05002MP
1,01/09070,,TA01,1,,0,,1,1_01/09070
1,01/09071,,TA01,1,,0,,1,1_01/09071
1,51/32510,,TA51,1,,0,,1,1_51/32510
1,55/40201,,TI55,2,,0,,1,1_55/40201
1,12/XG200013,,CV12,6,,0,,1,1_12/XG200013
1,10/10625,,TI10,2,,,,1,1_10/10625
1,10/10640,,TI10,2,,,,1,1_10/10640
1,10/10050,,TI10,2,,,,1,1_10/10050
1,10/10081,,TI10,2,,,,1,1_10/10081
1,10/10181,,TI10,2,,0,,1,1_10/10181
1,10/10280,,TI10,2,,0,,1,1_10/10280
1,10/10815,,TI10,2,,,,1,1_10/10815
1,10/10850,,TI10,2,,,,1,1_10/10850
1,10/10860,,TI10,2,,,,1,1_10/10860
1,12/920101,,CV12,6,,0,,1,1_12/920101
1,02/10038M2,,TI02,2,,0,,1,1_02/10038M2
1,01/09892,,TA01,1,,0,,1,1_01/09892
1,PR/1580/0015,,TI02,2,,0,,1,1_PR/1580/0015
1,PR/1682/0004,,TI02,2,,0,,1,1_PR/1682/0004
1,01/10125M,,TA01,1,,0,,1,1_01/10125M
1,11/11011,,TA11,1,,,,1,1_11/11011
1,11/01000,,TA11,1,,,,1,1_11/01000
1,02/09760R,,TI02,2,,0,,1,1_02/09760R
1,11/11020,,TA11,1,,,,1,1_11/11020
1,13/10603,,CA13,3,,,,1,1_13/10603
1,55/90003A,,TI55,2,,0,,1,1_55/90003A
1,PR/0820/0012,,TA01,1,,0,,1,1_PR/0820/0012
1,53/60810,,TA53,1,,,,1,1_53/60810
1,70/10015,,TA70,1,,,,1,1_70/10015
1,12/00210,,CV12,6,,,,1,1_12/00210
1,12/00211,,CV12,6,,,,1,1_12/00211
1,12/00220,,CV12,6,,,,1,1_12/00220
1,12/00221,,CV12,6,,,,1,1_12/00221
1,12/00222,,CV12,6,,,,1,1_12/00222
1,12/00224,,CV12,6,,,,1,1_12/00224
1,12/00301,,CV12,6,,,,1,1_12/00301
1,12/00302,,CV12,6,,,,1,1_12/00302
1,12/00304,,CV12,6,,,,1,1_12/00304
1,12/00305,,CV12,6,,,,1,1_12/00305
1,04/143800018A,,PL04,4,,0,,1,1_04/143800018A
1,12/90001,,CV12,6,,,,1,1_12/90001
1,12/90002,,CV12,6,,,,1,1_12/90002
1,02/07863,,TI02,2,,,,1,1_02/07863
1,94/00002,,XPL94,8,,,,1,1_94/00002
1,10/10835M,,TI10,2,,,,1,1_10/10835M
1,10/10083M,,TI10,2,,,,1,1_10/10083M
1,10/08025M,,TI10,2,,,,1,1_10/08025M
1,10/05030,,TI10,2,,,,1,1_10/05030
1,03/00374R,,CA03,3,,0,,1,1_03/00374R
1,12/80802,,CV12,6,,0,,1,1_12/80802
1,04/33254,,PL04,4,,0,,1,1_04/33254
1,02/07649,,TI02,2,,,,1,1_02/07649
1,02/07650,,TI02,2,,,,1,1_02/07650
1,02/07701,,TI02,2,,,,1,1_02/07701
1,04/20000,,PL04,4,,,,1,1_04/20000
1,04/20002,,PL04,4,,,,1,1_04/20002
1,10/00502,,TI10,2,,,,1,1_10/00502
1,10/00503,,TI10,2,,,,1,1_10/00503
1,04/33256,,PL04,4,,0,,1,1_04/33256
1,04/33257,,PL04,4,,0,,1,1_04/33257
1,10/00504,,TI10,2,,,,1,1_10/00504
1,10/00505,,TI10,2,,,,1,1_10/00505
1,10/00508,,TI10,2,,,,1,1_10/00508
1,10/00509,,TI10,2,,,,1,1_10/00509
1,10/00510,,TI10,2,,,,1,1_10/00510
1,10/00513,,TI10,2,,,,1,1_10/00513
1,10/00514,,TI10,2,,,,1,1_10/00514
1,10/00515,,TI10,2,,,,1,1_10/00515
1,10/00518,,TI10,2,,,,1,1_10/00518
1,10/00519,,TI10,2,,,,1,1_10/00519
1,10/00530,,TI10,2,,,,1,1_10/00530
1,10/00531,,TI10,2,,,,1,1_10/00531
1,10/00534,,TI10,2,,,,1,1_10/00534
1,10/00580,,TI10,2,,,,1,1_10/00580
1,10/00581,,TI10,2,,,,1,1_10/00581
1,10/00583,,TI10,2,,,,1,1_10/00583
1,10/00584,,TI10,2,,,,1,1_10/00584
1,02/05602,,TI02,2,,,,1,1_02/05602
1,02/07821,,TI02,2,,,,1,1_02/07821
1,02/07862,,TI02,2,,,,1,1_02/07862
1,02/07864,,TI02,2,,,,1,1_02/07864
1,12/32007,,CV12,6,,,,1,1_12/32007
1,02/07820,,TI02,2,,,,1,1_02/07820
1,01/08056,,TA01,1,,,,1,1_01/08056
1,02/07867,,TI02,2,,,,1,1_02/07867
1,02/07593,,TI02,2,,0,,1,1_02/07593
1,02/07592,,TI02,2,,0,,1,1_02/07592
1,10/01051,,TI10,2,,0,,1,1_10/01051
1,10/01052,,TI10,2,,0,,1,1_10/01052
1,10/01053,,TI10,2,,,,1,1_10/01053
1,10/01056,,TI10,2,,,,1,1_10/01056
1,10/02000,,TI10,2,,,,1,1_10/02000
1,10/02002,,TI10,2,,,,1,1_10/02002
1,10/02003,,TI10,2,,,,1,1_10/02003
1,10/02004,,TI10,2,,,,1,1_10/02004
1,10/02005,,TI10,2,,,,1,1_10/02005
1,10/02006,,TI10,2,,,,1,1_10/02006
1,10/02007,,TI10,2,,,,1,1_10/02007
1,10/02008,,TI10,2,,,,1,1_10/02008
1,10/02009,,TI10,2,,,,1,1_10/02009
1,10/03000,,TI10,2,,,,1,1_10/03000
1,10/03001,,TI10,2,,,,1,1_10/03001
1,10/03004,,TI10,2,,,,1,1_10/03004
1,10/03005,,TI10,2,,,,1,1_10/03005
1,10/03100,,TI10,2,,,,1,1_10/03100
1,10/04000,,TI10,2,,,,1,1_10/04000
1,10/04002,,TI10,2,,,,1,1_10/04002
1,10/05003,,TA11,1,,,,1,1_10/05003
1,10/05004,,TA11,1,,,,1,1_10/05004
1,10/05040,,TI10,2,,,,1,1_10/05040
1,10/05211,,TA11,1,,0,,1,1_10/05211
1,10/05212,,TA11,1,,0,,1,1_10/05212
1,10/05321,,TA11,1,,,,1,1_10/05321
1,10/05330,,TI10,2,,0,,1,1_10/05330
1,10/09510,,TI10,2,,,,1,1_10/09510
1,10/10407,,TI10,2,,,,1,1_10/10407
1,10/10615,,TI10,2,,,,1,1_10/10615
1,10/10870,,TI10,2,,,,1,1_10/10870
1,11/00021,,TA11,1,,,,1,1_11/00021
1,11/00045,,TA11,1,,,,1,1_11/00045
1,11/00604,,TA11,1,,,,1,1_11/00604
1,11/00605,,TA11,1,,,,1,1_11/00605
1,11/00606,,TA11,1,,,,1,1_11/00606
1,11/00608,,TA11,1,,,,1,1_11/00608
1,11/00609,,TA11,1,,,,1,1_11/00609
1,11/00610,,TA11,1,,,,1,1_11/00610
1,11/00611,,TA11,1,,,,1,1_11/00611
1,11/00701,,TA11,1,,,,1,1_11/00701
1,11/00712,,TA11,1,,,,1,1_11/00712
1,11/00721,,TA11,1,,,,1,1_11/00721
1,11/00741,,TA11,1,,,,1,1_11/00741
1,11/01011,,TA11,1,,,,1,1_11/01011
1,11/01012,,TA11,1,,,,1,1_11/01012
1,11/01030,,TA11,1,,,,1,1_11/01030
1,11/10010,,TA11,1,,0,,1,1_11/10010
1,11/10011,,TA11,1,,0,,1,1_11/10011
1,11/10012,,TA11,1,,0,,1,1_11/10012
1,11/30815,,TA11,1,,,,1,1_11/30815
1,11/31505,,TA11,1,,,,1,1_11/31505
1,11/31507,,TA11,1,,,,1,1_11/31507
1,12/80946,,CV12,6,,0,,1,1_12/80946
1,02/10407A01,,TI02,2,,0,,1,1_02/10407A01
1,01/024000001,,TA01,1,,0,,1,1_01/024000001
1,02/09673,,TI02,2,,0,,1,1_02/09673
1,PR/1682/0026,,TI02,2,,0,,1,1_PR/1682/0026
1,02/10077M1,,TI02,2,,0,,1,1_02/10077M1
1,13/10043,,CA13,3,,,,1,1_13/10043
1,13/10044,,CA13,3,,,,1,1_13/10044
1,03/00078,,CA03,3,,,,1,1_03/00078
1,13/10063,,CA13,3,,,,1,1_13/10063
1,13/10073,,CA13,3,,,,1,1_13/10073
1,13/10085,,CA13,3,,,,1,1_13/10085
1,03/1331067,,CA03,3,,0,,1,1_03/1331067
1,01/030100005,,TA01,1,,0,,1,1_01/030100005
1,13/10102,,CA13,3,,,,1,1_13/10102
1,13/10105,,CA13,3,,,,1,1_13/10105
1,02/1079501,,TI02,2,,0,,1,1_02/1079501
1,91/80016,,XTA91,8,,0,,1,1_91/80016
1,13/10120,,CA13,3,,,,1,1_13/10120
1,13/10130,,CA13,3,,,,1,1_13/10130
1,13/10131,,CA13,3,,,,1,1_13/10131
1,13/10132,,CA13,3,,,,1,1_13/10132
1,13/10133,,CA13,3,,,,1,1_13/10133
1,PR/1557/0011B,,TI02,2,,0,,1,1_PR/1557/0011B
1,US.016-01,,YMA-US,1,,0,,1,1_US.016-01
1,13/10522,,CA13,3,,,,1,1_13/10522
1,13/10523,,CA13,3,,,,1,1_13/10523
1,13/10524,,CA13,3,,,,1,1_13/10524
1,13/10527,,CA13,3,,,,1,1_13/10527
1,13/10528,,CA13,3,,,,1,1_13/10528
1,13/10529,,CA13,3,,,,1,1_13/10529
1,13/10501,,CA13,3,,0,,1,1_13/10501
1,13/10505,,CA13,3,,,,1,1_13/10505
1,13/10508,,CA13,3,,,,1,1_13/10508
1,13/10509,,CA13,3,,,,1,1_13/10509
1,13/10530,,CA13,3,,,,1,1_13/10530
1,PR/JOYT/0001,,TA01,1,,0,,1,1_PR/JOYT/0001
1,02/01203R,,TI02,2,,0,,1,1_02/01203R
1,13/10533,,CA13,3,,,,1,1_13/10533
1,13/10534,,CA13,3,,,,1,1_13/10534
1,13/10536,,CA13,3,,,,1,1_13/10536
1,13/10537,,CA13,3,,,,1,1_13/10537
1,13/10550,,CA13,3,,0,,1,1_13/10550
1,02/09991A99,,TI02,2,,0,,1,1_02/09991A99
1,01/1051101,,TA01,1,,0,,1,1_01/1051101
1,01/061700002,,TA01,1,,0,,1,1_01/061700002
1,02/10002A,,TI02,2,,0,,1,1_02/10002A
1,PR/0267/0050,,TI02,2,,0,,1,1_PR/0267/0050
1,13/10600,,CA13,3,,,,1,1_13/10600
1,13/10601,,CA13,3,,,,1,1_13/10601
1,13/10602,,CA13,3,,,,1,1_13/10602
1,PR/1167/0013,,TI02,2,,0,,1,1_PR/1167/0013
1,PR/1621/0015,,TI02,2,,0,,1,1_PR/1621/0015
1,13/10703,,CA13,3,,,,1,1_13/10703
1,PR/1638/0003,,TI02,2,,0,,1,1_PR/1638/0003
1,25/00106,,TA25,1,,,,1,1_25/00106
1,25/00205,,TA25,1,,,,1,1_25/00205
1,25/00206,,TA25,1,,,,1,1_25/00206
1,25/00250,,TA25,1,,,,1,1_25/00250
1,25/00260,,TA25,1,,,,1,1_25/00260
1,25/00520,,TA25,1,,,,1,1_25/00520
1,25/00525,,TA25,1,,,,1,1_25/00525
1,25/00530,,TA25,1,,,,1,1_25/00530
1,25/00535,,TA25,1,,,,1,1_25/00535
1,25/00540,,TA25,1,,,,1,1_25/00540
1,25/00545,,TA25,1,,,,1,1_25/00545
1,25/00615,,TA25,1,,,,1,1_25/00615
1,25/00620,,TA25,1,,,,1,1_25/00620
1,25/00625,,TA25,1,,,,1,1_25/00625
1,25/00630,,TA25,1,,,,1,1_25/00630
1,25/00635,,TA25,1,,,,1,1_25/00635
1,25/00640,,TA25,1,,,,1,1_25/00640
1,25/00645,,TA25,1,,,,1,1_25/00645
1,25/00650,,TA25,1,,,,1,1_25/00650
1,PR/1007/0050,,TI02,2,,0,,1,1_PR/1007/0050
1,25/00815,,TA25,1,,0,,1,1_25/00815
1,12/EG00001,,CV12,6,,0,,1,1_12/EG00001
1,26/00006,,TA26,1,,,,1,1_26/00006
1,02/10559,,TI02,2,,0,,1,1_02/10559
1,02/10561M,,TI02,2,,0,,1,1_02/10561M
1,26/00110,,TA26,1,,,,1,1_26/00110
1,04/024000213,,PL04,4,,0,,1,1_04/024000213
1,02/10560M,,TI02,2,,0,,1,1_02/10560M
1,26/00206,,TA26,1,,,,1,1_26/00206
1,02/09803,,TI02,2,,0,,1,1_02/09803
1,26/00210,,TA26,1,,,,1,1_26/00210
1,26/00510,,TA26,1,,,,1,1_26/00510
1,26/00520,,TA26,1,,,,1,1_26/00520
1,26/00525,,TA26,1,,,,1,1_26/00525
1,26/00535,,TA26,1,,,,1,1_26/00535
1,26/00615,,TA26,1,,,,1,1_26/00615
1,26/00620,,TA26,1,,,,1,1_26/00620
1,26/00625,,TA26,1,,,,1,1_26/00625
1,26/00630,,TA26,1,,,,1,1_26/00630
1,26/00815,,TA26,1,,,,1,1_26/00815
1,26/00820,,TA26,1,,,,1,1_26/00820
1,26/00825,,TA26,1,,,,1,1_26/00825
1,12/22250906,,CV12,6,,0,,1,1_12/22250906
1,26/00835,,TA26,1,,,,1,1_26/00835
1,26/00840,,TA26,1,,,,1,1_26/00840
1,02/10663M,,TI02,2,,0,,1,1_02/10663M
1,12/XG300008,,CV12,6,,0,,1,1_12/XG300008
1,27/90630,,TA27,1,,,,1,1_27/90630
1,27/91620,,TA27,1,,,,1,1_27/91620
1,27/91625,,TA27,1,,,,1,1_27/91625
1,27/91635,,TA27,1,,,,1,1_27/91635
1,28/00802,,TA28,1,,,,1,1_28/00802
1,28/00812,,TA28,1,,,,1,1_28/00812
1,28/00950,,TA28,1,,,,1,1_28/00950
1,28/00951,,TA28,1,,,,1,1_28/00951
1,28/00952,,TA28,1,,,,1,1_28/00952
1,28/00960,,TA28,1,,,,1,1_28/00960
1,28/00967,,TA28,1,,,,1,1_28/00967
1,28/10003,,TA28,1,,0,,1,1_28/10003
1,02/10407A02,,TI02,2,,0,,1,1_02/10407A02
1,02/07868,,TI02,2,,,,1,1_02/07868
1,04/00382,,PL04,4,,,,1,1_04/00382
1,02/07679,,TI02,2,,,,1,1_02/07679
1,02/09870JM,,TI02,2,,0,,1,1_02/09870JM
1,PR/0104/0004,,TI02,2,,0,,1,1_PR/0104/0004
1,02/07552R,,TI02,2,,0,,1,1_02/07552R
1,.04,,104,4,,,,1,1_.04
1,02/10407A0202,,TI02,2,,0,,1,1_02/10407A0202
1,.26,,501,1,,,,1,1_.26
1,.27,,501,1,,,,1,1_.27
1,PR/0267/0051,,TI02,2,,0,,1,1_PR/0267/0051
1,.51,,501,1,,,,1,1_.51
1,.52,,501,1,,,,1,1_.52
1,.53,,501,1,,,,1,1_.53
1,.54,,501,1,,,,1,1_.54
1,.55,,502,2,,,,1,1_.55
1,.56,,501,1,,,,1,1_.56
1,.57,,501,1,,,,1,1_.57
1,.58,,501,1,,,,1,1_.58
1,.80,,504,4,,,,1,1_.80
1,03/6421100,,CA03,3,,0,,1,1_03/6421100
1,02/07861,,TI02,2,,,,1,1_02/07861
1,12/81000,,CV12,6,,0,,1,1_12/81000
1,10/10080M,,TI10,2,,,,1,1_10/10080M
1,10/10063M,,TI10,2,,,,1,1_10/10063M
1,11/00010PB,,TA11,1,,,,1,1_11/00010PB
1,80/99999,,104,4,,,,1,1_80/99999
1,52/00300,,TA52,1,,,,1,1_52/00300
1,80/00105,,PL80,4,,,,1,1_80/00105
1,80/00104,,PL80,4,,0,,1,1_80/00104
1,56/31005,,TA56,1,,,,1,1_56/31005
1,56/31503,,TA56,1,,,,1,1_56/31503
1,70/20060,,TA70,1,,,,1,1_70/20060
1,80/00103,,PL80,4,,,,1,1_80/00103
1,80/00106,,PL80,4,,,,1,1_80/00106
1,XTA91,,,8,,,,1,1_XTA91
1,XTI92,,,8,,,,1,1_XTI92
1,XCA93,,,8,,,,1,1_XCA93
1,XPL94,,,8,,,,1,1_XPL94
1,91/00001,,XTA91,8,,,,1,1_91/00001
1,Y,,,7,,,,1,1_Y
1,W,,,9,,,,1,1_W
1,TI02/99999,,TI02,2,,,,1,1_TI02/99999
1,ABC02,,ABCTI,2,,,,1,1_ABC02
1,02/07866,,TI02,2,,,,1,1_02/07866
1,ABCTI,,,2,,,,1,1_ABCTI
1,X,,,8,,,,1,1_X
1,52/00120,,TA52,1,,,,1,1_52/00120
1,.YTA,,Y,7,,,,1,1_.YTA
1,.YTI,,Y,7,,,,1,1_.YTI
1,.YCA,,Y,7,,,,1,1_.YCA
1,.YPL,,Y,7,,,,1,1_.YPL
1,.W91,,W,9,,,,1,1_.W91
1,.W92,,W,9,,,,1,1_.W92
1,.W93,,W,9,,,,1,1_.W93
1,.W94,,W,9,,,,1,1_.W94
1,52/32505,,TA52,1,,,,1,1_52/32505
1,.W97,,W,9,,,,1,1_.W97
1,.W98,,W,9,,,,1,1_.W98
1,52/90203,,TA52,1,,,,1,1_52/90203
1,52/90254,,TA52,1,,,,1,1_52/90254
1,52/90304,,TA52,1,,,,1,1_52/90304
1,94/00001,,XPL94,8,,,,1,1_94/00001
1,.91,,XTA91,8,,,,1,1_.91
1,.92,,XTI92,8,,,,1,1_.92
1,.93,,XCA93,8,,,,1,1_.93
1,.94,,XPL94,8,,,,1,1_.94
1,53/91010,,TA53,1,,,,1,1_53/91010
1,53/10030,,TA53,1,,,,1,1_53/10030
1,55/05102,,TI55,2,,,,1,1_55/05102
1,55/40103,,TI55,2,,0,,1,1_55/40103
1,12/32009,,CV12,6,,,,1,1_12/32009
1,02/07803,,TI02,2,,,,1,1_02/07803
1,58/38008,,TA58,1,,,,1,1_58/38008
1,PR/1226/0002,,TI02,2,,0,,1,1_PR/1226/0002
1,94/01101,,XPL94,8,,,,1,1_94/01101
1,94/01201,,XPL94,8,,,,1,1_94/01201
1,02/07869,,TI02,2,,,,1,1_02/07869
1,13/00001,,CA13,3,,,,1,1_13/00001
1,55/03802M,,TI55,2,,,,1,1_55/03802M
1,02/09870JM1,,TI02,2,,0,,1,1_02/09870JM1
1,03/00111,,CA03,3,,,,1,1_03/00111
1,02/07865,,TI02,2,,,,1,1_02/07865
1,01/08275,,TA01,1,,,,1,1_01/08275
1,02/07706,,TI02,2,,0,,1,1_02/07706
1,10/10840M,,TI10,2,,,,1,1_10/10840M
1,02/10817B,,TI02,2,,0,,1,1_02/10817B
1,27/90620,,TA27,1,,,,1,1_27/90620
1,01/08276,,TA01,1,,,,1,1_01/08276
1,55/90000,,TI55,2,,,,1,1_55/90000
1,02/07872,,TI02,2,,,,1,1_02/07872
1,02/10077M,,TI02,2,,0,,1,1_02/10077M
1,04/99999,,104,4,,,,1,1_04/99999
1,02/07876,,TI02,2,,,,1,1_02/07876
1,01/08266,,TA01,1,,,,1,1_01/08266
1,12/80101,,CV12,6,,,,1,1_12/80101
1,12/80103,,CV12,6,,0,,1,1_12/80103
1,01/08279,,TA01,1,,,,1,1_01/08279
1,01/08280,,TA01,1,,,,1,1_01/08280
1,03/10100,,CA03,3,,,,1,1_03/10100
1,12/90010,,CV12,6,,,,1,1_12/90010
1,01/08103,,TA01,1,,0,,1,1_01/08103
1,01/08106,,TA01,1,,,,1,1_01/08106
1,02/07877,,TI02,2,,,,1,1_02/07877
1,02/07875,,TI02,2,,0,,1,1_02/07875
1,02/07873,,TI02,2,,,,1,1_02/07873
1,02/07809,,TI02,2,,,,1,1_02/07809
1,02/07722,,TI02,2,,0,,1,1_02/07722
1,02/07723,,TI02,2,,0,,1,1_02/07723
1,02/07878,,TI02,2,,0,,1,1_02/07878
1,01/07949,,TA01,1,,,,1,1_01/07949
1,04/00375,,PL04,4,,,,1,1_04/00375
1,02/07151,,TI02,2,,0,,1,1_02/07151
1,01/08048,,TA01,1,,,,1,1_01/08048
1,02/07768,,TI02,2,,,,1,1_02/07768
1,10/00154,,TI10,2,,0,,1,1_10/00154
1,10/00582,,TI10,2,,,,1,1_10/00582
1,10/00585,,TI10,2,,,,1,1_10/00585
1,10/00586,,TI10,2,,,,1,1_10/00586
1,12/10001,,CV12,6,,,,1,1_12/10001
1,12/10002,,CV12,6,,,,1,1_12/10002
1,12/10003,,CV12,6,,,,1,1_12/10003
1,12/10004,,CV12,6,,,,1,1_12/10004
1,12/10005,,CV12,6,,,,1,1_12/10005
1,10/10820M,,TI10,2,,,,1,1_10/10820M
1,10/10620M,,TI10,2,,,,1,1_10/10620M
1,02/07882,,TI02,2,,,,1,1_02/07882
1,02/07883,,TI02,2,,,,1,1_02/07883
1,01/08269,,TA01,1,,,,1,1_01/08269
1,02/07884,,TI02,2,,,,1,1_02/07884
1,02/07855,,TI02,2,,,,1,1_02/07855
1,03/00368,,CA03,3,,0,,1,1_03/00368
1,01/08016,,TA01,1,,0,,1,1_01/08016
1,01/08283,,TA01,1,,,,1,1_01/08283
1,28/20000,,TA28,1,,,,1,1_28/20000
1,26/90816,,TA26,1,,,,1,1_26/90816
1,11/00025M,,TA11,1,,0,,1,1_11/00025M
1,12/90020,,CV12,6,,,,1,1_12/90020
1,10/01055,,TI10,2,,,,1,1_10/01055
1,02/07889,,TI02,2,,,,1,1_02/07889
1,12/30000,,CV12,6,,,,1,1_12/30000
1,04/00383,,PL04,4,,,,1,1_04/00383
1,04/00027,,PL04,4,,,,1,1_04/00027
1,ABTA,,,1,,,,1,1_ABTA
1,.ABTA,,ABTA,1,,,,1,1_.ABTA
1,02/06644,,TI02,2,,0,,1,1_02/06644
1,02/07834,,TI02,2,,,,1,1_02/07834
1,01/07938,,TA01,1,,0,,1,1_01/07938
1,01/07940,,TA01,1,,0,,1,1_01/07940
1,10/10615M,,TI10,2,,,,1,1_10/10615M
1,02/07894,,TI02,2,,,,1,1_02/07894
1,02/07895,,TI02,2,,,,1,1_02/07895
1,PR/1537/0001,,TA01,1,,0,,1,1_PR/1537/0001
1,AVCV,,,6,,,,1,1_AVCV
1,02/07897,,TI02,2,,,,1,1_02/07897
1,02/07896,,TI02,2,,,,1,1_02/07896
1,91/00301,,XTA91,8,,,,1,1_91/00301
1,11/00022,,TA11,1,,,,1,1_11/00022
1,11/00023,,TA11,1,,,,1,1_11/00023
1,10/10407M,,TI10,2,,,,1,1_10/10407M
1,02/06634,,TI02,2,,,,1,1_02/06634
1,02/10141,,TI02,2,,0,,1,1_02/10141
1,01/08285,,TA01,1,,,,1,1_01/08285
1,11/00046,,TA11,1,,,,1,1_11/00046
1,03/00107,,CA03,3,,0,,1,1_03/00107
1,ABCTA,,,1,,,,1,1_ABCTA
1,ABCCA,,,3,,,,1,1_ABCCA
1,ABCPL,,,4,,,,1,1_ABCPL
1,ABCCV,,,6,,,,1,1_ABCCV
1,.ABC06,,ABCCV,6,,,,1,1_.ABC06
1,PR/0493/0007,,TA01,1,,0,,1,1_PR/0493/0007
1,04/33255,,PL04,4,,0,,1,1_04/33255
1,.PAP-V,,604,5,,,,1,1_.PAP-V
1,12/PP00030,,CV12,6,,0,,1,1_12/PP00030
1,12/PP00030M,,CV12,6,,0,,1,1_12/PP00030M
1,12/PP00030M1,,CV12,6,,0,,1,1_12/PP00030M1
1,02/07900,,TI02,2,,0,,1,1_02/07900
1,02/07832REP.,,TI02,2,,,,1,1_02/07832REP.
1,04/20005,,PL04,4,,,,1,1_04/20005
1,02/07901,,TI02,2,,,,1,1_02/07901
1,02/07800,,TI02,2,,,,1,1_02/07800
1,02/07752,,TI02,2,,,,1,1_02/07752
1,02/07904,,TI02,2,,,,1,1_02/07904
1,02/07906,,TI02,2,,,,1,1_02/07906
1,02/07905,,TI02,2,,,,1,1_02/07905
1,01/08286,,TA01,1,,,,1,1_01/08286
1,03/00114,,CA03,3,,,,1,1_03/00114
1,ABTI,,,2,,,,1,1_ABTI
1,.ABTI,,ABTI,2,,,,1,1_.ABTI
1,91/00002,,XTA91,8,,,,1,1_91/00002
1,PR/0837/0013,,TI02,2,,0,,1,1_PR/0837/0013
1,11/00021C,,TA11,1,,,,1,1_11/00021C
1,03/00122B,,CA03,3,,0,,1,1_03/00122B
1,03/1231040,,CA03,3,,0,,1,1_03/1231040
1,04/00931,,PL04,4,,,,1,1_04/00931
1,02/07607,,TI02,2,,,,1,1_02/07607
1,02/07907,,TI02,2,,,,1,1_02/07907
1,01/08287,,TA01,1,,,,1,1_01/08287
1,.ABC03,,ABCCA,3,,,,1,1_.ABC03
1,02/09870JM2,,TI02,2,,0,,1,1_02/09870JM2
1,PR/1007/0076,,TA01,1,,0,,1,1_PR/1007/0076
1,02/09838,,TI02,2,,0,,1,1_02/09838
1,FE,,,5,,,,1,1_FE
1,501,,,1,,,,1,1_501
1,502,,,2,,,,1,1_502
1,503,,,3,,,,1,1_503
1,504,,,4,,,,1,1_504
1,506,,,6,,,,1,1_506
1,101,,,1,,,,1,1_101
1,102,,,2,,,,1,1_102
1,103,,,3,,,,1,1_103
1,104,,,4,,,,1,1_104
1,106,,,6,,,,1,1_106
1,01/08053,,TA01,1,,,,1,1_01/08053
1,01/08067,,TA01,1,,,,1,1_01/08067
1,01/08062,,TA01,1,,,,1,1_01/08062
1,02/07683,,TI02,2,,,,1,1_02/07683
1,02/07908,,TI02,2,,0,,1,1_02/07908
1,.YESMHE,,Y,7,,,,1,1_.YESMHE
1,.YESMHV,,Y,7,,,,1,1_.YESMHV
1,.YTAMH,,Y,8,,,,1,1_.YTAMH
1,.YTAMS,,Y,7,,,,1,1_.YTAMS
1,.YESMSE,,Y,7,,,,1,1_.YESMSE
1,02/07909,,TI02,2,,,,1,1_02/07909
1,02/07910,,TI02,2,,,,1,1_02/07910
1,02/07911,,TI02,2,,,,1,1_02/07911
1,03/00116,,CA03,3,,0,,1,1_03/00116
1,02/07460,,TI02,2,,,,1,1_02/07460
1,01/07739,,TA01,1,,,,1,1_01/07739
1,01/07539,,TA01,1,,,,1,1_01/07539
1,01/08288,,TA01,1,,,,1,1_01/08288
1,01/08289,,TA01,1,,,,1,1_01/08289
1,01/08290,,TA01,1,,,,1,1_01/08290
1,04/00307,,PL04,4,,,,1,1_04/00307
1,02/07728,,TI02,2,,,,1,1_02/07728
1,04/00980,,PL04,4,,,,1,1_04/00980
1,02/07913,,TI02,2,,0,,1,1_02/07913
1,02/07912,,TI02,2,,,,1,1_02/07912
1,01/08291,,TA01,1,,,,1,1_01/08291
1,02/07914,,TI02,2,,,,1,1_02/07914
1,04/00314,,PL04,4,,,,1,1_04/00314
1,PR/1234/0010,,TI02,2,,0,,1,1_PR/1234/0010
1,01/07829,,TA01,1,,,,1,1_01/07829
1,01/08095,,TA01,1,,,,1,1_01/08095
1,01/08072,,TA01,1,,,,1,1_01/08072
1,26/10515,,TA26,1,,,,1,1_26/10515
1,PR71107/0002,,TA01,1,,0,,1,1_PR71107/0002
1,26/10520,,TA26,1,,,,1,1_26/10520
1,56/10006,,TA56,1,,,,1,1_56/10006
1,01/08292,,TA01,1,,,,1,1_01/08292
1,02/07824,,TI02,2,,,,1,1_02/07824
1,02/07915,,TI02,2,,,,1,1_02/07915
1,02/07916,,TI02,2,,,,1,1_02/07916
1,01/08293,,TA01,1,,,,1,1_01/08293
1,01/08294,,TA01,1,,,,1,1_01/08294
1,02/07920,,TI02,2,,,,1,1_02/07920
1,.11,,501,1,,,,1,1_.11
1,02/07918,,TI02,2,,,,1,1_02/07918
1,54/32004,,TA54,1,,,,1,1_54/32004
1,54/00150,,TA54,1,,,,1,1_54/00150
1,02/07917,,TI02,2,,,,1,1_02/07917
1,02/07921,,TI02,2,,0,,1,1_02/07921
1,02/07922,,TI02,2,,0,,1,1_02/07922
1,02/07923,,TI02,2,,0,,1,1_02/07923
1,01/08295,,TA01,1,,,,1,1_01/08295
1,02/07925,,TI02,2,,,,1,1_02/07925
1,02/07924,,TI02,2,,,,1,1_02/07924
1,02/07926,,TI02,2,,,,1,1_02/07926
1,02/07903,,TI02,2,,,,1,1_02/07903
1,01/08296,,TA01,1,,,,1,1_01/08296
1,02/07927,,TI02,2,,,,1,1_02/07927
1,02/07682,,TI02,2,,,,1,1_02/07682
1,02/07448,,TI02,2,,,,1,1_02/07448
1,01/07819,,TA01,1,,,,1,1_01/07819
1,02/07621,,TI02,2,,,,1,1_02/07621
1,01/08297,,TA01,1,,,,1,1_01/08297
1,01/08298,,TA01,1,,,,1,1_01/08298
1,01/08299,,TA01,1,,,,1,1_01/08299
1,04/33251,,PL04,4,,,,1,1_04/33251
1,02/07541,,TI02,2,,,,1,1_02/07541
1,02/07662,,TI02,2,,,,1,1_02/07662
1,01/07526,,TA01,1,,,,1,1_01/07526
1,PR/1500/0001,,TI02,2,,0,,1,1_PR/1500/0001
1,54/00500,,TA54,1,,,,1,1_54/00500
1,AVCTA,,,1,,,,1,1_AVCTA
1,AVC12,,AVCTA,1,,,,1,1_AVC12
1,AVC10,,AVCTA,1,,,,1,1_AVC10
1,02/07928,,TI02,2,,,,1,1_02/07928
1,01/08301,,TA01,1,,,,1,1_01/08301
1,01/07705,,TA01,1,,,,1,1_01/07705
1,01/07413,,TA01,1,,,,1,1_01/07413
1,01/07534,,TA01,1,,,,1,1_01/07534
1,01/07651,,TA01,1,,,,1,1_01/07651
1,01/07856,,TA01,1,,,,1,1_01/07856
1,02/07757,,TI02,2,,,,1,1_02/07757
1,02/07579,,TI02,2,,,,1,1_02/07579
1,02/07930,,TI02,2,,,,1,1_02/07930
1,02/07929,,TI02,2,,,,1,1_02/07929
1,01/08302,,TA01,1,,,,1,1_01/08302
1,01/06014,,TA01,1,,,,1,1_01/06014
1,01/07153,,TA01,1,,,,1,1_01/07153
1,01/08303,,TA01,1,,,,1,1_01/08303
1,04/20100,,PL04,4,,,,1,1_04/20100
1,27/90615,,TA27,1,,,,1,1_27/90615
1,02/07694,,TI02,2,,0,,1,1_02/07694
1,02/07693,,TI02,2,,,,1,1_02/07693
1,02/07686,,TI02,2,,0,,1,1_02/07686
1,04/00982,,PL04,4,,,,1,1_04/00982
1,02/07932,,TI02,2,,,,1,1_02/07932
1,02/09802,,TI02,2,,0,,1,1_02/09802
1,03/00350,,CA03,3,,0,,1,1_03/00350
1,02/09807,,TI02,2,,0,,1,1_02/09807
1,02/07936,,TI02,2,,0,,1,1_02/07936
1,02/07937,,TI02,2,,,,1,1_02/07937
1,02/07938,,TI02,2,,,,1,1_02/07938
1,02/07931,,TI02,2,,,,1,1_02/07931
1,02/09874B,,TI02,2,,0,,1,1_02/09874B
1,01/08309,,TA01,1,,,,1,1_01/08309
1,01/08310,,TA01,1,,0,,1,1_01/08310
1,02/07940,,TI02,2,,0,,1,1_02/07940
1,91/00003,,XTA91,8,,,,1,1_91/00003
1,01/08307,,TA01,1,,,,1,1_01/08307
1,11/00047,,TA11,1,,,,1,1_11/00047
1,02/07941,,TI02,2,,0,,1,1_02/07941
1,01/08308,,TA01,1,,,,1,1_01/08308
1,AVC13,,AVCTA,1,,,,1,1_AVC13
1,AVC14,,AVCTA,1,,,,1,1_AVC14
1,PR/0267/0052,,TI02,2,,0,,1,1_PR/0267/0052
1,02/07942,,TI02,2,,,,1,1_02/07942
1,03/00117,,CA03,3,,,,1,1_03/00117
1,02/07939,,TI02,2,,,,1,1_02/07939
1,53/40015,,TA53,1,,,,1,1_53/40015
1,PR/0104/0048,,CA03,3,,0,,1,1_PR/0104/0048
1,12/PG04986,,CV12,6,,0,,1,1_12/PG04986
1,01/08304,,TA01,1,,,,1,1_01/08304
1,01/08305,,TA01,1,,,,1,1_01/08305
1,01/08306,,TA01,1,,,,1,1_01/08306
1,03/00118,,CA03,3,,,,1,1_03/00118
1,03/00119,,CA03,3,,,,1,1_03/00119
1,02/07946,,TI02,2,,,,1,1_02/07946
1,PR/0301/0047,,TA01,1,,0,,1,1_PR/0301/0047
1,01/06983,,TA01,1,,,,1,1_01/06983
1,02/07369,,TI02,2,,,,1,1_02/07369
1,01/07059,,TA01,1,,,,1,1_01/07059
1,01/07069,,TA01,1,,,,1,1_01/07069
1,57/00005,,TA57,1,,,,1,1_57/00005
1,11/00011,,TA11,1,,,,1,1_11/00011
1,04/01000,,PL04,4,,,,1,1_04/01000
1,01/07905,,TA01,1,,,,1,1_01/07905
1,26/00008,,TA26,1,,,,1,1_26/00008
1,03/10002,,CA03,3,,,,1,1_03/10002
1,10/10281,,TI10,2,,0,,1,1_10/10281
1,01/10157,,TA01,1,,0,,1,1_01/10157
1,01/08128,,TA01,1,,0,,1,1_01/08128
1,01/08248,,TA01,1,,0,,1,1_01/08248
1,01/08092,,TA01,1,,0,,1,1_01/08092
1,PR/1621/0028,,TI02,2,,0,,1,1_PR/1621/0028
1,02/177800001,,TI02,2,,0,,1,1_02/177800001
1,02/07947,,TI02,2,,,,1,1_02/07947
1,01/08313,,TA01,1,,,,1,1_01/08313
1,01/08312,,TA01,1,,,,1,1_01/08312
1,01/08311,,TA01,1,,,,1,1_01/08311
1,02/07948,,TI02,2,,,,1,1_02/07948
1,02/07949,,TI02,2,,,,1,1_02/07949
1,02/07944,,TI02,2,,,,1,1_02/07944
1,01/07235,,TA01,1,,,,1,1_01/07235
1,01/07236,,TA01,1,,,,1,1_01/07236
1,01/08314,,TA01,1,,,,1,1_01/08314
1,55/40157,,TI55,2,,,,1,1_55/40157
1,10/00590,,TI10,2,,,,1,1_10/00590
1,01/08315,,TA01,1,,,,1,1_01/08315
1,11/00090,,TA11,1,,,,1,1_11/00090
1,02/07493,,TI02,2,,,,1,1_02/07493
1,02/07450,,TI02,2,,,,1,1_02/07450
1,02/07449,,TI02,2,,,,1,1_02/07449
1,02/07598,,TI02,2,,,,1,1_02/07598
1,02/07599,,TI02,2,,,,1,1_02/07599
1,12/80200,,CV12,6,,,,1,1_12/80200
1,02/07952,,TI02,2,,0,,1,1_02/07952
1,02/07950,,TI02,2,,,,1,1_02/07950
1,02/07951,,TI02,2,,,,1,1_02/07951
1,04/20012,,PL04,4,,,,1,1_04/20012
1,02/07953,,TI02,2,,,,1,1_02/07953
1,01/1027101M,,TA01,1,,0,,1,1_01/1027101M
1,04/00373,,PL04,4,,,,1,1_04/00373
1,04/00362,,PL04,4,,,,1,1_04/00362
1,03/00121,,CA03,3,,,,1,1_03/00121
1,03/00122,,CA03,3,,,,1,1_03/00122
1,AV021,,AVTI,6,,0,,1,1_AV021
1,02/07954,,TI02,2,,,,1,1_02/07954
1,02/07957,,TI02,2,,,,1,1_02/07957
1,02/07955,,TI02,2,,,,1,1_02/07955
1,12/PG04982,,CV12,6,,0,,1,1_12/PG04982
1,02/07958,,TI02,2,,,,1,1_02/07958
1,02/07879,,TI02,2,,0,,1,1_02/07879
1,02/07880,,TI02,2,,0,,1,1_02/07880
1,02/07959,,TI02,2,,0,,1,1_02/07959
1,02/07960,,TI02,2,,,,1,1_02/07960
1,02/07781,,TI02,2,,,,1,1_02/07781
1,02/07961,,TI02,2,,0,,1,1_02/07961
1,02/07962,,TI02,2,,0,,1,1_02/07962
1,12/50002,,CV12,6,,,,1,1_12/50002
1,01/08100,,TA01,1,,,,1,1_01/08100
1,02/07963,,TI02,2,,,,1,1_02/07963
1,AVC23,,AVCTI,0,,,,1,1_AVC23
1,AVCTI,,,2,,,,1,1_AVCTI
1,04/33250,,PL04,4,,,,1,1_04/33250
1,ABPL,,,4,,,,1,1_ABPL
1,.ABPL,,ABPL,4,,,,1,1_.ABPL
1,10/10650,,TI10,2,,,,1,1_10/10650
1,01/08057,,TA01,1,,,,1,1_01/08057
1,01/08117,,TA01,1,,,,1,1_01/08117
1,01/08212,,TA01,1,,,,1,1_01/08212
1,02/07964,,TI02,2,,0,,1,1_02/07964
1,02/07965,,TI02,2,,,,1,1_02/07965
1,10/10192,,TI10,2,,,,1,1_10/10192
1,02/07966,,TI02,2,,,,1,1_02/07966
1,02/07967,,TI02,2,,,,1,1_02/07967
1,02/07970,,TI02,2,,,,1,1_02/07970
1,02/07971,,TI02,2,,,,1,1_02/07971
1,03/00123,,CA03,3,,,,1,1_03/00123
1,01/08320,,TA01,1,,,,1,1_01/08320
1,01/08319,,TA01,1,,,,1,1_01/08319
1,04/02010,,PL04,4,,,,1,1_04/02010
1,03/00290,,CA03,3,,0,,1,1_03/00290
1,26/00870,,TA26,1,,,,1,1_26/00870
1,04/00981,,PL04,4,,,,1,1_04/00981
1,10/00156,,TI10,2,,0,,1,1_10/00156
1,02/07976,,TI02,2,,0,,1,1_02/07976
1,02/07972,,TI02,2,,,,1,1_02/07972
1,02/07975,,TI02,2,,,,1,1_02/07975
1,04/166700001,,PL04,4,,0,,1,1_04/166700001
1,01/07959,,TA01,1,,,,1,1_01/07959
1,01/07958,,TA01,1,,,,1,1_01/07958
1,02/07977,,TI02,2,,,,1,1_02/07977
1,02/07973,,TI02,2,,,,1,1_02/07973
1,01/08321,,TA01,1,,,,1,1_01/08321
1,01/07954,,TA01,1,,,,1,1_01/07954
1,04/00342,,PL04,4,,,,1,1_04/00342
1,04/00344,,PL04,4,,,,1,1_04/00344
1,01/08322,,TA01,1,,,,1,1_01/08322
1,04/02006,,PL04,4,,,,1,1_04/02006
1,01/08318,,TA01,1,,,,1,1_01/08318
1,01/08317,,TA01,1,,,,1,1_01/08317
1,01/08323,,TA01,1,,,,1,1_01/08323
1,02/07978,,TI02,2,,,,1,1_02/07978
1,02/07979,,TI02,2,,,,1,1_02/07979
1,02/07980,,TI02,2,,,,1,1_02/07980
1,02/07981,,TI02,2,,,,1,1_02/07981
1,02/07982,,TI02,2,,,,1,1_02/07982
1,01/08324,,TA01,1,,,,1,1_01/08324
1,01/08325,,TA01,1,,,,1,1_01/08325
1,58/40040,,TA58,1,,0,,1,1_58/40040
1,PR/1153/0001,,TI02,2,,0,,1,1_PR/1153/0001
1,04/00930,,PL04,4,,,,1,1_04/00930
1,04/00940,,PL04,4,,,,1,1_04/00940
1,04/00942,,PL04,4,,,,1,1_04/00942
1,04/00948,,PL04,4,,,,1,1_04/00948
1,04/00946,,PL04,4,,,,1,1_04/00946
1,04/00947,,PL04,4,,,,1,1_04/00947
1,02/07625,,TI02,2,,,,1,1_02/07625
1,02/07983,,TI02,2,,,,1,1_02/07983
1,58/32010,,TA58,1,,,,1,1_58/32010
1,58/33010,,TA58,1,,,,1,1_58/33010
1,58/10015,,TA58,1,,,,1,1_58/10015
1,53/00420,,TA53,1,,,,1,1_53/00420
1,PR/0301/0040,,TA01,1,,0,,1,1_PR/0301/0040
1,53/34012,,TA53,1,,,,1,1_53/34012
1,04/00206,,PL04,4,,,,1,1_04/00206
1,04/00207,,PL04,4,,,,1,1_04/00207
1,02/07984,,TI02,2,,,,1,1_02/07984
1,PR/1244/0014,,TI02,2,,0,,1,1_PR/1244/0014
1,02/07985,,TI02,2,,,,1,1_02/07985
1,02/07986,,TI02,2,,,,1,1_02/07986
1,02/07843,,TI02,2,,,,1,1_02/07843
1,01/09969A,,TA01,1,,0,,1,1_01/09969A
1,12/80916,,CV12,6,,0,,1,1_12/80916
1,01/08330,,TA01,1,,,,1,1_01/08330
1,02/07987,,TI02,2,,,,1,1_02/07987
1,02/07846,,TI02,2,,0,,1,1_02/07846
1,02/07988,,TI02,2,,0,,1,1_02/07988
1,01/08329,,TA01,1,,,,1,1_01/08329
1,01/08328,,TA01,1,,,,1,1_01/08328
1,01/08331,,TA01,1,,,,1,1_01/08331
1,02/07989,,TI02,2,,,,1,1_02/07989
1,PR/0787/0010-A,,TA01,1,,0,,1,1_PR/0787/0010-A
1,01/08332,,TA01,1,,,,1,1_01/08332
1,28/00963,,TA28,1,,0,,1,1_28/00963
1,02/07990,,TI02,2,,,,1,1_02/07990
1,80/00113,,PL80,4,,0,,1,1_80/00113
1,04/33252,,PL04,4,,,,1,1_04/33252
1,04/00203,,PL04,4,,,,1,1_04/00203
1,04/00202,,PL04,4,,,,1,1_04/00202
1,04/00200,,PL04,4,,,,1,1_04/00200
1,02/07991,,TI02,2,,,,1,1_02/07991
1,01/08200,,TA01,1,,,,1,1_01/08200
1,02/07992,,TI02,2,,0,,1,1_02/07992
1,02/07993,,TI02,2,,,,1,1_02/07993
1,02/06631,,TI02,2,,,,1,1_02/06631
1,04/00205,,PL04,4,,,,1,1_04/00205
1,01/08333,,TA01,1,,,,1,1_01/08333
1,02/10535,,TI02,2,,0,,1,1_02/10535
1,10/02010,,TI10,2,,,,1,1_10/02010
1,02/07994,,TI02,2,,,,1,1_02/07994
1,02/07995,,TI02,2,,,,1,1_02/07995
1,02/07996,,TI02,2,,,,1,1_02/07996
1,02/07559,,TI02,2,,,,1,1_02/07559
1,02/02706,,TI02,2,,,,1,1_02/02706
1,02/07997,,TI02,2,,,,1,1_02/07997
1,02/07556,,TI02,2,,,,1,1_02/07556
1,PR/1848/0002,,TA01,1,,0,,1,1_PR/1848/0002
1,02/07998,,TI02,2,,0,,1,1_02/07998
1,01/08300,,TA01,1,,,,1,1_01/08300
1,01/08336,,TA01,1,,,,1,1_01/08336
1,PR/0267/0051-A,,TI02,2,,0,,1,1_PR/0267/0051-A
1,01/08334,,TA01,1,,,,1,1_01/08334
1,01/08335,,TA01,1,,,,1,1_01/08335
1,01/08337,,TA01,1,,,,1,1_01/08337
1,53/00140,,TA53,1,,,,1,1_53/00140
1,02/08001,,TI02,2,,,,1,1_02/08001
1,02/08000,,TI02,2,,,,1,1_02/08000
1,70/20050,,TA70,1,,,,1,1_70/20050
1,54/00300,,TA54,1,,,,1,1_54/00300
1,26/60515,,TA26,1,,,,1,1_26/60515
1,26/60205,,TA26,1,,,,1,1_26/60205
1,12/80955,,CV12,6,,0,,1,1_12/80955
1,01/08338,,TA01,1,,,,1,1_01/08338
1,PR/1690/0022-B,,TA01,1,,0,,1,1_PR/1690/0022-B
1,02/08064,,TI02,2,,0,,1,1_02/08064
1,02/08003,,TI02,2,,0,,1,1_02/08003
1,10/00179,,TI10,2,,0,,1,1_10/00179
1,02/08004,,TI02,2,,,,1,1_02/08004
1,02/08002,,TI02,2,,,,1,1_02/08002
1,01/08339,,TA01,1,,,,1,1_01/08339
1,01/07996,,TA01,1,,,,1,1_01/07996
1,04/00420,,PL04,4,,,,1,1_04/00420
1,03/00124,,CA03,3,,,,1,1_03/00124
1,04/00304,,PL04,4,,,,1,1_04/00304
1,11/00650,,TA11,1,,0,,1,1_11/00650
1,11/00651,,TA11,1,,,,1,1_11/00651
1,11/00652,,TA11,1,,,,1,1_11/00652
1,02/08005,,TI02,2,,0,,1,1_02/08005
1,01/08340,,TA01,1,,,,1,1_01/08340
1,04/00103,,PL04,4,,,,1,1_04/00103
1,04/00953,,PL04,4,,,,1,1_04/00953
1,01/08342,,TA01,1,,,,1,1_01/08342
1,01/08341,,TA01,1,,,,1,1_01/08341
1,03/00125,,CA03,3,,0,,1,1_03/00125
1,01/08343,,TA01,1,,,,1,1_01/08343
1,11/00100,,TA11,1,,,,1,1_11/00100
1,53/45108,,TA53,1,,,,1,1_53/45108
1,11/00025,,TA11,1,,,,1,1_11/00025
1,11/00028,,TA11,1,,,,1,1_11/00028
1,11/00030,,TA11,1,,,,1,1_11/00030
1,11/00024,,TA11,1,,,,1,1_11/00024
1,02/07664,,TI02,2,,0,,1,1_02/07664
1,02/08006,,TI02,2,,,,1,1_02/08006
1,01/08344,,TA01,1,,,,1,1_01/08344
1,02/08007,,TI02,2,,0,,1,1_02/08007
1,01/08345,,TA01,1,,,,1,1_01/08345
1,55/20011,,TI55,2,,,,1,1_55/20011
1,10/10064,,TI10,2,,,,1,1_10/10064
1,10/12615,,TI10,2,,,,1,1_10/12615
1,10/12620,,TI10,2,,,,1,1_10/12620
1,10/12625,,TI10,2,,,,1,1_10/12625
1,10/12630,,TI10,2,,,,1,1_10/12630
1,10/12635,,TI10,2,,,,1,1_10/12635
1,02/08009,,TI02,2,,,,1,1_02/08009
1,25/00515,,TA25,1,,,,1,1_25/00515
1,02/08008,,TI02,2,,,,1,1_02/08008
1,02/08073,,TI02,2,,,,1,1_02/08073
1,02/08013,,TI02,2,,,,1,1_02/08013
1,02/08012,,TI02,1,,,,1,1_02/08012
1,02/08011,,TI02,2,,,,1,1_02/08011
1,02/08010,,TI02,2,,,,1,1_02/08010
1,01/08139,,TA01,1,,,,1,1_01/08139
1,01/08347,,TA01,1,,,,1,1_01/08347
1,01/08346,,TA01,1,,,,1,1_01/08346
1,01/08348,,TA01,1,,,,1,1_01/08348
1,01/08349,,TA01,1,,,,1,1_01/08349
1,02/08014,,TI02,2,,,,1,1_02/08014
1,94/02000,,XPL94,8,,,,1,1_94/02000
1,02/08015,,TI02,2,,,,1,1_02/08015
1,02/06265,,TI02,2,,,,1,1_02/06265
1,02/05715,,TI02,2,,,,1,1_02/05715
1,02/08016,,TI02,2,,,,1,1_02/08016
1,12/99999,,CV12,6,,,,1,1_12/99999
1,04/00101,,PL04,4,,,,1,1_04/00101
1,04/00102,,PL04,4,,,,1,1_04/00102
1,PR/1629/0018,,TI02,2,,0,,1,1_PR/1629/0018
1,02/08017,,TI02,2,,,,1,1_02/08017
1,01/08350,,TA01,1,,,,1,1_01/08350
1,02/07646,,TI02,2,,,,1,1_02/07646
1,02/07365,,TI02,2,,0,,1,1_02/07365
1,01/08351,,TA01,1,,,,1,1_01/08351
1,01/08352,,TA01,1,,,,1,1_01/08352
1,01/08353,,TA01,1,,,,1,1_01/08353
1,01/08354,,TA01,1,,,,1,1_01/08354
1,01/08355,,TA01,1,,,,1,1_01/08355
1,02/07896M,,TI02,2,,0,,1,1_02/07896M
1,02/08018,,TI02,2,,,,1,1_02/08018
1,01/08357,,TA01,1,,,,1,1_01/08357
1,01/08356,,TA01,1,,,,1,1_01/08356
1,53/00450,,TA53,1,,,,1,1_53/00450
1,02/07531,,TI02,2,,,,1,1_02/07531
1,03/00127,,CA03,3,,0,,1,1_03/00127
1,PR*/1856/0003,,TA01,1,,0,,1,1_PR*/1856/0003
1,02/08019,,TI02,2,,0,,1,1_02/08019
1,02/08020,,TI02,2,,,,1,1_02/08020
1,02/08021,,TI02,2,,,,1,1_02/08021
1,11/00075,,TA11,1,,,,1,1_11/00075
1,02/08022,,TI02,2,,,,1,1_02/08022
1,02/08023,,TI02,2,,,,1,1_02/08023
1,02/07655,,TI02,2,,,,1,1_02/07655
1,02/08024,,TI02,2,,,,1,1_02/08024
1,02/10359M,,TI02,2,,0,,1,1_02/10359M
1,02/08026,,TI02,2,,0,,1,1_02/08026
1,12/52830,,CV12,6,,,,1,1_12/52830
1,02/08027,,TI02,2,,,,1,1_02/08027
1,01/08393,,TA01,1,,0,,1,1_01/08393
1,54/34005,,TA54,1,,,,1,1_54/34005
1,01/08398A,,TA01,1,,,,1,1_01/08398A
1,01/08401,,TA01,1,,,,1,1_01/08401
1,10/00139,,TI10,2,,0,,1,1_10/00139
1,70/20055,,TA70,1,,,,1,1_70/20055
1,02/08067,,TI02,2,,,,1,1_02/08067
1,AUJOR 18.7.97,,TA01,1,,,,1,1_AUJOR 18.7.97
1,53/45110,,TA53,1,,,,1,1_53/45110
1,01/08397A,,TA01,1,,,,1,1_01/08397A
1,01/08358,,TA01,1,,,,1,1_01/08358
1,02/08030,,TI02,2,,,,1,1_02/08030
1,02/08032,,TI02,2,,0,,1,1_02/08032
1,02/08031,,TI02,2,,,,1,1_02/08031
1,02/08029,,TI02,2,,,,1,1_02/08029
1,11/00085,,TA11,1,,,,1,1_11/00085
1,01/08359,,TA01,1,,,,1,1_01/08359
1,02/02063,,TI02,2,,,,1,1_02/02063
1,02/03828,,TI02,2,,,,1,1_02/03828
1,02/03829,,TI02,2,,,,1,1_02/03829
1,02/03832,,TI02,2,,,,1,1_02/03832
1,02/03834,,TI02,2,,,,1,1_02/03834
1,02/03831,,TI02,2,,,,1,1_02/03831
1,02/03835,,TI02,2,,,,1,1_02/03835
1,02/03833,,TI02,2,,,,1,1_02/03833
1,02/03886,,TI02,2,,,,1,1_02/03886
1,01/07199,,TA01,1,,,,1,1_01/07199
1,10/02074,,TI10,2,,,,1,1_10/02074
1,02/02078,,TI02,2,,,,1,1_02/02078
1,26/60006,,TA26,1,,,,1,1_26/60006
1,02/07656,,TI02,2,,,,1,1_02/07656
1,02/08035,,TI02,2,,0,,1,1_02/08035
1,02/08034,,TI02,2,,,,1,1_02/08034
1,02/08033,,TI02,2,,,,1,1_02/08033
1,01/08361,,TA01,1,,0,,1,1_01/08361
1,01/08360,,TA01,1,,0,,1,1_01/08360
1,01/08398C,,TA01,1,,,,1,1_01/08398C
1,54/00160,,TA54,1,,,,1,1_54/00160
1,02/08036,,TI02,2,,,,1,1_02/08036
1,01/08362,,TA01,1,,,,1,1_01/08362
1,10/00129,,TI10,2,,0,,1,1_10/00129
1,10/10830M,,TI10,2,,,,1,1_10/10830M
1,02/11520,,TI02,2,,,,1,1_02/11520
1,10/15815,,TI10,2,,,,1,1_10/15815
1,PR/0267/0052-A,,TI02,2,,0,,1,1_PR/0267/0052-A
1,10/13530,,TI10,2,,,,1,1_10/13530
1,10/14510,,TI10,2,,,,1,1_10/14510
1,10/13270,,TI10,2,,,,1,1_10/13270
1,03/2631085,,CA03,3,,0,,1,1_03/2631085
1,.ABCCV,,ABCCV,6,,,,1,1_.ABCCV
1,02/05981,,TI02,2,,,,1,1_02/05981
1,01/10234R,,TA01,1,,0,,1,1_01/10234R
1,04/02011,,PL04,4,,,,1,1_04/02011
1,02/07614,,TI02,2,,,,1,1_02/07614
1,01/02119,,TA01,1,,,,1,1_01/02119
1,01/08365,,TA01,1,,,,1,1_01/08365
1,ELBASA,,TA01,1,,,,1,1_ELBASA
1,70/30025,,TA70,1,,,,1,1_70/30025
1,02/07412,,TI02,2,,,,1,1_02/07412
1,PR/1708/0027,,CA03,3,,0,,1,1_PR/1708/0027
1,02/07814,,TI02,2,,0,,1,1_02/07814
1,03/10003,,CA03,3,,0,,1,1_03/10003
1,55/00403,,TI55,2,,0,,1,1_55/00403
1,55/00603,,TI55,2,,0,,1,1_55/00603
1,01/08366,,TA01,1,,,,1,1_01/08366
1,01/08367,,TA01,1,,,,1,1_01/08367
1,04/00949,,PL04,4,,,,1,1_04/00949
1,01/08398B,,TA01,1,,,,1,1_01/08398B
1,53/63015,,TA53,1,,,,1,1_53/63015
1,01/07939,,TA01,1,,0,,1,1_01/07939
1,01/08368,,TA01,1,,,,1,1_01/08368
1,02/07330,,TI02,2,,,,1,1_02/07330
1,01/08363,,TA01,1,,,,1,1_01/08363
1,01/08364,,TA01,1,,,,1,1_01/08364
1,02/08037,,TI02,2,,,,1,1_02/08037
1,02/10046D01,,TI02,2,,0,,1,1_02/10046D01
1,02/07615,,TI02,2,,,,1,1_02/07615
1,02/07403,,TI02,2,,,,1,1_02/07403
1,02/10364,,TI02,2,,0,,1,1_02/10364
1,02/1036301,,TI02,2,,0,,1,1_02/1036301
1,02/02077,,TI02,2,,,,1,1_02/02077
1,02/06975,,TI02,2,,,,1,1_02/06975
1,02/06976,,TI02,2,,,,1,1_02/06976
1,02/06977,,TI02,2,,,,1,1_02/06977
1,02/07610,,TI02,2,,0,,1,1_02/07610
1,02/07674,,TI02,2,,,,1,1_02/07674
1,54/32005,,TA54,1,,,,1,1_54/32005
1,02/7673,,TI02,2,,,,1,1_02/7673
1,01/08370,,TA01,1,,,,1,1_01/08370
1,01/08371,,TA01,1,,,,1,1_01/08371
1,01/08369,,TA01,1,,,,1,1_01/08369
1,01/08398D,,TA01,1,,,,1,1_01/08398D
1,ALOXID 3,,TI02,2,,,,1,1_ALOXID 3
1,ALOXID 2,,TI02,2,,,,1,1_ALOXID 2
1,ALOXID 4,,TI02,2,,,,1,1_ALOXID 4
1,ALOXID 5,,TI02,2,,,,1,1_ALOXID 5
1,10/00172,,TI10,2,,0,,1,1_10/00172
1,ALOXID 6,,TI02,2,,,,1,1_ALOXID 6
1,02/08039,,TI02,2,,,,1,1_02/08039
1,02/08041,,TI02,2,,0,,1,1_02/08041
1,02/08040,,TI02,2,,0,,1,1_02/08040
1,91/02206,,XTA91,8,,0,,1,1_91/02206
1,04/21135,,PL04,4,,,,1,1_04/21135
1,02/07687,,TI02,2,,,,1,1_02/07687
1,02/09991A01,,TI02,2,,0,,1,1_02/09991A01
1,02/07833,,TI02,2,,0,,1,1_02/07833
1,01/08372,,TA01,1,,,,1,1_01/08372
1,02/08072,,TI02,2,,,,1,1_02/08072
1,01/08101,,TA01,1,,,,1,1_01/08101
1,52/10014,,TA52,1,,,,1,1_52/10014
1,01/08373,,TA01,1,,,,1,1_01/08373
1,01/08374,,TA01,1,,,,1,1_01/08374
1,12/41807,,CV12,6,,,,1,1_12/41807
1,12/25000,,CV12,6,,,,1,1_12/25000
1,03/00349,,CA03,3,,0,,1,1_03/00349
1,02/08044,,TI02,2,,,,1,1_02/08044
1,02/08045,,TI02,2,,,,1,1_02/08045
1,02/08046,,TI02,2,,,,1,1_02/08046
1,02/08047,,TI02,2,,,,1,1_02/08047
1,01/08375,,TA01,1,,,,1,1_01/08375
1,53/34005,,TA53,1,,,,1,1_53/34005
1,02/06633,,TI02,2,,,,1,1_02/06633
1,02/08050,,TI02,2,,,,1,1_02/08050
1,02/08048,,TI02,2,,,,1,1_02/08048
1,02/08049,,TI02,2,,,,1,1_02/08049
1,01/08376,,TA01,1,,,,1,1_01/08376
1,10/11035,,TI10,2,,,,1,1_10/11035
1,01/08377,,TA01,1,,,,1,1_01/08377
1,11/00095,,TA11,1,,,,1,1_11/00095
1,53/61210,,TA53,1,,,,1,1_53/61210
1,52/00180,,TA52,1,,,,1,1_52/00180
1,02/08071,,TI02,2,,,,1,1_02/08071
1,10/00135,,TI10,2,,0,,1,1_10/00135
1,10/00141,,TI10,2,,0,,1,1_10/00141
1,10/00137,,TI10,2,,0,,1,1_10/00137
1,01/08378,,TA01,1,,,,1,1_01/08378
1,01/08402,,TA01,1,,,,1,1_01/08402
1,01/08380,,TA01,1,,,,1,1_01/08380
1,01/08381,,TA01,1,,,,1,1_01/08381
1,01/08379,,TA01,1,,,,1,1_01/08379
1,12/54000,,CV12,6,,,,1,1_12/54000
1,02/08051,,TI02,2,,,,1,1_02/08051
1,70/11004,,TA70,1,,,,1,1_70/11004
1,56/32005,,TA56,1,,,,1,1_56/32005
1,01/08397C,,TA01,1,,,,1,1_01/08397C
1,01/08397B,,TA01,1,,,,1,1_01/08397B
1,03/00128,,CA03,3,,,,1,1_03/00128
1,04/00983,,PL04,4,,,,1,1_04/00983
1,02/08052,,TI02,2,,,,1,1_02/08052
1,10/00133,,TI10,2,,0,,1,1_10/00133
1,10/00131,,TI10,2,,0,,1,1_10/00131
1,01/08404,,TA01,1,,,,1,1_01/08404
1,02/08053,,TI02,2,,,,1,1_02/08053
1,02/08054,,TI02,2,,,,1,1_02/08054
1,01/08382,,TA01,1,,,,1,1_01/08382
1,01/08383,,TA01,1,,,,1,1_01/08383
1,01/08384,,TA01,1,,,,1,1_01/08384
1,01/08403,,TA01,1,,,,1,1_01/08403
1,02/10178M,,TI02,2,,0,,1,1_02/10178M
1,01/08385,,TA01,1,,,,1,1_01/08385
1,10/11235,,TI10,2,,,,1,1_10/11235
1,01/08390,,TA01,1,,,,1,1_01/08390
1,01/08104,,TA01,1,,,,1,1_01/08104
1,02/07969,,TI02,2,,,,1,1_02/07969
1,01/08389,,TA01,1,,,,1,1_01/08389
1,01/08386,,TA01,1,,,,1,1_01/08386
1,01/08387,,TA01,1,,,,1,1_01/08387
1,01/08388,,TA01,1,,,,1,1_01/08388
1,04/00721,,PL04,4,,,,1,1_04/00721
1,02/08070,,TI02,2,,,,1,1_02/08070
1,52/34010,,TA52,1,,,,1,1_52/34010
1,01/08391,,TA01,1,,,,1,1_01/08391
1,01/08392,,TA01,1,,,,1,1_01/08392
1,02/08058,,TI02,2,,,,1,1_02/08058
1,02/08059,,TI02,2,,,,1,1_02/08059
1,02/08060,,TI02,2,,,,1,1_02/08060
1,01/08395,,TA01,1,,,,1,1_01/08395
1,28/00957,,TA28,1,,0,,1,1_28/00957
1,02/08061,,TI02,2,,,,1,1_02/08061
1,02/08062,,TI02,2,,,,1,1_02/08062
1,02/08063,,TI02,2,,,,1,1_02/08063
1,01/08396,,TA01,1,,,,1,1_01/08396
1,ATR,,TI02,2,,,,1,1_ATR
1,02/08057,,TI02,2,,0,,1,1_02/08057
1,.922,,XTI92,8,,,,1,1_.922
1,10/12645,,TI10,2,,,,1,1_10/12645
1,10/12616,,TI10,2,,,,1,1_10/12616
1,02/08065,,TI02,2,,,,1,1_02/08065
1,02/08066,,TI02,2,,,,1,1_02/08066
1,01/08397,,TA01,1,,,,1,1_01/08397
1,01/08398,,TA01,1,,,,1,1_01/08398
1,04/02012,,PL04,4,,,,1,1_04/02012
1,01/08400,,TA01,1,,,,1,1_01/08400
1,10/10850M,,TI10,2,,,,1,1_10/10850M
1,10/10612M,,TI10,2,,,,1,1_10/10612M
1,10/10625M,,TI10,2,,,,1,1_10/10625M
1,10/10630M,,TI10,2,,0,,1,1_10/10630M
1,10/10635M,,TI10,2,,0,,1,1_10/10635M
1,10/10640M,,TI10,2,,0,,1,1_10/10640M
1,10/10815M,,TI10,2,,,,1,1_10/10815M
1,10/10825M,,TI10,2,,,,1,1_10/10825M
1,10/10060M,,TI10,2,,,,1,1_10/10060M
1,10/10064M,,TI10,2,,,,1,1_10/10064M
1,10/11615M,,TI10,2,,,,1,1_10/11615M
1,10/11620M,,TI10,2,,,,1,1_10/11620M
1,10/11625M,,TI10,2,,,,1,1_10/11625M
1,10/11630M,,TI10,2,,,,1,1_10/11630M
1,10/11635M,,TI10,2,,,,1,1_10/11635M
1,10/11640M,,TI10,2,,,,1,1_10/11640M
1,10/11815M,,TI10,2,,,,1,1_10/11815M
1,10/11820M,,TI10,2,,,,1,1_10/11820M
1,10/11825M,,TI10,2,,,,1,1_10/11825M
1,10/11830M,,TI10,2,,,,1,1_10/11830M
1,10/11840M,,TI10,2,,,,1,1_10/11840M
1,10/12615M,,TI10,2,,,,1,1_10/12615M
1,10/12620M,,TI10,2,,,,1,1_10/12620M
1,10/12625M,,TI10,2,,,,1,1_10/12625M
1,10/12630M,,TI10,2,,,,1,1_10/12630M
1,10/12635M,,TI10,2,,,,1,1_10/12635M
1,10/12640M,,TI10,2,,,,1,1_10/12640M
1,10/12645M,,TI10,2,,,,1,1_10/12645M
1,10/12616M,,TI10,2,,,,1,1_10/12616M
1,10/11845M,,TI10,2,,,,1,1_10/11845M
1,10/12640,,TI10,2,,,,1,1_10/12640
1,10/11835M,,TI10,2,,,,1,1_10/11835M
1,02/08068,,TI02,2,,,,1,1_02/08068
1,02/08069,,TI02,2,,,,1,1_02/08069
1,02/08074,,TI02,2,,0,,1,1_02/08074
1,02/08075,,TI02,2,,0,,1,1_02/08075
1,11/00230,,TA11,1,,,,1,1_11/00230
1,01/08203,,TA01,1,,,,1,1_01/08203
1,04/02020,,PL04,4,,,,1,1_04/02020
1,01/05351,,TA01,1,,,,1,1_01/05351
1,02/07815,,TI02,2,,,,1,1_02/07815
1,01/08405,,TA01,1,,,,1,1_01/08405
1,01/08406,,TA01,1,,,,1,1_01/08406
1,01/08407,,TA01,1,,,,1,1_01/08407
1,01/08408,,TA01,1,,,,1,1_01/08408
1,01/08409,,TA01,1,,,,1,1_01/08409
1,01/08410,,TA01,1,,,,1,1_01/08410
1,01/08411,,TA01,1,,,,1,1_01/08411
1,02/08076,,TI02,2,,,,1,1_02/08076
1,01/08412,,TA01,1,,,,1,1_01/08412
1,01/08413,,TA01,1,,,,1,1_01/08413
1,02/06644R,,TI02,2,,0,,1,1_02/06644R
1,53/00150,,TA53,1,,,,1,1_53/00150
1,02/07364R,,TI02,2,,0,,1,1_02/07364R
1,02/08214,,TI02,2,,,,1,1_02/08214
1,02/08077,,TI02,2,,0,,1,1_02/08077
1,02/08078,,TI02,2,,0,,1,1_02/08078
1,10/10860M,,TI10,2,,,,1,1_10/10860M
1,02/07982M,,TI02,2,,,,1,1_02/07982M
1,10/11850M,,TI10,2,,,,1,1_10/11850M
1,01/08414,,TA01,1,,,,1,1_01/08414
1,01/08415,,TA01,1,,,,1,1_01/08415
1,02/07571,,TI02,2,,,,1,1_02/07571
1,01/08416,,TA01,1,,,,1,1_01/08416
1,01/08417,,TA01,1,,,,1,1_01/08417
1,01/08418,,TA01,1,,,,1,1_01/08418
1,01/08419,,TA01,1,,,,1,1_01/08419
1,01/08420,,TA01,1,,,,1,1_01/08420
1,02/07480,,TI02,2,,,,1,1_02/07480
1,01/08421,,TA01,1,,,,1,1_01/08421
1,01/08422,,TA01,1,,,,1,1_01/08422
1,02/08096,,TI02,2,,0,,1,1_02/08096
1,01/08458,,TA01,1,,,,1,1_01/08458
1,57/37010,,TA57,1,,,,1,1_57/37010
1,01/07389,,TA01,1,,,,1,1_01/07389
1,01/09942R,,TA01,1,,0,,1,1_01/09942R
1,11/00025M1,,TA11,1,,,,1,1_11/00025M1
1,11/00021M,,TA11,1,,,,1,1_11/00021M
1,11/00022M,,TA11,1,,,,1,1_11/00022M
1,11/00023M,,TA11,1,,,,1,1_11/00023M
1,11/00028M,,TA11,1,,,,1,1_11/00028M
1,01/08424,,TA01,1,,,,1,1_01/08424
1,01/08457,,TA01,1,,,,1,1_01/08457
1,03/00131,,CA03,3,,,,1,1_03/00131
1,10/10123M,,TI10,2,,,,1,1_10/10123M
1,01/08456,,TA01,1,,,,1,1_01/08456
1,02/08095,,TI02,2,,,,1,1_02/08095
1,02/07720,,TI02,2,,,,1,1_02/07720
1,.102,,W,9,,,,1,1_.102
1,12/RT00002,,CV12,6,,0,,1,1_12/RT00002
1,604,,,5,,,,1,1_604
1,27/91630,,TA27,1,,,,1,1_27/91630
1,01/07770,,TA01,1,,,,1,1_01/07770
1,01/08455,,TA01,1,,,,1,1_01/08455
1,01/08454,,TA01,1,,,,1,1_01/08454
1,12/55000,,CV12,6,,,,1,1_12/55000
1,02/07978M,,TI02,2,,,,1,1_02/07978M
1,02/07749,,TI02,2,,,,1,1_02/07749
1,.W99,,W,9,,,,1,1_.W99
1,02/08094,,TI02,2,,,,1,1_02/08094
1,26/00005,,TA26,1,,,,1,1_26/00005
1,26/01030,,TA26,1,,,,1,1_26/01030
1,70/01116,,TA70,1,,0,,1,1_70/01116
1,12/50003,,CV12,6,,,,1,1_12/50003
1,01/07018,,TA01,1,,,,1,1_01/07018
1,12/90001M,,CV12,6,,,,1,1_12/90001M
1,70/06540,,TA70,6,,,,1,1_70/06540
1,02/08079,,TI02,2,,,,1,1_02/08079
1,02/08080,,TI02,2,,,,1,1_02/08080
1,04/00201,,PL04,4,,,,1,1_04/00201
1,01/08121,,TA01,1,,0,,1,1_01/08121
1,02/08081,,TI02,2,,,,1,1_02/08081
1,01/08426,,TA01,1,,,,1,1_01/08426
1,04/33253,,PL04,4,,,,1,1_04/33253
1,11/31508,,TA11,1,,,,1,1_11/31508
1,01/08016M,,TA01,1,,,,1,1_01/08016M
1,02/07849M,,TI02,2,,,,1,1_02/07849M
1,10/09510M,,TI10,2,,,,1,1_10/09510M
1,JBP,,TA01,1,,,,1,1_JBP
1,JBP 1,,TA01,1,,,,1,1_JBP 1
1,ALOXID 1,,TI02,2,,,,1,1_ALOXID 1
1,APEL,,TA01,1,,,,1,1_APEL
1,APEL 1,,TA01,1,,,,1,1_APEL 1
1,11/00011PB,,TA11,1,,,,1,1_11/00011PB
1,01/08074,,TA01,1,,,,1,1_01/08074
1,03/00129,,CA03,3,,,,1,1_03/00129
1,10/14612,,TI10,2,,,,1,1_10/14612
1,10/14612M,,TI10,2,,,,1,1_10/14612M
1,02/08082,,TI02,2,,,,1,1_02/08082
1,02/08083,,TI02,2,,,,1,1_02/08083
1,10/00533,,TI10,2,,,,1,1_10/00533
1,12/70010,,CV12,6,,,,1,1_12/70010
1,12/54106,,CV12,6,,,,1,1_12/54106
1,12/54158,,CV12,6,,,,1,1_12/54158
1,12/54177,,CV12,6,,,,1,1_12/54177
1,12/80956,,CV12,6,,0,,1,1_12/80956
1,02/08084,,TI02,2,,,,1,1_02/08084
1,VARGES-0,,TA01,1,,,,1,1_VARGES-0
1,VERGES-1,,TA01,1,,,,1,1_VERGES-1
1,VERGES-0,,TA01,1,,,,1,1_VERGES-0
1,PUICROM-0,,TA01,1,,,,1,1_PUICROM-0
1,PUICROM-1,,TA01,1,,,,1,1_PUICROM-1
1,01/05372,,TA01,1,,,,1,1_01/05372
1,26/60835,,TA26,1,,0,,1,1_26/60835
1,02/08086,,TI02,2,,0,,1,1_02/08086
1,S.CROMATICS,,TA01,1,,,,1,1_S.CROMATICS
1,01/08126,,TA01,1,,,,1,1_01/08126
1,01/08427,,TA01,1,,,,1,1_01/08427
1,01/08428,,TA01,1,,,,1,1_01/08428
1,02/08087,,TI02,2,,,,1,1_02/08087
1,53/35005,,TA53,1,,,,1,1_53/35005
1,57/38010,,TA57,1,,0,,1,1_57/38010
1,55/81004,,TI55,2,,,,1,1_55/81004
1,PR/1621/0031,,TI02,2,,0,,1,1_PR/1621/0031
1,10/11025M,,TI10,2,,,,1,1_10/11025M
1,10/10103M,,TI10,2,,,,1,1_10/10103M
1,58/38020,,TA58,1,,,,1,1_58/38020
1,58/38030,,TA58,1,,,,1,1_58/38030
1,ECACOBRE 1,,TA01,1,,,,1,1_ECACOBRE 1
1,01/07944,,TA01,1,,,,1,1_01/07944
1,02/06630,,TI02,2,,,,1,1_02/06630
1,02/08127,,TI02,2,,,,1,1_02/08127
1,02/08088,,TI02,2,,,,1,1_02/08088
1,02/08089,,TI02,2,,,,1,1_02/08089
1,91/00100,,XTA91,8,,,,1,1_91/00100
1,ALGI,,TA01,1,,,,1,1_ALGI
1,.ABC01,,ABCTA,1,,,,1,1_.ABC01
1,12/90030,,CV12,6,,0,,1,1_12/90030
1,02/08090,,TI02,2,,,,1,1_02/08090
1,01/08429,,TA01,1,,,,1,1_01/08429
1,02/08091,,TI02,2,,,,1,1_02/08091
1,01/08430,,TA01,1,,,,1,1_01/08430
1,.Y101,,Y,7,,,,1,1_.Y101
1,12/422512R,,CV12,6,,0,,1,1_12/422512R
1,PR/1438/0001,,PL04,4,,0,,1,1_PR/1438/0001
1,10/1908015,,TI10,2,,0,,1,1_10/1908015
1,12/00129,,CV12,6,,0,,1,1_12/00129
1,PR/0617/0278,,TI02,2,,0,,1,1_PR/0617/0278
1,02/10796,,TI02,2,,0,,1,1_02/10796
1,.Y102,,Y,7,,,,1,1_.Y102
1,02/08092,,TI02,2,,,,1,1_02/08092
1,02/08093,,TI02,2,,,,1,1_02/08093
1,02/08108,,TI02,2,,0,,1,1_02/08108
1,12/40804,,CV12,6,,,,1,1_12/40804
1,26/01055,,TA26,1,,,,1,1_26/01055
1,10/12650,,TI10,2,,,,1,1_10/12650
1,10/12650M,,TI10,2,,,,1,1_10/12650M
1,01/08431,,TA01,1,,,,1,1_01/08431
1,52/33020,,TA52,1,,,,1,1_52/33020
1,52/36005,,TA52,1,,,,1,1_52/36005
1,11/10013,,TA11,1,,,,1,1_11/10013
1,11/00035,,TA11,1,,,,1,1_11/00035
1,01/08441,,TA01,1,,,,1,1_01/08441
1,01/08442,,TA01,1,,,,1,1_01/08442
1,01/08440,,TA01,1,,,,1,1_01/08440
1,01/08438,,TA01,1,,,,1,1_01/08438
1,01/08439,,TA01,1,,,,1,1_01/08439
1,01/08452,,TA01,1,,,,1,1_01/08452
1,01/08453,,TA01,1,,,,1,1_01/08453
1,01/08437,,TA01,1,,,,1,1_01/08437
1,01/08436,,TA01,1,,,,1,1_01/08436
1,01/08435,,TA01,1,,,,1,1_01/08435
1,01/08434,,TA01,1,,,,1,1_01/08434
1,01/08433,,TA01,1,,,,1,1_01/08433
1,01/08432,,TA01,1,,,,1,1_01/08432
1,01/08451,,TA01,1,,,,1,1_01/08451
1,01/08450,,TA01,1,,,,1,1_01/08450
1,01/08449,,TA01,1,,,,1,1_01/08449
1,01/08448,,TA01,1,,,,1,1_01/08448
1,PR/1537/0002,,PL04,4,,0,,1,1_PR/1537/0002
1,01/08447,,TA01,1,,,,1,1_01/08447
1,01/08446,,TA01,1,,,,1,1_01/08446
1,01/08445,,TA01,1,,,,1,1_01/08445
1,01/08444,,TA01,1,,,,1,1_01/08444
1,01/08443,,TA01,1,,,,1,1_01/08443
1,11/31600,,TA11,1,,,,1,1_11/31600
1,11/31600M,,TA11,1,,,,1,1_11/31600M
1,11/31601,,TA11,1,,,,1,1_11/31601
1,11/31601M,,TA11,1,,,,1,1_11/31601M
1,01/08301M,,TA01,1,,,,1,1_01/08301M
1,01/08137M,,TA01,1,,,,1,1_01/08137M
1,28/00967M,,TA28,1,,,,1,1_28/00967M
1,28/00967M1,,TA28,1,,,,1,1_28/00967M1
1,02/08097,,TI02,2,,,,1,1_02/08097
1,02/08099,,TI02,2,,0,,1,1_02/08099
1,02/08098,,TI02,2,,,,1,1_02/08098
1,ALOXID 7,,TI02,2,,,,1,1_ALOXID 7
1,ALOXID 8,,TI02,2,,,,1,1_ALOXID 8
1,ALOXID 9,,TI02,2,,,,1,1_ALOXID 9
1,02/06666,,TI02,2,,,,1,1_02/06666
1,02/08100,,TI02,2,,,,1,1_02/08100
1,04/00052,,PL04,4,,,,1,1_04/00052
1,26/60845,,TA26,1,,,,1,1_26/60845
1,01/08460,,TA01,1,,,,1,1_01/08460
1,01/08461,,TA01,1,,,,1,1_01/08461
1,01/08462,,TA01,1,,,,1,1_01/08462
1,01/08467,,TA01,1,,,,1,1_01/08467
1,02/07325,,TI02,2,,,,1,1_02/07325
1,11/11001M,,TA11,1,,,,1,1_11/11001M
1,01/08463,,TA01,1,,,,1,1_01/08463
1,PR/0634/0007,,CA03,3,,0,,1,1_PR/0634/0007
1,01/08277M,,TA01,1,,,,1,1_01/08277M
1,10/16510,,TI10,2,,,,1,1_10/16510
1,10/16510M,,TI10,2,,,,1,1_10/16510M
1,12/30804,,CV12,6,,,,1,1_12/30804
1,13/10610,,CA13,3,,,,1,1_13/10610
1,03/00132,,CA03,3,,,,1,1_03/00132
1,02/08106,,TI02,2,,0,,1,1_02/08106
1,01/08464,,TA01,1,,,,1,1_01/08464
1,01/08465,,TA01,1,,,,1,1_01/08465
1,02/08101,,TI02,2,,,,1,1_02/08101
1,02/08697,,TI02,2,,0,,1,1_02/08697
1,02/08103,,TI02,2,,,,1,1_02/08103
1,02/08104,,TI02,2,,,,1,1_02/08104
1,02/08105,,TI02,2,,,,1,1_02/08105
1,10/07000,,TI10,2,,,,1,1_10/07000
1,10/07000M,,TI10,2,,,,1,1_10/07000M
1,02/08107,,TI02,2,,,,1,1_02/08107
1,03/6221070,,CA03,3,,,,1,1_03/6221070
1,01/08466,,TA01,1,,,,1,1_01/08466
1,03/5321075,,CA03,3,,,,1,1_03/5321075
1,12/PV00031,,CV12,6,,0,,1,1_12/PV00031
1,01/00108,,TA01,1,,0,,1,1_01/00108
1,01/00283,,TA01,1,,,,1,1_01/00283
1,01/00285,,TA01,1,,,,1,1_01/00285
1,12/21506,,CV12,6,,,,1,1_12/21506
1,10/10930,,TI10,2,,,,1,1_10/10930
1,10/10940,,TI10,2,,,,1,1_10/10940
1,10/10930M,,TI10,2,,,,1,1_10/10930M
1,10/10940M,,TI10,2,,,,1,1_10/10940M
1,02/08109,,TI02,2,,0,,1,1_02/08109
1,02/08110,,TI02,2,,0,,1,1_02/08110
1,01/08468,,TA01,1,,,,1,1_01/08468
1,AV011,,AVTA,1,,,,1,1_AV011
1,02/08111,,TI02,2,,,,1,1_02/08111
1,04/00053,,PL04,4,,,,1,1_04/00053
1,03/2223030,,CA03,3,,0,,1,1_03/2223030
1,03/1521100,,CA03,3,,,,1,1_03/1521100
1,10/11870,,TI10,2,,,,1,1_10/11870
1,10/11870M,,TI10,2,,,,1,1_10/11870M
1,02/08112,,TI02,2,,,,1,1_02/08112
1,02/08112M,,TI02,2,,,,1,1_02/08112M
1,02/08113,,TI02,2,,,,1,1_02/08113
1,02/08113M,,TI02,2,,,,1,1_02/08113M
1,02/10012,,TI02,2,,0,,1,1_02/10012
1,02/07783,,TI02,2,,,,1,1_02/07783
1,02/07774,,TI02,2,,,,1,1_02/07774
1,03/2321060,,CA03,3,,0,,1,1_03/2321060
1,01/09948M,,TA01,1,,0,,1,1_01/09948M
1,04/10000,,PL04,4,,,,1,1_04/10000
1,12/55259,,CV12,6,,,,1,1_12/55259
1,10/11270,,TI10,2,,,,1,1_10/11270
1,10/11270M,,TI10,2,,,,1,1_10/11270M
1,10/11520M,,TI10,2,,,,1,1_10/11520M
1,10/10053M,,TI10,2,,,,1,1_10/10053M
1,03/6323080,,CA03,3,,,,1,1_03/6323080
1,51/40050,,TA51,1,,,,1,1_51/40050
1,02/08115,,TI02,2,,,,1,1_02/08115
1,01/10328,,TA01,1,,0,,1,1_01/10328
1,12/32010,,CV12,6,,,,1,1_12/32010
1,01/08469,,TA01,1,,,,1,1_01/08469
1,01/08470,,TA01,1,,,,1,1_01/08470
1,01/08471,,TA01,1,,,,1,1_01/08471
1,01/08472,,TA01,1,,,,1,1_01/08472
1,01/08378M,,TA01,1,,,,1,1_01/08378M
1,10/11875M,,TI10,2,,0,,1,1_10/11875M
1,55/01202MPA,,TI55,2,,0,,1,1_55/01202MPA
1,04/00500,,PL04,4,,,,1,1_04/00500
1,01/08473,,TA01,1,,,,1,1_01/08473
1,03/1523100,,CA03,3,,,,1,1_03/1523100
1,13/10102M,,CA13,3,,,,1,1_13/10102M
1,13/10103M,,CA13,3,,,,1,1_13/10103M
1,02/07352,,TI02,2,,0,,1,1_02/07352
1,54/32008,,TA54,1,,,,1,1_54/32008
1,01/10096,,TA01,1,,0,,1,1_01/10096
1,12/00155,,CV12,6,,0,,1,1_12/00155
1,01/10097,,TA01,1,,0,,1,1_01/10097
1,01/08474,,TA01,1,,,,1,1_01/08474
1,10/11412,,TI10,2,,,,1,1_10/11412
1,10/14409,,TI10,2,,,,1,1_10/14409
1,01/08475,,TA01,1,,,,1,1_01/08475
1,12/00300,,CV12,6,,,,1,1_12/00300
1,01/09619,,TA01,1,,0,,1,1_01/09619
1,01/08233,,TA01,1,,,,1,1_01/08233
1,01/08476,,TA01,1,,,,1,1_01/08476
1,02/08117,,TI02,2,,,,1,1_02/08117
1,03/1621085,,CA03,3,,0,,1,1_03/1621085
1,03/1321075,,CA03,3,,,,1,1_03/1321075
1,03/2321075,,CA03,3,,0,,1,1_03/2321075
1,53/61515,,TA53,1,,,,1,1_53/61515
1,01/08477,,TA01,1,,,,1,1_01/08477
1,01/08478,,TA01,1,,,,1,1_01/08478
1,01/1003701,,TA01,1,,0,,1,1_01/1003701
1,12/4230121,,CV12,6,,0,,1,1_12/4230121
1,12/50309,,CV12,6,,,,1,1_12/50309
1,02/08118,,TI02,2,,,,1,1_02/08118
1,10/11855,,TI10,2,,,,1,1_10/11855
1,PR/0013/0030,,TA01,1,,0,,1,1_PR/0013/0030
1,10/11855M,,TI10,2,,,,1,1_10/11855M
1,02/08119,,TI02,2,,,,1,1_02/08119
1,02/08119M,,TI02,2,,,,1,1_02/08119M
1,03/00134,,CA03,3,,0,,1,1_03/00134
1,03/00135,,CA03,3,,0,,1,1_03/00135
1,03/10004,,CA03,3,,0,,1,1_03/10004
1,02/08120,,TI02,2,,0,,1,1_02/08120
1,80/00001,,PL80,4,,,,1,1_80/00001
1,02/08121,,TI02,2,,,,1,1_02/08121
1,02/08122,,TI02,2,,,,1,1_02/08122
1,02/08123,,TI02,2,,,,1,1_02/08123
1,02/07807,,TI02,2,,,,1,1_02/07807
1,02/07762,,TI02,2,,0,,1,1_02/07762
1,03/2321040,,CA03,3,,0,,1,1_03/2321040
1,03/00136,,CA03,3,,,,1,1_03/00136
1,PR/1870/0005,,TI02,2,,0,,1,1_PR/1870/0005
1,13/10515,,CA13,3,,0,,1,1_13/10515
1,03/00137,,CA03,3,,,,1,1_03/00137
1,12/30504,,CV12,6,,,,1,1_12/30504
1,02/07353,,TI02,2,,,,1,1_02/07353
1,01/10365,,TA01,1,,0,,1,1_01/10365
1,01/09946,,TA01,1,,0,,1,1_01/09946
1,02/07127,,TI02,2,,,,1,1_02/07127
1,02/07546,,TI02,2,,0,,1,1_02/07546
1,01/07880,,TA01,1,,0,,1,1_01/07880
1,01/08155,,TA01,1,,0,,1,1_01/08155
1,02/08124,,TI02,2,,,,1,1_02/08124
1,01/08479,,TA01,1,,,,1,1_01/08479
1,02/08125,,TI02,2,,,,1,1_02/08125
1,02/0991201,,TI02,2,,0,,1,1_02/0991201
1,10/11860M,,TI10,2,,,,1,1_10/11860M
1,02/08126,,TI02,2,,,,1,1_02/08126
1,03/1221058,,CA03,3,,0,,1,1_03/1221058
1,01/08481,,TA01,1,,,,1,1_01/08481
1,01/08482,,TA01,1,,,,1,1_01/08482
1,01/08480,,TA01,1,,,,1,1_01/08480
1,01/07066,,TA01,1,,,,1,1_01/07066
1,02/08128,,TI02,2,,,,1,1_02/08128
1,02/08128M,,TI02,2,,,,1,1_02/08128M
1,26/00860,,TA26,1,,,,1,1_26/00860
1,26/00010,,TA26,1,,,,1,1_26/00010
1,01/08483,,TA01,1,,,,1,1_01/08483
1,53/39905,,TA53,1,,,,1,1_53/39905
1,03/6223050,,CA03,3,,,,1,1_03/6223050
1,53/00180,,TA53,1,,,,1,1_53/00180
1,53/00350,,TA53,1,,,,1,1_53/00350
1,02/1003801,,TI02,2,,0,,1,1_02/1003801
1,12/HD400046A1,,CV12,6,,0,,1,1_12/HD400046A1
1,01/08484,,TA01,1,,,,1,1_01/08484
1,02/08130,,TI02,2,,,,1,1_02/08130
1,02/09870JM3,,TI02,2,,0,,1,1_02/09870JM3
1,04/00379,,PL04,4,,,,1,1_04/00379
1,02/08131,,TI02,2,,,,1,1_02/08131
1,01/1050901,,TA01,1,,0,,1,1_01/1050901
1,13/10539,,CA13,3,,,,1,1_13/10539
1,13/10538M,,CA13,3,,,,1,1_13/10538M
1,01/09947,,TA01,1,,0,,1,1_01/09947
1,10/11225,,TI10,2,,,,1,1_10/11225
1,10/11225M,,TI10,2,,,,1,1_10/11225M
1,03/00138,,CA03,3,,,,1,1_03/00138
1,02/10596,,TI02,2,,0,,1,1_02/10596
1,02/08132,,TI02,2,,,,1,1_02/08132
1,01/08485,,TA01,1,,,,1,1_01/08485
1,01/08486,,TA01,1,,,,1,1_01/08486
1,03/6121040,,CA03,3,,,,1,1_03/6121040
1,03/3024015,,CA03,3,,,,1,1_03/3024015
1,02/07981M,,TI02,2,,,,1,1_02/07981M
1,10/16640,,TI10,2,,,,1,1_10/16640
1,10/16640M,,TI10,2,,,,1,1_10/16640M
1,10/16830,,TI10,2,,,,1,1_10/16830
1,10/16830M,,TI10,2,,,,1,1_10/16830M
1,02/08133,,TI02,2,,,,1,1_02/08133
1,13/10511,,CA13,3,,0,,1,1_13/10511
1,03/00139,,CA03,3,,,,1,1_03/00139
1,02/08134,,TI02,2,,,,1,1_02/08134
1,02/08136,,TI02,2,,,,1,1_02/08136
1,02/08137,,TI02,2,,,,1,1_02/08137
1,02/08138,,TI02,2,,,,1,1_02/08138
1,02/07756,,TI02,2,,,,1,1_02/07756
1,02/07765,,TI02,2,,,,1,1_02/07765
1,02/09912A01,,TI02,2,,0,,1,1_02/09912A01
1,02/10225,,TI02,2,,0,,1,1_02/10225
1,02/08142,,TI02,2,,,,1,1_02/08142
1,01/08487,,TA01,1,,,,1,1_01/08487
1,01/08488,,TA01,1,,,,1,1_01/08488
1,03/5321080,,CA03,3,,,,1,1_03/5321080
1,02/08143,,TI02,2,,,,1,1_02/08143
1,02/07800M,,TI02,2,,,,1,1_02/07800M
1,02/08144,,TI02,2,,0,,1,1_02/08144
1,01/1051001,,TA01,1,,0,,1,1_01/1051001
1,10/00158,,TI10,2,,0,,1,1_10/00158
1,10/00160,,TI10,2,,0,,1,1_10/00160
1,10/00162,,TI10,2,,0,,1,1_10/00162
1,10/00164,,TI10,2,,0,,1,1_10/00164
1,10/00166,,TI10,2,,0,,1,1_10/00166
1,10/00168,,TI10,2,,0,,1,1_10/00168
1,03/00139M,,CA03,3,,,,1,1_03/00139M
1,02/08145,,TI02,2,,0,,1,1_02/08145
1,10/10845M,,TI10,2,,,,1,1_10/10845M
1,02/08146,,TI02,2,,,,1,1_02/08146
1,02/08146M,,TI02,2,,,,1,1_02/08146M
1,02/08147,,TI02,2,,,,1,1_02/08147
1,02/08147M,,TI02,2,,,,1,1_02/08147M
1,02/08148,,TI02,2,,,,1,1_02/08148
1,10/00352,,TI10,2,,0,,1,1_10/00352
1,01/08490,,TA01,1,,,,1,1_01/08490
1,02/08149,,TI02,2,,0,,1,1_02/08149
1,01/08492,,TA01,1,,,,1,1_01/08492
1,01/08491,,TA01,1,,,,1,1_01/08491
1,56/00300,,TA56,1,,,,1,1_56/00300
1,01/08493,,TA01,1,,,,1,1_01/08493
1,02/08150,,TI02,2,,,,1,1_02/08150
1,PR/1007/0052,,CA03,3,,0,,1,1_PR/1007/0052
1,03/5431075,,CA03,3,,,,1,1_03/5431075
1,12/00306,,CV12,6,,,,1,1_12/00306
1,02/08151,,TI02,2,,0,,1,1_02/08151
1,01/08494,,TA01,1,,,,1,1_01/08494
1,01/08495,,TA01,1,,,,1,1_01/08495
1,01/08496,,TA01,1,,,,1,1_01/08496
1,01/08497,,TA01,1,,,,1,1_01/08497
1,01/08498,,TA01,1,,,,1,1_01/08498
1,11/00012,,TA11,1,,,,1,1_11/00012
1,03/1631100,,CA03,3,,,,1,1_03/1631100
1,01/07608A,,TA01,1,,0,,1,1_01/07608A
1,03/6421065,,CA03,3,,0,,1,1_03/6421065
1,03/1331045,,CA03,3,,0,,1,1_03/1331045
1,TADA750,,TI02,2,,,,1,1_TADA750
1,TADACAÑA,,TI02,2,,,,1,1_TADACAÑA
1,11/00012M,,TA11,1,,,,1,1_11/00012M
1,PR/1047/0023,,TA01,1,,0,,1,1_PR/1047/0023
1,PR/0228/0003,,TI02,2,,0,,1,1_PR/0228/0003
1,03/6331065,,CA03,3,,,,1,1_03/6331065
1,03/6431065,,CA03,3,,,,1,1_03/6431065
1,01/08500,,TA01,1,,,,1,1_01/08500
1,PR/0617/0147,,TI02,2,,0,,1,1_PR/0617/0147
1,01/08501,,TA01,1,,,,1,1_01/08501
1,02/08139,,TI02,2,,,,1,1_02/08139
1,02/08140,,TI02,2,,,,1,1_02/08140
1,02/08141,,TI02,2,,,,1,1_02/08141
1,02/06666M,,TI02,2,,,,1,1_02/06666M
1,02/08153,,TI02,2,,0,,1,1_02/08153
1,01/09613R,,TA01,1,,0,,1,1_01/09613R
1,10/10410,,TI10,2,,0,,1,1_10/10410
1,02/08155,,TI02,2,,,,1,1_02/08155
1,02/08156,,TI02,2,,,,1,1_02/08156
1,03/6223065,,CA03,3,,,,1,1_03/6223065
1,01/08502,,TA01,1,,,,1,1_01/08502
1,03/00318,,CA03,3,,0,,1,1_03/00318
1,02/08157,,TI02,2,,0,,1,1_02/08157
1,02/08158,,TI02,2,,0,,1,1_02/08158
1,02/08159,,TI02,2,,,,1,1_02/08159
1,03/00142,,CA03,3,,0,,1,1_03/00142
1,02/09972M,,TI02,2,,0,,1,1_02/09972M
1,10/14614,,TI10,2,,,,1,1_10/14614
1,10/14614M,,TI10,2,,,,1,1_10/14614M
1,03/00143,,CA03,3,,,,1,1_03/00143
1,03/00143M,,CA03,3,,,,1,1_03/00143M
1,02/08160,,TI02,2,,,,1,1_02/08160
1,PR/1226/0004,,TI02,2,,0,,1,1_PR/1226/0004
1,01/08503,,TA01,1,,,,1,1_01/08503
1,04/20008,,PL04,4,,,,1,1_04/20008
1,04/20009,,PL04,4,,,,1,1_04/20009
1,02/08161,,TI02,2,,,,1,1_02/08161
1,01/08122,,TA01,1,,,,1,1_01/08122
1,01/08504,,TA01,1,,,,1,1_01/08504
1,01/07414,,TA01,1,,,,1,1_01/07414
1,57/00015,,TA57,1,,,,1,1_57/00015
1,02/08118M,,TI02,2,,,,1,1_02/08118M
1,02/08118M1,,TI02,2,,,,1,1_02/08118M1
1,02/10805,,TI02,2,,0,,1,1_02/10805
1,01/08505,,TA01,1,,,,1,1_01/08505
1,03/00144,,CA03,3,,,,1,1_03/00144
1,02/08163,,TI02,2,,,,1,1_02/08163
1,02/08164,,TI02,2,,,,1,1_02/08164
1,54/61010,,TA54,1,,0,,1,1_54/61010
1,02/10184A,,TI02,2,,0,,1,1_02/10184A
1,11/00019,,TA11,1,,0,,1,1_11/00019
1,02/10184AM1,,TI02,2,,0,,1,1_02/10184AM1
1,01/08508,,TA01,1,,,,1,1_01/08508
1,11/30815M,,TA11,1,,,,1,1_11/30815M
1,55/40143,,TI55,2,,0,,1,1_55/40143
1,55/40064,,TI55,2,,0,,1,1_55/40064
1,02/10202,,TI02,2,,0,,1,1_02/10202
1,03/5431120,,CA03,3,,,,1,1_03/5431120
1,02/08162,,TI02,2,,,,1,1_02/08162
1,10/16825,,TI10,2,,,,1,1_10/16825
1,10/16825M,,TI10,2,,,,1,1_10/16825M
1,02/07899,,TI02,2,,,,1,1_02/07899
1,01/08515,,TA01,1,,,,1,1_01/08515
1,01/08514,,TA01,1,,,,1,1_01/08514
1,01/08513,,TA01,1,,,,1,1_01/08513
1,01/08512,,TA01,1,,,,1,1_01/08512
1,01/08511,,TA01,1,,,,1,1_01/08511
1,01/08510,,TA01,1,,,,1,1_01/08510
1,02/08165,,TI02,2,,,,1,1_02/08165
1,02/08165M,,TI02,2,,,,1,1_02/08165M
1,02/08165M1,,TI02,2,,,,1,1_02/08165M1
1,02/08166,,TI02,2,,,,1,1_02/08166
1,PR/0617/0308,,TI02,2,,0,,1,1_PR/0617/0308
1,12/70011,,CV12,6,,,,1,1_12/70011
1,03/5421085,,CA03,3,,,,1,1_03/5421085
1,02/08167,,TI02,2,,,,1,1_02/08167
1,02/08051M,,TI02,2,,,,1,1_02/08051M
1,02/08051M1,,TI02,2,,,,1,1_02/08051M1
1,02/08051M2,,TI02,2,,,,1,1_02/08051M2
1,01/08516,,TA01,1,,,,1,1_01/08516
1,28/00958,,TA28,1,,,,1,1_28/00958
1,28/00958M,,TA28,1,,,,1,1_28/00958M
1,02/08168,,TI02,2,,,,1,1_02/08168
1,02/08169,,TI02,2,,,,1,1_02/08169
1,02/07358,,TI02,2,,,,1,1_02/07358
1,10/03003M,,TI10,2,,,,1,1_10/03003M
1,01/08521,,TA01,1,,,,1,1_01/08521
1,01/08522,,TA01,1,,,,1,1_01/08522
1,01/00278,,TA01,1,,,,1,1_01/00278
1,12/530093,,CV12,6,,,,1,1_12/530093
1,02/08272,,TI02,2,,0,,1,1_02/08272
1,03/1523090,,CA03,3,,,,1,1_03/1523090
1,02/09963AR,,TI02,2,,0,,1,1_02/09963AR
1,01/08519,,TA01,1,,,,1,1_01/08519
1,01/08520,,TA01,1,,,,1,1_01/08520
1,01/08517,,TA01,1,,,,1,1_01/08517
1,01/08518,,TA01,1,,,,1,1_01/08518
1,12/425082,,CV12,6,,,,1,1_12/425082
1,01/07944M,,TA01,1,,0,,1,1_01/07944M
1,01/07944M1,,TA01,1,,,,1,1_01/07944M1
1,01/08523,,TA01,1,,,,1,1_01/08523
1,12/42809,,CV12,6,,,,1,1_12/42809
1,12/069000004,,CV12,6,,0,,1,1_12/069000004
1,01/09780,,TA01,1,,0,,1,1_01/09780
1,01/08066,,TA01,1,,,,1,1_01/08066
1,26/00855,,TA26,1,,,,1,1_26/00855
1,26/60625,,TA26,1,,,,1,1_26/60625
1,26/60206,,TA26,1,,,,1,1_26/60206
1,02/08171,,TI02,2,,,,1,1_02/08171
1,02/08172,,TI02,2,,0,,1,1_02/08172
1,02/08173,,TI02,2,,,,1,1_02/08173
1,02/08172M,,TI02,2,,,,1,1_02/08172M
1,02/08173M,,TI02,2,,,,1,1_02/08173M
1,01/08524,,TA01,1,,,,1,1_01/08524
1,56/31003,,TA56,1,,,,1,1_56/31003
1,02/10214R,,TI02,2,,0,,1,1_02/10214R
1,53/39910,,TA53,1,,,,1,1_53/39910
1,02/09224AR,,TI02,2,,0,,1,1_02/09224AR
1,01/08525,,TA01,1,,,,1,1_01/08525
1,54/63015,,TA54,1,,0,,1,1_54/63015
1,10/13250,,TI10,2,,,,1,1_10/13250
1,10/13250M,,TI10,2,,,,1,1_10/13250M
1,02/08174,,TI02,2,,0,,1,1_02/08174
1,02/08174M,,TI02,2,,,,1,1_02/08174M
1,02/08175,,TI02,2,,0,,1,1_02/08175
1,03/1323050,,CA03,3,,,,1,1_03/1323050
1,01/08526,,TA01,1,,,,1,1_01/08526
1,01/07097,,TA01,1,,,,1,1_01/07097
1,02/08176,,TI02,2,,,,1,1_02/08176
1,02/08177,,TI02,2,,,,1,1_02/08177
1,PR/0301/0033,,TI02,2,,0,,1,1_PR/0301/0033
1,02/09762,,TI02,2,,0,,1,1_02/09762
1,01/07740,,TA01,1,,,,1,1_01/07740
1,12/403101,,CV12,6,,,,1,1_12/403101
1,02/08178,,TI02,2,,,,1,1_02/08178
1,02/08179,,TI02,2,,0,,1,1_02/08179
1,02/08179M,,TI02,2,,,,1,1_02/08179M
1,02/08180,,TI02,2,,,,1,1_02/08180
1,12/30302,,CV12,6,,,,1,1_12/30302
1,26/00850,,TA26,1,,,,1,1_26/00850
1,10/10880,,TI10,2,,,,1,1_10/10880
1,10/10880M,,TI10,2,,,,1,1_10/10880M
1,01/08066M,,TA01,1,,,,1,1_01/08066M
1,04/00972,,PL04,4,,,,1,1_04/00972
1,04/00973,,PL04,4,,,,1,1_04/00973
1,01/08527,,TA01,1,,,,1,1_01/08527
1,01/08528,,TA01,1,,,,1,1_01/08528
1,01/08529,,TA01,1,,,,1,1_01/08529
1,04/00385,,PL04,4,,,,1,1_04/00385
1,01/00287,,TA01,1,,,,1,1_01/00287
1,12/3315091,,CV12,6,,,,1,1_12/3315091
1,02/08185,,TI02,2,,0,,1,1_02/08185
1,02/08185M,,TI02,2,,,,1,1_02/08185M
1,02/08186,,TI02,2,,,,1,1_02/08186
1,02/08186M,,TI02,2,,,,1,1_02/08186M
1,02/07748,,TI02,2,,0,,1,1_02/07748
1,01/08531,,TA01,1,,0,,1,1_01/08531
1,01/08530,,TA01,1,,0,,1,1_01/08530
1,01/00288,,TA01,1,,,,1,1_01/00288
1,01/00286,,TA01,1,,,,1,1_01/00286
1,02/08187,,TI02,2,,,,1,1_02/08187
1,01/00289,,TA01,1,,,,1,1_01/00289
1,01/00290,,TA01,1,,,,1,1_01/00290
1,12/PP330160,,CV12,6,,0,,1,1_12/PP330160
1,02/07684,,TI02,2,,,,1,1_02/07684
1,02/07572,,TI02,2,,,,1,1_02/07572
1,01/08489,,TA01,1,,,,1,1_01/08489
1,12/60000,,CV12,6,,,,1,1_12/60000
1,01/08533,,TA01,1,,,,1,1_01/08533
1,01/08532,,TA01,1,,,,1,1_01/08532
1,02/08189,,TI02,2,,,,1,1_02/08189
1,02/08192,,TI02,2,,,,1,1_02/08192
1,01/1027901,,TA01,1,,0,,1,1_01/1027901
1,PR/0228/0005,,TI02,2,,0,,1,1_PR/0228/0005
1,02/08193,,TI02,2,,,,1,1_02/08193
1,02/08194,,TI02,2,,,,1,1_02/08194
1,02/08195,,TI02,2,,,,1,1_02/08195
1,02/08196,,TI02,2,,,,1,1_02/08196
1,02/08197,,TI02,2,,,,1,1_02/08197
1,02/08198,,TI02,2,,,,1,1_02/08198
1,02/08188,,TI02,2,,,,1,1_02/08188
1,01/08537,,TA01,1,,,,1,1_01/08537
1,02/08202,,TI02,2,,0,,1,1_02/08202
1,10/00532,,TI10,2,,,,1,1_10/00532
1,02/08203,,TI02,2,,,,1,1_02/08203
1,01/08538,,TA01,1,,,,1,1_01/08538
1,03/5431100,,CA03,3,,,,1,1_03/5431100
1,PR/0617/0266-A,,TI02,2,,0,,1,1_PR/0617/0266-A
1,02/08205,,TI02,2,,,,1,1_02/08205
1,02/08206,,TI02,2,,,,1,1_02/08206
1,02/08207,,TI02,2,,,,1,1_02/08207
1,01/06048,,TA01,1,,,,1,1_01/06048
1,55/00502,,TI55,2,,0,,1,1_55/00502
1,12/415081,,CV12,6,,,,1,1_12/415081
1,03/1421075,,CA03,3,,,,1,1_03/1421075
1,03/00364,,CA03,3,,0,,1,1_03/00364
1,10/1810020,,TI10,2,,0,,1,1_10/1810020
1,12/50139,,CV12,6,,0,,1,1_12/50139
1,01/08536B,,TA01,1,,,,1,1_01/08536B
1,01/08539,,TA01,1,,,,1,1_01/08539
1,02/07748M,,TI02,2,,,,1,1_02/07748M
1,02/07686M,,TI02,2,,,,1,1_02/07686M
1,02/08191,,TI02,2,,,,1,1_02/08191
1,10/11040,,TI10,2,,,,1,1_10/11040
1,10/11040M,,TI10,2,,,,1,1_10/11040M
1,01/10229R,,TA01,1,,0,,1,1_01/10229R
1,10/90000M,,TI10,2,,,,1,1_10/90000M
1,10/90010M,,TI10,2,,,,1,1_10/90010M
1,PR/1286/0017,,TA01,1,,0,,1,1_PR/1286/0017
1,02/08208,,TI02,2,,0,,1,1_02/08208
1,10/90020M,,TI10,2,,,,1,1_10/90020M
1,12/70200,,CV12,6,,,,1,1_12/70200
1,02/08190,,TI02,2,,,,1,1_02/08190
1,03/1521090,,CA03,3,,,,1,1_03/1521090
1,02/08096R,,TI02,2,,0,,1,1_02/08096R
1,01/08257R,,TA01,1,,,,1,1_01/08257R
1,02/07676M,,TI02,2,,,,1,1_02/07676M
1,02/07676,,TI02,2,,0,,1,1_02/07676
1,01/08540,,TA01,1,,,,1,1_01/08540
1,01/08540M,,TA01,1,,,,1,1_01/08540M
1,02/08212,,TI02,2,,,,1,1_02/08212
1,02/08213,,TI02,2,,,,1,1_02/08213
1,01/08544,,TA01,1,,,,1,1_01/08544
1,02/07364,,TI02,2,,0,,1,1_02/07364
1,12/70150,,CV12,6,,,,1,1_12/70150
1,02/08219,,TI02,2,,,,1,1_02/08219
1,02/08220,,TI02,2,,,,1,1_02/08220
1,02/08220M,,TI02,2,,0,,1,1_02/08220M
1,02/08220M1,,TI02,2,,0,,1,1_02/08220M1
1,03/6323045,,CA03,3,,,,1,1_03/6323045
1,02/10748,,TI02,2,,0,,1,1_02/10748
1,02/08218,,TI02,2,,0,,1,1_02/08218
1,02/07656R,,TI02,2,,,,1,1_02/07656R
1,02/08176R,,TI02,2,,,,1,1_02/08176R
1,02/07800R,,TI02,2,,,,1,1_02/07800R
1,02/08061R,,TI02,2,,,,1,1_02/08061R
1,02/07995R,,TI02,2,,,,1,1_02/07995R
1,01/08384R,,TA01,1,,,,1,1_01/08384R
1,02/08221,,TI02,2,,,,1,1_02/08221
1,PR/1007/0051,,TA01,1,,0,,1,1_PR/1007/0051
1,PR/0617/0336,,TI02,2,,0,,1,1_PR/0617/0336
1,01/07944R,,TA01,1,,,,1,1_01/07944R
1,01/08067R,,TA01,1,,,,1,1_01/08067R
1,01/08542,,TA01,1,,,,1,1_01/08542
1,02/07556R,,TI02,2,,0,,1,1_02/07556R
1,04/00941,,PL04,4,,,,1,1_04/00941
1,04/00381,,PL04,4,,,,1,1_04/00381
1,01/10225,,TA01,1,,0,,1,1_01/10225
1,US.014-F,,YMA-US,1,,0,,1,1_US.014-F
1,02/08226,,TI02,2,,0,,1,1_02/08226
1,02/08225,,TI02,2,,0,,1,1_02/08225
1,01/08545,,TA01,1,,,,1,1_01/08545
1,01/08546,,TA01,1,,,,1,1_01/08546
1,01/08547,,TA01,1,,,,1,1_01/08547
1,02/08222,,TI02,2,,,,1,1_02/08222
1,11/31505M,,TA11,1,,,,1,1_11/31505M
1,01/07868,,TA01,1,,,,1,1_01/07868
1,03/00306M,,CA03,3,,0,,1,1_03/00306M
1,02/08216,,TI02,2,,,,1,1_02/08216
1,10/10855M,,TI10,2,,,,1,1_10/10855M
1,02/08215,,TI02,2,,,,1,1_02/08215
1,01/07954R,,TA01,1,,,,1,1_01/07954R
1,01/08548,,TA01,1,,,,1,1_01/08548
1,54/35020,,TA54,1,,,,1,1_54/35020
1,70/34010,,TA70,1,,,,1,1_70/34010
1,01/08549,,TA01,1,,,,1,1_01/08549
1,01/08550,,TA01,1,,,,1,1_01/08550
1,01/08551,,TA01,1,,,,1,1_01/08551
1,02/08227,,TI02,2,,,,1,1_02/08227
1,01/08552,,TA01,1,,,,1,1_01/08552
1,01/08553,,TA01,1,,,,1,1_01/08553
1,01/08554,,TA01,1,,,,1,1_01/08554
1,01/08555,,TA01,1,,,,1,1_01/08555
1,01/08556,,TA01,1,,,,1,1_01/08556
1,54/62102,,TA54,1,,,,1,1_54/62102
1,03/00146,,CA03,3,,0,,1,1_03/00146
1,03/00147,,CA03,3,,,,1,1_03/00147
1,91/02020,,XTA91,8,,,,1,1_91/02020
1,01/08545M,,TA01,1,,,,1,1_01/08545M
1,01/08547M,,TA01,1,,,,1,1_01/08547M
1,03/5431090,,CA03,3,,,,1,1_03/5431090
1,01/08548M,,TA01,1,,,,1,1_01/08548M
1,01/08548M1,,TA01,1,,,,1,1_01/08548M1
1,01/08548M2,,TA01,1,,,,1,1_01/08548M2
1,01/08548M3,,TA01,1,,,,1,1_01/08548M3
1,01/08548M4,,TA01,1,,,,1,1_01/08548M4
1,01/08548M5,,TA01,1,,,,1,1_01/08548M5
1,01/08548M6,,TA01,1,,,,1,1_01/08548M6
1,01/08548M7,,TA01,1,,,,1,1_01/08548M7
1,02/07954M,,TI02,2,,,,1,1_02/07954M
1,01/08557,,TA01,1,,,,1,1_01/08557
1,01/08393R,,TA01,1,,,,1,1_01/08393R
1,01/08139R,,TA01,1,,0,,1,1_01/08139R
1,01/08558,,TA01,1,,,,1,1_01/08558
1,01/08558R,,TA01,1,,,,1,1_01/08558R
1,70/30010,,TA70,1,,,,1,1_70/30010
1,01/08559,,TA01,1,,,,1,1_01/08559
1,52/00040,,TA52,1,,,,1,1_52/00040
1,01/08421M,,TA01,1,,,,1,1_01/08421M
1,01/08421M1,,TA01,1,,,,1,1_01/08421M1
1,01/08421M2,,TA01,1,,,,1,1_01/08421M2
1,02/08228,,TI02,2,,,,1,1_02/08228
1,02/08228R,,TI02,2,,,,1,1_02/08228R
1,01/08560,,TA01,1,,,,1,1_01/08560
1,01/08206R,,TA01,1,,0,,1,1_01/08206R
1,01/08206,,TA01,1,,0,,1,1_01/08206
1,01/08259,,TA01,1,,0,,1,1_01/08259
1,01/08259R,,TA01,1,,0,,1,1_01/08259R
1,PR/0013/0023,,TI02,2,,0,,1,1_PR/0013/0023
1,13/10613,,CA13,3,,,,1,1_13/10613
1,54/79999,,TA54,1,,0,,1,1_54/79999
1,03/00149,,CA03,3,,,,1,1_03/00149
1,53/62815,,TA53,1,,,,1,1_53/62815
1,02/10754,,TI02,2,,0,,1,1_02/10754
1,10/00170,,TI10,2,,0,,1,1_10/00170
1,01/07940R,,TA01,1,,0,,1,1_01/07940R
1,01/07939R,,TA01,1,,0,,1,1_01/07939R
1,12/10006,,CV12,6,,,,1,1_12/10006
1,03/6322065,,CA03,3,,,,1,1_03/6322065
1,02/08062R,,TI02,2,,,,1,1_02/08062R
1,01/08561,,TA01,1,,,,1,1_01/08561
1,57/00024,,TA57,1,,,,1,1_57/00024
1,02/08229,,TI02,2,,,,1,1_02/08229
1,91/00150,,XTA91,8,,,,1,1_91/00150
1,91/00102,,XTA91,1,,0,,1,1_91/00102
1,02/05981R,,TI02,2,,,,1,1_02/05981R
1,01/10241,,TA01,1,,0,,1,1_01/10241
1,PR/1725/0004,,TI02,2,,0,,1,1_PR/1725/0004
1,02/10199,,TI02,2,,0,,1,1_02/10199
1,01/00291,,TA01,1,,,,1,1_01/00291
1,12/425081,,CV12,6,,,,1,1_12/425081
1,02/08230,,TI02,2,,,,1,1_02/08230
1,PR/TEIX/0001,,TA01,1,,0,,1,1_PR/TEIX/0001
1,01/08566,,TA01,1,,,,1,1_01/08566
1,01/08565,,TA01,1,,,,1,1_01/08565
1,02/08231,,TI02,2,,,,1,1_02/08231
1,02/08232,,TI02,2,,,,1,1_02/08232
1,02/07820M,,TI02,2,,,,1,1_02/07820M
1,01/08567,,TA01,1,,,,1,1_01/08567
1,01/08568,,TA01,1,,,,1,1_01/08568
1,02/08233,,TI02,2,,,,1,1_02/08233
1,02/08234,,TI02,2,,,,1,1_02/08234
1,02/08235,,TI02,2,,,,1,1_02/08235
1,02/08236,,TI02,2,,,,1,1_02/08236
1,03/5521095,,CA03,3,,,,1,1_03/5521095
1,02/07552,,TI02,2,,,,1,1_02/07552
1,02/08237,,TI02,2,,0,,1,1_02/08237
1,01/08569,,TA01,1,,,,1,1_01/08569
1,02/08063R,,TI02,2,,,,1,1_02/08063R
1,01/08570,,TA01,1,,,,1,1_01/08570
1,02/08241,,TI02,2,,,,1,1_02/08241
1,03/00108,,CA03,3,,0,,1,1_03/00108
1,13/10800M,,CA13,3,,0,,1,1_13/10800M
1,03/1631180,,CA03,3,,,,1,1_03/1631180
1,10/00901,,TI10,2,,0,,1,1_10/00901
1,10/00900,,TI10,2,,0,,1,1_10/00900
1,01/00235,,TA01,1,,,,1,1_01/00235
1,01/08571,,TA01,1,,,,1,1_01/08571
1,01/08572,,TA01,1,,,,1,1_01/08572
1,01/08573,,TA01,1,,,,1,1_01/08573
1,01/08574,,TA01,1,,,,1,1_01/08574
1,02/08243,,TI02,2,,,,1,1_02/08243
1,02/08244,,TI02,2,,,,1,1_02/08244
1,01/08373R,,TA01,1,,,,1,1_01/08373R
1,01/08374R,,TA01,1,,,,1,1_01/08374R
1,02/08245,,TI02,2,,,,1,1_02/08245
1,10/14890,,TI10,2,,,,1,1_10/14890
1,10/14899,,TI10,2,,,,1,1_10/14899
1,10/14890M,,TI10,2,,,,1,1_10/14890M
1,10/14899M,,TI10,2,,,,1,1_10/14899M
1,01/08575,,TA01,1,,,,1,1_01/08575
1,02/08245M,,TI02,2,,,,1,1_02/08245M
1,02/08246,,TI02,2,,0,,1,1_02/08246
1,02/08247,,TI02,2,,,,1,1_02/08247
1,02/10203,,TI02,2,,0,,1,1_02/10203
1,01/08062R,,TA01,1,,,,1,1_01/08062R
1,01/08576,,TA01,1,,,,1,1_01/08576
1,01/08577,,TA01,1,,,,1,1_01/08577
1,PR/0837/0020,,TI02,2,,0,,1,1_PR/0837/0020
1,10/10203,,TI10,2,,0,,1,1_10/10203
1,58/10012,,TA58,1,,,,1,1_58/10012
1,58/10010,,TA58,1,,,,1,1_58/10010
1,11/31510M,,TA11,1,,,,1,1_11/31510M
1,11/31508M,,TA11,1,,,,1,1_11/31508M
1,11/31509M,,TA11,1,,,,1,1_11/31509M
1,26/60118,,TA26,1,,,,1,1_26/60118
1,GTS.DEV.,,AVTA,1,,0,,1,1_GTS.DEV.
1,10/90001M,,TI10,2,,,,1,1_10/90001M
1,01/00292,,TA01,1,,,,1,1_01/00292
1,01/08578,,TA01,1,,,,1,1_01/08578
1,12/5615061,,CV12,6,,,,1,1_12/5615061
1,02/10751,,TI02,2,,0,,1,1_02/10751
1,PR/1000/0001,,TA01,1,,0,,1,1_PR/1000/0001
1,02/0918701,,TI02,2,,0,,1,1_02/0918701
1,54/80002,,TA54,1,,0,,1,1_54/80002
1,54/80003,,TA54,1,,0,,1,1_54/80003
1,54/80004,,TA54,1,,0,,1,1_54/80004
1,54/80005,,TA54,1,,0,,1,1_54/80005
1,54/80019,,TA54,1,,0,,1,1_54/80019
1,54/80044,,TA54,1,,0,,1,1_54/80044
1,54/80045,,TA54,1,,0,,1,1_54/80045
1,54/80080,,TA54,1,,0,,1,1_54/80080
1,01/07941R,,TA01,1,,,,1,1_01/07941R
1,01/08579,,TA01,1,,,,1,1_01/08579
1,03/1423065,,CA03,3,,,,1,1_03/1423065
1,03/0035701,,CA03,3,,0,,1,1_03/0035701
1,10/00592,,TI10,2,,0,,1,1_10/00592
1,03/2323045,,CA03,3,,0,,1,1_03/2323045
1,03/1531110,,CA03,3,,,,1,1_03/1531110
1,01/07451,,TA01,1,,,,1,1_01/07451
1,02/08248,,TI02,2,,0,,1,1_02/08248
1,02/08248M,,TI02,2,,,,1,1_02/08248M
1,01/08201,,TA01,1,,,,1,1_01/08201
1,01/08201R,,TA01,1,,,,1,1_01/08201R
1,53/10012,,TA53,1,,,,1,1_53/10012
1,01/08580,,TA01,1,,,,1,1_01/08580
1,02/07834R,,TI02,2,,,,1,1_02/07834R
1,01/08501R,,TA01,1,,,,1,1_01/08501R
1,02/08103R,,TI02,2,,,,1,1_02/08103R
1,01/00293,,TA01,1,,,,1,1_01/00293
1,12/21509,,CV12,6,,,,1,1_12/21509
1,11/00046M,,TA11,1,,,,1,1_11/00046M
1,56/90000,,TA56,1,,,,1,1_56/90000
1,11/00045M,,TA11,1,,,,1,1_11/00045M
1,11/00047M,,TA11,1,,,,1,1_11/00047M
1,02/07753,,TI02,2,,,,1,1_02/07753
1,02/07753R,,TI02,2,,,,1,1_02/07753R
1,02/07662R,,TI02,2,,,,1,1_02/07662R
1,12/331505,,CV12,6,,,,1,1_12/331505
1,01/00293R,,TA01,1,,,,1,1_01/00293R
1,01/08581,,TA01,1,,,,1,1_01/08581
1,01/08581R,,TA01,1,,,,1,1_01/08581R
1,02/08249,,TI02,2,,,,1,1_02/08249
1,01/08582,,TA01,1,,,,1,1_01/08582
1,01/00290R,,TA01,1,,,,1,1_01/00290R
1,01/08551R,,TA01,1,,,,1,1_01/08551R
1,02/07766,,TI02,2,,,,1,1_02/07766
1,02/07766R,,TI02,2,,,,1,1_02/07766R
1,02/08250,,TI02,2,,,,1,1_02/08250
1,02/08250M,,TI02,2,,,,1,1_02/08250M
1,01/00294,,TA01,1,,,,1,1_01/00294
1,01/08583,,TA01,1,,,,1,1_01/08583
1,03/1421050,,CA03,3,,,,1,1_03/1421050
1,12/5120064,,CV12,6,,,,1,1_12/5120064
1,70/11006,,TA70,1,,,,1,1_70/11006
1,03/00150,,CA03,3,,,,1,1_03/00150
1,02/07757R,,TI02,2,,,,1,1_02/07757R
1,03/00150M,,CA03,3,,,,1,1_03/00150M
1,01/00295,,TA01,1,,,,1,1_01/00295
1,01/08584,,TA01,1,,,,1,1_01/08584
1,02/08251,,TI02,2,,0,,1,1_02/08251
1,PR/0048/0027,,TA01,1,,0,,1,1_PR/0048/0027
1,01/09826,,TA01,1,,0,,1,1_01/09826
1,01/08585,,TA01,1,,,,1,1_01/08585
1,02/08252,,TI02,2,,,,1,1_02/08252
1,01/08586,,TA01,1,,,,1,1_01/08586
1,01/08587,,TA01,1,,,,1,1_01/08587
1,02/08253,,TI02,2,,,,1,1_02/08253
1,01/08588,,TA01,1,,,,1,1_01/08588
1,01/08588M,,TA01,1,,,,1,1_01/08588M
1,01/08588M1,,TA01,1,,,,1,1_01/08588M1
1,10/11035M,,TI10,2,,,,1,1_10/11035M
1,55/00404,,TI55,2,,0,,1,1_55/00404
1,02/08255,,TI02,2,,0,,1,1_02/08255
1,01/08590,,TA01,1,,,,1,1_01/08590
1,01/08591,,TA01,1,,,,1,1_01/08591
1,01/08592,,TA01,1,,,,1,1_01/08592
1,01/08589,,TA01,1,,,,1,1_01/08589
1,01/08594,,TA01,1,,,,1,1_01/08594
1,02/07603,,TI02,2,,,,1,1_02/07603
1,01/08600,,TA01,1,,,,1,1_01/08600
1,01/08601,,TA01,1,,,,1,1_01/08601
1,01/08602,,TA01,1,,,,1,1_01/08602
1,02/08257,,TI02,2,,,,1,1_02/08257
1,02/08258,,TI02,2,,,,1,1_02/08258
1,02/08259,,TI02,2,,,,1,1_02/08259
1,02/08260,,TI02,2,,,,1,1_02/08260
1,02/08257M,,TI02,2,,,,1,1_02/08257M
1,01/00296,,TA01,1,,,,1,1_01/00296
1,70/01125,,TA70,1,,,,1,1_70/01125
1,02/08254,,TI02,2,,0,,1,1_02/08254
1,54/00180,,TA54,1,,,,1,1_54/00180
1,01/08104M,,TA01,1,,,,1,1_01/08104M
1,10/00372,,TI10,2,,0,,1,1_10/00372
1,01/10204,,TA01,1,,0,,1,1_01/10204
1,02/10636,,TI02,2,,0,,1,1_02/10636
1,02/10639,,TI02,2,,0,,1,1_02/10639
1,03/0040602,,CA03,3,,0,,1,1_03/0040602
1,01/00297,,TA01,1,,,,1,1_01/00297
1,01/08596R,,TA01,1,,0,,1,1_01/08596R
1,01/08730,,TA01,1,,0,,1,1_01/08730
1,02/08261,,TI02,2,,,,1,1_02/08261
1,03/6423110,,CA03,3,,,,1,1_03/6423110
1,01/09711,,TA01,1,,0,,1,1_01/09711
1,01/08597,,TA01,1,,0,,1,1_01/08597
1,02/07768R,,TI02,2,,,,1,1_02/07768R
1,02/08262,,TI02,2,,,,1,1_02/08262
1,02/07977M,,TI02,2,,,,1,1_02/07977M
1,01/08394R,,TA01,1,,,,1,1_01/08394R
1,02/08263,,TI02,2,,,,1,1_02/08263
1,02/10200,,TI02,2,,0,,1,1_02/10200
1,01/00298,,TA01,1,,,,1,1_01/00298
1,12/30503,,CV12,6,,,,1,1_12/30503
1,02/08264,,TI02,2,,0,,1,1_02/08264
1,02/08264M,,TI02,2,,,,1,1_02/08264M
1,02/08256,,TI02,2,,0,,1,1_02/08256
1,01/08603,,TA01,1,,,,1,1_01/08603
1,04/00722,,PL04,4,,0,,1,1_04/00722
1,13/10556,,CA13,3,,0,,1,1_13/10556
1,03/00152,,CA03,3,,,,1,1_03/00152
1,02/08265,,TI02,2,,,,1,1_02/08265
1,01/08604,,TA01,1,,,,1,1_01/08604
1,02/06005R,,TI02,2,,,,1,1_02/06005R
1,26/80612,,TA26,1,,,,1,1_26/80612
1,26/80616,,TA26,1,,,,1,1_26/80616
1,01/00298R,,TA01,1,,,,1,1_01/00298R
1,01/08607,,TA01,1,,,,1,1_01/08607
1,01/08606,,TA01,1,,,,1,1_01/08606
1,01/08606R,,TA01,1,,0,,1,1_01/08606R
1,13/10615,,CA13,3,,,,1,1_13/10615
1,10/14620,,TI10,2,,,,1,1_10/14620
1,10/14620M,,TI10,2,,,,1,1_10/14620M
1,10/11880,,TI10,2,,0,,1,1_10/11880
1,10/11880M,,TI10,2,,,,1,1_10/11880M
1,01/08595,,TA01,1,,,,1,1_01/08595
1,03/00153,,CA03,3,,,,1,1_03/00153
1,PR/1505/0002,,TI02,2,,0,,1,1_PR/1505/0002
1,57/00020,,TA57,1,,,,1,1_57/00020
1,58/00080,,TA58,1,,,,1,1_58/00080
1,01/08609,,TA01,1,,,,1,1_01/08609
1,01/08605,,TA01,1,,,,1,1_01/08605
1,11/00700,,TA11,1,,,,1,1_11/00700
1,01/08571R,,TA01,1,,,,1,1_01/08571R
1,01/08610,,TA01,1,,,,1,1_01/08610
1,12/80915,,CV12,6,,0,,1,1_12/80915
1,02/08252M,,TI02,2,,,,1,1_02/08252M
1,02/08252M1,,TI02,2,,,,1,1_02/08252M1
1,01/07464,,TA01,1,,0,,1,1_01/07464
1,02/08266,,TI02,2,,,,1,1_02/08266
1,02/08268,,TI02,2,,,,1,1_02/08268
1,02/08270,,TI02,2,,,,1,1_02/08270
1,04/20013,,PL04,4,,,,1,1_04/20013
1,02/08269,,TI02,2,,,,1,1_02/08269
1,03/5431070,,CA03,3,,,,1,1_03/5431070
1,02/08272R,,TI02,2,,0,,1,1_02/08272R
1,01/08612,,TA01,1,,0,,1,1_01/08612
1,02/08273,,TI02,2,,,,1,1_02/08273
1,02/07541R,,TI02,2,,,,1,1_02/07541R
1,01/08613,,TA01,1,,,,1,1_01/08613
1,01/00299,,TA01,1,,,,1,1_01/00299
1,01/08614,,TA01,1,,,,1,1_01/08614
1,02/08082R,,TI02,2,,0,,1,1_02/08082R
1,12/00307,,CV12,6,,,,1,1_12/00307
1,01/00299R,,TA01,1,,,,1,1_01/00299R
1,02/08267,,TI02,2,,,,1,1_02/08267
1,02/08274,,TI02,2,,,,1,1_02/08274
1,02/08274M,,TI02,2,,,,1,1_02/08274M
1,80/00107,,PL80,4,,,,1,1_80/00107
1,12/920101M,,CV12,6,,0,,1,1_12/920101M
1,26/6206351,,TA26,1,,0,,1,1_26/6206351
1,02/08275,,TI02,2,,,,1,1_02/08275
1,04/024000035,,PL04,4,,0,,1,1_04/024000035
1,01/08618,,TA01,1,,,,1,1_01/08618
1,01/08615,,TA01,1,,,,1,1_01/08615
1,01/08616,,TA01,1,,,,1,1_01/08616
1,01/08617,,TA01,1,,,,1,1_01/08617
1,01/00300,,TA01,1,,,,1,1_01/00300
1,01/08338R,,TA01,1,,,,1,1_01/08338R
1,01/08200R,,TA01,1,,,,1,1_01/08200R
1,04/00962,,PL04,4,,,,1,1_04/00962
1,04/00963,,PL04,4,,,,1,1_04/00963
1,03/5521140,,CA03,3,,,,1,1_03/5521140
1,04/00750,,PL04,4,,,,1,1_04/00750
1,54/00120,,TA54,1,,,,1,1_54/00120
1,12/80300,,CV12,6,,,,1,1_12/80300
1,12/50005,,CV12,6,,,,1,1_12/50005
1,03/1521080,,CA03,3,,,,1,1_03/1521080
1,01/08612R,,TA01,1,,,,1,1_01/08612R
1,01/07464R,,TA01,1,,,,1,1_01/07464R
1,01/09484R,,TA01,1,,0,,1,1_01/09484R
1,58/00060,,TA58,1,,,,1,1_58/00060
1,26/00104,,TA26,1,,,,1,1_26/00104
1,26/00412,,TA26,1,,,,1,1_26/00412
1,26/00204,,TA26,1,,,,1,1_26/00204
1,01/08611,,TA01,1,,,,1,1_01/08611
1,02/08271,,TI02,2,,,,1,1_02/08271
1,01/08619,,TA01,1,,,,1,1_01/08619
1,91/10011,,XTA91,8,,0,,1,1_91/10011
1,02/08276,,TI02,2,,,,1,1_02/08276
1,26/00880,,TA26,1,,,,1,1_26/00880
1,04/00751,,PL04,4,,,,1,1_04/00751
1,01/08620,,TA01,1,,,,1,1_01/08620
1,02/08077R,,TI02,2,,0,,1,1_02/08077R
1,02/08277,,TI02,2,,,,1,1_02/08277
1,02/08277M,,TI02,2,,,,1,1_02/08277M
1,12/10100,,CV12,6,,,,1,1_12/10100
1,02/LEITAO,,TI02,2,,,,1,1_02/LEITAO
1,02/LEITAO1,,TI02,2,,,,1,1_02/LEITAO1
1,03/00058,,CA03,3,,,,1,1_03/00058
1,01/08423,,TA01,1,,,,1,1_01/08423
1,01/08621,,TA01,1,,,,1,1_01/08621
1,01/08621M,,TA01,1,,,,1,1_01/08621M
1,02/02070,,TI02,2,,,,1,1_02/02070
1,02/08005R,,TI02,2,,0,,1,1_02/08005R
1,02/08278,,TI02,2,,0,,1,1_02/08278
1,02/08278R,,TI02,2,,0,,1,1_02/08278R
1,02/08278M,,TI02,2,,0,,1,1_02/08278M
1,02/08036M,,TI02,2,,,,1,1_02/08036M
1,02/08279,,TI02,2,,,,1,1_02/08279
1,02/08279M,,TI02,2,,,,1,1_02/08279M
1,03/1531100,,CA03,3,,,,1,1_03/1531100
1,02/08280,,TI02,2,,,,1,1_02/08280
1,01/08622,,TA01,1,,,,1,1_01/08622
1,02/08281,,TI02,2,,,,1,1_02/08281
1,02/10201,,TI02,2,,0,,1,1_02/10201
1,01/08400M,,TA01,1,,,,1,1_01/08400M
1,01/08356M,,TA01,1,,,,1,1_01/08356M
1,01/08318M,,TA01,1,,,,1,1_01/08318M
1,10/10650M,,TI10,2,,,,1,1_10/10650M
1,01/08623,,TA01,1,,,,1,1_01/08623
1,03/00155,,CA03,3,,,,1,1_03/00155
1,03/5321050,,CA03,3,,,,1,1_03/5321050
1,91/00050,,XTA91,8,,,,1,1_91/00050
1,12/80202,,CV12,6,,,,1,1_12/80202
1,PR/1007/0005,,TI02,2,,0,,1,1_PR/1007/0005
1,02/08245R,,TI02,2,,,,1,1_02/08245R
1,01/00301,,TA01,1,,,,1,1_01/00301
1,12/80871,,CV12,6,,0,,1,1_12/80871
1,12/560208,,CV12,6,,,,1,1_12/560208
1,02/08062M,,TI02,2,,,,1,1_02/08062M
1,02/08062H,,TI02,2,,,,1,1_02/08062H
1,02/08134M,,TI02,2,,,,1,1_02/08134M
1,02/08134H,,TI02,2,,,,1,1_02/08134H
1,02/08282,,TI02,2,,,,1,1_02/08282
1,02/08283,,TI02,2,,,,1,1_02/08283
1,02/08284,,TI02,2,,,,1,1_02/08284
1,01/07413R,,TA01,1,,,,1,1_01/07413R
1,02/08285,,TI02,2,,0,,1,1_02/08285
1,02/08266M,,TI02,2,,,,1,1_02/08266M
1,54/36010,,TA54,1,,,,1,1_54/36010
1,03/00156,,CA03,3,,0,,1,1_03/00156
1,12/512808,,CV12,6,,,,1,1_12/512808
1,02/08271R,,TI02,2,,,,1,1_02/08271R
1,02/08287,,TI02,2,,0,,1,1_02/08287
1,02/08286,,TI02,2,,,,1,1_02/08286
1,02/08288,,TI02,2,,,,1,1_02/08288
1,91/00051,,XTA91,8,,0,,1,1_91/00051
1,03/00157,,CA03,3,,,,1,1_03/00157
1,03/00157M,,CA03,3,,,,1,1_03/00157M
1,02/08036R,,TI02,2,,,,1,1_02/08036R
1,02/07830R,,TI02,2,,0,,1,1_02/07830R
1,02/07830,,TI02,2,,0,,1,1_02/07830
1,91/02021,,XTA91,8,,,,1,1_91/02021
1,10/08022M,,TI10,2,,,,1,1_10/08022M
1,01/00302,,TA01,1,,,,1,1_01/00302
1,02/08289,,TI02,2,,,,1,1_02/08289
1,02/08290,,TI02,2,,,,1,1_02/08290
1,02/08266R,,TI02,2,,,,1,1_02/08266R
1,02/07705,,TI02,2,,,,1,1_02/07705
1,10/11030,,TI10,2,,,,1,1_10/11030
1,10/11030M,,TI10,2,,,,1,1_10/11030M
1,02/08291,,TI02,2,,0,,1,1_02/08291
1,02/08292,,TI02,2,,0,,1,1_02/08292
1,01/09867,,TA01,1,,0,,1,1_01/09867
1,02/07800H,,TI02,2,,,,1,1_02/07800H
1,01/08297R,,TA01,1,,,,1,1_01/08297R
1,01/08377R,,TA01,1,,,,1,1_01/08377R
1,01/08323R,,TA01,1,,,,1,1_01/08323R
1,01/08321R,,TA01,1,,,,1,1_01/08321R
1,70/70508,,TA70,1,,,,1,1_70/70508
1,01/00302R,,TA01,1,,,,1,1_01/00302R
1,01/08585R,,TA01,1,,,,1,1_01/08585R
1,10/90100M,,TI10,2,,,,1,1_10/90100M
1,10/90101M,,TI10,2,,,,1,1_10/90101M
1,02/08266H,,TI02,2,,,,1,1_02/08266H
1,02/08176H,,TI02,2,,,,1,1_02/08176H
1,01/08624,,TA01,1,,,,1,1_01/08624
1,12/3020121,,CV12,6,,0,,1,1_12/3020121
1,10/11612M,,TI10,2,,,,1,1_10/11612M
1,AVC20,,AVCTI,2,,,,1,1_AVC20
1,53/6404015,,TA53,1,,,,1,1_53/6404015
1,53/6402015,,TA53,1,,,,1,1_53/6402015
1,02/08299,,TI02,2,,0,,1,1_02/08299
1,02/08299R,,TI02,2,,0,,1,1_02/08299R
1,02/08294,,TI02,2,,,,1,1_02/08294
1,55/02002MPA,,TI55,2,,0,,1,1_55/02002MPA
1,01/10028M,,TA01,1,,0,,1,1_01/10028M
1,PR/1007/0061,,CA03,3,,0,,1,1_PR/1007/0061
1,02/08297,,TI02,2,,,,1,1_02/08297
1,02/08298,,TI02,2,,,,1,1_02/08298
1,01/08625,,TA01,1,,,,1,1_01/08625
1,02/08300,,TI02,2,,,,1,1_02/08300
1,02/08301,,TI02,2,,,,1,1_02/08301
1,02/08301M,,TI02,2,,,,1,1_02/08301M
1,02/08050M,,TI02,2,,,,1,1_02/08050M
1,02/08050M1,,TI02,2,,,,1,1_02/08050M1
1,03/00158,,CA03,3,,0,,1,1_03/00158
1,04/00752,,PL04,4,,,,1,1_04/00752
1,03/00158M,,CA03,3,,,,1,1_03/00158M
1,02/07992M,,TI02,2,,,,1,1_02/07992M
1,01/08626,,TA01,1,,0,,1,1_01/08626
1,01/00300R,,TA01,1,,,,1,1_01/00300R
1,02/08304,,TI02,2,,,,1,1_02/08304
1,PR/1708/0010,,TA01,1,,0,,1,1_PR/1708/0010
1,PR/0048/0065-A,,TA01,1,,0,,1,1_PR/0048/0065-A
1,02/10847,,TI02,2,,0,,1,1_02/10847
1,01/08423R,,TA01,1,,,,1,1_01/08423R
1,01/08621R,,TA01,1,,,,1,1_01/08621R
1,02/08302,,TI02,2,,0,,1,1_02/08302
1,02/08303,,TI02,2,,,,1,1_02/08303
1,01/08628,,TA01,1,,,,1,1_01/08628
1,01/08629,,TA01,1,,,,1,1_01/08629
1,01/08630,,TA01,1,,,,1,1_01/08630
1,01/00303,,TA01,1,,,,1,1_01/00303
1,01/08631,,TA01,1,,,,1,1_01/08631
1,12/10012,,CV12,6,,,,1,1_12/10012
1,12/332510,,CV12,6,,,,1,1_12/332510
1,02/08208R,,TI02,2,,0,,1,1_02/08208R
1,01/08469R,,TA01,1,,,,1,1_01/08469R
1,01/08470R,,TA01,1,,,,1,1_01/08470R
1,01/08629R,,TA01,1,,,,1,1_01/08629R
1,91/02022,,XTA91,8,,,,1,1_91/02022
1,03/6521095,,CA03,3,,0,,1,1_03/6521095
1,01/00303M,,TA01,1,,,,1,1_01/00303M
1,02/07840,,TI02,2,,,,1,1_02/07840
1,01/07499,,TA01,1,,0,,1,1_01/07499
1,01/08632,,TA01,1,,,,1,1_01/08632
1,03/00159,,CA03,3,,,,1,1_03/00159
1,02/08306,,TI02,2,,,,1,1_02/08306
1,26/00020,,TA26,1,,,,1,1_26/00020
1,26/00120,,TA26,1,,,,1,1_26/00120
1,10/1806020,,TI10,2,,0,,1,1_10/1806020
1,10/11616M,,TI10,2,,,,1,1_10/11616M
1,02/08309,,TI02,2,,,,1,1_02/08309
1,02/08243R,,TI02,2,,,,1,1_02/08243R
1,PR/1244/0004,,TI02,2,,0,,1,1_PR/1244/0004
1,01/09970A,,TA01,1,,0,,1,1_01/09970A
1,02/08305,,TI02,2,,,,1,1_02/08305
1,02/08311,,TI02,2,,,,1,1_02/08311
1,02/08312,,TI02,2,,,,1,1_02/08312
1,01/08633,,TA01,1,,0,,1,1_01/08633
1,54/35005,,TA54,1,,,,1,1_54/35005
1,02/08313,,TI02,2,,,,1,1_02/08313
1,03/6323055,,CA03,3,,,,1,1_03/6323055
1,01/08634,,TA01,1,,,,1,1_01/08634
1,11/00721R,,TA11,1,,,,1,1_11/00721R
1,02/08314,,TI02,2,,,,1,1_02/08314
1,02/08315,,TI02,2,,,,1,1_02/08315
1,91/10000,,XTA91,8,,,,1,1_91/10000
1,91/00010,,XTA91,8,,,,1,1_91/00010
1,91/00020,,XTA91,8,,,,1,1_91/00020
1,52/39115,,TA52,1,,,,1,1_52/39115
1,53/10006,,TA53,1,,,,1,1_53/10006
1,02/10161,,TI02,2,,0,,1,1_02/10161
1,01/08506M,,TA01,1,,,,1,1_01/08506M
1,02/08316,,TI02,2,,,,1,1_02/08316
1,02/07899R,,TI02,2,,,,1,1_02/07899R
1,11/00612,,TA11,1,,,,1,1_11/00612
1,01/08635,,TA01,1,,,,1,1_01/08635
1,01/00304,,TA01,1,,,,1,1_01/00304
1,01/00305,,TA01,1,,,,1,1_01/00305
1,JORDI,,TI02,2,,,,1,1_JORDI
1,02/08317,,TI02,2,,,,1,1_02/08317
1,02/08318,,TI02,2,,,,1,1_02/08318
1,01/08636,,TA01,1,,,,1,1_01/08636
1,01/08636R,,TA01,1,,,,1,1_01/08636R
1,02/08279IN.,,TI02,2,,,,1,1_02/08279IN.
1,PR/0532/0014,,TA01,1,,0,,1,1_PR/0532/0014
1,04/00550,,PL04,4,,,,1,1_04/00550
1,04/00551,,PL04,4,,,,1,1_04/00551
1,03/1431100,,CA03,3,,,,1,1_03/1431100
1,02/07588,,TI02,2,,,,1,1_02/07588
1,03/00144R,,CA03,3,,,,1,1_03/00144R
1,02/08319,,TI02,2,,,,1,1_02/08319
1,03/00161,,CA03,3,,,,1,1_03/00161
1,03/00162,,CA03,3,,,,1,1_03/00162
1,03/00163,,CA03,3,,,,1,1_03/00163
1,01/08638,,TA01,1,,,,1,1_01/08638
1,02/08307,,TI02,2,,,,1,1_02/08307
1,03/00161M,,CA03,3,,,,1,1_03/00161M
1,01/08637,,TA01,1,,,,1,1_01/08637
1,57/00016,,TA57,1,,,,1,1_57/00016
1,53/62015,,TA53,1,,,,1,1_53/62015
1,54/35010,,TA54,1,,,,1,1_54/35010
1,54/34012,,TA54,1,,,,1,1_54/34012
1,53/33012,,TA53,1,,,,1,1_53/33012
1,12/80350,,CV12,6,,,,1,1_12/80350
1,02/08265R,,TI02,2,,,,1,1_02/08265R
1,55/90001,,TI55,2,,,,1,1_55/90001
1,02/08308,,TI02,2,,,,1,1_02/08308
1,11/31511M,,TA11,1,,,,1,1_11/31511M
1,11/31512M,,TA11,1,,,,1,1_11/31512M
1,02/08321,,TI02,2,,,,1,1_02/08321
1,01/08633M1,,TA01,1,,,,1,1_01/08633M1
1,01/08633M,,TA01,1,,,,1,1_01/08633M
1,01/08633M2,,TA01,1,,,,1,1_01/08633M2
1,02/07681,,TI02,2,,,,1,1_02/07681
1,02/07717,,TI02,1,,,,1,1_02/07717
1,12/10070,,CV12,6,,,,1,1_12/10070
1,12/10007,,CV12,6,,,,1,1_12/10007
1,04/00552,,PL04,4,,,,1,1_04/00552
1,04/00553,,PL04,4,,,,1,1_04/00553
1,02/08077M,,TI02,2,,0,,1,1_02/08077M
1,12/PP00168,,CV12,6,,0,,1,1_12/PP00168
1,01/08641,,TA01,1,,0,,1,1_01/08641
1,02/08322,,TI02,2,,,,1,1_02/08322
1,02/08322M,,TI02,2,,,,1,1_02/08322M
1,01/00306,,TA01,1,,,,1,1_01/00306
1,01/00306R,,TA01,1,,,,1,1_01/00306R
1,01/00306M,,TA01,1,,,,1,1_01/00306M
1,01/00306M1,,TA01,1,,,,1,1_01/00306M1
1,02/06128,,TI02,2,,,,1,1_02/06128
1,01/08639,,TA01,1,,,,1,1_01/08639
1,01/08642,,TA01,1,,0,,1,1_01/08642
1,03/00165,,CA03,3,,,,1,1_03/00165
1,02/07899H,,TI02,2,,,,1,1_02/07899H
1,02/09834,,TI02,2,,0,,1,1_02/09834
1,01/08643M,,TA01,1,,,,1,1_01/08643M
1,02/08279R,,TI02,2,,,,1,1_02/08279R
1,02/08324,,TI02,2,,,,1,1_02/08324
1,02/08320,,TI02,2,,,,1,1_02/08320
1,02/08320R,,TI02,2,,,,1,1_02/08320R
1,02/08323,,TI02,2,,,,1,1_02/08323
1,PR/1643/0020,,TI02,2,,0,,1,1_PR/1643/0020
1,01/09835M,,TA01,1,,0,,1,1_01/09835M
1,53/33015,,TA53,1,,,,1,1_53/33015
1,02/08325,,TI02,2,,,,1,1_02/08325
1,12/00308,,CV12,6,,,,1,1_12/00308
1,01/08644,,TA01,1,,,,1,1_01/08644
1,01/08639M,,TA01,1,,,,1,1_01/08639M
1,70/11010,,TA70,1,,,,1,1_70/11010
1,02/08326,,TI02,2,,,,1,1_02/08326
1,10/15815M,,TI10,2,,,,1,1_10/15815M
1,02/08327,,TI02,2,,,,1,1_02/08327
1,02/08327M,,TI02,2,,,,1,1_02/08327M
1,02/07694M,,TI02,2,,,,1,1_02/07694M
1,03/1523095,,CA03,3,,,,1,1_03/1523095
1,12/10090,,CV12,6,,,,1,1_12/10090
1,12/10008,,CV12,6,,,,1,1_12/10008
1,01/08645,,TA01,1,,,,1,1_01/08645
1,01/08645M,,TA01,1,,,,1,1_01/08645M
1,12/10015,,CV12,6,,,,1,1_12/10015
1,01/169000004,,TA01,1,,0,,1,1_01/169000004
1,02/10894,,TI02,2,,0,,1,1_02/10894
1,12/80203,,CV12,6,,,,1,1_12/80203
1,01/00307,,TA01,1,,,,1,1_01/00307
1,01/08647,,TA01,1,,,,1,1_01/08647
1,26/00212,,TA26,1,,,,1,1_26/00212
1,91/02030,,XTA91,8,,,,1,1_91/02030
1,91/02040,,XTA91,8,,,,1,1_91/02040
1,91/02050,,XTA91,8,,,,1,1_91/02050
1,01/00307M,,TA01,1,,,,1,1_01/00307M
1,01/00307M1,,TA01,1,,,,1,1_01/00307M1
1,02/08329,,TI02,2,,0,,1,1_02/08329
1,01/08634H,,TA01,1,,,,1,1_01/08634H
1,02/08332,,TI02,2,,,,1,1_02/08332
1,02/08330,,TI02,2,,,,1,1_02/08330
1,02/08239,,TI02,2,,,,1,1_02/08239
1,02/08240,,TI02,2,,,,1,1_02/08240
1,01/08648,,TA01,1,,,,1,1_01/08648
1,02/08331,,TI02,2,,,,1,1_02/08331
1,01/08649,,TA01,1,,,,1,1_01/08649
1,01/08310M,,TA01,1,,0,,1,1_01/08310M
1,03/1323065,,CA03,3,,,,1,1_03/1323065
1,02/08331M,,TI02,2,,,,1,1_02/08331M
1,01/08649M,,TA01,1,,,,1,1_01/08649M
1,02/05575,,TI02,2,,0,,1,1_02/05575
1,01/08646,,TA01,1,,,,1,1_01/08646
1,02/08210,,TI02,2,,0,,1,1_02/08210
1,02/08209,,TI02,2,,0,,1,1_02/08209
1,02/08211,,TI02,2,,0,,1,1_02/08211
1,02/07972R,,TI02,2,,,,1,1_02/07972R
1,02/07315,,TI02,2,,,,1,1_02/07315
1,01/08650,,TA01,1,,,,1,1_01/08650
1,02/08333,,TI02,2,,,,1,1_02/08333
1,02/08334,,TI02,2,,,,1,1_02/08334
1,53/35020,,TA53,1,,,,1,1_53/35020
1,10/11650M,,TI10,2,,,,1,1_10/11650M
1,01/07865,,TA01,1,,,,1,1_01/07865
1,02/08335,,TI02,2,,0,,1,1_02/08335
1,12/90000M,,CV12,6,,,,1,1_12/90000M
1,.W970,,W,9,,,,1,1_.W970
1,.YTA0,,Y,7,,,,1,1_.YTA0
1,01/08404M,,TA01,1,,,,1,1_01/08404M
1,02/08294R,,TI02,2,,,,1,1_02/08294R
1,10/11043,,TI10,2,,,,1,1_10/11043
1,01/08752,,TA01,1,,0,,1,1_01/08752
1,10/11043M,,TI10,2,,,,1,1_10/11043M
1,10/06050,,TI10,2,,,,1,1_10/06050
1,10/06050M,,TI10,2,,,,1,1_10/06050M
1,01/08651,,TA01,1,,,,1,1_01/08651
1,58/32512,,TA58,1,,,,1,1_58/32512
1,10/14610,,TI10,2,,,,1,1_10/14610
1,10/14610M,,TI10,2,,,,1,1_10/14610M
1,02/07611,,TI02,2,,,,1,1_02/07611
1,PR/REMA/0001,,TI02,2,,0,,1,1_PR/REMA/0001
1,01/08640,,TA01,1,,,,1,1_01/08640
1,01/08640M,,TA01,1,,0,,1,1_01/08640M
1,55/81005M,,TI55,2,,,,1,1_55/81005M
1,55/81608M,,TI55,2,,,,1,1_55/81608M
1,02/08322M1,,TI02,2,,,,1,1_02/08322M1
1,02/08322M2,,TI02,2,,,,1,1_02/08322M2
1,01/08652,,TA01,1,,0,,1,1_01/08652
1,03/00167,,CA03,3,,,,1,1_03/00167
1,03/00167M,,CA03,3,,0,,1,1_03/00167M
1,03/00166,,CA03,3,,,,1,1_03/00166
1,03/00166M,,CA03,3,,,,1,1_03/00166M
1,01/08653,,TA01,1,,,,1,1_01/08653
1,04/20001,,PL04,4,,,,1,1_04/20001
1,91/90003,,XTA91,8,,,,1,1_91/90003
1,01/07413S,,TA01,1,,,,1,1_01/07413S
1,01/07413SM,,TA01,1,,,,1,1_01/07413SM
1,91/10010,,XTA91,8,,,,1,1_91/10010
1,94/10000,,XPL94,8,,,,1,1_94/10000
1,94/10013,,XPL94,8,,,,1,1_94/10013
1,02/08337,,TI02,2,,,,1,1_02/08337
1,01/08657,,TA01,1,,,,1,1_01/08657
1,02/08338,,TI02,2,,,,1,1_02/08338
1,02/08276R,,TI02,2,,,,1,1_02/08276R
1,01/08657M,,TA01,1,,0,,1,1_01/08657M
1,01/08657M1,,TA01,1,,,,1,1_01/08657M1
1,12/90020M,,CV12,6,,,,1,1_12/90020M
1,02/08180R,,TI02,2,,,,1,1_02/08180R
1,01/10241A,,TA01,1,,0,,1,1_01/10241A
1,56/31504,,TA56,1,,,,1,1_56/31504
1,58/6603020,,TA58,1,,0,,1,1_58/6603020
1,01/00308,,TA01,1,,,,1,1_01/00308
1,03/3421060,,CA03,3,,,,1,1_03/3421060
1,10/15818,,TI10,2,,,,1,1_10/15818
1,10/15818M,,TI10,2,,,,1,1_10/15818M
1,01/00309,,TA01,1,,,,1,1_01/00309
1,01/08660,,TA01,1,,,,1,1_01/08660
1,02/08339,,TI02,2,,,,1,1_02/08339
1,01/08633R,,TA01,1,,,,1,1_01/08633R
1,12/542008,,CV12,6,,,,1,1_12/542008
1,01/08654,,TA01,1,,,,1,1_01/08654
1,12/00180,,CV12,6,,0,,1,1_12/00180
1,01/08656,,TA01,1,,,,1,1_01/08656
1,02/08340,,TI02,2,,,,1,1_02/08340
1,04/00730,,PL04,4,,,,1,1_04/00730
1,01/07996M,,TA01,1,,0,,1,1_01/07996M
1,52/32508,,TA52,1,,,,1,1_52/32508
1,01/08661,,TA01,1,,,,1,1_01/08661
1,12/10010,,CV12,6,,,,1,1_12/10010
1,02/08341,,TI02,2,,,,1,1_02/08341
1,02/07828,,TI02,2,,,,1,1_02/07828
1,02/07888,,TI02,2,,,,1,1_02/07888
1,02/08343,,TI02,2,,,,1,1_02/08343
1,01/10029,,TA01,1,,0,,1,1_01/10029
1,02/08345,,TI02,2,,,,1,1_02/08345
1,02/08346,,TI02,2,,,,1,1_02/08346
1,02/08347,,TI02,2,,,,1,1_02/08347
1,01/08101R,,TA01,1,,,,1,1_01/08101R
1,02/08348,,TI02,2,,0,,1,1_02/08348
1,02/08349,,TI02,2,,0,,1,1_02/08349
1,10/90014M,,TI10,2,,,,1,1_10/90014M
1,10/90015M,,TI10,2,,,,1,1_10/90015M
1,91/02031,,XTA91,8,,,,1,1_91/02031
1,91/02060,,XTA91,8,,,,1,1_91/02060
1,02/08350,,TI02,2,,,,1,1_02/08350
1,01/08658,,TA01,1,,,,1,1_01/08658
1,01/08658R,,TA01,1,,,,1,1_01/08658R
1,01/08318M1,,TA01,1,,,,1,1_01/08318M1
1,01/08356M1,,TA01,1,,,,1,1_01/08356M1
1,01/08404M1,,TA01,1,,,,1,1_01/08404M1
1,01/08400M1,,TA01,1,,,,1,1_01/08400M1
1,01/08662,,TA01,1,,,,1,1_01/08662
1,01/08663,,TA01,1,,,,1,1_01/08663
1,02/08351,,TI02,2,,,,1,1_02/08351
1,02/08351M,,TI02,2,,,,1,1_02/08351M
1,02/08351M1,,TI02,2,,,,1,1_02/08351M1
1,02/08351M2,,TI02,2,,,,1,1_02/08351M2
1,02/08677M,,TI02,2,,0,,1,1_02/08677M
1,02/08351M4,,TI02,2,,,,1,1_02/08351M4
1,02/07768M,,TI02,2,,,,1,1_02/07768M
1,02/08340R,,TI02,2,,,,1,1_02/08340R
1,01/08345R,,TA01,1,,,,1,1_01/08345R
1,01/08664,,TA01,1,,0,,1,1_01/08664
1,94/10010,,XPL94,8,,,,1,1_94/10010
1,91/10002,,XTA91,8,,,,1,1_91/10002
1,91/10003,,XTA91,8,,,,1,1_91/10003
1,01/08665,,TA01,1,,,,1,1_01/08665
1,01/08666,,TA01,1,,,,1,1_01/08666
1,01/07952,,TA01,1,,,,1,1_01/07952
1,02/08352,,TI02,2,,,,1,1_02/08352
1,02/08353,,TI02,2,,0,,1,1_02/08353
1,02/08354,,TI02,2,,0,,1,1_02/08354
1,02/08355,,TI02,2,,0,,1,1_02/08355
1,10/90016,,TI10,2,,,,1,1_10/90016
1,10/90016M,,TI10,2,,,,1,1_10/90016M
1,02/08356,,TI02,2,,0,,1,1_02/08356
1,01/08667,,TA01,1,,,,1,1_01/08667
1,01/08668,,TA01,1,,,,1,1_01/08668
1,12/51707,,CV12,6,,,,1,1_12/51707
1,55/40301,,TI55,2,,0,,1,1_55/40301
1,55/40401,,TI55,2,,0,,1,1_55/40401
1,55/40601,,TI55,2,,0,,1,1_55/40601
1,55/00402,,TI55,2,,0,,1,1_55/00402
1,55/00203,,TI55,2,,0,,1,1_55/00203
1,55/00802,,TI55,2,,0,,1,1_55/00802
1,55/40501,,TI55,2,,0,,1,1_55/40501
1,02/07861R,,TI02,2,,,,1,1_02/07861R
1,02/1081702M,,TI02,2,,0,,1,1_02/1081702M
1,10/90002M,,TI10,2,,,,1,1_10/90002M
1,04/00731,,PL04,4,,,,1,1_04/00731
1,01/08667M,,TA01,1,,,,1,1_01/08667M
1,01/08668M,,TA01,1,,,,1,1_01/08668M
1,54/00200,,TA54,1,,,,1,1_54/00200
1,26/20825,,TA26,1,,,,1,1_26/20825
1,01/08053R,,TA01,1,,,,1,1_01/08053R
1,01/08669,,TA01,1,,,,1,1_01/08669
1,02/08358,,TI02,2,,,,1,1_02/08358
1,25/00835,,TA25,1,,,,1,1_25/00835
1,02/08357,,TI02,2,,,,1,1_02/08357
1,01/08670,,TA01,1,,,,1,1_01/08670
1,01/08671,,TA01,1,,,,1,1_01/08671
1,01/08672,,TA01,1,,,,1,1_01/08672
1,01/08674,,TA01,1,,,,1,1_01/08674
1,02/08361,,TI02,2,,,,1,1_02/08361
1,03/6223040,,CA03,3,,,,1,1_03/6223040
1,02/08359,,TI02,2,,,,1,1_02/08359
1,02/08360,,TI02,2,,,,1,1_02/08360
1,02/1081702,,TI02,2,,0,,1,1_02/1081702
1,12/70060,,CV12,6,,,,1,1_12/70060
1,55/40154,,TI55,2,,0,,1,1_55/40154
1,91/09999,,XTA91,8,,,,1,1_91/09999
1,01/00310,,TA01,1,,,,1,1_01/00310
1,01/08676,,TA01,1,,,,1,1_01/08676
1,01/08676R,,TA01,1,,,,1,1_01/08676R
1,01/08678,,TA01,1,,,,1,1_01/08678
1,01/08678R,,TA01,1,,,,1,1_01/08678R
1,01/08659,,TA01,1,,,,1,1_01/08659
1,02/07899M,,TI02,2,,,,1,1_02/07899M
1,01/08679,,TA01,1,,,,1,1_01/08679
1,03/00168,,CA03,3,,0,,1,1_03/00168
1,03/00169,,CA03,3,,,,1,1_03/00169
1,02/08362,,TI02,2,,0,,1,1_02/08362
1,26/00220,,TA26,1,,,,1,1_26/00220
1,01/07491R,,TA01,1,,,,1,1_01/07491R
1,01/07491,,TA01,1,,,,1,1_01/07491
1,01/02119M,,TA01,1,,,,1,1_01/02119M
1,53/90040,,TA53,1,,,,1,1_53/90040
1,11/40000,,TA11,1,,,,1,1_11/40000
1,02/09486A,,TI02,2,,0,,1,1_02/09486A
1,10/11240M,,TI10,2,,,,1,1_10/11240M
1,92/00010,,XTI92,8,,0,,1,1_92/00010
1,02/08366,,TI02,2,,,,1,1_02/08366
1,01/00310M,,TA01,1,,,,1,1_01/00310M
1,02/08367,,TI02,2,,,,1,1_02/08367
1,10/14525,,TI10,2,,,,1,1_10/14525
1,10/14525M,,TI10,2,,,,1,1_10/14525M
1,02/08368,,TI02,2,,,,1,1_02/08368
1,02/08368M,,TI02,2,,,,1,1_02/08368M
1,02/08369,,TI02,2,,,,1,1_02/08369
1,02/08369M,,TI02,2,,,,1,1_02/08369M
1,02/08370,,TI02,2,,0,,1,1_02/08370
1,02/08371,,TI02,2,,0,,1,1_02/08371
1,02/08372,,TI02,2,,0,,1,1_02/08372
1,10/03008,,TI10,2,,,,1,1_10/03008
1,03/00024,,CA03,3,,,,1,1_03/00024
1,03/00024M,,CA03,3,,,,1,1_03/00024M
1,PR/0617/0162,,TI02,2,,0,,1,1_PR/0617/0162
1,02/08352M2,,TI02,2,,,,1,1_02/08352M2
1,02/08352M3,,TI02,2,,,,1,1_02/08352M3
1,02/08352M4,,TI02,2,,,,1,1_02/08352M4
1,02/08352M5,,TI02,2,,,,1,1_02/08352M5
1,02/08352M6,,TI02,2,,,,1,1_02/08352M6
1,PR/0617/0163,,TI02,2,,0,,1,1_PR/0617/0163
1,02/08374,,TI02,2,,,,1,1_02/08374
1,02/08374M,,TI02,2,,,,1,1_02/08374M
1,04/00347,,PL04,4,,,,1,1_04/00347
1,10/01051M,,TI10,2,,,,1,1_10/01051M
1,10/01053M,,TI10,2,,,,1,1_10/01053M
1,10/01050M,,TI10,2,,,,1,1_10/01050M
1,10/01054M,,TI10,2,,,,1,1_10/01054M
1,10/01052M,,TI10,2,,,,1,1_10/01052M
1,02/08219M,,TI02,2,,0,,1,1_02/08219M
1,03/00144M1,,CA03,3,,,,1,1_03/00144M1
1,02/07858R,,TI02,2,,,,1,1_02/07858R
1,04/00732,,PL04,4,,,,1,1_04/00732
1,04/00733,,PL04,4,,,,1,1_04/00733
1,01/08640M1,,TA01,1,,,,1,1_01/08640M1
1,01/08640M2,,TA01,1,,,,1,1_01/08640M2
1,01/08644M,,TA01,1,,,,1,1_01/08644M
1,26/01220,,TA26,1,,,,1,1_26/01220
1,02/08377,,TI02,2,,0,,1,1_02/08377
1,01/08677,,TA01,1,,,,1,1_01/08677
1,02/07993M,,TI02,2,,,,1,1_02/07993M
1,01/07772,,TA01,1,,,,1,1_01/07772
1,12/80755,,CV12,6,,0,,1,1_12/80755
1,02/08378M,,TI02,2,,,,1,1_02/08378M
1,02/08373,,TI02,2,,,,1,1_02/08373
1,03/6321080,,CA03,3,,0,,1,1_03/6321080
1,02/08031R,,TI02,2,,,,1,1_02/08031R
1,02/08373R,,TI02,2,,,,1,1_02/08373R
1,12/PP0016801,,CV12,6,,0,,1,1_12/PP0016801
1,12/00309,,CV12,6,,,,1,1_12/00309
1,12/00313,,CV12,6,,,,1,1_12/00313
1,03/00170,,CA03,3,,,,1,1_03/00170
1,03/00170M,,CA03,3,,,,1,1_03/00170M
1,12/70149,,CV12,6,,,,1,1_12/70149
1,11/00050,,TA11,1,,,,1,1_11/00050
1,11/00050M,,TA11,1,,,,1,1_11/00050M
1,04/33270,,PL04,4,,,,1,1_04/33270
1,01/08681,,TA01,1,,,,1,1_01/08681
1,01/08680,,TA01,1,,,,1,1_01/08680
1,02/08382,,TI02,2,,,,1,1_02/08382
1,12/512007,,CV12,6,,,,1,1_12/512007
1,10/11020,,TI10,2,,,,1,1_10/11020
1,10/11020M,,TI10,2,,,,1,1_10/11020M
1,12/00299,,CV12,6,,0,,1,1_12/00299
1,10/06606,,TI10,2,,,,1,1_10/06606
1,01/08692,,TA01,1,,,,1,1_01/08692
1,01/08689M,,TA01,1,,,,1,1_01/08689M
1,01/08687M,,TA01,1,,,,1,1_01/08687M
1,12/00314,,CV12,6,,,,1,1_12/00314
1,01/08693,,TA01,1,,,,1,1_01/08693
1,01/00313,,TA01,1,,,,1,1_01/00313
1,01/00314,,TA01,1,,,,1,1_01/00314
1,02/08383,,TI02,2,,,,1,1_02/08383
1,02/08384,,TI02,2,,,,1,1_02/08384
1,02/08376,,TI02,2,,0,,1,1_02/08376
1,94/10011,,XPL94,8,,,,1,1_94/10011
1,01/00311,,TA01,1,,,,1,1_01/00311
1,01/00312,,TA01,1,,,,1,1_01/00312
1,03/1521070,,CA03,3,,,,1,1_03/1521070
1,02/08375,,TI02,2,,,,1,1_02/08375
1,02/08379,,TI02,2,,,,1,1_02/08379
1,02/08287R,,TI02,2,,0,,1,1_02/08287R
1,02/08359R,,TI02,2,,,,1,1_02/08359R
1,10/111410M,,TI10,2,,,,1,1_10/111410M
1,10/111410,,TI10,2,,,,1,1_10/111410
1,12/371005,,CV12,6,,,,1,1_12/371005
1,57/39110,,TA57,1,,,,1,1_57/39110
1,01/08694,,TA01,1,,,,1,1_01/08694
1,01/08696,,TA01,1,,,,1,1_01/08696
1,01/08697,,TA01,1,,,,1,1_01/08697
1,01/08698,,TA01,1,,,,1,1_01/08698
1,01/08699,,TA01,1,,,,1,1_01/08699
1,01/08700,,TA01,1,,,,1,1_01/08700
1,01/08700R,,TA01,1,,,,1,1_01/08700R
1,01/08684,,TA01,1,,,,1,1_01/08684
1,01/08686,,TA01,1,,,,1,1_01/08686
1,01/08683,,TA01,1,,,,1,1_01/08683
1,01/08685,,TA01,1,,,,1,1_01/08685
1,10/00347,,TI10,2,,0,,1,1_10/00347
1,10/00349,,TI10,2,,0,,1,1_10/00349
1,12/543010,,CV12,6,,,,1,1_12/543010
1,12/562508,,CV12,6,,,,1,1_12/562508
1,02/07948R,,TI02,2,,,,1,1_02/07948R
1,01/10290,,TA01,1,,0,,1,1_01/10290
1,03/1631090,,CA03,3,,,,1,1_03/1631090
1,53/61510,,TA53,1,,,,1,1_53/61510
1,04/173300003,,PL04,4,,0,,1,1_04/173300003
1,12/332008,,CV12,6,,,,1,1_12/332008
1,.122,,106,6,,,,1,1_.122
1,.77,,AVCV,0,,0,,1,1_.77
1,03/00171,,CA03,3,,,,1,1_03/00171
1,03/00172,,CA03,3,,,,1,1_03/00172
1,03/00171M,,CA03,3,,,,1,1_03/00171M
1,03/00172M,,CA03,3,,,,1,1_03/00172M
1,03/5521080,,CA03,3,,,,1,1_03/5521080
1,03/00173M,,CA03,3,,,,1,1_03/00173M
1,03/00174M,,CA03,3,,,,1,1_03/00174M
1,01/08691,,TA01,1,,,,1,1_01/08691
1,01/08701,,TA01,1,,,,1,1_01/08701
1,01/08695,,TA01,1,,,,1,1_01/08695
1,91/10004,,XTA91,8,,,,1,1_91/10004
1,91/10005,,XTA91,8,,,,1,1_91/10005
1,91/80026,,XTA91,8,,,,1,1_91/80026
1,91/09998,,XTA91,8,,,,1,1_91/09998
1,91/09997,,XTA91,8,,,,1,1_91/09997
1,PR/1557/0007-A,,TI02,2,,0,,1,1_PR/1557/0007-A
1,03/00173,,CA03,3,,,,1,1_03/00173
1,03/00174,,CA03,3,,,,1,1_03/00174
1,02/08385,,TI02,2,,,,1,1_02/08385
1,01/08703,,TA01,1,,,,1,1_01/08703
1,02/08386,,TI02,2,,0,,1,1_02/08386
1,02/08387,,TI02,2,,,,1,1_02/08387
1,02/08387M,,TI02,2,,,,1,1_02/08387M
1,01/00315,,TA01,1,,,,1,1_01/00315
1,01/00316,,TA01,1,,,,1,1_01/00316
1,01/09550,,TA01,1,,0,,1,1_01/09550
1,02/07820R,,TI02,2,,,,1,1_02/07820R
1,04/00734,,PL04,4,,,,1,1_04/00734
1,03/1421100,,CA03,3,,,,1,1_03/1421100
1,01/09948,,TA01,1,,0,,1,1_01/09948
1,04/20003,,PL04,4,,,,1,1_04/20003
1,04/20007,,PL04,4,,,,1,1_04/20007
1,04/20010,,PL04,4,,,,1,1_04/20010
1,01/08696R,,TA01,1,,,,1,1_01/08696R
1,01/08697R,,TA01,1,,,,1,1_01/08697R
1,02/07709M,,TI02,2,,,,1,1_02/07709M
1,02/07709M1,,TI02,2,,,,1,1_02/07709M1
1,02/07709M2,,TI02,2,,,,1,1_02/07709M2
1,03/00175,,CA03,3,,,,1,1_03/00175
1,03/6423095,,CA03,3,,,,1,1_03/6423095
1,11/40100,,TA11,1,,,,1,1_11/40100
1,PR/0194/0005-B,,TA01,1,,0,,1,1_PR/0194/0005-B
1,70/71214,,TA70,1,,,,1,1_70/71214
1,01/00299M,,TA01,1,,,,1,1_01/00299M
1,01/00299M1,,TA01,1,,,,1,1_01/00299M1
1,01/00317,,TA01,1,,,,1,1_01/00317
1,12/31507,,CV12,6,,,,1,1_12/31507
1,53/10020,,TA53,1,,,,1,1_53/10020
1,53/33020,,TA53,1,,,,1,1_53/33020
1,53/37005,,TA53,1,,,,1,1_53/37005
1,91/80007,,XTA91,8,,,,1,1_91/80007
1,91/80006,,XTA91,8,,,,1,1_91/80006
1,91/03000,,XTA91,8,,,,1,1_91/03000
1,02/08389,,TI02,2,,,,1,1_02/08389
1,53/36005,,TA53,1,,,,1,1_53/36005
1,12/701501,,CV12,6,,,,1,1_12/701501
1,02/08329M,,TI02,2,,,,1,1_02/08329M
1,01/08705,,TA01,1,,,,1,1_01/08705
1,03/1521145,,CA03,3,,,,1,1_03/1521145
1,02/08390,,TI02,2,,0,,1,1_02/08390
1,03/3423060,,CA03,3,,,,1,1_03/3423060
1,93/10010,,XCA93,8,,,,1,1_93/10010
1,91/02900,,XTA91,8,,,,1,1_91/02900
1,04/00723,,PL04,4,,,,1,1_04/00723
1,01/00317R,,TA01,1,,,,1,1_01/00317R
1,01/08481R,,TA01,1,,,,1,1_01/08481R
1,01/08706,,TA01,1,,,,1,1_01/08706
1,01/08707,,TA01,1,,,,1,1_01/08707
1,12/42007,,CV12,6,,,,1,1_12/42007
1,01/08708,,TA01,1,,,,1,1_01/08708
1,01/08709,,TA01,1,,,,1,1_01/08709
1,26/01225,,TA26,1,,,,1,1_26/01225
1,53/62115,,TA53,1,,,,1,1_53/62115
1,02/08391,,TI02,2,,,,1,1_02/08391
1,01/08712H,,TA01,1,,0,,1,1_01/08712H
1,57/00017,,TA57,1,,0,,1,1_57/00017
1,03/00099R,,CA03,3,,0,,1,1_03/00099R
1,01/08710,,TA01,1,,0,,1,1_01/08710
1,02/08392,,TI02,2,,0,,1,1_02/08392
1,02/10358,,TI02,2,,0,,1,1_02/10358
1,12/542509R,,CV12,6,,0,,1,1_12/542509R
1,12/70059,,CV12,6,,0,,1,1_12/70059
1,91/80060,,XTA91,8,,,,1,1_91/80060
1,02/09765,,TI02,2,,0,,1,1_02/09765
1,91/03001,,XTA91,8,,,,1,1_91/03001
1,01/00302M,,TA01,1,,,,1,1_01/00302M
1,04/01105,,PL04,4,,0,,1,1_04/01105
1,04/01106,,PL04,4,,0,,1,1_04/01106
1,01/09705,,TA01,1,,0,,1,1_01/09705
1,53/36012,,TA53,1,,0,,1,1_53/36012
1,54/35012,,TA54,1,,0,,1,1_54/35012
1,10/19109R,,TI10,2,,0,,1,1_10/19109R
1,01/08711,,TA01,1,,0,,1,1_01/08711
1,01/08712,,TA01,1,,0,,1,1_01/08712
1,01/08712M,,TA01,1,,0,,1,1_01/08712M
1,01/08712M1,,TA01,1,,0,,1,1_01/08712M1
1,54/62116,,TA54,1,,0,,1,1_54/62116
1,PR/1708/0026,,TA01,1,,0,,1,1_PR/1708/0026
1,01/08713,,TA01,1,,0,,1,1_01/08713
1,01/08714,,TA01,1,,,,1,1_01/08714
1,26/60855,,TA26,1,,0,,1,1_26/60855
1,26/60616,,TA26,1,,0,,1,1_26/60616
1,53/62116,,TA53,1,,0,,1,1_53/62116
1,26/60860,,TA26,1,,0,,1,1_26/60860
1,91/02032,,XTA91,8,,,,1,1_91/02032
1,91/99999,,XTA91,8,,,,1,1_91/99999
1,01/07959R,,TA01,1,,0,,1,1_01/07959R
1,02/09234R,,TI02,2,,0,,1,1_02/09234R
1,10/10160M,,TI10,2,,,,1,1_10/10160M
1,10/10180M,,TI10,2,,,,1,1_10/10180M
1,01/00318,,TA01,1,,0,,1,1_01/00318
1,02/08039M,,TI02,2,,0,,1,1_02/08039M
1,02/08039M1,,TI02,2,,0,,1,1_02/08039M1
1,10/90018M,,TI10,2,,0,,1,1_10/90018M
1,91/09996,,XTA91,8,,,,1,1_91/09996
1,91/03010,,XTA91,8,,,,1,1_91/03010
1,94/20003,,XPL94,8,,,,1,1_94/20003
1,94/20010,,XPL94,8,,,,1,1_94/20010
1,94/20016,,XPL94,8,,,,1,1_94/20016
1,02/08395,,TI02,2,,0,,1,1_02/08395
1,02/08396,,TI02,2,,0,,1,1_02/08396
1,01/00319,,TA01,1,,0,,1,1_01/00319
1,01/00320,,TA01,1,,0,,1,1_01/00320
1,02/08397,,TI02,2,,0,,1,1_02/08397
1,02/08398,,TI02,2,,0,,1,1_02/08398
1,01/10220,,TA01,1,,0,,1,1_01/10220
1,02/08399M,,TI02,2,,,,1,1_02/08399M
1,91/80082,,XTA91,8,,,,1,1_91/80082
1,02/08400,,TI02,2,,0,,1,1_02/08400
1,10/20080,,TI10,2,,,,1,1_10/20080
1,10/20835M,,TI10,2,,,,1,1_10/20835M
1,10/20080M,,TI10,2,,,,1,1_10/20080M
1,02/08401,,TI02,2,,0,,1,1_02/08401
1,02/08370R,,TI02,2,,0,,1,1_02/08370R
1,02/08402,,TI02,2,,0,,1,1_02/08402
1,54/32508,,TA54,1,,0,,1,1_54/32508
1,02/08403,,TI02,2,,0,,1,1_02/08403
1,01/08716,,TA01,1,,0,,1,1_01/08716
1,10/11220,,TI10,2,,0,,1,1_10/11220
1,10/11220M,,TI10,2,,0,,1,1_10/11220M
1,02/08404,,TI02,2,,0,,1,1_02/08404
1,02/08404M,,TI02,2,,0,,1,1_02/08404M
1,02/08404M1,,TI02,2,,0,,1,1_02/08404M1
1,02/08404M2,,TI02,2,,0,,1,1_02/08404M2
1,02/08404M3,,TI02,2,,0,,1,1_02/08404M3
1,03/00176,,CA03,3,,0,,1,1_03/00176
1,01/09949,,TA01,1,,0,,1,1_01/09949
1,01/00319R,,TA01,1,,,,1,1_01/00319R
1,02/10756,,TI02,2,,0,,1,1_02/10756
1,01/08282R,,TA01,1,,0,,1,1_01/08282R
1,04/20820,,PL04,4,,0,,1,1_04/20820
1,04/21025,,PL04,4,,0,,1,1_04/21025
1,02/09811M,,TI02,2,,0,,1,1_02/09811M
1,02/08408,,TI02,2,,0,,1,1_02/08408
1,02/08409,,TI02,2,,0,,1,1_02/08409
1,02/08406M,,TI02,2,,0,,1,1_02/08406M
1,02/08407M,,TI02,2,,0,,1,1_02/08407M
1,02/08408M,,TI02,2,,0,,1,1_02/08408M
1,02/08409M,,TI02,2,,0,,1,1_02/08409M
1,10/16625,,TI10,2,,0,,1,1_10/16625
1,10/16625M,,TI10,2,,0,,1,1_10/16625M
1,10/16840,,TI10,2,,0,,1,1_10/16840
1,10/16840M,,TI10,2,,0,,1,1_10/16840M
1,10/16616,,TI10,2,,0,,1,1_10/16616
1,02/07517R,,TI02,2,,0,,1,1_02/07517R
1,01/00307R,,TA01,1,,0,,1,1_01/00307R
1,01/00313M,,TA01,1,,0,,1,1_01/00313M
1,01/00301M,,TA01,1,,0,,1,1_01/00301M
1,91/10006,,XTA91,8,,,,1,1_91/10006
1,91/80036,,XTA91,8,,,,1,1_91/80036
1,03/00177,,CA03,3,,0,,1,1_03/00177
1,03/00177M,,CA03,3,,0,,1,1_03/00177M
1,01/08259H,,TA01,1,,0,,1,1_01/08259H
1,01/08717,,TA01,1,,0,,1,1_01/08717
1,10/10690,,TI10,2,,,,1,1_10/10690
1,10/10690M,,TI10,2,,,,1,1_10/10690M
1,01/08718,,TA01,1,,0,,1,1_01/08718
1,01/00321,,TA01,1,,0,,1,1_01/00321
1,01/00322,,TA01,1,,0,,1,1_01/00322
1,01/08719,,TA01,1,,0,,1,1_01/08719
1,02/08410,,TI02,2,,0,,1,1_02/08410
1,02/08410M,,TI02,2,,0,,1,1_02/08410M
1,02/08411,,TI02,2,,0,,1,1_02/08411
1,02/08412,,TI02,2,,0,,1,1_02/08412
1,02/08413,,TI02,2,,0,,1,1_02/08413
1,02/08414,,TI02,2,,0,,1,1_02/08414
1,12/00407,,CV12,6,,0,,1,1_12/00407
1,12/00407M,,CV12,6,,0,,1,1_12/00407M
1,01/08720,,TA01,1,,0,,1,1_01/08720
1,02/08415,,TI02,2,,0,,1,1_02/08415
1,02/08415M,,TI02,2,,0,,1,1_02/08415M
1,02/08416,,TI02,2,,0,,1,1_02/08416
1,02/08417,,TI02,2,,0,,1,1_02/08417
1,02/08417M,,TI02,2,,,,1,1_02/08417M
1,12/60130,,CV12,6,,0,,1,1_12/60130
1,12/60146,,CV12,6,,0,,1,1_12/60146
1,12/630130,,CV12,6,,0,,1,1_12/630130
1,12/630146,,CV12,6,,0,,1,1_12/630146
1,01/09950,,TA01,1,,0,,1,1_01/09950
1,01/169000003,,TA01,1,,0,,1,1_01/169000003
1,03/6421120,,CA03,3,,0,,1,1_03/6421120
1,02/08420,,TI02,2,,0,,1,1_02/08420
1,02/10037M,,TI02,2,,0,,1,1_02/10037M
1,10/11530M,,TI10,2,,0,,1,1_10/11530M
1,PR/0677/0026,,TI02,2,,0,,1,1_PR/0677/0026
1,10/11540M,,TI10,2,,0,,1,1_10/11540M
1,10/10044,,TI10,2,,0,,1,1_10/10044
1,10/10044M,,TI10,2,,0,,1,1_10/10044M
1,02/08421,,TI02,2,,0,,1,1_02/08421
1,02/08421M,,TI02,2,,0,,1,1_02/08421M
1,02/08422,,TI02,2,,0,,1,1_02/08422
1,02/08422M,,TI02,2,,0,,1,1_02/08422M
1,02/10032,,TI02,2,,0,,1,1_02/10032
1,10/11680M,,TI10,2,,0,,1,1_10/11680M
1,10/11430,,TI10,2,,0,,1,1_10/11430
1,10/11430M,,TI10,2,,0,,1,1_10/11430M
1,PR/1107/0004-A,,TA01,1,,0,,1,1_PR/1107/0004-A
1,10/11050M,,TI10,2,,0,,1,1_10/11050M
1,01/08719M,,TA01,1,,0,,1,1_01/08719M
1,PR/0820/0018-C,,TI02,2,,0,,1,1_PR/0820/0018-C
1,01/00313R,,TA01,1,,0,,1,1_01/00313R
1,01/00314R,,TA01,1,,0,,1,1_01/00314R
1,01/08531A,,TA01,1,,0,,1,1_01/08531A
1,03/00165M,,CA03,3,,0,,1,1_03/00165M
1,02/08424,,TI02,2,,0,,1,1_02/08424
1,01/08721,,TA01,1,,0,,1,1_01/08721
1,01/08722,,TA01,1,,0,,1,1_01/08722
1,01/08723,,TA01,1,,0,,1,1_01/08723
1,02/08426,,TI02,2,,0,,1,1_02/08426
1,02/08425,,TI02,2,,0,,1,1_02/08425
1,02/08427,,TI02,2,,0,,1,1_02/08427
1,02/08427M,,TI02,2,,0,,1,1_02/08427M
1,12/542508,,CV12,6,,0,,1,1_12/542508
1,02/08423,,TI02,2,,0,,1,1_02/08423
1,10/90021M,,TI10,2,,0,,1,1_10/90021M
1,10/90022M,,TI10,2,,0,,1,1_10/90022M
1,02/0900201,,TI02,2,,0,,1,1_02/0900201
1,91/03002,,XTA91,8,,,,1,1_91/03002
1,99/101819,,XTA91,8,,,,1,1_99/101819
1,99/101617,,XTA91,8,,,,1,1_99/101617
1,99/400018,,XTA91,8,,,,1,1_99/400018
1,99/400095,,XTA91,8,,,,1,1_99/400095
1,02/07517,,TI02,2,,,,1,1_02/07517
1,01/06986,,TA01,1,,0,,1,1_01/06986
1,01/00323,,TA01,1,,0,,1,1_01/00323
1,02/08270BIS,,TI02,2,,0,,1,1_02/08270BIS
1,02/08428,,TI02,2,,0,,1,1_02/08428
1,02/08262R,,TI02,2,,0,,1,1_02/08262R
1,01/08725,,TA01,1,,0,,1,1_01/08725
1,53/00500,,TA53,1,,0,,1,1_53/00500
1,01/08724,,TA01,1,,0,,1,1_01/08724
1,01/08726,,TA01,1,,0,,1,1_01/08726
1,02/08322R,,TI02,2,,0,,1,1_02/08322R
1,01/08727,,TA01,1,,0,,1,1_01/08727
1,01/07586,,TA01,1,,0,,1,1_01/07586
1,01/08728,,TA01,1,,0,,1,1_01/08728
1,02/08431,,TI02,2,,0,,1,1_02/08431
1,02/08432,,TI02,2,,0,,1,1_02/08432
1,02/08433,,TI02,2,,0,,1,1_02/08433
1,01/08729R,,TA01,1,,0,,1,1_01/08729R
1,01/08730R,,TA01,1,,0,,1,1_01/08730R
1,01/08729,,TA01,1,,0,,1,1_01/08729
1,01/08596,,TA01,1,,0,,1,1_01/08596
1,12/70110M,,CV12,6,,,,1,1_12/70110M
1,03/3421080,,CA03,3,,0,,1,1_03/3421080
1,PR/0619/0005,,PL04,4,,0,,1,1_PR/0619/0005
1,02/09952M1,,TI02,2,,0,,1,1_02/09952M1
1,12/70012,,CV12,6,,0,,1,1_12/70012
1,26/00218,,TA26,1,,0,,1,1_26/00218
1,01/1027301,,TA01,1,,0,,1,1_01/1027301
1,02/10755,,TI02,2,,0,,1,1_02/10755
1,02/1069201M,,TI02,2,,0,,1,1_02/1069201M
1,02/08434,,TI02,2,,0,,1,1_02/08434
1,02/08434M,,TI02,2,,0,,1,1_02/08434M
1,02/08430,,TI02,2,,0,,1,1_02/08430
1,02/08430M,,TI02,2,,0,,1,1_02/08430M
1,01/07492,,TA01,1,,,,1,1_01/07492
1,01/07492R,,TA01,1,,,,1,1_01/07492R
1,01/10271,,TA01,1,,0,,1,1_01/10271
1,01/08733,,TA01,1,,0,,1,1_01/08733
1,04/00984,,PL04,4,,0,,1,1_04/00984
1,04/183800001,,PL04,4,,0,,1,1_04/183800001
1,01/08735,,TA01,1,,0,,1,1_01/08735
1,01/08734,,TA01,1,,0,,1,1_01/08734
1,10/10051,,TI10,2,,0,,1,1_10/10051
1,10/10051M,,TI10,2,,0,,1,1_10/10051M
1,02/08436,,TI02,2,,0,,1,1_02/08436
1,02/08736M,,TI02,2,,0,,1,1_02/08736M
1,02/08436M,,TI02,2,,0,,1,1_02/08436M
1,02/08404R,,TI02,2,,0,,1,1_02/08404R
1,02/10454B,,TI02,2,,0,,1,1_02/10454B
1,26/20835,,TA26,1,,,,1,1_26/20835
1,02/10686,,TI02,2,,0,,1,1_02/10686
1,12/5330111,,CV12,6,,0,,1,1_12/5330111
1,02/08438,,TI02,2,,0,,1,1_02/08438
1,02/08440,,TI02,2,,0,,1,1_02/08440
1,12/415061,,CV12,6,,0,,1,1_12/415061
1,01/08737,,TA01,1,,0,,1,1_01/08737
1,01/08738,,TA01,1,,0,,1,1_01/08738
1,03/00165M1,,CA03,3,,0,,1,1_03/00165M1
1,03/00165M2,,CA03,3,,0,,1,1_03/00165M2
1,03/00165M3,,CA03,3,,0,,1,1_03/00165M3
1,03/00165M4,,CA03,3,,0,,1,1_03/00165M4
1,02/08441,,TI02,2,,0,,1,1_02/08441
1,12/CH03012005,,CV12,6,,0,,1,1_12/CH03012005
1,02/07957M,,TI02,2,,0,,1,1_02/07957M
1,12/4220081,,CV12,6,,0,,1,1_12/4220081
1,02/08439,,TI02,2,,0,,1,1_02/08439
1,02/08045M,,TI02,2,,0,,1,1_02/08045M
1,91/02061,,XTA91,8,,,,1,1_91/02061
1,91/02070,,XTA91,8,,,,1,1_91/02070
1,99/300001,,XCA93,8,,,,1,1_99/300001
1,10/90003M,,TI10,2,,0,,1,1_10/90003M
1,10/90004M,,TI10,2,,0,,1,1_10/90004M
1,01/08739,,TA01,1,,0,,1,1_01/08739
1,11/00020R,,TA11,1,,0,,1,1_11/00020R
1,01/08740,,TA01,1,,0,,1,1_01/08740
1,70/11015T,,TA70,1,,,,1,1_70/11015T
1,04/01107,,PL04,4,,0,,1,1_04/01107
1,01/08741,,TA01,1,,0,,1,1_01/08741
1,51/32505,,TA51,1,,0,,1,1_51/32505
1,01/07958R,,TA01,1,,0,,1,1_01/07958R
1,01/08062S,,TA01,1,,,,1,1_01/08062S
1,03/00160M1,,CA03,3,,,,1,1_03/00160M1
1,10/90005M,,TI10,2,,0,,1,1_10/90005M
1,02/08442,,TI02,2,,0,,1,1_02/08442
1,10/06101,,TI10,2,,0,,1,1_10/06101
1,02/08443,,TI02,2,,0,,1,1_02/08443
1,PR/1188/0001-A,,TA01,2,,0,,1,1_PR/1188/0001-A
1,01/09791,,TA01,1,,0,,1,1_01/09791
1,01/08633AR,,TA01,1,,0,,1,1_01/08633AR
1,02/08447,,TI02,2,,0,,1,1_02/08447
1,02/07685,,TI02,2,,0,,1,1_02/07685
1,01/08742,,TA01,1,,0,,1,1_01/08742
1,01/08742M,,TA01,1,,0,,1,1_01/08742M
1,02/08447M,,TI02,2,,0,,1,1_02/08447M
1,01/08739M,,TA01,1,,0,,1,1_01/08739M
1,02/08443M,,TI02,2,,0,,1,1_02/08443M
1,02/08445M,,TI02,2,,0,,1,1_02/08445M
1,02/08444M1,,TI02,2,,0,,1,1_02/08444M1
1,02/08444M,,TI02,2,,0,,1,1_02/08444M
1,02/08443M1,,TI02,2,,0,,1,1_02/08443M1
1,03/1433085,,CA03,3,,0,,1,1_03/1433085
1,91/80031,,XTA91,8,,,,1,1_91/80031
1,92/00100,,XTI92,8,,,,1,1_92/00100
1,92/00101,,XTI92,8,,,,1,1_92/00101
1,12/80003,,CV12,6,,0,,1,1_12/80003
1,12/80002,,CV12,6,,0,,1,1_12/80002
1,PR/0357/0001,,TI02,2,,0,,1,1_PR/0357/0001
1,01/08743,,TA01,1,,0,,1,1_01/08743
1,01/08744,,TA01,1,,0,,1,1_01/08744
1,11/00036,,TA11,1,,0,,1,1_11/00036
1,02/08244R,,TI02,2,,,,1,1_02/08244R
1,02/10358M,,TI02,2,,0,,1,1_02/10358M
1,02/08450,,TI02,2,,0,,1,1_02/08450
1,02/08448,,TI02,2,,0,,1,1_02/08448
1,12/90011,,CV12,6,,0,,1,1_12/90011
1,12/90011M,,CV12,6,,0,,1,1_12/90011M
1,01/00325,,TA01,1,,,,1,1_01/00325
1,04/20014,,PL04,4,,,,1,1_04/20014
1,12/00315,,CV12,6,,0,,1,1_12/00315
1,91/03020,,XTA91,8,,,,1,1_91/03020
1,12/PP0016902,,CV12,6,,0,,1,1_12/PP0016902
1,03/1521075,,CA03,3,,0,,1,1_03/1521075
1,10/11645M,,TI10,2,,0,,1,1_10/11645M
1,10/16616M,,TI10,2,,0,,1,1_10/16616M
1,11/00036M,,TA11,1,,0,,1,1_11/00036M
1,02/10696R,,TI02,2,,0,,1,1_02/10696R
1,11/00035M,,TA11,1,,0,,1,1_11/00035M
1,01/08747,,TA01,1,,0,,1,1_01/08747
1,01/08746,,TA01,1,,0,,1,1_01/08746
1,01/08745,,TA01,1,,0,,1,1_01/08745
1,02/08452,,TI02,2,,0,,1,1_02/08452
1,02/08452M,,TI02,2,,0,,1,1_02/08452M
1,02/08452M1,,TI02,2,,0,,1,1_02/08452M1
1,02/08453,,TI02,2,,0,,1,1_02/08453
1,02/08454,,TI02,2,,0,,1,1_02/08454
1,01/08103A,,TA01,1,,0,,1,1_01/08103A
1,01/08103B,,TA01,1,,0,,1,1_01/08103B
1,02/07768M1,,TI02,2,,0,,1,1_02/07768M1
1,01/08535B,,TA01,1,,0,,1,1_01/08535B
1,01/08535A,,TA01,1,,,,1,1_01/08535A
1,02/08455,,TI02,2,,0,,1,1_02/08455
1,01/00326,,TA01,1,,0,,1,1_01/00326
1,01/00327,,TA01,1,,0,,1,1_01/00327
1,01/00328,,TA01,1,,0,,1,1_01/00328
1,01/00329,,TA01,1,,0,,1,1_01/00329
1,01/08748,,TA01,1,,0,,1,1_01/08748
1,02/08456,,TI02,2,,0,,1,1_02/08456
1,02/08457,,TI02,2,,0,,1,1_02/08457
1,02/08457M,,TI02,2,,0,,1,1_02/08457M
1,02/08458,,TI02,2,,0,,1,1_02/08458
1,02/08458M,,TI02,2,,0,,1,1_02/08458M
1,02/08459,,TI02,2,,0,,1,1_02/08459
1,02/08459M,,TI02,2,,0,,1,1_02/08459M
1,02/10735,,TI02,2,,0,,1,1_02/10735
1,02/08460,,TI02,2,,0,,1,1_02/08460
1,01/00330,,TA01,1,,0,,1,1_01/00330
1,01/00331,,TA01,1,,0,,1,1_01/00331
1,01/08750,,TA01,1,,0,,1,1_01/08750
1,01/08751,,TA01,1,,0,,1,1_01/08751
1,02/08461,,TI02,2,,0,,1,1_02/08461
1,03/00179,,CA03,3,,0,,1,1_03/00179
1,10/11065,,TI10,2,,0,,1,1_10/11065
1,01/08299R,,TA01,1,,0,,1,1_01/08299R
1,01/07819R,,TA01,1,,0,,1,1_01/07819R
1,03/00180,,CA03,3,,0,,1,1_03/00180
1,02/10362,,TI02,2,,0,,1,1_02/10362
1,02/09692A,,TI02,2,,0,,1,1_02/09692A
1,02/08464,,TI02,2,,0,,1,1_02/08464
1,04/20015,,PL04,4,,0,,1,1_04/20015
1,04/00054,,PL04,4,,0,,1,1_04/00054
1,02/08465,,TI02,2,,,,1,1_02/08465
1,12/80075,,CV12,6,,0,,1,1_12/80075
1,10/13065,,TI10,2,,0,,1,1_10/13065
1,01/00332,,TA01,1,,0,,1,1_01/00332
1,02/08466,,TI02,2,,0,,1,1_02/08466
1,02/08466M,,TI02,2,,0,,1,1_02/08466M
1,03/00181,,CA03,3,,0,,1,1_03/00181
1,01/00332R,,TA01,1,,0,,1,1_01/00332R
1,01/08754,,TA01,1,,0,,1,1_01/08754
1,01/08754M,,TA01,1,,0,,1,1_01/08754M
1,01/08755,,TA01,1,,0,,1,1_01/08755
1,03/00160R,,CA03,3,,0,,1,1_03/00160R
1,91/10012,,XTA91,8,,,,1,1_91/10012
1,01/08756,,TA01,1,,0,,1,1_01/08756
1,01/08757,,TA01,1,,0,,1,1_01/08757
1,01/07938R,,TA01,1,,0,,1,1_01/07938R
1,02/08467,,TI02,2,,0,,1,1_02/08467
1,02/08468,,TI02,2,,0,,1,1_02/08468
1,02/08469,,TI02,2,,0,,1,1_02/08469
1,02/08238,,TI02,2,,0,,1,1_02/08238
1,02/08470,,TI02,2,,0,,1,1_02/08470
1,02/08470M,,TI02,2,,0,,1,1_02/08470M
1,12/32008,,CV12,6,,0,,1,1_12/32008
1,01/00333,,TA01,1,,0,,1,1_01/00333
1,04/02100,,PL04,4,,0,,1,1_04/02100
1,12/RQ00001,,CV12,6,,0,,1,1_12/RQ00001
1,12/RQ00002,,CV12,6,,0,,1,1_12/RQ00002
1,12/RQ00003,,CV12,6,,0,,1,1_12/RQ00003
1,12/RQ00004,,CV12,6,,0,,1,1_12/RQ00004
1,12/RQ00005,,CV12,6,,0,,1,1_12/RQ00005
1,12/RQ00006,,CV12,6,,0,,1,1_12/RQ00006
1,12/RQ00007,,CV12,6,,0,,1,1_12/RQ00007
1,12/RQ00008,,CV12,6,,0,,1,1_12/RQ00008
1,02/10359,,TI02,2,,0,,1,1_02/10359
1,02/08370M,,TI02,2,,0,,1,1_02/08370M
1,01/08758,,TA01,1,,0,,1,1_01/08758
1,52/38020,,TA52,1,,0,,1,1_52/38020
1,52/00200,,TA52,1,,0,,1,1_52/00200
1,12/541506,,CV12,6,,0,,1,1_12/541506
1,02/08485,,TI02,2,,0,,1,1_02/08485
1,02/08486,,TI02,2,,0,,1,1_02/08486
1,01/07463,,TA01,1,,0,,1,1_01/07463
1,01/00334,,TA01,1,,,,1,1_01/00334
1,02/10004,,TI02,2,,0,,1,1_02/10004
1,PR/1643/0016,,TI02,2,,0,,1,1_PR/1643/0016
1,02/08487M,,TI02,2,,0,,1,1_02/08487M
1,02/08487,,TI02,2,,0,,1,1_02/08487
1,01/08759,,TA01,1,,,,1,1_01/08759
1,91/80062,,XTA91,8,,,,1,1_91/80062
1,02/08488,,TI02,2,,,,1,1_02/08488
1,02/08474M,,TI02,2,,0,,1,1_02/08474M
1,02/08474M1,,TI02,2,,0,,1,1_02/08474M1
1,02/07311,,TI02,2,,,,1,1_02/07311
1,04/01053,,PL04,4,,0,,1,1_04/01053
1,52/38012,,TA52,1,,0,,1,1_52/38012
1,02/07311R,,TI02,2,,,,1,1_02/07311R
1,04/01108,,PL04,4,,0,,1,1_04/01108
1,10/01001A,,TI10,2,,0,,1,1_10/01001A
1,02/08474,,TI02,2,,0,,1,1_02/08474
1,04/02127,,PL04,4,,0,,1,1_04/02127
1,04/02122,,PL04,4,,0,,1,1_04/02122
1,04/02105,,PL04,4,,0,,1,1_04/02105
1,04/02101,,PL04,4,,0,,1,1_04/02101
1,04/02114,,PL04,4,,0,,1,1_04/02114
1,12/10019,,CV12,6,,0,,1,1_12/10019
1,02/08491,,TI02,2,,0,,1,1_02/08491
1,01/08746R,,TA01,1,,0,,1,1_01/08746R
1,01/08747R,,TA01,1,,0,,1,1_01/08747R
1,01/08748R,,TA01,1,,0,,1,1_01/08748R
1,01/08683R,,TA01,1,,0,,1,1_01/08683R
1,01/08684R,,TA01,1,,0,,1,1_01/08684R
1,01/08685R,,TA01,1,,0,,1,1_01/08685R
1,01/08686R,,TA01,1,,0,,1,1_01/08686R
1,12/80770,,CV12,6,,0,,1,1_12/80770
1,12/80771,,CV12,6,,0,,1,1_12/80771
1,12/80591,,CV12,6,,0,,1,1_12/80591
1,PR/0617/0208-A,,TI02,2,,0,,1,1_PR/0617/0208-A
1,12/80934,,CV12,6,,0,,1,1_12/80934
1,02/10761R,,TI02,2,,0,,1,1_02/10761R
1,PR/1474/0019,,TI02,2,,0,,1,1_PR/1474/0019
1,01/08522M1,,TA01,1,,0,,1,1_01/08522M1
1,02/08492,,TI02,2,,0,,1,1_02/08492
1,02/08492R,,TI02,2,,,,1,1_02/08492R
1,02/08493,,TI02,2,,,,1,1_02/08493
1,02/08494,,TI02,2,,,,1,1_02/08494
1,02/08494M,,TI02,2,,0,,1,1_02/08494M
1,02/08495,,TI02,2,,0,,1,1_02/08495
1,02/08495R,,TI02,2,,0,,1,1_02/08495R
1,12/70013,,CV12,6,,0,,1,1_12/70013
1,03/1221048,,CA03,3,,0,,1,1_03/1221048
1,02/08496,,TI02,2,,0,,1,1_02/08496
1,02/08497,,TI02,2,,0,,1,1_02/08497
1,04/20016,,PL04,4,,0,,1,1_04/20016
1,01/08760,,TA01,1,,0,,1,1_01/08760
1,02/08457R,,TI02,2,,0,,1,1_02/08457R
1,02/08458R,,TI02,2,,0,,1,1_02/08458R
1,02/08498,,TI02,2,,0,,1,1_02/08498
1,02/08499,,TI02,2,,0,,1,1_02/08499
1,01/08755R,,TA01,1,,,,1,1_01/08755R
1,01/08758R,,TA01,1,,,,1,1_01/08758R
1,02/08500,,TI02,2,,0,,1,1_02/08500
1,02/08501,,TI02,2,,0,,1,1_02/08501
1,02/08485M,,TI02,2,,0,,1,1_02/08485M
1,04/21055,,PL04,4,,0,,1,1_04/21055
1,91/90002,,XTA91,8,,0,,1,1_91/90002
1,01/08764,,TA01,1,,0,,1,1_01/08764
1,01/100101100,,TA01,1,,0,,1,1_01/100101100
1,04/02104,,PL04,4,,0,,1,1_04/02104
1,91/02023,,XTA91,8,,,,1,1_91/02023
1,99/111617,,XTA91,8,,,,1,1_99/111617
1,99/120805,,XTA91,8,,,,1,1_99/120805
1,99/121006,,XTA91,8,,,,1,1_99/121006
1,04/33271,,PL04,4,,0,,1,1_04/33271
1,11/31513M,,TA11,1,,0,,1,1_11/31513M
1,04/1609200050,,PL04,4,,0,,1,1_04/1609200050
1,01/08765,,TA01,1,,0,,1,1_01/08765
1,01/08766,,TA01,1,,0,,1,1_01/08766
1,01/08766R,,TA01,1,,0,,1,1_01/08766R
1,01/08765R,,TA01,1,,0,,1,1_01/08765R
1,01/08761,,TA01,1,,0,,1,1_01/08761
1,01/08762,,TA01,1,,0,,1,1_01/08762
1,01/08767,,TA01,1,,0,,1,1_01/08767
1,01/08768,,TA01,1,,0,,1,1_01/08768
1,01/08768R,,TA01,1,,0,,1,1_01/08768R
1,01/08769,,TA01,1,,0,,1,1_01/08769
1,01/08770,,TA01,1,,0,,1,1_01/08770
1,02/07703,,TI02,2,,0,,1,1_02/07703
1,02/08504,,TI02,2,,0,,1,1_02/08504
1,02/08504M,,TI02,2,,0,,1,1_02/08504M
1,01/08771,,TA01,1,,0,,1,1_01/08771
1,01/08771M,,TA01,1,,0,,1,1_01/08771M
1,01/08772,,TA01,1,,0,,1,1_01/08772
1,02/08505,,TI02,2,,0,,1,1_02/08505
1,02/08506,,TI02,2,,0,,1,1_02/08506
1,04/00055,,PL04,4,,0,,1,1_04/00055
1,02/08507,,TI02,2,,,,1,1_02/08507
1,02/08508,,TI02,2,,,,1,1_02/08508
1,02/08508M,,TI02,2,,,,1,1_02/08508M
1,04/20017,,PL04,4,,,,1,1_04/20017
1,01/08773,,TA01,1,,,,1,1_01/08773
1,02/08411M,,TI02,2,,0,,1,1_02/08411M
1,02/08412R,,TI02,2,,0,,1,1_02/08412R
1,01/00336,,TA01,1,,,,1,1_01/00336
1,01/00337,,TA01,1,,,,1,1_01/00337
1,01/08775,,TA01,1,,,,1,1_01/08775
1,01/08775R,,TA01,1,,,,1,1_01/08775R
1,01/08774,,TA01,1,,,,1,1_01/08774
1,01/08774R,,TA01,1,,,,1,1_01/08774R
1,13/10535,,CA13,3,,0,,1,1_13/10535
1,04/00056,,PL04,4,,0,,1,1_04/00056
1,04/00057,,PL04,4,,0,,1,1_04/00057
1,01/00338,,TA01,1,,0,,1,1_01/00338
1,01/00336R,,TA01,1,,0,,1,1_01/00336R
1,01/07608,,TA01,1,,,,1,1_01/07608
1,01/07609,,TA01,1,,0,,1,1_01/07609
1,01/07699,,TA01,1,,0,,1,1_01/07699
1,01/07608R,,TA01,1,,0,,1,1_01/07608R
1,01/07609R,,TA01,1,,,,1,1_01/07609R
1,91/80035,,XTA91,8,,,,1,1_91/80035
1,01/08122R,,TA01,1,,0,,1,1_01/08122R
1,01/08776,,TA01,1,,0,,1,1_01/08776
1,02/08509,,TI02,2,,0,,1,1_02/08509
1,02/08510,,TI02,2,,0,,1,1_02/08510
1,02/08511,,TI02,2,,0,,1,1_02/08511
1,02/08512,,TI02,2,,0,,1,1_02/08512
1,02/08513,,TI02,2,,0,,1,1_02/08513
1,02/08513M,,TI02,2,,0,,1,1_02/08513M
1,02/08514,,TI02,2,,0,,1,1_02/08514
1,12/10101,,CV12,6,,0,,1,1_12/10101
1,01/00339,,TA01,1,,0,,1,1_01/00339
1,03/6423075,,CA03,3,,0,,1,1_03/6423075
1,12/PV00001,,CV12,6,,0,,1,1_12/PV00001
1,01/08777,,TA01,1,,0,,1,1_01/08777
1,01/00366R,,TA01,1,,0,,1,1_01/00366R
1,01/08778,,TA01,1,,0,,1,1_01/08778
1,01/08745R,,TA01,1,,0,,1,1_01/08745R
1,01/08698R,,TA01,1,,0,,1,1_01/08698R
1,02/08515,,TI02,2,,0,,1,1_02/08515
1,02/09788,,TI02,2,,0,,1,1_02/09788
1,02/08515M,,TI02,2,,0,,1,1_02/08515M
1,26/60119,,TA26,1,,0,,1,1_26/60119
1,26/60119M,,TA26,1,,0,,1,1_26/60119M
1,01/00326R,,TA01,1,,0,,1,1_01/00326R
1,01/00327R,,TA01,1,,0,,1,1_01/00327R
1,01/00328R,,TA01,1,,0,,1,1_01/00328R
1,28/10005,,TA28,1,,0,,1,1_28/10005
1,28/10007,,TA28,1,,0,,1,1_28/10007
1,01/08780,,TA01,1,,0,,1,1_01/08780
1,PR/0845/0026,,TI02,2,,0,,1,1_PR/0845/0026
1,02/10046FR,,TI02,2,,0,,1,1_02/10046FR
1,01/08781,,TA01,1,,0,,1,1_01/08781
1,01/08781M,,TA01,1,,0,,1,1_01/08781M
1,10/10870M,,TI10,2,,0,,1,1_10/10870M
1,03/4421055,,CA03,3,,0,,1,1_03/4421055
1,02/08517,,TI02,2,,0,,1,1_02/08517
1,12/80772,,CV12,6,,0,,1,1_12/80772
1,12/80773,,CV12,6,,0,,1,1_12/80773
1,12/80774,,CV12,6,,0,,1,1_12/80774
1,02/08360R,,TI02,2,,0,,1,1_02/08360R
1,91/80071,,XTA91,8,,,,1,1_91/80071
1,02/10761,,TI02,2,,0,,1,1_02/10761
1,12/10009,,CV12,6,,,,1,1_12/10009
1,02/08516,,TI02,2,,0,,1,1_02/08516
1,01/08782,,TA01,1,,,,1,1_01/08782
1,03/00182,,CA03,3,,0,,1,1_03/00182
1,03/00182M,,CA03,3,,0,,1,1_03/00182M
1,03/1221040,,CA03,3,,,,1,1_03/1221040
1,PR/1389/0005,,TI02,2,,0,,1,1_PR/1389/0005
1,10/05031,,TI10,2,,,,1,1_10/05031
1,01/08783,,TA01,1,,0,,1,1_01/08783
1,01/08784,,TA01,1,,0,,1,1_01/08784
1,02/08519,,TI02,2,,0,,1,1_02/08519
1,02/08470R,,TI02,2,,0,,1,1_02/08470R
1,12/10100R,,CV12,6,,0,,1,1_12/10100R
1,12/PP00001,,CV12,6,,0,,1,1_12/PP00001
1,12/RQ00009,,CV12,6,,0,,1,1_12/RQ00009
1,02/08520,,TI02,2,,0,,1,1_02/08520
1,70/70608,,TA70,1,,0,,1,1_70/70608
1,12/40404,,CV12,6,,0,,1,1_12/40404
1,12/30404,,CV12,6,,0,,1,1_12/30404
1,PR/1583/0004-A,,TI02,2,,0,,1,1_PR/1583/0004-A
1,12/80775,,CV12,6,,0,,1,1_12/80775
1,01/08785,,TA01,1,,0,,1,1_01/08785
1,91/03011,,XTA91,8,,,,1,1_91/03011
1,94/10002,,XPL94,8,,,,1,1_94/10002
1,02/10204,,TI02,2,,0,,1,1_02/10204
1,01/08788,,TA01,1,,0,,1,1_01/08788
1,02/08521,,TI02,2,,0,,1,1_02/08521
1,10/13660,,TI10,2,,0,,1,1_10/13660
1,10/13860,,TI10,2,,0,,1,1_10/13860
1,10/13660M,,TI10,2,,0,,1,1_10/13660M
1,10/13860M,,TI10,2,,0,,1,1_10/13860M
1,02/08522,,TI02,2,,0,,1,1_02/08522
1,02/08522M,,TI02,2,,0,,1,1_02/08522M
1,12/31005,,CV12,6,,0,,1,1_12/31005
1,01/08789,,TA01,1,,0,,1,1_01/08789
1,04/02060,,PL04,4,,0,,1,1_04/02060
1,91/80080,,XTA91,8,,,,1,1_91/80080
1,12/70201,,CV12,6,,0,,1,1_12/70201
1,02/08523,,TI02,2,,0,,1,1_02/08523
1,02/08523M,,TI02,2,,0,,1,1_02/08523M
1,01/08786,,TA01,1,,0,,1,1_01/08786
1,01/08787,,TA01,1,,0,,1,1_01/08787
1,01/08786R,,TA01,1,,0,,1,1_01/08786R
1,01/08787R,,TA01,1,,0,,1,1_01/08787R
1,02/08521M,,TI02,2,,0,,1,1_02/08521M
1,02/08521M1,,TI02,2,,0,,1,1_02/08521M1
1,01/08790,,TA01,1,,0,,1,1_01/08790
1,01/08791,,TA01,1,,0,,1,1_01/08791
1,01/08792,,TA01,1,,0,,1,1_01/08792
1,01/00340,,TA01,1,,0,,1,1_01/00340
1,91/03003,,XTA91,8,,,,1,1_91/03003
1,92/00011,,XTI92,8,,,,1,1_92/00011
1,01/08795,,TA01,1,,0,,1,1_01/08795
1,02/07117,,TI02,2,,0,,1,1_02/07117
1,01/07116,,TA01,1,,0,,1,1_01/07116
1,01/08796,,TA01,1,,0,,1,1_01/08796
1,02/08524,,TI02,2,,0,,1,1_02/08524
1,02/08524M,,TI02,2,,0,,1,1_02/08524M
1,02/08106M,,TI02,2,,0,,1,1_02/08106M
1,01/08797,,TA01,1,,0,,1,1_01/08797
1,01/08800,,TA01,1,,0,,1,1_01/08800
1,01/08800PB,,TA01,1,,0,,1,1_01/08800PB
1,11/31598,,TA11,1,,0,,1,1_11/31598
1,11/31598M,,TA11,1,,0,,1,1_11/31598M
1,11/31599,,TA11,1,,0,,1,1_11/31599
1,11/31599M,,TA11,1,,0,,1,1_11/31599M
1,01/08798,,TA01,1,,0,,1,1_01/08798
1,02/08525,,TI02,2,,0,,1,1_02/08525
1,12/54250101,,CV12,6,,0,,1,1_12/54250101
1,01/08799,,TA01,1,,0,,1,1_01/08799
1,04/00058,,PL04,4,,,,1,1_04/00058
1,02/08526,,TI02,2,,0,,1,1_02/08526
1,01/09774,,TA01,1,,0,,1,1_01/09774
1,91/80110,,XTA91,8,,,,1,1_91/80110
1,91/80120,,XTA91,8,,,,1,1_91/80120
1,91/80125,,XTA91,8,,,,1,1_91/80125
1,02/08527,,TI02,2,,0,,1,1_02/08527
1,54/90151,,TA54,1,,0,,1,1_54/90151
1,54/90201,,TA54,1,,0,,1,1_54/90201
1,54/90251,,TA54,1,,0,,1,1_54/90251
1,91/10007,,XTA91,8,,,,1,1_91/10007
1,91/10008,,XTA91,8,,,,1,1_91/10008
1,01/00337R,,TA01,1,,0,,1,1_01/00337R
1,01/08801,,TA01,1,,0,,1,1_01/08801
1,02/08134R,,TI02,2,,0,,1,1_02/08134R
1,02/08528,,TI02,2,,0,,1,1_02/08528
1,02/08530,,TI02,2,,0,,1,1_02/08530
1,02/08528M,,TI02,2,,0,,1,1_02/08528M
1,10/10845,,TI10,2,,0,,1,1_10/10845
1,02/08529,,TI02,2,,0,,1,1_02/08529
1,02/08531,,TI02,2,,0,,1,1_02/08531
1,02/08252R,,TI02,2,,0,,1,1_02/08252R
1,01/08802,,TA01,1,,0,,1,1_01/08802
1,02/08533,,TI02,2,,0,,1,1_02/08533
1,01/08793,,TA01,1,,0,,1,1_01/08793
1,01/08794,,TA01,1,,0,,1,1_01/08794
1,01/00334R,,TA01,1,,0,,1,1_01/00334R
1,12/80688,,CV12,6,,0,,1,1_12/80688
1,02/08534,,TI02,2,,0,,1,1_02/08534
1,02/08534M,,TI02,2,,0,,1,1_02/08534M
1,02/07923M,,TI02,2,,0,,1,1_02/07923M
1,10/10414,,TI10,2,,0,,1,1_10/10414
1,10/10414M,,TI10,2,,0,,1,1_10/10414M
1,01/08794R,,TA01,1,,,,1,1_01/08794R
1,01/08793R,,TA01,1,,,,1,1_01/08793R
1,PR/1735/0001,,TI02,2,,0,,1,1_PR/1735/0001
1,PR/1520/0009,,TI02,2,,0,,1,1_PR/1520/0009
1,01/08702,,TA01,1,,0,,1,1_01/08702
1,11/31514M,,TA11,1,,0,,1,1_11/31514M
1,11/31515M,,TA11,1,,0,,1,1_11/31515M
1,11/31516M,,TA11,1,,0,,1,1_11/31516M
1,70/11020,,TA70,1,,0,,1,1_70/11020
1,01/00341,,TA01,1,,0,,1,1_01/00341
1,01/00342,,TA01,1,,0,,1,1_01/00342
1,01/00343,,TA01,1,,0,,1,1_01/00343
1,02/08535,,TI02,2,,0,,1,1_02/08535
1,02/08536,,TI02,2,,0,,1,1_02/08536
1,70/10025,,TA70,1,,0,,1,1_70/10025
1,01/08588M5,,TA01,1,,0,,1,1_01/08588M5
1,12/41207,,CV12,6,,0,,1,1_12/41207
1,02/08537,,TI02,2,,0,,1,1_02/08537
1,02/08538,,TI02,2,,0,,1,1_02/08538
1,01/08803,,TA01,1,,0,,1,1_01/08803
1,01/08804,,TA01,1,,0,,1,1_01/08804
1,01/08805,,TA01,1,,0,,1,1_01/08805
1,12/80537,,CV12,6,,0,,1,1_12/80537
1,01/08806,,TA01,1,,0,,1,1_01/08806
1,11/31506M,,TA11,1,,0,,1,1_11/31506M
1,01/00344,,TA01,1,,0,,1,1_01/00344
1,01/00345,,TA01,1,,0,,1,1_01/00345
1,01/08807M,,TA01,1,,0,,1,1_01/08807M
1,01/08593,,TA01,1,,0,,1,1_01/08593
1,12/PP00002,,CV12,6,,0,,1,1_12/PP00002
1,12/PP00003,,CV12,6,,0,,1,1_12/PP00003
1,12/PP00004,,CV12,6,,0,,1,1_12/PP00004
1,12/PV00002,,CV12,6,,0,,1,1_12/PV00002
1,12/RQ00009M,,CV12,6,,0,,1,1_12/RQ00009M
1,03/00184,,CA03,3,,0,,1,1_03/00184
1,03/00185,,CA03,3,,0,,1,1_03/00185
1,PR/1669/0014-C,,TA01,1,,0,,1,1_PR/1669/0014-C
1,01/1027101,,TA01,1,,0,,1,1_01/1027101
1,02/08539,,TI02,2,,0,,1,1_02/08539
1,12/80777,,CV12,6,,0,,1,1_12/80777
1,02/08388,,TI02,2,,,,1,1_02/08388
1,02/08388R,,TI02,2,,,,1,1_02/08388R
1,91/80052,,XTA91,8,,,,1,1_91/80052
1,01/08809,,TA01,1,,0,,1,1_01/08809
1,02/08540,,TI02,2,,0,,1,1_02/08540
1,01/08810,,TA01,1,,0,,1,1_01/08810
1,02/08542,,TI02,2,,0,,1,1_02/08542
1,01/08811,,TA01,1,,0,,1,1_01/08811
1,01/08593M,,TA01,1,,0,,1,1_01/08593M
1,01/08593M1,,TA01,1,,0,,1,1_01/08593M1
1,01/08593M2,,TA01,1,,0,,1,1_01/08593M2
1,26/80416,,TA26,1,,0,,1,1_26/80416
1,01/08588M2,,TA01,1,,0,,1,1_01/08588M2
1,01/08588M3,,TA01,1,,0,,1,1_01/08588M3
1,01/08588M4,,TA01,1,,0,,1,1_01/08588M4
1,01/08593H,,TA01,1,,0,,1,1_01/08593H
1,70/10008,,TA70,1,,0,,1,1_70/10008
1,02/10042R,,TI02,2,,0,,1,1_02/10042R
1,02/08543,,TI02,2,,0,,1,1_02/08543
1,12/60001,,CV12,6,,0,,1,1_12/60001
1,12/60001M,,CV12,6,,0,,1,1_12/60001M
1,02/08265M,,TI02,2,,0,,1,1_02/08265M
1,02/08265M1,,TI02,2,,0,,1,1_02/08265M1
1,10/16835,,TI10,2,,0,,1,1_10/16835
1,10/16835M,,TI10,2,,0,,1,1_10/16835M
1,ZZ,,,0,,,,1,1_ZZ
1,.ZZ,,ZZ,2,,0,,1,1_.ZZ
1,12/90012,,CV12,6,,0,,1,1_12/90012
1,12/90012M,,CV12,6,,0,,1,1_12/90012M
1,53/00160,,TA53,1,,,,1,1_53/00160
1,02/09836,,TI02,2,,0,,1,1_02/09836
1,01/08803R,,TA01,1,,,,1,1_01/08803R
1,01/08804R,,TA01,1,,,,1,1_01/08804R
1,01/08805R,,TA01,1,,,,1,1_01/08805R
1,12/31508,,CV12,6,,0,,1,1_12/31508
1,01/08815,,TA01,1,,0,,1,1_01/08815
1,01/08816,,TA01,1,,0,,1,1_01/08816
1,01/00346,,TA01,1,,0,,1,1_01/00346
1,04/20018,,PL04,4,,0,,1,1_04/20018
1,91/80127,,XTA91,8,,,,1,1_91/80127
1,80/00201,,PL80,4,,,,1,1_80/00201
1,91/90001,,XTA91,8,,,,1,1_91/90001
1,01/08817,,TA01,1,,0,,1,1_01/08817
1,01/08818,,TA01,1,,0,,1,1_01/08818
1,02/08545,,TI02,2,,0,,1,1_02/08545
1,03/00187,,CA03,3,,0,,1,1_03/00187
1,03/00358,,CA03,3,,0,,1,1_03/00358
1,03/1521050,,CA03,3,,0,,1,1_03/1521050
1,04/33272,,PL04,4,,0,,1,1_04/33272
1,02/08547,,TI02,2,,0,,1,1_02/08547
1,02/08548,,TI02,2,,0,,1,1_02/08548
1,12/80778,,CV12,6,,0,,1,1_12/80778
1,02/08547M,,TI02,2,,0,,1,1_02/08547M
1,02/08548M,,TI02,2,,0,,1,1_02/08548M
1,12/4020081,,CV12,6,,0,,1,1_12/4020081
1,01/08822,,TA01,1,,0,,1,1_01/08822
1,01/08823,,TA01,1,,0,,1,1_01/08823
1,53/32505,,TA53,1,,0,,1,1_53/32505
1,01/08824,,TA01,1,,0,,1,1_01/08824
1,01/08825,,TA01,1,,0,,1,1_01/08825
1,01/08825M,,TA01,1,,0,,1,1_01/08825M
1,01/08824M,,TA01,1,,,,1,1_01/08824M
1,01/00347,,TA01,1,,0,,1,1_01/00347
1,01/08826,,TA01,1,,0,,1,1_01/08826
1,02/08552R,,TI02,2,,0,,1,1_02/08552R
1,12/80779,,CV12,6,,0,,1,1_12/80779
1,91/80021,,XTA91,8,,,,1,1_91/80021
1,01/05350,,TA01,1,,,,1,1_01/05350
1,52/39108,,TA52,1,,0,,1,1_52/39108
1,52/37008,,TA52,1,,0,,1,1_52/37008
1,01/08814,,TA01,1,,,,1,1_01/08814
1,12/80780,,CV12,6,,0,,1,1_12/80780
1,12/51850,,CV12,6,,0,,1,1_12/51850
1,12/70202,,CV12,6,,0,,1,1_12/70202
1,04/20019,,PL04,4,,0,,1,1_04/20019
1,04/20020,,PL04,4,,0,,1,1_04/20020
1,02/08553,,TI02,2,,0,,1,1_02/08553
1,11/00012PB,,TA11,1,,0,,1,1_11/00012PB
1,02/08078R,,TI02,2,,,,1,1_02/08078R
1,01/08821,,TA01,1,,0,,1,1_01/08821
1,01/08821M,,TA01,1,,0,,1,1_01/08821M
1,01/08821M1,,TA01,1,,0,,1,1_01/08821M1
1,12/80077,,CV12,6,,0,,1,1_12/80077
1,01/08832,,TA01,1,,0,,1,1_01/08832
1,53/40060,,TA53,1,,0,,1,1_53/40060
1,02/08549,,TI02,2,,0,,1,1_02/08549
1,02/08550,,TI02,2,,0,,1,1_02/08550
1,02/08551,,TI02,2,,0,,1,1_02/08551
1,12/80076,,CV12,6,,0,,1,1_12/80076
1,01/08820,,TA01,1,,0,,1,1_01/08820
1,01/08820M,,TA01,1,,0,,1,1_01/08820M
1,13/10800,,CA13,3,,0,,1,1_13/10800
1,01/08819M,,TA01,1,,0,,1,1_01/08819M
1,01/08819,,TA01,1,,0,,1,1_01/08819
1,04/00724,,PL04,4,,0,,1,1_04/00724
1,01/08827,,TA01,1,,0,,1,1_01/08827
1,12/615015,,CV12,6,,0,,1,1_12/615015
1,01/08828,,TA01,1,,0,,1,1_01/08828
1,12/80781,,CV12,6,,0,,1,1_12/80781
1,12/80782,,CV12,6,,0,,1,1_12/80782
1,PR/1641/0010,,TA01,1,,0,,1,1_PR/1641/0010
1,01/08698M,,TA01,1,,,,1,1_01/08698M
1,02/08492M,,TI02,2,,0,,1,1_02/08492M
1,02/08554,,TI02,2,,0,,1,1_02/08554
1,01/08829,,TA01,1,,0,,1,1_01/08829
1,12/80783,,CV12,6,,0,,1,1_12/80783
1,01/00348,,TA01,1,,0,,1,1_01/00348
1,02/10113,,TI02,2,,0,,1,1_02/10113
1,91/80010,,XTA91,8,,,,1,1_91/80010
1,12/PV00003,,CV12,6,,0,,1,1_12/PV00003
1,01/07996R,,TA01,1,,0,,1,1_01/07996R
1,01/08830,,TA01,1,,0,,1,1_01/08830
1,01/08830H,,TA01,1,,0,,1,1_01/08830H
1,01/08831,,TA01,1,,0,,1,1_01/08831
1,02/08555,,TI02,2,,0,,1,1_02/08555
1,02/08556,,TI02,2,,0,,1,1_02/08556
1,10/16820,,TI10,2,,0,,1,1_10/16820
1,10/16820M,,TI10,2,,0,,1,1_10/16820M
1,10/10192M,,TI10,2,,0,,1,1_10/10192M
1,12/5125081,,CV12,6,,0,,1,1_12/5125081
1,03/00188,,CA03,3,,0,,1,1_03/00188
1,26/602081,,TA26,1,,0,,1,1_26/602081
1,26/002081,,TA26,1,,0,,1,1_26/002081
1,91/00055,,XTA91,8,,0,,1,1_91/00055
1,12/80784,,CV12,6,,0,,1,1_12/80784
1,02/08557,,TI02,2,,0,,1,1_02/08557
1,01/08833,,TA01,1,,,,1,1_01/08833
1,02/02063R,,TI02,2,,0,,1,1_02/02063R
1,10/11250,,TI10,2,,0,,1,1_10/11250
1,10/11250M,,TI10,2,,0,,1,1_10/11250M
1,04/20021,,PL04,4,,0,,1,1_04/20021
1,01/1028701,,TA01,1,,0,,1,1_01/1028701
1,01/08834,,TA01,1,,0,,1,1_01/08834
1,01/08835,,TA01,1,,0,,1,1_01/08835
1,01/08836,,TA01,1,,0,,1,1_01/08836
1,01/08837,,TA01,1,,0,,1,1_01/08837
1,01/08836M,,TA01,1,,0,,1,1_01/08836M
1,12/620015,,CV12,6,,0,,1,1_12/620015
1,02/08677,,TI02,2,,0,,1,1_02/08677
1,28/10020,,TI10,2,,0,,1,1_28/10020
1,01/00349,,TA01,1,,0,,1,1_01/00349
1,02/08561,,TI02,2,,0,,1,1_02/08561
1,02/07524,,TI02,2,,0,,1,1_02/07524
1,01/08839,,TA01,1,,0,,1,1_01/08839
1,01/08838,,TA01,1,,0,,1,1_01/08838
1,55/00154,,TI55,2,,0,,1,1_55/00154
1,03/00189M,,CA03,3,,0,,1,1_03/00189M
1,01/08841,,TA01,1,,0,,1,1_01/08841
1,01/08842,,TA01,1,,0,,1,1_01/08842
1,91/80081,,XTA91,8,,,,1,1_91/80081
1,12/30505,,CV12,6,,0,,1,1_12/30505
1,12/80299,,CV12,6,,0,,1,1_12/80299
1,10/11440,,TI10,2,,0,,1,1_10/11440
1,10/11440M,,TI10,2,,0,,1,1_10/11440M
1,02/08562,,TI02,2,,0,,1,1_02/08562
1,PR/0617/0116,,TI02,2,,0,,1,1_PR/0617/0116
1,02/08564,,TI02,2,,0,,1,1_02/08564
1,02/08563,,TI02,2,,0,,1,1_02/08563
1,12/80785,,CV12,6,,0,,1,1_12/80785
1,03/1621155,,CA03,3,,0,,1,1_03/1621155
1,91/80042,,XTA91,8,,,,1,1_91/80042
1,01/1036101,,TA01,1,,0,,1,1_01/1036101
1,12/80024,,CV12,6,,0,,1,1_12/80024
1,12/630030,,CV12,6,,0,,1,1_12/630030
1,01/08840,,TA01,1,,0,,1,1_01/08840
1,01/08840PB,,TA01,1,,0,,1,1_01/08840PB
1,01/00351,,TA01,1,,0,,1,1_01/00351
1,01/00352,,TA01,1,,0,,1,1_01/00352
1,01/00353,,TA01,1,,0,,1,1_01/00353
1,02/08565,,TI02,2,,0,,1,1_02/08565
1,02/08565M,,TI02,2,,0,,1,1_02/08565M
1,02/08560,,TI02,2,,0,,1,1_02/08560
1,02/08566,,TI02,2,,0,,1,1_02/08566
1,01/00350,,TA01,1,,0,,1,1_01/00350
1,01/08325R,,TA01,1,,0,,1,1_01/08325R
1,02/08567,,TI02,2,,0,,1,1_02/08567
1,01/08332M,,TA01,1,,0,,1,1_01/08332M
1,12/701491,,CV12,6,,0,,1,1_12/701491
1,02/08566M1,,TI02,2,,0,,1,1_02/08566M1
1,02/08568,,TI02,2,,0,,1,1_02/08568
1,02/08451,,TI02,2,,0,,1,1_02/08451
1,04/00056A,,PL04,4,,0,,1,1_04/00056A
1,04/00057A,,PL04,4,,0,,1,1_04/00057A
1,PR/0617/0117,,TI02,2,,0,,1,1_PR/0617/0117
1,10/10282,,TI10,2,,0,,1,1_10/10282
1,10/10283,,TI10,2,,0,,1,1_10/10283
1,01/00283R,,TA01,1,,0,,1,1_01/00283R
1,03/5431080,,CA03,3,,0,,1,1_03/5431080
1,01/08844R,,TA01,1,,0,,1,1_01/08844R
1,01/08843R,,TA01,1,,0,,1,1_01/08843R
1,10/10150M,,TI10,2,,0,,1,1_10/10150M
1,26/0000410,,TA26,1,,0,,1,1_26/0000410
1,02/08571,,TI02,2,,0,,1,1_02/08571
1,02/08572,,TI02,2,,0,,1,1_02/08572
1,02/08569M,,TI02,2,,0,,1,1_02/08569M
1,PR/1683/0005,,TI02,2,,0,,1,1_PR/1683/0005
1,02/08571M,,TI02,2,,0,,1,1_02/08571M
1,02/08572M,,TI02,2,,0,,1,1_02/08572M
1,02/08546R,,TI02,2,,0,,1,1_02/08546R
1,02/08542R,,TI02,2,,0,,1,1_02/08542R
1,12/90013,,CV12,6,,0,,1,1_12/90013
1,12/90013M,,CV12,6,,0,,1,1_12/90013M
1,02/08546,,TI02,2,,0,,1,1_02/08546
1,54/90301,,TA54,1,,0,,1,1_54/90301
1,.YESM,,Y,7,,,,1,1_.YESM
1,02/08078M,,TI02,2,,0,,1,1_02/08078M
1,10/90150M,,TI10,2,,0,,1,1_10/90150M
1,01/08845,,TA01,1,,0,,1,1_01/08845
1,01/08845R,,TA01,1,,0,,1,1_01/08845R
1,02/08574,,TI02,2,,0,,1,1_02/08574
1,02/08574M,,TI02,2,,0,,1,1_02/08574M
1,02/08575,,TI02,2,,0,,1,1_02/08575
1,02/08575M,,TI02,2,,0,,1,1_02/08575M
1,02/07834A01,,TI02,2,,,,1,1_02/07834A01
1,02/07834M,,TI02,2,,0,,1,1_02/07834M
1,02/07834AM,,TI02,2,,0,,1,1_02/07834AM
1,01/00338R,,TA01,1,,0,,1,1_01/00338R
1,PR/1683/0002,,CA03,3,,0,,1,1_PR/1683/0002
1,01/08846,,TA01,1,,0,,1,1_01/08846
1,01/08847,,TA01,1,,0,,1,1_01/08847
1,01/08848,,TA01,1,,0,,1,1_01/08848
1,01/08849,,TA01,1,,0,,1,1_01/08849
1,56/90001,,TA56,1,,0,,1,1_56/90001
1,02/08580,,TI02,2,,0,,1,1_02/08580
1,02/08577,,TI02,2,,0,,1,1_02/08577
1,12/5317094,,CV12,6,,0,,1,1_12/5317094
1,02/10321,,TI02,2,,0,,1,1_02/10321
1,03/00190M,,CA03,3,,0,,1,1_03/00190M
1,02/08558M,,TI02,2,,0,,1,1_02/08558M
1,02/10362M,,TI02,2,,0,,1,1_02/10362M
1,51/36010,,TA51,1,,0,,1,1_51/36010
1,01/08843,,TA01,1,,,,1,1_01/08843
1,01/08844,,TA01,1,,,,1,1_01/08844
1,01/08850,,TA01,1,,0,,1,1_01/08850
1,01/08838R,,TA01,1,,0,,1,1_01/08838R
1,02/08580M,,TI02,2,,0,,1,1_02/08580M
1,01/08851,,TA01,1,,0,,1,1_01/08851
1,02/08578,,TI02,2,,0,,1,1_02/08578
1,02/08158R,,TI02,2,,0,,1,1_02/08158R
1,02/08558,,TI02,2,,0,,1,1_02/08558
1,02/08559,,TI02,2,,0,,1,1_02/08559
1,01/08852R,,TA01,1,,0,,1,1_01/08852R
1,01/08853R,,TA01,1,,0,,1,1_01/08853R
1,55/40105A,,TI55,2,,0,,1,1_55/40105A
1,55/40105AMPA,,TI55,2,,0,,1,1_55/40105AMPA
1,02/08578M2,,TI02,2,,0,,1,1_02/08578M2
1,01/05755,,TA01,1,,,,1,1_01/05755
1,10/06025M,,TI10,2,,0,,1,1_10/06025M
1,02/08013M,,TI02,2,,0,,1,1_02/08013M
1,12/513512,,CV12,6,,0,,1,1_12/513512
1,02/08579,,TI02,2,,0,,1,1_02/08579
1,10/00371,,TI10,2,,0,,1,1_10/00371
1,03/00192,,CA03,3,,0,,1,1_03/00192
1,03/00192M,,CA03,3,,0,,1,1_03/00192M
1,01/08855,,TA01,1,,0,,1,1_01/08855
1,01/08855M,,TA01,1,,0,,1,1_01/08855M
1,02/08581,,TI02,2,,0,,1,1_02/08581
1,02/08582,,TI02,2,,0,,1,1_02/08582
1,02/08583,,TI02,2,,0,,1,1_02/08583
1,01/10034,,TA01,1,,0,,1,1_01/10034
1,PR/1682/0015,,TI02,2,,0,,1,1_PR/1682/0015
1,01/07880R,,TA01,1,,0,,1,1_01/07880R
1,01/00336A,,TA01,1,,,,1,1_01/00336A
1,01/00337A,,TA01,1,,,,1,1_01/00337A
1,01/08852,,TA01,1,,0,,1,1_01/08852
1,55/40204,,TI55,2,,0,,1,1_55/40204
1,01/08853,,TA01,1,,0,,1,1_01/08853
1,13/10034M,,CA13,3,,0,,1,1_13/10034M
1,02/08592,,TI02,2,,0,,1,1_02/08592
1,01/08856,,TA01,1,,0,,1,1_01/08856
1,01/08854,,TA01,1,,0,,1,1_01/08854
1,12/PP00147,,CV12,6,,0,,1,1_12/PP00147
1,12/332007,,CV12,6,,0,,1,1_12/332007
1,12/80786,,CV12,6,,0,,1,1_12/80786
1,01/08857,,TA01,1,,0,,1,1_01/08857
1,01/08858,,TA01,1,,0,,1,1_01/08858
1,01/08859,,TA01,1,,0,,1,1_01/08859
1,01/08860,,TA01,1,,0,,1,1_01/08860
1,10/11420,,TI10,2,,0,,1,1_10/11420
1,10/11420M,,TI10,2,,0,,1,1_10/11420M
1,10/10535M,,TI10,2,,0,,1,1_10/10535M
1,01/00354,,TA01,1,,0,,1,1_01/00354
1,01/00336AR,,TA01,1,,0,,1,1_01/00336AR
1,01/00337AR,,TA01,1,,0,,1,1_01/00337AR
1,01/08861R,,TA01,1,,0,,1,1_01/08861R
1,02/08587,,TI02,2,,0,,1,1_02/08587
1,01/10035,,TA01,1,,0,,1,1_01/10035
1,03/2331050,,CA03,3,,0,,1,1_03/2331050
1,02/08591,,TI02,2,,0,,1,1_02/08591
1,56/10016,,TA56,1,,0,,1,1_56/10016
1,01/08862,,TA01,1,,0,,1,1_01/08862
1,01/00336B,,TA01,1,,0,,1,1_01/00336B
1,01/00337B,,TA01,1,,0,,1,1_01/00337B
1,12/30303,,CV12,6,,0,,1,1_12/30303
1,02/09982,,TI02,2,,0,,1,1_02/09982
1,02/08594,,TI02,2,,0,,1,1_02/08594
1,02/08595,,TI02,2,,0,,1,1_02/08595
1,02/08596,,TI02,2,,0,,1,1_02/08596
1,02/08597,,TI02,2,,0,,1,1_02/08597
1,02/08598,,TI02,2,,0,,1,1_02/08598
1,02/08599,,TI02,2,,0,,1,1_02/08599
1,02/08601,,TI02,2,,0,,1,1_02/08601
1,02/08602,,TI02,2,,0,,1,1_02/08602
1,12/60002,,CV12,6,,0,,1,1_12/60002
1,02/08603,,TI02,2,,0,,1,1_02/08603
1,10/06100,,TI10,2,,0,,1,1_10/06100
1,12/70203,,CV12,6,,0,,1,1_12/70203
1,01/08850R,,TA01,1,,0,,1,1_01/08850R
1,02/08604,,TI02,2,,0,,1,1_02/08604
1,02/08605,,TI02,2,,0,,1,1_02/08605
1,02/08604M,,TI02,2,,0,,1,1_02/08604M
1,04/02138,,PL04,4,,0,,1,1_04/02138
1,91/80101,,XTA91,8,,,,1,1_91/80101
1,01/08863,,TA01,1,,0,,1,1_01/08863
1,04/20022,,PL04,4,,0,,1,1_04/20022
1,02/07412M,,TI02,2,,0,,1,1_02/07412M
1,02/08476,,TI02,2,,0,,1,1_02/08476
1,02/08475,,TI02,2,,0,,1,1_02/08475
1,02/07730,,TI02,2,,0,,1,1_02/07730
1,01/08864,,TA01,1,,0,,1,1_01/08864
1,12/60003,,CV12,6,,0,,1,1_12/60003
1,12/60004,,CV12,6,,0,,1,1_12/60004
1,12/60005,,CV12,6,,0,,1,1_12/60005
1,02/08780,,TI02,2,,0,,1,1_02/08780
1,10/16630,,TI10,2,,0,,1,1_10/16630
1,10/16635,,TI10,2,,0,,1,1_10/16635
1,10/16620M,,TI10,2,,0,,1,1_10/16620M
1,10/16630M,,TI10,2,,0,,1,1_10/16630M
1,10/16635M,,TI10,2,,0,,1,1_10/16635M
1,04/33300,,PL04,4,,0,,1,1_04/33300
1,02/08606,,TI02,2,,0,,1,1_02/08606
1,02/08606M,,TI02,2,,0,,1,1_02/08606M
1,02/08607,,TI02,2,,0,,1,1_02/08607
1,02/08607M,,TI02,2,,0,,1,1_02/08607M
1,02/08607M1,,TI02,2,,0,,1,1_02/08607M1
1,02/08607M2,,TI02,2,,0,,1,1_02/08607M2
1,02/08607R,,TI02,2,,0,,1,1_02/08607R
1,02/08608R,,TI02,2,,0,,1,1_02/08608R
1,02/08608M,,TI02,2,,0,,1,1_02/08608M
1,02/08609,,TI02,2,,0,,1,1_02/08609
1,12/5628091,,CV12,6,,0,,1,1_12/5628091
1,03/00193,,CA03,3,,0,,1,1_03/00193
1,PR/0240/0017,,TI02,2,,0,,1,1_PR/0240/0017
1,01/08865,,TA01,1,,0,,1,1_01/08865
1,01/08866R,,TA01,1,,0,,1,1_01/08866R
1,03/00194,,CA03,3,,0,,1,1_03/00194
1,12/541507,,CV12,6,,0,,1,1_12/541507
1,12/521506,,CV12,6,,0,,1,1_12/521506
1,12/PP00005,,CV12,6,,0,,1,1_12/PP00005
1,53/35006,,TA53,1,,0,,1,1_53/35006
1,53/38006,,TA53,1,,0,,1,1_53/38006
1,01/00352A,,TA01,1,,0,,1,1_01/00352A
1,01/00353A,,TA01,1,,0,,1,1_01/00353A
1,04/00939,,PL04,4,,0,,1,1_04/00939
1,04/20023,,PL04,4,,0,,1,1_04/20023
1,12/UL00001,,CV12,6,,0,,1,1_12/UL00001
1,10/11425,,TI10,2,,0,,1,1_10/11425
1,10/11425M,,TI10,2,,0,,1,1_10/11425M
1,02/08610,,TI02,2,,0,,1,1_02/08610
1,02/08610M,,TI02,2,,0,,1,1_02/08610M
1,02/08611,,TI02,2,,0,,1,1_02/08611
1,02/08611M,,TI02,2,,0,,1,1_02/08611M
1,02/08585,,TI02,2,,0,,1,1_02/08585
1,02/08585M,,TI02,2,,0,,1,1_02/08585M
1,11/10014,,TA11,1,,0,,1,1_11/10014
1,02/0994904,,TI02,2,,0,,1,1_02/0994904
1,03/00195,,CA03,3,,0,,1,1_03/00195
1,02/07955R,,TI02,2,,0,,1,1_02/07955R
1,CM.107,,YMA-CM,1,,0,,1,1_CM.107
1,10/11230M,,TI10,2,,0,,1,1_10/11230M
1,02/08612,,TI02,2,,0,,1,1_02/08612
1,12/AI30001,,CV12,6,,0,,1,1_12/AI30001
1,12/AI30002,,CV12,6,,0,,1,1_12/AI30002
1,01/00355,,TA01,1,,0,,1,1_01/00355
1,10/11865,,TI10,2,,0,,1,1_10/11865
1,10/11865M,,TI10,2,,0,,1,1_10/11865M
1,10/16645,,TI10,2,,0,,1,1_10/16645
1,10/16645M,,TI10,2,,0,,1,1_10/16645M
1,10/90040M,,TI10,2,,,,1,1_10/90040M
1,53/6101010,,TA53,1,,0,,1,1_53/6101010
1,12/RQ00010,,CV12,6,,0,,1,1_12/RQ00010
1,12/RQ00011,,CV12,6,,0,,1,1_12/RQ00011
1,12/RQ00012,,CV12,6,,0,,1,1_12/RQ00012
1,12/RQ00013,,CV12,6,,0,,1,1_12/RQ00013
1,94/10003,,XPL94,8,,,,1,1_94/10003
1,02/08240R,,TI02,2,,0,,1,1_02/08240R
1,02/08238R,,TI02,2,,0,,1,1_02/08238R
1,02/08238M,,TI02,2,,0,,1,1_02/08238M
1,01/08868,,TA01,1,,0,,1,1_01/08868
1,12/80078,,CV12,6,,0,,1,1_12/80078
1,12/80079,,CV12,6,,0,,1,1_12/80079
1,12/80080,,CV12,6,,0,,1,1_12/80080
1,12/80081,,CV12,6,,0,,1,1_12/80081
1,10/14533,,TI10,2,,0,,1,1_10/14533
1,10/14533M,,TI10,2,,0,,1,1_10/14533M
1,10/10055,,TI10,2,,0,,1,1_10/10055
1,10/10055M,,TI10,2,,0,,1,1_10/10055M
1,04/33000,,PL04,4,,0,,1,1_04/33000
1,01/08869,,TA01,1,,0,,1,1_01/08869
1,12/531508,,CV12,6,,0,,1,1_12/531508
1,10/16615,,TI10,2,,0,,1,1_10/16615
1,10/16615M,,TI10,2,,0,,1,1_10/16615M
1,01/00334A,,TA01,1,,0,,1,1_01/00334A
1,12/80787,,CV12,6,,0,,1,1_12/80787
1,02/08614,,TI02,2,,0,,1,1_02/08614
1,02/08615,,TI02,2,,0,,1,1_02/08615
1,01/08866,,TA01,1,,,,1,1_01/08866
1,01/08861,,TA01,1,,,,1,1_01/08861
1,12/251506,,CV12,6,,0,,1,1_12/251506
1,12/251509,,CV12,6,,0,,1,1_12/251509
1,12/300302,,CV12,6,,0,,1,1_12/300302
1,12/300303,,CV12,6,,0,,1,1_12/300303
1,12/300404,,CV12,6,,0,,1,1_12/300404
1,12/300503,,CV12,6,,0,,1,1_12/300503
1,12/300504,,CV12,6,,0,,1,1_12/300504
1,12/300505,,CV12,6,,0,,1,1_12/300505
1,12/300804,,CV12,6,,0,,1,1_12/300804
1,12/301005,,CV12,6,,0,,1,1_12/301005
1,12/301506,,CV12,6,,0,,1,1_12/301506
1,12/301507,,CV12,6,,0,,1,1_12/301507
1,12/301508,,CV12,6,,0,,1,1_12/301508
1,12/302007,,CV12,6,,0,,1,1_12/302007
1,12/302008,,CV12,6,,0,,1,1_12/302008
1,12/302009,,CV12,6,,0,,1,1_12/302009
1,12/303010,,CV12,6,,0,,1,1_12/303010
1,10/01004,,TI10,2,,0,,1,1_10/01004
1,12/423012,,CV12,6,,0,,1,1_12/423012
1,12/420805,,CV12,6,,0,,1,1_12/420805
1,12/421506,,CV12,6,,0,,1,1_12/421506
1,12/421508,,CV12,6,,0,,1,1_12/421508
1,12/421707,,CV12,6,,0,,1,1_12/421707
1,12/422007,,CV12,6,,0,,1,1_12/422007
1,PR/1474/0012,,TI02,2,,0,,1,1_PR/1474/0012
1,PR/DEPU/0001,,TI02,2,,0,,1,1_PR/DEPU/0001
1,01/09962,,TA01,1,,0,,1,1_01/09962
1,12/4230121R,,CV12,6,,0,,1,1_12/4230121R
1,12/5030091,,CV12,6,,0,,1,1_12/5030091
1,12/521707,,CV12,6,,0,,1,1_12/521707
1,12/5230093,,CV12,6,,0,,1,1_12/5230093
1,12/5230111,,CV12,6,,0,,1,1_12/5230111
1,12/531006,,CV12,6,,0,,1,1_12/531006
1,12/531707,,CV12,6,,0,,1,1_12/531707
1,12/542510,,CV12,6,,0,,1,1_12/542510
1,12/5625091,,CV12,6,,0,,1,1_12/5625091
1,12/562008,,CV12,6,,0,,1,1_12/562008
1,10/14645,,TI10,2,,0,,1,1_10/14645
1,10/14645M,,TI10,2,,0,,1,1_10/14645M
1,01/00356,,TA01,1,,0,,1,1_01/00356
1,02/08616,,TI02,2,,0,,1,1_02/08616
1,02/08617,,TI02,2,,0,,1,1_02/08617
1,02/08618,,TI02,2,,0,,1,1_02/08618
1,02/08619,,TI02,2,,,,1,1_02/08619
1,02/08616M,,TI02,2,,0,,1,1_02/08616M
1,02/08617M,,TI02,2,,0,,1,1_02/08617M
1,02/08618M,,TI02,2,,0,,1,1_02/08618M
1,02/08619M,,TI02,2,,0,,1,1_02/08619M
1,01/00357,,TA01,1,,0,,1,1_01/00357
1,12/4207101,,CV12,6,,0,,1,1_12/4207101
1,02/08613,,TI02,2,,0,,1,1_02/08613
1,01/08872,,TA01,1,,0,,1,1_01/08872
1,01/00358,,TA01,1,,0,,1,1_01/00358
1,01/08873,,TA01,1,,0,,1,1_01/08873
1,01/08873M,,TA01,1,,0,,1,1_01/08873M
1,02/08620,,TI02,2,,0,,1,1_02/08620
1,02/08621,,TI02,2,,0,,1,1_02/08621
1,02/08620M,,TI02,2,,0,,1,1_02/08620M
1,02/08621M,,TI02,2,,0,,1,1_02/08621M
1,01/08874,,TA01,1,,0,,1,1_01/08874
1,11/31504M,,TA11,1,,0,,1,1_11/31504M
1,01/08876,,TA01,1,,0,,1,1_01/08876
1,01/08875,,TA01,1,,0,,1,1_01/08875
1,02/08622,,TI02,2,,0,,1,1_02/08622
1,12/80360,,CV12,6,,0,,1,1_12/80360
1,01/08812,,TA01,1,,0,,1,1_01/08812
1,01/00358A,,TA01,1,,0,,1,1_01/00358A
1,01/08870,,TA01,1,,0,,1,1_01/08870
1,01/08870R,,TA01,1,,0,,1,1_01/08870R
1,02/08623,,TI02,2,,0,,1,1_02/08623
1,02/08624M,,TI02,2,,0,,1,1_02/08624M
1,02/08624,,TI02,2,,0,,1,1_02/08624
1,12/80788,,CV12,6,,0,,1,1_12/80788
1,02/08625,,TI02,2,,0,,1,1_02/08625
1,02/08625M,,TI02,2,,0,,1,1_02/08625M
1,01/08319R,,TA01,1,,0,,1,1_01/08319R
1,12/50006,,CV12,6,,0,,1,1_12/50006
1,92/00102R,,XTI92,8,,,,1,1_92/00102R
1,01/07954M,,TA01,1,,0,,1,1_01/07954M
1,01/08878,,TA01,1,,0,,1,1_01/08878
1,01/08878R,,TA01,1,,0,,1,1_01/08878R
1,91/09995,,XTA91,8,,,,1,1_91/09995
1,12/RQ00010M,,CV12,6,,0,,1,1_12/RQ00010M
1,12/RQ00011M,,CV12,6,,0,,1,1_12/RQ00011M
1,01/08877,,TA01,1,,0,,1,1_01/08877
1,01/08056R,,TA01,1,,0,,1,1_01/08056R
1,01/08788R,,TA01,1,,0,,1,1_01/08788R
1,02/09970,,TI02,2,,0,,1,1_02/09970
1,02/09837M,,TI02,2,,0,,1,1_02/09837M
1,58/40020,,TA58,1,,0,,1,1_58/40020
1,02/08640,,TI02,2,,0,,1,1_02/08640
1,01/08880,,TA01,1,,0,,1,1_01/08880
1,01/08881,,TA01,1,,0,,1,1_01/08881
1,01/08882,,TA01,1,,0,,1,1_01/08882
1,12/420804,,CV12,6,,0,,1,1_12/420804
1,91/90000,,XTA91,8,,,,1,1_91/90000
1,01/08883,,TA01,1,,0,,1,1_01/08883
1,01/08883R,,TA01,1,,0,,1,1_01/08883R
1,02/08608,,TI02,2,,,,1,1_02/08608
1,12/RT00001,,CV12,6,,0,,1,1_12/RT00001
1,12/PP00006,,CV12,6,,0,,1,1_12/PP00006
1,12/PP00007,,CV12,6,,0,,1,1_12/PP00007
1,02/08628,,TI02,2,,0,,1,1_02/08628
1,03/00196,,CA03,3,,0,,1,1_03/00196
1,02/08629,,TI02,2,,0,,1,1_02/08629
1,02/08631,,TI02,2,,0,,1,1_02/08631
1,02/08624M1,,TI02,2,,0,,1,1_02/08624M1
1,02/08627,,TI02,2,,0,,1,1_02/08627
1,02/08630,,TI02,2,,0,,1,1_02/08630
1,02/08630R,,TI02,2,,0,,1,1_02/08630R
1,02/08630M,,TI02,2,,0,,1,1_02/08630M
1,01/08884,,TA01,1,,0,,1,1_01/08884
1,01/08885,,TA01,1,,0,,1,1_01/08885
1,01/08884M,,TA01,1,,0,,1,1_01/08884M
1,02/08634,,TI02,2,,0,,1,1_02/08634
1,02/08632,,TI02,2,,0,,1,1_02/08632
1,02/08633,,TI02,2,,0,,1,1_02/08633
1,01/08471M,,TA01,1,,0,,1,1_01/08471M
1,12/80789,,CV12,6,,0,,1,1_12/80789
1,01/08888,,TA01,1,,0,,1,1_01/08888
1,01/08889,,TA01,1,,0,,1,1_01/08889
1,01/08887,,TA01,1,,0,,1,1_01/08887
1,01/08886,,TA01,1,,0,,1,1_01/08886
1,12/50100,,CV12,6,,0,,1,1_12/50100
1,12/RQ00014,,CV12,6,,0,,1,1_12/RQ00014
1,12/PP00008,,CV12,6,,0,,1,1_12/PP00008
1,01/08890,,TA01,1,,0,,1,1_01/08890
1,01/08891,,TA01,1,,0,,1,1_01/08891
1,01/08890R,,TA01,1,,0,,1,1_01/08890R
1,01/08891R,,TA01,1,,0,,1,1_01/08891R
1,12/80361,,CV12,6,,0,,1,1_12/80361
1,12/80362,,CV12,6,,0,,1,1_12/80362
1,02/08635,,TI02,2,,0,,1,1_02/08635
1,02/08636,,TI02,2,,0,,1,1_02/08636
1,01/08892,,TA01,1,,0,,1,1_01/08892
1,91/80011,,XTA91,8,,,,1,1_91/80011
1,91/70011,,XTA91,8,,,,1,1_91/70011
1,02/08637,,TI02,2,,0,,1,1_02/08637
1,02/08637M,,TI02,2,,0,,1,1_02/08637M
1,02/09682,,TI02,2,,0,,1,1_02/09682
1,03/1321040,,CA03,3,,0,,1,1_03/1321040
1,01/00358B,,TA01,1,,0,,1,1_01/00358B
1,01/00359,,TA01,1,,0,,1,1_01/00359
1,12/80363,,CV12,6,,0,,1,1_12/80363
1,12/80364,,CV12,6,,0,,1,1_12/80364
1,02/08638,,TI02,2,,0,,1,1_02/08638
1,02/08638M,,TI02,2,,0,,1,1_02/08638M
1,02/08634M1,,TI02,2,,0,,1,1_02/08634M1
1,02/08634M2,,TI02,2,,0,,1,1_02/08634M2
1,02/08634M,,TI02,2,,0,,1,1_02/08634M
1,02/08634M3,,TI02,2,,0,,1,1_02/08634M3
1,01/08893,,TA01,1,,0,,1,1_01/08893
1,70/21000,,TA70,1,,0,,1,1_70/21000
1,03/00144M,,CA03,3,,0,,1,1_03/00144M
1,01/00358C,,TA01,1,,0,,1,1_01/00358C
1,01/08894,,TA01,1,,0,,1,1_01/08894
1,01/08895,,TA01,1,,0,,1,1_01/08895
1,02/08641,,TI02,2,,0,,1,1_02/08641
1,12/PP00009,,CV12,6,,0,,1,1_12/PP00009
1,12/PL00001,,CV12,6,,0,,1,1_12/PL00001
1,12/PL00002,,CV12,6,,0,,1,1_12/PL00002
1,01/08812-12,,TA01,1,,0,,1,1_01/08812-12
1,01/08812-11,,TA01,1,,0,,1,1_01/08812-11
1,01/08812-10,,TA01,1,,0,,1,1_01/08812-10
1,01/08812-9,,TA01,1,,0,,1,1_01/08812-9
1,01/08812-8,,TA01,1,,0,,1,1_01/08812-8
1,01/08812-7,,TA01,1,,0,,1,1_01/08812-7
1,01/08812-6,,TA01,1,,0,,1,1_01/08812-6
1,01/08812-5,,TA01,1,,0,,1,1_01/08812-5
1,01/08812-13,,TA01,1,,0,,1,1_01/08812-13
1,01/00358D,,TA01,1,,0,,1,1_01/00358D
1,01/08812-14,,TA01,1,,0,,1,1_01/08812-14
1,01/08812-15,,TA01,1,,0,,1,1_01/08812-15
1,01/08812-16,,TA01,1,,0,,1,1_01/08812-16
1,01/08812-17,,TA01,1,,0,,1,1_01/08812-17
1,01/08812-18,,TA01,1,,0,,1,1_01/08812-18
1,01/08812-19,,TA01,1,,0,,1,1_01/08812-19
1,01/08812-21,,TA01,1,,0,,1,1_01/08812-21
1,01/08812-20,,TA01,1,,0,,1,1_01/08812-20
1,01/08812-22,,TA01,1,,0,,1,1_01/08812-22
1,01/08812-23,,TA01,1,,0,,1,1_01/08812-23
1,01/08812-24,,TA01,1,,0,,1,1_01/08812-24
1,01/08812-25,,TA01,1,,0,,1,1_01/08812-25
1,01/08812-26,,TA01,1,,0,,1,1_01/08812-26
1,01/08812-27,,TA01,1,,0,,1,1_01/08812-27
1,01/08812-4,,TA01,1,,0,,1,1_01/08812-4
1,01/08895-20,,TA01,1,,0,,1,1_01/08895-20
1,01/08817-4,,TA01,1,,0,,1,1_01/08817-4
1,01/08895-4,,TA01,1,,0,,1,1_01/08895-4
1,01/08895-8,,TA01,1,,0,,1,1_01/08895-8
1,01/08895-7,,TA01,1,,0,,1,1_01/08895-7
1,01/08895-12,,TA01,1,,0,,1,1_01/08895-12
1,01/08895-21,,TA01,1,,0,,1,1_01/08895-21
1,02/07762R,,TI02,2,,0,,1,1_02/07762R
1,01/07414M,,TA01,1,,0,,1,1_01/07414M
1,01/08895-6,,TA01,1,,0,,1,1_01/08895-6
1,01/08895-5,,TA01,1,,0,,1,1_01/08895-5
1,01/08817-44,,TA01,1,,0,,1,1_01/08817-44
1,01/08817-20,,TA01,1,,0,,1,1_01/08817-20
1,01/08817-21,,TA01,1,,0,,1,1_01/08817-21
1,01/08817-14,,TA01,1,,0,,1,1_01/08817-14
1,01/08817-13,,TA01,1,,0,,1,1_01/08817-13
1,01/08817-12,,TA01,1,,0,,1,1_01/08817-12
1,01/08817-11,,TA01,1,,0,,1,1_01/08817-11
1,01/08817-15,,TA01,1,,0,,1,1_01/08817-15
1,01/08817-27,,TA01,1,,0,,1,1_01/08817-27
1,01/08817-22,,TA01,1,,0,,1,1_01/08817-22
1,01/08817-23,,TA01,1,,0,,1,1_01/08817-23
1,01/08817-25,,TA01,1,,,,1,1_01/08817-25
1,01/08817-43,,TA01,1,,0,,1,1_01/08817-43
1,01/08817-41,,TA01,1,,0,,1,1_01/08817-41
1,01/08817-40,,TA01,1,,0,,1,1_01/08817-40
1,01/08817-39,,TA01,1,,0,,1,1_01/08817-39
1,01/08817-37,,TA01,1,,0,,1,1_01/08817-37
1,01/08817-5,,TA01,1,,0,,1,1_01/08817-5
1,01/08817-6,,TA01,1,,0,,1,1_01/08817-6
1,01/08817-10,,TA01,1,,0,,1,1_01/08817-10
1,01/08817-16,,TA01,1,,0,,1,1_01/08817-16
1,01/08817-17,,TA01,1,,0,,1,1_01/08817-17
1,01/08817-9,,TA01,1,,0,,1,1_01/08817-9
1,01/08817-8,,TA01,1,,0,,1,1_01/08817-8
1,01/08817-7,,TA01,1,,0,,1,1_01/08817-7
1,12/420710,,CV12,6,,0,,1,1_12/420710
1,02/08642,,TI02,2,,0,,1,1_02/08642
1,91/10013,,XTA91,8,,,,1,1_91/10013
1,57/32510,,TA57,1,,0,,1,1_57/32510
1,02/08643,,TI02,2,,0,,1,1_02/08643
1,53/91011,,TA53,1,,0,,1,1_53/91011
1,01/00358E,,TA01,1,,0,,1,1_01/00358E
1,01/00359B,,TA01,1,,0,,1,1_01/00359B
1,01/00359A,,TA01,1,,0,,1,1_01/00359A
1,11/00020A,,TA11,1,,0,,1,1_11/00020A
1,02/08639,,TI02,2,,0,,1,1_02/08639
1,01/08896,,TA01,1,,0,,1,1_01/08896
1,01/08897,,TA01,1,,0,,1,1_01/08897
1,02/08644,,TI02,2,,0,,1,1_02/08644
1,52/99999,,TA52,1,,0,,1,1_52/99999
1,01/08898,,TA01,1,,0,,1,1_01/08898
1,01/08898R,,TA01,1,,0,,1,1_01/08898R
1,01/00360,,TA01,1,,0,,1,1_01/00360
1,04/33350,,PL04,4,,0,,1,1_04/33350
1,02/08645,,TI02,2,,0,,1,1_02/08645
1,12/PP00010,,CV12,6,,0,,1,1_12/PP00010
1,PR/CUPR/0001-A,,TI02,2,,0,,1,1_PR/CUPR/0001-A
1,ABCV,,,6,,,,1,1_ABCV
1,01/00361,,TA01,1,,0,,1,1_01/00361
1,04/01120,,PL04,4,,0,,1,1_04/01120
1,12/80400,,CV12,6,,0,,1,1_12/80400
1,12/80401,,CV12,6,,0,,1,1_12/80401
1,11/30810,,TA11,1,,0,,1,1_11/30810
1,11/30810M,,TA11,1,,0,,1,1_11/30810M
1,12/80090,,CV12,6,,0,,1,1_12/80090
1,12/80790,,CV12,6,,0,,1,1_12/80790
1,12/PP00009M,,CV12,6,,0,,1,1_12/PP00009M
1,11/31513,,TA11,1,,0,,1,1_11/31513
1,01/08118,,TA01,1,,,,1,1_01/08118
1,01/07464A,,TA01,1,,0,,1,1_01/07464A
1,02/09392,,TI02,2,,0,,1,1_02/09392
1,03/00385M,,CA03,3,,0,,1,1_03/00385M
1,11/31517M,,TA11,1,,0,,1,1_11/31517M
1,01/08612A,,TA01,1,,0,,1,1_01/08612A
1,01/07463A,,TA01,1,,0,,1,1_01/07463A
1,12/80204,,CV12,6,,0,,1,1_12/80204
1,01/08903,,TA01,1,,0,,1,1_01/08903
1,10/13160,,TI10,2,,0,,1,1_10/13160
1,10/13160M,,TI10,2,,0,,1,1_10/13160M
1,01/08904,,TA01,1,,0,,1,1_01/08904
1,03/1533090,,CA03,3,,0,,1,1_03/1533090
1,02/08647,,TI02,2,,0,,1,1_02/08647
1,02/08646,,TI02,2,,0,,1,1_02/08646
1,04/01151,,PL04,4,,0,,1,1_04/01151
1,PR/0013/0013-B,,TI02,2,,0,,1,1_PR/0013/0013-B
1,01/08908,,TA01,1,,0,,1,1_01/08908
1,04/20024,,PL04,4,,0,,1,1_04/20024
1,01/08905,,TA01,1,,0,,1,1_01/08905
1,91/80040,,XTA91,8,,,,1,1_91/80040
1,01/00362,,TA01,1,,0,,1,1_01/00362
1,02/08649,,TI02,2,,0,,1,1_02/08649
1,03/00198,,CA03,3,,0,,1,1_03/00198
1,01/08909,,TA01,1,,0,,1,1_01/08909
1,02/08648,,TI02,2,,0,,1,1_02/08648
1,02/08648M,,TI02,2,,0,,1,1_02/08648M
1,03/1421060,,CA03,3,,0,,1,1_03/1421060
1,01/08910,,TA01,1,,0,,1,1_01/08910
1,01/08911,,TA01,1,,0,,1,1_01/08911
1,28/30001,,TA28,1,,0,,1,1_28/30001
1,28/30021,,TA28,1,,,,1,1_28/30021
1,28/30031,,TA28,1,,,,1,1_28/30031
1,28/30053,,TA28,1,,,,1,1_28/30053
1,28/30131,,TA28,1,,,,1,1_28/30131
1,28/30141,,TA28,1,,,,1,1_28/30141
1,28/30052,,TA28,1,,,,1,1_28/30052
1,28/30111,,TA28,1,,,,1,1_28/30111
1,28/30121,,TA28,1,,,,1,1_28/30121
1,28/30171,,TA28,1,,,,1,1_28/30171
1,28/30161,,TA28,1,,,,1,1_28/30161
1,28/30101,,TA28,1,,,,1,1_28/30101
1,28/30082,,TA28,1,,,,1,1_28/30082
1,28/30083,,TA28,1,,,,1,1_28/30083
1,28/30062,,TA28,1,,,,1,1_28/30062
1,28/30151,,TA28,1,,,,1,1_28/30151
1,28/30061,,TA28,1,,,,1,1_28/30061
1,28/30081,,TA28,1,,,,1,1_28/30081
1,28/00181,,TA28,1,,,,1,1_28/00181
1,28/30181,,TA28,1,,,,1,1_28/30181
1,28/30182,,TA28,1,,,,1,1_28/30182
1,28/30091,,TA28,1,,,,1,1_28/30091
1,28/30191,,TA28,1,,,,1,1_28/30191
1,28/30051,,TA28,1,,,,1,1_28/30051
1,11/40010,,TA11,1,,,,1,1_11/40010
1,03/00198M,,CA03,3,,0,,1,1_03/00198M
1,01/08909M,,TA01,1,,0,,1,1_01/08909M
1,01/08909M1,,TA01,1,,0,,1,1_01/08909M1
1,57/32005MPA,,TA57,1,,0,,1,1_57/32005MPA
1,02/0617/00040,,TI02,2,,0,,1,1_02/0617/00040
1,01/08134,,TA01,1,,,,1,1_01/08134
1,26/002101,,TA26,1,,0,,1,1_26/002101
1,26/21055,,TA26,1,,0,,1,1_26/21055
1,26/21030,,TA26,1,,0,,1,1_26/21030
1,01/00363,,TA01,1,,0,,1,1_01/00363
1,02/10262,,TI02,2,,0,,1,1_02/10262
1,10/10943M,,TI10,2,,,,1,1_10/10943M
1,01/00362A,,TA01,1,,,,1,1_01/00362A
1,10/00214,,TI10,2,,0,,1,1_10/00214
1,10/13870,,TI10,2,,0,,1,1_10/13870
1,10/13870M,,TI10,2,,0,,1,1_10/13870M
1,01/08912,,TA01,1,,0,,1,1_01/08912
1,12/80544,,CV12,6,,0,,1,1_12/80544
1,01/10044,,TA01,1,,0,,1,1_01/10044
1,25/00204,,TA25,1,,0,,1,1_25/00204
1,25/00415,,TA25,1,,0,,1,1_25/00415
1,02/07752R,,TI02,2,,,,1,1_02/07752R
1,26/21035,,TA26,1,,,,1,1_26/21035
1,91/00040,,XTA91,8,,,,1,1_91/00040
1,02/08651,,TI02,2,,0,,1,1_02/08651
1,02/08650,,TI02,2,,0,,1,1_02/08650
1,12/CF0003504,,CV12,6,,0,,1,1_12/CF0003504
1,58/10020,,TA58,1,,,,1,1_58/10020
1,28/00961,,TA28,1,,0,,1,1_28/00961
1,01/08913,,TA01,1,,0,,1,1_01/08913
1,54/00140,,TA54,1,,0,,1,1_54/00140
1,02/08652,,TI02,2,,0,,1,1_02/08652
1,02/08652M,,TI02,2,,0,,1,1_02/08652M
1,02/08653,,TI02,2,,0,,1,1_02/08653
1,02/08653M,,TI02,2,,0,,1,1_02/08653M
1,02/08654,,TI02,2,,0,,1,1_02/08654
1,02/08654M,,TI02,2,,0,,1,1_02/08654M
1,02/08655,,TI02,2,,,,1,1_02/08655
1,02/08656,,TI02,2,,,,1,1_02/08656
1,01/08914,,TA01,1,,0,,1,1_01/08914
1,02/08657,,TI02,2,,0,,1,1_02/08657
1,02/08658,,TI02,2,,0,,1,1_02/08658
1,12/70014,,CV12,6,,0,,1,1_12/70014
1,02/08662,,TI02,2,,0,,1,1_02/08662
1,02/08661,,TI02,2,,0,,1,1_02/08661
1,02/08659,,TI02,2,,0,,1,1_02/08659
1,02/08660,,TI02,2,,0,,1,1_02/08660
1,01/08915,,TA01,1,,0,,1,1_01/08915
1,01/08916,,TA01,1,,0,,1,1_01/08916
1,PR/1389/0006,,TI02,2,,0,,1,1_PR/1389/0006
1,94/20008,,XPL94,8,,,,1,1_94/20008
1,02/169600001,,TI02,2,,0,,1,1_02/169600001
1,91/80050,,XTA91,8,,,,1,1_91/80050
1,02/08665,,TI02,2,,0,,1,1_02/08665
1,01/08908R,,TA01,1,,0,,1,1_01/08908R
1,02/08666,,TI02,2,,0,,1,1_02/08666
1,12/PP00012,,CV12,6,,0,,1,1_12/PP00012
1,13/10516,,CA13,3,,0,,1,1_13/10516
1,01/08922,,TA01,1,,0,,1,1_01/08922
1,26/01025,,TA26,1,,0,,1,1_26/01025
1,02/08667,,TI02,2,,0,,1,1_02/08667
1,01/08920,,TA01,1,,0,,1,1_01/08920
1,01/08921,,TA01,1,,0,,1,1_01/08921
1,01/08918,,TA01,1,,0,,1,1_01/08918
1,01/08919,,TA01,1,,0,,1,1_01/08919
1,91/03004,,XTA91,8,,,,1,1_91/03004
1,91/03005,,XTA91,8,,,,1,1_91/03005
1,01/08924,,TA01,1,,0,,1,1_01/08924
1,12/00340,,CV12,6,,0,,1,1_12/00340
1,01/08923,,TA01,1,,0,,1,1_01/08923
1,12/252008,,CV12,6,,0,,1,1_12/252008
1,12/250804,,CV12,6,,0,,1,1_12/250804
1,54/80100,,TA54,1,,0,,1,1_54/80100
1,03/1433070,,CA03,3,,0,,1,1_03/1433070
1,02/10381R,,TI02,2,,0,,1,1_02/10381R
1,01/08911A,,TA01,1,,0,,1,1_01/08911A
1,01/08925,,TA01,1,,0,,1,1_01/08925
1,01/08926,,TA01,1,,0,,1,1_01/08926
1,11/31507M,,TA11,1,,0,,1,1_11/31507M
1,02/08668,,TI02,2,,0,,1,1_02/08668
1,03/00199,,CA03,3,,0,,1,1_03/00199
1,03/00199M,,CA03,3,,0,,1,1_03/00199M
1,.YTAM,,Y,7,,,,1,1_.YTAM
1,02/08669,,TI02,2,,0,,1,1_02/08669
1,03/00200,,CA03,3,,0,,1,1_03/00200
1,12/80402,,CV12,6,,0,,1,1_12/80402
1,12/80410,,CV12,6,,0,,1,1_12/80410
1,12/80365,,CV12,6,,0,,1,1_12/80365
1,12/10014,,CV12,6,,0,,1,1_12/10014
1,01/08841R,,TA01,1,,0,,1,1_01/08841R
1,02/08669M,,TI02,2,,0,,1,1_02/08669M
1,12/70105,,CV12,6,,0,,1,1_12/70105
1,02/08670,,TI02,2,,0,,1,1_02/08670
1,02/08670M,,TI02,2,,0,,1,1_02/08670M
1,01/08929,,TA01,1,,0,,1,1_01/08929
1,01/08929M,,TA01,1,,0,,1,1_01/08929M
1,02/09044M,,TI02,2,,0,,1,1_02/09044M
1,01/08930,,TA01,1,,0,,1,1_01/08930
1,56/32010,,TA56,1,,0,,1,1_56/32010
1,01/08931,,TA01,1,,0,,1,1_01/08931
1,56/35010,,TA56,1,,0,,1,1_56/35010
1,02/08674,,TI02,2,,0,,1,1_02/08674
1,02/08673,,TI02,2,,0,,1,1_02/08673
1,12/80791,,CV12,6,,0,,1,1_12/80791
1,02/08671,,TI02,2,,0,,1,1_02/08671
1,02/08672,,TI02,2,,0,,1,1_02/08672
1,02/08671M,,TI02,2,,0,,1,1_02/08671M
1,02/08672M,,TI02,2,,0,,1,1_02/08672M
1,02/08672M1,,TI02,2,,0,,1,1_02/08672M1
1,02/08672M2,,TI02,2,,0,,1,1_02/08672M2
1,02/08672M3,,TI02,2,,0,,1,1_02/08672M3
1,02/08675,,TI02,2,,0,,1,1_02/08675
1,02/08676,,TI02,2,,0,,1,1_02/08676
1,12/FE00002,,CV12,6,,0,,1,1_12/FE00002
1,02/08678,,TI02,2,,0,,1,1_02/08678
1,02/08679,,TI02,2,,0,,1,1_02/08679
1,02/08679M,,TI02,2,,0,,1,1_02/08679M
1,02/08675M,,TI02,2,,0,,1,1_02/08675M
1,28/10002AM,,TA28,1,,0,,1,1_28/10002AM
1,02/08678M,,TI02,2,,0,,1,1_02/08678M
1,03/00275,,CA03,3,,0,,1,1_03/00275
1,01/08932,,TA01,1,,0,,1,1_01/08932
1,01/08933,,TA01,1,,0,,1,1_01/08933
1,01/08933M,,TA01,1,,0,,1,1_01/08933M
1,01/08934,,TA01,1,,0,,1,1_01/08934
1,01/08935,,TA01,1,,0,,1,1_01/08935
1,51/10030,,TA51,1,,0,,1,1_51/10030
1,12/PG05108,,CV12,6,,0,,1,1_12/PG05108
1,02/08207R,,TI02,2,,0,,1,1_02/08207R
1,12/542007,,CV12,6,,0,,1,1_12/542007
1,02/08655R,,TI02,2,,0,,1,1_02/08655R
1,02/08639R,,TI02,2,,0,,1,1_02/08639R
1,02/08656R,,TI02,2,,0,,1,1_02/08656R
1,04/20025,,PL04,4,,0,,1,1_04/20025
1,10/00591,,TI10,2,,0,,1,1_10/00591
1,01/08936,,TA01,1,,0,,1,1_01/08936
1,02/08680,,TI02,2,,0,,1,1_02/08680
1,02/08681,,TI02,2,,0,,1,1_02/08681
1,10/00500,,TI10,2,,0,,1,1_10/00500
1,02/08684,,TI02,2,,0,,1,1_02/08684
1,01/08937,,TA01,1,,0,,1,1_01/08937
1,12/79999,,CV12,6,,0,,1,1_12/79999
1,02/08689,,TI02,2,,0,,1,1_02/08689
1,02/08686,,TI02,2,,0,,1,1_02/08686
1,02/08687,,TI02,2,,0,,1,1_02/08687
1,02/08688,,TI02,2,,0,,1,1_02/08688
1,02/08691,,TI02,2,,0,,1,1_02/08691
1,02/08690,,TI02,2,,0,,1,1_02/08690
1,02/08685,,TI02,2,,0,,1,1_02/08685
1,02/08683,,TI02,2,,0,,1,1_02/08683
1,02/10758R,,TI02,2,,0,,1,1_02/10758R
1,55/03002MP,,TI55,2,,0,,1,1_55/03002MP
1,91/90005,,XTA91,8,,0,,1,1_91/90005
1,01/08938,,TA01,1,,0,,1,1_01/08938
1,12/80792,,CV12,6,,0,,1,1_12/80792
1,03/00201,,CA03,3,,0,,1,1_03/00201
1,57/00008MP,,TA57,1,,0,,1,1_57/00008MP
1,04/00964,,PL04,4,,0,,1,1_04/00964
1,04/00725,,PL04,4,,0,,1,1_04/00725
1,12/PP00013,,CV12,6,,0,,1,1_12/PP00013
1,12/PP00014,,CV12,6,,0,,1,1_12/PP00014
1,01/08939,,TA01,1,,0,,1,1_01/08939
1,01/08940,,TA01,1,,0,,1,1_01/08940
1,01/08940M,,TA01,1,,0,,1,1_01/08940M
1,12/00500,,CV12,6,,0,,1,1_12/00500
1,52/33004,,TA52,1,,0,,1,1_52/33004
1,01/08941,,TA01,1,,0,,1,1_01/08941
1,02/08656M,,TI02,2,,0,,1,1_02/08656M
1,02/08656M1,,TI02,2,,0,,1,1_02/08656M1
1,02/08656M3,,TI02,2,,0,,1,1_02/08656M3
1,02/08656M2,,TI02,2,,0,,1,1_02/08656M2
1,02/08656M4,,TI02,2,,0,,1,1_02/08656M4
1,02/08656M5,,TI02,2,,0,,1,1_02/08656M5
1,02/08656M6,,TI02,2,,0,,1,1_02/08656M6
1,02/08693,,TI02,2,,0,,1,1_02/08693
1,03/00202,,CA03,3,,0,,1,1_03/00202
1,03/00202M,,CA03,3,,0,,1,1_03/00202M
1,55/40402MP,,TI55,2,,0,,1,1_55/40402MP
1,02/08694,,TI02,2,,0,,1,1_02/08694
1,12/PP00015,,CV12,6,,0,,1,1_12/PP00015
1,12/PP00016,,CV12,6,,0,,1,1_12/PP00016
1,12/PP00016M,,CV12,6,,0,,1,1_12/PP00016M
1,12/PP00017,,CV12,6,,0,,1,1_12/PP00017
1,12/PP00017M,,CV12,6,,0,,1,1_12/PP00017M
1,55/40074MP,,TI55,2,,0,,1,1_55/40074MP
1,55/40101MP,,TI55,2,,0,,1,1_55/40101MP
1,55/40201MP,,TI55,2,,0,,1,1_55/40201MP
1,02/1038102,,TI02,2,,0,,1,1_02/1038102
1,10/05313,,TA11,1,,0,,1,1_10/05313
1,12/00225,,CV12,6,,0,,1,1_12/00225
1,02/10360,,TI02,2,,0,,1,1_02/10360
1,02/08308R,,TI02,2,,0,,1,1_02/08308R
1,12/PG01001,,CV12,6,,0,,1,1_12/PG01001
1,01/08942,,TA01,1,,0,,1,1_01/08942
1,12/PP00013R,,CV12,6,,0,,1,1_12/PP00013R
1,04/33401,,PL04,4,,0,,1,1_04/33401
1,02/0818701,,TI02,2,,0,,1,1_02/0818701
1,04/02156,,PL04,4,,0,,1,1_04/02156
1,55/00303MP,,TI55,2,,0,,1,1_55/00303MP
1,55/00602MP,,TI55,2,,0,,1,1_55/00602MP
1,01/08944,,TA01,1,,0,,1,1_01/08944
1,01/08945,,TA01,1,,0,,1,1_01/08945
1,01/08946,,TA01,1,,0,,1,1_01/08946
1,12/630075,,CV12,6,,0,,1,1_12/630075
1,91/80045,,XTA91,8,,,,1,1_91/80045
1,02/08695,,TI02,2,,0,,1,1_02/08695
1,02/08696,,TI02,2,,0,,1,1_02/08696
1,02/09982M1,,TI02,2,,0,,1,1_02/09982M1
1,02/08698,,TI02,2,,0,,1,1_02/08698
1,02/08696M,,TI02,2,,0,,1,1_02/08696M
1,02/08697M,,TI02,2,,0,,1,1_02/08697M
1,02/08698M,,TI02,2,,0,,1,1_02/08698M
1,02/08695M,,TI02,2,,0,,1,1_02/08695M
1,91/03006,,XTA91,8,,,,1,1_91/03006
1,91/80020,,XTA91,8,,,,1,1_91/80020
1,12/5230093R,,CV12,6,,0,,1,1_12/5230093R
1,02/08699,,TI02,2,,0,,1,1_02/08699
1,55/40602MP,,TI55,2,,0,,1,1_55/40602MP
1,51/730202,,TA51,1,,0,,1,1_51/730202
1,12/80793,,CV12,6,,0,,1,1_12/80793
1,02/08700,,TI02,2,,0,,1,1_02/08700
1,12/90021,,CV12,6,,0,,1,1_12/90021
1,12/90021M,,CV12,6,,0,,1,1_12/90021M
1,PR/AFSA/0002,,TI02,2,,0,,1,1_PR/AFSA/0002
1,01/08947,,TA01,1,,0,,1,1_01/08947
1,01/08943,,TA01,1,,0,,1,1_01/08943
1,01/09981,,TA01,1,,0,,1,1_01/09981
1,.YTAMP,,Y,7,,,,1,1_.YTAMP
1,02/10645,,TI02,2,,0,,1,1_02/10645
1,03/1621130,,CA03,3,,0,,1,1_03/1621130
1,55/00253MP,,TI55,2,,0,,1,1_55/00253MP
1,02/08701,,TI02,2,,0,,1,1_02/08701
1,02/08701M,,TI02,2,,0,,1,1_02/08701M
1,02/08701M1,,TI02,2,,0,,1,1_02/08701M1
1,03/2223045,,CA03,3,,0,,1,1_03/2223045
1,55/20019MP,,TI55,2,,0,,1,1_55/20019MP
1,03/5521130,,CA03,3,,0,,1,1_03/5521130
1,03/5521120,,CA03,3,,,,1,1_03/5521120
1,03/00203,,CA03,3,,0,,1,1_03/00203
1,03/00203M,,CA03,3,,0,,1,1_03/00203M
1,02/08256R,,TI02,2,,0,,1,1_02/08256R
1,01/08948,,TA01,1,,0,,1,1_01/08948
1,01/08949,,TA01,1,,0,,1,1_01/08949
1,01/09827M9,,TA01,1,,0,,1,1_01/09827M9
1,03/00204,,CA03,3,,0,,1,1_03/00204
1,12/421006,,CV12,6,,0,,1,1_12/421006
1,12/80690,,CV12,6,,0,,1,1_12/80690
1,01/08950,,TA01,1,,0,,1,1_01/08950
1,01/08871,,TA01,1,,0,,1,1_01/08871
1,01/08871R,,TA01,1,,0,,1,1_01/08871R
1,02/08702,,TI02,2,,0,,1,1_02/08702
1,55/00201MP,,TI55,2,,0,,1,1_55/00201MP
1,55/10127MP,,TI55,2,,0,,1,1_55/10127MP
1,55/10095MP,,TI55,2,,0,,1,1_55/10095MP
1,55/31206MP,,TI55,2,,0,,1,1_55/31206MP
1,55/32506MP,,TI55,2,,0,,1,1_55/32506MP
1,02/08696A,,TI02,2,,0,,1,1_02/08696A
1,02/08696AM,,TI02,2,,0,,1,1_02/08696AM
1,02/08654A,,TI02,2,,0,,1,1_02/08654A
1,02/08654AM,,TI02,2,,0,,1,1_02/08654AM
1,02/1032101,,TI02,2,,0,,1,1_02/1032101
1,03/00205M,,CA03,3,,0,,1,1_03/00205M
1,11/40050,,TA11,1,,,,1,1_11/40050
1,02/08703,,TI02,2,,0,,1,1_02/08703
1,02/08704,,TI02,2,,0,,1,1_02/08704
1,02/08705,,TI02,2,,0,,1,1_02/08705
1,55/40104MP,,TI55,2,,0,,1,1_55/40104MP
1,12/80983,,CV12,6,,0,,1,1_12/80983
1,02/08706,,TI02,2,,0,,1,1_02/08706
1,01/0979501,,TA01,1,,0,,1,1_01/0979501
1,01/08952,,TA01,1,,0,,1,1_01/08952
1,01/08951,,TA01,1,,0,,1,1_01/08951
1,02/09547M1,,TI02,2,,0,,1,1_02/09547M1
1,03/00206,,CA03,3,,0,,1,1_03/00206
1,03/00206M,,CA03,3,,0,,1,1_03/00206M
1,02/08703M,,TI02,2,,0,,1,1_02/08703M
1,04/02117,,PL04,4,,0,,1,1_04/02117
1,12/PG05525A,,CV12,6,,0,,1,1_12/PG05525A
1,12/PG05526A,,CV12,6,,0,,1,1_12/PG05526A
1,02/08558A,,TI02,2,,0,,1,1_02/08558A
1,02/08707,,TI02,2,,0,,1,1_02/08707
1,01/00365,,TA01,1,,0,,1,1_01/00365
1,01/08953,,TA01,1,,0,,1,1_01/08953
1,01/07740R,,TA01,1,,0,,1,1_01/07740R
1,52/59926,,TA52,1,,0,,1,1_52/59926
1,02/08482,,TI02,2,,0,,1,1_02/08482
1,02/08483,,TI02,2,,0,,1,1_02/08483
1,02/08484,,TI02,2,,0,,1,1_02/08484
1,01/08805A,,TA01,1,,0,,1,1_01/08805A
1,PR/1244/0012-A,,TA01,1,,0,,1,1_PR/1244/0012-A
1,12/70204,,CV12,6,,0,,1,1_12/70204
1,02/08708,,TI02,2,,0,,1,1_02/08708
1,02/08709,,TI02,2,,0,,1,1_02/08709
1,01/08911AR,,TA01,1,,0,,1,1_01/08911AR
1,02/08711,,TI02,2,,0,,1,1_02/08711
1,02/08710,,TI02,2,,0,,1,1_02/08710
1,03/00207M,,CA03,3,,0,,1,1_03/00207M
1,02/08713,,TI02,2,,0,,1,1_02/08713
1,70/70108,,TA70,1,,0,,1,1_70/70108
1,12/SB02020,,CV12,6,,0,,1,1_12/SB02020
1,03/00208,,CA03,3,,0,,1,1_03/00208
1,02/08714,,TI02,2,,0,,1,1_02/08714
1,02/08714M,,TI02,2,,0,,1,1_02/08714M
1,01/08940R,,TA01,1,,0,,1,1_01/08940R
1,02/08715,,TI02,2,,0,,1,1_02/08715
1,02/08715M,,TI02,2,,0,,1,1_02/08715M
1,03/2321060R,,CA03,3,,0,,1,1_03/2321060R
1,26/60008,,TA26,1,,0,,1,1_26/60008
1,01/08954,,TA01,1,,0,,1,1_01/08954
1,01/08954M,,TA01,1,,0,,1,1_01/08954M
1,11/40070,,TA11,1,,0,,1,1_11/40070
1,01/08842R,,TA01,1,,0,,1,1_01/08842R
1,01/08927R,,TA01,1,,0,,1,1_01/08927R
1,01/08928R,,TA01,1,,0,,1,1_01/08928R
1,01/08927,,TA01,1,,0,,1,1_01/08927
1,01/08928,,TA01,1,,0,,1,1_01/08928
1,02/09309AM,,TI02,2,,0,,1,1_02/09309AM
1,28/10003AM,,TI10,2,,0,,1,1_28/10003AM
1,57/33010MP,,TA57,1,,0,,1,1_57/33010MP
1,13/10506A,,CA13,3,,0,,1,1_13/10506A
1,13/10506B,,CA13,3,,0,,1,1_13/10506B
1,12/50101,,CV12,6,,0,,1,1_12/50101
1,12/252508,,CV12,6,,0,,1,1_12/252508
1,02/07555,,TI02,2,,0,,1,1_02/07555
1,01/00336C,,TA01,1,,0,,1,1_01/00336C
1,01/00337C,,TA01,1,,0,,1,1_01/00337C
1,02/08712,,TI02,2,,0,,1,1_02/08712
1,02/08712M,,TI02,2,,0,,1,1_02/08712M
1,02/08712M1,,TI02,2,,0,,1,1_02/08712M1
1,02/08712M2,,TI02,2,,0,,1,1_02/08712M2
1,.YTAP,,Y,7,,,,1,1_.YTAP
1,10/90201,,TI10,2,,0,,1,1_10/90201
1,10/90201M,,TI10,2,,0,,1,1_10/90201M
1,02/08411R,,TI02,2,,0,,1,1_02/08411R
1,03/00099M,,CA03,3,,0,,1,1_03/00099M
1,12/PV00004,,CV12,6,,0,,1,1_12/PV00004
1,02/08718,,TI02,2,,0,,1,1_02/08718
1,04/00204,,PL04,4,,0,,1,1_04/00204
1,01/08955,,TA01,1,,0,,1,1_01/08955
1,01/08956,,TA01,1,,0,,1,1_01/08956
1,01/10262R,,TA01,1,,0,,1,1_01/10262R
1,12/PV00050,,CV12,6,,0,,1,1_12/PV00050
1,02/10088R,,TI02,2,,0,,1,1_02/10088R
1,12/PG05101,,CV12,6,,0,,1,1_12/PG05101
1,12/PG05119,,CV12,6,,0,,1,1_12/PG05119
1,02/08546A,,TI02,2,,0,,1,1_02/08546A
1,02/08717,,TI02,2,,0,,1,1_02/08717
1,01/08957,,TA01,1,,0,,1,1_01/08957
1,01/08958,,TA01,1,,0,,1,1_01/08958
1,55/40301MP,,TI55,2,,0,,1,1_55/40301MP
1,55/01402MP,,TI55,2,,0,,1,1_55/01402MP
1,12/CH01012050,,CV12,6,,0,,1,1_12/CH01012050
1,01/08959,,TA01,1,,0,,1,1_01/08959
1,01/08959M,,TA01,1,,0,,1,1_01/08959M
1,01/08205,,TA01,1,,0,,1,1_01/08205
1,01/08205R,,TA01,1,,0,,1,1_01/08205R
1,02/08719,,TI02,2,,0,,1,1_02/08719
1,02/08720,,TI02,2,,0,,1,1_02/08720
1,02/08721,,TI02,2,,0,,1,1_02/08721
1,02/08722,,TI02,2,,0,,1,1_02/08722
1,02/08723,,TI02,2,,0,,1,1_02/08723
1,02/08725,,TI02,2,,0,,1,1_02/08725
1,10/11525M,,TI10,2,,0,,1,1_10/11525M
1,25/90510,,TA25,1,,0,,1,1_25/90510
1,01/08891A,,TA01,1,,0,,1,1_01/08891A
1,01/08931A,,TA01,1,,0,,1,1_01/08931A
1,26/00082,,TA26,1,,0,,1,1_26/00082
1,26/00084,,TA26,1,,0,,1,1_26/00084
1,01/08963,,TA01,1,,0,,1,1_01/08963
1,01/08810R,,TA01,1,,0,,1,1_01/08810R
1,01/08960,,TA01,1,,0,,1,1_01/08960
1,01/08961,,TA01,1,,0,,1,1_01/08961
1,01/08962,,TA01,1,,0,,1,1_01/08962
1,12/50102,,CV12,6,,0,,1,1_12/50102
1,02/08716,,TI02,2,,0,,1,1_02/08716
1,02/0814001,,TI02,2,,0,,1,1_02/0814001
1,02/07467A,,TI02,2,,0,,1,1_02/07467A
1,02/08307R,,TI02,2,,0,,1,1_02/08307R
1,12/80794,,CV12,6,,0,,1,1_12/80794
1,12/PG05118,,CV12,6,,0,,1,1_12/PG05118
1,01/08967,,TA01,1,,0,,1,1_01/08967
1,01/08966,,TA01,1,,0,,1,1_01/08966
1,01/08965,,TA01,1,,0,,1,1_01/08965
1,01/08964,,TA01,1,,0,,1,1_01/08964
1,54/00040,,TA54,1,,0,,1,1_54/00040
1,01/08968,,TA01,1,,0,,1,1_01/08968
1,01/08969,,TA01,1,,0,,1,1_01/08969
1,91/70021,,XTA91,8,,,,1,1_91/70021
1,91/70031,,XTA91,8,,,,1,1_91/70031
1,13/10544,,CA13,3,,0,,1,1_13/10544
1,13/10545,,CA13,3,,0,,1,1_13/10545
1,02/08559A,,TI02,2,,0,,1,1_02/08559A
1,02/08558B,,TI02,2,,0,,1,1_02/08558B
1,54/34003,,TA54,1,,0,,1,1_54/34003
1,02/08726,,TI02,2,,0,,1,1_02/08726
1,26/61060,,TA26,1,,0,,1,1_26/61060
1,26/00845,,TA26,1,,0,,1,1_26/00845
1,55/04002MP,,TI55,2,,0,,1,1_55/04002MP
1,12/30004,,CV12,6,,0,,1,1_12/30004
1,01/08959R,,TA01,1,,0,,1,1_01/08959R
1,.ZZ1,,ZZ,1,,0,,1,1_.ZZ1
1,.ZZ2,,ZZ,2,,0,,1,1_.ZZ2
1,.ZZ3,,ZZ,3,,0,,1,1_.ZZ3
1,.ZZ4,,ZZ,4,,0,,1,1_.ZZ4
1,.ZZ6,,ZZ,6,,0,,1,1_.ZZ6
1,02/08727,,TI02,2,,0,,1,1_02/08727
1,02/08727M,,TI02,2,,0,,1,1_02/08727M
1,10/13150M,,TI10,2,,0,,1,1_10/13150M
1,02/08728,,TI02,2,,0,,1,1_02/08728
1,02/08729,,TI02,2,,0,,1,1_02/08729
1,02/08730,,TI02,2,,0,,1,1_02/08730
1,02/08731,,TI02,2,,0,,1,1_02/08731
1,01/09860,,TA01,1,,0,,1,1_01/09860
1,55/00153MP,,TI55,2,,0,,1,1_55/00153MP
1,AV02,,X,0,,0,,1,1_AV02
1,01/08970M,,TA01,1,,0,,1,1_01/08970M
1,01/08971,,TA01,1,,0,,1,1_01/08971
1,01/08971M,,TA01,1,,0,,1,1_01/08971M
1,01/08971M1,,TA01,1,,0,,1,1_01/08971M1
1,01/08971M2,,TA01,1,,0,,1,1_01/08971M2
1,01/08971M3,,TA01,1,,0,,1,1_01/08971M3
1,26/105251,,TA26,1,,0,,1,1_26/105251
1,26/204081,,TA26,1,,0,,1,1_26/204081
1,01/08929R,,TA01,1,,0,,1,1_01/08929R
1,02/08732,,TI02,2,,0,,1,1_02/08732
1,02/08733,,TI02,2,,0,,1,1_02/08733
1,02/08734,,TI02,2,,0,,1,1_02/08734
1,02/08735,,TI02,2,,0,,1,1_02/08735
1,02/08736,,TI02,2,,0,,1,1_02/08736
1,02/08737,,TI02,2,,0,,1,1_02/08737
1,02/08738,,TI02,2,,0,,1,1_02/08738
1,02/08739,,TI02,2,,0,,1,1_02/08739
1,02/08740,,TI02,2,,0,,1,1_02/08740
1,02/08741,,TI02,2,,0,,1,1_02/08741
1,53/34004,,TA53,1,,0,,1,1_53/34004
1,51/36005,,TA51,1,,0,,1,1_51/36005
1,51/33020,,TA51,1,,0,,1,1_51/33020
1,91/02901,,XTA91,8,,,,1,1_91/02901
1,12/PG05117,,CV12,6,,0,,1,1_12/PG05117
1,12/PG05151,,CV12,6,,0,,1,1_12/PG05151
1,12/5130081,,CV12,6,,0,,1,1_12/5130081
1,01/08946A,,TA01,1,,0,,1,1_01/08946A
1,01/08946AM,,TA01,1,,0,,1,1_01/08946AM
1,01/08946AM1,,TA01,1,,0,,1,1_01/08946AM1
1,01/08946AM2,,TA01,1,,0,,1,1_01/08946AM2
1,12/PG05527,,CV12,6,,0,,1,1_12/PG05527
1,12/PG05528,,CV12,6,,0,,1,1_12/PG05528
1,02/08713R,,TI02,2,,0,,1,1_02/08713R
1,01/08653A,,TA01,1,,0,,1,1_01/08653A
1,01/08973,,TA01,1,,0,,1,1_01/08973
1,12/511508,,CV12,6,,0,,1,1_12/511508
1,02/08743,,TI02,2,,0,,1,1_02/08743
1,02/08742,,TI02,2,,0,,1,1_02/08742
1,03/00209,,CA03,3,,0,,1,1_03/00209
1,03/00034,,CA03,3,,0,,1,1_03/00034
1,03/00034M,,CA03,3,,0,,1,1_03/00034M
1,10/13650M,,TI10,2,,0,,1,1_10/13650M
1,55/32512MP,,TI55,2,,0,,1,1_55/32512MP
1,02/08744,,TI02,2,,0,,1,1_02/08744
1,01/08122S,,TA01,1,,0,,1,1_01/08122S
1,02/08656A,,TI02,2,,0,,1,1_02/08656A
1,12/L0201-203,,CV12,6,,0,,1,1_12/L0201-203
1,12/PP00018,,CV12,6,,0,,1,1_12/PP00018
1,12/PP00019,,CV12,6,,0,,1,1_12/PP00019
1,12/PP00020,,CV12,6,,0,,1,1_12/PP00020
1,01/08817-28,,TA01,1,,0,,1,1_01/08817-28
1,01/08818-4,,TA01,1,,0,,1,1_01/08818-4
1,01/08818-6,,TA01,1,,0,,1,1_01/08818-6
1,01/08818-8,,TA01,1,,0,,1,1_01/08818-8
1,01/08818-5,,TA01,1,,0,,1,1_01/08818-5
1,01/08818-29,,TA01,1,,0,,1,1_01/08818-29
1,01/08818-30,,TA01,1,,0,,1,1_01/08818-30
1,01/08818-31,,TA01,1,,0,,1,1_01/08818-31
1,01/08818-32,,TA01,1,,0,,1,1_01/08818-32
1,01/08818-33,,TA01,1,,0,,1,1_01/08818-33
1,01/08818-34,,TA01,1,,0,,1,1_01/08818-34
1,01/08818-35,,TA01,1,,0,,1,1_01/08818-35
1,01/08818-45,,TA01,1,,0,,1,1_01/08818-45
1,01/08818-46,,TA01,1,,0,,1,1_01/08818-46
1,01/08817-47,,TA01,1,,0,,1,1_01/08817-47
1,01/08818-56,,TA01,1,,0,,1,1_01/08818-56
1,01/0881705,,TA01,1,,0,,1,1_01/0881705
1,01/0881706,,TA01,1,,0,,1,1_01/0881706
1,02/08746,,TI02,2,,0,,1,1_02/08746
1,02/08746M,,TI02,2,,0,,1,1_02/08746M
1,02/08745,,TI02,2,,0,,1,1_02/08745
1,02/08745M,,TI02,2,,0,,1,1_02/08745M
1,02/08745M1,,TI02,2,,0,,1,1_02/08745M1
1,02/08745M2,,TI02,2,,0,,1,1_02/08745M2
1,02/08745M3,,TI02,2,,0,,1,1_02/08745M3
1,91/80025,,XTA91,8,,,,1,1_91/80025
1,10/13150,,TI10,2,,0,,1,1_10/13150
1,02/1075402,,TI02,2,,0,,1,1_02/1075402
1,02/10897,,TI02,2,,0,,1,1_02/10897
1,01/08972,,TA01,1,,0,,1,1_01/08972
1,01/08974,,TA01,1,,0,,1,1_01/08974
1,12/332007R,,CV12,6,,0,,1,1_12/332007R
1,01/08975,,TA01,1,,0,,1,1_01/08975
1,03/1631102,,CA03,3,,0,,1,1_03/1631102
1,01/08963B,,TA01,1,,0,,1,1_01/08963B
1,01/08963A,,TA01,1,,0,,1,1_01/08963A
1,01/08958A,,TA01,1,,0,,1,1_01/08958A
1,01/08957A,,TA01,1,,0,,1,1_01/08957A
1,02/08747,,TI02,2,,0,,1,1_02/08747
1,02/08747M,,TI02,2,,0,,1,1_02/08747M
1,02/08747M1,,TI02,2,,0,,1,1_02/08747M1
1,02/08747M2,,TI02,2,,0,,1,1_02/08747M2
1,11/10015,,TA11,1,,0,,1,1_11/10015
1,11/10016,,TA11,1,,0,,1,1_11/10016
1,12/PG010080401A,,CV12,6,,0,,1,1_12/PG010080401A
1,11/00038,,TA11,1,,0,,1,1_11/00038
1,12/80795,,CV12,6,,0,,1,1_12/80795
1,12/80796,,CV12,6,,0,,1,1_12/80796
1,01/08976,,TA01,1,,0,,1,1_01/08976
1,01/08976M,,TA01,1,,0,,1,1_01/08976M
1,26/00016,,TA26,1,,0,,1,1_26/00016
1,02/08656A01,,TI02,2,,0,,1,1_02/08656A01
1,02/08656A02,,TI02,2,,0,,1,1_02/08656A02
1,01/08977,,TA01,1,,0,,1,1_01/08977
1,01/08978,,TA01,1,,0,,1,1_01/08978
1,BA.050,,YMA-BA,1,,0,,1,1_BA.050
1,01/08929A,,TA01,1,,0,,1,1_01/08929A
1,01/08979,,TA01,1,,0,,1,1_01/08979
1,55/40302MP,,TI55,2,,0,,1,1_55/40302MP
1,55/40502MP,,TI55,2,,0,,1,1_55/40502MP
1,02/08748,,TI02,2,,0,,1,1_02/08748
1,03/00142M,,CA03,3,,0,,1,1_03/00142M
1,03/00099M1,,CA03,3,,0,,1,1_03/00099M1
1,13/10566,,CA13,3,,0,,1,1_13/10566
1,51/35020,,TA51,1,,0,,1,1_51/35020
1,02/08656A03,,TI02,2,,0,,1,1_02/08656A03
1,12/70115,,CV12,6,,0,,1,1_12/70115
1,01/08979M,,TA01,1,,0,,1,1_01/08979M
1,11/40200,,TA11,1,,0,,1,1_11/40200
1,04/33273,,PL04,4,,0,,1,1_04/33273
1,70/10030,,TA70,1,,0,,1,1_70/10030
1,03/00210,,CA03,3,,0,,1,1_03/00210
1,10/13650,,TI10,2,,0,,1,1_10/13650
1,01/00354A,,TA01,1,,0,,1,1_01/00354A
1,PR/1474/0012-A,,TI02,2,,0,,1,1_PR/1474/0012-A
1,PR/1682/0016,,TI02,2,,0,,1,1_PR/1682/0016
1,12/80797,,CV12,6,,0,,1,1_12/80797
1,02/08749,,TI02,2,,0,,1,1_02/08749
1,55/00203MP,,TI55,2,,0,,1,1_55/00203MP
1,12/PG00601,,CV12,6,,0,,1,1_12/PG00601
1,12/80798,,CV12,6,,0,,1,1_12/80798
1,01/08980,,TA01,1,,0,,1,1_01/08980
1,11/40040,,TA11,1,,0,,1,1_11/40040
1,52/61010,,TA52,1,,0,,1,1_52/61010
1,52/90403,,TA52,1,,0,,1,1_52/90403
1,02/08750,,TI02,2,,0,,1,1_02/08750
1,02/08750M,,TI02,2,,0,,1,1_02/08750M
1,12/00341,,CV12,6,,0,,1,1_12/00341
1,04/02121,,PL04,4,,0,,1,1_04/02121
1,04/02108,,PL04,4,,0,,1,1_04/02108
1,04/02092,,PL04,4,,0,,1,1_04/02092
1,03/2233038,,CA03,3,,0,,1,1_03/2233038
1,01/08979M1,,TA01,1,,0,,1,1_01/08979M1
1,12/331004,,CV12,6,,0,,1,1_12/331004
1,25/00208,,TA25,1,,0,,1,1_25/00208
1,28/30002,,TA28,1,,0,,1,1_28/30002
1,28/30152,,TA28,1,,0,,1,1_28/30152
1,28/3017101,,TA28,1,,0,,1,1_28/3017101
1,28/3017102,,TA28,1,,0,,1,1_28/3017102
1,28/3017103,,TA28,1,,0,,1,1_28/3017103
1,28/3017104,,TA28,2,,0,,1,1_28/3017104
1,28/3017105,,TA28,1,,0,,1,1_28/3017105
1,28/30003,,TA28,1,,0,,1,1_28/30003
1,28/30004,,TA28,1,,0,,1,1_28/30004
1,28/30023,,TA28,1,,0,,1,1_28/30023
1,28/30024,,TA28,1,,0,,1,1_28/30024
1,28/30033,,TA28,1,,0,,1,1_28/30033
1,28/30034,,TA28,1,,0,,1,1_28/30034
1,28/30063,,TA28,1,,0,,1,1_28/30063
1,28/30201,,TA28,1,,0,,1,1_28/30201
1,28/30202,,TA28,1,,0,,1,1_28/30202
1,28/30221,,TA28,1,,0,,1,1_28/30221
1,28/30231,,TA28,1,,0,,1,1_28/30231
1,28/30301,,TA28,1,,0,,1,1_28/30301
1,28/30302,,TA28,1,,0,,1,1_28/30302
1,25/00008,,TA25,1,,0,,1,1_25/00008
1,52/780406,,TA52,1,,0,,1,1_52/780406
1,52/39220,,TA52,1,,0,,1,1_52/39220
1,12/80799,,CV12,6,,0,,1,1_12/80799
1,03/00211,,CA03,3,,0,,1,1_03/00211
1,03/00211M,,CA03,3,,0,,1,1_03/00211M
1,01/08979M2,,TA01,1,,0,,1,1_01/08979M2
1,01/08979M3,,TA01,1,,0,,1,1_01/08979M3
1,01/08979M4,,TA01,1,,0,,1,1_01/08979M4
1,01/08979M5,,TA01,1,,0,,1,1_01/08979M5
1,01/08979M6,,TA01,1,,0,,1,1_01/08979M6
1,25/00825,,TA25,1,,,,1,1_25/00825
1,01/08944A,,TA01,1,,0,,1,1_01/08944A
1,01/08946B,,TA01,1,,0,,1,1_01/08946B
1,01/08946BM,,TA01,1,,0,,1,1_01/08946BM
1,01/08946BM1,,TA01,1,,0,,1,1_01/08946BM1
1,01/08946BM2,,TA01,1,,0,,1,1_01/08946BM2
1,01/08944AM,,TA01,1,,0,,1,1_01/08944AM
1,01/08944AM1,,TA01,1,,0,,1,1_01/08944AM1
1,12/6401381,,CV12,6,,0,,1,1_12/6401381
1,02/0787101,,TI02,2,,0,,1,1_02/0787101
1,02/08751,,TI02,2,,0,,1,1_02/08751
1,PR/AFSA/0003,,TI02,2,,0,,1,1_PR/AFSA/0003
1,91/81021,,XTA91,8,,,,1,1_91/81021
1,01/08644R,,TA01,1,,0,,1,1_01/08644R
1,01/0794401R,,TA01,1,,0,,1,1_01/0794401R
1,01/00341A,,TA01,1,,0,,1,1_01/00341A
1,01/00354B,,TA01,1,,0,,1,1_01/00354B
1,01/00342A,,TA01,1,,0,,1,1_01/00342A
1,01/00235R,,TA01,1,,0,,1,1_01/00235R
1,01/00341AR,,TA01,1,,0,,1,1_01/00341AR
1,02/08752,,TI02,2,,0,,1,1_02/08752
1,02/08753,,TI02,2,,0,,1,1_02/08753
1,01/00342AR,,TA01,1,,0,,1,1_01/00342AR
1,01/08979R,,TA01,1,,0,,1,1_01/08979R
1,01/08981,,TA01,1,,0,,1,1_01/08981
1,01/08982,,TA01,1,,0,,1,1_01/08982
1,01/08983,,TA01,1,,0,,1,1_01/08983
1,01/08984,,TA01,1,,0,,1,1_01/08984
1,01/08963AR,,TA01,1,,0,,1,1_01/08963AR
1,10/00026,,TI10,2,,0,,1,1_10/00026
1,01/08985,,TA01,1,,0,,1,1_01/08985
1,01/08987,,TA01,1,,0,,1,1_01/08987
1,01/08987M,,TA01,1,,0,,1,1_01/08987M
1,01/08985M,,TA01,1,,0,,1,1_01/08985M
1,01/08985M1,,TA01,1,,0,,1,1_01/08985M1
1,01/08985M2,,TA01,1,,0,,1,1_01/08985M2
1,01/08985M3,,TA01,1,,0,,1,1_01/08985M3
1,01/08985M4,,TA01,1,,0,,1,1_01/08985M4
1,01/08985M5,,TA01,1,,0,,1,1_01/08985M5
1,01/08990,,TA01,1,,0,,1,1_01/08990
1,01/08991,,TA01,1,,0,,1,1_01/08991
1,01/08989,,TA01,1,,0,,1,1_01/08989
1,01/0881704M,,TA01,1,,0,,1,1_01/0881704M
1,01/0881804M,,TA01,1,,0,,1,1_01/0881804M
1,52/99981,,TA52,1,,0,,1,1_52/99981
1,52/99982,,TA52,1,,0,,1,1_52/99982
1,04/33425,,PL04,4,,0,,1,1_04/33425
1,25/00820,,TA25,1,,0,,1,1_25/00820
1,25/00830,,TA25,1,,0,,1,1_25/00830
1,12/80800,,CV12,6,,0,,1,1_12/80800
1,01/00339R,,TA01,1,,0,,1,1_01/00339R
1,02/08754,,TI02,2,,0,,1,1_02/08754
1,02/08755,,TI02,2,,0,,1,1_02/08755
1,11/41001,,TA11,1,,0,,1,1_11/41001
1,11/41051,,TA11,1,,0,,1,1_11/41051
1,11/41201,,TA11,1,,0,,1,1_11/41201
1,02/08756,,TI02,2,,0,,1,1_02/08756
1,02/08757,,TI02,2,,0,,1,1_02/08757
1,02/08558A01,,TI02,2,,0,,1,1_02/08558A01
1,02/08558B01,,TI02,2,,0,,1,1_02/08558B01
1,01/08994,,TA01,1,,0,,1,1_01/08994
1,01/08997,,TA01,1,,0,,1,1_01/08997
1,01/8997M,,TA01,1,,0,,1,1_01/8997M
1,02/0870101,,TI02,2,,0,,1,1_02/0870101
1,54/90400,,TA54,1,,0,,1,1_54/90400
1,01/08993,,TA01,1,,0,,1,1_01/08993
1,01/08992,,TA01,1,,0,,1,1_01/08992
1,01/08992M,,TA01,1,,0,,1,1_01/08992M
1,01/08995,,TA01,1,,0,,1,1_01/08995
1,01/00339AR,,TA01,1,,,,1,1_01/00339AR
1,02/08532M,,TI02,2,,0,,1,1_02/08532M
1,01/09001,,TA01,1,,0,,1,1_01/09001
1,01/00366,,TA01,1,,0,,1,1_01/00366
1,02/08759,,TI02,2,,0,,1,1_02/08759
1,02/08760,,TI02,2,,0,,1,1_02/08760
1,02/08761,,TI02,2,,0,,1,1_02/08761
1,01/1021701,,TA01,1,,0,,1,1_01/1021701
1,04/33426,,PL04,4,,0,,1,1_04/33426
1,01/00367,,TA01,1,,0,,1,1_01/00367
1,01/08996,,TA01,1,,0,,1,1_01/08996
1,01/0897901,,TA01,1,,0,,1,1_01/0897901
1,01/0897902,,TA01,1,,0,,1,1_01/0897902
1,01/0897903,,TA01,1,,0,,1,1_01/0897903
1,01/0897904,,TA01,1,,0,,1,1_01/0897904
1,10/10660,,TI10,2,,0,,1,1_10/10660
1,10/10660M,,TI10,2,,0,,1,1_10/10660M
1,12/RQ00015,,CV12,6,,0,,1,1_12/RQ00015
1,12/RQ00016,,CV12,6,,0,,1,1_12/RQ00016
1,02/08755M,,TI02,2,,0,,1,1_02/08755M
1,01/09000,,TA01,1,,0,,1,1_01/09000
1,01/08999,,TA01,1,,0,,1,1_01/08999
1,01/08998,,TA01,1,,0,,1,1_01/08998
1,01/08998M,,TA01,1,,0,,1,1_01/08998M
1,01/0899001,,TA01,1,,0,,1,1_01/0899001
1,01/0899002,,TA01,1,,0,,1,1_01/0899002
1,PR/0013/0014-B,,TI02,2,,0,,1,1_PR/0013/0014-B
1,02/08762M,,TI02,2,,0,,1,1_02/08762M
1,01/09002,,TA01,1,,0,,1,1_01/09002
1,01/00320R,,TA01,1,,0,,1,1_01/00320R
1,01/08991M,,TA01,1,,0,,1,1_01/08991M
1,01/0899101,,TA01,1,,0,,1,1_01/0899101
1,26/60116,,TA26,1,,0,,1,1_26/60116
1,12/80801,,CV12,6,,0,,1,1_12/80801
1,01/09003,,TA01,1,,0,,1,1_01/09003
1,01/09004,,TA01,1,,0,,1,1_01/09004
1,91/80085,,XTA91,8,,,,1,1_91/80085
1,01/0899701,,TA01,1,,0,,1,1_01/0899701
1,01/09014,,TA01,1,,0,,1,1_01/09014
1,12/70013A,,CV12,6,,0,,1,1_12/70013A
1,01/09005,,TA01,1,,0,,1,1_01/09005
1,01/09006,,TA01,1,,0,,1,1_01/09006
1,01/09007,,TA01,1,,0,,1,1_01/09007
1,01/09008,,TA01,1,,0,,1,1_01/09008
1,01/09009,,TA01,1,,0,,1,1_01/09009
1,12/RQ00017,,CV12,6,,0,,1,1_12/RQ00017
1,12/PP00021,,CV12,6,,0,,1,1_12/PP00021
1,12/PP00022,,CV12,6,,0,,1,1_12/PP00022
1,01/09015,,TA01,1,,0,,1,1_01/09015
1,02/08763,,TI02,2,,0,,1,1_02/08763
1,02/08764,,TI02,2,,0,,1,1_02/08764
1,12/50103,,CV12,6,,0,,1,1_12/50103
1,91/81031,,XTA91,8,,,,1,1_91/81031
1,03/00212,,CA03,3,,0,,1,1_03/00212
1,03/00212M,,CA03,3,,0,,1,1_03/00212M
1,02/08765,,TI02,2,,0,,1,1_02/08765
1,12/70205,,CV12,6,,0,,1,1_12/70205
1,01/09016,,TA01,1,,0,,1,1_01/09016
1,02/08766,,TI02,2,,0,,1,1_02/08766
1,02/08766M,,TI02,2,,0,,1,1_02/08766M
1,10/90581M,,TI10,2,,0,,1,1_10/90581M
1,01/09010,,TA01,1,,0,,1,1_01/09010
1,01/09017,,TA01,1,,0,,1,1_01/09017
1,01/09018,,TA01,1,,0,,1,1_01/09018
1,01/00368,,TA01,1,,0,,1,1_01/00368
1,01/08968R,,TA01,1,,0,,1,1_01/08968R
1,02/08767,,TI02,2,,0,,1,1_02/08767
1,01/09019,,TA01,1,,0,,1,1_01/09019
1,12/00342,,CV12,6,,0,,1,1_12/00342
1,02/08768,,TI02,2,,0,,1,1_02/08768
1,02/08769,,TI02,2,,0,,1,1_02/08769
1,02/08623A,,TI02,2,,0,,1,1_02/08623A
1,13/10561,,CA13,3,,0,,1,1_13/10561
1,28/30129,,TA28,1,,0,,1,1_28/30129
1,55/01002MP,,TI55,2,,0,,1,1_55/01002MP
1,70/70810,,TA70,1,,0,,1,1_70/70810
1,04/33501,,PL04,4,,0,,1,1_04/33501
1,53/90200MP,,TA53,1,,0,,1,1_53/90200MP
1,01/08996A,,TA01,1,,0,,1,1_01/08996A
1,01/08996B,,TA01,1,,0,,1,1_01/08996B
1,02/08552,,TI02,2,,,,1,1_02/08552
1,01/08999A,,TA01,1,,0,,1,1_01/08999A
1,01/09009A,,TA01,1,,0,,1,1_01/09009A
1,01/09005A,,TA01,1,,0,,1,1_01/09005A
1,01/09007A,,TA01,1,,0,,1,1_01/09007A
1,94/20013,,XPL94,8,,,,1,1_94/20013
1,01/09020,,TA01,1,,0,,1,1_01/09020
1,01/09021,,TA01,1,,0,,1,1_01/09021
1,56/20014,,TA56,1,,0,,1,1_56/20014
1,01/09022,,TA01,1,,0,,1,1_01/09022
1,01/09023,,TA01,1,,0,,1,1_01/09023
1,02/08622A,,TI02,2,,0,,1,1_02/08622A
1,10/14810555,,TI10,2,,0,,1,1_10/14810555
1,10/14810555M,,TI10,2,,0,,1,1_10/14810555M
1,54/90200MP,,TA54,1,,0,,1,1_54/90200MP
1,01/00336D,,TA01,1,,0,,1,1_01/00336D
1,01/00337D,,TA01,1,,0,,1,1_01/00337D
1,PR/1007/0074,,TA01,1,,0,,1,1_PR/1007/0074
1,01/00336CR,,TA01,1,,0,,1,1_01/00336CR
1,01/09024,,TA01,1,,0,,1,1_01/09024
1,02/08771,,TI02,2,,0,,1,1_02/08771
1,04/33502,,PL04,4,,0,,1,1_04/33502
1,04/33503,,PL04,4,,0,,1,1_04/33503
1,02/08772,,TI02,2,,0,,1,1_02/08772
1,PR/1708/0006,,TA01,1,,0,,1,1_PR/1708/0006
1,55/00502MP,,TI55,2,,0,,1,1_55/00502MP
1,02/08558BR,,TI02,2,,0,,1,1_02/08558BR
1,01/08963BR,,TA01,1,,0,,1,1_01/08963BR
1,55/01502MP,,TI55,2,,0,,1,1_55/01502MP
1,02/07555R,,TI02,2,,0,,1,1_02/07555R
1,02/08773,,TI02,2,,0,,1,1_02/08773
1,55/00802MP,,TI55,2,,0,,1,1_55/00802MP
1,12/70206,,CV12,6,,0,,1,1_12/70206
1,11/00280,,TA11,1,,0,,1,1_11/00280
1,02/08558M1,,TI02,2,,0,,1,1_02/08558M1
1,01/08990R,,TA01,1,,0,,1,1_01/08990R
1,12/SB03021,,CV12,6,,0,,1,1_12/SB03021
1,12/8020101,,CV12,6,,0,,1,1_12/8020101
1,92/00012,,XTI92,8,,,,1,1_92/00012
1,01/05082,,TA01,1,,0,,1,1_01/05082
1,01/08736R,,TA01,1,,0,,1,1_01/08736R
1,01/05082R,,TA01,1,,0,,1,1_01/05082R
1,01/09025,,TA01,1,,0,,1,1_01/09025
1,51/725253,,TA51,1,,0,,1,1_51/725253
1,51/7353525,,TA51,1,,0,,1,1_51/7353525
1,01/09026,,TA01,1,,0,,1,1_01/09026
1,03/00213,,CA03,3,,0,,1,1_03/00213
1,12/00316,,CV12,6,,0,,1,1_12/00316
1,01/08736,,TA01,1,,,,1,1_01/08736
1,.YESMV,,Y,7,,,,1,1_.YESMV
1,.YESV,,Y,7,,,,1,1_.YESV
1,02/08831,,TI02,2,,0,,1,1_02/08831
1,02/08830,,TI02,2,,0,,1,1_02/08830
1,55/80603,,TI55,2,,0,,1,1_55/80603
1,12/42301201,,CV12,6,,0,,1,1_12/42301201
1,04/33725,,PL04,4,,0,,1,1_04/33725
1,01/09795M,,TA01,1,,0,,1,1_01/09795M
1,01/09794M2,,TA01,1,,0,,1,1_01/09794M2
1,12/PP26008020,,CV12,6,,0,,1,1_12/PP26008020
1,PR/0104/0050,,TI02,2,,0,,1,1_PR/0104/0050
1,02/08833,,TI02,2,,0,,1,1_02/08833
1,02/08834,,TI02,2,,0,,1,1_02/08834
1,12/0101106,,CV12,6,,0,,1,1_12/0101106
1,03/00221,,CA03,3,,0,,1,1_03/00221
1,12/54200701,,CV12,6,,0,,1,1_12/54200701
1,12/90031,,CV12,6,,0,,1,1_12/90031
1,12/90031M,,CV12,6,,0,,1,1_12/90031M
1,03/00221M,,CA03,3,,0,,1,1_03/00221M
1,28/10020M,,TA28,1,,0,,1,1_28/10020M
1,13/10617,,CA13,3,,0,,1,1_13/10617
1,01/00339A,,TA01,1,,0,,1,1_01/00339A
1,04/02115,,PL04,4,,0,,1,1_04/02115
1,.PAP-E,,604,5,,,,1,1_.PAP-E
1,.PAP-T,,604,0,,,,1,1_.PAP-T
1,01/09072,,TA01,1,,,,1,1_01/09072
1,03/00222,,CA03,3,,0,,1,1_03/00222
1,03/00220M,,CA03,3,,0,,1,1_03/00220M
1,03/00222M,,CA03,3,,0,,1,1_03/00222M
1,02/08542AR,,TI02,2,,,,1,1_02/08542AR
1,12/5230103,,CV12,6,,0,,1,1_12/5230103
1,02/08834M,,TI02,2,,,,1,1_02/08834M
1,02/08834M1,,TI02,2,,,,1,1_02/08834M1
1,MA.049-P,,YMA-MA,1,,0,,1,1_MA.049-P
1,02/08791R,,TI02,2,,,,1,1_02/08791R
1,02/08792R,,TI02,2,,0,,1,1_02/08792R
1,01/07413AM,,TA01,1,,0,,1,1_01/07413AM
1,01/07413AM1,,TA01,1,,0,,1,1_01/07413AM1
1,01/07413AM2,,TA01,1,,0,,1,1_01/07413AM2
1,01/09073,,TA01,1,,0,,1,1_01/09073
1,12/80692,,CV12,6,,0,,1,1_12/80692
1,55/01202MP,,TI55,2,,0,,1,1_55/01202MP
1,01/09074,,TA01,1,,0,,1,1_01/09074
1,02/08835,,TI02,2,,0,,1,1_02/08835
1,02/08799R,,TI02,2,,0,,1,1_02/08799R
1,02/08837,,TI02,2,,0,,1,1_02/08837
1,02/08838,,TI02,2,,0,,1,1_02/08838
1,02/08836,,TI02,2,,0,,1,1_02/08836
1,01/00376,,TA01,1,,0,,1,1_01/00376
1,12/PP00031,,CV12,6,,0,,1,1_12/PP00031
1,12/PP00032,,CV12,6,,0,,1,1_12/PP00032
1,12/PP00033,,CV12,6,,0,,1,1_12/PP00033
1,10/20830M,,TI10,2,,0,,1,1_10/20830M
1,02/08839,,TI02,2,,0,,1,1_02/08839
1,03/00223,,CA03,3,,0,,1,1_03/00223
1,03/00224,,CA03,3,,0,,1,1_03/00224
1,03/00225,,CA03,3,,0,,1,1_03/00225
1,02/0835202,,TI02,2,,0,,1,1_02/0835202
1,02/0835201,,TI02,2,,0,,1,1_02/0835201
1,02/08840,,TI02,2,,0,,1,1_02/08840
1,02/08188R,,TI02,2,,0,,1,1_02/08188R
1,03/00226,,CA03,3,,0,,1,1_03/00226
1,03/00226M,,CA03,3,,0,,1,1_03/00226M
1,03/6521180,,CA03,3,,0,,1,1_03/6521180
1,11/00021CM,,TA11,1,,,,1,1_11/00021CM
1,54/63320,,TA54,1,,0,,1,1_54/63320
1,01/09959,,TA01,1,,0,,1,1_01/09959
1,02/10244,,TI02,2,,0,,1,1_02/10244
1,12/AI20001,,CV12,6,,0,,1,1_12/AI20001
1,12/AI20001M,,CV12,6,,0,,1,1_12/AI20001M
1,12/AI20001M1,,CV12,6,,0,,1,1_12/AI20001M1
1,12/AI20002,,CV12,6,,0,,1,1_12/AI20002
1,12/AI20002M,,CV12,6,,0,,1,1_12/AI20002M
1,12/AI20002M1,,CV12,6,,0,,1,1_12/AI20002M1
1,12/FE00001,,CV12,6,,0,,1,1_12/FE00001
1,12/AI10002,,CV12,6,,0,,1,1_12/AI10002
1,12/AI10003,,CV12,6,,0,,1,1_12/AI10003
1,PR/1505/0016,,TI02,2,,0,,1,1_PR/1505/0016
1,01/00377,,TA01,1,,0,,1,1_01/00377
1,01/00379,,TA01,1,,0,,1,1_01/00379
1,01/00378,,TA01,1,,0,,1,1_01/00378
1,01/00380,,TA01,1,,0,,1,1_01/00380
1,01/00381,,TA01,1,,0,,1,1_01/00381
1,02/08841,,TI02,2,,0,,1,1_02/08841
1,01/09793M,,TA01,1,,0,,1,1_01/09793M
1,02/08842,,TI02,2,,0,,1,1_02/08842
1,PR/0048/0047,,CA03,3,,0,,1,1_PR/0048/0047
1,02/08331A,,TI02,2,,0,,1,1_02/08331A
1,02/08331AM,,TI02,2,,0,,1,1_02/08331AM
1,01/09076,,TA01,1,,0,,1,1_01/09076
1,02/08843,,TI02,2,,0,,1,1_02/08843
1,02/08287AM,,TI02,2,,,,1,1_02/08287AM
1,02/08844,,TI02,2,,0,,1,1_02/08844
1,12/80576,,CV12,6,,0,,1,1_12/80576
1,PR/0048/0048,,CA03,3,,0,,1,1_PR/0048/0048
1,02/08845,,TI02,2,,0,,1,1_02/08845
1,01/09077,,TA01,1,,0,,1,1_01/09077
1,01/09078,,TA01,1,,0,,1,1_01/09078
1,12/5315084,,CV12,6,,0,,1,1_12/5315084
1,12/302009R,,CV12,6,,0,,1,1_12/302009R
1,01/09079,,TA01,1,,0,,1,1_01/09079
1,01/09080,,TA01,1,,0,,1,1_01/09080
1,02/08287M1,,TI02,2,,,,1,1_02/08287M1
1,01/09081,,TA01,1,,0,,1,1_01/09081
1,12/301506R,,CV12,6,,0,,1,1_12/301506R
1,01/09082,,TA01,1,,0,,1,1_01/09082
1,03/1523060,,CA03,3,,0,,1,1_03/1523060
1,02/08850,,TI02,2,,0,,1,1_02/08850
1,04/33801,,PL04,4,,0,,1,1_04/33801
1,80/001000,,PL80,4,,0,,1,1_80/001000
1,01/09083,,TA01,1,,0,,1,1_01/09083
1,02/08846,,TI02,2,,0,,1,1_02/08846
1,02/08847,,TI02,2,,0,,1,1_02/08847
1,02/08848,,TI02,2,,0,,1,1_02/08848
1,02/08849,,TI02,2,,0,,1,1_02/08849
1,02/08849M,,TI02,2,,0,,1,1_02/08849M
1,02/08848M,,TI02,2,,0,,1,1_02/08848M
1,02/08847M,,TI02,2,,0,,1,1_02/08847M
1,02/08846M,,TI02,2,,0,,1,1_02/08846M
1,.ANTICIP,,C,,,,,1,1_.ANTICIP
1,PR/1520/0016,,TI02,2,,0,,1,1_PR/1520/0016
1,01/00382,,TA01,1,,0,,1,1_01/00382
1,02/08851,,TI02,2,,0,,1,1_02/08851
1,01/09994,,TA01,1,,0,,1,1_01/09994
1,01/09084,,TA01,1,,0,,1,1_01/09084
1,54/80101,,TA54,1,,0,,1,1_54/80101
1,12/00317,,CV12,6,,0,,1,1_12/00317
1,28/10002,,TA28,1,,0,,1,1_28/10002
1,11/10016M,,TA11,1,,0,,1,1_11/10016M
1,11/10016A,,TA11,1,,0,,1,1_11/10016A
1,03/00212R,,CA03,3,,0,,1,1_03/00212R
1,01/09085,,TA01,1,,,,1,1_01/09085
1,01/09086,,TA01,1,,,,1,1_01/09086
1,02/08852,,TI02,2,,,,1,1_02/08852
1,11/10201,,TA11,1,,0,,1,1_11/10201
1,26/61070,,TA26,1,,0,,1,1_26/61070
1,01/09087,,TA01,1,,,,1,1_01/09087
1,55/40251,,TI55,2,,0,,1,1_55/40251
1,01/08264A,,TA01,1,,,,1,1_01/08264A
1,PR/0104/0046,,TI02,2,,0,,1,1_PR/0104/0046
1,01/00341B,,TA01,1,,0,,1,1_01/00341B
1,02/08853,,TI02,2,,0,,1,1_02/08853
1,02/08854,,TI02,2,,0,,1,1_02/08854
1,02/08855,,TI02,2,,0,,1,1_02/08855
1,02/08853M,,TI02,2,,0,,1,1_02/08853M
1,02/08854M,,TI02,2,,0,,1,1_02/08854M
1,02/08855M,,TI02,2,,0,,1,1_02/08855M
1,12/RQ00020,,CV12,6,,0,,1,1_12/RQ00020
1,02/08856,,TI02,2,,0,,1,1_02/08856
1,03/00130R,,CA03,3,,,,1,1_03/00130R
1,55/01602MP,,TI55,2,,,,1,1_55/01602MP
1,28/10002A,,TA28,1,,0,,1,1_28/10002A
1,01/00383,,TA01,1,,,,1,1_01/00383
1,01/09089,,TA01,1,,,,1,1_01/09089
1,01/09088,,TA01,1,,,,1,1_01/09088
1,55/31510,,TI55,2,,0,,1,1_55/31510
1,55/31510MP,,TI55,2,,0,,1,1_55/31510MP
1,92/00104,,XTI92,8,,,,1,1_92/00104
1,92/00105,,XTI92,8,,,,1,1_92/00105
1,92/00106,,XTI92,8,,,,1,1_92/00106
1,03/00227,,CA03,3,,0,,1,1_03/00227
1,03/00227M,,CA03,3,,0,,1,1_03/00227M
1,03/10006,,CA03,3,,0,,1,1_03/10006
1,03/6421130,,CA03,3,,0,,1,1_03/6421130
1,02/10186A,,TI02,2,,0,,1,1_02/10186A
1,04/33274,,PL04,4,,,,1,1_04/33274
1,02/08857,,TI02,2,,,,1,1_02/08857
1,02/08857M,,TI02,2,,,,1,1_02/08857M
1,02/08856M,,TI02,2,,,,1,1_02/08856M
1,12/AI20003A,,CV12,6,,0,,1,1_12/AI20003A
1,12/AI20004,,CV12,6,,0,,1,1_12/AI20004
1,02/08798R,,TI02,2,,0,,1,1_02/08798R
1,02/07625R,,TI02,2,,0,,1,1_02/07625R
1,01/00384,,TA01,1,,,,1,1_01/00384
1,02/08858,,TI02,2,,,,1,1_02/08858
1,02/08859,,TI02,2,,0,,1,1_02/08859
1,02/08860,,TI02,2,,0,,1,1_02/08860
1,02/08861,,TI02,2,,,,1,1_02/08861
1,02/08862,,TI02,2,,0,,1,1_02/08862
1,02/08862M,,TI02,2,,0,,1,1_02/08862M
1,02/08860M,,TI02,2,,0,,1,1_02/08860M
1,02/08859M,,TI02,2,,0,,1,1_02/08859M
1,02/08858M,,TI02,2,,0,,1,1_02/08858M
1,02/08861M,,TI02,2,,0,,1,1_02/08861M
1,12/AI10004,,CV12,6,,0,,1,1_12/AI10004
1,02/08370AR,,TI02,2,,0,,1,1_02/08370AR
1,02/08583R,,TI02,2,,0,,1,1_02/08583R
1,02/08826R,,TI02,2,,0,,1,1_02/08826R
1,02/08863,,TI02,2,,0,,1,1_02/08863
1,01/09092,,TA01,1,,0,,1,1_01/09092
1,01/09092M,,TA01,1,,0,,1,1_01/09092M
1,01/09091,,TA01,1,,0,,1,1_01/09091
1,01/09091M,,TA01,1,,0,,1,1_01/09091M
1,02/08864,,TI02,2,,0,,1,1_02/08864
1,02/08865,,TI02,2,,0,,1,1_02/08865
1,03/6321045,,CA03,3,,0,,1,1_03/6321045
1,01/09090,,TA01,1,,0,,1,1_01/09090
1,01/09090M,,TA01,1,,0,,1,1_01/09090M
1,54/98010,,TA54,1,,0,,1,1_54/98010
1,01/08791M,,TA01,1,,,,1,1_01/08791M
1,01/09093,,TA01,1,,0,,1,1_01/09093
1,12/PG05507,,CV12,6,,0,,1,1_12/PG05507
1,12/PG05508,,CV12,6,,0,,1,1_12/PG05508
1,02/08856MA,,TI02,2,,,,1,1_02/08856MA
1,02/08866,,TI02,2,,,,1,1_02/08866
1,12/80592,,CV12,6,,0,,1,1_12/80592
1,01/09094,,TA01,1,,0,,1,1_01/09094
1,01/09095,,TA01,1,,0,,1,1_01/09095
1,01/09096,,TA01,1,,0,,1,1_01/09096
1,01/09097,,TA01,1,,0,,1,1_01/09097
1,02/08867,,TI02,2,,0,,1,1_02/08867
1,03/5321055,,CA03,3,,0,,1,1_03/5321055
1,12/PV00005,,CV12,6,,0,,1,1_12/PV00005
1,12/PV00006,,CV12,6,,0,,1,1_12/PV00006
1,01/08812-28,,TA01,1,,,,1,1_01/08812-28
1,01/08813-45,,TA01,1,,,,1,1_01/08813-45
1,12/70208,,CV12,6,,0,,1,1_12/70208
1,02/08868,,TI02,2,,0,,1,1_02/08868
1,02/08868M,,TI02,2,,0,,1,1_02/08868M
1,26/71260,,TA26,1,,0,,1,1_26/71260
1,26/61285,,TA26,1,,0,,1,1_26/61285
1,01/10171,,TA01,1,,0,,1,1_01/10171
1,PR/0617/0300,,TI02,2,,0,,1,1_PR/0617/0300
1,12/PP00034,,CV12,6,,0,,1,1_12/PP00034
1,57/00040MPA,,TA01,1,,0,,1,1_57/00040MPA
1,26/61290,,TA26,1,,,,1,1_26/61290
1,12/51830A,,CV12,6,,0,,1,1_12/51830A
1,03/5521100,,CA03,3,,0,,1,1_03/5521100
1,01/09098,,TA01,1,,0,,1,1_01/09098
1,01/09099,,TA01,1,,0,,1,1_01/09099
1,01/09100,,TA01,1,,0,,1,1_01/09100
1,02/08869,,TI02,2,,0,,1,1_02/08869
1,01/09101,,TA01,1,,0,,1,1_01/09101
1,PR/1047/0022,,TA01,1,,0,,1,1_PR/1047/0022
1,01/09101M,,TA01,1,,0,,1,1_01/09101M
1,01/09101M1,,TA01,1,,0,,1,1_01/09101M1
1,54/80044M,,TA01,1,,0,,1,1_54/80044M
1,12/80656,,CV12,6,,0,,1,1_12/80656
1,PR/0267/0031,,TI02,2,,0,,1,1_PR/0267/0031
1,PR/ITEC/0003,,TI02,2,,0,,1,1_PR/ITEC/0003
1,02/2423048,,CA03,3,,0,,1,1_02/2423048
1,02/08748AR,,TI02,2,,0,,1,1_02/08748AR
1,02/08748R,,TI02,2,,0,,1,1_02/08748R
1,02/08748BR,,TI02,2,,0,,1,1_02/08748BR
1,02/08748CR,,TI02,2,,0,,1,1_02/08748CR
1,02/09701B,,TI02,2,,0,,1,1_02/09701B
1,02/09701A02,,TI02,2,,0,,1,1_02/09701A02
1,12/PP00035,,CV12,6,,0,,1,1_12/PP00035
1,10/111670,,TI10,2,,,,1,1_10/111670
1,10/111670M,,TI10,2,,,,1,1_10/111670M
1,10/10163M,,TI10,2,,,,1,1_10/10163M
1,10/10196M,,TI10,2,,,,1,1_10/10196M
1,01/09102,,TA01,1,,0,,1,1_01/09102
1,02/08558B02,,TI02,2,,,,1,1_02/08558B02
1,02/08558M2,,TI02,2,,,,1,1_02/08558M2
1,01/09013M,,TA01,1,,0,,1,1_01/09013M
1,55/610010,,TI55,2,,0,,1,1_55/610010
1,57/325015,,TA57,1,,0,,1,1_57/325015
1,55/6604040,,TI55,2,,0,,1,1_55/6604040
1,55/6404040,,TI55,2,,0,,1,1_55/6404040
1,55/6606040,,TI55,2,,0,,1,1_55/6606040
1,55/318015,,TI55,2,,0,,1,1_55/318015
1,55/34015,,TI55,2,,0,,1,1_55/34015
1,55/36015,,TI55,2,,0,,1,1_55/36015
1,55/41002,,TI55,2,,0,,1,1_55/41002
1,55/33010,,TI55,2,,0,,1,1_55/33010
1,03/5421103,,CA03,3,,,,1,1_03/5421103
1,01/09013,,TA01,1,,,,1,1_01/09013
1,01/09013R,,TA01,1,,,,1,1_01/09013R
1,54/33015,,TA54,1,,,,1,1_54/33015
1,01/09104,,TA01,1,,,,1,1_01/09104
1,12/T31600106A,,CV12,6,,0,,1,1_12/T31600106A
1,04/01121,,PL04,4,,0,,1,1_04/01121
1,12/RT00003,,CV12,6,,0,,1,1_12/RT00003
1,01/09105,,TA01,1,,0,,1,1_01/09105
1,01/09105R,,TA01,1,,0,,1,1_01/09105R
1,03/6421080R,,CA03,3,,0,,1,1_03/6421080R
1,12/L3495000012,,CV12,6,,0,,1,1_12/L3495000012
1,02/08287AM1,,TI02,2,,0,,1,1_02/08287AM1
1,02/08360A,,TI02,2,,0,,1,1_02/08360A
1,02/08287A,,TI02,2,,0,,1,1_02/08287A
1,02/08871,,TI02,2,,0,,1,1_02/08871
1,02/08872,,TI02,2,,0,,1,1_02/08872
1,02/08873,,TI02,2,,0,,1,1_02/08873
1,02/08874,,TI02,2,,0,,1,1_02/08874
1,02/08875,,TI02,2,,0,,1,1_02/08875
1,02/08876,,TI02,2,,0,,1,1_02/08876
1,01/09106A,,TA01,1,,0,,1,1_01/09106A
1,01/09106,,TA01,1,,0,,1,1_01/09106
1,55/6303030,,TI55,2,,0,,1,1_55/6303030
1,01/0881204M,,TA01,1,,,,1,1_01/0881204M
1,55/CUTI10254,,TI55,2,,0,,1,1_55/CUTI10254
1,02/08877,,TI02,2,,0,,1,1_02/08877
1,01/08813-38,,TA01,1,,,,1,1_01/08813-38
1,02/08876M,,TI02,2,,0,,1,1_02/08876M
1,02/08876M1,,TI02,2,,0,,1,1_02/08876M1
1,02/08875M,,TI02,2,,0,,1,1_02/08875M
1,02/08874M,,TI02,2,,0,,1,1_02/08874M
1,02/08874M1,,TI02,2,,0,,1,1_02/08874M1
1,02/08873M,,TI02,2,,0,,1,1_02/08873M
1,02/08872M,,TI02,2,,0,,1,1_02/08872M
1,01/09106R,,TA01,1,,0,,1,1_01/09106R
1,01/09106AR,,TA01,1,,0,,1,1_01/09106AR
1,02/08878,,TI02,2,,0,,1,1_02/08878
1,02/08878M,,TI02,2,,0,,1,1_02/08878M
1,02/08879,,TI02,2,,0,,1,1_02/08879
1,02/08879M,,TI02,2,,0,,1,1_02/08879M
1,02/08880,,TI02,2,,0,,1,1_02/08880
1,02/08880M,,TI02,2,,0,,1,1_02/08880M
1,02/08881,,TI02,2,,0,,1,1_02/08881
1,02/08881M,,TI02,2,,0,,1,1_02/08881M
1,02/08882,,TI02,2,,0,,1,1_02/08882
1,02/08882M,,TI02,2,,0,,1,1_02/08882M
1,02/08883,,TI02,2,,0,,1,1_02/08883
1,02/08883M,,TI02,2,,0,,1,1_02/08883M
1,13/10514A,,CA13,3,,0,,1,1_13/10514A
1,12/90000A,,CV12,6,,0,,1,1_12/90000A
1,01/09107,,TA01,1,,0,,1,1_01/09107
1,01/09110,,TA01,1,,0,,1,1_01/09110
1,01/09111,,TA01,1,,0,,1,1_01/09111
1,01/09108,,TA01,1,,0,,1,1_01/09108
1,01/09109,,TA01,1,,0,,1,1_01/09109
1,04/33751,,PL04,4,,0,,1,1_04/33751
1,01/00384A,,TA01,1,,0,,1,1_01/00384A
1,01/00385,,TA01,1,,0,,1,1_01/00385
1,03/1421070,,CA03,3,,0,,1,1_03/1421070
1,01/00374A,,TA01,1,,0,,1,1_01/00374A
1,02/08885,,TI02,2,,0,,1,1_02/08885
1,02/08884,,TI02,2,,0,,1,1_02/08884
1,02/08884M,,TI02,2,,0,,1,1_02/08884M
1,02/08885M,,TI02,2,,0,,1,1_02/08885M
1,02/08886,,TI02,2,,0,,1,1_02/08886
1,02/08887,,TI02,2,,0,,1,1_02/08887
1,02/08887M,,TI02,2,,0,,1,1_02/08887M
1,02/08886M,,TI02,2,,0,,1,1_02/08886M
1,12/5222061,,CV12,6,,0,,1,1_12/5222061
1,12/52200571,,CV12,6,,0,,1,1_12/52200571
1,02/08888,,TI02,2,,0,,1,1_02/08888
1,02/08888M,,TI02,2,,0,,1,1_02/08888M
1,55/00402MP,,TI55,2,,0,,1,1_55/00402MP
1,02/08889,,TI02,2,,0,,1,1_02/08889
1,04/01202A,,PL04,4,,0,,1,1_04/01202A
1,02/08360AR,,TI02,2,,0,,1,1_02/08360AR
1,02/08888M1,,TI02,2,,0,,1,1_02/08888M1
1,03/00228,,CA03,3,,0,,1,1_03/00228
1,PR/1047/0029,,TA01,1,,0,,1,1_PR/1047/0029
1,02/061700018,,TI02,2,,0,,1,1_02/061700018
1,02/09646M4,,TI02,2,,0,,1,1_02/09646M4
1,12/PG00314,,CV12,6,,0,,1,1_12/PG00314
1,12/PG05606,,CV12,6,,0,,1,1_12/PG05606
1,12/PP00036,,CV12,6,,0,,1,1_12/PP00036
1,12/80593,,CV12,6,,0,,1,1_12/80593
1,02/08827R,,TI02,2,,0,,1,1_02/08827R
1,02/08778R,,TI02,2,,0,,1,1_02/08778R
1,01/09112,,TA01,1,,0,,1,1_01/09112
1,01/00386,,TA01,1,,0,,1,1_01/00386
1,02/08875M1,,TI02,2,,0,,1,1_02/08875M1
1,02/08875M2,,TI02,2,,0,,1,1_02/08875M2
1,02/08681R,,TI02,2,,0,,1,1_02/08681R
1,01/00387,,TA01,1,,0,,1,1_01/00387
1,01/00388,,TA01,1,,0,,1,1_01/00388
1,02/08890,,TI02,2,,0,,1,1_02/08890
1,02/08891,,TI02,2,,0,,1,1_02/08891
1,02/08892,,TI02,2,,0,,1,1_02/08892
1,02/08897,,TI02,2,,0,,1,1_02/08897
1,02/08896,,TI02,2,,0,,1,1_02/08896
1,02/08895,,TI02,2,,0,,1,1_02/08895
1,02/08894,,TI02,2,,0,,1,1_02/08894
1,54/40030,,TA54,1,,0,,1,1_54/40030
1,02/08836R,,TI02,2,,0,,1,1_02/08836R
1,54/40010,,TA54,1,,0,,1,1_54/40010
1,11/10013M1,,TA11,1,,0,,1,1_11/10013M1
1,01/09114,,TA01,1,,0,,1,1_01/09114
1,01/09113,,TA01,1,,0,,1,1_01/09113
1,55/401574,,TI55,2,,0,,1,1_55/401574
1,02/08894M,,TI02,2,,0,,1,1_02/08894M
1,02/08895M,,TI02,2,,0,,1,1_02/08895M
1,02/08896M,,TI02,2,,0,,1,1_02/08896M
1,02/08897M,,TI02,2,,0,,1,1_02/08897M
1,03/2421054,,CA03,3,,0,,1,1_03/2421054
1,03/00198R,,CA03,3,,0,,1,1_03/00198R
1,02/08287AR,,TI02,2,,0,,1,1_02/08287AR
1,01/00389,,TA01,1,,0,,1,1_01/00389
1,01/00390,,TA01,1,,0,,1,1_01/00390
1,01/00386A,,TA01,1,,0,,1,1_01/00386A
1,01/09117,,TA01,1,,0,,1,1_01/09117
1,01/09116,,TA01,1,,0,,1,1_01/09116
1,01/09115,,TA01,1,,0,,1,1_01/09115
1,70/10503,,TA70,1,,0,,1,1_70/10503
1,01/00390R,,TA01,1,,0,,1,1_01/00390R
1,02/08898,,TI02,2,,0,,1,1_02/08898
1,02/08899,,TI02,2,,0,,1,1_02/08899
1,02/08905,,TI02,2,,0,,1,1_02/08905
1,02/07893R,,TI02,2,,0,,1,1_02/07893R
1,02/08873M1,,TI02,2,,0,,1,1_02/08873M1
1,02/08901,,TI02,2,,0,,1,1_02/08901
1,02/08902,,TI02,2,,0,,1,1_02/08902
1,02/08903,,TI02,2,,0,,1,1_02/08903
1,02/08904,,TI02,2,,0,,1,1_02/08904
1,02/08901M,,TI02,2,,0,,1,1_02/08901M
1,02/08902M,,TI02,2,,0,,1,1_02/08902M
1,02/08903M,,TI02,2,,0,,1,1_02/08903M
1,02/08904M,,TI02,2,,0,,1,1_02/08904M
1,02/0770901R,,TI02,2,,0,,1,1_02/0770901R
1,02/0770902R,,TI02,2,,0,,1,1_02/0770902R
1,02/08900,,TI02,2,,0,,1,1_02/08900
1,02/07478,,TI02,2,,0,,1,1_02/07478
1,03/6423080,,CA03,3,,0,,1,1_03/6423080
1,01/09118,,TA01,1,,0,,1,1_01/09118
1,12/00318,,CV12,6,,0,,1,1_12/00318
1,02/08899M,,TI02,2,,,,1,1_02/08899M
1,02/08906,,TI02,2,,,,1,1_02/08906
1,02/08905M,,TI02,2,,0,,1,1_02/08905M
1,02/08906M,,TI02,2,,0,,1,1_02/08906M
1,02/08874M2,,TI02,2,,0,,1,1_02/08874M2
1,02/08874M3,,TI02,2,,0,,1,1_02/08874M3
1,02/08872M1,,TI02,2,,0,,1,1_02/08872M1
1,02/08872M2,,TI02,2,,0,,1,1_02/08872M2
1,02/08872M3,,TI02,2,,0,,1,1_02/08872M3
1,02/08875M3,,TI02,2,,0,,1,1_02/08875M3
1,01/09119,,TA01,1,,0,,1,1_01/09119
1,01/09120,,TA01,1,,0,,1,1_01/09120
1,02/09952M2,,TI02,2,,0,,1,1_02/09952M2
1,02/09952M3,,TI02,2,,0,,1,1_02/09952M3
1,PR/0617/0077,,TI02,3,,0,,1,1_PR/0617/0077
1,PR/1107/0004-B,,TA01,1,,0,,1,1_PR/1107/0004-B
1,02/08779R,,TI02,2,,0,,1,1_02/08779R
1,02/08907,,TI02,2,,0,,1,1_02/08907
1,02/08908,,TI02,2,,0,,1,1_02/08908
1,02/08909,,TI02,2,,0,,1,1_02/08909
1,02/08910,,TI02,2,,0,,1,1_02/08910
1,01/08332M1,,TA01,1,,,,1,1_01/08332M1
1,51/34006,,TA51,1,,,,1,1_51/34006
1,02/08911,,TI02,2,,0,,1,1_02/08911
1,12/90011R,,CV12,6,,,,1,1_12/90011R
1,26/620845,,TA26,1,,0,,1,1_26/620845
1,02/08871M,,TI02,2,,0,,1,1_02/08871M
1,02/08873M2,,TI02,2,,0,,1,1_02/08873M2
1,02/08912,,TI02,2,,0,,1,1_02/08912
1,02/08913,,TI02,2,,0,,1,1_02/08913
1,28/30270,,TA28,1,,,,1,1_28/30270
1,02/08922,,TI02,2,,0,,1,1_02/08922
1,02/08922M,,TI02,2,,0,,1,1_02/08922M
1,12/TI00001,,CV12,6,,0,,1,1_12/TI00001
1,12/TI00001M,,CV12,6,,0,,1,1_12/TI00001M
1,12/TI00001M1,,CV12,6,,0,,1,1_12/TI00001M1
1,01/08091,,TA01,1,,0,,1,1_01/08091
1,26/30520,,TA26,1,,0,,1,1_26/30520
1,02/08919M,,TI02,2,,0,,1,1_02/08919M
1,02/08919,,TI02,2,,0,,1,1_02/08919
1,02/08920,,TI02,2,,0,,1,1_02/08920
1,02/08920M,,TI02,2,,0,,1,1_02/08920M
1,02/08921,,TI02,2,,0,,1,1_02/08921
1,02/08921M,,TI02,2,,0,,1,1_02/08921M
1,02/08914,,TI02,2,,0,,1,1_02/08914
1,02/08915,,TI02,2,,0,,1,1_02/08915
1,02/08916,,TI02,2,,0,,1,1_02/08916
1,02/08917,,TI02,2,,0,,1,1_02/08917
1,02/08918,,TI02,2,,0,,1,1_02/08918
1,02/08914M,,TI02,2,,0,,1,1_02/08914M
1,02/08915M,,TI02,2,,0,,1,1_02/08915M
1,02/08916M,,TI02,2,,0,,1,1_02/08916M
1,02/08917M,,TI02,2,,0,,1,1_02/08917M
1,02/08918M,,TI02,2,,0,,1,1_02/08918M
1,28/10004,,TA28,1,,0,,1,1_28/10004
1,12/PP00037,,CV12,6,,0,,1,1_12/PP00037
1,12/RT00004,,CV12,6,,0,,1,1_12/RT00004
1,12/PP00038,,CV12,6,,0,,1,1_12/PP00038
1,12/50009,,CV12,6,,0,,1,1_12/50009
1,03/1223040,,CA03,3,,0,,1,1_03/1223040
1,01/09123,,TA01,1,,0,,1,1_01/09123
1,54/90300,,TA54,1,,,,1,1_54/90300
1,02/08923,,TI02,2,,0,,1,1_02/08923
1,04/02125,,PL04,4,,0,,1,1_04/02125
1,01/09124,,TA01,1,,0,,1,1_01/09124
1,02/08924,,TI02,2,,0,,1,1_02/08924
1,01/09125,,TA01,1,,0,,1,1_01/09125
1,03/00274R,,CA03,3,,0,,1,1_03/00274R
1,01/08839R,,TA01,1,,0,,1,1_01/08839R
1,02/08925,,TI02,2,,0,,1,1_02/08925
1,03/00229,,CA03,3,,0,,1,1_03/00229
1,02/08876M2,,TI02,2,,0,,1,1_02/08876M2
1,02/08926,,TI02,2,,0,,1,1_02/08926
1,02/08926M,,TI02,2,,0,,1,1_02/08926M
1,01/00386B,,TA01,1,,0,,1,1_01/00386B
1,02/08089A,,TI02,2,,0,,1,1_02/08089A
1,12/L0151-001R,,CV12,6,,0,,1,1_12/L0151-001R
1,PR/1217/0004,,TI02,2,,0,,1,1_PR/1217/0004
1,02/08927M,,TI02,2,,0,,1,1_02/08927M
1,02/08927M1,,TI02,2,,0,,1,1_02/08927M1
1,12/70013B01,,CV12,6,,0,,1,1_12/70013B01
1,02/08928M,,TI02,2,,0,,1,1_02/08928M
1,10/10243,,TI10,2,,0,,1,1_10/10243
1,02/061700031,,TI02,2,,0,,1,1_02/061700031
1,10/11235M,,TI10,2,,0,,1,1_10/11235M
1,10/11015,,TI10,2,,0,,1,1_10/11015
1,10/11015M,,TI10,2,,0,,1,1_10/11015M
1,01/139700001,,TA01,1,,0,,1,1_01/139700001
1,10/10203M,,TI10,2,,0,,1,1_10/10203M
1,12/80721,,CV12,6,,0,,1,1_12/80721
1,12/80804,,CV12,6,,0,,1,1_12/80804
1,12/80805,,CV12,6,,0,,1,1_12/80805
1,56/40004,,TA56,1,,0,,1,1_56/40004
1,12/80806,,CV12,6,,0,,1,1_12/80806
1,27/00830,,TA27,1,,0,,1,1_27/00830
1,27/00108,,TA27,1,,0,,1,1_27/00108
1,27/00208,,TA27,1,,0,,1,1_27/00208
1,01/09127,,TA01,1,,0,,1,1_01/09127
1,02/08929R,,TI02,2,,0,,1,1_02/08929R
1,02/08089AM,,TI02,2,,0,,1,1_02/08089AM
1,10/111645,,TI10,2,,0,,1,1_10/111645
1,10/111645M,,TI10,2,,0,,1,1_10/111645M
1,02/08930,,TI02,2,,0,,1,1_02/08930
1,02/08930M,,TI02,2,,0,,1,1_02/08930M
1,12/372008,,CV12,6,,0,,1,1_12/372008
1,02/08931,,TI02,2,,0,,1,1_02/08931
1,02/08931M,,TI02,2,,0,,1,1_02/08931M
1,02/08932,,TI02,2,,0,,1,1_02/08932
1,02/08932M,,TI02,2,,0,,1,1_02/08932M
1,02/08933,,TI02,2,,0,,1,1_02/08933
1,02/08933M,,TI02,2,,0,,1,1_02/08933M
1,02/08934,,TI02,2,,0,,1,1_02/08934
1,02/08934M,,TI02,2,,0,,1,1_02/08934M
1,02/08928,,TI02,2,,0,,1,1_02/08928
1,04/00060,,PL04,4,,0,,1,1_04/00060
1,04/01203A,,PL04,4,,0,,1,1_04/01203A
1,04/01204A,,PL04,4,,0,,1,1_04/01204A
1,02/08935,,TI02,2,,0,,1,1_02/08935
1,02/08936,,TI02,2,,0,,1,1_02/08936
1,12/80808,,CV12,6,,0,,1,1_12/80808
1,02/08910R,,TI02,2,,0,,1,1_02/08910R
1,02/08909R,,TI02,2,,0,,1,1_02/08909R
1,01/09128,,TA01,1,,0,,1,1_01/09128
1,12/00343,,CV12,1,,0,,1,1_12/00343
1,11/10202,,TA11,1,,0,,1,1_11/10202
1,10/1487540,,TI10,2,,0,,1,1_10/1487540
1,10/1467540,,TI10,2,,0,,1,1_10/1467540
1,10/1487540M,,TI10,2,,0,,1,1_10/1487540M
1,10/1467540M,,TI10,2,,0,,1,1_10/1467540M
1,02/08941,,TI02,2,,0,,1,1_02/08941
1,02/08941M,,TI02,2,,0,,1,1_02/08941M
1,02/08942,,TI02,2,,0,,1,1_02/08942
1,02/08942M,,TI02,2,,0,,1,1_02/08942M
1,02/08943,,TI02,2,,,,1,1_02/08943
1,02/08944,,TI02,2,,,,1,1_02/08944
1,02/08944M,,TI02,2,,,,1,1_02/08944M
1,02/08943M,,TI02,2,,,,1,1_02/08943M
1,PR/0617/0061,,TI02,2,,0,,1,1_PR/0617/0061
1,03/00230M,,CA03,3,,0,,1,1_03/00230M
1,02/08945M,,TI02,2,,0,,1,1_02/08945M
1,02/08945M1,,TI02,2,,0,,1,1_02/08945M1
1,02/08945M2,,TI02,2,,0,,1,1_02/08945M2
1,02/08945M3,,TI02,2,,0,,1,1_02/08945M3
1,02/08945M4,,TI02,2,,0,,1,1_02/08945M4
1,02/08945M5,,TI02,2,,0,,1,1_02/08945M5
1,02/08945,,TI02,2,,0,,1,1_02/08945
1,02/08558C01,,TI02,2,,0,,1,1_02/08558C01
1,02/08946,,TI02,2,,0,,1,1_02/08946
1,02/08947,,TI02,2,,0,,1,1_02/08947
1,02/08946M,,TI02,2,,0,,1,1_02/08946M
1,02/08947M,,TI02,2,,0,,1,1_02/08947M
1,55/6603540,,TI55,5,,0,,1,1_55/6603540
1,02/08907R,,TI02,2,,0,,1,1_02/08907R
1,02/08908R,,TI02,2,,0,,1,1_02/08908R
1,02/08912R,,TI02,2,,0,,1,1_02/08912R
1,02/08913R,,TI02,2,,0,,1,1_02/08913R
1,02/08948,,TI02,2,,0,,1,1_02/08948
1,01/08985R,,TA01,1,,0,,1,1_01/08985R
1,01/00320A,,TA01,1,,0,,1,1_01/00320A
1,02/08950,,TI02,2,,0,,1,1_02/08950
1,02/08950M,,TI02,2,,0,,1,1_02/08950M
1,02/08238A,,TI02,2,,0,,1,1_02/08238A
1,02/08240A,,TI02,2,,0,,1,1_02/08240A
1,02/08949,,TI02,2,,0,,1,1_02/08949
1,12/AI30003,,CV12,6,,0,,1,1_12/AI30003
1,12/AI30003M,,CV12,6,,0,,1,1_12/AI30003M
1,12/AI30003M1,,CV12,6,,0,,1,1_12/AI30003M1
1,12/00344,,CV12,6,,0,,1,1_12/00344
1,01/09129,,TA01,1,,0,,1,1_01/09129
1,04/33802,,PL04,4,,0,,1,1_04/33802
1,04/33803,,PL04,4,,0,,1,1_04/33803
1,04/33804,,PL04,4,,0,,1,1_04/33804
1,12/PP00040,,CV12,6,,0,,1,1_12/PP00040
1,01/09131,,TA01,1,,0,,1,1_01/09131
1,02/08559B,,TI02,2,,0,,1,1_02/08559B
1,04/20027,,PL04,4,,0,,1,1_04/20027
1,02/08951,,TI02,2,,0,,1,1_02/08951
1,01/09130,,TA01,1,,0,,1,1_01/09130
1,02/08952,,TI02,2,,0,,1,1_02/08952
1,02/08953,,TI02,2,,0,,1,1_02/08953
1,PR/0617/0190,,TI02,2,,0,,1,1_PR/0617/0190
1,03/00231,,CA03,3,,0,,1,1_03/00231
1,03/00231M,,CA03,3,,0,,1,1_03/00231M
1,02/08937,,TI02,2,,0,,1,1_02/08937
1,02/08938,,TI02,2,,0,,1,1_02/08938
1,02/08940,,TI02,2,,0,,1,1_02/08940
1,02/08939,,TI02,2,,0,,1,1_02/08939
1,12/SB05101,,CV12,6,,0,,1,1_12/SB05101
1,01/00334AR,,TA01,1,,0,,1,1_01/00334AR
1,03/00232,,CA03,3,,0,,1,1_03/00232
1,03/00232M,,CA03,3,,0,,1,1_03/00232M
1,02/08954,,TI02,2,,0,,1,1_02/08954
1,02/08954M,,TI02,2,,0,,1,1_02/08954M
1,02/08957,,TI02,2,,0,,1,1_02/08957
1,01/09132,,TA01,1,,0,,1,1_01/09132
1,02/08955,,TI02,2,,0,,1,1_02/08955
1,02/08956,,TI02,2,,0,,1,1_02/08956
1,01/09133,,TA01,1,,0,,1,1_01/09133
1,01/09134,,TA01,1,,0,,1,1_01/09134
1,10/11835A,,TI10,2,,0,,1,1_10/11835A
1,10/11835AM,,TI10,2,,0,,1,1_10/11835AM
1,01/00334B,,TA01,1,,0,,1,1_01/00334B
1,01/09135,,TA01,1,,0,,1,1_01/09135
1,01/00334C,,TA01,1,,0,,1,1_01/00334C
1,11/00023A,,TA11,1,,0,,1,1_11/00023A
1,01/09138,,TA01,1,,0,,1,1_01/09138
1,01/09139,,TA01,1,,0,,1,1_01/09139
1,01/09140,,TA01,1,,0,,1,1_01/09140
1,01/09141,,TA01,1,,0,,1,1_01/09141
1,01/09142,,TA01,1,,0,,1,1_01/09142
1,01/09136,,TA01,1,,0,,1,1_01/09136
1,02/10011A,,TI02,2,,0,,1,1_02/10011A
1,02/08959,,TI02,2,,0,,1,1_02/08959
1,10/11245M,,TI02,2,,0,,1,1_10/11245M
1,01/09143,,TA01,1,,0,,1,1_01/09143
1,01/09137,,TA01,1,,0,,1,1_01/09137
1,02/08961,,TI02,2,,0,,1,1_02/08961
1,10/10545,,TI10,2,,0,,1,1_10/10545
1,10/10545M,,TI10,2,,0,,1,1_10/10545M
1,10/10445,,TI10,2,,0,,1,1_10/10445
1,10/10445M,,TI10,2,,0,,1,1_10/10445M
1,01/09134M,,TA01,1,,,,1,1_01/09134M
1,12/80809,,CV12,6,,0,,1,1_12/80809
1,03/00233,,CA03,3,,0,,1,1_03/00233
1,03/00233M,,CA03,3,,0,,1,1_03/00233M
1,CM.091-R,,YMA-CM,1,,0,,1,1_CM.091-R
1,02/08963,,TI02,2,,0,,1,1_02/08963
1,02/08964,,TI02,2,,0,,1,1_02/08964
1,02/08965,,TI02,2,,0,,1,1_02/08965
1,02/08966,,TI02,2,,0,,1,1_02/08966
1,01/09145,,TA01,1,,0,,1,1_01/09145
1,01/09144,,TA01,1,,0,,1,1_01/09144
1,01/09146,,TA01,1,,0,,1,1_01/09146
1,01/09147,,TA01,1,,0,,1,1_01/09147
1,01/09148,,TA01,1,,0,,1,1_01/09148
1,03/00234,,CA03,3,,0,,1,1_03/00234
1,54/90251MP,,TA54,1,,,,1,1_54/90251MP
1,03/00233M1,,CA03,3,,0,,1,1_03/00233M1
1,26/70835,,TA26,1,,0,,1,1_26/70835
1,10/14625,,TI10,2,,0,,1,1_10/14625
1,10/14625M,,TI10,2,,0,,1,1_10/14625M
1,11/00023B,,TA11,1,,0,,1,1_11/00023B
1,11/00023BM,,TA11,1,,0,,1,1_11/00023BM
1,11/00020B,,TA11,1,,0,,1,1_11/00020B
1,02/0875301,,TI02,2,,0,,1,1_02/0875301
1,02/0875302,,TI02,2,,0,,1,1_02/0875302
1,01/00391,,TA01,1,,0,,1,1_01/00391
1,01/09149,,TA01,1,,0,,1,1_01/09149
1,02/08967,,TI02,2,,0,,1,1_02/08967
1,02/08505R,,TI02,2,,0,,1,1_02/08505R
1,CM.105-P,,YMA-CM,1,,0,,1,1_CM.105-P
1,02/08968,,TI02,2,,0,,1,1_02/08968
1,02/08969,,TI02,2,,0,,1,1_02/08969
1,02/08970,,TI02,2,,0,,1,1_02/08970
1,02/08971,,TI02,2,,0,,1,1_02/08971
1,02/08968M,,TI02,2,,0,,1,1_02/08968M
1,02/08969M,,TI02,2,,0,,1,1_02/08969M
1,02/08970M,,TI02,2,,0,,1,1_02/08970M
1,02/08971M,,TI02,2,,0,,1,1_02/08971M
1,55/35012,,TI55,2,,0,,1,1_55/35012
1,55/35014,,TI55,2,,0,,1,1_55/35014
1,55/35015,,TI55,2,,0,,1,1_55/35015
1,02/08972,,TI02,2,,0,,1,1_02/08972
1,02/08973,,TI02,2,,0,,1,1_02/08973
1,02/08972M,,TI02,2,,0,,1,1_02/08972M
1,02/08973M,,TI02,2,,0,,1,1_02/08973M
1,02/08974,,TI02,2,,0,,1,1_02/08974
1,02/08974M,,TI02,2,,,,1,1_02/08974M
1,02/08975,,TI02,2,,0,,1,1_02/08975
1,02/08975M,,TI02,2,,0,,1,1_02/08975M
1,02/08976,,TI02,2,,0,,1,1_02/08976
1,01/09150,,TA01,1,,0,,1,1_01/09150
1,02/08977,,TI02,2,,0,,1,1_02/08977
1,55/34508,,TI55,2,,0,,1,1_55/34508
1,55/34510,,TI55,2,,0,,1,1_55/34510
1,02/08977M,,TI02,2,,0,,1,1_02/08977M
1,10/16410M,,TI10,2,,0,,1,1_10/16410M
1,01/00334CR,,TA01,1,,0,,1,1_01/00334CR
1,12/PG15003,,CV12,6,,0,,1,1_12/PG15003
1,12/PG15001,,CV12,6,,0,,1,1_12/PG15001
1,02/08710R,,TI02,2,,0,,1,1_02/08710R
1,02/08238AR,,TI02,2,,0,,1,1_02/08238AR
1,02/08949R,,TI02,2,,0,,1,1_02/08949R
1,02/08240AR,,TI02,2,,0,,1,1_02/08240AR
1,02/08555R,,TI02,2,,0,,1,1_02/08555R
1,02/08242,,TI02,2,,0,,1,1_02/08242
1,02/08979M,,TI02,2,,0,,1,1_02/08979M
1,02/08979M1,,TI02,2,,0,,1,1_02/08979M1
1,02/08980,,TI02,2,,0,,1,1_02/08980
1,02/08981,,TI02,2,,0,,1,1_02/08981
1,02/08981M,,TI02,2,,0,,1,1_02/08981M
1,02/08980M,,TI02,2,,0,,1,1_02/08980M
1,12/PV00007,,CV12,6,,0,,1,1_12/PV00007
1,12/PV00008,,CV12,6,,0,,1,1_12/PV00008
1,01/00392,,TA01,1,,0,,1,1_01/00392
1,01/00393,,TA01,1,,0,,1,1_01/00393
1,03/2421059,,CA03,3,,0,,1,1_03/2421059
1,01/181100001,,TA01,1,,0,,1,1_01/181100001
1,02/08753R,,TI02,2,,0,,1,1_02/08753R
1,03/00127A,,CA03,3,,0,,1,1_03/00127A
1,03/00127M,,CA03,3,,0,,1,1_03/00127M
1,03/00127AM,,CA03,3,,0,,1,1_03/00127AM
1,02/10360M,,TI02,2,,0,,1,1_02/10360M
1,01/09151,,TA01,1,,0,,1,1_01/09151
1,01/09151M,,TA01,1,,0,,1,1_01/09151M
1,02/08982,,TI02,2,,0,,1,1_02/08982
1,02/08984,,TI02,2,,0,,1,1_02/08984
1,02/08985,,TI02,2,,0,,1,1_02/08985
1,54/00700,,TA54,1,,0,,1,1_54/00700
1,02/08962,,TI02,2,,0,,1,1_02/08962
1,02/1065402,,TI02,2,,0,,1,1_02/1065402
1,01/09147R,,TA01,1,,0,,1,1_01/09147R
1,02/08986,,TI02,2,,0,,1,1_02/08986
1,02/08987,,TI02,2,,0,,1,1_02/08987
1,01/061700001,,TA01,1,,0,,1,1_01/061700001
1,02/08987M,,TI02,2,,0,,1,1_02/08987M
1,55/66027,,TI55,2,,0,,1,1_55/66027
1,02/08350A,,TI02,2,,0,,1,1_02/08350A
1,02/07966A,,TI02,2,,0,,1,1_02/07966A
1,01/09152,,TA01,1,,0,,1,1_01/09152
1,01/09153,,TA01,1,,0,,1,1_01/09153
1,02/08991,,TI02,2,,0,,1,1_02/08991
1,02/08991M,,TI02,2,,0,,1,1_02/08991M
1,02/08991M1,,TI02,2,,0,,1,1_02/08991M1
1,12/70098,,CV12,6,,0,,1,1_12/70098
1,12/78000,,CV12,6,,0,,1,1_12/78000
1,02/08990,,TI02,2,,0,,1,1_02/08990
1,02/08988,,TI02,2,,0,,1,1_02/08988
1,02/0898901,,TI02,2,,0,,1,1_02/0898901
1,02/0898903,,TI02,2,,0,,1,1_02/0898903
1,02/0898904,,TI02,2,,0,,1,1_02/0898904
1,02/0898905,,TI02,2,,0,,1,1_02/0898905
1,02/0898906,,TI02,2,,0,,1,1_02/0898906
1,02/0899002,,TI02,2,,0,,1,1_02/0899002
1,02/08989,,TI02,2,,0,,1,1_02/08989
1,02/0899001,,TI02,2,,0,,1,1_02/0899001
1,02/0898902,,TI02,2,,0,,1,1_02/0898902
1,12/SB02010R,,CV12,6,,0,,1,1_12/SB02010R
1,01/09119M,,TA01,1,,0,,1,1_01/09119M
1,02/0899005,,TI02,2,,0,,1,1_02/0899005
1,02/0899004,,TI02,2,,0,,1,1_02/0899004
1,02/0899003,,TI02,2,,0,,1,1_02/0899003
1,12/PP00041,,CV12,6,,0,,1,1_12/PP00041
1,12/PP00042,,CV12,6,,0,,1,1_12/PP00042
1,12/5130171,,CV12,6,,0,,1,1_12/5130171
1,55/00403MP,,TI55,2,,0,,1,1_55/00403MP
1,12/5222061R,,CV12,6,,0,,1,1_12/5222061R
1,12/PV00009,,CV12,6,,0,,1,1_12/PV00009
1,02/07941R,,TI02,2,,0,,1,1_02/07941R
1,PR/1384/0001,,TA01,1,,0,,1,1_PR/1384/0001
1,02/08097R,,TI02,2,,0,,1,1_02/08097R
1,02/08787R,,TI02,2,,0,,1,1_02/08787R
1,02/07878R,,TI02,2,,0,,1,1_02/07878R
1,02/07730R,,TI02,2,,0,,1,1_02/07730R
1,01/09154,,TA01,1,,0,,1,1_01/09154
1,02/08867R,,TI02,2,,0,,1,1_02/08867R
1,02/08784R,,TI02,2,,,,1,1_02/08784R
1,01/00394,,TA01,1,,0,,1,1_01/00394
1,01/00395,,TA01,1,,0,,1,1_01/00395
1,54/90250,,TA54,1,,0,,1,1_54/90250
1,12/3020081,,CV12,6,,0,,1,1_12/3020081
1,02/08992,,TI02,2,,0,,1,1_02/08992
1,01/09155,,TA01,1,,0,,1,1_01/09155
1,02/0898901M,,TI02,2,,,,1,1_02/0898901M
1,02/0898901M1,,TI02,2,,,,1,1_02/0898901M1
1,02/0898902M,,TI02,2,,,,1,1_02/0898902M
1,02/0898902M1,,TI02,2,,,,1,1_02/0898902M1
1,02/0898902M2,,TI02,2,,,,1,1_02/0898902M2
1,02/0898903M,,TI02,2,,,,1,1_02/0898903M
1,02/0898904M,,TI02,2,,,,1,1_02/0898904M
1,02/0898904M1,,TI02,2,,,,1,1_02/0898904M1
1,02/0898904M2,,TI02,2,,,,1,1_02/0898904M2
1,02/0898905M,,TI02,2,,,,1,1_02/0898905M
1,02/0898906M,,TI02,2,,,,1,1_02/0898906M
1,02/0899001M,,TI02,2,,,,1,1_02/0899001M
1,02/0899001M1,,TI02,2,,,,1,1_02/0899001M1
1,02/0899002M,,TI02,2,,,,1,1_02/0899002M
1,02/0899004M,,TI02,2,,,,1,1_02/0899004M
1,02/0899005M,,TI02,2,,,,1,1_02/0899005M
1,01/00375DR,,TA01,1,,0,,1,1_01/00375DR
1,01/09148R,,TA01,1,,0,,1,1_01/09148R
1,55/02002,,TI55,2,,0,,1,1_55/02002
1,55/01802MP,,TI55,2,,0,,1,1_55/01802MP
1,PR/1690/0015-A,,TA01,1,,0,,1,1_PR/1690/0015-A
1,01/09156,,TA01,1,,0,,1,1_01/09156
1,01/09157,,TA01,1,,0,,1,1_01/09157
1,01/09158,,TA01,1,,0,,1,1_01/09158
1,01/09159,,TA01,1,,0,,1,1_01/09159
1,01/09160,,TA01,1,,0,,1,1_01/09160
1,01/09161,,TA01,1,,0,,1,1_01/09161
1,01/09140A,,TA01,1,,0,,1,1_01/09140A
1,01/09162,,TA01,1,,0,,1,1_01/09162
1,01/09163,,TA01,1,,0,,1,1_01/09163
1,01/09142A,,TA01,1,,0,,1,1_01/09142A
1,12/CF0003505,,CV12,6,,0,,1,1_12/CF0003505
1,01/09164,,TA01,1,,0,,1,1_01/09164
1,01/09165,,TA01,1,,0,,1,1_01/09165
1,01/09166,,TA01,1,,0,,1,1_01/09166
1,02/08993,,TI02,2,,0,,1,1_02/08993
1,02/08994,,TI02,2,,0,,1,1_02/08994
1,12/70013A01R,,CV12,6,,0,,1,1_12/70013A01R
1,01/07413AR,,TA01,1,,0,,1,1_01/07413AR
1,01/07856R,,TA01,1,,0,,1,1_01/07856R
1,01/09025R,,TA01,1,,0,,1,1_01/09025R
1,02/07782R,,TI02,2,,0,,1,1_02/07782R
1,01/09156H,,TA01,1,,0,,1,1_01/09156H
1,01/09157H,,TA01,1,,0,,1,1_01/09157H
1,01/09158H,,TA01,1,,0,,1,1_01/09158H
1,01/09159H,,TA01,1,,0,,1,1_01/09159H
1,01/09160H,,TA01,1,,0,,1,1_01/09160H
1,01/09161H,,TA01,1,,0,,1,1_01/09161H
1,12/50006R,,CV12,6,,0,,1,1_12/50006R
1,01/09142AH,,TA01,1,,0,,1,1_01/09142AH
1,01/09140AH,,TA01,1,,0,,1,1_01/09140AH
1,01/09162H,,TA01,1,,0,,1,1_01/09162H
1,01/09163H,,TA01,1,,0,,1,1_01/09163H
1,04/01109,,PL04,4,,0,,1,1_04/01109
1,04/01109A,,PL04,4,,0,,1,1_04/01109A
1,04/01110,,PL04,4,,0,,1,1_04/01110
1,04/01110A,,PL04,4,,0,,1,1_04/01110A
1,10/10645,,TI10,2,,,,1,1_10/10645
1,10/10645M,,TI10,2,,0,,1,1_10/10645M
1,01/09140AM,,TA01,1,,0,,1,1_01/09140AM
1,01/09140AM1,,TA01,1,,0,,1,1_01/09140AM1
1,01/09140AM2,,TA01,1,,0,,1,1_01/09140AM2
1,03/00235,,CA03,3,,0,,1,1_03/00235
1,01/0741401,,TA01,1,,0,,1,1_01/0741401
1,01/08104M1,,TA01,1,,0,,1,1_01/08104M1
1,10/13880,,TI10,2,,0,,1,1_10/13880
1,10/13880M,,TI10,2,,0,,1,1_10/13880M
1,55/20017MP,,TI55,2,,0,,1,1_55/20017MP
1,70/01110,,TA70,1,,0,,1,1_70/01110
1,51/00080,,TA51,1,,0,,1,1_51/00080
1,52/62215,,TA52,1,,0,,1,1_52/62215
1,12/615020,,CV12,6,,0,,1,1_12/615020
1,01/09164M,,TA01,1,,0,,1,1_01/09164M
1,01/09164M1,,TA01,1,,0,,1,1_01/09164M1
1,58/32505,,TA58,1,,0,,1,1_58/32505
1,02/08995,,TI02,2,,0,,1,1_02/08995
1,01/09167,,TA01,1,,0,,1,1_01/09167
1,PR/1477/0001,,TA01,1,,0,,1,1_PR/1477/0001
1,02/08997,,TI02,2,,0,,1,1_02/08997
1,02/08995M,,TI02,2,,0,,1,1_02/08995M
1,12/CH01010410,,CV12,6,,0,,1,1_12/CH01010410
1,03/00236M,,CA03,3,,0,,1,1_03/00236M
1,12/6221001,,CV12,6,,0,,1,1_12/6221001
1,12/5215046,,CV12,6,,0,,1,1_12/5215046
1,12/5310046,,CV12,6,,0,,1,1_12/5310046
1,01/09168,,TA01,1,,0,,1,1_01/09168
1,01/09169,,TA01,1,,0,,1,1_01/09169
1,01/09170,,TA01,1,,0,,1,1_01/09170
1,01/09171,,TA01,1,,0,,1,1_01/09171
1,01/09172,,TA01,1,,0,,1,1_01/09172
1,01/09173,,TA01,1,,0,,1,1_01/09173
1,01/09174,,TA01,1,,0,,1,1_01/09174
1,01/09175,,TA01,1,,0,,1,1_01/09175
1,02/08998,,TI02,2,,0,,1,1_02/08998
1,04/01111,,PL04,4,,0,,1,1_04/01111
1,04/01111A,,PL04,4,,0,,1,1_04/01111A
1,.YESRH,,Y,8,,,,1,1_.YESRH
1,53/32508,,TA53,1,,0,,1,1_53/32508
1,54/720202010,,TA54,1,,0,,1,1_54/720202010
1,01/09175M,,TA01,1,,0,,1,1_01/09175M
1,01/09175M1,,TA01,1,,0,,1,1_01/09175M1
1,01/00396,,TA01,1,,0,,1,1_01/00396
1,01/00397,,TA01,1,,0,,1,1_01/00397
1,01/09176,,TA01,1,,0,,1,1_01/09176
1,01/09177,,TA01,1,,0,,1,1_01/09177
1,01/09178,,TA01,1,,0,,1,1_01/09178
1,91/81026,,XTA91,8,,,,1,1_91/81026
1,03/00237M,,CA03,3,,0,,1,1_03/00237M
1,02/08999,,TI02,2,,0,,1,1_02/08999
1,02/09000,,TI02,2,,0,,1,1_02/09000
1,02/09001,,TI02,2,,0,,1,1_02/09001
1,02/08999M,,TI02,2,,0,,1,1_02/08999M
1,02/09000M,,TI02,2,,0,,1,1_02/09000M
1,02/09001M,,TI02,2,,0,,1,1_02/09001M
1,11/31519,,TA11,1,,0,,1,1_11/31519
1,11/31518,,TA11,1,,0,,1,1_11/31518
1,11/31518M,,TA11,1,,0,,1,1_11/31518M
1,11/31519M,,TA11,1,,0,,1,1_11/31519M
1,01/09176H,,TA01,1,,0,,1,1_01/09176H
1,01/09177H,,TA01,1,,0,,1,1_01/09177H
1,01/09178H,,TA01,1,,0,,1,1_01/09178H
1,11/31518M1,,TA11,1,,0,,1,1_11/31518M1
1,11/31519M1,,TA11,1,,0,,1,1_11/31519M1
1,11/31518M2,,TA11,1,,0,,1,1_11/31518M2
1,11/31519M2,,TA11,1,,0,,1,1_11/31519M2
1,54/34010,,TA54,1,,0,,1,1_54/34010
1,53/451003,,TA53,1,,0,,1,1_53/451003
1,53/63315,,TA53,1,,0,,1,1_53/63315
1,53/720202010,,TA53,1,,0,,1,1_53/720202010
1,01/09179,,TA01,1,,0,,1,1_01/09179
1,12/PV00010,,CV12,6,,0,,1,1_12/PV00010
1,01/0917501,,TA01,1,,0,,1,1_01/0917501
1,01/0917502,,TA01,1,,0,,1,1_01/0917502
1,01/09180,,TA01,1,,0,,1,1_01/09180
1,PR/0970/0006,,TA01,1,,0,,1,1_PR/0970/0006
1,02/0856601,,TI02,2,,0,,1,1_02/0856601
1,01/09164M2,,TA01,1,,0,,1,1_01/09164M2
1,01/09147M,,TA01,1,,0,,1,1_01/09147M
1,03/1521055,,CA03,3,,0,,1,1_03/1521055
1,02/09004,,TI02,2,,0,,1,1_02/09004
1,10/02074M,,TI10,2,,0,,1,1_10/02074M
1,01/0881717,,TA01,1,,0,,1,1_01/0881717
1,01/0917503,,TA01,1,,0,,1,1_01/0917503
1,12/80810,,CV12,6,,0,,1,1_12/80810
1,12/80689,,CV12,6,,0,,1,1_12/80689
1,01/09182,,TA01,1,,0,,1,1_01/09182
1,01/09181,,TA01,1,,0,,1,1_01/09181
1,01/09183,,TA01,1,,0,,1,1_01/09183
1,01/00396R,,TA01,1,,0,,1,1_01/00396R
1,01/00394A,,TA01,1,,0,,1,1_01/00394A
1,51/34025,,TA51,1,,0,,1,1_51/34025
1,01/09184,,TA01,1,,0,,1,1_01/09184
1,01/09133M,,TA01,1,,0,,1,1_01/09133M
1,PR/INRE/0006,,TA01,1,,0,,1,1_PR/INRE/0006
1,PR/INRE/0005,,TA01,1,,0,,1,1_PR/INRE/0005
1,02/09005,,TI02,2,,0,,1,1_02/09005
1,PR/0104/0051,,TI02,2,,0,,1,1_PR/0104/0051
1,01/09185,,TA01,1,,0,,1,1_01/09185
1,01/09186,,TA01,1,,0,,1,1_01/09186
1,01/09499,,TA01,1,,0,,1,1_01/09499
1,12/00345,,CV12,6,,0,,1,1_12/00345
1,12/513013,,CV12,6,,0,,1,1_12/513013
1,12/511506,,CV12,6,,0,,1,1_12/511506
1,91/03007,,XTA91,8,,,,1,1_91/03007
1,04/01104A,,PL04,4,,0,,1,1_04/01104A
1,01/09187,,TA01,1,,0,,1,1_01/09187
1,11/31604,,TA11,1,,0,,1,1_11/31604
1,02/09009,,TI02,2,,0,,1,1_02/09009
1,02/0900901,,TI02,2,,0,,1,1_02/0900901
1,02/0900902,,TI02,2,,0,,1,1_02/0900902
1,01/08631M,,TA01,1,,0,,1,1_01/08631M
1,02/08952R,,TI02,2,,0,,1,1_02/08952R
1,02/08953R,,TI02,2,,0,,1,1_02/08953R
1,01/09160R,,TA01,1,,0,,1,1_01/09160R
1,02/09011,,TI02,2,,0,,1,1_02/09011
1,04/01104AM,,PL04,4,,0,,1,1_04/01104AM
1,03/00238,,CA03,3,,0,,1,1_03/00238
1,12/80025,,CV12,6,,0,,1,1_12/80025
1,12/80811,,CV12,6,,0,,1,1_12/80811
1,12/TP328H,,CV12,6,,0,,1,1_12/TP328H
1,02/09005R,,TI02,2,,0,,1,1_02/09005R
1,03/00239,,CA03,3,,0,,1,1_03/00239
1,03/00239M,,CA03,3,,0,,1,1_03/00239M
1,12/SB00021,,CV12,6,,0,,1,1_12/SB00021
1,12/SB0002502,,CV12,6,,0,,1,1_12/SB0002502
1,02/08349R,,TI02,2,,0,,1,1_02/08349R
1,01/09189,,TA01,1,,0,,1,1_01/09189
1,01/09188,,TA01,1,,0,,1,1_01/09188
1,02/08546AR,,TI02,2,,0,,1,1_02/08546AR
1,.YTAP0,,Y,7,,,,1,1_.YTAP0
1,01/0918801,,TA01,1,,0,,1,1_01/0918801
1,01/0918802,,TA01,1,,0,,1,1_01/0918802
1,01/0918803,,TA01,1,,0,,1,1_01/0918803
1,01/0918901,,TA01,1,,0,,1,1_01/0918901
1,01/09188M,,TA01,1,,0,,1,1_01/09188M
1,01/00398,,TA01,1,,0,,1,1_01/00398
1,UP.121,,YMA-UP,1,,0,,1,1_UP.121
1,01/09190,,TA01,1,,0,,1,1_01/09190
1,12/SB0002503,,CV12,6,,0,,1,1_12/SB0002503
1,12/SB0002504,,CV12,6,,0,,1,1_12/SB0002504
1,01/09191,,TA01,1,,0,,1,1_01/09191
1,02/09012,,TI02,2,,0,,1,1_02/09012
1,02/09012M,,TI02,2,,0,,1,1_02/09012M
1,02/09012M1,,TI02,2,,0,,1,1_02/09012M1
1,10/14845,,TI10,2,,0,,1,1_10/14845
1,10/14845M,,TI10,2,,0,,1,1_10/14845M
1,02/09013,,TI02,2,,0,,1,1_02/09013
1,02/09014,,TI02,2,,0,,1,1_02/09014
1,01/09164R,,TA01,1,,0,,1,1_01/09164R
1,01/09192,,TA01,1,,0,,1,1_01/09192
1,01/08741R,,TA01,1,,0,,1,1_01/08741R
1,02/09015,,TI02,2,,0,,1,1_02/09015
1,02/09016,,TI02,2,,0,,1,1_02/09016
1,02/09017,,TI02,2,,0,,1,1_02/09017
1,01/08101A,,TA01,1,,0,,1,1_01/08101A
1,01/09116A,,TA01,1,,0,,1,1_01/09116A
1,02/09018,,TI02,2,,0,,1,1_02/09018
1,02/09019,,TI02,2,,0,,1,1_02/09019
1,01/08414R,,TA01,1,,0,,1,1_01/08414R
1,01/08101AM,,TA01,1,,0,,1,1_01/08101AM
1,PR/1595/0001,,TI02,2,,0,,1,1_PR/1595/0001
1,PR/0301/0029-B,,TA01,1,,0,,1,1_PR/0301/0029-B
1,12/80004CL,,CV12,6,,0,,1,1_12/80004CL
1,01/09181A,,TA01,1,,0,,1,1_01/09181A
1,01/09193,,TA01,1,,0,,1,1_01/09193
1,01/09193M,,TA01,1,,0,,1,1_01/09193M
1,01/09116AM,,TA01,1,,0,,1,1_01/09116AM
1,02/0980301,,TI02,2,,0,,1,1_02/0980301
1,03/00240,,CA03,3,,0,,1,1_03/00240
1,03/2421060,,CA03,3,,0,,1,1_03/2421060
1,01/00399,,TA01,1,,0,,1,1_01/00399
1,02/09018M,,TI02,2,,0,,1,1_02/09018M
1,02/09018M1,,TI02,2,,0,,1,1_02/09018M1
1,02/09018M2,,TI02,2,,0,,1,1_02/09018M2
1,02/09018M3,,TI02,2,,0,,1,1_02/09018M3
1,02/09018M4,,TI02,2,,0,,1,1_02/09018M4
1,02/09018M5,,TI02,2,,0,,1,1_02/09018M5
1,02/09019M,,TI02,2,,0,,1,1_02/09019M
1,01/09116AM1,,TA01,1,,0,,1,1_01/09116AM1
1,01/00395A,,TA01,1,,0,,1,1_01/00395A
1,12/303012,,CV12,6,,0,,1,1_12/303012
1,01/09194,,TA01,1,,0,,1,1_01/09194
1,01/09194H,,TA01,1,,0,,1,1_01/09194H
1,01/09195,,TA01,1,,0,,1,1_01/09195
1,01/09196,,TA01,1,,0,,1,1_01/09196
1,01/00395AM,,TA01,1,,0,,1,1_01/00395AM
1,12/PG0513302,,CV12,6,,0,,1,1_12/PG0513302
1,12/PG0513304,,CV12,6,,0,,1,1_12/PG0513304
1,01/09197,,TA01,1,,0,,1,1_01/09197
1,02/09020,,TI02,2,,0,,1,1_02/09020
1,02/09021,,TI02,2,,0,,1,1_02/09021
1,12/303012R,,CV12,6,,0,,1,1_12/303012R
1,UP.121-02,,YMA-UP,1,,0,,1,1_UP.121-02
1,01/09199,,TA01,1,,0,,1,1_01/09199
1,01/09200,,TA01,1,,0,,1,1_01/09200
1,01/09201,,TA01,1,,0,,1,1_01/09201
1,70/21020MP,,TA70,1,,0,,1,1_70/21020MP
1,02/09022,,TI02,2,,0,,1,1_02/09022
1,01/00400,,TA01,1,,0,,1,1_01/00400
1,01/0881805,,TA01,1,,0,,1,1_01/0881805
1,01/0881806,,TA01,1,,0,,1,1_01/0881806
1,PR/0617/0100,,TI02,2,,0,,1,1_PR/0617/0100
1,12/AI10005,,CV12,6,,0,,1,1_12/AI10005
1,01/00318A,,TA01,1,,0,,1,1_01/00318A
1,01/00400R,,TA01,1,,0,,1,1_01/00400R
1,01/09199M,,TA01,1,,0,,1,1_01/09199M
1,12/70210,,CV12,6,,0,,1,1_12/70210
1,04/02123,,PL04,4,,0,,1,1_04/02123
1,01/0916401,,TA01,1,,0,,1,1_01/0916401
1,01/00401,,TA01,1,,0,,1,1_01/00401
1,01/00402,,TA01,1,,0,,1,1_01/00402
1,03/1631075,,CA03,3,,0,,1,1_03/1631075
1,02/09023,,TI02,2,,0,,1,1_02/09023
1,02/09024,,TI02,2,,0,,1,1_02/09024
1,02/09023M,,TI02,2,,0,,1,1_02/09023M
1,02/09024M,,TI02,2,,0,,1,1_02/09024M
1,01/09202,,TA01,1,,0,,1,1_01/09202
1,11/00019R,,TA11,1,,0,,1,1_11/00019R
1,01/09157R,,TA01,1,,0,,1,1_01/09157R
1,01/09156R,,TA01,1,,0,,1,1_01/09156R
1,26/60003,,TA26,2,,0,,1,1_26/60003
1,26/60004,,TA26,1,,0,,1,1_26/60004
1,04/33752,,PL04,4,,0,,1,1_04/33752
1,01/00395B,,TA01,1,,0,,1,1_01/00395B
1,01/09203,,TA01,1,,0,,1,1_01/09203
1,02/09025,,TI02,2,,0,,1,1_02/09025
1,02/0902501,,TI02,2,,0,,1,1_02/0902501
1,01/00399A,,TA01,1,,0,,1,1_01/00399A
1,02/08521R,,TI02,2,,0,,1,1_02/08521R
1,02/09026,,TI02,2,,0,,1,1_02/09026
1,02/09026M,,TI02,2,,0,,1,1_02/09026M
1,02/09027,,TI02,2,,0,,1,1_02/09027
1,01/00403,,TA01,1,,0,,1,1_01/00403
1,02/09028R,,TI02,2,,0,,1,1_02/09028R
1,04/00206A,,PL04,4,,0,,1,1_04/00206A
1,04/00207A,,PL04,4,,0,,1,1_04/00207A
1,02/09025R,,TI02,2,,0,,1,1_02/09025R
1,01/09204,,TA01,1,,0,,1,1_01/09204
1,01/09205,,TA01,1,,0,,1,1_01/09205
1,01/09206,,TA01,1,,0,,1,1_01/09206
1,04/01103A,,PL04,4,,0,,1,1_04/01103A
1,04/01103AM,,PL04,4,,0,,1,1_04/01103AM
1,02/0878801,,TI02,2,,0,,1,1_02/0878801
1,03/00238R,,CA03,3,,0,,1,1_03/00238R
1,01/00417R,,TA01,1,,0,,1,1_01/00417R
1,01/00406,,TA01,1,,0,,1,1_01/00406
1,02/08440R,,TI02,2,,0,,1,1_02/08440R
1,01/0991101,,TA01,1,,0,,1,1_01/0991101
1,02/08627R,,TI02,2,,0,,1,1_02/08627R
1,02/08046M,,TI02,2,,0,,1,1_02/08046M
1,04/00726,,PL04,4,,0,,1,1_04/00726
1,04/00727,,PL04,4,,0,,1,1_04/00727
1,04/00728,,PL04,4,,0,,1,1_04/00728
1,.W977,,W,9,,,,1,1_.W977
1,55/10063MP,,TI55,2,,,,1,1_55/10063MP
1,01/08641A,,TA01,1,,0,,1,1_01/08641A
1,01/00407,,TA01,1,,0,,1,1_01/00407
1,01/00399B,,TA01,1,,0,,1,1_01/00399B
1,55/33010MP,,TI55,2,,0,,1,1_55/33010MP
1,02/07151R,,TI02,2,,0,,1,1_02/07151R
1,02/08614R,,TI02,2,,0,,1,1_02/08614R
1,02/08615R,,TI02,2,,0,,1,1_02/08615R
1,01/08641AM,,TA01,1,,0,,1,1_01/08641AM
1,01/08641AM1,,TA01,1,,0,,1,1_01/08641AM1
1,02/09029,,TI02,2,,0,,1,1_02/09029
1,02/09029M,,TI02,2,,0,,1,1_02/09029M
1,02/09030,,TI02,2,,0,,1,1_02/09030
1,02/09030M,,TI02,2,,0,,1,1_02/09030M
1,02/09031,,TI02,2,,0,,1,1_02/09031
1,02/09031M,,TI02,2,,0,,1,1_02/09031M
1,02/08423R,,TI02,2,,0,,1,1_02/08423R
1,04/02117R,,PL04,4,,0,,1,1_04/02117R
1,01/00408,,TA01,1,,0,,1,1_01/00408
1,01/00409,,TA01,1,,0,,1,1_01/00409
1,01/00410,,TA01,1,,0,,1,1_01/00410
1,01/00411,,TA01,1,,0,,1,1_01/00411
1,10/111680,,TI10,2,,0,,1,1_10/111680
1,10/111680M,,TI10,2,,0,,1,1_10/111680M
1,01/09207,,TA01,1,,0,,1,1_01/09207
1,02/08788R,,TI02,2,,0,,1,1_02/08788R
1,03/00241,,CA03,3,,0,,1,1_03/00241
1,01/09827,,TA01,1,,0,,1,1_01/09827
1,03/00241M,,CA03,3,,0,,1,1_03/00241M
1,03/00242M,,CA03,3,,0,,1,1_03/00242M
1,04/00208A,,PL04,4,,0,,1,1_04/00208A
1,04/00209A,,PL04,4,,0,,1,1_04/00209A
1,10/11410,,TI10,2,,0,,1,1_10/11410
1,10/11410M,,TI10,2,,0,,1,1_10/11410M
1,03/1521100R,,CA03,3,,0,,1,1_03/1521100R
1,02/03588R,,TI02,2,,0,,1,1_02/03588R
1,01/0741301,,TA01,1,,0,,1,1_01/0741301
1,01/0812201,,TA01,1,,0,,1,1_01/0812201
1,02/09032,,TI02,2,,0,,1,1_02/09032
1,02/09033,,TI02,2,,0,,1,1_02/09033
1,02/09033M,,TI02,2,,0,,1,1_02/09033M
1,02/09032M,,TI02,2,,0,,1,1_02/09032M
1,55/20013MP,,TI55,2,,0,,1,1_55/20013MP
1,01/09155R,,TA01,1,,0,,1,1_01/09155R
1,02/09034,,TI02,2,,0,,1,1_02/09034
1,12/PP00043,,CV12,6,,0,,1,1_12/PP00043
1,PR/0970/0006-A,,TA01,1,,0,,1,1_PR/0970/0006-A
1,01/00339C,,TA01,1,,0,,1,1_01/00339C
1,01/09036,,TA01,1,,0,,1,1_01/09036
1,01/09036M,,TA01,1,,0,,1,1_01/09036M
1,01/09208,,TA01,1,,0,,1,1_01/09208
1,01/00399C,,TA01,1,,0,,1,1_01/00399C
1,02/09037,,TI02,2,,0,,1,1_02/09037
1,01/09209,,TA01,1,,0,,1,1_01/09209
1,01/09209M,,TA01,1,,0,,1,1_01/09209M
1,03/00243,,CA03,3,,0,,1,1_03/00243
1,01/09183A,,TA01,1,,0,,1,1_01/09183A
1,01/09183B,,TA01,1,,0,,1,1_01/09183B
1,02/09038,,TI02,2,,0,,1,1_02/09038
1,01/00409R,,TA01,1,,0,,1,1_01/00409R
1,01/00399R,,TA01,1,,0,,1,1_01/00399R
1,12/PG05538,,CV12,6,,0,,1,1_12/PG05538
1,01/09210,,TA01,1,,0,,1,1_01/09210
1,01/09211,,TA01,1,,0,,1,1_01/09211
1,01/09212,,TA01,1,,0,,1,1_01/09212
1,02/08205R,,TI02,2,,0,,1,1_02/08205R
1,01/00402R,,TA01,1,,0,,1,1_01/00402R
1,02/09039,,TI02,2,,0,,1,1_02/09039
1,01/09210M,,TA01,1,,0,,1,1_01/09210M
1,01/09210M1,,TA01,1,,0,,1,1_01/09210M1
1,01/09210M2,,TA01,1,,0,,1,1_01/09210M2
1,03/00369,,CA03,3,,0,,1,1_03/00369
1,02/09040,,TI02,2,,0,,1,1_02/09040
1,01/00412,,TA01,1,,0,,1,1_01/00412
1,01/00413,,TA01,1,,0,,1,1_01/00413
1,01/00414,,TA01,1,,0,,1,1_01/00414
1,01/00417,,TA01,1,,0,,1,1_01/00417
1,01/00416,,TA01,1,,0,,1,1_01/00416
1,01/00415,,TA01,1,,0,,1,1_01/00415
1,01/00418,,TA01,1,,0,,1,1_01/00418
1,12/PG05533,,CV12,6,,0,,1,1_12/PG05533
1,12/PG05534,,CV12,6,,0,,1,1_12/PG05534
1,PR/1708/0031,,TI02,2,,0,,1,1_PR/1708/0031
1,PR/EKTA/0004,,TA01,1,,0,,1,1_PR/EKTA/0004
1,02/09043,,TI02,2,,0,,1,1_02/09043
1,02/09041,,TI02,2,,0,,1,1_02/09041
1,02/09041A,,TI02,2,,0,,1,1_02/09041A
1,PR/0634/0028,,TI02,2,,0,,1,1_PR/0634/0028
1,10/10140M,,TI10,2,,0,,1,1_10/10140M
1,02/09044,,TI02,2,,0,,1,1_02/09044
1,12/80812,,CV12,6,,0,,1,1_12/80812
1,02/09045,,TI02,2,,0,,1,1_02/09045
1,12/PP00044,,CV12,6,,0,,1,1_12/PP00044
1,12/PP00045,,CV12,6,,0,,1,1_12/PP00045
1,01/09213,,TA01,1,,0,,1,1_01/09213
1,01/09213M,,TA01,1,,0,,1,1_01/09213M
1,01/10158,,TA01,1,,0,,1,1_01/10158
1,12/80813,,CV12,6,,0,,1,1_12/80813
1,02/09043M,,TI02,2,,0,,1,1_02/09043M
1,02/09043M1,,TI02,2,,0,,1,1_02/09043M1
1,02/09043M2,,TI02,2,,0,,1,1_02/09043M2
1,02/09043M3,,TI02,2,,0,,1,1_02/09043M3
1,02/09043M4,,TI02,2,,0,,1,1_02/09043M4
1,02/09043M5,,TI02,2,,,,1,1_02/09043M5
1,03/00245,,CA03,3,,0,,1,1_03/00245
1,11/31517,,TA11,1,,0,,1,1_11/31517
1,03/00239R,,CA03,3,,0,,1,1_03/00239R
1,.25,,501,1,,0,,1,1_.25
1,01/09214,,TA01,1,,0,,1,1_01/09214
1,01/09215,,TA01,1,,0,,1,1_01/09215
1,04/02166A,,PL04,4,,0,,1,1_04/02166A
1,02/09047,,TI02,2,,0,,1,1_02/09047
1,01/09216,,TA01,1,,0,,1,1_01/09216
1,01/09217,,TA01,1,,0,,1,1_01/09217
1,01/09218,,TA01,1,,0,,1,1_01/09218
1,01/09219,,TA01,1,,0,,1,1_01/09219
1,02/08842R,,TI02,2,,0,,1,1_02/08842R
1,02/09047M,,TI02,2,,0,,1,1_02/09047M
1,02/09949R,,TI02,2,,0,,1,1_02/09949R
1,02/09043M6,,TI02,2,,0,,1,1_02/09043M6
1,02/09046M,,TI02,2,,0,,1,1_02/09046M
1,02/09043M7,,TI02,2,,0,,1,1_02/09043M7
1,02/08808A,,TI02,2,,0,,1,1_02/08808A
1,56/80004,,TA56,1,,0,,1,1_56/80004
1,01/00412R,,TA01,1,,0,,1,1_01/00412R
1,01/09221,,TA01,1,,0,,1,1_01/09221
1,02/09048,,TI02,2,,0,,1,1_02/09048
1,26/204251,,TA26,1,,0,,1,1_26/204251
1,26/002041,,TA26,1,,0,,1,1_26/002041
1,26/204101,,TA26,1,,0,,1,1_26/204101
1,26/20416,,TA26,1,,0,,1,1_26/20416
1,26/002051,,TA26,1,,0,,1,1_26/002051
1,26/206161,,TA26,1,,0,,1,1_26/206161
1,26/002061,,TA26,1,,0,,1,1_26/002061
1,53/90025,,TA53,1,,0,,1,1_53/90025
1,01/00421,,TA01,1,,0,,1,1_01/00421
1,53/32003,,TA53,1,,0,,1,1_53/32003
1,01/09228,,TA01,1,,0,,1,1_01/09228
1,02/08299AR,,TI02,2,,0,,1,1_02/08299AR
1,02/09049R,,TI02,2,,0,,1,1_02/09049R
1,01/09222,,TA01,1,,0,,1,1_01/09222
1,01/09223,,TA01,1,,0,,1,1_01/09223
1,01/09224,,TA01,1,,0,,1,1_01/09224
1,01/09225,,TA01,1,,0,,1,1_01/09225
1,01/09226,,TA01,1,,0,,1,1_01/09226
1,01/09227,,TA01,1,,0,,1,1_01/09227
1,02/07714R,,TI02,2,,0,,1,1_02/07714R
1,02/09043M8,,TI02,2,,0,,1,1_02/09043M8
1,01/09223M,,TA01,1,,0,,1,1_01/09223M
1,01/09223M1,,TA01,1,,0,,1,1_01/09223M1
1,01/09223M2,,TA01,1,,0,,1,1_01/09223M2
1,01/09225M,,TA01,1,,0,,1,1_01/09225M
1,01/09225M1,,TA01,1,,0,,1,1_01/09225M1
1,01/09226M1,,TA01,1,,0,,1,1_01/09226M1
1,02/08299AM,,TI02,2,,0,,1,1_02/08299AM
1,02/09049M,,TI02,2,,0,,1,1_02/09049M
1,12/10016,,CV12,6,,0,,1,1_12/10016
1,02/09050,,TI02,2,,0,,1,1_02/09050
1,02/10786,,TI02,2,,0,,1,1_02/10786
1,02/006600001,,TI02,2,,0,,1,1_02/006600001
1,03/00363,,CA03,3,,0,,1,1_03/00363
1,10/10507M,,TI10,2,,0,,1,1_10/10507M
1,01/00401R,,TA01,1,,0,,1,1_01/00401R
1,03/1423115,,CA03,3,,0,,1,1_03/1423115
1,03/1433115,,CA03,3,,0,,1,1_03/1433115
1,01/08362R,,TA01,1,,0,,1,1_01/08362R
1,01/09226M,,TA01,1,,0,,1,1_01/09226M
1,01/09222M,,TA01,1,,0,,1,1_01/09222M
1,01/09225M2,,TA01,1,,0,,1,1_01/09225M2
1,02/08997R,,TI02,2,,0,,1,1_02/08997R
1,01/00422,,TA01,1,,0,,1,1_01/00422
1,03/1533115,,CA03,1,,0,,1,1_03/1533115
1,12/50104,,CV12,6,,0,,1,1_12/50104
1,12/70211,,CV12,6,,0,,1,1_12/70211
1,11/40001,,TA11,1,,0,,1,1_11/40001
1,11/40002,,TA11,1,,0,,1,1_11/40002
1,PR/1389/0002,,TI02,2,,0,,1,1_PR/1389/0002
1,02/08900R,,TI02,2,,0,,1,1_02/08900R
1,01/09229,,TA01,1,,0,,1,1_01/09229
1,01/09230,,TA01,1,,0,,1,1_01/09230
1,11/01031,,TA11,1,,0,,1,1_11/01031
1,03/00234R,,CA03,3,,0,,1,1_03/00234R
1,01/00422R,,TA01,1,,0,,1,1_01/00422R
1,01/10156A,,TA01,1,,0,,1,1_01/10156A
1,92/00104A,,XTI92,8,,0,,1,1_92/00104A
1,PR/0617/0231,,TI02,2,,0,,1,1_PR/0617/0231
1,12/5120121,,CV12,6,,0,,1,1_12/5120121
1,01/09072R,,TA01,1,,0,,1,1_01/09072R
1,02/09051,,TI02,2,,0,,1,1_02/09051
1,01/09231,,TA01,1,,0,,1,1_01/09231
1,01/09232,,TA01,1,,0,,1,1_01/09232
1,02/06635A,,TI02,2,,0,,1,1_02/06635A
1,01/0916401A,,TA01,1,,0,,1,1_01/0916401A
1,01/09233,,TA01,1,,0,,1,1_01/09233
1,03/00236R,,CA03,3,,0,,1,1_03/00236R
1,02/09052,,TI02,2,,0,,1,1_02/09052
1,01/00413R,,TA01,1,,0,,1,1_01/00413R
1,02/09053,,TI02,2,,0,,1,1_02/09053
1,12/L0343-842,,CV12,6,,0,,1,1_12/L0343-842
1,12/L0301-508,,CV12,6,,0,,1,1_12/L0301-508
1,01/09164M3,,TA01,1,,0,,1,1_01/09164M3
1,70/50010,,TA70,1,,0,,1,1_70/50010
1,57/33008,,TA57,1,,0,,1,1_57/33008
1,01/00404,,TA01,1,,0,,1,1_01/00404
1,01/00405,,TA01,1,,0,,1,1_01/00405
1,01/00419,,TA01,1,,0,,1,1_01/00419
1,01/00420,,TA01,1,,0,,1,1_01/00420
1,01/00423,,TA01,1,,0,,1,1_01/00423
1,01/00424,,TA01,1,,0,,1,1_01/00424
1,01/07856M,,TA01,1,,0,,1,1_01/07856M
1,02/09054,,TI02,2,,0,,1,1_02/09054
1,12/80814,,CV12,6,,0,,1,1_12/80814
1,01/09147M1,,TA01,1,,0,,1,1_01/09147M1
1,12/30012,,CV12,6,,0,,1,1_12/30012
1,52/37012,,TA52,1,,0,,1,1_52/37012
1,52/39112,,TA52,1,,0,,1,1_52/39112
1,01/08813-6,,TA01,1,,0,,1,1_01/08813-6
1,01/08813-5,,TA01,1,,0,,1,1_01/08813-5
1,01/08812-6A,,TA01,1,,0,,1,1_01/08812-6A
1,01/08812-5A,,TA01,1,,0,,1,1_01/08812-5A
1,01/08812R,,TA01,1,,0,,1,1_01/08812R
1,01/08813R,,TA01,1,,0,,1,1_01/08813R
1,02/09043M9,,TI02,2,,0,,1,1_02/09043M9
1,02/09044M1,,TI02,2,,0,,1,1_02/09044M1
1,02/09044M2,,TI02,2,,0,,1,1_02/09044M2
1,02/09044M3,,TI02,2,,0,,1,1_02/09044M3
1,02/09044M4,,TI02,2,,0,,1,1_02/09044M4
1,02/09044M5,,TI02,2,,0,,1,1_02/09044M5
1,02/09044M6,,TI02,2,,0,,1,1_02/09044M6
1,02/09043M6A,,TI02,2,,0,,1,1_02/09043M6A
1,01/09234,,TA01,1,,0,,1,1_01/09234
1,02/08131R,,TI02,2,,0,,1,1_02/08131R
1,01/09235,,TA01,1,,0,,1,1_01/09235
1,01/09236,,TA01,1,,0,,1,1_01/09236
1,01/09237,,TA01,1,,0,,1,1_01/09237
1,04/33900,,PL04,4,,0,,1,1_04/33900
1,58/10025,,TA58,1,,0,,1,1_58/10025
1,58/10035,,TA58,1,,0,,1,1_58/10035
1,58/34010,,TA58,1,,0,,1,1_58/34010
1,01/09238,,TA01,1,,0,,1,1_01/09238
1,01/09239,,TA01,1,,0,,1,1_01/09239
1,01/09240,,TA01,1,,0,,1,1_01/09240
1,02/09055,,TI02,2,,0,,1,1_02/09055
1,12/PG00102,,CV12,6,,0,,1,1_12/PG00102
1,01/00425,,TA01,1,,0,,1,1_01/00425
1,12/PP00169,,CV12,6,,0,,1,1_12/PP00169
1,02/0994905,,TI02,2,,0,,1,1_02/0994905
1,01/09243,,TA01,1,,0,,1,1_01/09243
1,01/09244,,TA01,1,,0,,1,1_01/09244
1,01/00421A,,TA01,1,,0,,1,1_01/00421A
1,01/00421B,,TA01,1,,0,,1,1_01/00421B
1,01/00426,,TA01,1,,0,,1,1_01/00426
1,01/00405R,,TA01,1,,0,,1,1_01/00405R
1,01/09245,,TA01,1,,0,,1,1_01/09245
1,04/00051,,PL04,4,,0,,1,1_04/00051
1,02/09957,,TI02,2,,0,,1,1_02/09957
1,02/09884A,,TI02,2,,0,,1,1_02/09884A
1,03/1321080,,CA03,3,,0,,1,1_03/1321080
1,02/09054M,,TI02,2,,0,,1,1_02/09054M
1,01/09238M,,TA01,1,,0,,1,1_01/09238M
1,01/09241M,,TA01,1,,0,,1,1_01/09241M
1,01/09183BR,,TA01,1,,0,,1,1_01/09183BR
1,01/09183R,,TA01,1,,0,,1,1_01/09183R
1,01/00415A,,TA01,1,,0,,1,1_01/00415A
1,01/09246,,TA01,1,,0,,1,1_01/09246
1,02/09044M7,,TI02,2,,0,,1,1_02/09044M7
1,01/09246H,,TA01,1,,0,,1,1_01/09246H
1,03/00246,,CA03,3,,0,,1,1_03/00246
1,02/09056,,TI02,2,,0,,1,1_02/09056
1,02/09056M,,TI02,2,,0,,1,1_02/09056M
1,02/0783201,,TI02,2,,0,,1,1_02/0783201
1,01/00408A,,TA01,1,,0,,1,1_01/00408A
1,02/09057,,TI02,2,,0,,1,1_02/09057
1,02/09057M,,TI02,2,,0,,1,1_02/09057M
1,02/09058,,TI02,2,,0,,1,1_02/09058
1,02/09058M,,TI02,2,,0,,1,1_02/09058M
1,02/09059,,TI02,2,,0,,1,1_02/09059
1,02/09059M,,TI02,2,,0,,1,1_02/09059M
1,02/0783201M,,TI02,2,,0,,1,1_02/0783201M
1,02/09060,,TI02,2,,0,,1,1_02/09060
1,12/80815,,CV12,6,,0,,1,1_12/80815
1,02/09061,,TI02,2,,0,,1,1_02/09061
1,02/0783201M1,,TI02,2,,0,,1,1_02/0783201M1
1,12/PP00046,,CV12,6,,0,,1,1_12/PP00046
1,26/60525,,TA26,1,,0,,1,1_26/60525
1,01/09247,,TA01,1,,0,,1,1_01/09247
1,01/09248,,TA01,1,,0,,1,1_01/09248
1,12/330503,,CV12,6,,0,,1,1_12/330503
1,12/HA00001,,CV12,6,,0,,1,1_12/HA00001
1,12/HA00002,,CV12,6,,0,,1,1_12/HA00002
1,12/HA00003,,CV12,6,,0,,1,1_12/HA00003
1,55/605109,,TI55,2,,0,,1,1_55/605109
1,01/09249,,TA01,1,,0,,1,1_01/09249
1,01/09250,,TA01,1,,0,,1,1_01/09250
1,02/09055A,,TI02,2,,0,,1,1_02/09055A
1,02/09062,,TI02,2,,0,,1,1_02/09062
1,01/09252,,TA01,1,,0,,1,1_01/09252
1,11/31520,,TA11,1,,0,,1,1_11/31520
1,11/31521,,TA11,1,,0,,1,1_11/31521
1,11/31520M,,TA11,1,,0,,1,1_11/31520M
1,11/31521M,,TA11,1,,0,,1,1_11/31521M
1,01/09251H,,TA01,1,,0,,1,1_01/09251H
1,01/09252H,,TA01,1,,0,,1,1_01/09252H
1,01/09241M1,,TA01,1,,0,,1,1_01/09241M1
1,01/09242M,,TA01,1,,0,,1,1_01/09242M
1,01/09243M,,TA01,1,,0,,1,1_01/09243M
1,01/09244M,,TA01,1,,0,,1,1_01/09244M
1,02/08204R,,TI02,2,,0,,1,1_02/08204R
1,02/09061M,,TI02,2,,0,,1,1_02/09061M
1,12/100161,,CV12,6,,0,,1,1_12/100161
1,26/60520,,TA26,1,,0,,1,1_26/60520
1,03/00192M1,,CA03,3,,0,,1,1_03/00192M1
1,01/00425R,,TA01,1,,0,,1,1_01/00425R
1,12/80815A,,CV12,6,,0,,1,1_12/80815A
1,03/1621140,,CA03,3,,0,,1,1_03/1621140
1,YMA-MP,,,0,,0,,1,1_YMA-MP
1,01/00395R,,TA01,1,,0,,1,1_01/00395R
1,02/09063,,TI02,2,,0,,1,1_02/09063
1,02/09050R,,TI02,2,,0,,1,1_02/09050R
1,PI05,,,5,,,,1,1_PI05
1,05/00050,,PI05,5,,,,1,1_05/00050
1,02/10473,,TI02,2,,0,,1,1_02/10473
1,01/09253,,TA01,1,,0,,1,1_01/09253
1,01/09254,,TA01,1,,0,,1,1_01/09254
1,02/09063M,,TI02,2,,0,,1,1_02/09063M
1,05/00025R,,PI05,5,,0,,1,1_05/00025R
1,03/00034M1,,CA03,3,,0,,1,1_03/00034M1
1,04/33951,,PL04,4,,0,,1,1_04/33951
1,12/3020081R,,CV12,6,,0,,1,1_12/3020081R
1,12/80816,,CV12,6,,0,,1,1_12/80816
1,12/80817,,CV12,6,,0,,1,1_12/80817
1,54/40012,,TA54,1,,0,,1,1_54/40012
1,02/09065,,TI02,2,,0,,1,1_02/09065
1,02/09065M,,TI02,2,,0,,1,1_02/09065M
1,02/09063M1,,TI02,2,,0,,1,1_02/09063M1
1,01/09182R,,TA01,1,,0,,1,1_01/09182R
1,01/00427,,TA01,1,,0,,1,1_01/00427
1,01/09072AR,,TA01,1,,0,,1,1_01/09072AR
1,03/1631140,,CA03,3,,0,,1,1_03/1631140
1,13/10540,,CA13,3,,0,,1,1_13/10540
1,PR/0532/0005,,TA01,1,,0,,1,1_PR/0532/0005
1,02/10115,,TI02,2,,0,,1,1_02/10115
1,02/09068,,TI02,2,,0,,1,1_02/09068
1,02/09068M,,TI02,2,,0,,1,1_02/09068M
1,PR/0228/0007,,TI02,2,,0,,1,1_PR/0228/0007
1,02/10115R,,TI02,2,,0,,1,1_02/10115R
1,02/09043M6B,,TI02,2,,0,,1,1_02/09043M6B
1,02/09069,,TI02,2,,0,,1,1_02/09069
1,02/0883401,,TI02,2,,0,,1,1_02/0883401
1,10/16515,,TI10,2,,0,,1,1_10/16515
1,10/16515M,,TI10,2,,0,,1,1_10/16515M
1,10/16525,,TI10,2,,0,,1,1_10/16525
1,10/16525M,,TI10,2,,0,,1,1_10/16525M
1,10/15625,,TI10,2,,0,,1,1_10/15625
1,10/15625M,,TI10,2,,0,,1,1_10/15625M
1,10/15615,,TI10,2,,0,,1,1_10/15615
1,10/15615M,,TI10,2,,0,,1,1_10/15615M
1,02/08697A,,TI02,2,,0,,1,1_02/08697A
1,02/08697AM,,TI02,2,,0,,1,1_02/08697AM
1,02/09070,,TI02,2,,0,,1,1_02/09070
1,02/08673A,,TI02,2,,0,,1,1_02/08673A
1,02/09048R,,TI02,2,,0,,1,1_02/09048R
1,04/02098,,PL04,4,,0,,1,1_04/02098
1,02/0826501,,TI02,2,,0,,1,1_02/0826501
1,02/09070M,,TI,2,,0,,1,1_02/09070M
1,02/09070M1,,TI02,2,,0,,1,1_02/09070M1
1,02/09070M2,,TI02,2,,0,,1,1_02/09070M2
1,02/09070M3,,TI02,2,,0,,1,1_02/09070M3
1,02/120600003,,TI02,2,,0,,1,1_02/120600003
1,02/09071,,TI02,2,,0,,1,1_02/09071
1,02/09071M,,TI02,2,,0,,1,1_02/09071M
1,01/00428,,TA01,1,,0,,1,1_01/00428
1,01/09255,,TA01,1,,0,,1,1_01/09255
1,01/09256,,TA01,1,,0,,1,1_01/09256
1,PR/1167/0008,,TI02,2,,0,,1,1_PR/1167/0008
1,55/40071MP,,TI55,2,,0,,1,1_55/40071MP
1,02/09790,,TI02,2,,0,,1,1_02/09790
1,02/09076,,TI02,2,,0,,1,1_02/09076
1,12/100181,,CV12,6,,0,,1,1_12/100181
1,02/09072,,TI02,2,,0,,1,1_02/09072
1,02/09073,,TI02,2,,0,,1,1_02/09073
1,02/09074,,TI02,2,,0,,1,1_02/09074
1,10/00402,,TI10,2,,0,,1,1_10/00402
1,01/09257,,TA01,1,,0,,1,1_01/09257
1,02/08559C,,TI02,2,,0,,1,1_02/08559C
1,02/09074M,,TI02,2,,0,,1,1_02/09074M
1,02/08781M,,TI02,2,,0,,1,1_02/08781M
1,01/08310M1,,TA01,1,,0,,1,1_01/08310M1
1,02/09044M8,,TI02,2,,0,,1,1_02/09044M8
1,PR/1489/0012,,TA01,1,,0,,1,1_PR/1489/0012
1,02/08823R,,TI02,2,,0,,1,1_02/08823R
1,10/03101,,TI10,2,,0,,1,1_10/03101
1,99/111011,,XTA91,8,,,,1,1_99/111011
1,01/00429,,TA01,1,,0,,1,1_01/00429
1,01/00430,,TA01,1,,0,,1,1_01/00430
1,02/09078,,TI02,2,,0,,1,1_02/09078
1,02/09079,,TI02,2,,0,,1,1_02/09079
1,02/08351M3,,TI02,2,,0,,1,1_02/08351M3
1,PR/1708/0007,,TA01,1,,0,,1,1_PR/1708/0007
1,02/09081,,TI02,2,,0,,1,1_02/09081
1,02/09082,,TI02,2,,0,,1,1_02/09082
1,12/PP00047,,CV12,6,,0,,1,1_12/PP00047
1,12/10050,,CV12,6,,0,,1,1_12/10050
1,PR/PRES/0001,,PL04,4,,0,,1,1_PR/PRES/0001
1,12/4215081,,CV12,6,,0,,1,1_12/4215081
1,12/PL00005,,CV12,6,,0,,1,1_12/PL00005
1,12/PP00048,,CV12,6,,0,,1,1_12/PP00048
1,02/09082M,,TI02,2,,0,,1,1_02/09082M
1,01/09246R,,TA01,1,,0,,1,1_01/09246R
1,10/1054030,,TI02,2,,0,,1,1_10/1054030
1,10/1054030M,,TI10,2,,0,,1,1_10/1054030M
1,01/00428R,,TA01,1,,0,,1,1_01/00428R
1,01/00401A,,TA01,1,,0,,1,1_01/00401A
1,01/00431,,TA01,1,,0,,1,1_01/00431
1,01/00432,,TA01,1,,0,,1,1_01/00432
1,12/4230101,,CV12,6,,0,,1,1_12/4230101
1,01/09133R,,TA01,1,,0,,1,1_01/09133R
1,01/00430R,,TA01,1,,0,,1,1_01/00430R
1,04/33952,,PL04,4,,0,,1,1_04/33952
1,01/09258,,TA01,1,,0,,1,1_01/09258
1,12/4225082,,CV12,6,,0,,1,1_12/4225082
1,03/00247,,CA03,3,,0,,1,1_03/00247
1,11/0071120,,TA11,1,,0,,1,1_11/0071120
1,11/41101,,TA11,1,,0,,1,1_11/41101
1,12/PG05411,,CV12,6,,0,,1,1_12/PG05411
1,12/PG05412,,CV12,6,,0,,1,1_12/PG05412
1,01/09259,,TA01,1,,0,,1,1_01/09259
1,01/09260,,TA01,1,,0,,1,1_01/09260
1,03/6421200,,CA03,3,,0,,1,1_03/6421200
1,04/02099,,PL04,4,,0,,1,1_04/02099
1,12/80819,,CV12,6,,0,,1,1_12/80819
1,12/80820,,CV12,6,,0,,1,1_12/80820
1,03/00248,,CA03,3,,0,,1,1_03/00248
1,CM.081-R,,YMA-CM,1,,0,,1,1_CM.081-R
1,02/08398A,,TI02,2,,0,,1,1_02/08398A
1,05/00025,,PI05,5,,0,,1,1_05/00025
1,05/00100,,PI05,5,,0,,1,1_05/00100
1,54/40015,,TA54,1,,0,,1,1_54/40015
1,02/09083,,TI02,2,,0,,1,1_02/09083
1,04/00729,,PL04,4,,0,,1,1_04/00729
1,02/09042AM,,TI02,2,,0,,1,1_02/09042AM
1,02/09084,,TI02,2,,0,,1,1_02/09084
1,02/09084M,,TI02,2,,0,,1,1_02/09084M
1,11/00041,,TA11,1,,0,,1,1_11/00041
1,02/08624R,,TI02,2,,0,,1,1_02/08624R
1,12/90501,,CV12,6,,0,,1,1_12/90501
1,12/90501M,,CV12,6,,0,,1,1_12/90501M
1,01/09261,,TA01,1,,0,,1,1_01/09261
1,02/09074A,,TI02,2,,0,,1,1_02/09074A
1,02/09074B,,TI02,2,,0,,1,1_02/09074B
1,02/09085,,TI02,2,,0,,1,1_02/09085
1,02/09086,,TI02,2,,0,,1,1_02/09086
1,12/RQ00021,,CV12,6,,0,,1,1_12/RQ00021
1,03/6323050,,CA03,3,,0,,1,1_03/6323050
1,12/70209R,,CV12,6,,0,,1,1_12/70209R
1,02/09087,,TI02,2,,0,,1,1_02/09087
1,03/00249,,CA03,3,,0,,1,1_03/00249
1,12/90012A,,CV12,6,,0,,1,1_12/90012A
1,02/09088,,TI02,2,,0,,1,1_02/09088
1,91/00302,,XTA91,8,,0,,1,1_91/00302
1,02/09088M,,TI02,2,,0,,1,1_02/09088M
1,02/09089,,TI02,2,,0,,1,1_02/09089
1,02/07352A,,TI02,2,,0,,1,1_02/07352A
1,02/09090,,TI02,2,,0,,1,1_02/09090
1,02/09091,,TI02,2,,0,,1,1_02/09091
1,01/09260M,,TA01,1,,0,,1,1_01/09260M
1,03/00250,,CA03,3,,0,,1,1_03/00250
1,12/TP658H,,CV12,6,,0,,1,1_12/TP658H
1,01/09238R,,TA01,1,,0,,1,1_01/09238R
1,01/09239R,,TA01,1,,0,,1,1_01/09239R
1,02/09092,,TI02,2,,0,,1,1_02/09092
1,02/09092M,,TI02,2,,0,,1,1_02/09092M
1,02/10779,,TI02,2,,0,,1,1_02/10779
1,01/08104AM,,TA01,1,,0,,1,1_01/08104AM
1,01/09262,,TA01,1,,0,,1,1_01/09262
1,02/09093,,TI02,2,,0,,1,1_02/09093
1,02/09093M,,TI02,2,,0,,1,1_02/09093M
1,02/09094,,TI02,2,,0,,1,1_02/09094
1,02/09095,,TI02,2,,0,,1,1_02/09095
1,01/09263,,TA01,1,,0,,1,1_01/09263
1,01/09109R,,TA01,1,,0,,1,1_01/09109R
1,01/00375E,,TA01,1,,0,,1,1_01/00375E
1,01/00399D,,TA01,1,,0,,1,1_01/00399D
1,01/09264,,TA01,1,,0,,1,1_01/09264
1,01/09265,,TA01,1,,0,,1,1_01/09265
1,12/2540,,CV12,6,,0,,1,1_12/2540
1,01/09263M,,TA01,1,,0,,1,1_01/09263M
1,01/09263M2,,TA01,1,,0,,1,1_01/09263M2
1,01/09263M1,,TA01,1,,0,,1,1_01/09263M1
1,01/09263M3,,TA01,1,,,,1,1_01/09263M3
1,01/09263M4,,TA01,1,,0,,1,1_01/09263M4
1,10/05210,,TA11,1,,0,,1,1_10/05210
1,12/90000R,,CV12,6,,0,,1,1_12/90000R
1,58/35020,,TA58,1,,0,,1,1_58/35020
1,12/541005,,CV12,6,,0,,1,1_12/541005
1,01/09264M,,TA01,1,,0,,1,1_01/09264M
1,02/09097,,TI02,2,,0,,1,1_02/09097
1,02/09098,,TI02,2,,0,,1,1_02/09098
1,01/00421C,,TA01,1,,0,,1,1_01/00421C
1,01/00399E,,TA01,1,,0,,1,1_01/00399E
1,02/09099,,TI02,2,,0,,1,1_02/09099
1,02/09096,,TI02,2,,0,,1,1_02/09096
1,02/09096M,,TI02,2,,0,,1,1_02/09096M
1,12/PP00049,,CV12,6,,0,,1,1_12/PP00049
1,01/00392A,,TA01,1,,0,,1,1_01/00392A
1,01/00400B,,TA01,1,,0,,1,1_01/00400B
1,01/00400C,,TA01,1,,0,,1,1_01/00400C
1,02/09100,,TI02,2,,0,,1,1_02/09100
1,02/09101,,TI02,2,,0,,1,1_02/09101
1,12/PP401000C,,CV12,6,,0,,1,1_12/PP401000C
1,02/09102,,TI02,2,,0,,1,1_02/09102
1,01/00412A,,TA01,1,,0,,1,1_01/00412A
1,01/00433,,TA01,1,,,,1,1_01/00433
1,10/90025M,,TI10,2,,0,,1,1_10/90025M
1,12/80666,,CV12,6,,0,,1,1_12/80666
1,26/60224,,TA26,1,,0,,1,1_26/60224
1,01/09232R,,TA01,1,,0,,1,1_01/09232R
1,01/09266,,TA01,1,,0,,1,1_01/09266
1,01/09267,,TA01,1,,0,,1,1_01/09267
1,02/08891R,,TI02,2,,0,,1,1_02/08891R
1,01/00392B,,TA01,1,,0,,1,1_01/00392B
1,01/00393A,,TA01,1,,0,,1,1_01/00393A
1,01/00421D,,TA01,1,,0,,1,1_01/00421D
1,01/00399DR,,TA01,1,,0,,1,1_01/00399DR
1,01/00401AR,,TA01,1,,0,,1,1_01/00401AR
1,02/09103,,TI02,2,,0,,1,1_02/09103
1,02/09104,,TI02,2,,0,,1,1_02/09104
1,01/00341C,,TA01,1,,0,,1,1_01/00341C
1,02/09097M,,TI02,2,,0,,1,1_02/09097M
1,02/08686M,,TI02,2,,0,,1,1_02/08686M
1,02/08686M1,,TI02,2,,0,,1,1_02/08686M1
1,10/11050IZ,,TI10,2,,0,,1,1_10/11050IZ
1,10/10103IZ,,TI10,2,,0,,1,1_10/10103IZ
1,10/11050IZM,,TI10,2,,0,,1,1_10/11050IZM
1,10/10103IZM,,TI10,2,,0,,1,1_10/10103IZM
1,55/00163A,,TI55,2,,0,,1,1_55/00163A
1,55/00203A,,TI55,2,,0,,1,1_55/00203A
1,55/00243A,,TI55,2,,0,,1,1_55/00243A
1,55/00163AM,,TI55,2,,0,,1,1_55/00163AM
1,55/00203AM,,TI55,2,,0,,1,1_55/00203AM
1,55/00243AM,,TI55,2,,0,,1,1_55/00243AM
1,12/PG05408,,CV12,6,,0,,1,1_12/PG05408
1,01/09268,,TA01,1,,0,,1,1_01/09268
1,01/09269,,TA01,1,,0,,1,1_01/09269
1,11/41151,,TA11,1,,0,,1,1_11/41151
1,02/08013A,,TI02,2,,0,,1,1_02/08013A
1,02/09105,,TI02,2,,0,,1,1_02/09105
1,02/09105M,,TI02,2,,0,,1,1_02/09105M
1,12/90031R,,CV12,6,,0,,1,1_12/90031R
1,12/42009A,,CV12,6,,0,,1,1_12/42009A
1,12/42200701,,CV12,6,,0,,1,1_12/42200701
1,70/7030613,,TA70,1,,0,,1,1_70/7030613
1,02/09516,,TI02,2,,0,,1,1_02/09516
1,12/80572,,CV12,6,,0,,1,1_12/80572
1,12/PP300400,,CV12,6,,0,,1,1_12/PP300400
1,12/AI20005,,CV12,6,,0,,1,1_12/AI20005
1,02/07849A,,TI02,2,,0,,1,1_02/07849A
1,02/07849AM,,TI02,2,,0,,1,1_02/07849AM
1,01/00393AR,,TA01,1,,0,,1,1_01/00393AR
1,01/00341D,,TA01,1,,0,,1,1_01/00341D
1,01/00421E,,TA01,1,,0,,1,1_01/00421E
1,02/09106,,TI02,2,,0,,1,1_02/09106
1,02/09107,,TI02,2,,0,,1,1_02/09107
1,55/00243,,TI55,2,,0,,1,1_55/00243
1,01/09270,,TA01,1,,0,,1,1_01/09270
1,01/08591R,,TA01,1,,0,,1,1_01/08591R
1,12/80668,,CV12,6,,0,,1,1_12/80668
1,04/20028,,PL04,4,,0,,1,1_04/20028
1,10/13180,,TI10,2,,0,,1,1_10/13180
1,10/13180M,,TI10,2,,0,,1,1_10/13180M
1,02/09108,,TI02,2,,0,,1,1_02/09108
1,.05,,PI05,5,,0,,1,1_.05
1,03/00251,,CA03,3,,0,,1,1_03/00251
1,03/00251M,,CA03,3,,0,,1,1_03/00251M
1,10/06161,,TI10,2,,0,,1,1_10/06161
1,02/08689M,,TI02,2,,0,,1,1_02/08689M
1,02/09110,,TI02,2,,0,,1,1_02/09110
1,02/09111,,TI02,2,,0,,1,1_02/09111
1,02/09112R,,TI02,2,,0,,1,1_02/09112R
1,02/09113,,TI02,2,,0,,1,1_02/09113
1,02/09114R,,TI02,2,,0,,1,1_02/09114R
1,01/030100001,,TA01,1,,0,,1,1_01/030100001
1,12/PG0100401,,CV12,6,,0,,1,1_12/PG0100401
1,PR/0989/0001,,TI02,2,,0,,1,1_PR/0989/0001
1,02/09116,,TI02,2,,0,,1,1_02/09116
1,12/10033,,CV12,6,,0,,1,1_12/10033
1,01/09271,,TA01,1,,0,,1,1_01/09271
1,01/09272,,TA01,1,,0,,1,1_01/09272
1,12/PP00050,,CV12,6,,0,,1,1_12/PP00050
1,02/09117,,TI02,2,,0,,1,1_02/09117
1,02/09117R,,TI02,2,,0,,1,1_02/09117R
1,PR/0690/0016,,TA01,1,,0,,1,1_PR/0690/0016
1,02/07941A,,TI02,2,,0,,1,1_02/07941A
1,10/90026M,,TI10,2,,0,,1,1_10/90026M
1,10/90027M,,TI10,2,,0,,1,1_10/90027M
1,10/11065M,,TI10,2,,0,,1,1_10/11065M
1,02/09118,,TI02,2,,0,,1,1_02/09118
1,02/08212R,,TI02,2,,0,,1,1_02/08212R
1,02/08213R,,TI02,2,,0,,1,1_02/08213R
1,02/07530R,,TI02,2,,0,,1,1_02/07530R
1,02/10871,,TI02,2,,0,,1,1_02/10871
1,12/PG05407,,CV12,6,,0,,1,1_12/PG05407
1,12/PG05620,,CV12,6,,0,,1,1_12/PG05620
1,12/PG05230,,CV12,6,,0,,1,1_12/PG05230
1,02/09120,,TI02,2,,0,,1,1_02/09120
1,02/09120M,,TI02,2,,0,,1,1_02/09120M
1,01/09273,,TA01,1,,0,,1,1_01/09273
1,01/09964,,TA01,1,,0,,1,1_01/09964
1,03/00252,,CA03,3,,0,,1,1_03/00252
1,03/00252M,,CA03,3,,0,,1,1_03/00252M
1,01/0859102,,TA01,1,,0,,1,1_01/0859102
1,01/0859106,,TA01,1,,0,,1,1_01/0859106
1,01/0859126,,TA01,1,,0,,1,1_01/0859126
1,01/0859107,,TA01,1,,0,,1,1_01/0859107
1,01/0859122,,TA01,1,,0,,1,1_01/0859122
1,01/0859131,,TA01,1,,0,,1,1_01/0859131
1,01/0859132,,TA01,1,,0,,1,1_01/0859132
1,12/PP00051,,CV12,6,,0,,1,1_12/PP00051
1,01/09273H,,TA01,1,,0,,1,1_01/09273H
1,02/09109,,TI02,2,,0,,1,1_02/09109
1,02/09121,,TI02,2,,0,,1,1_02/09121
1,01/00434,,TA01,1,,0,,1,1_01/00434
1,12/PG01005,,CV12,6,,0,,1,1_12/PG01005
1,02/09109M,,TI02,2,,0,,1,1_02/09109M
1,01/09274,,TA01,1,,0,,1,1_01/09274
1,01/09275,,TA01,1,,0,,1,1_01/09275
1,01/09276,,TA01,1,,0,,1,1_01/09276
1,01/09277,,TA01,1,,0,,1,1_01/09277
1,01/09278,,TA01,1,,0,,1,1_01/09278
1,01/09279,,TA01,1,,0,,1,1_01/09279
1,01/0859124,,TA01,1,,0,,1,1_01/0859124
1,02/09122,,TI02,2,,0,,1,1_02/09122
1,01/09277M,,TA01,1,,0,,1,1_01/09277M
1,01/09274M,,TA01,1,,0,,1,1_01/09274M
1,01/0859103,,TA01,1,,0,,1,1_01/0859103
1,01/0859104,,TA01,1,,0,,1,1_01/0859104
1,01/0859108,,TA01,1,,0,,1,1_01/0859108
1,01/0859109,,TA01,1,,0,,1,1_01/0859109
1,01/0859110,,TA01,1,,0,,1,1_01/0859110
1,01/0859111,,TA01,1,,0,,1,1_01/0859111
1,01/0859112,,TA01,1,,0,,1,1_01/0859112
1,01/0859118,,TA01,1,,0,,1,1_01/0859118
1,01/0859125,,TA01,1,,0,,1,1_01/0859125
1,01/0859134,,TA01,1,,0,,1,1_01/0859134
1,01/0859135,,TA01,1,,0,,1,1_01/0859135
1,01/0859136,,TA01,1,,0,,1,1_01/0859136
1,03/00253,,CA03,3,,0,,1,1_03/00253
1,12/PG01001A,,CV12,6,,0,,1,1_12/PG01001A
1,02/09097M1,,TI02,2,,0,,1,1_02/09097M1
1,02/09091R,,TI02,2,,0,,1,1_02/09091R
1,12/RQ00022,,CV12,6,,0,,1,1_12/RQ00022
1,12/RQ00023,,CV12,6,,0,,1,1_12/RQ00023
1,12/PP00052,,CV12,6,,0,,1,1_12/PP00052
1,12/PP00052M,,CV12,6,,0,,1,1_12/PP00052M
1,03/6321070,,CA03,3,,0,,1,1_03/6321070
1,12/50010,,CV12,6,,0,,1,1_12/50010
1,01/00404A,,TA01,1,,0,,1,1_01/00404A
1,02/09090R,,TI02,2,,0,,1,1_02/09090R
1,02/09123,,TI02,2,,0,,1,1_02/09123
1,02/08892R,,TI02,2,,0,,1,1_02/08892R
1,01/00436,,TA01,1,,0,,1,1_01/00436
1,01/0859113M,,TA01,1,,0,,1,1_01/0859113M
1,01/0859114,,TA01,1,,0,,1,1_01/0859114
1,01/0859115,,TA01,1,,0,,1,1_01/0859115
1,01/0859116,,TA01,1,,0,,1,1_01/0859116
1,01/0859101,,TA01,1,,0,,1,1_01/0859101
1,01/0859105,,TA01,1,,0,,1,1_01/0859105
1,01/0859117,,TA01,1,,0,,1,1_01/0859117
1,01/0959119M,,TA01,1,,0,,1,1_01/0959119M
1,01/0859120M,,TA01,1,,0,,1,1_01/0859120M
1,01/0859123,,TA01,1,,0,,1,1_01/0859123
1,99/TABURETE-01,,XTA91,8,,0,,1,1_99/TABURETE-01
1,01/0859128M,,TA01,1,,0,,1,1_01/0859128M
1,01/0859128M1,,TA01,1,,0,,1,1_01/0859128M1
1,01/0859129,,TA01,1,,0,,1,1_01/0859129
1,01/0859130,,TA01,1,,0,,1,1_01/0859130
1,01/0859133,,TA01,1,,0,,1,1_01/0859133
1,12/RQ00024,,CV12,6,,0,,1,1_12/RQ00024
1,01/08705A,,TA01,1,,0,,1,1_01/08705A
1,01/08644A,,TA01,1,,0,,1,1_01/08644A
1,01/09280,,TA01,1,,0,,1,1_01/09280
1,01/09280M,,TA01,1,,0,,1,1_01/09280M
1,11/00701A,,TA11,1,,0,,1,1_11/00701A
1,01/00433A,,TA01,1,,0,,1,1_01/00433A
1,PR/0617/0077-B,,TI02,2,,0,,1,1_PR/0617/0077-B
1,02/09124,,TI02,2,,0,,1,1_02/09124
1,02/09125,,TI02,2,,0,,1,1_02/09125
1,02/158000007,,TI02,2,,0,,1,1_02/158000007
1,02/09127,,TI02,2,,0,,1,1_02/09127
1,01/09281,,TA01,1,,0,,1,1_01/09281
1,01/10249,,TA01,1,,0,,1,1_01/10249
1,PR/1144/0022,,TA01,1,,0,,1,1_PR/1144/0022
1,01/0859127M,,TA01,1,,0,,1,1_01/0859127M
1,26/206201,,TA26,1,,0,,1,1_26/206201
1,26/206301,,TA26,1,,0,,1,1_26/206301
1,26/208121,,TA26,1,,0,,1,1_26/208121
1,26/208251,,TA26,1,,0,,1,1_26/208251
1,26/208301,,TA26,1,,0,,1,1_26/208301
1,26/208351,,TA26,1,,0,,1,1_26/208351
1,26/208601,,TA26,1,,0,,1,1_26/208601
1,26/20620,,TA26,1,,0,,1,1_26/20620
1,26/210351,,TA26,1,,0,,1,1_26/210351
1,26/210301,,TA26,1,,0,,1,1_26/210301
1,03/6421200R,,CA03,3,,0,,1,1_03/6421200R
1,02/09082R,,TI02,2,,0,,1,1_02/09082R
1,02/08671R,,TI02,2,,0,,1,1_02/08671R
1,01/09282,,TA01,1,,0,,1,1_01/09282
1,11/10202A,,TA11,1,,0,,1,1_11/10202A
1,01/09282M,,TA01,1,,0,,1,1_01/09282M
1,04/00730A,,PL04,4,,0,,1,1_04/00730A
1,01/00337DR,,TA01,1,,0,,1,1_01/00337DR
1,01/00336DR,,TA01,1,,0,,1,1_01/00336DR
1,01/00412BR,,TA01,1,,0,,1,1_01/00412BR
1,01/00435,,TA01,1,,0,,1,1_01/00435
1,01/00437,,TA01,1,,0,,1,1_01/00437
1,01/08705M,,TA01,1,,0,,1,1_01/08705M
1,01/00434A,,TA01,1,,0,,1,1_01/00434A
1,12/422008,,CV12,6,,0,,1,1_12/422008
1,02/09128,,TI02,2,,0,,1,1_02/09128
1,02/09129,,TI02,2,,0,,1,1_02/09129
1,12/80821,,CV12,6,,0,,1,1_12/80821
1,01/00436A,,TA01,1,,0,,1,1_01/00436A
1,02/09130,,TI02,2,,0,,1,1_02/09130
1,02/09044R,,TI02,2,,0,,1,1_02/09044R
1,04/34051,,PL04,4,,0,,1,1_04/34051
1,01/07971,,TA01,1,,0,,1,1_01/07971
1,02/09122M,,TI02,2,,0,,1,1_02/09122M
1,02/09122M1,,TI02,2,,0,,1,1_02/09122M1
1,53/80001,,TA53,3,,0,,1,1_53/80001
1,02/09130M,,TI02,2,,0,,1,1_02/09130M
1,01/09284,,TA01,1,,0,,1,1_01/09284
1,01/09284M,,TA01,1,,0,,1,1_01/09284M
1,02/09131,,TI02,2,,0,,1,1_02/09131
1,02/09132,,TI02,2,,0,,1,1_02/09132
1,01/09283,,TA01,1,,0,,1,1_01/09283
1,56/00080A,,TA56,1,,0,,1,1_56/00080A
1,56/00050A,,TA56,1,,0,,1,1_56/00050A
1,04/00732A,,PL04,4,,0,,1,1_04/00732A
1,01/00392BR,,TA01,1,,0,,1,1_01/00392BR
1,01/09285,,TA01,1,,0,,1,1_01/09285
1,01/09285M,,TA01,1,,0,,1,1_01/09285M
1,04/02120,,PL04,4,,0,,1,1_04/02120
1,02/09133,,TI02,2,,0,,1,1_02/09133
1,12/PV00011,,CV12,6,,0,,1,1_12/PV00011
1,02/09134,,TI02,2,,0,,1,1_02/09134
1,10/10875,,TI10,2,,0,,1,1_10/10875
1,10/10875M,,TI10,2,,0,,1,1_10/10875M
1,02/09134M,,TI02,2,,0,,1,1_02/09134M
1,01/00438,,TA01,1,,0,,1,1_01/00438
1,01/10332,,TA01,1,,0,,1,1_01/10332
1,02/08541,,TI02,2,,0,,1,1_02/08541
1,13/10021M,,CA13,3,,0,,1,1_13/10021M
1,02/08720M,,TI02,2,,0,,1,1_02/08720M
1,02/08687M,,TI02,2,,0,,1,1_02/08687M
1,02/08689M1,,TI02,2,,0,,1,1_02/08689M1
1,02/08686M2,,TI02,2,,0,,1,1_02/08686M2
1,01/09287,,TA01,1,,0,,1,1_01/09287
1,01/07971M1,,TA01,1,,0,,1,1_01/07971M1
1,01/07971M2,,TA01,1,,0,,1,1_01/07971M2
1,02/08862A,,TI02,2,,0,,1,1_02/08862A
1,02/08862AM,,TI02,2,,0,,1,1_02/08862AM
1,01/07971M3,,TA01,1,,0,,1,1_01/07971M3
1,01/09286,,TA01,1,,0,,1,1_01/09286
1,01/09119R,,TA01,1,,0,,1,1_01/09119R
1,12/80822,,CV12,6,,0,,1,1_12/80822
1,12/80823,,CV12,6,,0,,1,1_12/80823
1,12/80824,,CV12,6,,0,,1,1_12/80824
1,12/80825,,CV12,6,,0,,1,1_12/80825
1,02/08720M1,,TI02,2,,0,,1,1_02/08720M1
1,02/08687M1,,TI02,2,,0,,1,1_02/08687M1
1,01/09288,,TA01,1,,0,,1,1_01/09288
1,01/09289,,TA01,1,,0,,1,1_01/09289
1,PR/0677/0046,,TI02,2,,0,,1,1_PR/0677/0046
1,PR/1489/0014,,TA01,1,,0,,1,1_PR/1489/0014
1,57/00008A,,TA57,1,,0,,1,1_57/00008A
1,02/09043R,,TI02,2,,0,,1,1_02/09043R
1,02/09061M1,,TI02,2,,0,,1,1_02/09061M1
1,10/03002R,,TI10,2,,0,,1,1_10/03002R
1,PR/1167/0012,,PL04,4,,0,,1,1_PR/1167/0012
1,12/80826,,CV12,6,,,,1,1_12/80826
1,.ABPI,,ABPI,5,,,,1,1_.ABPI
1,ABPI,,,5,,,,1,1_ABPI
1,12/PP00053,,CV12,6,,0,,1,1_12/PP00053
1,02/09138,,TI02,2,,0,,1,1_02/09138
1,02/09138M,,TI02,2,,0,,1,1_02/09138M
1,01/09284R,,TA01,1,,0,,1,1_01/09284R
1,02/09139,,TI02,2,,0,,1,1_02/09139
1,05/00050R,,PI05,5,,0,,1,1_05/00050R
1,01/09290,,TA01,1,,0,,1,1_01/09290
1,04/02140,,PL04,4,,0,,1,1_04/02140
1,01/09291,,TA01,1,,0,,1,1_01/09291
1,01/09290M,,TA01,1,,0,,1,1_01/09290M
1,01/09290M1,,TA01,1,,0,,1,1_01/09290M1
1,01/09290M2,,TA01,1,,0,,1,1_01/09290M2
1,02/09140,,TI02,2,,0,,1,1_02/09140
1,02/09141,,TI02,2,,0,,1,1_02/09141
1,02/09141M,,TI02,2,,0,,1,1_02/09141M
1,01/09292,,TA01,1,,0,,1,1_01/09292
1,02/09142,,TI02,2,,0,,1,1_02/09142
1,02/09143,,TI02,2,,0,,1,1_02/09143
1,02/09140M,,TI02,2,,0,,1,1_02/09140M
1,10/01001B,,TI10,2,,0,,1,1_10/01001B
1,01/09292M,,TA01,1,,0,,1,1_01/09292M
1,01/09293,,TA01,1,,0,,1,1_01/09293
1,01/09294,,TA01,1,,0,,1,1_01/09294
1,01/09295,,TA01,1,,0,,1,1_01/09295
1,01/09296,,TA01,1,,0,,1,1_01/09296
1,01/09297,,TA01,1,,0,,1,1_01/09297
1,01/09298,,TA01,1,,0,,1,1_01/09298
1,01/09299,,TA01,1,,0,,1,1_01/09299
1,53/90050,,TA53,1,,0,,1,1_53/90050
1,02/09002,,TI02,2,,0,,1,1_02/09002
1,02/09144,,TI02,2,,0,,1,1_02/09144
1,04/00718,,PL04,1,,0,,1,1_04/00718
1,55/05502MP,,TI55,2,,0,,1,1_55/05502MP
1,01/09300,,TA01,1,,0,,1,1_01/09300
1,12/RT00005,,CV12,6,,0,,1,1_12/RT00005
1,12/RT00006,,CV12,6,,0,,1,1_12/RT00006
1,12/80827,,CV12,6,,0,,1,1_12/80827
1,01/09301,,TA01,1,,0,,1,1_01/09301
1,10/90150,,TI10,2,,0,,1,1_10/90150
1,03/00254,,CA03,3,,0,,1,1_03/00254
1,01/09162R,,TA01,1,,0,,1,1_01/09162R
1,01/09163R,,TA01,1,,0,,1,1_01/09163R
1,01/09141R,,TA01,1,,0,,1,1_01/09141R
1,12/L0343-500,,CV12,6,,0,,1,1_12/L0343-500
1,12/L0343-196,,CV12,6,,0,,1,1_12/L0343-196
1,12/NY26008010,,CV12,6,,0,,1,1_12/NY26008010
1,02/08845A,,TI02,2,,0,,1,1_02/08845A
1,55/00243MP,,TI55,2,,0,,1,1_55/00243MP
1,02/08558C,,TI02,2,,0,,1,1_02/08558C
1,01/00368R,,TA01,1,,0,,1,1_01/00368R
1,02/09145,,TI02,2,,0,,1,1_02/09145
1,55/00101MP,,TI55,2,,0,,1,1_55/00101MP
1,13/10502,,CA13,3,,0,,1,1_13/10502
1,01/09302,,TA01,1,,0,,1,1_01/09302
1,01/09303,,TA01,1,,0,,1,1_01/09303
1,01/09181AR,,TA01,1,,0,,1,1_01/09181AR
1,01/09302M,,TA01,1,,0,,1,1_01/09302M
1,01/0930201,,TA01,1,,0,,1,1_01/0930201
1,02/09146,,TI02,2,,0,,1,1_02/09146
1,01/09141H,,TA01,1,,0,,1,1_01/09141H
1,01/09295M,,TA01,1,,0,,1,1_01/09295M
1,01/09115M,,TA01,1,,0,,1,1_01/09115M
1,04/02110,,PL04,4,,0,,1,1_04/02110
1,57/34003,,TA57,1,,0,,1,1_57/34003
1,03/6221080,,CA03,3,,0,,1,1_03/6221080
1,01/00439,,TA01,1,,0,,1,1_01/00439
1,01/09304,,TA01,1,,0,,1,1_01/09304
1,01/09305,,TA01,1,,0,,1,1_01/09305
1,02/09147,,TI02,2,,0,,1,1_02/09147
1,01/09303A,,TA01,1,,0,,1,1_01/09303A
1,PR/1286/0023,,TA01,1,,0,,1,1_PR/1286/0023
1,UP.096,,YMA-UP,1,,0,,1,1_UP.096
1,03/6423080R,,CA03,3,,0,,1,1_03/6423080R
1,02/08540A,,TI02,2,,0,,1,1_02/08540A
1,02/09148,,TI02,2,,0,,1,1_02/09148
1,02/09148M,,TI02,2,,0,,1,1_02/09148M
1,02/09149,,TI02,2,,0,,1,1_02/09149
1,02/09149M,,TI02,2,,0,,1,1_02/09149M
1,02/09150,,TI02,2,,0,,1,1_02/09150
1,02/09150M,,TI02,2,,0,,1,1_02/09150M
1,02/09151,,TI02,2,,0,,1,1_02/09151
1,02/09151M,,TI02,2,,0,,1,1_02/09151M
1,03/00255,,CA03,3,,0,,1,1_03/00255
1,03/00255M,,CA03,3,,0,,1,1_03/00255M
1,02/09152,,TI02,2,,0,,1,1_02/09152
1,03/00078A,,CA03,3,,0,,1,1_03/00078A
1,01/00440,,TA01,1,,0,,1,1_01/00440
1,01/00442,,TA01,1,,0,,1,1_01/00442
1,01/00441,,TA01,1,,0,,1,1_01/00441
1,01/00404B,,TA01,1,,0,,1,1_01/00404B
1,02/07897R,,TI02,2,,0,,1,1_02/07897R
1,02/08912A,,TI02,2,,0,,1,1_02/08912A
1,02/08913A,,TI02,2,,0,,1,1_02/08913A
1,01/09306,,TA01,1,,0,,1,1_01/09306
1,01/00443,,TA01,1,,0,,1,1_01/00443
1,01/00444,,TA01,1,,0,,1,1_01/00444
1,01/09307,,TA01,1,,0,,1,1_01/09307
1,01/09308,,TA01,1,,0,,1,1_01/09308
1,01/0930701,,TA01,1,,0,,1,1_01/0930701
1,02/09147A,,TI02,2,,0,,1,1_02/09147A
1,01/09309,,TA01,1,,0,,1,1_01/09309
1,01/09307R,,TA01,1,,0,,1,1_01/09307R
1,01/09308R,,TA01,1,,0,,1,1_01/09308R
1,01/09307M,,TA01,1,,0,,1,1_01/09307M
1,01/09307M1,,TA01,1,,0,,1,1_01/09307M1
1,01/09307M2,,TA01,1,,0,,1,1_01/09307M2
1,02/09153,,TI02,2,,0,,1,1_02/09153
1,01/09310,,TA01,1,,0,,1,1_01/09310
1,02/09153M,,TI02,2,,0,,1,1_02/09153M
1,01/09115R,,TA01,1,,0,,1,1_01/09115R
1,02/09155,,TI02,2,,0,,1,1_02/09155
1,02/09154,,TI02,2,,0,,1,1_02/09154
1,02/09156,,TI02,2,,0,,1,1_02/09156
1,02/09157,,TI02,2,,0,,1,1_02/09157
1,02/09157M,,TI02,2,,0,,1,1_02/09157M
1,02/09064,,TI02,2,,0,,1,1_02/09064
1,02/09158R,,TI02,2,,0,,1,1_02/09158R
1,01/09292R,,TA01,1,,0,,1,1_01/09292R
1,01/09311,,TA01,1,,0,,1,1_01/09311
1,02/09159,,TI02,2,,0,,1,1_02/09159
1,02/09159M,,TI02,2,,0,,1,1_02/09159M
1,04/34101,,PL04,4,,0,,1,1_04/34101
1,12/303214,,CV12,6,,0,,1,1_12/303214
1,03/1633120,,CA03,3,,0,,1,1_03/1633120
1,PR/0254/0005,,TA01,1,,0,,1,1_PR/0254/0005
1,01/09312,,TA01,1,,0,,1,1_01/09312
1,01/09312M,,TA01,1,,0,,1,1_01/09312M
1,01/09312M1,,TA01,1,,0,,1,1_01/09312M1
1,01/09312M2,,TA01,1,,0,,1,1_01/09312M2
1,54/63420,,TA54,1,,0,,1,1_54/63420
1,03/00256M,,CA03,3,,0,,1,1_03/00256M
1,03/6421075,,CA03,3,,0,,1,1_03/6421075
1,12/HA00004,,CV12,6,,0,,1,1_12/HA00004
1,02/09160,,TI02,2,,0,,1,1_02/09160
1,02/09161R,,TI02,2,,0,,1,1_02/09161R
1,12/EFALEC1,,CV12,6,,0,,1,1_12/EFALEC1
1,01/00434B,,TA01,1,,0,,1,1_01/00434B
1,91/80090,,XTA91,8,,,,1,1_91/80090
1,02/09163,,TI02,2,,0,,1,1_02/09163
1,02/09163M,,TI02,2,,0,,1,1_02/09163M
1,54/80201,,TA54,1,,0,,1,1_54/80201
1,02/09158,,TI02,2,,0,,1,1_02/09158
1,02/09164,,TI02,2,,0,,1,1_02/09164
1,02/09164M,,TI02,2,,0,,1,1_02/09164M
1,02/09164M1,,TI02,2,,0,,1,1_02/09164M1
1,02/09164M2,,TI02,2,,0,,1,1_02/09164M2
1,02/08592A,,TI02,2,,0,,1,1_02/08592A
1,12/80829,,CV12,6,,0,,1,1_12/80829
1,01/09313,,TA01,1,,0,,1,1_01/09313
1,01/0881705A,,TA01,1,,0,,1,1_01/0881705A
1,01/0881706A,,TA01,1,,0,,1,1_01/0881706A
1,01/0881805A,,TA01,1,,0,,1,1_01/0881805A
1,01/0881806A,,TA01,1,,,,1,1_01/0881806A
1,52/391081,,TA52,1,,0,,1,1_52/391081
1,52/370101,,TA52,1,,0,,1,1_52/370101
1,52/99998,,TA52,1,,0,,1,1_52/99998
1,01/08818-5A,,TA01,1,,0,,1,1_01/08818-5A
1,01/08818-6A,,TA01,1,,0,,1,1_01/08818-6A
1,01/00445,,TA01,1,,0,,1,1_01/00445
1,01/09314R,,TA01,1,,0,,1,1_01/09314R
1,04/02121R,,PL04,4,,0,,1,1_04/02121R
1,PR/0254/0001-A,,TA01,1,,0,,1,1_PR/0254/0001-A
1,12/302809,,CV12,6,,0,,1,1_12/302809
1,12/302509,,CV12,6,,0,,1,1_12/302509
1,12/PP300600,,CV12,6,,0,,1,1_12/PP300600
1,12/TP318H,,CV12,6,,0,,1,1_12/TP318H
1,01/09852,,TA01,1,,0,,1,1_01/09852
1,02/09165,,TI02,2,,0,,1,1_02/09165
1,01/09306M,,TA01,1,,0,,1,1_01/09306M
1,02/08680R,,TI02,2,,0,,1,1_02/08680R
1,04/34102,,PL04,4,,0,,1,1_04/34102
1,01/09315,,TA01,1,,0,,1,1_01/09315
1,01/09316,,TA01,1,,0,,1,1_01/09316
1,01/09317,,TA01,1,,0,,1,1_01/09317
1,01/09318,,TA01,1,,0,,1,1_01/09318
1,01/09315M,,TA01,1,,0,,1,1_01/09315M
1,01/09315M1,,TA01,1,,0,,1,1_01/09315M1
1,10/1012301,,TI10,2,,0,,1,1_10/1012301
1,10/1012301M,,TI10,2,,0,,1,1_10/1012301M
1,12/L0102-304,,CV12,6,,0,,1,1_12/L0102-304
1,01/08986,,TA01,1,,0,,1,1_01/08986
1,01/08986M,,TA01,1,,0,,1,1_01/08986M
1,01/08988,,TA01,1,,0,,1,1_01/08988
1,01/08988M,,TA01,1,,0,,1,1_01/08988M
1,26/002121,,TA26,1,,0,,1,1_26/002121
1,PR/1729/0003-A,,TA01,1,,0,,1,1_PR/1729/0003-A
1,12/EFALEC1N,,CV12,6,,0,,1,1_12/EFALEC1N
1,.W917,,W,9,,,,1,1_.W917
1,12/PG00012D,,CV12,6,,0,,1,1_12/PG00012D
1,12/80716,,CV12,6,,0,,1,1_12/80716
1,04/34200,,PL04,4,,0,,1,1_04/34200
1,04/34201,,PL04,4,,0,,1,1_04/34201
1,04/34202,,PL04,4,,0,,1,1_04/34202
1,03/00257,,CA03,3,,0,,1,1_03/00257
1,12/PG00163,,CV12,6,,0,,1,1_12/PG00163
1,12/PG00601R,,CV12,3,,0,,1,1_12/PG00601R
1,02/09166,,TI02,2,,0,,1,1_02/09166
1,02/09167,,TI02,2,,0,,1,1_02/09167
1,01/09206R,,TA01,1,,0,,1,1_01/09206R
1,01/09238AR,,TA01,1,,0,,1,1_01/09238AR
1,01/09239AR,,TA01,1,,0,,1,1_01/09239AR
1,01/09319,,TA01,1,,0,,1,1_01/09319
1,01/09320,,TA01,1,,0,,1,1_01/09320
1,01/09321,,TA01,1,,0,,1,1_01/09321
1,02/09168,,TI02,2,,0,,1,1_02/09168
1,02/09168M,,TI02,2,,0,,1,1_02/09168M
1,02/09169M,,TI02,2,,0,,1,1_02/09169M
1,03/6423095R,,CA03,3,,0,,1,1_03/6423095R
1,03/1321050R,,CA03,3,,0,,1,1_03/1321050R
1,04/02131,,PL04,4,,0,,1,1_04/02131
1,01/09052,,TA01,1,,0,,1,1_01/09052
1,26/001101,,TA26,1,,0,,1,1_26/001101
1,26/01080,,TA26,1,,0,,1,1_26/01080
1,02/09965,,TI02,2,,0,,1,1_02/09965
1,04/02096,,PL04,4,,0,,1,1_04/02096
1,01/09322,,TA01,1,,0,,1,1_01/09322
1,01/09323,,TA01,1,,0,,1,1_01/09323
1,03/00330,,CA03,3,,0,,1,1_03/00330
1,01/09324R,,TA01,1,,0,,1,1_01/09324R
1,02/09175,,TI02,2,,0,,1,1_02/09175
1,02/09171,,TI02,2,,0,,1,1_02/09171
1,12/PP00054,,CV12,6,,0,,1,1_12/PP00054
1,01/00446,,TA01,1,,0,,1,1_01/00446
1,03/00259,,CA03,3,,0,,1,1_03/00259
1,03/00260,,CA03,3,,0,,1,1_03/00260
1,CM.105-R,,YMA-CM,1,,0,,1,1_CM.105-R
1,02/09173,,TI02,2,,0,,1,1_02/09173
1,02/09174,,TI02,2,,0,,1,1_02/09174
1,13/10085M,,CA13,3,,0,,1,1_13/10085M
1,02/09842,,TI02,2,,0,,1,1_02/09842
1,02/09843,,TI02,2,,0,,1,1_02/09843
1,12/80830,,CV12,6,,0,,1,1_12/80830
1,12/253012,,CV12,6,,0,,1,1_12/253012
1,12/PG00315,,CV12,6,,0,,1,1_12/PG00315
1,01/0932001,,TA01,1,,0,,1,1_01/0932001
1,01/0930702,,TA01,1,,0,,1,1_01/0930702
1,01/0930703,,TA01,1,,0,,1,1_01/0930703
1,01/0930704,,TA01,1,,0,,1,1_01/0930704
1,01/09317R,,TA01,1,,0,,1,1_01/09317R
1,01/09315R,,TA01,1,,0,,1,1_01/09315R
1,01/09318R,,TA01,1,,0,,1,1_01/09318R
1,01/09316R,,TA01,1,,0,,1,1_01/09316R
1,02/09176,,TI02,2,,0,,1,1_02/09176
1,03/00034R,,CA03,3,,0,,1,1_03/00034R
1,10/050041,,TA11,1,,0,,1,1_10/050041
1,12/PG01013A06,,CV12,6,,0,,1,1_12/PG01013A06
1,01/00376R,,TA01,1,,0,,1,1_01/00376R
1,12/HA00004A,,CV12,6,,0,,1,1_12/HA00004A
1,12/300302R,,CV12,6,,0,,1,1_12/300302R
1,02/09077M,,TI02,2,,0,,1,1_02/09077M
1,58/10040,,TA58,1,,0,,1,1_58/10040
1,12/90013R,,CV12,6,,0,,1,1_12/90013R
1,01/00404AR,,TA01,1,,0,,1,1_01/00404AR
1,02/10766,,TI02,2,,0,,1,1_02/10766
1,02/09179R,,TI02,2,,0,,1,1_02/09179R
1,PR/1167/0009,,TI02,2,,0,,1,1_PR/1167/0009
1,02/09180,,TI02,2,,0,,1,1_02/09180
1,PR/1144/0024,,TA01,1,,0,,1,1_PR/1144/0024
1,01/00400CR,,TA01,1,,0,,1,1_01/00400CR
1,01/00400BR,,TA01,1,,0,,1,1_01/00400BR
1,02/08106R,,TI02,2,,0,,1,1_02/08106R
1,10/1088550,,TI10,2,,0,,1,1_10/1088550
1,10/1088550M,,TI10,2,,0,,1,1_10/1088550M
1,02/09181,,TI02,2,,0,,1,1_02/09181
1,12/70212,,CV12,6,,0,,1,1_12/70212
1,02/09181M,,TI02,2,,0,,1,1_02/09181M
1,12/00173,,CV12,6,,0,,1,1_12/00173
1,02/09182,,TI02,2,,0,,1,1_02/09182
1,02/09183,,TI02,2,,0,,1,1_02/09183
1,02/09184,,TI02,2,,0,,1,1_02/09184
1,02/09185,,TI02,2,,0,,1,1_02/09185
1,02/09144A,,TI02,2,,0,,1,1_02/09144A
1,02/08592B,,TI02,2,,0,,1,1_02/08592B
1,02/09186,,TI02,2,,0,,1,1_02/09186
1,02/08372B,,TI02,2,,0,,1,1_02/08372B
1,PR/1820/0001,,TI02,2,,0,,1,1_PR/1820/0001
1,02/09991AR,,TI02,2,,0,,1,1_02/09991AR
1,12/PP00055,,CV12,6,,0,,1,1_12/PP00055
1,10/02005A,,TI10,2,,0,,1,1_10/02005A
1,10/02004A,,TI10,2,,0,,1,1_10/02004A
1,12/421207,,CV12,6,,0,,1,1_12/421207
1,PR/1669/0011,,TI02,2,,0,,1,1_PR/1669/0011
1,02/09099R,,TI02,2,,0,,1,1_02/09099R
1,55/40124,,TI55,2,,0,,1,1_55/40124
1,01/09315A,,TA01,1,,0,,1,1_01/09315A
1,01/09316A,,TA01,1,,0,,1,1_01/09316A
1,01/09317A,,TA01,1,,0,,1,1_01/09317A
1,01/09318A,,TA01,1,,0,,1,1_01/09318A
1,12/80831,,CV12,6,,0,,1,1_12/80831
1,02/09188,,TI02,2,,0,,1,1_02/09188
1,12/PG00101,,CV12,6,,0,,1,1_12/PG00101
1,01/09326,,TA01,1,,0,,1,1_01/09326
1,01/09327,,TA01,1,,0,,1,1_01/09327
1,01/09328,,TA01,1,,0,,1,1_01/09328
1,02/09189,,TI02,2,,0,,1,1_02/09189
1,02/09190,,TI02,2,,0,,1,1_02/09190
1,02/09191,,TI02,2,,0,,1,1_02/09191
1,02/09192,,TI02,2,,0,,1,1_02/09192
1,02/09193,,TI02,2,,0,,1,1_02/09193
1,12/AM20029P5,,CV12,6,,0,,1,1_12/AM20029P5
1,12/3005064,,CV12,6,,0,,1,1_12/3005064
1,02/09194,,TI02,2,,0,,1,1_02/09194
1,01/09329,,TA01,1,,0,,1,1_01/09329
1,01/09330,,TA01,1,,0,,1,1_01/09330
1,01/00447,,TA01,1,,0,,1,1_01/00447
1,01/09331,,TA01,1,,0,,1,1_01/09331
1,12/900321,,CV12,6,,0,,1,1_12/900321
1,01/09329H,,TA01,1,,0,,1,1_01/09329H
1,01/09330H,,TA01,1,,0,,1,1_01/09330H
1,10/14530,,TI10,2,,0,,1,1_10/14530
1,10/14530M,,TI10,2,,0,,1,1_10/14530M
1,12/900321M,,CV12,6,,0,,1,1_12/900321M
1,01/09332,,TA01,1,,0,,1,1_01/09332
1,02/07879A,,TI02,2,,0,,1,1_02/07879A
1,04/108300002,,PL04,4,,0,,1,1_04/108300002
1,02/09196,,TI02,2,,0,,1,1_02/09196
1,02/09196M,,TI02,2,,0,,1,1_02/09196M
1,10/90027,,TI10,2,,0,,1,1_10/90027
1,10/90026,,TI10,2,,0,,1,1_10/90026
1,12/00174,,CV12,6,,0,,1,1_12/00174
1,10/90029,,TI10,2,,0,,1,1_10/90029
1,10/90029M,,TI10,2,,0,,1,1_10/90029M
1,10/90024,,TI10,2,,0,,1,1_10/90024
1,12/421507,,CV12,6,,0,,1,1_12/421507
1,02/09002A,,TI02,2,,0,,1,1_02/09002A
1,10/90020,,TI10,2,,0,,1,1_10/90020
1,10/90003A,,TI10,2,,0,,1,1_10/90003A
1,10/90004A,,TI10,2,,0,,1,1_10/90004A
1,10/90005A,,TI10,2,,0,,1,1_10/90005A
1,10/90003AM,,TI10,2,,0,,1,1_10/90003AM
1,10/90004AM,,TI10,2,,0,,1,1_10/90004AM
1,10/90005AM,,TI10,2,,0,,1,1_10/90005AM
1,02/08805A,,TI02,2,,0,,1,1_02/08805A
1,02/09197A,,TI02,2,,0,,1,1_02/09197A
1,12/L0122-205,,CV12,6,,0,,1,1_12/L0122-205
1,03/00119M,,CA03,3,,0,,1,1_03/00119M
1,12/332008R,,CV12,6,,0,,1,1_12/332008R
1,02/08624-1,,TI02,2,,,,1,1_02/08624-1
1,02/09174M,,TI02,2,,0,,1,1_02/09174M
1,02/09887,,TI02,2,,0,,1,1_02/09887
1,12/PP301000,,CV12,6,,0,,1,1_12/PP301000
1,12/90011RM,,CV12,6,,0,,1,1_12/90011RM
1,01/00447A,,TA01,1,,0,,1,1_01/00447A
1,03/00261,,CA03,3,,0,,1,1_03/00261
1,12/50106,,CV12,6,,0,,1,1_12/50106
1,12/PP00057,,CV12,6,,0,,1,1_12/PP00057
1,02/09198,,TI02,2,,0,,1,1_02/09198
1,10/11260M,,TI10,2,,0,,1,1_10/11260M
1,01/09333,,TA01,1,,0,,1,1_01/09333
1,01/09333M,,TA01,1,,0,,1,1_01/09333M
1,01/09333H,,TA01,1,,0,,1,1_01/09333H
1,12/3330141,,CV12,6,,0,,1,1_12/3330141
1,12/2530141,,CV12,6,,0,,1,1_12/2530141
1,12/3330111,,CV12,6,,0,,1,1_12/3330111
1,01/09335,,TA01,1,,0,,1,1_01/09335
1,91/00107,,XTA91,8,,0,,1,1_91/00107
1,01/09336,,TA01,1,,0,,1,1_01/09336
1,PR/1683/0003,,CA03,3,,0,,1,1_PR/1683/0003
1,12/PP00058,,CV12,6,,0,,1,1_12/PP00058
1,03/00262,,CA03,3,,0,,1,1_03/00262
1,03/00263,,CA03,3,,0,,1,1_03/00263
1,03/00264,,CA03,3,,0,,1,1_03/00264
1,03/00265,,CA03,3,,0,,1,1_03/00265
1,03/00262M,,CA03,3,,0,,1,1_03/00262M
1,03/00263M,,CA03,3,,0,,1,1_03/00263M
1,03/00264M,,CA03,3,,0,,1,1_03/00264M
1,03/00265M,,CA03,3,,0,,1,1_03/00265M
1,02/09198M,,TI02,2,,0,,1,1_02/09198M
1,02/09199,,TI02,2,,0,,1,1_02/09199
1,02/09199M,,TI02,2,,0,,1,1_02/09199M
1,12/PG05015,,CV12,6,,0,,1,1_12/PG05015
1,12/531508R,,CV12,6,,0,,1,1_12/531508R
1,02/09200,,TI02,2,,0,,1,1_02/09200
1,02/09200M,,TI02,2,,0,,1,1_02/09200M
1,01/10261,,TA01,1,,0,,1,1_01/10261
1,02/09198M1,,TI02,2,,0,,1,1_02/09198M1
1,02/09198M2,,TI02,2,,0,,1,1_02/09198M2
1,55/02502MP,,TI55,2,,0,,1,1_55/02502MP
1,04/02114A,,PL04,4,,0,,1,1_04/02114A
1,04/02114A01,,PL04,4,,0,,1,1_04/02114A01
1,01/09337,,TA01,1,,0,,1,1_01/09337
1,55/310010,,TI55,2,,0,,1,1_55/310010
1,55/310010MP,,TI55,2,,0,,1,1_55/310010MP
1,02/09201,,TI02,2,,0,,1,1_02/09201
1,02/09198M3,,TI02,2,,0,,1,1_02/09198M3
1,02/09202,,TI02,2,,0,,1,1_02/09202
1,02/09203,,TI02,2,,0,,1,1_02/09203
1,10/90004,,TI10,2,,0,,1,1_10/90004
1,55/320010,,TI55,2,,0,,1,1_55/320010
1,55/320010MP,,TI55,2,,0,,1,1_55/320010MP
1,01/09338,,TA01,1,,0,,1,1_01/09338
1,02/08770,,TI02,2,,0,,1,1_02/08770
1,PR/1153/0004,,TA01,1,,0,,1,1_PR/1153/0004
1,01/09339,,TA01,1,,0,,1,1_01/09339
1,01/09340,,TA01,1,,0,,1,1_01/09340
1,01/09341,,TA01,1,,0,,1,1_01/09341
1,54/62516Ti,,TA54,1,,0,,1,1_54/62516Ti
1,03/00266,,CA03,3,,0,,1,1_03/00266
1,03/00266T,,CA03,3,,0,,1,1_03/00266T
1,10/90003,,TI10,2,,0,,1,1_10/90003
1,12/3622190,,CV12,6,,0,,1,1_12/3622190
1,12/PP00059,,CV12,6,,0,,1,1_12/PP00059
1,12/PP00060,,CV12,6,,0,,1,1_12/PP00060
1,03/00267,,CA03,3,,0,,1,1_03/00267
1,01/09344,,TA01,1,,0,,1,1_01/09344
1,01/09344M,,TA01,1,,0,,1,1_01/09344M
1,.AV021,,AVCTI,0,,,,1,1_.AV021
1,04/108300001,,PL04,4,,0,,1,1_04/108300001
1,03/0036001,,CA03,3,,0,,1,1_03/0036001
1,12/625100,,CV12,6,,0,,1,1_12/625100
1,02/09206,,TI02,2,,0,,1,1_02/09206
1,02/08349A,,TI02,2,,0,,1,1_02/08349A
1,10/90005,,TI10,2,,0,,1,1_10/90005
1,55/81608222,,TI55,2,,0,,1,1_55/81608222
1,PR/0809/0002,,TA01,1,,0,,1,1_PR/0809/0002
1,02/1079501M,,TI02,2,,0,,1,1_02/1079501M
1,03/2223038,,CA03,3,,0,,1,1_03/2223038
1,12/PG0513001,,CV12,6,,0,,1,1_12/PG0513001
1,02/09110A,,TI02,2,,0,,1,1_02/09110A
1,02/09095A,,TI02,2,,0,,1,1_02/09095A
1,02/09190R,,TI02,2,,0,,1,1_02/09190R
1,02/09191R,,TI02,2,,0,,1,1_02/09191R
1,02/08761M,,TI02,2,,0,,1,1_02/08761M
1,01/09345,,TA01,1,,0,,1,1_01/09345
1,02/09094A,,TI02,2,,0,,1,1_02/09094A
1,94/20001,,XPL94,8,,0,,1,1_94/20001
1,12/PG15012,,CV12,6,,0,,1,1_12/PG15012
1,12/70213,,CV12,6,,0,,1,1_12/70213
1,12/70213T,,CV12,6,,0,,1,1_12/70213T
1,12/TP126O,,CV12,6,,0,,1,1_12/TP126O
1,55/40164,,TI55,2,,0,,1,1_55/40164
1,02/09209,,TI02,2,,0,,1,1_02/09209
1,02/09209M,,TI02,2,,0,,1,1_02/09209M
1,12/80832,,CV12,6,,0,,1,1_12/80832
1,01/09346,,TA01,1,,0,,1,1_01/09346
1,12/90010M,,CV12,6,,0,,1,1_12/90010M
1,12/900101M,,CV12,6,,0,,1,1_12/900101M
1,12/900101,,CV12,6,,0,,1,1_12/900101
1,12/900101R,,CV12,6,,0,,1,1_12/900101R
1,12/25150801,,CV12,6,,0,,1,1_12/25150801
1,12/422008101,,CV12,6,,0,,1,1_12/422008101
1,01/09346M,,TA01,1,,0,,1,1_01/09346M
1,01/09346M1,,TA01,1,,0,,1,1_01/09346M1
1,02/09210,,TI02,2,,0,,1,1_02/09210
1,02/09211,,TI02,2,,0,,1,1_02/09211
1,03/1433080,,CA03,3,,0,,1,1_03/1433080
1,02/09211M,,TI02,2,,0,,1,1_02/09211M
1,02/05001,,TI02,2,,0,,1,1_02/05001
1,02/08913BR,,TI02,2,,0,,1,1_02/08913BR
1,02/08912BR,,TI02,2,,0,,1,1_02/08912BR
1,04/182300001,,PL04,4,,0,,1,1_04/182300001
1,04/34401,,PL04,4,,0,,1,1_04/34401
1,02/09176A,,TI02,2,,0,,1,1_02/09176A
1,02/09064R,,TI02,2,,0,,1,1_02/09064R
1,02/09210M,,TI02,2,,0,,1,1_02/09210M
1,02/09212,,TI02,2,,0,,1,1_02/09212
1,02/09212M,,TI02,2,,0,,1,1_02/09212M
1,PR/1856/0003,,TA01,1,,0,,1,1_PR/1856/0003
1,03/1521110,,CA03,3,,0,,1,1_03/1521110
1,01/09347,,TA01,1,,0,,1,1_01/09347
1,03/00269,,CA03,3,,0,,1,1_03/00269
1,01/09348,,TA01,1,,0,,1,1_01/09348
1,13/10901,,XCA93,8,,,,1,1_13/10901
1,03/00269M,,CA03,3,,0,,1,1_03/00269M
1,12/PP00061,,CV12,6,,0,,1,1_12/PP00061
1,12/PP00062,,CV12,6,,0,,1,1_12/PP00062
1,12/PP00063,,CV12,6,,0,,1,1_12/PP00063
1,12/PP00064,,CV12,6,,0,,1,1_12/PP00064
1,01/09871,,TA01,1,,0,,1,1_01/09871
1,12/51830BR,,CV12,6,,0,,1,1_12/51830BR
1,91/02902,,XTA91,8,,,,1,1_91/02902
1,12/80833,,CV12,6,,0,,1,1_12/80833
1,02/09213,,TI02,2,,0,,1,1_02/09213
1,02/09190A,,TI02,2,,0,,1,1_02/09190A
1,02/09214,,TI02,2,,0,,1,1_02/09214
1,02/09215,,TI02,2,,0,,1,1_02/09215
1,02/09216,,TI02,2,,0,,1,1_02/09216
1,02/09217,,TI02,2,,0,,1,1_02/09217
1,12/80660,,CV12,6,,0,,1,1_12/80660
1,12/80834,,CV12,6,,0,,1,1_12/80834
1,02/09218,,TI02,2,,0,,1,1_02/09218
1,02/09218M,,TI02,2,,0,,1,1_02/09218M
1,02/09219,,TI02,2,,0,,1,1_02/09219
1,02/09204,,TI02,2,,0,,1,1_02/09204
1,01/09349,,TA01,1,,0,,1,1_01/09349
1,01/09350,,TA01,1,,0,,1,1_01/09350
1,02/09220,,TI02,2,,0,,1,1_02/09220
1,02/09221,,TI02,2,,0,,1,1_02/09221
1,12/80589,,CV12,6,,0,,1,1_12/80589
1,02/09222,,TI02,2,,0,,1,1_02/09222
1,02/09223,,TI02,2,,0,,1,1_02/09223
1,02/09192R,,TI02,2,,0,,1,1_02/09192R
1,02/09190AR,,TI02,2,,0,,1,1_02/09190AR
1,01/00448,,TA01,1,,0,,1,1_01/00448
1,01/09351,,TA01,1,,0,,1,1_01/09351
1,02/09133R,,TI02,2,,0,,1,1_02/09133R
1,02/09103R,,TI02,2,,0,,1,1_02/09103R
1,02/10134AR,,TI02,2,,0,,1,1_02/10134AR
1,02/09211R,,TI02,2,,0,,1,1_02/09211R
1,02/09211M1,,TI02,2,,0,,1,1_02/09211M1
1,12/PP400800,,CV12,6,,0,,1,1_12/PP400800
1,12/PP00065,,CV12,6,,0,,1,1_12/PP00065
1,12/4208051,,CV12,6,,0,,1,1_12/4208051
1,01/09352,,TA01,1,,0,,1,1_01/09352
1,01/09353,,TA01,1,,0,,1,1_01/09353
1,02/09211M2,,TI02,2,,0,,1,1_02/09211M2
1,13/10902A,,XCA93,3,,0,,1,1_13/10902A
1,13/10903A,,XCA93,3,,0,,1,1_13/10903A
1,01/09354,,TA01,1,,0,,1,1_01/09354
1,01/09354M,,TA01,1,,0,,1,1_01/09354M
1,.BOTA,,AVCTA,0,,0,,1,1_.BOTA
1,02/10477A,,TI02,2,,0,,1,1_02/10477A
1,10/10440,,TI10,2,,0,,1,1_10/10440
1,10/10440M,,TI10,2,,0,,1,1_10/10440M
1,01/09354M1,,TA01,1,,0,,1,1_01/09354M1
1,12/SB05100,,CV12,6,,0,,1,1_12/SB05100
1,PR/1206/0018,,TI02,2,,0,,1,1_PR/1206/0018
1,01/09355,,TA01,1,,0,,1,1_01/09355
1,12/SB0210001,,CV12,6,,0,,1,1_12/SB0210001
1,02/09227,,TI02,2,,0,,1,1_02/09227
1,02/09228,,TI02,2,,0,,1,1_02/09228
1,02/09229,,TI02,2,,0,,1,1_02/09229
1,02/09230,,TI02,2,,0,,1,1_02/09230
1,01/09356,,TA01,1,,0,,1,1_01/09356
1,03/00270,,CA03,3,,0,,1,1_03/00270
1,56/00070A,,TA56,1,,0,,1,1_56/00070A
1,02/09231,,TI02,2,,0,,1,1_02/09231
1,02/09232,,TI02,2,,0,,1,1_02/09232
1,01/09357,,TA01,1,,0,,1,1_01/09357
1,03/1323040,,CA03,3,,0,,1,1_03/1323040
1,03/00271,,CA03,3,,0,,1,1_03/00271
1,02/09217R,,TI02,2,,0,,1,1_02/09217R
1,02/09216R,,TI02,2,,0,,1,1_02/09216R
1,01/09358,,TA01,1,,0,,1,1_01/09358
1,01/09359,,TA01,1,,0,,1,1_01/09359
1,01/0935801,,TA01,1,,0,,1,1_01/0935801
1,01/0935802,,TA01,1,,0,,1,1_01/0935802
1,01/0935901,,TA01,1,,0,,1,1_01/0935901
1,54/740404,,TA54,1,,0,,1,1_54/740404
1,54/760606,,TA54,1,,0,,1,1_54/760606
1,02/09233,,TI02,2,,0,,1,1_02/09233
1,55/00201A,,TI55,2,,0,,1,1_55/00201A
1,.51/9,,TA51,1,,0,,1,1_.51/9
1,12/PV00012,,CV12,6,,0,,1,1_12/PV00012
1,12/80988,,CV12,6,,0,,1,1_12/80988
1,01/09349-4,,TA01,1,,0,,1,1_01/09349-4
1,01/09349-5,,TA01,1,,0,,1,1_01/09349-5
1,01/09349-6,,TA01,1,,0,,1,1_01/09349-6
1,01/09350-5,,TA01,1,,0,,1,1_01/09350-5
1,01/09350-6,,TA01,1,,0,,1,1_01/09350-6
1,01/09349-7,,TA01,3,,0,,1,1_01/09349-7
1,01/09349-8,,TA01,1,,0,,1,1_01/09349-8
1,01/09350-8,,TA01,1,,0,,1,1_01/09350-8
1,01/09350-7,,TA01,1,,0,,1,1_01/09350-7
1,01/09349-9,,TA01,1,,0,,1,1_01/09349-9
1,01/09349-10,,TA01,1,,0,,1,1_01/09349-10
1,01/09349-11,,TA01,1,,0,,1,1_01/09349-11
1,01/09349-12,,TA01,1,,0,,1,1_01/09349-12
1,02/07781R,,TI02,2,,0,,1,1_02/07781R
1,02/09234,,TI02,2,,0,,1,1_02/09234
1,02/09234M,,TI02,2,,0,,1,1_02/09234M
1,02/09235,,TI02,2,,0,,1,1_02/09235
1,02/09235M,,TI02,2,,0,,1,1_02/09235M
1,02/0917301,,TI02,2,,0,,1,1_02/0917301
1,01/00449,,TA01,1,,0,,1,1_01/00449
1,02/09880M,,TI02,2,,0,,1,1_02/09880M
1,02/09237,,TI02,2,,0,,1,1_02/09237
1,02/09238,,TI02,2,,0,,1,1_02/09238
1,02/09239,,TI02,2,,0,,1,1_02/09239
1,02/09240,,TI02,2,,0,,1,1_02/09240
1,02/09241,,TI02,2,,0,,1,1_02/09241
1,02/08139A,,TI02,2,,0,,1,1_02/08139A
1,02/09242,,TI02,2,,0,,1,1_02/09242
1,02/09242M,,TI02,2,,0,,1,1_02/09242M
1,01/09360R,,TA01,1,,0,,1,1_01/09360R
1,01/09361R,,TA01,1,,0,,1,1_01/09361R
1,01/09362R,,TA01,1,,0,,1,1_01/09362R
1,02/09243,,TI02,2,,0,,1,1_02/09243
1,12/80835,,CV12,2,,0,,1,1_12/80835
1,02/0917401,,TI02,2,,0,,1,1_02/0917401
1,02/0917402,,TI02,2,,0,,1,1_02/0917402
1,02/0917403,,TI02,2,,0,,1,1_02/0917403
1,01/00450,,TA01,1,,0,,1,1_01/00450
1,01/00451,,TA01,1,,0,,1,1_01/00451
1,02/09244,,TI02,2,,0,,1,1_02/09244
1,12/80836,,CV12,6,,0,,1,1_12/80836
1,12/CF0001101,,CV12,6,,0,,1,1_12/CF0001101
1,12/252509R,,CV12,6,,0,,1,1_12/252509R
1,12/422809,,CV12,6,,0,,1,1_12/422809
1,02/09245,,TI02,2,,0,,1,1_02/09245
1,10/10201,,TI10,2,,0,,1,1_10/10201
1,26/00440,,TA26,1,,0,,1,1_26/00440
1,56/00160,,TA56,1,,0,,1,1_56/00160
1,56/00100,,TA56,1,,0,,1,1_56/00100
1,56/10008,,TA56,1,,0,,1,1_56/10008
1,.56/9,,TA56,1,,0,,1,1_.56/9
1,12/80545A,,CV12,6,,0,,1,1_12/80545A
1,02/09881M,,TI02,2,,0,,1,1_02/09881M
1,10/1087035,,TI10,2,,0,,1,1_10/1087035
1,10/1087035M,,TI10,2,,0,,1,1_10/1087035M
1,12/50006A,,CV12,6,,0,,1,1_12/50006A
1,01/00452,,TA01,1,,0,,1,1_01/00452
1,02/08861A,,TI02,2,,0,,1,1_02/08861A
1,02/08861AM,,TI02,2,,0,,1,1_02/08861AM
1,02/09233M,,TI02,2,,0,,1,1_02/09233M
1,CAR.0,,AVTA,1,,,,1,1_CAR.0
1,CAR.16,,AVTA,1,,,,1,1_CAR.16
1,.54/9,,TA54,1,,0,,1,1_.54/9
1,01/09365,,TA01,1,,0,,1,1_01/09365
1,01/09366,,TA01,1,,0,,1,1_01/09366
1,01/09368,,TA01,1,,0,,1,1_01/09368
1,02/09246,,TI02,2,,0,,1,1_02/09246
1,02/09247,,TI02,2,,0,,1,1_02/09247
1,02/09248,,TI02,2,,0,,1,1_02/09248
1,02/09249,,TI02,2,,0,,1,1_02/09249
1,02/1035801,,TI02,2,,0,,1,1_02/1035801
1,02/09248M,,TI02,2,,0,,1,1_02/09248M
1,02/09248M1,,TI02,2,,0,,1,1_02/09248M1
1,02/09251,,TI02,2,,0,,1,1_02/09251
1,02/09251M,,TI02,2,,0,,1,1_02/09251M
1,26/00420,,TA26,1,,0,,1,1_26/00420
1,12/80007,,CV12,6,,0,,1,1_12/80007
1,12/80009,,CV12,6,,0,,1,1_12/80009
1,70/7020430,,TA70,1,,0,,1,1_70/7020430
1,12/HA00005,,CV12,6,,0,,1,1_12/HA00005
1,01/09358M3,,TA01,1,,0,,1,1_01/09358M3
1,01/09359M3,,TA01,1,,0,,1,1_01/09359M3
1,02/09193R,,TI02,2,,0,,1,1_02/09193R
1,01/09369,,TA01,1,,0,,1,1_01/09369
1,12/RT00007,,CV12,6,,0,,1,1_12/RT00007
1,02/09252,,TI02,2,,0,,1,1_02/09252
1,02/09252M,,TI02,2,,0,,1,1_02/09252M
1,02/08672R,,TI02,2,,0,,1,1_02/08672R
1,02/08139AR,,TI02,2,,0,,1,1_02/08139AR
1,01/09350-4,,TA01,1,,0,,1,1_01/09350-4
1,01/09126,,TA01,1,,0,,1,1_01/09126
1,03/00272M,,CA03,3,,0,,1,1_03/00272M
1,03/5421075,,CA03,3,,0,,1,1_03/5421075
1,12/80837,,CV12,6,,0,,1,1_12/80837
1,52/39012,,TA52,1,,0,,1,1_52/39012
1,11/40210,,TA11,1,,0,,1,1_11/40210
1,11/40211,,TA11,1,,0,,1,1_11/40211
1,01/09370,,TA01,1,,0,,1,1_01/09370
1,12/L0102-304R,,CV12,6,,0,,1,1_12/L0102-304R
1,01/09350-45,,TA01,3,,0,,1,1_01/09350-45
1,01/09349-50,,TA01,1,,0,,1,1_01/09349-50
1,01/09349-43,,TA01,1,,0,,1,1_01/09349-43
1,01/09349-42,,TA01,1,,0,,1,1_01/09349-42
1,52/37020,,TA52,1,,0,,1,1_52/37020
1,52/35015,,TA52,1,,0,,1,1_52/35015
1,52/745305,,TA52,1,,0,,1,1_52/745305
1,01/09371,,TA01,1,,0,,1,1_01/09371
1,70/7030713,,TA70,1,,0,,1,1_70/7030713
1,01/09371M,,TA01,1,,0,,1,1_01/09371M
1,02/07941AR,,TI02,2,,0,,1,1_02/07941AR
1,02/09253,,TI02,2,,0,,1,1_02/09253
1,02/09253M,,TI02,2,,0,,1,1_02/09253M
1,02/09254,,TI02,2,,0,,1,1_02/09254
1,12/PG05308,,CV12,6,,0,,1,1_12/PG05308
1,01/00431A,,TA01,1,,0,,1,1_01/00431A
1,01/00432A,,TA01,1,,0,,1,1_01/00432A
1,12/5225081,,CV12,6,,0,,1,1_12/5225081
1,01/00453,,TA01,1,,0,,1,1_01/00453
1,01/00409A,,TA01,1,,0,,1,1_01/00409A
1,01/00454,,TA01,1,,0,,1,1_01/00454
1,01/0801601,,TA01,1,,0,,1,1_01/0801601
1,01/09350-29,,TA01,1,,0,,1,1_01/09350-29
1,01/09350-30,,TA01,1,,0,,1,1_01/09350-30
1,01/09350-31,,TA01,1,,0,,1,1_01/09350-31
1,01/09350-32,,TA01,1,,0,,1,1_01/09350-32
1,01/08819-33,,TA01,1,,0,,1,1_01/08819-33
1,01/09350-34,,TA01,1,,0,,1,1_01/09350-34
1,01/09350-33,,TA01,1,,0,,1,1_01/09350-33
1,01/09350-35,,TA01,1,,0,,1,1_01/09350-35
1,02/09255,,TI02,2,,0,,1,1_02/09255
1,02/09256,,TI02,2,,0,,1,1_02/09256
1,01/09372,,TA01,1,,0,,1,1_01/09372
1,12/5425091,,CV12,6,,0,,1,1_12/5425091
1,02/09257,,TI02,2,,0,,1,1_02/09257
1,12/900321R,,CV12,6,,0,,1,1_12/900321R
1,12/RQ00012R,,CV12,6,,0,,1,1_12/RQ00012R
1,10/14535,,TI10,2,,0,,1,1_10/14535
1,10/14535M,,TI10,2,,0,,1,1_10/14535M
1,54/90500,,TA54,1,,0,,1,1_54/90500
1,01/09373,,TA01,1,,0,,1,1_01/09373
1,12/80010,,CV12,6,,0,,1,1_12/80010
1,01/0934904M,,TA01,1,,0,,1,1_01/0934904M
1,01/0935004M,,TA01,1,,0,,1,1_01/0935004M
1,02/09258,,TI02,2,,0,,1,1_02/09258
1,01/09329A,,TA01,1,,0,,1,1_01/09329A
1,01/09345A,,TA01,1,,0,,1,1_01/09345A
1,02/09259,,TI02,2,,0,,1,1_02/09259
1,10/16816,,TI10,2,,0,,1,1_10/16816
1,10/16816M,,TI10,2,,0,,1,1_10/16816M
1,01/09374,,TA01,1,,0,,1,1_01/09374
1,55/00122,,TI55,2,,0,,1,1_55/00122
1,55/00122MP,,TI55,2,,0,,1,1_55/00122MP
1,01/09375,,TA01,1,,0,,1,1_01/09375
1,02/09260,,TI02,2,,0,,1,1_02/09260
1,02/09261,,TI02,2,,0,,1,1_02/09261
1,.PANT,,AVCTA,0,,0,,1,1_.PANT
1,.CAZA,,AVCTA,0,,0,,1,1_.CAZA
1,.SUDA,,AVCTA,0,,0,,1,1_.SUDA
1,.SERI,,AVCTA,0,,0,,1,1_.SERI
1,12/900321RM,,CV12,6,,0,,1,1_12/900321RM
1,01/09376,,TA01,1,,0,,1,1_01/09376
1,12/00600,,CV12,6,,0,,1,1_12/00600
1,56/36030,,TA56,1,,0,,1,1_56/36030
1,56/36010,,TA56,1,,0,,1,1_56/36010
1,01/09320M,,TA01,1,,0,,1,1_01/09320M
1,02/09262,,TI02,2,,0,,1,1_02/09262
1,01/00455,,TA01,1,,0,,1,1_01/00455
1,04/20312,,PL04,4,,0,,1,1_04/20312
1,02/09263,,TI02,2,,0,,1,1_02/09263
1,02/09264,,TI02,2,,0,,1,1_02/09264
1,02/09265M,,TI02,2,,0,,1,1_02/09265M
1,PR/1657/0003,,TI02,2,,0,,1,1_PR/1657/0003
1,PR/0532/0006,,TA01,1,,0,,1,1_PR/0532/0006
1,12/80839,,CV12,6,,0,,1,1_12/80839
1,02/09262M,,TI02,2,,0,,1,1_02/09262M
1,02/09259M,,TI02,2,,0,,1,1_02/09259M
1,02/09259M1,,TI02,2,,0,,1,1_02/09259M1
1,02/09259M2,,TI02,2,,0,,1,1_02/09259M2
1,02/09259M3,,TI02,2,,0,,1,1_02/09259M3
1,02/09259M4,,TI02,2,,0,,1,1_02/09259M4
1,02/09259M5,,TI02,2,,0,,1,1_02/09259M5
1,01/09069A,,TA01,1,,0,,1,1_01/09069A
1,01/09381,,TA01,1,,0,,1,1_01/09381
1,70/7030540,,TA70,2,,0,,1,1_70/7030540
1,01/00451A,,TA01,1,,0,,1,1_01/00451A
1,02/09161,,TI02,2,,0,,1,1_02/09161
1,02/09156R,,TI02,2,,0,,1,1_02/09156R
1,01/00455R,,TA01,1,,0,,1,1_01/00455R
1,01/00432AR,,TA01,1,,0,,1,1_01/00432AR
1,01/09377,,TA01,1,,0,,1,1_01/09377
1,01/09378,,TA01,1,,0,,1,1_01/09378
1,01/09379,,TA01,1,,0,,1,1_01/09379
1,01/09380,,TA01,1,,0,,1,1_01/09380
1,51/10040,,TA51,1,,0,,1,1_51/10040
1,51/310010,,TA51,1,,0,,1,1_51/310010
1,12/80840,,CV12,6,,0,,1,1_12/80840
1,12/80841,,CV12,6,,0,,1,1_12/80841
1,01/09382,,TA01,1,,0,,1,1_01/09382
1,12/420806,,CV12,6,,0,,1,1_12/420806
1,57/00005MP,,TA57,1,,0,,1,1_57/00005MP
1,02/09267,,TI02,2,,0,,1,1_02/09267
1,02/09268,,TI02,2,,0,,1,1_02/09268
1,02/09269,,TI02,2,,0,,1,1_02/09269
1,02/09270,,TI02,2,,0,,1,1_02/09270
1,02/09271,,TI02,2,,0,,1,1_02/09271
1,02/09272,,TI02,2,,0,,1,1_02/09272
1,02/09273,,TI02,2,,0,,1,1_02/09273
1,01/09377M,,TA01,1,,0,,1,1_01/09377M
1,01/09377M1,,TA01,1,,0,,1,1_01/09377M1
1,01/0937701,,TA01,1,,0,,1,1_01/0937701
1,01/0937901,,TA01,1,,0,,1,1_01/0937901
1,03/3054025,,CA03,3,,0,,1,1_03/3054025
1,02/09274,,TI02,2,,0,,1,1_02/09274
1,27/92512A,,TA27,1,,0,,1,1_27/92512A
1,PR/0768/0017,,TA01,1,,0,,1,1_PR/0768/0017
1,13/10538A,,CA13,3,,0,,1,1_13/10538A
1,12/80617,,CV12,6,,0,,1,1_12/80617
1,12/PG02006,,CV12,6,,0,,1,1_12/PG02006
1,02/09274M1,,TI02,2,,0,,1,1_02/09274M1
1,02/09804A,,TI02,2,,0,,1,1_02/09804A
1,01/00431AR,,TA01,1,,0,,1,1_01/00431AR
1,01/09350-56,,TA01,1,,0,,1,1_01/09350-56
1,01/09383,,TA01,1,,0,,1,1_01/09383
1,01/09350-55M,,TA01,1,,0,,1,1_01/09350-55M
1,04/20830,,PL04,4,,0,,1,1_04/20830
1,12/301507R,,CV12,6,,0,,1,1_12/301507R
1,02/09232R,,TI02,2,,0,,1,1_02/09232R
1,02/09231R,,TI02,2,,0,,1,1_02/09231R
1,03/00271R,,CA03,3,,0,,1,1_03/00271R
1,02/09275,,TI02,2,,0,,1,1_02/09275
1,12/50132,,CV12,6,,0,,1,1_12/50132
1,13/10031,,CA13,3,,0,,1,1_13/10031
1,02/08541R,,TI02,2,,0,,1,1_02/08541R
1,01/09384,,TA01,1,,0,,1,1_01/09384
1,02/0814001R,,TI02,2,,0,,1,1_02/0814001R
1,02/09279,,TI02,2,,0,,1,1_02/09279
1,04/20710,,PL04,4,,0,,1,1_04/20710
1,02/09280,,TI02,2,,0,,1,1_02/09280
1,02/09257R,,TI02,2,,0,,1,1_02/09257R
1,02/09280M,,TI02,2,,0,,1,1_02/09280M
1,02/09280M1,,TI02,2,,0,,1,1_02/09280M1
1,02/09280M2,,TI02,2,,0,,1,1_02/09280M2
1,02/09280M3,,TI02,2,,0,,1,1_02/09280M3
1,01/09385,,TA01,1,,0,,1,1_01/09385
1,01/09385M,,TA01,1,,0,,1,1_01/09385M
1,01/09385H,,TA01,1,,0,,1,1_01/09385H
1,58/35012,,TA58,1,,0,,1,1_58/35012
1,02/10043AM1,,TI02,2,,0,,1,1_02/10043AM1
1,56/34003,,TA56,1,,0,,1,1_56/34003
1,01/09386,,TA01,1,,0,,1,1_01/09386
1,01/09996,,TA01,1,,0,,1,1_01/09996
1,02/09282M,,TI02,2,,0,,1,1_02/09282M
1,10/16810,,TI10,2,,0,,1,1_10/16810
1,10/16810M,,TI02,2,,0,,1,1_10/16810M
1,28/00801,,TA28,1,,0,,1,1_28/00801
1,13/10558,,CA13,3,,0,,1,1_13/10558
1,01/08911R,,TA01,1,,0,,1,1_01/08911R
1,.80/9,,PL80,4,,0,,1,1_.80/9
1,04/00420M,,PL04,4,,0,,1,1_04/00420M
1,01/09387,,TA01,1,,0,,1,1_01/09387
1,01/09388,,TA01,1,,0,,1,1_01/09388
1,01/09355A,,TA01,1,,0,,1,1_01/09355A
1,12/00346,,CV12,1,,0,,1,1_12/00346
1,01/09389,,TA01,1,,0,,1,1_01/09389
1,01/09373R,,TA01,1,,0,,1,1_01/09373R
1,12/PV00013,,CV12,6,,0,,1,1_12/PV00013
1,02/09848R,,TI02,2,,0,,1,1_02/09848R
1,01/10227,,TA01,1,,0,,1,1_01/10227
1,58/35010,,TA58,1,,0,,1,1_58/35010
1,01/09390,,TA01,1,,0,,1,1_01/09390
1,01/0939001,,TA01,1,,0,,1,1_01/0939001
1,02/09178R,,TI02,2,,0,,1,1_02/09178R
1,01/09391,,TA01,1,,0,,1,1_01/09391
1,02/09283,,TI02,2,,0,,1,1_02/09283
1,02/09284,,TI02,2,,0,,1,1_02/09284
1,26/30410,,TA26,1,,0,,1,1_26/30410
1,26/30412,,TA26,1,,0,,1,1_26/30412
1,01/00358F,,TA01,1,,0,,1,1_01/00358F
1,01/00275,,TA01,1,,0,,1,1_01/00275
1,10/02010M,,TI10,2,,0,,1,1_10/02010M
1,02/07839M,,TI02,2,,0,,1,1_02/07839M
1,28/00800,,TA28,1,,0,,1,1_28/00800
1,02/09285,,TI02,2,,0,,1,1_02/09285
1,02/09286,,TI02,2,,0,,1,1_02/09286
1,02/09287,,TI02,2,,0,,1,1_02/09287
1,12/TP388O,,CV12,6,,0,,1,1_12/TP388O
1,01/09392,,TA01,1,,0,,1,1_01/09392
1,01/09393,,TA01,1,,0,,1,1_01/09393
1,01/09394,,TA01,1,,0,,1,1_01/09394
1,01/09395,,TA01,1,,0,,1,1_01/09395
1,55/00402A,,TI55,2,,0,,1,1_55/00402A
1,55/00402AM,,TI55,2,,0,,1,1_55/00402AM
1,04/02151,,PL04,4,,0,,1,1_04/02151
1,01/08943R,,TA01,1,,0,,1,1_01/08943R
1,01/09047R,,TA01,1,,0,,1,1_01/09047R
1,01/09396,,TA01,1,,0,,1,1_01/09396
1,02/09289,,TI02,2,,0,,1,1_02/09289
1,01/09397,,TA01,1,,0,,1,1_01/09397
1,01/09398,,TA01,1,,0,,1,1_01/09398
1,01/09398M,,TA01,1,,0,,1,1_01/09398M
1,01/09398M1,,TA01,1,,0,,1,1_01/09398M1
1,01/09398M2,,TA01,1,,0,,1,1_01/09398M2
1,02/09290,,TI02,2,,0,,1,1_02/09290
1,02/09291,,TI02,2,,0,,1,1_02/09291
1,11/41251,,TA11,1,,0,,1,1_11/41251
1,11/41202,,TA11,1,,0,,1,1_11/41202
1,01/09399,,TA01,1,,0,,1,1_01/09399
1,01/00456,,TA01,1,,0,,1,1_01/00456
1,01/09397M3,,TA01,1,,0,,1,1_01/09397M3
1,PR/0837/0016,,TI02,2,,0,,1,1_PR/0837/0016
1,PR/0104/0068,,TA01,1,,0,,1,1_PR/0104/0068
1,10/90031M,,TI10,2,,0,,1,1_10/90031M
1,12/80842,,CV12,6,,0,,1,1_12/80842
1,03/6521200,,CA03,3,,0,,1,1_03/6521200
1,52/38015,,TA52,1,,0,,1,1_52/38015
1,52/36020,,TA52,1,,0,,1,1_52/36020
1,12/900001,,CV12,6,,0,,1,1_12/900001
1,PR/1202/0001,,TA01,1,,0,,1,1_PR/1202/0001
1,12/PP400500,,CV12,6,,0,,1,1_12/PP400500
1,12/80843,,CV12,6,,0,,1,1_12/80843
1,02/10817B01,,TI02,2,,0,,1,1_02/10817B01
1,12/80813A,,CV12,6,,0,,1,1_12/80813A
1,12/80814A,,CV12,6,,0,,1,1_12/80814A
1,02/09292,,TI02,2,,0,,1,1_02/09292
1,02/09293,,TI02,2,,0,,1,1_02/09293
1,02/10764,,TI02,2,,0,,1,1_02/10764
1,02/09293M,,TI02,2,,0,,1,1_02/09293M
1,02/09259R,,TI02,2,,0,,1,1_02/09259R
1,92/00001,,XTI92,8,,0,,1,1_92/00001
1,01/09400,,TA01,1,,0,,1,1_01/09400
1,01/09401,,TA01,1,,0,,1,1_01/09401
1,52/400202,,TA52,1,,0,,1,1_52/400202
1,05/000254,,PI05,5,,,,1,1_05/000254
1,05/000506,,PI05,5,,,,1,1_05/000506
1,05/000507,,PI05,5,,,,1,1_05/000507
1,01/09400M,,TA01,1,,0,,1,1_01/09400M
1,01/09401M,,TA01,1,,0,,1,1_01/09401M
1,51/5303003,,TA51,1,,0,,1,1_51/5303003
1,01/00457,,TA01,1,,0,,1,1_01/00457
1,01/00458,,TA01,1,,0,,1,1_01/00458
1,01/00459,,TA01,1,,0,,1,1_01/00459
1,01/08507A,,TA01,1,,0,,1,1_01/08507A
1,01/09402,,TA01,1,,0,,1,1_01/09402
1,01/09399-4,,TA01,1,,0,,1,1_01/09399-4
1,01/08817A-4,,TA01,1,,0,,1,1_01/08817A-4
1,03/6523145,,CA03,3,,0,,1,1_03/6523145
1,02/09295,,TI02,2,,0,,1,1_02/09295
1,12/RQ00025,,CV12,6,,0,,1,1_12/RQ00025
1,12/RQ00025M,,CV12,6,,0,,1,1_12/RQ00025M
1,12/PP00066,,CV12,6,,0,,1,1_12/PP00066
1,02/1036302,,TI02,2,,0,,1,1_02/1036302
1,01/09403H,,TA01,1,,0,,1,1_01/09403H
1,28/40001,,TA28,1,,0,,1,1_28/40001
1,28/40011,,TA28,1,,0,,1,1_28/40011
1,28/40021,,TA28,1,,0,,1,1_28/40021
1,28/40031,,TA28,1,,0,,1,1_28/40031
1,28/40101,,TA28,1,,0,,1,1_28/40101
1,28/40151,,TA28,1,,0,,1,1_28/40151
1,28/40201,,TA28,1,,0,,1,1_28/40201
1,28/40211,,TA28,1,,0,,1,1_28/40211
1,28/40212,,TA28,1,,0,,1,1_28/40212
1,01/0939904M,,TA01,1,,0,,1,1_01/0939904M
1,01/08817A04M,,TA01,1,,0,,1,1_01/08817A04M
1,01/08817A,,TA01,1,,0,,1,1_01/08817A
1,01/08817A-27,,TA01,1,,0,,1,1_01/08817A-27
1,01/08817A-60,,TA01,1,,0,,1,1_01/08817A-60
1,10/1910501,,TI10,2,,0,,1,1_10/1910501
1,03/00276,,CA03,3,,0,,1,1_03/00276
1,01/0933301,,TA01,1,,0,,1,1_01/0933301
1,01/0933301M,,TA01,1,,0,,1,1_01/0933301M
1,01/0933301H,,TA01,1,,0,,1,1_01/0933301H
1,04/02159,,PL04,4,,0,,1,1_04/02159
1,04/02158,,PL04,4,,0,,1,1_04/02158
1,04/02132,,PL04,4,,0,,1,1_04/02132
1,.W980,,W,9,,,,1,1_.W980
1,01/09398R,,TA01,1,,0,,1,1_01/09398R
1,02/09296,,TI02,2,,0,,1,1_02/09296
1,12/80844,,CV12,6,,0,,1,1_12/80844
1,02/09297,,TI02,2,,0,,1,1_02/09297
1,02/09296M1,,TI02,2,,0,,1,1_02/09296M1
1,02/09296M3,,TI02,2,,0,,1,1_02/09296M3
1,02/09296M2,,TI02,2,,0,,1,1_02/09296M2
1,01/08817A-5,,TA01,1,,0,,1,1_01/08817A-5
1,01/08817A-6,,TA01,1,,0,,1,1_01/08817A-6
1,01/08817A-5A,,TA01,1,,0,,1,1_01/08817A-5A
1,01/08817A-6A,,TA01,1,,0,,1,1_01/08817A-6A
1,01/08817A-9,,TA01,1,,0,,1,1_01/08817A-9
1,01/08817A-10,,TA01,1,,0,,1,1_01/08817A-10
1,01/08817A-11,,TA01,1,,0,,1,1_01/08817A-11
1,12/PG05102,,CV12,6,,0,,1,1_12/PG05102
1,01/09399-5A,,TA01,1,,0,,1,1_01/09399-5A
1,01/09399-6A,,TA01,1,,0,,1,1_01/09399-6A
1,01/09399-7,,TA01,1,,0,,1,1_01/09399-7
1,01/09399-8,,TA01,1,,0,,1,1_01/09399-8
1,01/09399-9,,TA01,1,,0,,1,1_01/09399-9
1,01/09399-10,,TA01,1,,0,,1,1_01/09399-10
1,01/09399-11,,TA01,1,,0,,1,1_01/09399-11
1,01/09399-61,,TA01,1,,0,,1,1_01/09399-61
1,01/09399-62,,TA01,1,,0,,1,1_01/09399-62
1,01/09399-63,,TA01,1,,0,,1,1_01/09399-63
1,01/09399-64,,TA01,1,,0,,1,1_01/09399-64
1,01/08817-5A,,TA01,1,,0,,1,1_01/08817-5A
1,01/08817-6A,,TA01,1,,0,,1,1_01/08817-6A
1,12/513009,,CV12,6,,0,,1,1_12/513009
1,12/543009,,CV12,6,,0,,1,1_12/543009
1,12/5430091,,CV12,6,,0,,1,1_12/5430091
1,UP.121-01,,YMA-UP,1,,0,,1,1_UP.121-01
1,02/10707R,,TI02,2,,0,,1,1_02/10707R
1,01/09404,,TA01,1,,0,,1,1_01/09404
1,02/09762R,,TI02,2,,0,,1,1_02/09762R
1,01/09405,,TA01,1,,0,,1,1_01/09405
1,54/80104,,TA54,1,,0,,1,1_54/80104
1,02/0814001A,,TI02,2,,0,,1,1_02/0814001A
1,01/09406,,TA01,1,,0,,1,1_01/09406
1,01/09407,,TA01,1,,0,,1,1_01/09407
1,01/09406M,,TA01,1,,0,,1,1_01/09406M
1,01/09406H,,TA01,1,,0,,1,1_01/09406H
1,56/00100A,,TA56,1,,0,,1,1_56/00100A
1,01/09408,,TA01,1,,0,,1,1_01/09408
1,02/09298R,,TI02,2,,0,,1,1_02/09298R
1,02/08640AR,,TI02,2,,0,,1,1_02/08640AR
1,02/09299,,TI02,2,,0,,1,1_02/09299
1,01/09409,,TA01,1,,0,,1,1_01/09409
1,12/L0110-201,,CV12,6,,0,,1,1_12/L0110-201
1,02/09300,,TI02,2,,0,,1,1_02/09300
1,02/09300M,,TI02,2,,0,,1,1_02/09300M
1,02/09301,,TI02,2,,0,,1,1_02/09301
1,02/09301M,,TI02,2,,0,,1,1_02/09301M
1,04/33275,,PL04,4,,0,,1,1_04/33275
1,YMA-TP,,,0,,0,,1,1_YMA-TP
1,01/09410,,TA01,1,,0,,1,1_01/09410
1,01/09155AR,,TA01,1,,0,,1,1_01/09155AR
1,12/421005,,CV12,6,,0,,1,1_12/421005
1,01/09411,,TA01,1,,0,,1,1_01/09411
1,01/09412,,TA01,1,,0,,1,1_01/09412
1,02/08866R,,TI02,2,,0,,1,1_02/08866R
1,11/41251A,,TA11,1,,0,,1,1_11/41251A
1,02/09302,,TI02,2,,0,,1,1_02/09302
1,10/14660,,TI10,2,,0,,1,1_10/14660
1,10/14660M,,TI10,2,,0,,1,1_10/14660M
1,12/900331,,CV12,3,,0,,1,1_12/900331
1,12/900331M,,CV12,6,,0,,1,1_12/900331M
1,02/10205R,,TI02,2,,0,,1,1_02/10205R
1,12/80845,,CV12,6,,0,,1,1_12/80845
1,01/09408R,,TA01,1,,0,,1,1_01/09408R
1,01/08817A-99,,TA01,1,,0,,1,1_01/08817A-99
1,01/09399-99,,TA01,1,,0,,1,1_01/09399-99
1,55/0770402MP,,TI55,2,,0,,1,1_55/0770402MP
1,02/09303,,TI02,2,,0,,1,1_02/09303
1,02/1036302M,,TI02,2,,0,,1,1_02/1036302M
1,01/09413,,TA01,1,,0,,1,1_01/09413
1,01/09414,,TA01,1,,0,,1,1_01/09414
1,01/09415,,TA01,1,,0,,1,1_01/09415
1,01/09416,,TA01,1,,0,,1,1_01/09416
1,01/09417,,TA01,1,,0,,1,1_01/09417
1,01/09418,,TA01,1,,0,,1,1_01/09418
1,01/09419,,TA01,1,,0,,1,1_01/09419
1,01/09420,,TA01,1,,0,,1,1_01/09420
1,01/09421,,TA01,1,,0,,1,1_01/09421
1,01/09422,,TA01,1,,0,,1,1_01/09422
1,01/09423,,TA01,1,,0,,1,1_01/09423
1,12/PL00006,,CV12,6,,0,,1,1_12/PL00006
1,10/0505161,,TA11,1,,0,,1,1_10/0505161
1,02/10134A,,TI02,2,,0,,1,1_02/10134A
1,01/09424,,TA01,1,,0,,1,1_01/09424
1,01/09416M,,TA01,1,,0,,1,1_01/09416M
1,01/09420M,,TA01,1,,0,,1,1_01/09420M
1,PR/1567/0002,,TA01,1,,0,,1,1_PR/1567/0002
1,01/09425,,TA01,1,,0,,1,1_01/09425
1,53/6602020,,TA53,1,,0,,1,1_53/6602020
1,01/09425M,,TA01,1,,0,,1,1_01/09425M
1,26/50033,,TA26,1,,0,,1,1_26/50033
1,01/09133AM,,TA01,1,,0,,1,1_01/09133AM
1,01/09338M,,TA01,1,,0,,1,1_01/09338M
1,02/09304R,,TI02,2,,0,,1,1_02/09304R
1,02/09302M,,TI02,2,,0,,1,1_02/09302M
1,01/09410M,,TA01,1,,0,,1,1_01/09410M
1,01/09413R,,TA01,1,,0,,1,1_01/09413R
1,01/09426,,TA01,1,,0,,1,1_01/09426
1,01/09394R,,TA01,1,,0,,1,1_01/09394R
1,01/08817A-61,,TA01,1,,0,,1,1_01/08817A-61
1,12/PP00067,,CV12,6,,0,,1,1_12/PP00067
1,12/PP00068,,CV12,6,,0,,1,1_12/PP00068
1,US.013-M,,YMA-US,1,,0,,1,1_US.013-M
1,02/09305,,TI02,2,,0,,1,1_02/09305
1,02/09306R,,TI02,2,,0,,1,1_02/09306R
1,12/PP00069,,CV12,6,,0,,1,1_12/PP00069
1,11/41251B,,TA11,1,,0,,1,1_11/41251B
1,02/09307R,,TI02,2,,0,,1,1_02/09307R
1,02/09306AR,,TI02,2,,0,,1,1_02/09306AR
1,02/09884AM,,TI02,2,,0,,1,1_02/09884AM
1,01/09427M,,TA01,1,,0,,1,1_01/09427M
1,02/09275M,,TI02,1,,0,,1,1_02/09275M
1,02/09275M1,,TI02,2,,0,,1,1_02/09275M1
1,02/08754R,,TI02,2,,0,,1,1_02/08754R
1,01/09428,,TA01,1,,0,,1,1_01/09428
1,01/08817A-95,,TA01,1,,0,,1,1_01/08817A-95
1,01/09399-95,,TA01,1,,0,,1,1_01/09399-95
1,02/0814001AR,,TI02,2,,0,,1,1_02/0814001AR
1,PR/EKTA/0005,,TA01,1,,0,,1,1_PR/EKTA/0005
1,01/09428M,,TA01,3,,0,,1,1_01/09428M
1,01/09428M1,,TA01,1,,0,,1,1_01/09428M1
1,12/PG05506,,CV12,6,,0,,1,1_12/PG05506
1,12/PG05505,,CV12,6,,0,,1,1_12/PG05505
1,01/09424A,,TA01,1,,0,,1,1_01/09424A
1,12/PP400001,,CV12,6,,0,,1,1_12/PP400001
1,02/09305M,,TI02,2,,0,,1,1_02/09305M
1,12/4210061,,CV12,6,,0,,1,1_12/4210061
1,02/09308R,,TI02,2,,0,,1,1_02/09308R
1,02/09309,,TI02,2,,0,,1,1_02/09309
1,02/09310,,TI02,2,,0,,1,1_02/09310
1,02/09311,,TI02,2,,0,,1,1_02/09311
1,12/PP00070,,CV12,6,,0,,1,1_12/PP00070
1,12/10090A,,CV12,2,,0,,1,1_12/10090A
1,01/09429,,TA01,1,,0,,1,1_01/09429
1,02/08306R,,TI02,2,,0,,1,1_02/08306R
1,02/09019R,,TI02,2,,0,,1,1_02/09019R
1,52/99997,,TA52,1,,0,,1,1_52/99997
1,01/09399-65,,TA01,1,,0,,1,1_01/09399-65
1,01/09430,,TA01,1,,0,,1,1_01/09430
1,02/09314,,TI02,2,,0,,1,1_02/09314
1,01/09431,,TA01,1,,0,,1,1_01/09431
1,52/0010001A,,TA52,1,,0,,1,1_52/0010001A
1,01/0940601H,,TA01,1,,0,,1,1_01/0940601H
1,01/0940602H,,TA01,1,,0,,1,1_01/0940602H
1,.CAMI,,AVCTA,0,,0,,1,1_.CAMI
1,.POLO,,AVCTA,0,,0,,1,1_.POLO
1,01/09432,,TA01,1,,0,,1,1_01/09432
1,01/09425M1,,TA01,1,,0,,1,1_01/09425M1
1,02/10257,,TI02,2,,0,,1,1_02/10257
1,01/08817A01,,TA01,1,,0,,1,1_01/08817A01
1,01/0939905,,TA01,1,,0,,1,1_01/0939905
1,01/09399-56,,TA01,1,,0,,1,1_01/09399-56
1,02/09264R,,TI02,2,,0,,1,1_02/09264R
1,02/09315,,TI02,2,,0,,1,1_02/09315
1,02/09316,,TI02,2,,0,,1,1_02/09316
1,02/09317,,TI02,2,,0,,1,1_02/09317
1,02/09318,,TI02,2,,0,,1,1_02/09318
1,12/80846A,,CV12,6,,0,,1,1_12/80846A
1,12/80847A,,CV12,6,,0,,1,1_12/80847A
1,12/80848A,,CV12,6,,0,,1,1_12/80848A
1,12/80849A,,CV12,6,,0,,1,1_12/80849A
1,02/09319,,TI02,2,,0,,1,1_02/09319
1,02/09002R,,TI02,2,,0,,1,1_02/09002R
1,02/09320,,TI02,2,,0,,1,1_02/09320
1,PR/0254/0010,,TA01,1,,0,,1,1_PR/0254/0010
1,10/01001R,,TI10,2,,0,,1,1_10/01001R
1,12/00240,,CV12,6,,0,,1,1_12/00240
1,02/09321,,TI02,2,,0,,1,1_02/09321
1,02/09312,,TI02,2,,0,,1,1_02/09312
1,02/09313,,TI02,2,,0,,1,1_02/09313
1,02/09312M,,TI02,2,,0,,1,1_02/09312M
1,02/09313M,,TI02,2,,0,,1,1_02/09313M
1,01/09433,,TA01,1,,0,,1,1_01/09433
1,01/09434,,TA01,1,,0,,1,1_01/09434
1,12/PP00071,,CV12,6,,0,,1,1_12/PP00071
1,12/PP00072,,CV12,6,,0,,1,1_12/PP00072
1,12/PP00073,,CV12,6,,0,,1,1_12/PP00073
1,01/09435,,TA01,1,,0,,1,1_01/09435
1,01/09432M,,TA01,1,,0,,1,1_01/09432M
1,02/09190BR,,TI02,2,,0,,1,1_02/09190BR
1,02/09191BR,,TI02,2,,0,,1,1_02/09191BR
1,02/09322,,TI02,2,,0,,1,1_02/09322
1,02/09315M,,TI02,2,,0,,1,1_02/09315M
1,02/09316M,,TI02,2,,0,,1,1_02/09316M
1,02/09317M,,TI02,2,,0,,1,1_02/09317M
1,02/10566,,TI02,2,,0,,1,1_02/10566
1,02/09054M1,,TI02,2,,0,,1,1_02/09054M1
1,02/09315M1,,TI02,2,,0,,1,1_02/09315M1
1,02/09316M1,,TI02,2,,0,,1,1_02/09316M1
1,02/09317M1,,TI02,2,,0,,1,1_02/09317M1
1,02/09318M,,TI02,2,,0,,1,1_02/09318M
1,02/09323,,TI02,2,,0,,1,1_02/09323
1,02/09324,,TI02,2,,0,,1,1_02/09324
1,02/09323M,,TI02,2,,0,,1,1_02/09323M
1,02/09325,,TI02,2,,0,,1,1_02/09325
1,02/09326,,TI02,2,,0,,1,1_02/09326
1,01/09436,,TA01,1,,0,,1,1_01/09436
1,02/07678R,,TI02,2,,0,,1,1_02/07678R
1,12/253012R,,CV12,6,,0,,1,1_12/253012R
1,12/252810R,,CV12,6,,0,,1,1_12/252810R
1,10/050531,,TA11,1,,0,,1,1_10/050531
1,01/09437,,TA01,1,,0,,1,1_01/09437
1,01/09438,,TA01,1,,0,,1,1_01/09438
1,02/09835,,TI02,2,,0,,1,1_02/09835
1,58/00040,,TA58,1,,0,,1,1_58/00040
1,01/00460,,TA01,1,,0,,1,1_01/00460
1,01/09439,,TA01,1,,0,,1,1_01/09439
1,01/09440,,TA01,1,,0,,1,1_01/09440
1,01/09441,,TA01,1,,0,,1,1_01/09441
1,01/09442,,TA01,1,,0,,1,1_01/09442
1,01/09442M,,TA01,1,,0,,1,1_01/09442M
1,02/09322M,,TI02,2,,0,,1,1_02/09322M
1,54/00600,,TA54,1,,0,,1,1_54/00600
1,02/09327,,TI02,2,,0,,1,1_02/09327
1,10/14817,,TI10,2,,0,,1,1_10/14817
1,10/14817M,,TI10,2,,0,,1,1_10/14817M
1,01/09443,,TA01,1,,0,,1,1_01/09443
1,12/PM00001,,CV12,6,,0,,1,1_12/PM00001
1,12/L02-1120-20-400,,CV12,6,,0,,1,1_12/L02-1120-20-400
1,12/L02-5420-20-400,,CV12,6,,0,,1,1_12/L02-5420-20-400
1,12/372010,,CV12,6,,0,,1,1_12/372010
1,02/09328,,TI02,2,,0,,1,1_02/09328
1,02/09325M,,TI02,2,,0,,1,1_02/09325M
1,12/PM00002,,CV12,6,,0,,1,1_12/PM00002
1,12/PM00003,,CV12,6,,0,,1,1_12/PM00003
1,12/PP00074,,CV12,6,,0,,1,1_12/PP00074
1,12/PP00075,,CV12,6,,0,,1,1_12/PP00075
1,PR/0617/0125,,TI02,2,,0,,1,1_PR/0617/0125
1,03/00278M,,CA03,3,,0,,1,1_03/00278M
1,02/0905501,,TI02,2,,0,,1,1_02/0905501
1,01/09444,,TA01,1,,0,,1,1_01/09444
1,01/09445,,TA01,1,,0,,1,1_01/09445
1,01/09446,,TA01,1,,0,,1,1_01/09446
1,01/09432A,,TA01,1,,0,,1,1_01/09432A
1,01/09432H,,TA01,1,,0,,1,1_01/09432H
1,01/09447,,TA01,1,,0,,1,1_01/09447
1,04/02133A,,PL04,4,,0,,1,1_04/02133A
1,01/09323A,,TA01,1,,0,,1,1_01/09323A
1,01/09448R,,TA01,1,,0,,1,1_01/09448R
1,02/09329,,TI02,2,,0,,1,1_02/09329
1,02/09329M,,TI02,2,,0,,1,1_02/09329M
1,02/09043A,,TI02,2,,0,,1,1_02/09043A
1,02/09043AM,,TI02,2,,0,,1,1_02/09043AM
1,02/09044M4A,,TI02,2,,0,,1,1_02/09044M4A
1,01/09449,,TA01,1,,0,,1,1_01/09449
1,01/09450,,TA01,1,,0,,1,1_01/09450
1,02/09051R,,TI02,2,,0,,1,1_02/09051R
1,02/08323R,,TI02,2,,0,,1,1_02/08323R
1,02/09330,,TI02,2,,0,,1,1_02/09330
1,01/09451,,TA01,1,,0,,1,1_01/09451
1,01/09452,,TA01,1,,0,,1,1_01/09452
1,02/09331,,TI02,2,,0,,1,1_02/09331
1,01/09453,,TA01,1,,0,,1,1_01/09453
1,01/09454,,TA01,1,,0,,1,1_01/09454
1,01/09894M1,,TA01,1,,0,,1,1_01/09894M1
1,02/08761AM,,TI02,2,,0,,1,1_02/08761AM
1,01/09455,,TA01,1,,0,,1,1_01/09455
1,01/09456,,TA01,1,,0,,1,1_01/09456
1,02/09331M,,TI02,2,,0,,1,1_02/09331M
1,02/09331M1,,TI02,2,,0,,1,1_02/09331M1
1,02/09331M2,,TI02,2,,0,,1,1_02/09331M2
1,12/301508R,,CV12,6,,0,,1,1_12/301508R
1,12/282007,,CV12,6,,0,,1,1_12/282007
1,12/PP00076,,CV12,6,,0,,1,1_12/PP00076
1,12/PP00077,,CV12,6,,0,,1,1_12/PP00077
1,03/00279,,CA03,3,,0,,1,1_03/00279
1,12/CHKR000132,,CV12,6,,0,,1,1_12/CHKR000132
1,12/PG05305A,,CV12,6,,0,,1,1_12/PG05305A
1,02/0994906,,TI02,2,,0,,1,1_02/0994906
1,01/09242A,,TA01,1,,0,,1,1_01/09242A
1,01/09243B,,TA01,1,,0,,1,1_01/09243B
1,01/09241AM,,TA01,1,,0,,1,1_01/09241AM
1,12/5008035,,CV12,6,,0,,1,1_12/5008035
1,02/09332,,TI02,2,,0,,1,1_02/09332
1,56/80044,,TA56,1,,0,,1,1_56/80044
1,01/09456M,,TA01,1,,0,,1,1_01/09456M
1,02/10700,,TI02,2,,0,,1,1_02/10700
1,04/100000003,,PL04,4,,0,,1,1_04/100000003
1,02/09171A,,TI02,2,,0,,1,1_02/09171A
1,12/TP2670O,,CV12,6,,0,,1,1_12/TP2670O
1,PR/1731/0001,,TI02,2,,0,,1,1_PR/1731/0001
1,02/10510B,,TI02,2,,0,,1,1_02/10510B
1,11/401012,,TA11,1,,0,,1,1_11/401012
1,02/1013999,,TI02,2,,0,,1,1_02/1013999
1,02/09333,,TI02,2,,0,,1,1_02/09333
1,02/09334,,TI02,2,,0,,1,1_02/09334
1,12/80665,,CV12,6,,0,,1,1_12/80665
1,02/09335,,TI02,2,,0,,1,1_02/09335
1,02/09336,,TI02,2,,0,,1,1_02/09336
1,PR/1144/0001,,TA01,1,,0,,1,1_PR/1144/0001
1,PR/1578/0001,,TA01,1,,0,,1,1_PR/1578/0001
1,02/09338,,TI02,2,,0,,1,1_02/09338
1,02/09338M,,TI02,2,,0,,1,1_02/09338M
1,55/06002MP,,TI55,2,,0,,1,1_55/06002MP
1,12/80850,,CV12,6,,0,,1,1_12/80850
1,02/09339,,TI02,2,,0,,1,1_02/09339
1,01/09458,,TA01,1,,0,,1,1_01/09458
1,01/09459,,TA01,1,,0,,1,1_01/09459
1,02/09340,,TI02,2,,0,,1,1_02/09340
1,12/HD400046A,,CV12,6,,0,,1,1_12/HD400046A
1,01/09460M,,TA01,1,,0,,1,1_01/09460M
1,12/PP00078,,CV12,6,,0,,1,1_12/PP00078
1,12/PP00079,,CV12,6,,0,,1,1_12/PP00079
1,12/2530131,,CV12,6,,0,,1,1_12/2530131
1,12/2520081,,CV12,6,,0,,1,1_12/2520081
1,02/09341,,TI02,2,,0,,1,1_02/09341
1,02/08159R,,TI02,2,,0,,1,1_02/08159R
1,02/09342,,TI02,2,,0,,1,1_02/09342
1,01/09460M1,,TA01,1,,0,,1,1_01/09460M1
1,01/09460M2,,TA01,1,,0,,1,1_01/09460M2
1,01/09461,,TA01,1,,0,,1,1_01/09461
1,02/09343A,,TI02,2,,0,,1,1_02/09343A
1,04/34501,,PL04,4,,0,,1,1_04/34501
1,02/09299R,,TI02,2,,0,,1,1_02/09299R
1,02/10751M,,TI02,2,,0,,1,1_02/10751M
1,02/0919701,,TI02,2,,0,,1,1_02/0919701
1,02/09344,,TI02,2,,0,,1,1_02/09344
1,02/09345,,TI02,2,,0,,1,1_02/09345
1,02/09346,,TI02,2,,0,,1,1_02/09346
1,02/09347,,TI02,2,,0,,1,1_02/09347
1,02/09348,,TI02,2,,0,,1,1_02/09348
1,02/09349,,TI02,2,,0,,1,1_02/09349
1,PR/0301/0034,,TA01,1,,0,,1,1_PR/0301/0034
1,02/09350,,TI02,2,,0,,1,1_02/09350
1,02/09351,,TI02,2,,0,,1,1_02/09351
1,26/6208352,,TA26,1,,0,,1,1_26/6208352
1,PR/0617/0122-A,,TI02,2,,0,,1,1_PR/0617/0122-A
1,26/6208351,,TA26,2,,0,,1,1_26/6208351
1,PR/1520/0001,,TI02,2,,0,,1,1_PR/1520/0001
1,PR/1520/0002,,TI02,2,,0,,1,1_PR/1520/0002
1,PR/1520/0003,,TI02,2,,0,,1,1_PR/1520/0003
1,PR/1286/0001,,TA01,1,,0,,1,1_PR/1286/0001
1,PR/1286/0002,,TA01,1,,0,,1,1_PR/1286/0002
1,02/09325R,,TI02,2,,0,,1,1_02/09325R
1,PR/0301/0001,,TA01,1,,0,,1,1_PR/0301/0001
1,12/RQ00026,,CV12,6,,0,,1,1_12/RQ00026
1,02/10885,,TI02,2,,0,,1,1_02/10885
1,12/PP00080,,CV12,6,,0,,1,1_12/PP00080
1,02/08054R,,TI02,2,,0,,1,1_02/08054R
1,PR/0301/0002,,TA01,1,,0,,1,1_PR/0301/0002
1,PR/0301/0003,,TA01,1,,0,,1,1_PR/0301/0003
1,02/09349M,,TI02,2,,0,,1,1_02/09349M
1,02/09349M1,,TI02,2,,0,,1,1_02/09349M1
1,56/80043,,TA56,1,,0,,1,1_56/80043
1,02/09352,,TI02,2,,0,,1,1_02/09352
1,02/09353,,TI02,2,,0,,1,1_02/09353
1,02/09354,,TI02,2,,0,,1,1_02/09354
1,02/09355,,TI02,2,,0,,1,1_02/09355
1,YMA-MQ,,,0,,0,,1,1_YMA-MQ
1,01/09428R,,TA01,1,,0,,1,1_01/09428R
1,PR/0048/0040,,CA03,3,,0,,1,1_PR/0048/0040
1,A,,ZZ,3,,,,1,1_A
1,04/02097,,PL04,4,,0,,1,1_04/02097
1,01/09462,,TA01,1,,0,,1,1_01/09462
1,10/1085530,,TI10,2,,0,,1,1_10/1085530
1,10/1085530M,,TI10,2,,0,,1,1_10/1085530M
1,02/09361M1,,TI02,2,,0,,1,1_02/09361M1
1,02/09356,,TI02,2,,0,,1,1_02/09356
1,02/09356M,,TI02,2,,0,,1,1_02/09356M
1,02/09357,,TI02,2,,0,,1,1_02/09357
1,01/09463,,TA01,1,,0,,1,1_01/09463
1,01/09464,,TA01,1,,0,,1,1_01/09464
1,01/09465,,TA01,1,,0,,1,1_01/09465
1,01/09466,,TA01,1,,0,,1,1_01/09466
1,02/09358,,TI02,2,,0,,1,1_02/09358
1,91/80055,,XTA91,8,,,,1,1_91/80055
1,91/80037,,XTA91,8,,,,1,1_91/80037
1,91/80105,,XTA91,8,,,,1,1_91/80105
1,01/09467,,TA01,1,,0,,1,1_01/09467
1,PR/0617/0002,,TA01,1,,0,,1,1_PR/0617/0002
1,01/09468,,TA01,1,,0,,1,1_01/09468
1,12/PV00014,,CV12,6,,0,,1,1_12/PV00014
1,12/PV00015,,CV12,6,,0,,1,1_12/PV00015
1,02/09359,,TI02,2,,0,,1,1_02/09359
1,02/09360,,TI02,2,,0,,1,1_02/09360
1,02/09361,,TI02,2,,0,,1,1_02/09361
1,91/80072,,XTA91,8,,,,1,1_91/80072
1,01/09470,,TA01,1,,0,,1,1_01/09470
1,02/09319R,,TI02,2,,0,,1,1_02/09319R
1,01/09469,,TA01,1,,0,,1,1_01/09469
1,PR/0085/0006,,TA01,1,,0,,1,1_PR/0085/0006
1,02/09363,,TI02,2,,0,,1,1_02/09363
1,02/09364,,TI02,2,,0,,1,1_02/09364
1,27/90640,,TA27,1,,0,,1,1_27/90640
1,02/09365,,TI02,2,,0,,1,1_02/09365
1,02/09365M,,TI02,2,,0,,1,1_02/09365M
1,02/10018AM,,TI02,2,,0,,1,1_02/10018AM
1,01/09271A,,TA01,1,,0,,1,1_01/09271A
1,01/09374A,,TA01,1,,0,,1,1_01/09374A
1,12/80851,,CV12,6,,0,,1,1_12/80851
1,12/PB000450920,,CV12,6,,0,,1,1_12/PB000450920
1,01/09471,,TA01,1,,0,,1,1_01/09471
1,02/09366,,TI02,2,,0,,1,1_02/09366
1,02/09367,,TI02,2,,0,,1,1_02/09367
1,11/00610A,,TA11,1,,0,,1,1_11/00610A
1,03/00328,,CA03,3,,0,,1,1_03/00328
1,02/09350A,,TI02,2,,0,,1,1_02/09350A
1,02/09366M,,TI02,2,,0,,1,1_02/09366M
1,02/09306,,TI02,2,,0,,1,1_02/09306
1,02/09307,,TI02,2,,0,,1,1_02/09307
1,01/085061090,,TA01,1,,0,,1,1_01/085061090
1,01/085060800,,TA01,1,,0,,1,1_01/085060800
1,12/90012AR,,CV12,6,,0,,1,1_12/90012AR
1,01/09472,,TA01,1,,0,,1,1_01/09472
1,PR/0301/0003-A,,TA01,1,,0,,1,1_PR/0301/0003-A
1,PR/0301/0002-A,,TA01,1,,0,,1,1_PR/0301/0002-A
1,03/00281,,CA03,3,,0,,1,1_03/00281
1,03/00281M,,CA03,3,,0,,1,1_03/00281M
1,01/09473,,TA01,1,,0,,1,1_01/09473
1,01/09474,,TA01,1,,0,,1,1_01/09474
1,12/330804,,CV12,6,,0,,1,1_12/330804
1,03/1321060R,,CA03,3,,0,,1,1_03/1321060R
1,PR/1520/0004,,TI02,2,,0,,1,1_PR/1520/0004
1,PR/1520/0005,,TI02,2,,0,,1,1_PR/1520/0005
1,12/3025081,,CV12,6,,0,,1,1_12/3025081
1,PR/1520/0006,,TI02,2,,0,,1,1_PR/1520/0006
1,02/10869,,TI02,2,,0,,1,1_02/10869
1,PR/1520/0007,,TI02,2,,0,,1,1_PR/1520/0007
1,PR/1520/0008,,TI02,2,,0,,1,1_PR/1520/0008
1,02/09369,,TI02,2,,0,,1,1_02/09369
1,02/09344M,,TI02,2,,0,,1,1_02/09344M
1,02/09344M1,,TI02,2,,0,,1,1_02/09344M1
1,02/09344M2,,TI02,2,,0,,1,1_02/09344M2
1,01/09475,,TA01,1,,0,,1,1_01/09475
1,01/040031010,,TA01,1,,0,,1,1_01/040031010
1,02/09070AR,,TI02,2,,0,,1,1_02/09070AR
1,02/09370,,TI02,2,,0,,1,1_02/09370
1,02/09371,,TI02,2,,0,,1,1_02/09371
1,02/09372,,TI02,2,,0,,1,1_02/09372
1,02/09374,,TI02,2,,0,,1,1_02/09374
1,02/09373,,TI02,2,,0,,1,1_02/09373
1,12/HA00006,,CV12,6,,0,,1,1_12/HA00006
1,26/00208,,TA26,1,,0,,1,1_26/00208
1,10/00467,,TI10,2,,0,,1,1_10/00467
1,02/09043M10,,TI02,2,,0,,1,1_02/09043M10
1,02/09043M11,,TI02,2,,0,,1,1_02/09043M11
1,12/L0060-001,,CV12,6,,0,,1,1_12/L0060-001
1,02/09375,,TI02,2,,0,,1,1_02/09375
1,PR/1657/0004,,TA01,1,,0,,1,1_PR/1657/0004
1,02/09113R,,TI02,2,,0,,1,1_02/09113R
1,01/09476,,TA01,1,,0,,1,1_01/09476
1,PR/1026/0001,,TA01,1,,0,,1,1_PR/1026/0001
1,PR/1026/0001M,,TA01,1,,0,,1,1_PR/1026/0001M
1,PR/CRFI/0001,,TI02,2,,0,,1,1_PR/CRFI/0001
1,PR/0076/0001,,TA01,1,,0,,1,1_PR/0076/0001
1,PR/0076/0001-A,,TA01,1,,0,,1,1_PR/0076/0001-A
1,03/00228R,,CA03,3,,0,,1,1_03/00228R
1,03/00232R,,CA03,3,,0,,1,1_03/00232R
1,03/00228A,,CA03,3,,0,,1,1_03/00228A
1,03/00282,,CA03,3,,0,,1,1_03/00282
1,PR/1047/0001,,TA01,1,,0,,1,1_PR/1047/0001
1,PR/1047/0002,,TA01,1,,0,,1,1_PR/1047/0002
1,01/0794401,,TA01,1,,0,,1,1_01/0794401
1,PR/TANA/0001,,TI02,2,,0,,1,1_PR/TANA/0001
1,PR/TANA/0002,,TI02,2,,0,,1,1_PR/TANA/0002
1,PR/TANA/0003,,TI02,2,,0,,1,1_PR/TANA/0003
1,12/80852,,CV12,6,,0,,1,1_12/80852
1,PR/0617/0003-A,,TI02,2,,0,,1,1_PR/0617/0003-A
1,01/09958,,TA01,1,,0,,1,1_01/09958
1,03/00360,,CA03,3,,0,,1,1_03/00360
1,PR/1206/0004,,TI02,2,,0,,1,1_PR/1206/0004
1,02/10035R,,TI02,2,,0,,1,1_02/10035R
1,PR/1870/0015,,TI02,2,,0,,1,1_PR/1870/0015
1,70/1403570700,,TA70,1,,0,,1,1_70/1403570700
1,70/1403070700,,TA70,1,,0,,1,1_70/1403070700
1,70/1401075700,,TA70,1,,0,,1,1_70/1401075700
1,70/1401045700,,TA70,1,,0,,1,1_70/1401045700
1,PR/EQUIFAB/0001,,TA01,1,,0,,1,1_PR/EQUIFAB/0001
1,02/10283,,TI02,2,,0,,1,1_02/10283
1,57/32008,,TA57,1,,0,,1,1_57/32008
1,57/00007,,TA57,1,,0,,1,1_57/00007
1,12/80548A,,CV12,6,,0,,1,1_12/80548A
1,01/09477,,TA01,1,,0,,1,1_01/09477
1,01/09478,,TA01,1,,0,,1,1_01/09478
1,01/09199A,,TA01,1,,0,,1,1_01/09199A
1,01/09200A,,TA01,1,,0,,1,1_01/09200A
1,01/09201A,,TA01,1,,0,,1,1_01/09201A
1,12/3025091,,CV12,6,,0,,1,1_12/3025091
1,PR/0871/0001,,TA01,1,,0,,1,1_PR/0871/0001
1,05/000254A,,PI05,5,,0,,1,1_05/000254A
1,01/09479,,TA01,1,,0,,1,1_01/09479
1,01/09479M,,TA01,1,,0,,1,1_01/09479M
1,01/10013,,TA01,1,,0,,1,1_01/10013
1,01/09480,,TA01,1,,0,,1,1_01/09480
1,01/09481,,TA01,1,,0,,1,1_01/09481
1,04/33726,,PL04,4,,0,,1,1_04/33726
1,04/33727,,PL04,4,,0,,1,1_04/33727
1,PR/1564/0001,,TI02,2,,0,,1,1_PR/1564/0001
1,01/09482,,TA01,1,,0,,1,1_01/09482
1,01/100101050,,TA01,1,,0,,1,1_01/100101050
1,PR/1564/0002,,TA01,1,,0,,1,1_PR/1564/0002
1,01/09461M,,TA01,1,,0,,1,1_01/09461M
1,04/33728,,PL04,4,,0,,1,1_04/33728
1,12/80853,,CV12,6,,0,,1,1_12/80853
1,02/09378,,TI02,2,,0,,1,1_02/09378
1,02/09379,,TI02,2,,0,,1,1_02/09379
1,01/09483,,TA01,1,,0,,1,1_01/09483
1,03/00192R,,CA03,3,,0,,1,1_03/00192R
1,01/040031300,,TA01,1,,0,,1,1_01/040031300
1,PR/0768/0018,,TA01,1,,0,,1,1_PR/0768/0018
1,02/09380,,TI02,2,,0,,1,1_02/09380
1,02/09380M,,TI02,2,,0,,1,1_02/09380M
1,02/09642AR,,TI02,2,,0,,1,1_02/09642AR
1,PR/0085/0007,,TA01,1,,0,,1,1_PR/0085/0007
1,02/0923401,,TI02,2,,0,,1,1_02/0923401
1,02/0938001,,TI02,2,,0,,1,1_02/0938001
1,02/09381,,TI02,2,,0,,1,1_02/09381
1,02/09381M,,TI02,2,,0,,1,1_02/09381M
1,02/09382,,TI02,2,,0,,1,1_02/09382
1,02/09382M,,TI02,2,,0,,1,1_02/09382M
1,01/09480H,,TA01,1,,0,,1,1_01/09480H
1,12/PP00081,,CV12,6,,0,,1,1_12/PP00081
1,03/6221050,,CA03,3,,0,,1,1_03/6221050
1,04/02129,,PL04,4,,0,,1,1_04/02129
1,05/000254R,,PI05,5,,0,,1,1_05/000254R
1,04/34103,,PL04,4,,0,,1,1_04/34103
1,02/09383,,TI02,2,,0,,1,1_02/09383
1,02/09384R,,TI02,2,,0,,1,1_02/09384R
1,02/09384M,,TI02,2,,0,,1,1_02/09384M
1,01/08310M2,,TA01,1,,0,,1,1_01/08310M2
1,PR/0267/0001,,TI02,2,,0,,1,1_PR/0267/0001
1,PR/0267/0004,,TI02,2,,0,,1,1_PR/0267/0004
1,PR/0267/0003,,TI02,2,,0,,1,1_PR/0267/0003
1,PR/1007/0013A,,TA01,1,,0,,1,1_PR/1007/0013A
1,PR/0267/0005,,TI02,2,,0,,1,1_PR/0267/0005
1,02/09056A,,TI02,2,,0,,1,1_02/09056A
1,02/09370A,,TI02,2,,0,,1,1_02/09370A
1,02/09371A,,TI02,2,,0,,1,1_02/09371A
1,02/09372A,,TI02,2,,0,,1,1_02/09372A
1,PR/0195/0001,,TI02,2,,0,,1,1_PR/0195/0001
1,02/09385,,TI02,2,,0,,1,1_02/09385
1,02/09385M,,TI02,2,,0,,1,1_02/09385M
1,02/09386,,TI02,2,,0,,1,1_02/09386
1,02/09386M,,TI02,2,,0,,1,1_02/09386M
1,PR/1564/0003,,TI02,2,,0,,1,1_PR/1564/0003
1,PR/1047/0001A,,TA01,1,,0,,1,1_PR/1047/0001A
1,PR/1047/0002A,,TA01,1,,0,,1,1_PR/1047/0002A
1,PR/1047/0003,,TA01,1,,0,,1,1_PR/1047/0003
1,PR/0617/0004,,TI02,2,,0,,1,1_PR/0617/0004
1,12/PG15004,,CV12,6,,0,,1,1_12/PG15004
1,02/09337,,TI02,2,,0,,1,1_02/09337
1,02/09389,,TI02,2,,0,,1,1_02/09389
1,02/09390,,TI02,2,,0,,1,1_02/09390
1,02/09391,,TI02,2,,0,,1,1_02/09391
1,02/09337M,,TI02,2,,0,,1,1_02/09337M
1,02/09392M,,TI02,2,,0,,1,1_02/09392M
1,02/09393M,,TI02,2,,0,,1,1_02/09393M
1,03/00284,,CA03,3,,0,,1,1_03/00284
1,02/09394,,TI02,2,,0,,1,1_02/09394
1,02/09394M,,TI02,2,,0,,1,1_02/09394M
1,02/026700008,,TI02,2,,0,,1,1_02/026700008
1,52/00054,,TA52,1,,0,,1,1_52/00054
1,01/09876,,TA01,1,,0,,1,1_01/09876
1,10/11670M,,TI10,2,,0,,1,1_10/11670M
1,10/14825,,TI10,2,,0,,1,1_10/14825
1,10/14825M,,TI10,2,,0,,1,1_10/14825M
1,10/141250,,TI10,2,,0,,1,1_10/141250
1,10/141250M,,TI10,2,,0,,1,1_10/141250M
1,PR/1564/0004,,TI02,2,,0,,1,1_PR/1564/0004
1,02/10902,,TI02,2,,0,,1,1_02/10902
1,10/11045M,,TI10,2,,0,,1,1_10/11045M
1,10/101922,,TI10,2,,0,,1,1_10/101922
1,02/09395M,,TI02,2,,0,,1,1_02/09395M
1,01/09485,,TA01,1,,0,,1,1_01/09485
1,01/09484,,TA01,1,,0,,1,1_01/09484
1,PR/GAMO/0001,,TA01,1,,0,,1,1_PR/GAMO/0001
1,PR/GAMO/0002,,TA01,1,,0,,1,1_PR/GAMO/0002
1,PR/GAMO/0003,,TA01,1,,0,,1,1_PR/GAMO/0003
1,PR/GAMO/0004,,TA01,1,,0,,1,1_PR/GAMO/0004
1,PR/GAMO/0005,,TA01,1,,0,,1,1_PR/GAMO/0005
1,PR/GAMO/0006,,TA01,1,,0,,1,1_PR/GAMO/0006
1,03/00285,,CA03,3,,0,,1,1_03/00285
1,03/00285M,,CA03,3,,0,,1,1_03/00285M
1,01/09486,,TA01,1,,0,,1,1_01/09486
1,28/00959,,TA28,1,,0,,1,1_28/00959
1,03/00377,,CA03,3,,0,,1,1_03/00377
1,02/09396,,TI02,2,,0,,1,1_02/09396
1,02/09396M,,TI02,2,,0,,1,1_02/09396M
1,12/252810,,CV12,6,,0,,1,1_12/252810
1,51/740404,,TA51,1,,0,,1,1_51/740404
1,51/6401515,,TA51,1,,0,,1,1_51/6401515
1,51/33015,,TA51,1,,0,,1,1_51/33015
1,10/01003,,TI02,2,,0,,1,1_10/01003
1,02/09397,,TI02,2,,0,,1,1_02/09397
1,02/09397M,,TI02,2,,0,,1,1_02/09397M
1,02/09398,,TI02,2,,0,,1,1_02/09398
1,01/0403D1000,,TA01,1,,0,,1,1_01/0403D1000
1,01/09487,,TA01,1,,0,,1,1_01/09487
1,11/31514AM,,TA11,1,,0,,1,1_11/31514AM
1,11/31514BM,,TA11,1,,0,,1,1_11/31514BM
1,02/09394M1,,TI02,2,,0,,1,1_02/09394M1
1,01/09486M,,TA01,1,,0,,1,1_01/09486M
1,01/09484M,,TA01,1,,0,,1,1_01/09484M
1,01/09485M,,TA01,1,,0,,1,1_01/09485M
1,12/80854,,CV12,6,,0,,1,1_12/80854
1,01/09411R,,TA01,1,,0,,1,1_01/09411R
1,01/09412R,,TA01,1,,0,,1,1_01/09412R
1,70/14006100120,,TA70,1,,0,,1,1_70/14006100120
1,70/140063040,,TA70,1,,0,,1,1_70/140063040
1,70/140108080,,TA70,1,,0,,1,1_70/140108080
1,70/1401060230,,TA70,1,,0,,1,1_70/1401060230
1,70/140204040,,TA70,1,,0,,1,1_70/140204040
1,93/PH1212057,,XCA93,3,,0,,1,1_93/PH1212057
1,12/80855,,CV12,6,,0,,1,1_12/80855
1,PR/BAJB/0001,,TA01,1,,0,,1,1_PR/BAJB/0001
1,PR/FERJ/0001,,TA01,1,,0,,1,1_PR/FERJ/0001
1,55/32010,,TI55,2,,0,,1,1_55/32010
1,02/09384M1,,TI02,2,,0,,1,1_02/09384M1
1,02/09350AR,,TI02,2,,0,,1,1_02/09350AR
1,12/5120081,,CV12,6,,0,,1,1_12/5120081
1,PR/ILLES/0001,,TA01,1,,0,,1,1_PR/ILLES/0001
1,55/32010290,,TI55,2,,0,,1,1_55/32010290
1,02/10207R,,TI02,2,,0,,1,1_02/10207R
1,12/PP00082,,CV12,6,,0,,1,1_12/PP00082
1,PR/JSKA/0001,,TI02,2,,0,,1,1_PR/JSKA/0001
1,02/09399,,TI02,2,,0,,1,1_02/09399
1,02/09400,,TI02,2,,0,,1,1_02/09400
1,11/04112,,TA11,1,,0,,1,1_11/04112
1,02/09401,,TI02,2,,0,,1,1_02/09401
1,02/09402,,TI02,2,,0,,1,1_02/09402
1,PR/1445/0001,,TA01,1,,0,,1,1_PR/1445/0001
1,PR/0797/0001,,TI02,2,,0,,1,1_PR/0797/0001
1,PR/0797/0002,,TI02,2,,0,,1,1_PR/0797/0002
1,PR/1445/0002,,TA01,1,,0,,1,1_PR/1445/0002
1,02/09488,,TI02,2,,0,,1,1_02/09488
1,02/09488M,,TI02,2,,0,,1,1_02/09488M
1,01/09489,,TA01,1,,0,,1,1_01/09489
1,PR/0797/0003,,TI02,2,,0,,1,1_PR/0797/0003
1,PR/ANVA/0001,,TI02,2,,0,,1,1_PR/ANVA/0001
1,12/615010,,CV12,6,,0,,1,1_12/615010
1,PR/1282/0001,,TA01,1,,0,,1,1_PR/1282/0001
1,02/09401M,,TI02,2,,0,,1,1_02/09401M
1,02/10217,,TI02,2,,0,,1,1_02/10217
1,02/10217M,,TI02,2,,0,,1,1_02/10217M
1,02/09404,,TI02,2,,0,,1,1_02/09404
1,02/09404M,,TI02,2,,0,,1,1_02/09404M
1,02/09309M,,TI02,2,,0,,1,1_02/09309M
1,02/09310M,,TI02,2,,0,,1,1_02/09310M
1,02/09311M,,TI02,2,,0,,1,1_02/09311M
1,PR/1358/0001,,TA01,1,,0,,1,1_PR/1358/0001
1,PR/1050/0001,,TI02,2,,0,,1,1_PR/1050/0001
1,PR/1050/0002,,TI02,2,,0,,1,1_PR/1050/0002
1,PR/0267/0006,,TI02,2,,0,,1,1_PR/0267/0006
1,PR/0267/0006-A,,TI02,2,,0,,1,1_PR/0267/0006-A
1,PR/0797/0004,,TI02,2,,0,,1,1_PR/0797/0004
1,PR/0797/0005,,TI02,2,,0,,1,1_PR/0797/0005
1,02/09405,,TI02,2,,0,,1,1_02/09405
1,02/09406,,TI02,2,,0,,1,1_02/09406
1,01/09490,,TA01,1,,0,,1,1_01/09490
1,01/09494,,TA01,1,,0,,1,1_01/09494
1,02/09173R,,TI02,2,,0,,1,1_02/09173R
1,PR/1474/0001,,TA01,1,,0,,1,1_PR/1474/0001
1,PR/1474/0002,,TA01,1,,0,,1,1_PR/1474/0002
1,02/08740A,,TI02,2,,0,,1,1_02/08740A
1,02/08741A,,TI02,2,,0,,1,1_02/08741A
1,02/08739A,,TI02,2,,0,,1,1_02/08739A
1,02/08738A,,TI02,2,,0,,1,1_02/08738A
1,02/08737A,,TI02,2,,0,,1,1_02/08737A
1,02/08741AR,,TI02,2,,0,,1,1_02/08741AR
1,02/08740AR,,TI02,2,,0,,1,1_02/08740AR
1,02/08739AR,,TI02,2,,0,,1,1_02/08739AR
1,02/08738AR,,TI02,2,,0,,1,1_02/08738AR
1,02/08737AR,,TI02,2,,0,,1,1_02/08737AR
1,02/10186R,,TI02,2,,0,,1,1_02/10186R
1,01/09492,,TA01,1,,0,,1,1_01/09492
1,01/09493,,TA01,1,,0,,1,1_01/09493
1,02/09407,,TI02,2,,0,,1,1_02/09407
1,02/09408,,TI02,2,,0,,1,1_02/09408
1,02/09409,,TI02,2,,0,,1,1_02/09409
1,02/09410,,TI02,2,,0,,1,1_02/09410
1,02/08833R,,TI02,2,,0,,1,1_02/08833R
1,12/00209,,CV12,6,,0,,1,1_12/00209
1,57/10020,,TA57,1,,0,,1,1_57/10020
1,PR/0617/0005,,TA01,1,,0,,1,1_PR/0617/0005
1,PR/0617/0006,,TI02,2,,0,,1,1_PR/0617/0006
1,PR/0617/0006-A,,TI02,2,,0,,1,1_PR/0617/0006-A
1,PR/0617/0006-B,,TI02,2,,0,,1,1_PR/0617/0006-B
1,03/1533120,,CA03,3,,0,,1,1_03/1533120
1,02/09411,,TI02,2,,0,,1,1_02/09411
1,02/09411M,,TI02,2,,0,,1,1_02/09411M
1,02/09412,,TI02,2,,0,,1,1_02/09412
1,02/09412M,,TI02,2,,0,,1,1_02/09412M
1,PR/1286/0004,,TA01,1,,0,,1,1_PR/1286/0004
1,01/09598,,TA01,1,,0,,1,1_01/09598
1,56/80045,,TA56,1,,0,,1,1_56/80045
1,12/TI00002,,CV12,6,,0,,1,1_12/TI00002
1,12/80856,,CV12,6,,0,,1,1_12/80856
1,01/0938501,,TA01,1,,0,,1,1_01/0938501
1,01/0938501H,,TA01,1,,0,,1,1_01/0938501H
1,PR/1690/0019,,TA01,1,,0,,1,1_PR/1690/0019
1,PR/0677/0012,,TI02,2,,0,,1,1_PR/0677/0012
1,01/09496,,TA01,1,,0,,1,1_01/09496
1,02/09414,,TI02,2,,0,,1,1_02/09414
1,02/09413,,TI02,2,,0,,1,1_02/09413
1,01/09497,,TA01,1,,0,,1,1_01/09497
1,02/09413M,,TI02,2,,0,,1,1_02/09413M
1,02/09415M,,TI02,2,,0,,1,1_02/09415M
1,02/09415M1,,TI02,2,,0,,1,1_02/09415M1
1,02/09413M1,,TI02,2,,0,,1,1_02/09413M1
1,02/09413M3,,TI02,2,,0,,1,1_02/09413M3
1,02/09415M2,,TI02,2,,0,,1,1_02/09415M2
1,04/169000001,,PL04,4,,0,,1,1_04/169000001
1,02/09414M2,,TI02,2,,0,,1,1_02/09414M2
1,01/0949701,,TA01,1,,0,,1,1_01/0949701
1,01/0949702,,TA01,1,,0,,1,1_01/0949702
1,01/09497M,,TA01,1,,0,,1,1_01/09497M
1,01/09497M1,,TA01,1,,0,,1,1_01/09497M1
1,02/1081701,,TI02,2,,0,,1,1_02/1081701
1,01/09496M,,TA01,1,,0,,1,1_01/09496M
1,01/09496M1,,TA01,1,,0,,1,1_01/09496M1
1,01/09496M2,,TA01,1,,0,,1,1_01/09496M2
1,01/09496M3,,TA01,1,,0,,1,1_01/09496M3
1,01/09496M4,,TA01,1,,0,,1,1_01/09496M4
1,70/01135,,TA70,1,,0,,1,1_70/01135
1,01/09492R,,TA01,1,,0,,1,1_01/09492R
1,01/09493R,,TA01,1,,0,,1,1_01/09493R
1,01/08981R,,TA01,1,,0,,1,1_01/08981R
1,01/08982R,,TA01,1,,0,,1,1_01/08982R
1,03/1421042,,CA03,3,,0,,1,1_03/1421042
1,01/09496M9,,TA01,1,,0,,1,1_01/09496M9
1,01/09497M9,,TA01,1,,0,,1,1_01/09497M9
1,PR/1358/0002,,TA01,1,,0,,1,1_PR/1358/0002
1,01/09498,,TA01,1,,0,,1,1_01/09498
1,PR/0267/0006-B,,TI02,2,,0,,1,1_PR/0267/0006-B
1,01/0938501M,,TA01,1,,0,,1,1_01/0938501M
1,02/07839,,TI02,2,,0,,1,1_02/07839
1,12/423010,,CV12,6,,0,,1,1_12/423010
1,10/02003A,,TI10,2,,0,,1,1_10/02003A
1,10/02001A,,TI10,2,,0,,1,1_10/02001A
1,02/08661R,,TI02,2,,0,,1,1_02/08661R
1,PR/1203/0001,,TI02,2,,0,,1,1_PR/1203/0001
1,02/09387,,TI02,2,,0,,1,1_02/09387
1,PR/CRJO/0002,,TA01,1,,0,,1,1_PR/CRJO/0002
1,PR/CRJO/0003,,TA01,1,,0,,1,1_PR/CRJO/0003
1,PR/CRJO/0001,,TA01,1,,0,,1,1_PR/CRJO/0001
1,PR/CRJO/0004,,TA01,1,,0,,1,1_PR/CRJO/0004
1,PR/CRJO/0005,,TA01,1,,0,,1,1_PR/CRJO/0005
1,PR/CIFO/0001,,TA01,1,,0,,1,1_PR/CIFO/0001
1,04/00733A,,PL04,4,,0,,1,1_04/00733A
1,70/01010,,TA70,1,,0,,1,1_70/01010
1,70/01020,,TA70,1,,0,,1,1_70/01020
1,02/10198,,TI02,2,,0,,1,1_02/10198
1,04/1609100050J,,PL04,4,,0,,1,1_04/1609100050J
1,10/10410M,,TI02,2,,0,,1,1_10/10410M
1,10/10510M,,TI10,2,,0,,1,1_10/10510M
1,03/00287,,CA03,3,,0,,1,1_03/00287
1,02/09416,,TI02,2,,0,,1,1_02/09416
1,02/09417,,TI02,2,,0,,1,1_02/09417
1,26/6110085,,TA26,2,,0,,1,1_26/6110085
1,02/09417M,,TI02,2,,0,,1,1_02/09417M
1,02/09416M,,TI02,2,,0,,1,1_02/09416M
1,02/09781,,TI02,2,,0,,1,1_02/09781
1,02/09781M,,TI02,2,,0,,1,1_02/09781M
1,PR/1839/0001,,TI02,2,,0,,1,1_PR/1839/0001
1,26/620616,,TA26,1,,0,,1,1_26/620616
1,01/09500,,TA01,1,,0,,1,1_01/09500
1,01/09501,,TA01,1,,,,1,1_01/09501
1,02/09419,,TI02,2,,0,,1,1_02/09419
1,26/60110,,TA26,1,,0,,1,1_26/60110
1,02/09421M,,TI02,2,,0,,1,1_02/09421M
1,02/09421,,TI02,2,,0,,1,1_02/09421
1,02/09401M1,,TI02,2,,0,,1,1_02/09401M1
1,PR/REXA/0001,,TI02,2,,0,,1,1_PR/REXA/0001
1,PR/REXA/0001-A,,TI02,2,,0,,1,1_PR/REXA/0001-A
1,26/61090,,TA26,1,,0,,1,1_26/61090
1,70/10705,,TA70,1,,0,,1,1_70/10705
1,PR/0392/0001,,TI02,2,,0,,1,1_PR/0392/0001
1,12/069000002,,CV12,6,,0,,1,1_12/069000002
1,PR/0267/0007,,TI02,2,,0,,1,1_PR/0267/0007
1,PR/1600/0001,,TA01,1,,0,,1,1_PR/1600/0001
1,PR/0234/0001,,TI02,2,,0,,1,1_PR/0234/0001
1,PR/1272/0001,,TA01,1,,0,,1,1_PR/1272/0001
1,01/09502,,TA01,1,,0,,1,1_01/09502
1,02/09044A,,TI02,2,,0,,1,1_02/09044A
1,01/09503R,,TA01,1,,0,,1,1_01/09503R
1,01/09504,,TA01,1,,0,,1,1_01/09504
1,02/09044AM4,,TI02,2,,0,,1,1_02/09044AM4
1,02/09044AM3,,TI02,2,,0,,1,1_02/09044AM3
1,PR/0267/0008,,TI02,2,,0,,1,1_PR/0267/0008
1,02/09044AM,,TI02,2,,0,,1,1_02/09044AM
1,PR/1164/0001,,TI02,2,,0,,1,1_PR/1164/0001
1,PR/1600/0005,,TA01,1,,0,,1,1_PR/1600/0005
1,PR/1600/0004,,TA01,1,,0,,1,1_PR/1600/0004
1,02/09422,,TI02,2,,0,,1,1_02/09422
1,PR/1600/0002,,TA01,1,,0,,1,1_PR/1600/0002
1,PR/1600/0003,,TA01,1,,0,,1,1_PR/1600/0003
1,PR/1600/0003-A,,TA01,1,,0,,1,1_PR/1600/0003-A
1,12/80858,,CV12,6,,0,,1,1_12/80858
1,12/80859,,CV12,6,,0,,1,1_12/80859
1,70/1402555800,,TA70,1,,0,,1,1_70/1402555800
1,01/09505,,TA01,1,,0,,1,1_01/09505
1,01/09506,,TA01,1,,0,,1,1_01/09506
1,56/40005P,,TA56,1,,0,,1,1_56/40005P
1,01/09507,,TA01,1,,0,,1,1_01/09507
1,01/09508,,TA01,1,,0,,1,1_01/09508
1,70/1401035800,,TA70,1,,0,,1,1_70/1401035800
1,70/1401060800,,TA70,1,,0,,1,1_70/1401060800
1,70/1402550700,,TA70,1,,0,,1,1_70/1402550700
1,13/10108M,,CA13,3,,0,,1,1_13/10108M
1,PR/1600/0006,,TA01,1,,0,,1,1_PR/1600/0006
1,53/10004,,TA53,1,,0,,1,1_53/10004
1,01/09935,,TA01,1,,0,,1,1_01/09935
1,02/08405AM,,TI02,2,,0,,1,1_02/08405AM
1,03/00334,,CA03,3,,0,,1,1_03/00334
1,PR/1600/0007,,TA01,1,,0,,1,1_PR/1600/0007
1,PR/1600/0007-A,,TA01,1,,0,,1,1_PR/1600/0007-A
1,02/10210,,TI02,2,,0,,1,1_02/10210
1,01/09509,,TA01,1,,0,,1,1_01/09509
1,01/09510,,TA01,1,,0,,1,1_01/09510
1,01/09511,,TA01,1,,0,,1,1_01/09511
1,01/09512,,TA01,1,,0,,1,1_01/09512
1,01/09513,,TA01,1,,0,,1,1_01/09513
1,04/34502,,PL04,4,,0,,1,1_04/34502
1,04/34503,,PL04,4,,0,,1,1_04/34503
1,04/34504,,PL04,4,,0,,1,1_04/34504
1,70/1403055800,,TA70,1,,0,,1,1_70/1403055800
1,70/1403050700,,TA70,1,,0,,1,1_70/1403050700
1,PR/1133/0001,,TI02,2,,0,,1,1_PR/1133/0001
1,02/09424,,TI02,2,,0,,1,1_02/09424
1,02/09424M,,TI02,2,,0,,1,1_02/09424M
1,02/09425R,,TI02,2,,0,,1,1_02/09425R
1,PR/1389/0001,,TI02,2,,0,,1,1_PR/1389/0001
1,02/09426,,TI02,2,,0,,1,1_02/09426
1,02/09427,,TI02,2,,0,,1,1_02/09427
1,PR/0634/0001,,TA01,1,,0,,1,1_PR/0634/0001
1,02/09428,,TI02,2,,0,,1,1_02/09428
1,02/09428M,,TI02,2,,0,,1,1_02/09428M
1,UP.108-R,,YMA-UP,1,,0,,1,1_UP.108-R
1,PR/0617/0007,,TI02,2,,0,,1,1_PR/0617/0007
1,PR/0617/0085-B,,TI02,2,,0,,1,1_PR/0617/0085-B
1,12/3622190R,,CV12,6,,0,,1,1_12/3622190R
1,PR/REXA/0001-C,,TI02,2,,0,,1,1_PR/REXA/0001-C
1,PR/1709/0001,,TI02,2,,0,,1,1_PR/1709/0001
1,PR/REXA/0001-B,,TI02,2,,0,,1,1_PR/REXA/0001-B
1,01/09500A,,TA01,1,,0,,1,1_01/09500A
1,PR/GRIN/0003,,TI02,2,,0,,1,1_PR/GRIN/0003
1,12/PP00083,,CV12,6,,0,,1,1_12/PP00083
1,PR/0212/0001,,TI02,2,,0,,1,1_PR/0212/0001
1,PR/0212/0002,,TI02,2,,0,,1,1_PR/0212/0002
1,PR/0212/0003,,TI02,2,,0,,1,1_PR/0212/0003
1,PR/1007/0001,,TA01,1,,0,,1,1_PR/1007/0001
1,01/09515,,TA01,1,,0,,1,1_01/09515
1,01/09515M,,TA01,1,,0,,1,1_01/09515M
1,55/90004,,TI55,2,,0,,1,1_55/90004
1,55/90005,,TI55,2,,0,,1,1_55/90005
1,.12,,106,6,,0,,1,1_.12
1,02/09944A,,TI02,2,,0,,1,1_02/09944A
1,26/60012,,TA26,1,,0,,1,1_26/60012
1,26/602121,,TA26,1,,0,,1,1_26/602121
1,02/09430R,,TI02,2,,0,,1,1_02/09430R
1,55/40152MP,,TI55,2,,0,,1,1_55/40152MP
1,55/40151MP,,TI55,2,,0,,1,1_55/40151MP
1,11/40103,,TA11,1,,0,,1,1_11/40103
1,11/40104,,TA11,1,,0,,1,1_11/40104
1,11/40105,,TA11,1,,0,,1,1_11/40105
1,11/40106,,TA11,1,,0,,1,1_11/40106
1,11/41203,,TA11,1,,0,,1,1_11/41203
1,02/09431,,TI02,2,,0,,1,1_02/09431
1,02/09432,,TI02,2,,0,,1,1_02/09432
1,PR/1564/0005,,TI02,2,,0,,1,1_PR/1564/0005
1,02/09431M,,TI02,2,,0,,1,1_02/09431M
1,02/09432M,,TI02,2,,0,,1,1_02/09432M
1,02/09413M4,,TI02,2,,0,,1,1_02/09413M4
1,PR/0267/0006-C,,TI02,2,,0,,1,1_PR/0267/0006-C
1,55/00404MP,,TI55,2,,0,,1,1_55/00404MP
1,02/09413M5,,TI02,2,,0,,1,1_02/09413M5
1,02/09413M2,,TI02,2,,0,,1,1_02/09413M2
1,01/09516,,TA01,1,,0,,1,1_01/09516
1,26/6208201,,TA26,1,,0,,1,1_26/6208201
1,PR/0677/0010-A,,TI02,2,,0,,1,1_PR/0677/0010-A
1,PR/1569/0001,,TI02,2,,0,,1,1_PR/1569/0001
1,01/09517,,TA01,1,,0,,1,1_01/09517
1,01/09518,,TA01,1,,0,,1,1_01/09518
1,01/09519,,TA01,1,,0,,1,1_01/09519
1,02/09433,,TI02,2,,0,,1,1_02/09433
1,PR/0493/0001,,TI02,2,,0,,1,1_PR/0493/0001
1,51/38010,,TA51,1,,0,,1,1_51/38010
1,PR/0267/0009,,TI02,2,,0,,1,1_PR/0267/0009
1,PR/0267/0010,,TI02,2,,0,,1,1_PR/0267/0010
1,PR/0267/0011,,TI02,2,,0,,1,1_PR/0267/0011
1,PR/0267/0012,,TI02,2,,0,,1,1_PR/0267/0012
1,01/09520,,TA01,1,,0,,1,1_01/09520
1,01/0952001,,TA01,1,,0,,1,1_01/0952001
1,01/09521,,TA01,1,,0,,1,1_01/09521
1,01/09522,,TA01,1,,0,,1,1_01/09522
1,01/09523,,TA01,1,,0,,1,1_01/09523
1,01/09524,,TA01,1,,0,,1,1_01/09524
1,01/09511R,,TA01,1,,0,,1,1_01/09511R
1,01/09512R,,TA01,1,,0,,1,1_01/09512R
1,01/09525,,TA01,1,,0,,1,1_01/09525
1,01/09497M2,,TA01,1,,0,,1,1_01/09497M2
1,12/80860,,CV12,6,,0,,1,1_12/80860
1,12/XG400025,,CV12,6,,0,,1,1_12/XG400025
1,04/147800003,,PL04,4,,0,,1,1_04/147800003
1,70/0401040290,,TA70,1,,0,,1,1_70/0401040290
1,70/040103535,,TA70,1,,0,,1,1_70/040103535
1,70/040203030,,TA70,1,,0,,1,1_70/040203030
1,70/040203070,,TA70,1,,0,,1,1_70/040203070
1,02/09433M,,TI02,2,,0,,1,1_02/09433M
1,02/09433M1,,TI02,2,,0,,1,1_02/09433M1
1,01/09526,,TA01,1,,0,,1,1_01/09526
1,02/09434,,TI02,2,,0,,1,1_02/09434
1,54/63315,,TA54,1,,0,,1,1_54/63315
1,PR/1564/0006,,TI02,2,,0,,1,1_PR/1564/0006
1,01/09527,,TA01,1,,0,,1,1_01/09527
1,PR/1203/0003,,TI02,2,,0,,1,1_PR/1203/0003
1,PR/1203/0002,,TI02,2,,0,,1,1_PR/1203/0002
1,01/09513R,,TA01,1,,0,,1,1_01/09513R
1,PR/LISI/0001,,TI02,2,,0,,1,1_PR/LISI/0001
1,02/09441,,TI02,2,,0,,1,1_02/09441
1,02/09388,,TI02,2,,0,,1,1_02/09388
1,02/09435,,TI02,2,,0,,1,1_02/09435
1,02/09436,,TI02,2,,0,,1,1_02/09436
1,12/80008,,CV12,6,,0,,1,1_12/80008
1,01/09528,,TA01,1,,0,,1,1_01/09528
1,PR/1203/0002R,,TI02,2,,0,,1,1_PR/1203/0002R
1,02/09437,,TI02,2,,0,,1,1_02/09437
1,10/90032,,TI10,2,,0,,1,1_10/90032
1,02/09437M,,TI02,2,,0,,1,1_02/09437M
1,10/90032M,,TI10,2,,0,,1,1_10/90032M
1,PR/1391/0001,,TA01,1,,0,,1,1_PR/1391/0001
1,PR/1391/0002,,TA01,1,,0,,1,1_PR/1391/0002
1,02/09438,,TI02,2,,0,,1,1_02/09438
1,02/09438M,,TI02,2,,0,,1,1_02/09438M
1,02/09422M,,TI02,2,,0,,1,1_02/09422M
1,02/09422M1,,TI02,2,,0,,1,1_02/09422M1
1,01/09529,,TA01,1,,0,,1,1_01/09529
1,01/09531,,TA01,1,,0,,1,1_01/09531
1,01/09530,,TA01,1,,0,,1,1_01/09530
1,PR/0048/0001,,TA01,1,,0,,1,1_PR/0048/0001
1,01/09529M,,TA01,1,,0,,1,1_01/09529M
1,01/0953201,,TA01,1,,0,,1,1_01/0953201
1,01/09533M,,TA01,1,,0,,1,1_01/09533M
1,02/09440,,TI02,2,,0,,1,1_02/09440
1,02/09440R,,TI02,2,,0,,1,1_02/09440R
1,02/09440M,,TI02,2,,0,,1,1_02/09440M
1,02/09439R,,TI02,2,,0,,1,1_02/09439R
1,01/09532M,,TA01,1,,0,,1,1_01/09532M
1,01/09532,,TA01,1,,0,,1,1_01/09532
1,PR/0048/0002,,TA01,1,,0,,1,1_PR/0048/0002
1,01/09533,,TA01,1,,0,,1,1_01/09533
1,12/CF00001,,CV12,6,,0,,1,1_12/CF00001
1,PR/LISI/0002,,TI02,2,,0,,1,1_PR/LISI/0002
1,PR/1595/0001-A,,TI02,2,,0,,1,1_PR/1595/0001-A
1,PR/1366/0001,,TA01,1,,0,,1,1_PR/1366/0001
1,12/80001,,CV12,6,,0,,1,1_12/80001
1,PR/0357/0002,,TI02,2,,0,,1,1_PR/0357/0002
1,01/09388AR,,TA01,1,,0,,1,1_01/09388AR
1,02/09442,,TI02,2,,0,,1,1_02/09442
1,02/09442M,,TI02,2,,0,,1,1_02/09442M
1,01/0881701,,TA01,1,,0,,1,1_01/0881701
1,01/08817-61,,TA01,1,,0,,1,1_01/08817-61
1,02/09443M,,TI02,2,,0,,1,1_02/09443M
1,01/09518R,,TA01,1,,0,,1,1_01/09518R
1,01/09519R,,TA01,1,,0,,1,1_01/09519R
1,.CAMIL,,AVCTA,0,,0,,1,1_.CAMIL
1,94/10004,,XPL94,8,,0,,1,1_94/10004
1,12/PP00105A,,CV12,6,,0,,1,1_12/PP00105A
1,02/09445,,TI02,2,,0,,1,1_02/09445
1,02/09445M,,TI02,2,,0,,1,1_02/09445M
1,03/00288,,CA03,3,,0,,1,1_03/00288
1,03/00288M,,CA03,3,,0,,1,1_03/00288M
1,01/08817-99,,TA01,1,,0,,1,1_01/08817-99
1,PR/0677/0002,,TI02,2,,,,1,1_PR/0677/0002
1,PR/0677/0003,,TI02,2,,,,1,1_PR/0677/0003
1,PR/0677/0005,,TA01,1,,,,1,1_PR/0677/0005
1,PR/0677/0006,,TA01,1,,,,1,1_PR/0677/0006
1,PR/0677/0007,,TA01,1,,,,1,1_PR/0677/0007
1,PR/0677/0008,,TA01,1,,,,1,1_PR/0677/0008
1,PR/0677/0009,,TA01,1,,,,1,1_PR/0677/0009
1,PR/0677/0004,,TA01,1,,,,1,1_PR/0677/0004
1,PR/0677/0010,,TI02,2,,0,,1,1_PR/0677/0010
1,01/09534,,TA01,1,,0,,1,1_01/09534
1,01/09535,,TA01,1,,0,,1,1_01/09535
1,01/09536,,TA01,1,,0,,1,1_01/09536
1,PR/0880/0004,,TI02,2,,0,,1,1_PR/0880/0004
1,PR/1022/0001-A,,TA01,1,,0,,1,1_PR/1022/0001-A
1,12/069700004,,CV12,6,,0,,1,1_12/069700004
1,PR/1595/0003,,TI02,2,,0,,1,1_PR/1595/0003
1,PR/1022/0002-A,,TA01,1,,,,1,1_PR/1022/0002-A
1,PR/1022/0002-B,,TA01,1,,,,1,1_PR/1022/0002-B
1,01/09537,,TA01,1,,0,,1,1_01/09537
1,01/09538,,TA01,1,,0,,1,1_01/09538
1,01/09539,,TA01,1,,0,,1,1_01/09539
1,01/09540,,TA01,1,,0,,1,1_01/09540
1,01/09541,,TA01,1,,0,,1,1_01/09541
1,01/09542,,TA01,1,,0,,1,1_01/09542
1,51/35025,,TA51,1,,,,1,1_51/35025
1,12/PV00016,,CV12,6,,0,,1,1_12/PV00016
1,12/PV00017,,CV12,6,,0,,1,1_12/PV00017
1,70/20035,,TA70,1,,,,1,1_70/20035
1,PR/1022/0001,,TA01,1,,0,,1,1_PR/1022/0001
1,PR/1007/0002,,TA01,1,,0,,1,1_PR/1007/0002
1,PR/1022/0001-B,,TA01,1,,0,,1,1_PR/1022/0001-B
1,PR/0617/0008,,TI02,2,,,,1,1_PR/0617/0008
1,PR/1097/0001,,TA01,1,,,,1,1_PR/1097/0001
1,PR/0797/0006,,TI02,2,,,,1,1_PR/0797/0006
1,PR/0797/0007,,TI02,2,,,,1,1_PR/0797/0007
1,PR/0797/0008,,TI02,2,,,,1,1_PR/0797/0008
1,02/09444,,TI02,2,,0,,1,1_02/09444
1,PR/1538/0001,,TI02,2,,0,,1,1_PR/1538/0001
1,02/09447,,TI02,2,,0,,1,1_02/09447
1,58/725252,,TA58,1,,0,,1,1_58/725252
1,05/00101,,PI05,5,,0,,1,1_05/00101
1,01/09537M,,TA01,1,,0,,1,1_01/09537M
1,01/09544,,TA01,1,,0,,1,1_01/09544
1,01/09544M,,TA01,1,,0,,1,1_01/09544M
1,PR/1583/0001,,TI02,2,,,,1,1_PR/1583/0001
1,PR/1583/0002,,TI02,2,,,,1,1_PR/1583/0002
1,PR/1583/0003,,TI02,2,,,,1,1_PR/1583/0003
1,PR/ZIRO/0001,,TA01,1,,,,1,1_PR/ZIRO/0001
1,PR/ZIRO/0002,,TA01,1,,,,1,1_PR/ZIRO/0002
1,PR/GRIN/0001,,TI02,2,,,,1,1_PR/GRIN/0001
1,PR/GRIN/0002,,TI02,2,,0,,1,1_PR/GRIN/0002
1,02/09448,,TI02,2,,0,,1,1_02/09448
1,02/09448M,,TI02,2,,0,,1,1_02/09448M
1,01/09545,,TA01,1,,0,,1,1_01/09545
1,91/03008,,XTA91,8,,,,1,1_91/03008
1,55/00204,,TI55,2,,0,,1,1_55/00204
1,55/00181,,TI55,2,,0,,1,1_55/00181
1,55/00303,,TI55,2,,0,,1,1_55/00303
1,03/2421090,,CA03,3,,0,,1,1_03/2421090
1,01/08609R,,TA01,1,,0,,1,1_01/08609R
1,01/09485R,,TA01,1,,0,,1,1_01/09485R
1,01/09546,,TA01,1,,0,,1,1_01/09546
1,PR/0013/0001,,TA01,1,,,,1,1_PR/0013/0001
1,PR/0013/0001-A,,TA01,1,,,,1,1_PR/0013/0001-A
1,PR/0013/0001-B,,TI02,2,,,,1,1_PR/0013/0001-B
1,PR/0013/0002,,TA01,1,,,,1,1_PR/0013/0002
1,PR/0013/0002-A,,TA01,1,,,,1,1_PR/0013/0002-A
1,PR/0013/0002-B,,TI02,2,,,,1,1_PR/0013/0002-B
1,53/40050,,TA53,1,,,,1,1_53/40050
1,53/40100,,TA53,1,,,,1,1_53/40100
1,PR/0301/0041,,TA01,1,,0,,1,1_PR/0301/0041
1,54/00250,,TA54,1,,,,1,1_54/00250
1,02/09449,,TI02,2,,0,,1,1_02/09449
1,02/09449M,,TI02,2,,0,,1,1_02/09449M
1,53/01200,,TA53,1,,,,1,1_53/01200
1,54/01200,,TA54,1,,,,1,1_54/01200
1,55/012002,,TI55,1,,,,1,1_55/012002
1,PR/1287/0001,,TA01,1,,,,1,1_PR/1287/0001
1,PR/1583/0004,,TI02,2,,,,1,1_PR/1583/0004
1,TEMPS,,ZZ,1,,,,1,1_TEMPS
1,ARFINAL,,ZZ,,,,,1,1_ARFINAL
1,COMPO1,,ZZ,,,,,1,1_COMPO1
1,COMPO2,,ZZ,,,,,1,1_COMPO2
1,PR/0677/0010-B,,TI02,2,,0,,1,1_PR/0677/0010-B
1,01/09543,,TA01,1,,0,,1,1_01/09543
1,PR/0797/0008-A,,TI02,2,,0,,1,1_PR/0797/0008-A
1,PR/0797/0007-A,,TI02,2,,0,,1,1_PR/0797/0007-A
1,PR/0797/0006-A,,TI02,2,,0,,1,1_PR/0797/0006-A
1,56/00060A,,TA56,1,,0,,1,1_56/00060A
1,01/09528R,,TA01,1,,0,,1,1_01/09528R
1,12/80012,,CV12,2,,0,,1,1_12/80012
1,02/09429M1,,TI02,2,,0,,1,1_02/09429M1
1,02/09429M2,,TI02,2,,0,,1,1_02/09429M2
1,12/80013,,CV12,6,,0,,1,1_12/80013
1,01/09509A,,TA01,1,,0,,1,1_01/09509A
1,01/09545M1,,TA01,1,,0,,1,1_01/09545M1
1,01/0954501,,TA01,1,,0,,1,1_01/0954501
1,02/0942901,,TI02,2,,0,,1,1_02/0942901
1,12/80663,,CV12,6,,0,,1,1_12/80663
1,12/80658,,CV12,6,,0,,1,1_12/80658
1,PR/1358/0003,,TA01,1,,0,,1,1_PR/1358/0003
1,PR/1403/0001,,TI02,2,,0,,1,1_PR/1403/0001
1,PR/1517/0001,,TI02,2,,0,,1,1_PR/1517/0001
1,PR/0929/0001,,TA01,1,,0,,1,1_PR/0929/0001
1,PR/0782/0001,,TA01,1,,0,,1,1_PR/0782/0001
1,01/09547,,TA01,1,,0,,1,1_01/09547
1,PR/MOPE/0001,,TA01,1,,0,,1,1_PR/MOPE/0001
1,02/09450,,TI02,2,,0,,1,1_02/09450
1,02/09451,,TI02,2,,0,,1,1_02/09451
1,02/09452,,TI02,2,,0,,1,1_02/09452
1,02/09453,,TI02,2,,0,,1,1_02/09453
1,02/09299AR,,TI02,2,,0,,1,1_02/09299AR
1,01/09545M,,TA01,1,,0,,1,1_01/09545M
1,PR/1439/0001,,TA01,1,,0,,1,1_PR/1439/0001
1,12/80856A,,CV12,6,,0,,1,1_12/80856A
1,01/09548,,TA01,1,,0,,1,1_01/09548
1,01/09549,,TA01,1,,0,,1,1_01/09549
1,PR/0212/0004,,TA01,1,,0,,1,1_PR/0212/0004
1,01/0403D0600,,TA01,1,,0,,1,1_01/0403D0600
1,PR/0929/0010,,TA01,1,,0,,1,1_PR/0929/0010
1,01/09551R,,TA01,1,,0,,1,1_01/09551R
1,01/09552R,,TA01,1,,0,,1,1_01/09552R
1,12/80861,,CV12,6,,0,,1,1_12/80861
1,01/09553,,TA01,1,,0,,1,1_01/09553
1,PR/0970/0001,,TA01,1,,0,,1,1_PR/0970/0001
1,PR/0970/0002,,TA01,1,,0,,1,1_PR/0970/0002
1,01/09516R,,TA01,1,,0,,1,1_01/09516R
1,01/09554,,TA01,1,,0,,1,1_01/09554
1,01/00323R,,TA01,1,,0,,1,1_01/00323R
1,01/050041800,,TA01,1,,0,,1,1_01/050041800
1,01/050040400,,TA01,1,,0,,1,1_01/050040400
1,01/09555,,TA01,1,,0,,1,1_01/09555
1,02/08348R,,TI02,2,,0,,1,1_02/08348R
1,02/09197R,,TI02,2,,0,,1,1_02/09197R
1,02/10767,,TI02,2,,0,,1,1_02/10767
1,PR/1439/0002,,TA01,1,,0,,1,1_PR/1439/0002
1,PR/1439/0003,,TA01,1,,0,,1,1_PR/1439/0003
1,02/09454R,,TI02,2,,0,,1,1_02/09454R
1,01/09509B,,TA01,1,,0,,1,1_01/09509B
1,02/09728,,TI02,2,,0,,1,1_02/09728
1,02/09728M,,TI02,2,,0,,1,1_02/09728M
1,PR/1669/0038,,TA01,1,,0,,1,1_PR/1669/0038
1,12/00226,,CV12,6,,0,,1,1_12/00226
1,01/09553A,,TA01,1,,0,,1,1_01/09553A
1,01/09557,,TA01,1,,0,,1,1_01/09557
1,01/0955701,,TA01,1,,0,,1,1_01/0955701
1,01/085060650,,TA01,1,,0,,1,1_01/085060650
1,01/09556,,TA01,1,,0,,1,1_01/09556
1,01/00408R,,TA01,1,,0,,1,1_01/00408R
1,03/00289,,CA03,3,,0,,1,1_03/00289
1,01/00454A,,TA01,1,,,,1,1_01/00454A
1,PR/SERR/0001,,TA01,1,,0,,1,1_PR/SERR/0001
1,PR/SERR/0002,,TA01,1,,0,,1,1_PR/SERR/0002
1,01/09700A01,,TA01,1,,0,,1,1_01/09700A01
1,PR/1384/0002,,TA01,1,,0,,1,1_PR/1384/0002
1,PR/1024/0001,,TI02,2,,0,,1,1_PR/1024/0001
1,PR/1024/0002,,TI02,2,,0,,1,1_PR/1024/0002
1,01/09558,,TA01,1,,0,,1,1_01/09558
1,PR/1007/0003,,TI02,2,,0,,1,1_PR/1007/0003
1,PR/0240/0001,,TA01,1,,0,,1,1_PR/0240/0001
1,PR/0797/0007-B,,TI02,2,,0,,1,1_PR/0797/0007-B
1,PR/0797/0008-B,,TI02,2,,0,,1,1_PR/0797/0008-B
1,PR/0797/0006-B,,TI02,2,,0,,1,1_PR/0797/0006-B
1,02/09455,,TI02,2,,0,,1,1_02/09455
1,02/09456,,TI02,2,,0,,1,1_02/09456
1,01/09559,,TA01,1,,0,,1,1_01/09559
1,01/09559M,,TA01,1,,0,,1,1_01/09559M
1,01/09560,,TA01,1,,0,,1,1_01/09560
1,01/09561,,TA01,1,,0,,1,1_01/09561
1,01/09562,,TA01,1,,0,,1,1_01/09562
1,11/10003,,TA11,1,,0,,1,1_11/10003
1,04/34102A,,PL04,4,,0,,1,1_04/34102A
1,02/09457,,TI02,2,,0,,1,1_02/09457
1,02/09458,,TI02,2,,0,,1,1_02/09458
1,02/09458M,,TI02,2,,0,,1,1_02/09458M
1,02/10250,,TI02,2,,0,,1,1_02/10250
1,01/09559M1,,TA01,1,,0,,1,1_01/09559M1
1,02/09459,,TI02,2,,0,,1,1_02/09459
1,02/09460,,TI02,2,,0,,1,1_02/09460
1,01/09563M,,TA01,1,,0,,1,1_01/09563M
1,PR/1474/0003,,TI02,2,,0,,1,1_PR/1474/0003
1,PR/1007/0004,,TA01,1,,0,,1,1_PR/1007/0004
1,02/08759M,,TI02,2,,0,,1,1_02/08759M
1,PR/1682/0008,,TI02,2,,0,,1,1_PR/1682/0008
1,PR/0267/0013,,TI02,2,,0,,1,1_PR/0267/0013
1,01/09547R,,TA01,1,,0,,1,1_01/09547R
1,02/09462R,,TI02,2,,0,,1,1_02/09462R
1,91/00004,,XTA91,8,,0,,1,1_91/00004
1,03/00290M,,CA03,3,,0,,1,1_03/00290M
1,03/00290M1,,CA03,3,,0,,1,1_03/00290M1
1,12/51108,,CV12,6,,0,,1,1_12/51108
1,26/20816,,TA26,1,,0,,1,1_26/20816
1,01/09564,,TA01,1,,0,,1,1_01/09564
1,12/HA00002A,,CV12,6,,0,,1,1_12/HA00002A
1,12/HA00007,,CV12,6,,0,,1,1_12/HA00007
1,12/HA00008,,CV12,6,,0,,1,1_12/HA00008
1,12/51830B09,,CV12,6,,0,,1,1_12/51830B09
1,02/08860A,,TI02,2,,0,,1,1_02/08860A
1,02/08860AM,,TI02,2,,0,,1,1_02/08860AM
1,12/51833B09,,CV12,6,,0,,1,1_12/51833B09
1,.03,,103,3,,0,,1,1_.03
1,01/09531R,,TA01,1,,0,,1,1_01/09531R
1,01/00454B,,TA01,1,,0,,1,1_01/00454B
1,02/09463,,TI02,2,,0,,1,1_02/09463
1,01/09548R,,TA01,1,,0,,1,1_01/09548R
1,01/09549R,,TA01,1,,0,,1,1_01/09549R
1,01/09509BR,,TA01,1,,0,,1,1_01/09509BR
1,01/08644AR,,TA01,1,,0,,1,1_01/08644AR
1,11/1000220,,TA11,1,,0,,1,1_11/1000220
1,12/630120,,CV12,6,,0,,1,1_12/630120
1,12/80862,,CV12,6,,0,,1,1_12/80862
1,01/09565,,TA01,1,,0,,1,1_01/09565
1,02/10038,,TI02,2,,0,,1,1_02/10038
1,10/11665M,,TI10,2,,0,,1,1_10/11665M
1,01/07499R,,TA01,1,,0,,1,1_01/07499R
1,PR/0937/0001,,TA01,2,,0,,1,1_PR/0937/0001
1,02/09464,,TI02,2,,0,,1,1_02/09464
1,02/09310A,,TI02,2,,0,,1,1_02/09310A
1,02/09311A,,TI02,2,,0,,1,1_02/09311A
1,02/09309A,,TI02,2,,0,,1,1_02/09309A
1,12/PP00084,,CV12,6,,0,,1,1_12/PP00084
1,02/09078M,,TI02,2,,0,,1,1_02/09078M
1,02/09310AM,,TI02,2,,0,,1,1_02/09310AM
1,02/09311AM,,TI02,2,,0,,1,1_02/09311AM
1,26/20820,,TA26,1,,0,,1,1_26/20820
1,PR/0545/0001,,TA01,1,,0,,1,1_PR/0545/0001
1,PR/0013/0003-A,,TA01,1,,0,,1,1_PR/0013/0003-A
1,91/00052,,XTA91,8,,0,,1,1_91/00052
1,PR/0013/0003,,TA01,1,,0,,1,1_PR/0013/0003
1,PR/1402/0001,,TI02,2,,0,,1,1_PR/1402/0001
1,01/09566,,TA01,1,,0,,1,1_01/09566
1,01/09567,,TA01,1,,0,,1,1_01/09567
1,PR/1580/0001,,TI02,2,,0,,1,1_PR/1580/0001
1,PR/1580/0001-A,,TI02,2,,0,,1,1_PR/1580/0001-A
1,PR/1580/0001-B,,TI02,2,,0,,1,1_PR/1580/0001-B
1,PR/1580/0001-C,,TI02,2,,0,,1,1_PR/1580/0001-C
1,PR/1580/0001-D,,TI02,2,,0,,1,1_PR/1580/0001-D
1,PR/1580/0002,,TI02,2,,0,,1,1_PR/1580/0002
1,PR/1580/0002-A,,TI02,2,,0,,1,1_PR/1580/0002-A
1,PR/1580/0002-B,,TI02,2,,0,,1,1_PR/1580/0002-B
1,PR/1580/0002-C,,TI02,2,,0,,1,1_PR/1580/0002-C
1,PR/1580/0002-D,,TI02,2,,0,,1,1_PR/1580/0002-D
1,PR/1580/0003,,TI02,2,,0,,1,1_PR/1580/0003
1,PR/1580/0003-A,,TI02,2,,0,,1,1_PR/1580/0003-A
1,PR/1580/0003-B,,TI02,2,,0,,1,1_PR/1580/0003-B
1,PR/1580/0003-C,,TI02,2,,0,,1,1_PR/1580/0003-C
1,PR/1580/0003-D,,TI02,2,,0,,1,1_PR/1580/0003-D
1,PR/0617/0010,,TI02,2,,0,,1,1_PR/0617/0010
1,PR/0617/0009-A,,TI02,2,,0,,1,1_PR/0617/0009-A
1,PR/0617/0011,,TI02,2,,0,,1,1_PR/0617/0011
1,PB/0617/0010-A,,TI02,2,,0,,1,1_PB/0617/0010-A
1,PR/0617/0010-A,,TI02,2,,0,,1,1_PR/0617/0010-A
1,PR/0617/0012,,TI02,2,,0,,1,1_PR/0617/0012
1,01/00453R,,TA01,1,,0,,1,1_01/00453R
1,PR/0617/0009,,TI02,2,,0,,1,1_PR/0617/0009
1,PR/0212/0005,,TI02,2,,0,,1,1_PR/0212/0005
1,PR/0212/0006,,TI02,2,,0,,1,1_PR/0212/0006
1,02/09465,,TI02,2,,0,,1,1_02/09465
1,02/09465M,,TI02,2,,0,,1,1_02/09465M
1,12/PG05529,,CV12,6,,0,,1,1_12/PG05529
1,12/PG05530,,CV12,6,,0,,1,1_12/PG05530
1,PR/1007/0006,,TA01,1,,0,,1,1_PR/1007/0006
1,02/09387A,,TI02,2,,0,,1,1_02/09387A
1,02/09387B,,TI02,2,,0,,1,1_02/09387B
1,02/09387C,,TI02,2,,0,,1,1_02/09387C
1,02/09388A,,TI02,2,,0,,1,1_02/09388A
1,02/09388B,,TI02,2,,0,,1,1_02/09388B
1,02/09388C,,TI02,2,,0,,1,1_02/09388C
1,02/09389A,,TI02,2,,0,,1,1_02/09389A
1,02/09389B,,TI02,2,,0,,1,1_02/09389B
1,02/09389C,,TI02,2,,0,,1,1_02/09389C
1,01/07996A,,TA01,1,,0,,1,1_01/07996A
1,01/07996AM,,TA01,1,,0,,1,1_01/07996AM
1,PR/0331/0001,,CA03,1,,0,,1,1_PR/0331/0001
1,02/09466,,TI02,2,,0,,1,1_02/09466
1,02/09466A,,TI02,2,,0,,1,1_02/09466A
1,02/09467,,TI02,2,,0,,1,1_02/09467
1,02/09467A,,TI02,2,,0,,1,1_02/09467A
1,02/09468,,TI02,2,,0,,1,1_02/09468
1,02/09468A,,TI02,2,,0,,1,1_02/09468A
1,02/09469,,TI02,2,,0,,1,1_02/09469
1,02/09469A,,TI02,2,,0,,1,1_02/09469A
1,03/00291,,CA03,3,,0,,1,1_03/00291
1,03/00291M,,CA03,3,,0,,1,1_03/00291M
1,02/09466M,,TI02,2,,0,,1,1_02/09466M
1,02/09466M1,,TI02,2,,0,,1,1_02/09466M1
1,02/09466M2,,TI02,2,,0,,1,1_02/09466M2
1,02/09466M3,,TI02,2,,0,,1,1_02/09466M3
1,02/09466M4,,TI02,2,,0,,1,1_02/09466M4
1,02/09466AM,,TI02,2,,0,,1,1_02/09466AM
1,02/09466AM1,,TI02,2,,0,,1,1_02/09466AM1
1,02/09467M0,,TI02,1,,0,,1,1_02/09467M0
1,02/09468M1,,TI02,2,,0,,1,1_02/09468M1
1,02/09467M,,TI02,2,,0,,1,1_02/09467M
1,02/09467AM,,TI02,2,,0,,1,1_02/09467AM
1,02/09468M,,TI02,2,,0,,1,1_02/09468M
1,02/09468AM,,TI02,2,,0,,1,1_02/09468AM
1,02/09469M,,TI02,2,,0,,1,1_02/09469M
1,02/09469AM,,TI02,2,,0,,1,1_02/09469AM
1,01/09263R,,TA01,1,,0,,1,1_01/09263R
1,01/09568,,TA01,1,,0,,1,1_01/09568
1,01/09569,,TA01,1,,0,,1,1_01/09569
1,01/09569M,,TA01,1,,0,,1,1_01/09569M
1,PR/0104/0037-R,,TI02,2,,0,,1,1_PR/0104/0037-R
1,01/09263A,,TA01,1,,0,,1,1_01/09263A
1,01/09263AM,,TA01,1,,0,,1,1_01/09263AM
1,01/09263AM1,,TA01,1,,0,,1,1_01/09263AM1
1,01/09263AM3,,TA01,1,,0,,1,1_01/09263AM3
1,01/09263AM2,,TA01,1,,0,,1,1_01/09263AM2
1,01/09263AM4,,TA01,1,,0,,1,1_01/09263AM4
1,02/09692,,TI02,2,,0,,1,1_02/09692
1,26/60154,,TA26,1,,0,,1,1_26/60154
1,03/00335,,CA03,3,,0,,1,1_03/00335
1,PR/0076/0004,,TI02,2,,0,,1,1_PR/0076/0004
1,02/09473,,TI02,2,,0,,1,1_02/09473
1,02/09473M,,TI02,2,,0,,1,1_02/09473M
1,12/3025081R,,CV12,6,,0,,1,1_12/3025081R
1,PR/INTE/0001,,TA01,1,,0,,1,1_PR/INTE/0001
1,03/1321055,,CA03,3,,0,,1,1_03/1321055
1,02/08386R,,TI02,2,,0,,1,1_02/08386R
1,01/09831,,TA01,1,,0,,1,1_01/09831
1,PR/0013/0003-A bis,,TA01,1,,0,,1,1_PR/0013/0003-A bis
1,PR/0013/0003 bis,,TA01,1,,0,,1,1_PR/0013/0003 bis
1,PR/1205/0001,,TA01,1,,0,,1,1_PR/1205/0001
1,PR/1205/0002,,TA01,1,,0,,1,1_PR/1205/0002
1,01/10300,,TA01,1,,0,,1,1_01/10300
1,01/09570,,TA01,1,,0,,1,1_01/09570
1,12/XG400022,,CV12,6,,0,,1,1_12/XG400022
1,01/09571,,TA01,1,,0,,1,1_01/09571
1,PR/1205/0003,,TA01,1,,0,,1,1_PR/1205/0003
1,PR/1205/0004,,TA01,1,,0,,1,1_PR/1205/0004
1,PR/1205/0005,,TA01,1,,0,,1,1_PR/1205/0005
1,02/0946601,,TI02,2,,0,,1,1_02/0946601
1,02/0946602,,TI02,2,,0,,1,1_02/0946602
1,02/0946603,,TI02,2,,0,,1,1_02/0946603
1,02/0946604,,TI02,2,,0,,1,1_02/0946604
1,02/0946605,,TI02,2,,0,,1,1_02/0946605
1,02/0946701,,TI02,2,,0,,1,1_02/0946701
1,02/09467A01,,TI02,2,,0,,1,1_02/09467A01
1,02/09466A01,,TI02,2,,0,,1,1_02/09466A01
1,02/09466A02,,TI02,2,,0,,1,1_02/09466A02
1,02/0946702,,TI02,2,,0,,1,1_02/0946702
1,02/0946801,,TI02,2,,0,,1,1_02/0946801
1,02/09468A01,,TI02,2,,0,,1,1_02/09468A01
1,02/0946802,,TI02,2,,0,,1,1_02/0946802
1,02/0946901,,TI02,2,,0,,1,1_02/0946901
1,02/09469A01,,TI02,2,,0,,1,1_02/09469A01
1,02/09474,,TI02,2,,0,,1,1_02/09474
1,02/08480,,TI02,2,,0,,1,1_02/08480
1,02/08479,,TI02,2,,0,,1,1_02/08479
1,02/08481,,TI02,2,,0,,1,1_02/08481
1,PR/1366/0002,,TA01,1,,0,,1,1_PR/1366/0002
1,PR/1366/0003,,TA01,1,,0,,1,1_PR/1366/0003
1,10/90015,,TI02,2,,0,,1,1_10/90015
1,70/70709,,TA70,1,,0,,1,1_70/70709
1,PR/1669/0046-A,,TI02,2,,0,,1,1_PR/1669/0046-A
1,PR/1505/0019,,TI02,2,,0,,1,1_PR/1505/0019
1,02/10817D04,,TI02,2,,0,,1,1_02/10817D04
1,02/09477,,TI02,2,,0,,1,1_02/09477
1,02/09477M,,TI02,2,,0,,1,1_02/09477M
1,02/09478R,,TI02,2,,0,,1,1_02/09478R
1,02/10817D03,,TI02,2,,0,,1,1_02/10817D03
1,12/80608,,CV12,6,,0,,1,1_12/80608
1,PR/1158/0002,,TI02,2,,0,,1,1_PR/1158/0002
1,02/09480,,TI02,2,,0,,1,1_02/09480
1,01/09530R,,TA01,1,,0,,1,1_01/09530R
1,01/09572,,TA01,1,,0,,1,1_01/09572
1,01/09573,,TA01,1,,0,,1,1_01/09573
1,01/09572M,,TA01,1,,0,,1,1_01/09572M
1,01/09572M1,,TA01,1,,0,,1,1_01/09572M1
1,01/09572M2,,TA01,1,,0,,1,1_01/09572M2
1,01/09572M3,,TA01,1,,0,,1,1_01/09572M3
1,PR/1615/0001,,TA01,1,,0,,1,1_PR/1615/0001
1,01/09573M,,TA01,1,,0,,1,1_01/09573M
1,01/09573M1,,TA01,1,,0,,1,1_01/09573M1
1,01/09573M3,,TA01,1,,0,,1,1_01/09573M3
1,01/09372AR,,TA01,1,,0,,1,1_01/09372AR
1,01/09451AR,,TA01,1,,0,,1,1_01/09451AR
1,02/08440A,,TI02,2,,0,,1,1_02/08440A
1,PR/0013/0001-0-1,,TA01,1,,0,,1,1_PR/0013/0001-0-1
1,PR/0212/0007,,TI02,2,,0,,1,1_PR/0212/0007
1,PR/0013/0001-A-1,,TA01,1,,0,,1,1_PR/0013/0001-A-1
1,PR/0013/0002-B-1,,TI02,2,,0,,1,1_PR/0013/0002-B-1
1,PR/0013/0004-A-1,,TA01,1,,0,,1,1_PR/0013/0004-A-1
1,PR/0013/0002-0-1,,TA01,1,,0,,1,1_PR/0013/0002-0-1
1,01/09573M4,,TA01,1,,0,,1,1_01/09573M4
1,01/09573M2,,TA01,1,,0,,1,1_01/09573M2
1,02/09475,,TI02,2,,0,,1,1_02/09475
1,PR/0212/0008,,TI02,2,,0,,1,1_PR/0212/0008
1,02/08870,,TI02,2,,0,,1,1_02/08870
1,PR/1047/0004,,TI02,2,,0,,1,1_PR/1047/0004
1,02/09482,,TI02,2,,0,,1,1_02/09482
1,12/PG0100702,,CV12,6,,0,,1,1_12/PG0100702
1,02/09483,,TI02,2,,0,,1,1_02/09483
1,PR/0970/0003,,TA01,1,,0,,1,1_PR/0970/0003
1,02/09475R,,TI02,2,,0,,1,1_02/09475R
1,01/09574,,TA01,1,,0,,1,1_01/09574
1,01/09372A,,TA01,1,,0,,1,1_01/09372A
1,01/09451A,,TA01,1,,0,,1,1_01/09451A
1,10/01005,,TI10,2,,0,,1,1_10/01005
1,10/01006,,TI10,2,,0,,1,1_10/01006
1,10/01061,,TI10,2,,0,,1,1_10/01061
1,10/01062,,TI10,2,,0,,1,1_10/01062
1,PR/0212/0009,,TA01,1,,0,,1,1_PR/0212/0009
1,02/09387D,,TI02,2,,0,,1,1_02/09387D
1,02/09389D,,TI02,2,,0,,1,1_02/09389D
1,02/09467B,,TI02,2,,0,,1,1_02/09467B
1,02/09469B,,TI02,2,,0,,1,1_02/09469B
1,02/09467B01,,TI02,2,,0,,1,1_02/09467B01
1,02/09467B01A,,TI02,2,,0,,1,1_02/09467B01A
1,02/09467B02,,TI02,2,,0,,1,1_02/09467B02
1,02/09469B01,,TI02,2,,0,,1,1_02/09469B01
1,02/09469B01A,,TI02,2,,0,,1,1_02/09469B01A
1,02/09468B02,,TI02,2,,0,,1,1_02/09468B02
1,01/10022,,TA01,1,,0,,1,1_01/10022
1,01/09575,,TA01,1,,0,,1,1_01/09575
1,02/09484,,TI02,2,,0,,1,1_02/09484
1,02/08153R,,TI02,2,,0,,1,1_02/08153R
1,02/09475A,,TI02,2,,0,,1,1_02/09475A
1,02/09343AR,,TI02,2,,0,,1,1_02/09343AR
1,01/09577,,TA01,1,,0,,1,1_01/09577
1,01/09578,,TA01,1,,0,,1,1_01/09578
1,01/09579,,TA01,1,,0,,1,1_01/09579
1,01/09580,,TA01,1,,0,,1,1_01/09580
1,01/09581,,TA01,1,,0,,1,1_01/09581
1,02/09475M,,TI02,2,,0,,1,1_02/09475M
1,01/09577M,,TA01,1,,0,,1,1_01/09577M
1,PR/1506/0001,,TI02,2,,0,,1,1_PR/1506/0001
1,04/20810,,PL04,4,,0,,1,1_04/20810
1,55/40084MPA,,TI55,2,,0,,1,1_55/40084MPA
1,02/09485M,,TI02,2,,0,,1,1_02/09485M
1,04/120300001,,PL04,4,,0,,1,1_04/120300001
1,01/09582,,TA01,1,,0,,1,1_01/09582
1,02/09486,,TI02,2,,0,,1,1_02/09486
1,02/09487,,TI02,2,,0,,1,1_02/09487
1,02/09489,,TI02,2,,0,,1,1_02/09489
1,02/09490,,TI02,2,,0,,1,1_02/09490
1,02/09491,,TI02,2,,0,,1,1_02/09491
1,02/09492,,TI02,2,,0,,1,1_02/09492
1,02/09492M,,TI02,2,,0,,1,1_02/09492M
1,02/09300A,,TI02,2,,0,,1,1_02/09300A
1,02/09300AM,,TI02,2,,0,,1,1_02/09300AM
1,02/09301A,,TI02,2,,0,,1,1_02/09301A
1,02/09301AM,,TI02,2,,0,,1,1_02/09301AM
1,PR/1557/0002,,TI02,2,,0,,1,1_PR/1557/0002
1,PR/ELCHO/0001,,TI02,2,,0,,1,1_PR/ELCHO/0001
1,PR/ELCHO/0002,,TI02,2,,0,,1,1_PR/ELCHO/0002
1,03/1333042,,CA03,3,,0,,1,1_03/1333042
1,03/1331042,,CA03,3,,0,,1,1_03/1331042
1,03/2331042,,CA03,3,,0,,1,1_03/2331042
1,03/2221042,,CA03,3,,0,,1,1_03/2221042
1,02/09475A01,,TI02,2,,0,,1,1_02/09475A01
1,12/80864,,CV12,6,,0,,1,1_12/80864
1,70/1403580850,,TA70,1,,0,,1,1_70/1403580850
1,70/1403080850,,TA70,1,,0,,1,1_70/1403080850
1,70/1401032850,,TA70,1,,0,,1,1_70/1401032850
1,70/1401055850,,TA70,1,,0,,1,1_70/1401055850
1,01/00454BR,,TA01,1,,0,,1,1_01/00454BR
1,PR/0711/0001,,TI02,2,,0,,1,1_PR/0711/0001
1,PR/0711/0002,,TI02,2,,0,,1,1_PR/0711/0002
1,01/09583,,TA01,1,,0,,1,1_01/09583
1,01/09583M,,TA01,1,,0,,1,1_01/09583M
1,PR/CAYS/0001,,TA01,1,,0,,1,1_PR/CAYS/0001
1,04/02146,,PL04,4,,0,,1,1_04/02146
1,02/09491R,,TI02,2,,0,,1,1_02/09491R
1,PR/GURS/0001,,TA01,1,,0,,1,1_PR/GURS/0001
1,PR/GURS/0002,,TA01,1,,,,1,1_PR/GURS/0002
1,PR/GURS/0003,,TA01,1,,0,,1,1_PR/GURS/0003
1,PR/GURS/0004,,TA01,1,,0,,1,1_PR/GURS/0004
1,02/09493,,TI02,2,,0,,1,1_02/09493
1,02/09481,,TI02,2,,0,,1,1_02/09481
1,01/09576,,TA01,1,,0,,1,1_01/09576
1,PR/0677/0011,,TI02,2,,0,,1,1_PR/0677/0011
1,02/09485R,,TI02,2,,0,,1,1_02/09485R
1,55/00181MP,,TI55,2,,0,,1,1_55/00181MP
1,01/09584,,TA01,1,,0,,1,1_01/09584
1,12/TP7596E,,CV12,6,,0,,1,1_12/TP7596E
1,12/TP7598E,,CV12,6,,0,,1,1_12/TP7598E
1,PR/0212/0010,,TI02,2,,0,,1,1_PR/0212/0010
1,PR/1418/0001,,TI02,2,,0,,1,1_PR/1418/0001
1,PR/1617/0001,,PL04,4,,0,,1,1_PR/1617/0001
1,02/07625A,,TI02,2,,0,,1,1_02/07625A
1,02/07625AR,,TI02,2,,0,,1,1_02/07625AR
1,01/09585,,TA01,1,,0,,1,1_01/09585
1,01/09585R,,TA01,1,,0,,1,1_01/09585R
1,02/09494,,TI02,2,,0,,1,1_02/09494
1,02/09494R,,TI02,2,,0,,1,1_02/09494R
1,02/09494M,,TI02,2,,0,,1,1_02/09494M
1,02/09494M2,,TI02,2,,0,,1,1_02/09494M2
1,02/09494M1,,TI02,2,,0,,1,1_02/09494M1
1,02/09494M3,,TI02,2,,0,,1,1_02/09494M3
1,02/09494M4,,TI02,2,,0,,1,1_02/09494M4
1,02/09494M5,,TI02,2,,0,,1,1_02/09494M5
1,02/09495,,TI02,2,,0,,1,1_02/09495
1,02/09496,,TI02,2,,0,,1,1_02/09496
1,02/09496M,,TI02,2,,0,,1,1_02/09496M
1,02/09497,,TI02,2,,0,,1,1_02/09497
1,02/09497M,,TI02,2,,0,,1,1_02/09497M
1,PR/1418/0002,,TI02,2,,0,,1,1_PR/1418/0002
1,PR/1418/0003,,TI02,2,,0,,1,1_PR/1418/0003
1,PR/1418/0004,,TI02,2,,0,,1,1_PR/1418/0004
1,PR/1418/0005,,TI02,2,,0,,1,1_PR/1418/0005
1,11/00140,,TA11,1,,0,,1,1_11/00140
1,01/09303AR,,TA01,1,,0,,1,1_01/09303AR
1,01/09584R,,TA01,1,,0,,1,1_01/09584R
1,02/09467M1,,TI02,2,,0,,1,1_02/09467M1
1,02/09469M0,,TI02,2,,0,,1,1_02/09469M0
1,01/09581R,,TA01,1,,0,,1,1_01/09581R
1,01/09586,,TA01,1,,0,,1,1_01/09586
1,01/09587,,TA01,1,,0,,1,1_01/09587
1,01/09577R,,TA01,1,,0,,1,1_01/09577R
1,04/33953,,PL04,4,,0,,1,1_04/33953
1,01/09311R,,TA01,1,,0,,1,1_01/09311R
1,02/09498,,TI02,2,,0,,1,1_02/09498
1,PR/0617/0013,,TI02,2,,0,,1,1_PR/0617/0013
1,PR/1144/0002,,TA01,1,,0,,1,1_PR/1144/0002
1,12/XG400026,,CV12,6,,0,,1,1_12/XG400026
1,PR/1621/0001,,TI02,2,,0,,1,1_PR/1621/0001
1,01/08652R,,TA01,1,,0,,1,1_01/08652R
1,01/08664R,,TA01,1,,0,,1,1_01/08664R
1,12/XG400047,,CV12,6,,0,,1,1_12/XG400047
1,01/09069AR,,TA01,1,,0,,1,1_01/09069AR
1,PR/1621/0002,,TI02,2,,,,1,1_PR/1621/0002
1,PR/1621/0003,,TI02,2,,0,,1,1_PR/1621/0003
1,PR/0929/0002,,TA01,1,,0,,1,1_PR/0929/0002
1,PR/0929/0003,,TA01,1,,0,,1,1_PR/0929/0003
1,PR/0929/0004,,TA01,1,,0,,1,1_PR/0929/0004
1,PR/0929/0005,,TA01,1,,0,,1,1_PR/0929/0005
1,PR/0797/0009,,TI02,2,,0,,1,1_PR/0797/0009
1,02/08096M,,TI02,2,,0,,1,1_02/08096M
1,01/09796M,,TA01,1,,0,,1,1_01/09796M
1,01/09794M,,TA01,1,,0,,1,1_01/09794M
1,04/1609200060,,PL04,4,,0,,1,1_04/1609200060
1,PR/0797/0009A,,TI02,2,,0,,1,1_PR/0797/0009A
1,02/09499,,TI02,2,,0,,1,1_02/09499
1,02/09500,,TI02,2,,0,,1,1_02/09500
1,02/09501,,TI02,2,,0,,1,1_02/09501
1,02/09502R,,TI02,2,,0,,1,1_02/09502R
1,12/TP7615E,,CV12,6,,0,,1,1_12/TP7615E
1,PR/DYNAM/0001,,TI02,2,,0,,1,1_PR/DYNAM/0001
1,.910,,XTA91,8,,,,1,1_.910
1,55/40084,,TI55,2,,0,,1,1_55/40084
1,12/80866,,CV12,6,,0,,1,1_12/80866
1,12/80867,,CV12,6,,0,,1,1_12/80867
1,01/030100004A,,TA01,1,,0,,1,1_01/030100004A
1,01/00387R,,TA01,1,,0,,1,1_01/00387R
1,02/09333A,,TI02,2,,0,,1,1_02/09333A
1,PR/0240/0023,,TI02,2,,0,,1,1_PR/0240/0023
1,PR/AIMT/0001,,TI02,2,,0,,1,1_PR/AIMT/0001
1,PR/AIMT/0002,,TI02,2,,0,,1,1_PR/AIMT/0002
1,02/10455B,,TI02,2,,0,,1,1_02/10455B
1,.58/9,,TA58,1,,0,,1,1_.58/9
1,PR/1024/0003,,TI02,2,,0,,1,1_PR/1024/0003
1,03/00290M2,,CA03,3,,0,,1,1_03/00290M2
1,03/00290R,,CA03,3,,0,,1,1_03/00290R
1,PR/0301/0004,,TA01,1,,0,,1,1_PR/0301/0004
1,PR/1644/0006,,TI02,2,,0,,1,1_PR/1644/0006
1,PR/0617/0308-A,,TI02,2,,0,,1,1_PR/0617/0308-A
1,01/09588,,TA01,1,,0,,1,1_01/09588
1,12/SI00101,,CV12,6,,0,,1,1_12/SI00101
1,02/09503,,TI02,2,,0,,1,1_02/09503
1,02/09504,,TI02,2,,0,,1,1_02/09504
1,02/09504M,,TI02,2,,0,,1,1_02/09504M
1,02/09504M1,,TI02,2,,0,,1,1_02/09504M1
1,01/09588M,,TA01,1,,0,,1,1_01/09588M
1,02/09503M,,TI02,2,,0,,1,1_02/09503M
1,PR/AIMT/0003,,TI02,2,,0,,1,1_PR/AIMT/0003
1,PR/1621/0004,,TI02,2,,0,,1,1_PR/1621/0004
1,PR/1621/0005,,TI02,2,,0,,1,1_PR/1621/0005
1,12/PG05509,,CV12,6,,0,,1,1_12/PG05509
1,02/09467C,,TI02,2,,0,,1,1_02/09467C
1,02/09467C01,,TI02,2,,0,,1,1_02/09467C01
1,02/09467C01M,,TI02,2,,0,,1,1_02/09467C01M
1,02/09469C,,TI02,2,,0,,1,1_02/09469C
1,02/09469C01,,TI02,2,,0,,1,1_02/09469C01
1,02/09469C01M,,TI02,2,,0,,1,1_02/09469C01M
1,02/09387E,,TI02,2,,0,,1,1_02/09387E
1,02/09389E,,TI02,2,,0,,1,1_02/09389E
1,02/09505,,TI02,2,,0,,1,1_02/09505
1,01/09589,,TA01,1,,0,,1,1_01/09589
1,01/09590,,TA01,1,,0,,1,1_01/09590
1,PR/0301/0005,,TA01,1,,0,,1,1_PR/0301/0005
1,PR/0301/0005A,,TA01,1,,0,,1,1_PR/0301/0005A
1,04/34505,,PL04,4,,0,,1,1_04/34505
1,PR/1478/0001,,PL04,4,,0,,1,1_PR/1478/0001
1,PR/1360/0001,,TA01,1,,0,,1,1_PR/1360/0001
1,02/09506,,TI02,2,,0,,1,1_02/09506
1,02/09506M,,TI02,2,,0,,1,1_02/09506M
1,01/09591,,TA01,1,,0,,1,1_01/09591
1,PR/1567/0001,,TI02,2,,0,,1,1_PR/1567/0001
1,PR/0545/0002,,TA01,1,,0,,1,1_PR/0545/0002
1,PR/1593/0001,,TA01,1,,0,,1,1_PR/1593/0001
1,01/09592,,TA01,1,,0,,1,1_01/09592
1,01/09593,,TA01,1,,0,,1,1_01/09593
1,01/09594,,TA01,1,,0,,1,1_01/09594
1,01/09595,,TA01,1,,0,,1,1_01/09595
1,02/09507,,TI02,2,,0,,1,1_02/09507
1,10/14510M,,TI10,2,,0,,1,1_10/14510M
1,03/00327M,,CA03,3,,0,,1,1_03/00327M
1,PR/1144/0003,,TA01,1,,0,,1,1_PR/1144/0003
1,PR/1144/0004,,TA01,1,,0,,1,1_PR/1144/0004
1,01/09596,,TA01,1,,0,,1,1_01/09596
1,02/09509,,TI02,2,,0,,1,1_02/09509
1,02/09508,,TI02,2,,0,,1,1_02/09508
1,12/300705,,CV12,6,,0,,1,1_12/300705
1,04/024000002,,PL04,4,,0,,1,1_04/024000002
1,PR/1228/0001,,TA01,1,,0,,1,1_PR/1228/0001
1,PR/0617/0125-A,,TI02,2,,0,,1,1_PR/0617/0125-A
1,02/09453A,,TI02,2,,0,,1,1_02/09453A
1,02/09452A,,TI02,2,,0,,1,1_02/09452A
1,02/09451A,,TI02,2,,0,,1,1_02/09451A
1,01/09597,,TA01,1,,0,,1,1_01/09597
1,PR/1007/0008,,TA01,1,,0,,1,1_PR/1007/0008
1,PR/1228/0002,,TA01,1,,0,,1,1_PR/1228/0002
1,PR/1228/0003,,TA01,1,,0,,1,1_PR/1228/0003
1,PR/1228/0004,,TA01,1,,0,,1,1_PR/1228/0004
1,CM.075-R,,YMA-CM,1,,0,,1,1_CM.075-R
1,91/70026,,XTA91,3,,0,,1,1_91/70026
1,PR/1007/0009,,TA01,1,,0,,1,1_PR/1007/0009
1,01/0959701,,TA01,1,,0,,1,1_01/0959701
1,PR/1007/0010,,TA01,1,,0,,1,1_PR/1007/0010
1,13/10112,,CA13,3,,0,,1,1_13/10112
1,PR/ITEC/0001,,TI02,2,,0,,1,1_PR/ITEC/0001
1,02/0951101,,TI02,2,,0,,1,1_02/0951101
1,02/09511M,,TI02,2,,0,,1,1_02/09511M
1,02/0951201,,TI02,2,,0,,1,1_02/0951201
1,02/09512M,,TI02,2,,0,,1,1_02/09512M
1,02/09513,,TI02,2,,0,,1,1_02/09513
1,02/09514,,TI02,2,,0,,1,1_02/09514
1,02/09513M,,TI02,2,,0,,1,1_02/09513M
1,02/09514M,,TI02,2,,0,,1,1_02/09514M
1,02/09515D,,TI02,2,,0,,1,1_02/09515D
1,02/09515D01,,TI02,2,,0,,1,1_02/09515D01
1,02/09515D01M,,TI02,2,,0,,1,1_02/09515D01M
1,02/09467D,,TI02,2,,0,,1,1_02/09467D
1,02/09469D,,TI02,2,,0,,1,1_02/09469D
1,02/09468A02,,TI02,2,,0,,1,1_02/09468A02
1,02/09467A02,,TI02,2,,0,,1,1_02/09467A02
1,02/09468M2,,TI02,2,,0,,1,1_02/09468M2
1,02/09467M2,,TI02,2,,0,,1,1_02/09467M2
1,03/1533100R,,CA03,3,,0,,1,1_03/1533100R
1,01/09495,,TA01,1,,0,,1,1_01/09495
1,02/08541M,,TI02,2,,0,,1,1_02/08541M
1,12/300706R,,CV12,6,,0,,1,1_12/300706R
1,02/09498R,,TI02,2,,0,,1,1_02/09498R
1,02/09219R,,TI02,2,,0,,1,1_02/09219R
1,02/09516R,,TI02,2,,0,,1,1_02/09516R
1,PR/AIMT/0004,,TA01,1,,0,,1,1_PR/AIMT/0004
1,12/2530121,,CV12,6,,0,,1,1_12/2530121
1,02/09517,,TI02,2,,0,,1,1_02/09517
1,02/09337E,,TI02,2,,0,,1,1_02/09337E
1,01/09599,,TA01,1,,0,,1,1_01/09599
1,PR/0212/0011,,TA01,1,,0,,1,1_PR/0212/0011
1,PR/0634/0002,,TI02,2,,0,,1,1_PR/0634/0002
1,02/09518,,TI02,2,,0,,1,1_02/09518
1,PR/0617/0014,,TI02,2,,0,,1,1_PR/0617/0014
1,PR/0301/0006,,TA01,1,,0,,1,1_PR/0301/0006
1,02/09519,,TI02,2,,0,,1,1_02/09519
1,02/09519M,,TI02,2,,0,,1,1_02/09519M
1,PR/0212/0012,,TI02,2,,0,,1,1_PR/0212/0012
1,PR/AIMT/0005,,TI02,2,,0,,1,1_PR/AIMT/0005
1,PR/0634/0003,,TA01,1,,0,,1,1_PR/0634/0003
1,PR/1007/0011,,TA01,1,,0,,1,1_PR/1007/0011
1,PR/1007/0012,,TA01,1,,0,,1,1_PR/1007/0012
1,02/09520,,TI02,2,,0,,1,1_02/09520
1,PR/2013/0016,,TI02,2,,0,,1,1_PR/2013/0016
1,PR/REXA/0002-A,,TI02,2,,0,,1,1_PR/REXA/0002-A
1,PR/REXA/0002,,TI02,2,,0,,1,1_PR/REXA/0002
1,02/09521,,TI02,2,,0,,1,1_02/09521
1,02/09521M,,TI02,2,,0,,1,1_02/09521M
1,12/PV00018,,CV12,6,,0,,1,1_12/PV00018
1,02/09518M2,,TI02,2,,0,,1,1_02/09518M2
1,PR/0977/0001,,TA01,1,,0,,1,1_PR/0977/0001
1,12/5135121,,CV12,6,,0,,1,1_12/5135121
1,PR/JOID/0001,,TA01,1,,0,,1,1_PR/JOID/0001
1,PR/JOID/0002,,TA01,1,,0,,1,1_PR/JOID/0002
1,PR/JOID/0003,,TA01,1,,0,,1,1_PR/JOID/0003
1,PR/0977/0001A,,TA01,1,,0,,1,1_PR/0977/0001A
1,PR/0904/0001,,TI02,2,,0,,1,1_PR/0904/0001
1,PR/0977/0001AR,,TA01,1,,0,,1,1_PR/0977/0001AR
1,PR/1007/0013,,TA01,1,,0,,1,1_PR/1007/0013
1,PR/1007/0014,,TI02,2,,0,,1,1_PR/1007/0014
1,PR/0212/0012A,,TI02,2,,0,,1,1_PR/0212/0012A
1,12/80895,,CV12,6,,0,,1,1_12/80895
1,PR/JOID/0003A,,TA01,1,,0,,1,1_PR/JOID/0003A
1,PR/0617/0014-A,,TI02,2,,0,,1,1_PR/0617/0014-A
1,PR/JOID/0001A,,TA01,1,,0,,1,1_PR/JOID/0001A
1,PR/JOID/0002A,,TA01,1,,0,,1,1_PR/JOID/0002A
1,PR/0617/0015,,TI02,2,,0,,1,1_PR/0617/0015
1,01/09600,,TA01,1,,0,,1,1_01/09600
1,03/2331067,,CA03,3,,0,,1,1_03/2331067
1,PR/0002/0001,,TI02,2,,0,,1,1_PR/0002/0001
1,PR/0210/0001,,TA01,1,,0,,1,1_PR/0210/0001
1,12/PV00019,,CV12,6,,0,,1,1_12/PV00019
1,12/065500001,,CV12,6,,0,,1,1_12/065500001
1,PR/0267/0014,,TI02,2,,0,,1,1_PR/0267/0014
1,PR/0267/0014-A,,TI02,2,,0,,1,1_PR/0267/0014-A
1,PR/0267/0002,,TI02,2,,0,,1,1_PR/0267/0002
1,PR/1597/0001,,TI02,2,,0,,1,1_PR/1597/0001
1,02/09522,,TI02,2,,0,,1,1_02/09522
1,02/09523,,TI02,2,,0,,1,1_02/09523
1,02/09524,,TI02,2,,0,,1,1_02/09524
1,02/09525,,TI02,2,,0,,1,1_02/09525
1,02/09526,,TI02,2,,0,,1,1_02/09526
1,02/09524M,,TI02,2,,0,,1,1_02/09524M
1,02/09525M,,TI02,2,,0,,1,1_02/09525M
1,02/09526M,,TI02,2,,0,,1,1_02/09526M
1,01/09601,,TA01,1,,0,,1,1_01/09601
1,02/09527,,TI02,2,,0,,1,1_02/09527
1,02/09527M,,TI02,2,,0,,1,1_02/09527M
1,12/90030M,,CV12,6,,0,,1,1_12/90030M
1,01/09602A,,TA01,1,,0,,1,1_01/09602A
1,PR/0240/0002,,TA01,1,,0,,1,1_PR/0240/0002
1,01/0403D0540,,TA01,1,,0,,1,1_01/0403D0540
1,01/0403D0475,,TA01,1,,0,,1,1_01/0403D0475
1,01/09581A,,TA01,1,,0,,1,1_01/09581A
1,01/09603,,TA01,1,,0,,1,1_01/09603
1,01/09604,,TA01,1,,0,,1,1_01/09604
1,PR/1122/0001,,PL04,4,,0,,1,1_PR/1122/0001
1,PR/1606/0001,,TI02,2,,0,,1,1_PR/1606/0001
1,02/09528R,,TI02,2,,0,,1,1_02/09528R
1,PR/0267/0015,,TI02,2,,0,,1,1_PR/0267/0015
1,PR/0267/0016,,TI02,2,,0,,1,1_PR/0267/0016
1,PR/1047/0005,,TI02,2,,0,,1,1_PR/1047/0005
1,PR/1007/0015,,TI02,2,,0,,1,1_PR/1007/0015
1,PR/0267/0017,,TI02,2,,0,,1,1_PR/0267/0017
1,PR/0267/0018,,TI02,2,,0,,1,1_PR/0267/0018
1,PR/0267/0019,,TI02,2,,0,,1,1_PR/0267/0019
1,PR/0267/0020,,TI02,2,,0,,1,1_PR/0267/0020
1,PR/0267/0021,,TI02,2,,0,,1,1_PR/0267/0021
1,01/09605,,TA01,1,,0,,1,1_01/09605
1,PR/1007/0016,,TI02,2,,0,,1,1_PR/1007/0016
1,02/09522A,,TI02,2,,0,,1,1_02/09522A
1,02/09245A,,TI02,2,,0,,1,1_02/09245A
1,10/90034,,TI10,2,,0,,1,1_10/90034
1,10/90034M,,TI10,2,,0,,1,1_10/90034M
1,01/09959R,,TA01,1,,0,,1,1_01/09959R
1,02/09528M,,TI02,2,,0,,1,1_02/09528M
1,PR/1017/0001,,TA01,1,,0,,1,1_PR/1017/0001
1,02/09529M,,TI02,2,,0,,1,1_02/09529M
1,01/09499A,,TA01,1,,0,,1,1_01/09499A
1,PR/1047/0004-A,,TI02,2,,0,,1,1_PR/1047/0004-A
1,.TINY-VERD,,Y,7,,0,,1,1_.TINY-VERD
1,.TINY-GROC,,Y,7,,0,,1,1_.TINY-GROC
1,.BASE,,Y,7,,0,,1,1_.BASE
1,MINIO,,Y,7,,0,,1,1_MINIO
1,DISOLVENTE,,Y,7,,0,,1,1_DISOLVENTE
1,IMPRIMACION,,Y,7,,0,,1,1_IMPRIMACION
1,12/CF05101,,CV12,6,,0,,1,1_12/CF05101
1,PR/1272/0003,,TA01,1,,0,,1,1_PR/1272/0003
1,PR/0617/0016,,TI02,2,,0,,1,1_PR/0617/0016
1,PR/0617/0016-A,,TI02,2,,0,,1,1_PR/0617/0016-A
1,PR/0617/0016-B,,TI02,2,,0,,1,1_PR/0617/0016-B
1,01/09606,,TA01,1,,0,,1,1_01/09606
1,01/085060600,,TA01,1,,0,,1,1_01/085060600
1,PR/0234/0002,,TA01,1,,0,,1,1_PR/0234/0002
1,PR/1272/0004,,TA01,1,,0,,1,1_PR/1272/0004
1,04/158900001,,PL04,4,,0,,1,1_04/158900001
1,01/09607,,TA01,1,,0,,1,1_01/09607
1,PR/0617/0017,,TI02,2,,0,,1,1_PR/0617/0017
1,PR/0617/0017-A,,TI02,2,,0,,1,1_PR/0617/0017-A
1,PR/0617/0017-B,,TI02,2,,0,,1,1_PR/0617/0017-B
1,PR/0617/0017-C,,TI02,2,,0,,1,1_PR/0617/0017-C
1,02/09523M1,,TI02,2,,0,,1,1_02/09523M1
1,02/09524M1,,TI02,2,,0,,1,1_02/09524M1
1,PR/SONOW/0001,,TA01,1,,0,,1,1_PR/SONOW/0001
1,02/1079502,,TI02,2,,0,,1,1_02/1079502
1,02/10738AR,,TI02,2,,0,,1,1_02/10738AR
1,PR/0970/0004,,TI02,2,,0,,1,1_PR/0970/0004
1,PR/0267/0015-A,,TI02,2,,0,,1,1_PR/0267/0015-A
1,03/00279R,,CA03,3,,0,,1,1_03/00279R
1,PR/0301/0007,,TA01,1,,0,,1,1_PR/0301/0007
1,01/09608,,TA01,1,,0,,1,1_01/09608
1,01/09609,,TA01,1,,0,,1,1_01/09609
1,PR/0617/0003-B,,TI02,2,,0,,1,1_PR/0617/0003-B
1,02/09530,,TI02,2,,0,,1,1_02/09530
1,02/09531,,TI02,2,,0,,1,1_02/09531
1,02/09532,,TI02,2,,0,,1,1_02/09532
1,04/145600001,,PL04,4,,0,,1,1_04/145600001
1,03/00228AR,,CA03,3,,0,,1,1_03/00228AR
1,03/00294,,CA03,3,,0,,1,1_03/00294
1,PR/0301/0008,,TA01,1,,0,,1,1_PR/0301/0008
1,PR/0301/0009,,TA01,1,,0,,1,1_PR/0301/0009
1,PR/1272/0005,,TA01,1,,0,,1,1_PR/1272/0005
1,PR/1272/0006,,TA01,1,,0,,1,1_PR/1272/0006
1,PR/1272/0007,,TA01,1,,0,,1,1_PR/1272/0007
1,PR/1272/0008,,TA01,1,,0,,1,1_PR/1272/0008
1,02/09533,,TI02,2,,0,,1,1_02/09533
1,02/09534,,TI02,2,,0,,1,1_02/09534
1,02/09535,,TI02,2,,0,,1,1_02/09535
1,PR/0210/0002,,TA01,1,,0,,1,1_PR/0210/0002
1,02/09531M,,TI02,2,,0,,1,1_02/09531M
1,02/09537,,TI02,2,,0,,1,1_02/09537
1,02/09536,,TI02,2,,0,,1,1_02/09536
1,PR/0617/0003-A1,,TI02,2,,0,,1,1_PR/0617/0003-A1
1,PR/0617/0003,,TI02,2,,0,,1,1_PR/0617/0003
1,PR/0617/0003-B1,,TI02,2,,0,,1,1_PR/0617/0003-B1
1,PR/0617/0003-C,,TI02,2,,0,,1,1_PR/0617/0003-C
1,PR/2013/0001,,TA01,1,,0,,1,1_PR/2013/0001
1,PR/0617/0003-C1,,TI02,2,,0,,1,1_PR/0617/0003-C1
1,PR/1600/0008,,TA01,1,,0,,1,1_PR/1600/0008
1,PR/SONOW/0002,,TA01,1,,0,,1,1_PR/SONOW/0002
1,02/09538,,TI02,2,,0,,1,1_02/09538
1,26/60210,,TA26,1,,0,,1,1_26/60210
1,01/09610,,TA01,1,,0,,1,1_01/09610
1,PR/1567/0003,,TI02,2,,0,,1,1_PR/1567/0003
1,01/09611,,TA01,1,,0,,1,1_01/09611
1,01/09611M,,TA01,1,,0,,1,1_01/09611M
1,PR/1203/0004-A,,TI02,2,,0,,1,1_PR/1203/0004-A
1,01/09612,,TA01,1,,0,,1,1_01/09612
1,02/09337R,,TI02,2,,0,,1,1_02/09337R
1,02/09402R,,TI02,2,,0,,1,1_02/09402R
1,PR/1621/0006,,TI02,2,,0,,1,1_PR/1621/0006
1,01/09613,,TA01,1,,0,,1,1_01/09613
1,02/08761AR,,TI02,2,,0,,1,1_02/08761AR
1,PR/0617/0003-D,,TI02,2,,0,,1,1_PR/0617/0003-D
1,PR/0617/0003-C2,,TI02,2,,0,,1,1_PR/0617/0003-C2
1,12/PV00020,,CV12,6,,0,,1,1_12/PV00020
1,12/PP00058R,,CV12,6,,0,,1,1_12/PP00058R
1,PR/1629/0006,,TI02,2,,0,,1,1_PR/1629/0006
1,01/09374B,,TA01,1,,0,,1,1_01/09374B
1,01/0403D0565,,TA01,1,,0,,1,1_01/0403D0565
1,PR/1411/0001,,CA03,3,,0,,1,1_PR/1411/0001
1,PR/1411/0002,,TI02,2,,0,,1,1_PR/1411/0002
1,PR/1411/0003,,TA01,1,,0,,1,1_PR/1411/0003
1,12/80868,,CV12,6,,0,,1,1_12/80868
1,01/09614,,TA01,1,,0,,1,1_01/09614
1,PR/0617/0019,,PL04,4,,0,,1,1_PR/0617/0019
1,03/00295,,CA03,3,,0,,1,1_03/00295
1,02/09539,,TI02,2,,0,,1,1_02/09539
1,02/09539M,,TI02,2,,0,,1,1_02/09539M
1,02/09538B,,TI02,2,,0,,1,1_02/09538B
1,11/0070329,,TA11,1,,0,,1,1_11/0070329
1,01/09615,,TA01,1,,0,,1,1_01/09615
1,PR/1007/0017,,TA01,1,,0,,1,1_PR/1007/0017
1,PR/1007/0017-A,,TA01,1,,0,,1,1_PR/1007/0017-A
1,PR/1564/0007,,TI02,2,,0,,1,1_PR/1564/0007
1,PR/1564/0008,,TI02,2,,0,,1,1_PR/1564/0008
1,PR/1564/0010,,TA01,1,,0,,1,1_PR/1564/0010
1,PR/1564/0009,,TI02,2,,0,,1,1_PR/1564/0009
1,04/33953A,,PL04,4,,0,,1,1_04/33953A
1,12/PG0100606,,CV12,6,,0,,1,1_12/PG0100606
1,PR/CROBAR/0001,,TA01,1,,0,,1,1_PR/CROBAR/0001
1,02/09540,,TI02,2,,0,,1,1_02/09540
1,PR/0617/0019-A,,TA01,1,,0,,1,1_PR/0617/0019-A
1,PR/0617/0019-B,,TA01,1,,0,,1,1_PR/0617/0019-B
1,12/331506,,CV12,6,,0,,1,1_12/331506
1,12/CH01010520,,CV12,6,,0,,1,1_12/CH01010520
1,PR/1567/0004,,TI02,2,,0,,1,1_PR/1567/0004
1,04/160900001,,PL04,4,,0,,1,1_04/160900001
1,PR/0617/0063,,TI02,2,,0,,1,1_PR/0617/0063
1,PR/BENMAYOR/0001,,TI02,2,,0,,1,1_PR/BENMAYOR/0001
1,01/050041605A,,TA01,1,,0,,1,1_01/050041605A
1,PR/BENMAYOR/0002,,TI02,2,,0,,1,1_PR/BENMAYOR/0002
1,01/09616,,TA01,1,,0,,1,1_01/09616
1,PR/BENMAYOR/0003,,TI02,2,,0,,1,1_PR/BENMAYOR/0003
1,PR/BENMAYOR/0004,,TI02,2,,0,,1,1_PR/BENMAYOR/0004
1,02/07352R,,TI02,2,,0,,1,1_02/07352R
1,12/HA00009,,CV12,6,,0,,1,1_12/HA00009
1,01/08310R,,TA01,1,,0,,1,1_01/08310R
1,01/09617,,TA01,1,,0,,1,1_01/09617
1,01/09617M,,TA01,1,,0,,1,1_01/09617M
1,01/0993501,,TA01,1,,0,,1,1_01/0993501
1,02/09542,,TI02,2,,0,,1,1_02/09542
1,02/09530M,,TI02,2,,0,,1,1_02/09530M
1,PR/1629/0007,,TI02,2,,0,,1,1_PR/1629/0007
1,PR/1629/0007-A,,TI02,2,,0,,1,1_PR/1629/0007-A
1,PR/1629/0008,,TI02,1,,0,,1,1_PR/1629/0008
1,PR/0267/0023,,TI02,2,,0,,1,1_PR/0267/0023
1,PR/0267/0022,,TI02,2,,0,,1,1_PR/0267/0022
1,PR/1203/0004,,TI02,2,,0,,1,1_PR/1203/0004
1,PR/0267/0024,,TI02,2,,0,,1,1_PR/0267/0024
1,PR/0048/0003,,TI02,2,,0,,1,1_PR/0048/0003
1,01/07996AR,,TA01,1,,0,,1,1_01/07996AR
1,PR/1203/0004-B,,TA01,1,,0,,1,1_PR/1203/0004-B
1,PR/0048/0004,,TI02,2,,0,,1,1_PR/0048/0004
1,02/09543,,TI02,2,,0,,1,1_02/09543
1,02/09546,,TI02,2,,0,,1,1_02/09546
1,03/00296,,CA03,3,,0,,1,1_03/00296
1,PR/1007/0018,,TA01,1,,0,,1,1_PR/1007/0018
1,PR/1007/0019,,TA01,1,,0,,1,1_PR/1007/0019
1,12/L0151-001,,CV12,6,,0,,1,1_12/L0151-001
1,12/L0204-617,,CV12,6,,0,,1,1_12/L0204-617
1,01/10230R,,TA01,1,,0,,1,1_01/10230R
1,PR/0401/0001,,PL04,4,,0,,1,1_PR/0401/0001
1,PR/0401/0002,,PL04,4,,0,,1,1_PR/0401/0002
1,02/09547,,TI02,2,,0,,1,1_02/09547
1,02/09548,,TI02,2,,0,,1,1_02/09548
1,02/09547M,,TI02,2,,0,,1,1_02/09547M
1,PR/0617/0020,,TI02,2,,0,,1,1_PR/0617/0020
1,PR/2013/0002,,TI02,2,,0,,1,1_PR/2013/0002
1,01/09618,,TA01,1,,0,,1,1_01/09618
1,PR/0617/0006-C,,TI02,2,,0,,1,1_PR/0617/0006-C
1,12/5305034,,CV12,6,,0,,1,1_12/5305034
1,02/09549,,TI02,2,,0,,1,1_02/09549
1,02/09550,,TI02,2,,0,,1,1_02/09550
1,02/09551,,TI02,2,,0,,1,1_02/09551
1,02/09545,,TI02,2,,0,,1,1_02/09545
1,01/0961801,,TA01,1,,0,,1,1_01/0961801
1,02/09552,,TI02,2,,0,,1,1_02/09552
1,02/09553,,TI02,2,,0,,1,1_02/09553
1,02/09553M,,TI02,2,,0,,1,1_02/09553M
1,12/PV00021,,CV12,6,,0,,1,1_12/PV00021
1,12/PV00021M,,CV12,6,,0,,1,1_12/PV00021M
1,12/PV0002101,,CV12,6,,0,,1,1_12/PV0002101
1,10/11610030M,,TI10,2,,0,,1,1_10/11610030M
1,10/01003A,,TI02,2,,0,,1,1_10/01003A
1,01/147400001,,TA01,1,,0,,1,1_01/147400001
1,02/09485A,,TI02,2,,0,,1,1_02/09485A
1,UT.006,,YMA-UT,1,,0,,1,1_UT.006
1,01/09619M,,TA01,1,,0,,1,1_01/09619M
1,02/09485AM,,TI02,2,,0,,1,1_02/09485AM
1,91/90006,,XTA91,8,,0,,1,1_91/90006
1,10/11516M,,TI02,2,,0,,1,1_10/11516M
1,02/147400001,,TI02,2,,0,,1,1_02/147400001
1,01/09620,,TA01,1,,0,,1,1_01/09620
1,02/147400002,,TI02,2,,0,,1,1_02/147400002
1,02/09554,,TI02,2,,0,,1,1_02/09554
1,02/09555,,TI02,2,,0,,1,1_02/09555
1,01/09611R,,TA01,1,,0,,1,1_01/09611R
1,01/09621R,,TA01,1,,0,,1,1_01/09621R
1,01/09621M,,TA01,1,,0,,1,1_01/09621M
1,01/09307AR,,TA01,1,,0,,1,1_01/09307AR
1,54/38006,,TA54,1,,0,,1,1_54/38006
1,12/061700001,,CV12,6,,0,,1,1_12/061700001
1,12/061700001M,,CV12,6,,0,,1,1_12/061700001M
1,12/061700001M2,,CV12,6,,0,,1,1_12/061700001M2
1,12/061700001M1,,CV12,6,,0,,1,1_12/061700001M1
1,02/147400002R,,TI02,2,,0,,1,1_02/147400002R
1,12/RF00001,,CV12,6,,0,,1,1_12/RF00001
1,02/147400001R,,TI02,2,,0,,1,1_02/147400001R
1,02/09296R,,TI02,2,,0,,1,1_02/09296R
1,02/08862B,,TI02,2,,0,,1,1_02/08862B
1,02/08862BM,,TI02,2,,0,,1,1_02/08862BM
1,PR/0999/0001,,TA01,1,,0,,1,1_PR/0999/0001
1,01/09622,,TA01,1,,0,,1,1_01/09622
1,01/040030970,,TA01,1,,0,,1,1_01/040030970
1,PR/0234/0003,,TI02,2,,0,,1,1_PR/0234/0003
1,01/040030970B,,TA01,1,,0,,1,1_01/040030970B
1,01/09623,,TA01,1,,0,,1,1_01/09623
1,PR/2013/0003,,TI02,2,,0,,1,1_PR/2013/0003
1,PR/2013/0004,,TI02,2,,0,,1,1_PR/2013/0004
1,PR/2013/0005,,TI02,2,,0,,1,1_PR/2013/0005
1,01/0403D0650,,TA01,1,,0,,1,1_01/0403D0650
1,01/0403D0950,,TA01,1,,0,,1,1_01/0403D0950
1,02/09556,,TI02,2,,0,,1,1_02/09556
1,02/09582,,TI02,2,,0,,1,1_02/09582
1,02/09582M,,TI02,2,,0,,1,1_02/09582M
1,02/09558,,TI02,2,,0,,1,1_02/09558
1,02/09558R,,TI02,2,,0,,1,1_02/09558R
1,02/09559R,,TI02,2,,0,,1,1_02/09559R
1,02/09560R,,TI02,2,,0,,1,1_02/09560R
1,PR/2013/0006,,TI02,2,,0,,1,1_PR/2013/0006
1,02/09561,,TI02,2,,0,,1,1_02/09561
1,02/09561M,,TI02,2,,0,,1,1_02/09561M
1,11/40108,,TA11,1,,0,,1,1_11/40108
1,PR/0006/0001,,TI02,2,,0,,1,1_PR/0006/0001
1,PR/0006/0002,,TI02,2,,0,,1,1_PR/0006/0002
1,PR/0006/0003,,TI02,2,,0,,1,1_PR/0006/0003
1,PR/0006/0004,,TI02,2,,0,,1,1_PR/0006/0004
1,04/33955,,PL04,4,,0,,1,1_04/33955
1,PR/2013/0007,,TI02,2,,0,,1,1_PR/2013/0007
1,PR/1474/0004,,TI02,2,,0,,1,1_PR/1474/0004
1,PR/1144/0005,,TA01,1,,0,,1,1_PR/1144/0005
1,PR/1144/0006,,TA01,1,,0,,1,1_PR/1144/0006
1,02/09562,,TI02,2,,0,,1,1_02/09562
1,02/09563,,TI02,2,,0,,1,1_02/09563
1,02/09415,,TI02,2,,0,,1,1_02/09415
1,PR/0677/0013,,TI02,2,,0,,1,1_PR/0677/0013
1,PR/0677/0014,,TI02,2,,0,,1,1_PR/0677/0014
1,02/09564,,TI02,2,,0,,1,1_02/09564
1,01/09623R,,TA01,1,,0,,1,1_01/09623R
1,PR/0677/0015,,TA01,1,,,,1,1_PR/0677/0015
1,PR/0677/0016,,TA01,1,,,,1,1_PR/0677/0016
1,PR/0677/0017,,TA01,1,,,,1,1_PR/0677/0017
1,PR/0677/0018,,TA01,1,,,,1,1_PR/0677/0018
1,03/1431105,,CA03,3,,0,,1,1_03/1431105
1,01/09624,,TA01,1,,0,,1,1_01/09624
1,01/09625,,TA01,1,,0,,1,1_01/09625
1,01/09624M,,TA01,1,,0,,1,1_01/09624M
1,01/09625M,,TA01,1,,0,,1,1_01/09625M
1,PR/1358/0004,,TA01,1,,0,,1,1_PR/1358/0004
1,PR/0677/0019,,TI02,2,,0,,1,1_PR/0677/0019
1,04/33258,,PL04,4,,0,,1,1_04/33258
1,04/040100001,,PL04,4,,0,,1,1_04/040100001
1,04/040100001M,,PL04,4,,0,,1,1_04/040100001M
1,PR/1419/0001,,TA01,1,,0,,1,1_PR/1419/0001
1,PR/1634/0001,,TI02,2,,0,,1,1_PR/1634/0001
1,PR/0013/0005,,TI02,2,,0,,1,1_PR/0013/0005
1,PR/1007/0020,,TA01,1,,0,,1,1_PR/1007/0020
1,02/09565,,TI02,2,,0,,1,1_02/09565
1,02/09566,,TI02,2,,0,,1,1_02/09566
1,PR/1529/0001,,TI02,2,,0,,1,1_PR/1529/0001
1,PR/1529/0002,,TI02,2,,0,,1,1_PR/1529/0002
1,PR/1629/0009,,TI02,2,,0,,1,1_PR/1629/0009
1,PR/1629/0009-A,,TI02,2,,0,,1,1_PR/1629/0009-A
1,PR/ZAFI/0001,,TA01,1,,0,,1,1_PR/ZAFI/0001
1,01/085061040,,TA01,1,,0,,1,1_01/085061040
1,01/09626,,TA01,1,,0,,1,1_01/09626
1,PR/1529/0001-A,,TI02,2,,0,,1,1_PR/1529/0001-A
1,01/040030670,,TA01,1,,0,,1,1_01/040030670
1,01/040030580,,TA01,1,,0,,1,1_01/040030580
1,02/09567,,TI02,2,,0,,1,1_02/09567
1,PR/1286/0003,,TA01,1,,0,,1,1_PR/1286/0003
1,PR/MATRIC/0001,,PL04,4,,0,,1,1_PR/MATRIC/0001
1,PR/1600/0009,,TA01,1,,0,,1,1_PR/1600/0009
1,01/09627,,TA01,1,,0,,1,1_01/09627
1,03/00297,,CA03,3,,0,,1,1_03/00297
1,03/00297M,,CA03,3,,0,,1,1_03/00297M
1,01/07790,,TA01,1,,0,,1,1_01/07790
1,01/085061125,,TA01,1,,0,,1,1_01/085061125
1,PR/0172/0001,,TI02,2,,0,,1,1_PR/0172/0001
1,PR/0172/0002,,TA01,1,,0,,1,1_PR/0172/0002
1,04/161000001,,PL04,4,,0,,1,1_04/161000001
1,02/09548R,,TI02,2,,0,,1,1_02/09548R
1,02/09534R,,TI02,2,,0,,1,1_02/09534R
1,02/09523R,,TI02,2,,0,,1,1_02/09523R
1,02/09533R,,TI02,2,,0,,1,1_02/09533R
1,PR/1047/0006,,TA01,1,,0,,1,1_PR/1047/0006
1,PR/1047/0007,,TA01,1,,0,,1,1_PR/1047/0007
1,PR/1047/0008,,TA01,1,,0,,1,1_PR/1047/0008
1,PR/1047/0009,,TA01,1,,0,,1,1_PR/1047/0009
1,PR/1047/0010,,TA01,1,,0,,1,1_PR/1047/0010
1,PR/1047/0011,,TA01,1,,0,,1,1_PR/1047/0011
1,03/2421092,,CA03,3,,0,,1,1_03/2421092
1,PR/1552/0001,,TA01,1,,0,,1,1_PR/1552/0001
1,PR/1007/0021,,TA01,1,,0,,1,1_PR/1007/0021
1,PR/1552/0002,,TA01,1,,0,,1,1_PR/1552/0002
1,01/09452A,,TA01,1,,0,,1,1_01/09452A
1,PR/1203/0005,,TI02,2,,0,,1,1_PR/1203/0005
1,PR/1203/0005-A,,TI02,2,,0,,1,1_PR/1203/0005-A
1,PR/1284/0001,,CV12,6,,0,,1,1_PR/1284/0001
1,PR/MARTIN/0001,,TA01,1,,0,,1,1_PR/MARTIN/0001
1,PR/1519/0001,,TI02,2,,0,,1,1_PR/1519/0001
1,01/09356R,,TA01,1,,0,,1,1_01/09356R
1,01/09629,,TA01,1,,0,,1,1_01/09629
1,01/09630,,TA01,1,,0,,1,1_01/09630
1,PR/0267/0025,,TI02,2,,0,,1,1_PR/0267/0025
1,56/00050B,,TA56,1,,0,,1,1_56/00050B
1,56/99991,,TA56,1,,0,,1,1_56/99991
1,56/00080B,,TA56,1,,0,,1,1_56/00080B
1,01/09631,,TA01,1,,0,,1,1_01/09631
1,PR/0042/0001,,TA01,1,,0,,1,1_PR/0042/0001
1,02/09569,,TI02,2,,0,,1,1_02/09569
1,12/5422071,,CV12,6,,0,,1,1_12/5422071
1,PR/1307/0001,,TI02,2,,0,,1,1_PR/1307/0001
1,PR/0042/0002,,TA01,1,,0,,1,1_PR/0042/0002
1,PR/0042/0003,,TA01,1,,0,,1,1_PR/0042/0003
1,01/0870201,,TA01,1,,0,,1,1_01/0870201
1,01/09632,,TA01,1,,0,,1,1_01/09632
1,53/38012,,TA53,1,,0,,1,1_53/38012
1,53/38020,,TA53,1,,0,,1,1_53/38020
1,53/36030,,TA53,1,,0,,1,1_53/36030
1,53/38030,,TA53,1,,0,,1,1_53/38030
1,02/09568,,TI02,2,,0,,1,1_02/09568
1,02/09568M,,TI02,2,,0,,1,1_02/09568M
1,53/311020,,TA53,1,,0,,1,1_53/311020
1,53/33512,,TA53,1,,0,,1,1_53/33512
1,02/09570,,TI02,2,,0,,1,1_02/09570
1,PR/1024/0004,,TI02,2,,0,,1,1_PR/1024/0004
1,02/09571,,TI02,2,,0,,1,1_02/09571
1,02/09389R,,TI02,2,,0,,1,1_02/09389R
1,02/09387R,,TI02,2,,0,,1,1_02/09387R
1,PR/0013/0027,,TA01,1,,0,,1,1_PR/0013/0027
1,PR/1047/0006A,,TA01,1,,0,,1,1_PR/1047/0006A
1,PR/1047/0007A,,TA01,1,,0,,1,1_PR/1047/0007A
1,PR/1047/0008A,,TA01,1,,0,,1,1_PR/1047/0008A
1,PR/1047/0009A,,TA01,1,,0,,1,1_PR/1047/0009A
1,PR/1047/0010A,,TA01,1,,0,,1,1_PR/1047/0010A
1,PR/1047/0011A,,TA01,1,,0,,1,1_PR/1047/0011A
1,PR/0619/0001,,TA01,1,,0,,1,1_PR/0619/0001
1,10/1806014,,TI10,2,,0,,1,1_10/1806014
1,PR/1007/0022,,TA01,1,,0,,1,1_PR/1007/0022
1,01/09633,,TA01,1,,0,,1,1_01/09633
1,02/09572,,TI02,2,,0,,1,1_02/09572
1,02/09573,,TI02,2,,0,,1,1_02/09573
1,02/09574,,TI02,2,,0,,1,1_02/09574
1,02/09575,,TI02,2,,0,,1,1_02/09575
1,PR/INDAX/0001,,TI02,2,,0,,1,1_PR/INDAX/0001
1,PR/0904/0002,,TA01,1,,0,,1,1_PR/0904/0002
1,01/09634,,TA01,1,,0,,1,1_01/09634
1,01/09635,,TA01,1,,0,,1,1_01/09635
1,02/09355A,,TI02,2,,0,,1,1_02/09355A
1,02/09576,,TI02,2,,0,,1,1_02/09576
1,04/164000001,,PL04,1,,0,,1,1_04/164000001
1,70/1403550700,,TA70,1,,0,,1,1_70/1403550700
1,01/09635M,,TA01,1,,0,,1,1_01/09635M
1,03/00298,,CA03,3,,0,,1,1_03/00298
1,12/2530121R,,CV12,6,,0,,1,1_12/2530121R
1,PR/0042/0002A,,TA01,1,,0,,1,1_PR/0042/0002A
1,PR/0042/0003A,,TA01,1,,0,,1,1_PR/0042/0003A
1,03/00298M,,CA03,3,,0,,1,1_03/00298M
1,02/07830A,,TI02,2,,0,,1,1_02/07830A
1,PR/1639/0001,,TI02,2,,0,,1,1_PR/1639/0001
1,02/09572M1,,TI02,2,,0,,1,1_02/09572M1
1,02/09486M1,,TI02,2,,0,,1,1_02/09486M1
1,02/08285R,,TI02,2,,0,,1,1_02/08285R
1,12/80869,,CV12,6,,0,,1,1_12/80869
1,55/40401MP,,TI55,2,,0,,1,1_55/40401MP
1,PR/1641/0001,,TA01,1,,0,,1,1_PR/1641/0001
1,PR/1641/0002,,TA01,1,,0,,1,1_PR/1641/0002
1,13/10503,,CA13,3,,0,,1,1_13/10503
1,PR/1007/0023,,TA01,1,,0,,1,1_PR/1007/0023
1,PR/1144/0007,,TA01,1,,0,,1,1_PR/1144/0007
1,PR/0301/0010,,TA01,1,,0,,1,1_PR/0301/0010
1,PR/FIT/0001,,PL04,4,,0,,1,1_PR/FIT/0001
1,02/09577,,TI02,2,,0,,1,1_02/09577
1,01/09636,,TA01,1,,0,,1,1_01/09636
1,01/09632-5,,TA01,1,,0,,1,1_01/09632-5
1,01/09632-6,,TA01,1,,0,,1,1_01/09632-6
1,01/09632-7,,TA01,1,,0,,1,1_01/09632-7
1,01/09632-8,,TA01,1,,0,,1,1_01/09632-8
1,01/09632-9,,TA01,1,,0,,1,1_01/09632-9
1,01/09632-10,,TA01,1,,0,,1,1_01/09632-10
1,01/09632-11,,TA01,1,,0,,1,1_01/09632-11
1,01/09632-17,,TA01,1,,0,,1,1_01/09632-17
1,01/09632-65,,TA01,1,,0,,1,1_01/09632-65
1,01/09632-27,,TA01,1,,0,,1,1_01/09632-27
1,01/09632-42,,TA01,1,,0,,1,1_01/09632-42
1,01/09632-43,,TA01,1,,0,,1,1_01/09632-43
1,01/09632-44,,TA01,1,,0,,1,1_01/09632-44
1,01/09632-45,,TA01,1,,0,,1,1_01/09632-45
1,01/09632-50,,TA01,1,,0,,1,1_01/09632-50
1,01/09632-60,,TA01,1,,0,,1,1_01/09632-60
1,12/925081,,CV12,6,,0,,1,1_12/925081
1,12/925081M,,CV12,6,,0,,1,1_12/925081M
1,01/09632-4,,TA01,1,,0,,1,1_01/09632-4
1,01/09632-22,,TA01,1,,0,,1,1_01/09632-22
1,01/09632-23,,TA01,1,,0,,1,1_01/09632-23
1,01/09632-37,,TA01,1,,0,,1,1_01/09632-37
1,01/09632-61,,TA01,1,,0,,1,1_01/09632-61
1,01/09632-62,,TA01,1,,0,,1,1_01/09632-62
1,02/09578,,TI02,2,,0,,1,1_02/09578
1,02/07830AR,,TI02,2,,0,,1,1_02/07830AR
1,PR/1310/0001,,PL04,4,,0,,1,1_PR/1310/0001
1,01/09632-12,,TA01,1,,0,,1,1_01/09632-12
1,01/09632-13,,TA01,1,,0,,1,1_01/09632-13
1,01/09632-14,,TA01,1,,0,,1,1_01/09632-14
1,01/09632-15,,TA01,1,,0,,1,1_01/09632-15
1,01/09632-16,,TA01,1,,0,,1,1_01/09632-16
1,01/09632-18,,TA01,1,,0,,1,1_01/09632-18
1,01/09632-19,,TA01,1,,0,,1,1_01/09632-19
1,01/09632-20,,TA01,1,,0,,1,1_01/09632-20
1,01/09632-21,,TA01,1,,0,,1,1_01/09632-21
1,01/09632-24,,TA01,1,,0,,1,1_01/09632-24
1,01/09632-25,,TA01,1,,0,,1,1_01/09632-25
1,01/09632-26,,TA01,1,,0,,1,1_01/09632-26
1,01/09632-29,,TA01,1,,0,,1,1_01/09632-29
1,01/09632-39,,TA01,1,,0,,1,1_01/09632-39
1,01/09632-40,,TA01,1,,0,,1,1_01/09632-40
1,01/09632-41,,TA01,1,,0,,1,1_01/09632-41
1,01/09632-46,,TA01,1,,0,,1,1_01/09632-46
1,01/09632-47,,TA01,1,,0,,1,1_01/09632-47
1,01/09632-63,,TA01,1,,0,,1,1_01/09632-63
1,01/09632-99,,TA01,1,,0,,1,1_01/09632-99
1,01/09632-95,,TA01,1,,0,,1,1_01/09632-95
1,PR/0267/0026,,TI02,2,,0,,1,1_PR/0267/0026
1,02/08495AR,,TI02,2,,0,,1,1_02/08495AR
1,53/38025,,TA53,3,,0,,1,1_53/38025
1,53/34520,,TA53,1,,0,,1,1_53/34520
1,12/PG05014,,CV12,6,,0,,1,1_12/PG05014
1,02/09581,,TI02,2,,0,,1,1_02/09581
1,02/09581M,,TI02,2,,0,,1,1_02/09581M
1,02/09580,,TI02,2,,0,,1,1_02/09580
1,02/09580M,,TI02,2,,0,,1,1_02/09580M
1,01/10173,,TA01,1,,0,,1,1_01/10173
1,02/09579M,,TI02,2,,0,,1,1_02/09579M
1,02/09557,,TI02,2,,0,,1,1_02/09557
1,02/08495AM1,,TI02,2,,0,,1,1_02/08495AM1
1,02/09386M1,,TI02,2,,0,,1,1_02/09386M1
1,02/09385M1,,TI02,2,,0,,1,1_02/09385M1
1,PR/0104/0001,,TI02,2,,0,,1,1_PR/0104/0001
1,PR/0104/0002,,TI02,2,,0,,1,1_PR/0104/0002
1,PR/0104/0003,,TI02,2,,0,,1,1_PR/0104/0003
1,12/90030R,,CV12,6,,0,,1,1_12/90030R
1,02/09583,,TI02,2,,0,,1,1_02/09583
1,PR/1641/0003,,TA01,1,,0,,1,1_PR/1641/0003
1,PR/1641/0004,,TA01,1,,0,,1,1_PR/1641/0004
1,04/34104,,PL04,4,,0,,1,1_04/34104
1,02/09584,,TI02,2,,0,,1,1_02/09584
1,PR/1641/0005,,TA01,1,,0,,1,1_PR/1641/0005
1,PR/1641/0006,,TA01,1,,0,,1,1_PR/1641/0006
1,PR/1641/0007,,TA01,1,,0,,1,1_PR/1641/0007
1,04/33956,,PL04,4,,0,,1,1_04/33956
1,PR/0267/0027,,TI02,2,,0,,1,1_PR/0267/0027
1,PR/0267/0028,,TI02,2,,0,,1,1_PR/0267/0028
1,PR/1642/0001,,TA01,1,,0,,1,1_PR/1642/0001
1,01/09637,,TA01,1,,0,,1,1_01/09637
1,PR/0301/0011,,TA01,1,,0,,1,1_PR/0301/0011
1,02/09585,,TI02,2,,0,,1,1_02/09585
1,02/09586,,TI02,2,,0,,1,1_02/09586
1,12/PP00085,,CV12,6,,0,,1,1_12/PP00085
1,03/5521090,,CA03,3,,0,,1,1_03/5521090
1,PR/0234/0004,,TA01,1,,0,,1,1_PR/0234/0004
1,10/01002A,,TI10,2,,0,,1,1_10/01002A
1,PR/1645/0003,,TA01,1,,0,,1,1_PR/1645/0003
1,PR/1645/0004,,TA01,1,,0,,1,1_PR/1645/0004
1,01/09647,,TA01,1,,0,,1,1_01/09647
1,PR/1645/0001,,TA01,1,,0,,1,1_PR/1645/0001
1,03/1531075,,CA03,3,,0,,1,1_03/1531075
1,01/09639,,TA01,1,,0,,1,1_01/09639
1,01/09640,,TA01,1,,0,,1,1_01/09640
1,01/09641,,TA01,1,,0,,1,1_01/09641
1,01/09642,,TA01,1,,0,,1,1_01/09642
1,51/715152,,TA51,1,,0,,1,1_51/715152
1,12/5530103,,CV12,6,,0,,1,1_12/5530103
1,03/00122BM,,CA03,3,,0,,1,1_03/00122BM
1,02/09923R,,TI02,2,,0,,1,1_02/09923R
1,02/09587,,TI02,2,,0,,1,1_02/09587
1,02/09587M,,TI02,2,,0,,1,1_02/09587M
1,12/023400001,,CV12,6,,0,,1,1_12/023400001
1,03/2421095,,CA03,3,,0,,1,1_03/2421095
1,PR/0301/0012,,TA01,1,,0,,1,1_PR/0301/0012
1,PR/1645/0002,,TA01,1,,0,,1,1_PR/1645/0002
1,01/09646,,TA01,1,,0,,1,1_01/09646
1,PR/1645/0005,,TA01,1,,0,,1,1_PR/1645/0005
1,PR/1645/0007,,TA01,1,,0,,1,1_PR/1645/0007
1,PR/1315/0001,,TA01,1,,0,,1,1_PR/1315/0001
1,PR/1315/0002,,TA01,1,,0,,1,1_PR/1315/0002
1,01/0946001,,TA01,1,,0,,1,1_01/0946001
1,PR/1439/0004,,TA01,1,,0,,1,1_PR/1439/0004
1,PR/1315/0003,,TA01,1,,0,,1,1_PR/1315/0003
1,PR/1315/0004,,TA01,1,,0,,1,1_PR/1315/0004
1,PR/1439/0005,,TA01,1,,0,,1,1_PR/1439/0005
1,PR/1474/0005,,TI02,2,,0,,1,1_PR/1474/0005
1,10/052121,,TA11,1,,0,,1,1_10/052121
1,PR/1439/0005-A,,TA01,1,,0,,1,1_PR/1439/0005-A
1,02/09588,,TI02,2,,0,,1,1_02/09588
1,02/09589,,TI02,2,,0,,1,1_02/09589
1,02/09590,,TI02,2,,0,,1,1_02/09590
1,02/09591,,TI02,2,,0,,1,1_02/09591
1,02/09592,,TI02,2,,0,,1,1_02/09592
1,02/09593,,TI02,2,,0,,1,1_02/09593
1,PR/1050/0003,,TI02,2,,0,,1,1_PR/1050/0003
1,01/040030450,,TA01,1,,0,,1,1_01/040030450
1,01/10308,,TA01,1,,0,,1,1_01/10308
1,02/09594,,TI02,2,,0,,1,1_02/09594
1,02/09595,,TI02,2,,0,,1,1_02/09595
1,.BATA,,AVCTA,0,,0,,1,1_.BATA
1,12/PG01006A,,CV12,6,,0,,1,1_12/PG01006A
1,12/PG01006A06,,CV12,6,,0,,1,1_12/PG01006A06
1,01/09648,,TA01,1,,0,,1,1_01/09648
1,01/09638,,TA01,1,,0,,1,1_01/09638
1,12/5225071,,CV12,6,,0,,1,1_12/5225071
1,01/09649,,TA01,1,,0,,1,1_01/09649
1,PR/0240/0006-A,,TA01,1,,0,,1,1_PR/0240/0006-A
1,PR/1559/0001,,TA01,1,,0,,1,1_PR/1559/0001
1,57/10025,,TA57,1,,0,,1,1_57/10025
1,57/10030,,TA57,1,,0,,1,1_57/10030
1,57/38020,,TA57,1,,0,,1,1_57/38020
1,PR/1557/0014,,TI02,2,,0,,1,1_PR/1557/0014
1,56/33008,,TA56,1,,0,,1,1_56/33008
1,56/31203,,TA56,1,,0,,1,1_56/31203
1,56/10005,,TA56,1,,0,,1,1_56/10005
1,56/00190,,TA56,1,,0,,1,1_56/00190
1,56/00200,,TA56,1,,0,,1,1_56/00200
1,56/34005,,TA56,1,,0,,1,1_56/34005
1,58/36040,,TA58,1,,0,,1,1_58/36040
1,01/09650,,TA01,1,,0,,1,1_01/09650
1,02/09597,,TI02,2,,0,,1,1_02/09597
1,02/09597M,,TI02,2,,0,,1,1_02/09597M
1,02/09597M1,,TI02,2,,0,,1,1_02/09597M1
1,12/80870,,CV12,6,,0,,1,1_12/80870
1,01/0930701A,,TA01,1,,0,,1,1_01/0930701A
1,02/09584R,,TI02,2,,0,,1,1_02/09584R
1,53/31505,,TA53,1,,0,,1,1_53/31505
1,53/33003,,TA53,1,,0,,1,1_53/33003
1,53/00090,,TA53,1,,0,,1,1_53/00090
1,53/40025,,TA53,1,,0,,1,1_53/40025
1,53/62720,,TA53,1,,0,,1,1_53/62720
1,54/310006,,TA54,1,,0,,1,1_54/310006
1,54/780808,,TA54,1,,0,,1,1_54/780808
1,54/63815,,TA54,1,,0,,1,1_54/63815
1,54/61917,,TA54,1,,0,,1,1_54/61917
1,12/80989,,CV12,6,,0,,1,1_12/80989
1,01/09651,,TA01,1,,0,,1,1_01/09651
1,01/09652,,TA01,1,,0,,1,1_01/09652
1,51/37008,,TA51,1,,0,,1,1_51/37008
1,51/34004,,TA51,1,,0,,1,1_51/34004
1,51/34012,,TA51,1,,0,,1,1_51/34012
1,51/34008,,TA51,1,,0,,1,1_51/34008
1,51/33006,,TA51,1,,0,,1,1_51/33006
1,51/33008,,TA51,1,,0,,1,1_51/33008
1,51/35006,,TA51,1,,0,,1,1_51/35006
1,51/35015,,TA51,1,,0,,1,1_51/35015
1,51/36008,,TA51,1,,0,,1,1_51/36008
1,02/09596M,,TI02,2,,0,,1,1_02/09596M
1,51/310008,,TA51,1,,0,,1,1_51/310008
1,51/39008,,TA51,1,,0,,1,1_51/39008
1,51/38008,,TA51,1,,0,,1,1_51/38008
1,51/36006,,TA51,1,,0,,1,1_51/36006
1,51/32506,,TA51,1,,0,,1,1_51/32506
1,54/40020,,TA54,1,,0,,1,1_54/40020
1,10/052671,,TA11,2,,0,,1,1_10/052671
1,55/601110M,,TI55,2,,0,,1,1_55/601110M
1,PR/1682/0002,,TI02,2,,0,,1,1_PR/1682/0002
1,PR/1358/0005,,TA01,1,,0,,1,1_PR/1358/0005
1,PR/1525/0001,,TA01,1,,0,,1,1_PR/1525/0001
1,PR/0048/0005,,TA01,1,,0,,1,1_PR/0048/0005
1,PR/1315/0002A,,TA01,1,,0,,1,1_PR/1315/0002A
1,PR/0048/0006,,TA01,1,,0,,1,1_PR/0048/0006
1,01/09651A,,TA01,1,,0,,1,1_01/09651A
1,04/063200001,,PL04,4,,0,,1,1_04/063200001
1,PR/0331/0002,,TI02,2,,0,,1,1_PR/0331/0002
1,PR/0331/0003,,TI02,2,,0,,1,1_PR/0331/0003
1,02/1070308,,TI02,2,,0,,1,1_02/1070308
1,01/09652A,,TA01,1,,0,,1,1_01/09652A
1,02/09598R,,TI02,2,,0,,1,1_02/09598R
1,10/06045,,TI10,2,,0,,1,1_10/06045
1,10/06045M,,TI10,2,,0,,1,1_10/06045M
1,PR/0493/0008,,TA01,1,,0,,1,1_PR/0493/0008
1,PR/0617/0022,,TI02,2,,0,,1,1_PR/0617/0022
1,PR/0617/0023,,TI02,2,,0,,1,1_PR/0617/0023
1,PR/1564/0012,,TI02,2,,0,,1,1_PR/1564/0012
1,01/09789A,,TA01,1,,0,,1,1_01/09789A
1,12/70215,,CV12,6,,0,,1,1_12/70215
1,PR/0617/0024,,TI02,2,,0,,1,1_PR/0617/0024
1,PR/0617/0024-A,,TI02,2,,0,,1,1_PR/0617/0024-A
1,PR/0617/0025,,TI02,2,,0,,1,1_PR/0617/0025
1,PR/1445/0003,,TI02,2,,0,,1,1_PR/1445/0003
1,01/09653,,TA01,1,,0,,1,1_01/09653
1,01/09654,,TA01,1,,0,,1,1_01/09654
1,02/09601,,TI02,2,,0,,1,1_02/09601
1,10/00593,,TI10,2,,0,,1,1_10/00593
1,02/09603,,TI02,2,,0,,1,1_02/09603
1,02/09603M,,TI02,2,,,,1,1_02/09603M
1,PR/1445/0004,,TA01,1,,0,,1,1_PR/1445/0004
1,PR/ELNA/0001,,CA03,3,,0,,1,1_PR/ELNA/0001
1,PR/1007/0024,,TI02,2,,0,,1,1_PR/1007/0024
1,03/00299,,CA03,3,,0,,1,1_03/00299
1,03/00299M,,CA03,3,,0,,1,1_03/00299M
1,13/10801,,CA03,3,,0,,1,1_13/10801
1,13/10801M,,CA13,3,,0,,1,1_13/10801M
1,12/PG02016,,CV12,6,,0,,1,1_12/PG02016
1,02/09604,,TI02,2,,0,,1,1_02/09604
1,02/09605,,TI02,2,,0,,1,1_02/09605
1,02/09604M,,TI02,2,,0,,1,1_02/09604M
1,02/09605M,,TI02,2,,0,,1,1_02/09605M
1,PR/1490/0001,,PL04,4,,0,,1,1_PR/1490/0001
1,PR/1024/0005,,TA01,1,,0,,1,1_PR/1024/0005
1,PR/0301/0013,,TI02,2,,0,,1,1_PR/0301/0013
1,PR/0301/0014,,TI02,2,,0,,1,1_PR/0301/0014
1,01/09655,,TA01,1,,0,,1,1_01/09655
1,01/09655M,,TA01,1,,0,,1,1_01/09655M
1,PR/ANTE/0001,,TI02,2,,0,,1,1_PR/ANTE/0001
1,PR/ANTE/0002,,TI02,2,,0,,1,1_PR/ANTE/0002
1,03/2421100,,CA03,3,,0,,1,1_03/2421100
1,PR/0145/0001,,TA01,1,,0,,1,1_PR/0145/0001
1,PR/0145/0002,,TA01,1,,0,,1,1_PR/0145/0002
1,PR/0145/0003,,TA01,1,,0,,1,1_PR/0145/0003
1,PR/0145/0004,,TA01,1,,0,,1,1_PR/0145/0004
1,PR/0145/0005,,TA01,1,,0,,1,1_PR/0145/0005
1,PR/0145/0006,,TA01,1,,0,,1,1_PR/0145/0006
1,12/70216,,CV12,6,,0,,1,1_12/70216
1,12/EG00002,,CV12,6,,0,,1,1_12/EG00002
1,01/09656,,TA01,1,,0,,1,1_01/09656
1,01/09657,,TA01,1,,0,,1,1_01/09657
1,01/09658,,TA01,1,,0,,1,1_01/09658
1,01/09659,,TA01,1,,0,,1,1_01/09659
1,01/09660,,TA01,1,,0,,1,1_01/09660
1,01/09661,,TA01,1,,0,,1,1_01/09661
1,02/08401R,,TI02,2,,0,,1,1_02/08401R
1,03/00300,,CA03,3,,0,,1,1_03/00300
1,03/00300M,,CA03,3,,0,,1,1_03/00300M
1,02/10497,,TI02,2,,0,,1,1_02/10497
1,PR/2013/0008,,TI02,2,,0,,1,1_PR/2013/0008
1,02/09606,,TI02,2,,0,,1,1_02/09606
1,02/09606M,,TI02,2,,0,,1,1_02/09606M
1,01/0966001,,TA01,1,,0,,1,1_01/0966001
1,12/5130091,,CV12,6,,0,,1,1_12/5130091
1,01/09662,,TA01,1,,0,,1,1_01/09662
1,01/09663,,TA01,1,,0,,1,1_01/09663
1,12/XG320023,,CV12,6,,0,,1,1_12/XG320023
1,PR/MESM/0001,,TI02,2,,0,,1,1_PR/MESM/0001
1,02/09170,,TI02,2,,0,,1,1_02/09170
1,02/09608M,,TI02,2,,0,,1,1_02/09608M
1,02/09524A,,TI02,2,,0,,1,1_02/09524A
1,02/09609M,,TI02,2,,0,,1,1_02/09609M
1,01/09664,,TA01,1,,0,,1,1_01/09664
1,01/09665,,TA01,1,,0,,1,1_01/09665
1,01/09666,,TA01,1,,0,,1,1_01/09666
1,01/09667,,TA01,1,,0,,1,1_01/09667
1,10/00406,,TI10,2,,0,,1,1_10/00406
1,03/1631185,,CA03,3,,0,,1,1_03/1631185
1,12/250503,,CV12,6,,0,,1,1_12/250503
1,PR/0617/0026,,TI02,2,,0,,1,1_PR/0617/0026
1,12/80872,,CV12,6,,0,,1,1_12/80872
1,03/00301,,CA03,3,,0,,1,1_03/00301
1,US.015-P,,YMA-US,1,,0,,1,1_US.015-P
1,02/09610,,TI02,2,,0,,1,1_02/09610
1,10/10284,,TI10,2,,0,,1,1_10/10284
1,01/09668,,TA01,1,,0,,1,1_01/09668
1,01/050041500,,TA01,1,,0,,1,1_01/050041500
1,01/050043000,,TA01,1,,0,,1,1_01/050043000
1,PR/1007/0095,,TA01,1,,0,,1,1_PR/1007/0095
1,12/80873,,CV12,6,,0,,1,1_12/80873
1,02/09611,,TI02,2,,0,,1,1_02/09611
1,02/09611R,,TI02,2,,0,,1,1_02/09611R
1,02/09413M6,,TI02,2,,0,,1,1_02/09413M6
1,PR/0690/0001,,TI02,2,,0,,1,1_PR/0690/0001
1,PR/0617/0339-A,,TI02,2,,0,,1,1_PR/0617/0339-A
1,PR/0690/0003,,TI02,2,,0,,1,1_PR/0690/0003
1,12/80856B,,CV12,6,,0,,1,1_12/80856B
1,PR/1203/0006,,TI02,2,,0,,1,1_PR/1203/0006
1,PR/0267/0029,,TI02,2,,0,,1,1_PR/0267/0029
1,02/09612,,TI02,2,,0,,1,1_02/09612
1,PR/1007/0025,,TA01,1,,0,,1,1_PR/1007/0025
1,01/09670,,TA01,1,,0,,1,1_01/09670
1,PR/1007/0026,,TA01,1,,0,,1,1_PR/1007/0026
1,PR/0617/0027,,TI02,2,,0,,1,1_PR/0617/0027
1,02/09612M,,TI02,2,,0,,1,1_02/09612M
1,02/09612M1,,TI02,2,,0,,1,1_02/09612M1
1,01/09618R,,TA01,1,,0,,1,1_01/09618R
1,01/0961802,,TA01,1,,0,,1,1_01/0961802
1,01/09669,,TA01,1,,0,,1,1_01/09669
1,PR/0267/0029-A,,TI02,2,,0,,1,1_PR/0267/0029-A
1,02/09613R,,TI02,2,,0,,1,1_02/09613R
1,02/09613M,,TI02,2,,0,,1,1_02/09613M
1,70/7030715,,TA70,1,,0,,1,1_70/7030715
1,02/09884AR,,TI02,2,,0,,1,1_02/09884AR
1,02/09614,,TI02,2,,0,,1,1_02/09614
1,02/09615,,TI02,2,,0,,1,1_02/09615
1,02/09616,,TI02,2,,0,,1,1_02/09616
1,02/09617,,TI02,2,,0,,1,1_02/09617
1,02/09618,,TI02,2,,0,,1,1_02/09618
1,02/09619,,TI02,2,,0,,1,1_02/09619
1,02/09620,,TI02,2,,0,,1,1_02/09620
1,02/09621,,TI02,2,,0,,1,1_02/09621
1,02/09622,,TI02,2,,0,,1,1_02/09622
1,01/09669M9,,TA01,1,,0,,1,1_01/09669M9
1,PR/1515/0001,,TA01,1,,0,,1,1_PR/1515/0001
1,PR/1515/0002,,TA01,1,,0,,1,1_PR/1515/0002
1,PR/1149/0001,,PL04,4,,0,,1,1_PR/1149/0001
1,US.007,,YMA-US,1,,0,,1,1_US.007
1,PR/1515/0003,,TA01,1,,0,,1,1_PR/1515/0003
1,12/331006,,CV12,6,,0,,1,1_12/331006
1,01/09499B,,TA01,1,,0,,1,1_01/09499B
1,02/09624,,TI02,2,,0,,1,1_02/09624
1,01/09671,,TA01,1,,0,,1,1_01/09671
1,01/09671M,,TA01,1,,0,,1,1_01/09671M
1,PR/1149/0002,,PL04,4,,0,,1,1_PR/1149/0002
1,PR/1149/0003,,PL04,4,,0,,1,1_PR/1149/0003
1,PR/1149/0004,,PL04,4,,0,,1,1_PR/1149/0004
1,01/09666AR,,TA01,1,,0,,1,1_01/09666AR
1,01/09667AR,,TA01,1,,0,,1,1_01/09667AR
1,02/10846R,,TI02,2,,0,,1,1_02/10846R
1,PR/CYSE/0001,,PL04,4,,0,,1,1_PR/CYSE/0001
1,PR/CYSE/0002,,PL04,4,,0,,1,1_PR/CYSE/0002
1,PR/1567/0005,,TI02,2,,0,,1,1_PR/1567/0005
1,PR/1203/0006-A,,TI02,2,,0,,1,1_PR/1203/0006-A
1,01/09672,,TA01,1,,0,,1,1_01/09672
1,12/CF05005,,CV12,6,,0,,1,1_12/CF05005
1,PR/0267/0030,,TI02,2,,0,,1,1_PR/0267/0030
1,PR/0267/0030-A,,TI02,2,,0,,1,1_PR/0267/0030-A
1,03/00302,,CA03,3,,0,,1,1_03/00302
1,02/09626,,TI02,2,,0,,1,1_02/09626
1,01/09673,,TA01,1,,0,,1,1_01/09673
1,10/00132,,TI10,2,,0,,1,1_10/00132
1,04/165400001,,PL04,4,,0,,1,1_04/165400001
1,01/09671M1,,TA01,1,,0,,1,1_01/09671M1
1,PR/0690/0004,,TA01,1,,0,,1,1_PR/0690/0004
1,PR/2013/0009,,TI02,2,,0,,1,1_PR/2013/0009
1,PR/2013/0010,,TI02,2,,0,,1,1_PR/2013/0010
1,PR/2013/0010-A,,TI02,2,,0,,1,1_PR/2013/0010-A
1,PR/0690/0005,,TI02,2,,0,,1,1_PR/0690/0005
1,PR/0690/0006,,TI02,2,,0,,1,1_PR/0690/0006
1,PR/0690/0007,,TI02,2,,0,,1,1_PR/0690/0007
1,PR/0690/0008,,TI02,2,,0,,1,1_PR/0690/0008
1,PR/0690/0009,,TI02,2,,0,,1,1_PR/0690/0009
1,01/09666A,,TA01,1,,0,,1,1_01/09666A
1,01/09667A,,TA01,1,,0,,1,1_01/09667A
1,12/42150501,,CV12,6,,0,,1,1_12/42150501
1,PR/1445/0005,,TI02,2,,0,,1,1_PR/1445/0005
1,02/09627,,TI02,2,,0,,1,1_02/09627
1,PR/1653/0001,,TA01,1,,0,,1,1_PR/1653/0001
1,03/6221042,,CA03,3,,0,,1,1_03/6221042
1,PR/SROQUE/0002,,TI02,2,,0,,1,1_PR/SROQUE/0002
1,02/09628,,TI02,2,,0,,1,1_02/09628
1,02/09628M,,TI02,2,,0,,1,1_02/09628M
1,02/09629,,TI02,2,,0,,1,1_02/09629
1,02/09630,,TI02,2,,0,,1,1_02/09630
1,02/09630M,,TI02,2,,0,,1,1_02/09630M
1,01/09674,,TA01,1,,0,,1,1_01/09674
1,02/09592M1,,TI02,2,,0,,1,1_02/09592M1
1,02/09631,,TI02,2,,0,,1,1_02/09631
1,02/09632,,TI02,2,,0,,1,1_02/09632
1,02/09625,,TI02,2,,0,,1,1_02/09625
1,02/09625M,,TI02,2,,0,,1,1_02/09625M
1,PR/1446/0001,,TA01,1,,0,,1,1_PR/1446/0001
1,PR/0240/0003,,TA01,1,,0,,1,1_PR/0240/0003
1,PR/SROQUE/0001,,TI02,2,,0,,1,1_PR/SROQUE/0001
1,PR/0101/0001,,CA03,3,,0,,1,1_PR/0101/0001
1,12/80016,,CV12,6,,0,,1,1_12/80016
1,02/09633,,TI02,2,,0,,1,1_02/09633
1,02/09633M,,TI02,2,,0,,1,1_02/09633M
1,12/80002A,,CV12,6,,0,,1,1_12/80002A
1,12/80003A,,CV12,6,,0,,1,1_12/80003A
1,03/00303,,CA03,3,,0,,1,1_03/00303
1,03/00303M,,CA03,3,,0,,1,1_03/00303M
1,PR/1567/0012-A,,TA01,1,,0,,1,1_PR/1567/0012-A
1,02/09634,,TI02,2,,0,,1,1_02/09634
1,02/09634M,,TI02,2,,0,,1,1_02/09634M
1,02/09635,,TI02,2,,0,,1,1_02/09635
1,02/09635M,,TI02,2,,0,,1,1_02/09635M
1,12/3825081,,CV12,6,,0,,1,1_12/3825081
1,PR/0019/0001,,TI02,2,,0,,1,1_PR/0019/0001
1,PR/MIRE/0001,,TA01,1,,0,,1,1_PR/MIRE/0001
1,PR/MIRE/0002,,TA01,1,,0,,1,1_PR/MIRE/0002
1,PR/1002/0002,,TI02,2,,0,,1,1_PR/1002/0002
1,PR/1144/0026,,TI02,1,,0,,1,1_PR/1144/0026
1,02/10502AM,,TI02,2,,0,,1,1_02/10502AM
1,02/09638,,TI02,2,,0,,1,1_02/09638
1,02/09638M,,TI02,2,,0,,1,1_02/09638M
1,02/09639,,TI02,2,,0,,1,1_02/09639
1,02/09639M,,TI02,2,,0,,1,1_02/09639M
1,02/09640,,TI02,2,,0,,1,1_02/09640
1,02/09641,,TI02,2,,0,,1,1_02/09641
1,02/09641M,,TI02,2,,0,,1,1_02/09641M
1,PR/1629/0010,,TI02,2,,0,,1,1_PR/1629/0010
1,10/00587,,TI10,2,,0,,1,1_10/00587
1,PR/1272/0009,,TI02,2,,0,,1,1_PR/1272/0009
1,PR/1272/0009-A,,TA01,1,,0,,1,1_PR/1272/0009-A
1,PR/PIAT/0001,,TA01,1,,0,,1,1_PR/PIAT/0001
1,10/14630,,TI10,2,,0,,1,1_10/14630
1,PR/0235/0001,,TI02,2,,0,,1,1_PR/0235/0001
1,PR/0235/0001-A,,TI02,2,,0,,1,1_PR/0235/0001-A
1,PR/0104/0004-A,,TI02,2,,0,,1,1_PR/0104/0004-A
1,12/PP00086,,CV12,6,,0,,1,1_12/PP00086
1,12/PP00087,,CV12,6,,0,,1,1_12/PP00087
1,01/09675,,TA01,1,,0,,1,1_01/09675
1,01/09676,,TA01,1,,0,,1,1_01/09676
1,01/09677R,,TA01,1,,0,,1,1_01/09677R
1,PR/1272/0009-B,,TA01,1,,0,,1,1_PR/1272/0009-B
1,01/09876A,,TA01,1,,0,,1,1_01/09876A
1,10/11660M,,TI10,2,,0,,1,1_10/11660M
1,91/6000101,,XTA91,1,,0,,1,1_91/6000101
1,91/60003,,XTA91,1,,0,,1,1_91/60003
1,91/60015,,XTA91,1,,0,,1,1_91/60015
1,02/09636R,,TI02,2,,0,,1,1_02/09636R
1,PR/0670/0001,,TA01,1,,0,,1,1_PR/0670/0001
1,PR/MIRE/0002-A,,TA01,1,,0,,1,1_PR/MIRE/0002-A
1,91/6000302,,XTA91,1,,0,,1,1_91/6000302
1,91/6000102,,XTA91,1,,0,,1,1_91/6000102
1,91/6001502,,XTA91,1,,0,,1,1_91/6001502
1,PR/1643/0002,,TI02,2,,0,,1,1_PR/1643/0002
1,PR/1643/0001,,TI02,2,,0,,1,1_PR/1643/0001
1,PR/1403/0002,,TI02,2,,0,,1,1_PR/1403/0002
1,10/11610030,,TI10,2,,0,,1,1_10/11610030
1,PR/0880/0001,,CA03,3,,0,,1,1_PR/0880/0001
1,02/08845B,,TI02,2,,0,,1,1_02/08845B
1,02/08278M1,,TI02,2,,0,,1,1_02/08278M1
1,03/00448,,CA03,3,,0,,1,1_03/00448
1,PR/0104/0005,,TI02,2,,0,,1,1_PR/0104/0005
1,12/CD00001,,CV12,6,,0,,1,1_12/CD00001
1,12/CD00010,,CV12,6,,0,,1,1_12/CD00010
1,12/925081R,,CV12,6,,0,,1,1_12/925081R
1,12/925081RM,,CV12,6,,0,,1,1_12/925081RM
1,02/09866,,TI02,2,,0,,1,1_02/09866
1,PR/0690/0010,,TI02,2,,0,,1,1_PR/0690/0010
1,55/81608222M,,TI02,2,,0,,1,1_55/81608222M
1,PR/0301/0015,,TA01,1,,0,,1,1_PR/0301/0015
1,PR/1214/0001,,TA01,1,,0,,1,1_PR/1214/0001
1,PR/1214/0001-A,,TA01,1,,0,,1,1_PR/1214/0001-A
1,PR/1214/0002,,TA01,1,,0,,1,1_PR/1214/0002
1,PR/0401/0003,,PL04,4,,0,,1,1_PR/0401/0003
1,PR/0401/0004,,PL04,4,,0,,1,1_PR/0401/0004
1,PR/1403/0002-A,,TI02,2,,0,,1,1_PR/1403/0002-A
1,PR/1007/0027,,TI02,2,,0,,1,1_PR/1007/0027
1,PR/1007/0028,,TI02,2,,0,,1,1_PR/1007/0028
1,02/09643,,TI02,2,,0,,1,1_02/09643
1,02/09642,,TI02,2,,0,,1,1_02/09642
1,03/00304,,CA03,3,,0,,1,1_03/00304
1,12/301504701,,CV12,6,,0,,1,1_12/301504701
1,PR/0301/0016,,TA01,1,,0,,1,1_PR/0301/0016
1,PR/0235/0002R,,TI02,2,,0,,1,1_PR/0235/0002R
1,PR/0235/0002,,TI02,2,,0,,1,1_PR/0235/0002
1,03/1521085,,CA03,3,,0,,1,1_03/1521085
1,PR/0235/0003,,TI02,2,,0,,1,1_PR/0235/0003
1,02/09644,,TI02,2,,0,,1,1_02/09644
1,12/5220071,,CV12,6,,0,,1,1_12/5220071
1,02/09645,,TI02,2,,0,,1,1_02/09645
1,12/00501,,CV12,6,,0,,1,1_12/00501
1,10/13260,,TI10,2,,0,,1,1_10/13260
1,55/32010286,,TI55,2,,0,,1,1_55/32010286
1,PR/SROQ/0003,,TI02,2,,0,,1,1_PR/SROQ/0003
1,01/09678,,TA01,1,,0,,1,1_01/09678
1,02/09569R,,TI02,2,,0,,1,1_02/09569R
1,55/33215MP,,TI55,2,,0,,1,1_55/33215MP
1,10/00907,,TI02,2,,0,,1,1_10/00907
1,57/38015,,TA57,1,,0,,1,1_57/38015
1,01/09679,,TA01,1,,0,,1,1_01/09679
1,PR/1315/0001-A,,TI02,2,,0,,1,1_PR/1315/0001-A
1,01/09678A,,TA01,1,,0,,1,1_01/09678A
1,03/00078R,,CA03,3,,0,,1,1_03/00078R
1,01/09680,,TA01,1,,0,,1,1_01/09680
1,02/10576A01,,TI02,2,,0,,1,1_02/10576A01
1,03/00427M,,CA03,3,,0,,1,1_03/00427M
1,02/09646M2,,TI02,2,,0,,1,1_02/09646M2
1,02/09646M3,,TI02,2,,0,,1,1_02/09646M3
1,03/00305,,CA03,3,,0,,1,1_03/00305
1,02/09607,,TI02,2,,0,,1,1_02/09607
1,PR/MESM/0003,,TA01,1,,0,,1,1_PR/MESM/0003
1,PR/MESM/0002,,TA01,1,,0,,1,1_PR/MESM/0002
1,PR/1047/0012,,TI02,2,,0,,1,1_PR/1047/0012
1,PR/MESM/0004,,TA01,1,,0,,1,1_PR/MESM/0004
1,02/10660,,TI02,2,,0,,1,1_02/10660
1,02/09647,,TI02,2,,0,,1,1_02/09647
1,02/0964701,,TI02,2,,0,,1,1_02/0964701
1,01/09681,,TA01,1,,0,,1,1_01/09681
1,PR/1580/0004,,TI02,2,,0,,1,1_PR/1580/0004
1,01/09682,,TA01,1,,0,,1,1_01/09682
1,01/09683,,TA01,1,,0,,1,1_01/09683
1,01/100100600A,,TA01,1,,0,,1,1_01/100100600A
1,PR/1870/0016,,TI02,2,,0,,1,1_PR/1870/0016
1,02/07588R,,TI02,2,,0,,1,1_02/07588R
1,02/09648,,TI02,2,,0,,1,1_02/09648
1,02/09649,,TI02,2,,0,,1,1_02/09649
1,02/09650,,TI02,2,,0,,1,1_02/09650
1,02/09651,,TI02,2,,0,,1,1_02/09651
1,02/09651M,,TI02,2,,0,,1,1_02/09651M
1,02/09651M1,,TI02,2,,0,,1,1_02/09651M1
1,02/09652,,TI02,2,,0,,1,1_02/09652
1,02/09652M,,TI02,2,,0,,1,1_02/09652M
1,02/09653,,TI02,2,,0,,1,1_02/09653
1,02/09653M,,TI02,2,,0,,1,1_02/09653M
1,02/09654,,TI02,2,,0,,1,1_02/09654
1,02/09654M,,TI02,2,,0,,1,1_02/09654M
1,02/09655,,TI02,2,,0,,1,1_02/09655
1,02/09655M,,TI02,2,,0,,1,1_02/09655M
1,02/0941504,,TI02,2,,0,,1,1_02/0941504
1,02/0941506,,TI02,2,,0,,1,1_02/0941506
1,02/09656,,TI02,2,,0,,1,1_02/09656
1,02/09656M,,TI02,2,,0,,1,1_02/09656M
1,02/09642R,,TI02,2,,0,,1,1_02/09642R
1,01/09667BR,,TA01,1,,0,,1,1_01/09667BR
1,12/50109,,CV12,6,,0,,1,1_12/50109
1,PR/1007/0029,,TI02,2,,0,,1,1_PR/1007/0029
1,PR/1315/0005,,TA01,1,,0,,1,1_PR/1315/0005
1,PR/1315/0006,,TA01,1,,0,,1,1_PR/1315/0006
1,PR/1315/0007,,TA01,1,,0,,1,1_PR/1315/0007
1,PR/1315/0008,,TA01,1,,0,,1,1_PR/1315/0008
1,PR/1629/0011,,TI02,2,,0,,1,1_PR/1629/0011
1,PR/1439/0006,,TA01,1,,0,,1,1_PR/1439/0006
1,PR/1439/0006-A,,TA01,1,,0,,1,1_PR/1439/0006-A
1,02/09645R,,TI02,2,,0,,1,1_02/09645R
1,26/002062,,TA26,2,,0,,1,1_26/002062
1,PR/1089/0001,,TA01,1,,0,,1,1_PR/1089/0001
1,02/09481R,,TI02,2,,0,,1,1_02/09481R
1,02/09657,,TI02,2,,0,,1,1_02/09657
1,02/08560AR,,TI02,2,,0,,1,1_02/08560AR
1,02/08560A,,TI02,2,,0,,1,1_02/08560A
1,01/09687,,TA01,1,,0,,1,1_01/09687
1,01/09686,,TA01,1,,0,,1,1_01/09686
1,02/09658,,TI02,2,,0,,1,1_02/09658
1,PR/1515/0004,,TA01,1,,0,,1,1_PR/1515/0004
1,01/09685,,TA01,1,,0,,1,1_01/09685
1,02/09659,,TI02,2,,0,,1,1_02/09659
1,02/09660,,TI02,2,,0,,1,1_02/09660
1,02/09661,,TI02,2,,0,,1,1_02/09661
1,PR/0104/0006,,CA03,3,,0,,1,1_PR/0104/0006
1,02/09662,,TI02,2,,0,,1,1_02/09662
1,PR/1403/0003,,TA01,1,,0,,1,1_PR/1403/0003
1,PR/1669/0013,,TI02,2,,0,,1,1_PR/1669/0013
1,PR/AFER/0001,,TI02,2,,0,,1,1_PR/AFER/0001
1,PR/AFER/0002,,TI02,2,,0,,1,1_PR/AFER/0002
1,01/08626A,,TA01,1,,0,,1,1_01/08626A
1,PR/1089/0002,,TA01,1,,0,,1,1_PR/1089/0002
1,01/09684,,TA01,1,,0,,1,1_01/09684
1,PR/1515/0005,,TA01,1,,0,,1,1_PR/1515/0005
1,10/10060,,TI10,2,,0,,1,1_10/10060
1,02/09663,,TI02,2,,0,,1,1_02/09663
1,PR/0048/0007,,TA01,1,,0,,1,1_PR/0048/0007
1,PR/1315/0009,,TA01,1,,0,,1,1_PR/1315/0009
1,PR/0670/0002,,TA01,1,,0,,1,1_PR/0670/0002
1,02/09664,,TI02,2,,0,,1,1_02/09664
1,02/09664M,,TI02,2,,0,,1,1_02/09664M
1,01/09688,,TA01,1,,0,,1,1_01/09688
1,02/09665,,TI02,2,,0,,1,1_02/09665
1,PR/1552/0003,,TA01,1,,0,,1,1_PR/1552/0003
1,01/09689,,TA01,1,,0,,1,1_01/09689
1,02/09666,,TI02,2,,0,,1,1_02/09666
1,02/09667,,TI02,2,,0,,1,1_02/09667
1,01/10367,,TA01,1,,0,,1,1_01/10367
1,12/PG01006A0601,,CV12,6,,0,,1,1_12/PG01006A0601
1,02/09666M,,TI02,2,,0,,1,1_02/09666M
1,02/09666M1,,TI02,2,,0,,1,1_02/09666M1
1,02/09667M,,TI02,2,,0,,1,1_02/09667M
1,PR/1778/0004,,TI02,2,,0,,1,1_PR/1778/0004
1,02/09665M,,TI02,2,,0,,1,1_02/09665M
1,02/07974,,TI02,2,,0,,1,1_02/07974
1,PR/INTA/0001,,TI02,1,,0,,1,1_PR/INTA/0001
1,PR/1576/0001,,TA01,1,,0,,1,1_PR/1576/0001
1,PR/CRED/0001,,TA01,1,,0,,1,1_PR/CRED/0001
1,01/09697,,TA01,1,,0,,1,1_01/09697
1,PR/INTA/0002,,TI02,2,,0,,1,1_PR/INTA/0002
1,PR/1419/0002,,TA01,1,,0,,1,1_PR/1419/0002
1,PR/1419/0003,,TA01,1,,0,,1,1_PR/1419/0003
1,PR/1419/0004,,TA01,1,,0,,1,1_PR/1419/0004
1,PR/1419/0005,,TA01,1,,0,,1,1_PR/1419/0005
1,PR/1542/0002,,TA01,1,,0,,1,1_PR/1542/0002
1,01/09693,,TA01,1,,0,,1,1_01/09693
1,PR/1638/0001,,CA03,3,,0,,1,1_PR/1638/0001
1,01/09692,,TA01,1,,0,,1,1_01/09692
1,01/09692M,,TA01,1,,0,,1,1_01/09692M
1,PR/1164/0002,,TI02,3,,0,,1,1_PR/1164/0002
1,PR/1542/0001,,TA01,1,,0,,1,1_PR/1542/0001
1,01/09694,,TA01,1,,0,,1,1_01/09694
1,12/PG05306A,,CV12,6,,0,,1,1_12/PG05306A
1,12/TI00003,,CV12,6,,0,,1,1_12/TI00003
1,01/09910,,TA01,1,,0,,1,1_01/09910
1,01/0991001,,TA01,1,,0,,1,1_01/0991001
1,02/10011,,TI02,2,,0,,1,1_02/10011
1,12/80910,,CV12,6,,0,,1,1_12/80910
1,PR/0085/0008,,TA01,1,,0,,1,1_PR/0085/0008
1,12/CH01013010,,CV12,6,,0,,1,1_12/CH01013010
1,02/162100002,,TI02,2,,0,,1,1_02/162100002
1,PR/1419/0006-A,,TA01,1,,0,,1,1_PR/1419/0006-A
1,12/AB00001,,CV12,6,,0,,1,1_12/AB00001
1,02/10104,,TI02,2,,0,,1,1_02/10104
1,12/AB00002,,CV12,6,,0,,1,1_12/AB00002
1,12/148900003,,CV12,6,,0,,1,1_12/148900003
1,01/09912R,,TA01,1,,0,,1,1_01/09912R
1,12/80606PV,,CV12,6,,0,,1,1_12/80606PV
1,PR/0895/0002,,TA01,1,,0,,1,1_PR/0895/0002
1,PR/0617/0096-A,,TI02,2,,0,,1,1_PR/0617/0096-A
1,02/10522A,,TI02,2,,0,,1,1_02/10522A
1,02/09677M,,TI02,2,,0,,1,1_02/09677M
1,02/09678,,TI02,2,,0,,1,1_02/09678
1,02/09678M,,TI02,2,,0,,1,1_02/09678M
1,02/09679,,TI02,2,,0,,1,1_02/09679
1,02/09679M,,TI02,2,,0,,1,1_02/09679M
1,03/00306,,CA03,3,,0,,1,1_03/00306
1,02/09666M2,,TI02,2,,0,,1,1_02/09666M2
1,01/09695,,TA01,1,,0,,1,1_01/09695
1,01/0969501,,TA01,1,,0,,1,1_01/0969501
1,01/0969502,,TA01,1,,0,,1,1_01/0969502
1,01/0969503,,TA01,1,,0,,1,1_01/0969503
1,01/0969504,,TA01,1,,0,,1,1_01/0969504
1,PR/1419/0006,,TA01,1,,0,,1,1_PR/1419/0006
1,10/11860AM,,TI10,2,,0,,1,1_10/11860AM
1,PR/0670/0003,,TA01,1,,0,,1,1_PR/0670/0003
1,PR/0104/0007,,TI02,2,,0,,1,1_PR/0104/0007
1,PR/1474/0006,,TI02,2,,0,,1,1_PR/1474/0006
1,02/09680,,TI02,2,,0,,1,1_02/09680
1,02/09680M,,TI02,2,,0,,1,1_02/09680M
1,01/09666BR,,TA01,1,,0,,1,1_01/09666BR
1,01/09696,,TA01,1,,0,,1,1_01/09696
1,11/040965,,TA11,1,,0,,1,1_11/040965
1,PR/0172/0003,,TI02,2,,0,,1,1_PR/0172/0003
1,12/XG400024,,CV12,6,,0,,1,1_12/XG400024
1,02/09657R,,TI02,2,,0,,1,1_02/09657R
1,02/0910401,,TI02,2,,0,,1,1_02/0910401
1,02/0911801,,TI02,2,,0,,1,1_02/0911801
1,02/09681R,,TI02,2,,0,,1,1_02/09681R
1,12/PG05305R,,CV12,6,,0,,1,1_12/PG05305R
1,91/80061,,XTA91,8,,0,,1,1_91/80061
1,02/09682M,,TI02,2,,0,,1,1_02/09682M
1,03/00308,,CA03,3,,0,,1,1_03/00308
1,PR/1007/0030,,TI02,2,,0,,1,1_PR/1007/0030
1,PR/1007/0031,,TI02,2,,0,,1,1_PR/1007/0031
1,PR/BOPO/0001,,TI02,2,,0,,1,1_PR/BOPO/0001
1,PR/BOPO/0001-A,,TI02,2,,0,,1,1_PR/BOPO/0001-A
1,PR/BOPO/0002,,TI02,2,,0,,1,1_PR/BOPO/0002
1,PR/BOPO/0002-A,,TI02,2,,0,,1,1_PR/BOPO/0002-A
1,12/SB00155,,CV12,6,,0,,1,1_12/SB00155
1,12/SB00199,,CV12,6,,0,,1,1_12/SB00199
1,02/09683,,TI02,2,,0,,1,1_02/09683
1,PR/0989/0002,,TA01,1,,0,,1,1_PR/0989/0002
1,01/08763,,TA01,1,,0,,1,1_01/08763
1,10/00904,,TI10,2,,0,,1,1_10/00904
1,02/09754B,,TI02,2,,0,,1,1_02/09754B
1,PR/0048/0008,,TA01,1,,0,,1,1_PR/0048/0008
1,03/6121045,,CA03,3,,0,,1,1_03/6121045
1,03/6321075,,CA03,3,,0,,1,1_03/6321075
1,PR/BOSC/0001,,TA01,1,,0,,1,1_PR/BOSC/0001
1,12/80875,,CV12,6,,0,,1,1_12/80875
1,12/80828,,CV12,6,,0,,1,1_12/80828
1,04/21020,,PL04,4,,0,,1,1_04/21020
1,04/21220,,PL04,4,,0,,1,1_04/21220
1,PR/1625/0001,,TI02,2,,0,,1,1_PR/1625/0001
1,PR/0617/0210-A,,TI02,2,,0,,1,1_PR/0617/0210-A
1,26/6206201,,TA26,1,,0,,1,1_26/6206201
1,26/41030,,TA26,1,,0,,1,1_26/41030
1,PR/SMP-/0001,,TI02,2,,0,,1,1_PR/SMP-/0001
1,26/001129,,TA26,1,,0,,1,1_26/001129
1,PR/SMP-/0002,,TI02,2,,0,,1,1_PR/SMP-/0002
1,01/09666BM,,TA01,1,,0,,1,1_01/09666BM
1,11/040995,,TA11,1,,0,,1,1_11/040995
1,PR/0617/0028,,TI02,2,,0,,1,1_PR/0617/0028
1,02/09684,,TI02,2,,0,,1,1_02/09684
1,PR/0539/0009,,TA01,1,,0,,1,1_PR/0539/0009
1,01/0864201,,TA01,1,,0,,1,1_01/0864201
1,PR/1625/0002,,TA01,1,,0,,1,1_PR/1625/0002
1,12/00262,,CV12,6,,0,,1,1_12/00262
1,12/SB00157,,CV12,6,,0,,1,1_12/SB00157
1,UP.091-01,,YMA-UP,1,,0,,1,1_UP.091-01
1,02/09685,,TI02,2,,0,,1,1_02/09685
1,PR/01474/0007,,TI02,2,,0,,1,1_PR/01474/0007
1,PR/1474/0007,,TI02,2,,0,,1,1_PR/1474/0007
1,12/5125071,,CV12,6,,0,,1,1_12/5125071
1,PR/1564/0011,,TI02,2,,0,,1,1_PR/1564/0011
1,02/08650R,,TI02,2,,0,,1,1_02/08650R
1,PR/1474/0007-A,,TI02,2,,0,,1,1_PR/1474/0007-A
1,02/10619R,,TI02,2,,0,,1,1_02/10619R
1,12/80877,,CV12,6,,0,,1,1_12/80877
1,PR/0301/0035,,TI02,2,,0,,1,1_PR/0301/0035
1,02/09538A,,TI02,2,,0,,1,1_02/09538A
1,PR/1474/0008,,TI02,2,,0,,1,1_PR/1474/0008
1,12/80022,,CV12,6,,0,,1,1_12/80022
1,PR/1314/0001,,TI02,2,,0,,1,1_PR/1314/0001
1,11/41205,,TA11,1,,0,,1,1_11/41205
1,11/41204,,TA11,1,,0,,1,1_11/41204
1,12/PV00022,,CV12,6,,0,,1,1_12/PV00022
1,02/09686,,TI02,2,,0,,1,1_02/09686
1,12/XG320024,,CV12,6,,0,,1,1_12/XG320024
1,99/SILLAT-01,,XTA91,8,,0,,1,1_99/SILLAT-01
1,02/09687,,TI02,2,,0,,1,1_02/09687
1,02/0976201,,TI02,2,,0,,1,1_02/0976201
1,PR/0617/0029,,TI02,2,,0,,1,1_PR/0617/0029
1,02/09097M2,,TI02,2,,0,,1,1_02/09097M2
1,PR/0085/0001,,TA01,1,,0,,1,1_PR/0085/0001
1,PR/CORR/0001,,TI02,2,,0,,1,1_PR/CORR/0001
1,01/09583A,,TA01,1,,0,,1,1_01/09583A
1,01/09583AM,,TA01,1,,0,,1,1_01/09583AM
1,01/09635R,,TA01,1,,0,,1,1_01/09635R
1,PR/1314/0002,,TI02,2,,0,,1,1_PR/1314/0002
1,12/80859A,,CV12,6,,0,,1,1_12/80859A
1,PR/1629/0013,,TI02,2,,0,,1,1_PR/1629/0013
1,12/PV00023,,CV12,6,,0,,1,1_12/PV00023
1,PR/1629/0012,,TI02,2,,0,,1,1_PR/1629/0012
1,01/09699,,TA01,1,,0,,1,1_01/09699
1,02/09689,,TI02,2,,0,,1,1_02/09689
1,02/09689M,,TI02,2,,0,,1,1_02/09689M
1,01/09699M,,TA01,1,,0,,1,1_01/09699M
1,12/50120B,,CV12,6,,0,,1,1_12/50120B
1,01/09667CR,,TA01,1,,0,,1,1_01/09667CR
1,01/09666CR,,TA01,1,,0,,1,1_01/09666CR
1,01/09695R,,TA01,1,,0,,1,1_01/09695R
1,12/5330135,,CV12,6,,0,,1,1_12/5330135
1,PR/TEIX/0003,,TA01,1,,0,,1,1_PR/TEIX/0003
1,10/111430M,,TI10,2,,0,,1,1_10/111430M
1,02/07578,,TI02,2,,0,,1,1_02/07578
1,12/513012,,CV12,6,,0,,1,1_12/513012
1,01/09701,,TA01,1,,0,,1,1_01/09701
1,01/09702,,TA01,1,,0,,1,1_01/09702
1,PR/0797/0010,,CA03,3,,0,,1,1_PR/0797/0010
1,PR/0228/0001,,CA03,3,,0,,1,1_PR/0228/0001
1,03/4024015,,CA03,3,,0,,1,1_03/4024015
1,01/10351,,TA01,1,,0,,1,1_01/10351
1,PR/INTA/0003,,TI02,2,,0,,1,1_PR/INTA/0003
1,01/10113A,,TA01,1,,0,,1,1_01/10113A
1,02/10067,,TI02,2,,0,,1,1_02/10067
1,PR/0267/0032,,TI02,2,,0,,1,1_PR/0267/0032
1,02/09443,,TI02,2,,0,,1,1_02/09443
1,02/09443AM,,TI02,2,,0,,1,1_02/09443AM
1,02/09443A,,TI02,2,,0,,1,1_02/09443A
1,01/07980,,TA01,1,,0,,1,1_01/07980
1,12/42180701,,CV12,6,,0,,1,1_12/42180701
1,PR/0145/0007,,TA01,1,,0,,1,1_PR/0145/0007
1,12/251508,,CV12,6,,0,,1,1_12/251508
1,PR/1228/0006,,TA01,1,,0,,1,1_PR/1228/0006
1,PR/0711/0003,,TI02,2,,0,,1,1_PR/0711/0003
1,PR/0711/0004,,TI02,2,,0,,1,1_PR/0711/0004
1,02/09693,,TI02,2,,0,,1,1_02/09693
1,02/09694,,TI02,2,,0,,1,1_02/09694
1,01/09703,,TA01,1,,0,,1,1_01/09703
1,01/09704,,TA01,1,,0,,1,1_01/09704
1,PR/1228/0005,,TA01,1,,0,,1,1_PR/1228/0005
1,PR/0768/0002,,TA01,1,,0,,1,1_PR/0768/0002
1,PR/0768/0003,,TA01,1,,0,,1,1_PR/0768/0003
1,PR/0768/0004,,TA01,1,,0,,1,1_PR/0768/0004
1,PR/0085/0001-A,,TA01,1,,0,,1,1_PR/0085/0001-A
1,PR/10037/0001,,TA01,1,,0,,1,1_PR/10037/0001
1,PR/1473/0001,,TI02,2,,0,,1,1_PR/1473/0001
1,02/09695,,TI02,2,,0,,1,1_02/09695
1,02/09696,,TI02,2,,0,,1,1_02/09696
1,02/09696M,,TI02,2,,0,,1,1_02/09696M
1,02/09697,,TI02,2,,0,,1,1_02/09697
1,02/09697M,,TI02,2,,0,,1,1_02/09697M
1,PR/0085/0002,,TA01,1,,0,,1,1_PR/0085/0002
1,PR/0085/0003,,TA01,1,,0,,1,1_PR/0085/0003
1,PR/0145/0007-A,,TA01,1,,0,,1,1_PR/0145/0007-A
1,PR/0145/0008,,TA01,1,,0,,1,1_PR/0145/0008
1,12/80878,,CV12,6,,0,,1,1_12/80878
1,02/07578A,,TI02,2,,0,,1,1_02/07578A
1,PR/0085/0004,,TA01,1,,0,,1,1_PR/0085/0004
1,PR/1007/0032,,TI02,2,,0,,1,1_PR/1007/0032
1,PR/0145/0009,,TA01,1,,0,,1,1_PR/0145/0009
1,PR/MAKY/0001,,CA03,3,,0,,1,1_PR/MAKY/0001
1,PR/0615/0030,,TI02,2,,0,,1,1_PR/0615/0030
1,01/09705R,,TA01,1,,0,,1,1_01/09705R
1,PR/0617/0030,,TI02,2,,0,,1,1_PR/0617/0030
1,02/107900001,,TI02,2,,0,,1,1_02/107900001
1,PR/EQUIFAB/0002,,TI02,2,,0,,1,1_PR/EQUIFAB/0002
1,01/09706,,TA01,1,,0,,1,1_01/09706
1,01/09707,,TA01,1,,0,,1,1_01/09707
1,01/09708,,TA01,1,,0,,1,1_01/09708
1,PR/1506/0002,,TI02,2,,0,,1,1_PR/1506/0002
1,PR/1446/0002,,TA01,1,,0,,1,1_PR/1446/0002
1,55/20010MP,,TI55,2,,0,,1,1_55/20010MP
1,02/09698,,TI02,2,,0,,1,1_02/09698
1,12/RT00008,,CV12,6,,0,,1,1_12/RT00008
1,02/09699,,TI02,2,,0,,1,1_02/09699
1,02/09698M,,TI02,2,,0,,1,1_02/09698M
1,02/09699M,,TI02,2,,0,,1,1_02/09699M
1,02/0969801,,TI02,2,,0,,1,1_02/0969801
1,01/09132A,,TA01,1,,0,,1,1_01/09132A
1,12/PP00165,,CV12,6,,0,,1,1_12/PP00165
1,01/09817,,TA01,1,,0,,1,1_01/09817
1,01/09709,,TA01,1,,0,,1,1_01/09709
1,01/09491,,TA01,1,,0,,1,1_01/09491
1,11/41206,,TA11,1,,0,,1,1_11/41206
1,01/09710,,TA01,1,,0,,1,1_01/09710
1,02/09702,,TI02,2,,0,,1,1_02/09702
1,02/09703,,TI02,2,,0,,1,1_02/09703
1,PR/1580/0005,,TI02,2,,0,,1,1_PR/1580/0005
1,02/0804701,,TI02,2,,0,,1,1_02/0804701
1,01/08597R,,TA01,1,,0,,1,1_01/08597R
1,01/09711M,,TA01,1,,0,,1,1_01/09711M
1,04/172600001,,PL04,4,,0,,1,1_04/172600001
1,PR/0104/0027,,CA03,3,,0,,1,1_PR/0104/0027
1,01/09709M,,TA01,1,,0,,1,1_01/09709M
1,01/09709M1,,TA01,1,,0,,1,1_01/09709M1
1,PR/EQUIFAB/0003,,TA01,1,,0,,1,1_PR/EQUIFAB/0003
1,11/041175,,TA11,1,,0,,1,1_11/041175
1,01/040030750,,TA01,1,,0,,1,1_01/040030750
1,02/09104M,,TI02,2,,0,,1,1_02/09104M
1,01/09712,,TA01,1,,0,,1,1_01/09712
1,01/0971201,,TA01,1,,0,,1,1_01/0971201
1,02/09704,,TI02,2,,0,,1,1_02/09704
1,02/09704M,,TI02,2,,0,,1,1_02/09704M
1,PR/1272/0010,,TA01,1,,0,,1,1_PR/1272/0010
1,02/09705,,TI02,2,,0,,1,1_02/09705
1,PR/0104/0008,,TA01,1,,0,,1,1_PR/0104/0008
1,01/09713,,TA01,1,,0,,1,1_01/09713
1,12/252514,,CV12,6,,0,,1,1_12/252514
1,PR/0301/0017,,TA01,1,,0,,1,1_PR/0301/0017
1,PR/0301/0018,,TA01,1,,0,,1,1_PR/0301/0018
1,01/09714,,TA01,1,,0,,1,1_01/09714
1,01/09715,,TA01,1,,0,,1,1_01/09715
1,01/09716,,TA01,1,,0,,1,1_01/09716
1,01/09717,,TA01,1,,0,,1,1_01/09717
1,01/09718,,TA01,1,,0,,1,1_01/09718
1,01/09720,,TA01,1,,0,,1,1_01/09720
1,01/09719,,TA01,1,,0,,1,1_01/09719
1,PR/0048/0009,,TI02,2,,0,,1,1_PR/0048/0009
1,PR/1366/0005,,TA01,1,,0,,1,1_PR/1366/0005
1,01/09721,,TA01,1,,0,,1,1_01/09721
1,12/PP00088,,CV12,6,,0,,1,1_12/PP00088
1,02/0915601,,TI02,2,,0,,1,1_02/0915601
1,01/09722,,TA01,1,,0,,1,1_01/09722
1,01/09723,,TA01,1,,0,,1,1_01/09723
1,02/09706,,TI02,2,,0,,1,1_02/09706
1,03/6521090,,CA03,3,,0,,1,1_03/6521090
1,01/07980A,,TA01,1,,0,,1,1_01/07980A
1,02/10138,,TI02,2,,0,,1,1_02/10138
1,PR/1629/0014,,TA01,1,,0,,1,1_PR/1629/0014
1,58/32008,,TA58,1,,0,,1,1_58/32008
1,PR/1007/0044,,TI02,2,,0,,1,1_PR/1007/0044
1,PR/1478/0002,,PL04,4,,0,,1,1_PR/1478/0002
1,02/09826,,TI02,2,,0,,1,1_02/09826
1,PR/ZINC/0001,,TA01,1,,0,,1,1_PR/ZINC/0001
1,PR/ZINC/0002,,TA01,1,,0,,1,1_PR/ZINC/0002
1,PR/ZINC/0003,,TA01,1,,0,,1,1_PR/ZINC/0003
1,12/3315061,,CV12,6,,0,,1,1_12/3315061
1,03/5321065,,CA03,3,,0,,1,1_03/5321065
1,PR/1630/0001,,TI02,2,,0,,1,1_PR/1630/0001
1,02/09707,,TI02,2,,0,,1,1_02/09707
1,02/09707M,,TI02,2,,0,,1,1_02/09707M
1,PR/1517/0002,,TA01,1,,0,,1,1_PR/1517/0002
1,PR/1629/0015,,TA01,3,,0,,1,1_PR/1629/0015
1,01/040030950,,TA01,1,,0,,1,1_01/040030950
1,11/041195,,TA11,1,,0,,1,1_11/041195
1,PR/0799/0001,,CA03,3,,0,,1,1_PR/0799/0001
1,PR/0880/0002,,TI02,2,,0,,1,1_PR/0880/0002
1,PR/0048/0010,,TI02,2,,0,,1,1_PR/0048/0010
1,01/09721A,,TA01,1,,0,,1,1_01/09721A
1,02/09708M,,TI02,2,,0,,1,1_02/09708M
1,PR/1670/0001,,TA01,1,,0,,1,1_PR/1670/0001
1,02/09708,,TI02,2,,0,,1,1_02/09708
1,57/36020,,TA57,3,,0,,1,1_57/36020
1,12/140300001,,CV12,6,,0,,1,1_12/140300001
1,01/09724,,TA01,1,,0,,1,1_01/09724
1,12/80871A,,CV12,6,,0,,1,1_12/80871A
1,12/PP00089,,CV12,6,,0,,1,1_12/PP00089
1,UP.105,,YMA-UP,1,,0,,1,1_UP.105
1,PR/1286/0005,,TA01,1,,0,,1,1_PR/1286/0005
1,03/2631120R,,CA03,3,,0,,1,1_03/2631120R
1,56/00600,,TA56,3,,0,,1,1_56/00600
1,56/00700,,TA56,3,,0,,1,1_56/00700
1,56/00350,,TA56,3,,0,,1,1_56/00350
1,56/10018,,TA56,3,,0,,1,1_56/10018
1,02/10046F,,TI02,2,,0,,1,1_02/10046F
1,UT.011,,YMA-UT,1,,0,,1,1_UT.011
1,51/90030,,TA51,3,,0,,1,1_51/90030
1,PR/1517/0003,,TA01,1,,0,,1,1_PR/1517/0003
1,52/62530,,TA52,3,,0,,1,1_52/62530
1,51/90035,,TA51,3,,0,,1,1_51/90035
1,01/10108,,TA01,1,,0,,1,1_01/10108
1,12/PV00025,,CV12,6,,0,,1,1_12/PV00025
1,12/PP00134,,CV12,6,,0,,1,1_12/PP00134
1,PR/0085/0005,,TA01,1,,0,,1,1_PR/0085/0005
1,02/09710,,TI02,2,,0,,1,1_02/09710
1,25/00418,,TA25,1,,0,,1,1_25/00418
1,PR/0617/0062,,TI02,2,,0,,1,1_PR/0617/0062
1,04/1609050050,,PL04,4,,0,,1,1_04/1609050050
1,04/1609100050,,PL04,4,,0,,1,1_04/1609100050
1,04/1609175050,,PL04,4,,0,,1,1_04/1609175050
1,PR/0013/0006,,TA01,1,,0,,1,1_PR/0013/0006
1,02/07858A,,TI02,2,,0,,1,1_02/07858A
1,PR/0301/0017-A,,TA01,1,,0,,1,1_PR/0301/0017-A
1,PR/0301/0018-A,,TA01,1,,0,,1,1_PR/0301/0018-A
1,PR/1403/0004,,TI02,2,,0,,1,1_PR/1403/0004
1,01/09726,,TA01,1,,0,,1,1_01/09726
1,PR/1226/0001,,TI02,2,,0,,1,1_PR/1226/0001
1,94/00901,,XPL94,8,,0,,1,1_94/00901
1,02/09711,,TI02,2,,0,,1,1_02/09711
1,02/09711M,,TI02,2,,0,,1,1_02/09711M
1,02/09712,,TI02,2,,0,,1,1_02/09712
1,PR/1595/0002,,TI02,2,,0,,1,1_PR/1595/0002
1,PR/1226/0002-A,,TI02,2,,0,,1,1_PR/1226/0002-A
1,PR/1226/0001-A,,TI02,2,,0,,1,1_PR/1226/0001-A
1,01/09727,,TA01,1,,0,,1,1_01/09727
1,01/09728,,TA01,1,,0,,1,1_01/09728
1,28/40016,,TA28,1,,0,,1,1_28/40016
1,PR/0617/0059,,TI02,2,,0,,1,1_PR/0617/0059
1,PR/1007/0033,,TA01,1,,0,,1,1_PR/1007/0033
1,PR/1007/0034,,TI02,2,,0,,1,1_PR/1007/0034
1,02/09976B,,TI02,2,,0,,1,1_02/09976B
1,02/09557M,,TI02,2,,0,,1,1_02/09557M
1,28/40121,,TA28,1,,0,,1,1_28/40121
1,12/925091M,,CV12,6,,0,,1,1_12/925091M
1,01/09729,,TA01,1,,0,,1,1_01/09729
1,01/09709A,,TA01,1,,0,,1,1_01/09709A
1,PR/1637/0001,,TA01,1,,0,,1,1_PR/1637/0001
1,PR/1637/0002,,TA01,1,,0,,1,1_PR/1637/0002
1,PR/1047/0013,,TA01,1,,0,,1,1_PR/1047/0013
1,PR/1047/0014,,TA01,1,,0,,1,1_PR/1047/0014
1,PR/1047/0015,,TI02,2,,0,,1,1_PR/1047/0015
1,PR/0809/0001,,CA03,3,,0,,1,1_PR/0809/0001
1,01/08708R,,TA01,1,,0,,1,1_01/08708R
1,PR/1557/0044,,TI02,2,,0,,1,1_PR/1557/0044
1,10/10194,,TI10,2,,0,,1,1_10/10194
1,02/10739,,TI02,2,,0,,1,1_02/10739
1,PR/1621/0008,,TI02,2,,0,,1,1_PR/1621/0008
1,PR/1226/0003,,TI02,2,,0,,1,1_PR/1226/0003
1,PR/MEBP/0001,,TA01,1,,0,,1,1_PR/MEBP/0001
1,01/09730,,TA01,1,,0,,1,1_01/09730
1,01/085060750,,TA01,1,,0,,1,1_01/085060750
1,92/00013,,XTI92,8,,0,,1,1_92/00013
1,PR/1474/0009,,TI02,2,,0,,1,1_PR/1474/0009
1,PR/1363/0001,,CA03,3,,0,,1,1_PR/1363/0001
1,PR/1363/0002,,TI02,2,,0,,1,1_PR/1363/0002
1,PR/0240/0014,,TI02,2,,0,,1,1_PR/0240/0014
1,PR/1363/0003,,TI02,2,,0,,1,1_PR/1363/0003
1,PR/1363/0004,,TI02,2,,0,,1,1_PR/1363/0004
1,02/10555,,TI02,2,,0,,1,1_02/10555
1,01/050040720,,TA01,1,,0,,1,1_01/050040720
1,02/10003,,TI02,2,,0,,1,1_02/10003
1,PR/0307/0001,,TI02,2,,0,,1,1_PR/0307/0001
1,PR/0307/0002,,TI02,2,,0,,1,1_PR/0307/0002
1,PR/1644/0001,,TI02,2,,0,,1,1_PR/1644/0001
1,PR/1644/0002,,TI02,2,,0,,1,1_PR/1644/0002
1,PR/TEPI/0001,,TI02,2,,0,,1,1_PR/TEPI/0001
1,PR/0617/0009-B,,TI02,2,,0,,1,1_PR/0617/0009-B
1,PR/TEPI/0002,,TI02,2,,0,,1,1_PR/TEPI/0002
1,12/SB00137,,CV12,6,,0,,1,1_12/SB00137
1,PR/0240/0004,,TA01,1,,0,,1,1_PR/0240/0004
1,PR/1295/0001,,TA01,1,,0,,1,1_PR/1295/0001
1,PR/0048/0011,,TA01,1,,0,,1,1_PR/0048/0011
1,04/1609100025,,PL04,4,,0,,1,1_04/1609100025
1,04/1609075050,,PL04,4,,0,,1,1_04/1609075050
1,04/1609150050,,PL04,4,,0,,1,1_04/1609150050
1,04/1609150075,,PL04,4,,0,,1,1_04/1609150075
1,04/1609025025,,PL04,4,,0,,1,1_04/1609025025
1,04/1609075025,,PL04,4,,0,,1,1_04/1609075025
1,04/1609125025,,PL04,4,,0,,1,1_04/1609125025
1,04/1609200025,,PL04,4,,0,,1,1_04/1609200025
1,04/1609225050,,PL04,4,,0,,1,1_04/1609225050
1,04/1609275050,,PL04,4,,0,,1,1_04/1609275050
1,04/1609325050,,PL04,4,,0,,1,1_04/1609325050
1,04/1609325075,,PL04,4,,0,,1,1_04/1609325075
1,04/1609400075,,PL04,4,,0,,1,1_04/1609400075
1,04/1609225100,,PL04,4,,0,,1,1_04/1609225100
1,04/1609325100,,PL04,4,,0,,1,1_04/1609325100
1,04/1609400100,,PL04,4,,0,,1,1_04/1609400100
1,03/5523120,,CA03,3,,0,,1,1_03/5523120
1,PR/0104/0009,,TI02,2,,0,,1,1_PR/0104/0009
1,PR/0104/0010,,TI02,2,,0,,1,1_PR/0104/0010
1,PR/0104/0011,,TI02,2,,0,,1,1_PR/0104/0011
1,PR/1621/0010,,TI02,2,,0,,1,1_PR/1621/0010
1,PR/1621/0011,,TI02,1,,0,,1,1_PR/1621/0011
1,PR/PIVA/0001-A,,TI02,2,,0,,1,1_PR/PIVA/0001-A
1,PR/PIVA/0002-A,,TI02,2,,0,,1,1_PR/PIVA/0002-A
1,PR/0292/0001,,TA01,1,,0,,1,1_PR/0292/0001
1,PR/PIVA/0001,,TI02,2,,0,,1,1_PR/PIVA/0001
1,PR/PIVA/0002,,TI02,2,,0,,1,1_PR/PIVA/0002
1,70/7030718,,TA70,1,,0,,1,1_70/7030718
1,04/063200003,,PL04,4,,0,,1,1_04/063200003
1,10/00356,,TI02,2,,0,,1,1_10/00356
1,PR/1366/0006,,TA01,1,,0,,1,1_PR/1366/0006
1,01/09731,,TA01,1,,0,,1,1_01/09731
1,01/085061250,,TA01,1,,0,,1,1_01/085061250
1,PR/0019/0002,,TI02,2,,0,,1,1_PR/0019/0002
1,12/301509,,CV12,6,,0,,1,1_12/301509
1,02/09717,,TI02,2,,0,,1,1_02/09717
1,02/09717M,,TI02,2,,0,,1,1_02/09717M
1,12/PP00091,,CV12,6,,0,,1,1_12/PP00091
1,12/70217,,CV12,6,,0,,1,1_12/70217
1,01/09732,,TA01,1,,0,,1,1_01/09732
1,02/09718,,TI02,2,,0,,1,1_02/09718
1,02/09867R,,TI02,2,,0,,1,1_02/09867R
1,02/09878M,,TI02,2,,0,,1,1_02/09878M
1,PR/0555/0001,,TA01,1,,0,,1,1_PR/0555/0001
1,02/09720M,,TI02,2,,0,,1,1_02/09720M
1,02/09333AR,,TI02,2,,0,,1,1_02/09333AR
1,10/11650,,TI10,2,,0,,1,1_10/11650
1,02/09721,,TI02,2,,0,,1,1_02/09721
1,02/09722,,TI02,2,,0,,1,1_02/09722
1,02/09723,,TI02,2,,0,,1,1_02/09723
1,PR/0617/0031,,TI02,2,,0,,1,1_PR/0617/0031
1,PR/0617/0032,,TI02,2,,0,,1,1_PR/0617/0032
1,02/09724,,TI02,2,,0,,1,1_02/09724
1,02/09724M,,TI02,2,,0,,1,1_02/09724M
1,02/10033A,,TI02,2,,0,,1,1_02/10033A
1,PR/1621/0012,,TI02,2,,0,,1,1_PR/1621/0012
1,01/09733,,TA01,1,,0,,1,1_01/09733
1,UP.089-P,,YMA-UP,1,,0,,1,1_UP.089-P
1,04/160300001,,PL04,4,,0,,1,1_04/160300001
1,01/10163,,TA01,1,,0,,1,1_01/10163
1,12/422512,,CV12,6,,0,,1,1_12/422512
1,12/532512,,CV12,6,,0,,1,1_12/532512
1,02/09718A,,TI02,2,,0,,1,1_02/09718A
1,01/09907R,,TA01,1,,0,,1,1_01/09907R
1,02/09719AM,,TI02,2,,0,,1,1_02/09719AM
1,02/09851,,TI02,2,,0,,1,1_02/09851
1,02/09720AM,,TI02,2,,0,,1,1_02/09720AM
1,02/09060R,,TI02,2,,0,,1,1_02/09060R
1,02/09725R,,TI02,2,,0,,1,1_02/09725R
1,PR/0048/0012,,TA01,1,,0,,1,1_PR/0048/0012
1,PR/0228/0002,,TI02,2,,0,,1,1_PR/0228/0002
1,02/10455A,,TI02,2,,0,,1,1_02/10455A
1,03/00310,,CA03,3,,0,,1,1_03/00310
1,03/00310M,,CA03,3,,0,,1,1_03/00310M
1,01/09734,,TA01,1,,0,,1,1_01/09734
1,12/L0122-206,,CV12,6,,0,,1,1_12/L0122-206
1,PR/0240/0005,,TA01,1,,0,,1,1_PR/0240/0005
1,02/09731,,TI02,2,,0,,1,1_02/09731
1,PR/1240/0005,,TI02,2,,0,,1,1_PR/1240/0005
1,PR/1144/0008,,TA01,1,,0,,1,1_PR/1144/0008
1,PR/1144/0009,,TA01,1,,0,,1,1_PR/1144/0009
1,PR/1144/0010,,TA01,1,,0,,1,1_PR/1144/0010
1,12/TI00005,,CV12,6,,0,,1,1_12/TI00005
1,PR/1144/0010-A,,TA01,1,,0,,1,1_PR/1144/0010-A
1,PR/1144/0009-A,,TA01,1,,0,,1,1_PR/1144/0009-A
1,12/251005,,CV12,6,,0,,1,1_12/251005
1,12/331005,,CV12,6,,0,,1,1_12/331005
1,11/0004201,,TA01,1,,0,,1,1_11/0004201
1,01/09508A,,TA01,1,,0,,1,1_01/09508A
1,56/40005,,TA56,1,,0,,1,1_56/40005
1,PR/1203/0007,,TI02,2,,0,,1,1_PR/1203/0007
1,01/09738M1,,TA01,1,,0,,1,1_01/09738M1
1,12/332010,,CV12,6,,0,,1,1_12/332010
1,02/09418A,,TI02,2,,0,,1,1_02/09418A
1,02/09418AM,,TI02,2,,0,,1,1_02/09418AM
1,02/10428,,TI02,2,,0,,1,1_02/10428
1,01/09738M,,TA01,1,,0,,1,1_01/09738M
1,11/00042,,TA11,1,,0,,1,1_11/00042
1,PR/1708/0001,,TI02,2,,0,,1,1_PR/1708/0001
1,26/00155,,TA26,1,,0,,1,1_26/00155
1,01/004800001,,TA01,1,,0,,1,1_01/004800001
1,01/10286M,,TA01,1,,0,,1,1_01/10286M
1,02/10797,,TI02,2,,0,,1,1_02/10797
1,01/10306R,,TA01,1,,0,,1,1_01/10306R
1,02/10791,,TI02,2,,0,,1,1_02/10791
1,01/09741,,TA01,1,,0,,1,1_01/09741
1,01/0974101,,TA01,1,,0,,1,1_01/0974101
1,02/09729R,,TI02,2,,0,,1,1_02/09729R
1,PR/1632/0001,,TI02,2,,0,,1,1_PR/1632/0001
1,PR/1629/0016,,TI02,2,,0,,1,1_PR/1629/0016
1,PR/1268/0001,,TA01,1,,0,,1,1_PR/1268/0001
1,PR/0013/0007,,TA01,1,,0,,1,1_PR/0013/0007
1,PR/0013/0008,,TA01,1,,0,,1,1_PR/0013/0008
1,PR/0013/0009,,TA01,1,,0,,1,1_PR/0013/0009
1,PR/0013/0010,,TA01,1,,0,,1,1_PR/0013/0010
1,PR/0013/0011,,TA01,1,,0,,1,1_PR/0013/0011
1,PR/0013/0012,,TA01,1,,0,,1,1_PR/0013/0012
1,02/09730,,TI02,2,,0,,1,1_02/09730
1,02/07913R,,TI02,2,,0,,1,1_02/07913R
1,11/00051,,TA11,1,,0,,1,1_11/00051
1,PB.007-R,,YMA-PB,1,,0,,1,1_PB.007-R
1,11/00042M,,TA11,1,,0,,1,1_11/00042M
1,11/00042M1,,TA11,1,,0,,1,1_11/00042M1
1,PR/AREM/0001A,,TI02,2,,0,,1,1_PR/AREM/0001A
1,PR/AREM/0001B,,TI02,2,,0,,1,1_PR/AREM/0001B
1,PR/AREM/0001C,,TI02,2,,0,,1,1_PR/AREM/0001C
1,PR/AREM/0001AA,,TI02,2,,0,,1,1_PR/AREM/0001AA
1,PR/AREM/0001BA,,TI02,2,,0,,1,1_PR/AREM/0001BA
1,PR/AREM/0001CA,,TI02,2,,0,,1,1_PR/AREM/0001CA
1,27/90645,,TA27,1,,0,,1,1_27/90645
1,01/09742,,TA01,1,,0,,1,1_01/09742
1,01/09743,,TA01,1,,0,,1,1_01/09743
1,PR/1047/0025,,TA01,1,,0,,1,1_PR/1047/0025
1,01/09744,,TA01,1,,0,,1,1_01/09744
1,01/09745,,TA01,1,,0,,1,1_01/09745
1,01/09746,,TA01,1,,0,,1,1_01/09746
1,54/35040,,TA54,1,,0,,1,1_54/35040
1,12/80880,,CV12,6,,0,,1,1_12/80880
1,57/36015,,TA57,1,,0,,1,1_57/36015
1,PR/1629/0017,,TI02,2,,0,,1,1_PR/1629/0017
1,55/450108M,,TI55,2,,0,,1,1_55/450108M
1,02/09731AN,,TI02,2,,0,,1,1_02/09731AN
1,01/09734AN,,TA01,1,,0,,1,1_01/09734AN
1,01/09734AN0102ME,,TA01,1,,0,,1,1_01/09734AN0102ME
1,01/09734AN0101ME,,TA01,1,,0,,1,1_01/09734AN0101ME
1,01/09734AN0204ME,,TA01,1,,0,,1,1_01/09734AN0204ME
1,01/09734AN0103ME,,TA01,1,,0,,1,1_01/09734AN0103ME
1,02/09739,,TI02,2,,0,,1,1_02/09739
1,01/09734AN06ME,,TA01,1,,0,,1,1_01/09734AN06ME
1,01/09734AN07ME,,TA01,1,,0,,1,1_01/09734AN07ME
1,01/09734AN08ME,,TA01,1,,0,,1,1_01/09734AN08ME
1,70/01120,,TA70,1,,0,,1,1_70/01120
1,04/1609150025,,PL04,4,,0,,1,1_04/1609150025
1,01/10063R,,TA01,1,,0,,1,1_01/10063R
1,10/2183520M,,TI10,2,,0,,1,1_10/2183520M
1,02/09732,,TI02,2,,0,,1,1_02/09732
1,PR/0617/0305,,TI02,2,,0,,1,1_PR/0617/0305
1,PR/UNIB/0001,,CA03,3,,0,,1,1_PR/UNIB/0001
1,01/09734AN09,,TA01,1,,0,,1,1_01/09734AN09
1,01/09734AN10,,TA01,1,,0,,1,1_01/09734AN10
1,02/09788M,,TI02,2,,0,,1,1_02/09788M
1,11/00049M,,TA01,1,,0,,1,1_11/00049M
1,01/09734AN0205ME,,TA01,1,,0,,1,1_01/09734AN0205ME
1,01/09734AN0203ME,,TA01,1,,0,,1,1_01/09734AN0203ME
1,01/09734AN020201,,TA01,1,,0,,1,1_01/09734AN020201
1,01/09734ANMJ,,TA01,1,,0,,1,1_01/09734ANMJ
1,54/64015,,TA54,1,,0,,1,1_54/64015
1,91/80121,,XTA91,8,,0,,1,1_91/80121
1,.7708,,AVCV,0,,0,,1,1_.7708
1,.7718,,AVCV,0,,0,,1,1_.7718
1,02/09386A,,TI02,2,,0,,1,1_02/09386A
1,PR/0104/0013,,TA01,1,,0,,1,1_PR/0104/0013
1,26/60865,,TA26,1,,0,,1,1_26/60865
1,26/60875,,TA26,1,,0,,1,1_26/60875
1,26/608401,,TA26,1,,0,,1,1_26/608401
1,26/608451,,TA26,1,,0,,1,1_26/608451
1,26/608651,,TA26,1,,0,,1,1_26/608651
1,26/608751,,TA26,1,,0,,1,1_26/608751
1,26/621040,,TA26,1,,0,,1,1_26/621040
1,26/602101,,TA26,1,,0,,1,1_26/602101
1,26/6206161,,TA26,1,,0,,1,1_26/6206161
1,26/602061,,TA26,1,,0,,1,1_26/602061
1,26/000318,,TA26,1,,0,,1,1_26/000318
1,26/001050,,TA26,1,,0,,1,1_26/001050
1,02/08004M,,TI02,2,,0,,1,1_02/08004M
1,PR/0845/0001,,TI02,2,,0,,1,1_PR/0845/0001
1,57/CRZR35006,,TA57,1,,0,,1,1_57/CRZR35006
1,01/09734AN0201ME,,TA01,1,,0,,1,1_01/09734AN0201ME
1,01/09734AN020202ME,,TA01,1,,0,,1,1_01/09734AN020202ME
1,PR/AREM/0002A,,TI02,2,,0,,1,1_PR/AREM/0002A
1,PR/AREM/0002BB,,TI02,2,,0,,1,1_PR/AREM/0002BB
1,PR/AREM/0002BA,,TI02,2,,0,,1,1_PR/AREM/0002BA
1,PR/AREM/0002B,,TI02,2,,0,,1,1_PR/AREM/0002B
1,57/CRZR36006,,TA57,1,,0,,1,1_57/CRZR36006
1,01/09734AN020203ME,,TA01,1,,0,,1,1_01/09734AN020203ME
1,01/09734AN0206ME,,TA01,1,,0,,1,1_01/09734AN0206ME
1,04/160300002,,PL04,4,,0,,1,1_04/160300002
1,01/09734AN99,,TA01,1,,0,,1,1_01/09734AN99
1,PR/1725/0001,,TI02,2,,0,,1,1_PR/1725/0001
1,PR/0845/0002,,TI02,2,,0,,1,1_PR/0845/0002
1,02/09733R,,TI02,2,,0,,1,1_02/09733R
1,13/10562,,CA13,3,,0,,1,1_13/10562
1,PR/0267/0033,,TA01,1,,0,,1,1_PR/0267/0033
1,02/09421AR,,TI02,2,,0,,1,1_02/09421AR
1,PR/0357/0003,,CA03,3,,0,,1,1_PR/0357/0003
1,04/1609225075,,PL04,4,,0,,1,1_04/1609225075
1,03/1533075,,CA03,3,,0,,1,1_03/1533075
1,PR/1557/0001,,TI02,2,,0,,1,1_PR/1557/0001
1,57/37005,,TA57,1,,0,,1,1_57/37005
1,01/09734AN0105ME,,TA01,1,,0,,1,1_01/09734AN0105ME
1,01/09734AN0106ME,,TA01,1,,0,,1,1_01/09734AN0106ME
1,02/09734,,TI02,2,,0,,1,1_02/09734
1,PR/0617/0339-B,,TI02,2,,0,,1,1_PR/0617/0339-B
1,PR/1389/0003,,TI02,2,,0,,1,1_PR/1389/0003
1,02/09736,,TI02,2,,0,,1,1_02/09736
1,02/09737R,,TI02,2,,0,,1,1_02/09737R
1,03/5523085,,CA03,3,,0,,1,1_03/5523085
1,02/09757,,TI02,2,,0,,1,1_02/09757
1,PR/0235/0006,,TI02,2,,0,,1,1_PR/0235/0006
1,PR/1557/0003,,TI02,2,,0,,1,1_PR/1557/0003
1,PR/0670/0005,,TA01,1,,0,,1,1_PR/0670/0005
1,PR/0670/0004,,TA01,1,,0,,1,1_PR/0670/0004
1,01/09748,,TA01,1,,0,,1,1_01/09748
1,01/09749,,TA01,1,,0,,1,1_01/09749
1,PR/0203/0001,,TI02,2,,0,,1,1_PR/0203/0001
1,12/54010,,CV12,6,,0,,1,1_12/54010
1,PR/1007/0035,,TA01,1,,0,,1,1_PR/1007/0035
1,PR/1007/0036,,TA01,1,,0,,1,1_PR/1007/0036
1,PR/1557/0004,,TI02,2,,0,,1,1_PR/1557/0004
1,12/80039,,CV12,6,,0,,1,1_12/80039
1,PR/1557/0001-A,,TI02,2,,0,,1,1_PR/1557/0001-A
1,PR/1557/0003-A,,TI02,2,,0,,1,1_PR/1557/0003-A
1,02/09740,,TI02,2,,0,,1,1_02/09740
1,PR/1366/0007,,TA01,1,,0,,1,1_PR/1366/0007
1,01/09750,,TA01,1,,0,,1,1_01/09750
1,01/09751,,TA01,1,,0,,1,1_01/09751
1,02/09733M,,TI02,2,,0,,1,1_02/09733M
1,02/09741,,TI02,2,,0,,1,1_02/09741
1,01/09752,,TA01,1,,0,,1,1_01/09752
1,01/09752M,,TA01,1,,0,,1,1_01/09752M
1,01/100101100A,,TA01,1,,0,,1,1_01/100101100A
1,12/XG400045,,CV12,6,,0,,1,1_12/XG400045
1,02/147400004,,TI02,2,,0,,1,1_02/147400004
1,PR/0240/0013,,PL04,4,,0,,1,1_PR/0240/0013
1,01/09787,,TA01,1,,0,,1,1_01/09787
1,PR/1203/0013,,TI02,2,,0,,1,1_PR/1203/0013
1,02/09743,,TI02,2,,0,,1,1_02/09743
1,PR/1439/0009,,TA01,1,,0,,1,1_PR/1439/0009
1,02/0973801,,TI02,2,,0,,1,1_02/0973801
1,UP.086-P,,YMA-UP,1,,0,,1,1_UP.086-P
1,PR/0301/0019,,TA01,1,,0,,1,1_PR/0301/0019
1,PR/0301/0020,,TA01,2,,0,,1,1_PR/0301/0020
1,02/09746,,TI02,2,,0,,1,1_02/09746
1,PR/2013/0011,,TI02,2,,0,,1,1_PR/2013/0011
1,01/09754,,TA01,1,,0,,1,1_01/09754
1,01/09753,,TA01,1,,0,,1,1_01/09753
1,PR/PRME/0001,,TA01,1,,0,,1,1_PR/PRME/0001
1,PR/1524/0001,,CV12,6,,0,,1,1_PR/1524/0001
1,01/09737,,TA01,1,,0,,1,1_01/09737
1,01/09737R,,TA01,1,,0,,1,1_01/09737R
1,04/159000002,,PL04,4,,0,,1,1_04/159000002
1,PR/0048/0013,,CA03,3,,0,,1,1_PR/0048/0013
1,91/80170,,XTA91,8,,0,,1,1_91/80170
1,PR/1708/0005,,TA01,1,,0,,1,1_PR/1708/0005
1,02/09990AM,,TI02,2,,0,,1,1_02/09990AM
1,PR/1107/0001,,TA01,1,,0,,1,1_PR/1107/0001
1,01/09755R,,TA01,1,,0,,1,1_01/09755R
1,02/09747,,TI02,2,,0,,1,1_02/09747
1,02/09748,,TI02,2,,0,,1,1_02/09748
1,UP.087,,YMA-UP,1,,0,,1,1_UP.087
1,01/09752A,,TA01,1,,0,,1,1_01/09752A
1,01/09735,,TA01,1,,0,,1,1_01/09735
1,01/09736,,TA01,1,,0,,1,1_01/09736
1,01/09756,,TA01,1,,0,,1,1_01/09756
1,01/09757,,TA01,1,,0,,1,1_01/09757
1,02/09733AR,,TI02,2,,0,,1,1_02/09733AR
1,PR/0267/0034,,TI02,2,,0,,1,1_PR/0267/0034
1,PR/1667/0001,,PL04,4,,0,,1,1_PR/1667/0001
1,12/PV00026,,CV12,6,,0,,1,1_12/PV00026
1,02/09751,,TI02,2,,0,,1,1_02/09751
1,01/09726A,,TA01,1,,0,,1,1_01/09726A
1,04/160300003,,PL04,4,,0,,1,1_04/160300003
1,57/38005,,TA57,1,,0,,1,1_57/38005
1,04/168000001,,PL04,4,,0,,1,1_04/168000001
1,01/09758,,TA01,1,,0,,1,1_01/09758
1,01/09759,,TA01,1,,0,,1,1_01/09759
1,02/09752,,TI02,2,,0,,1,1_02/09752
1,02/09752M,,TI02,2,,0,,1,1_02/09752M
1,PR/1667/0002,,PL04,4,,0,,1,1_PR/1667/0002
1,04/1609075075,,PL04,4,,0,,1,1_04/1609075075
1,04/1609100100,,PL04,4,,0,,1,1_04/1609100100
1,PR/1264/0001,,TA01,1,,0,,1,1_PR/1264/0001
1,01/0975801,,TA01,1,,0,,1,1_01/0975801
1,02/09753,,TI02,2,,0,,1,1_02/09753
1,02/09791,,TI02,2,,0,,1,1_02/09791
1,01/0975802,,TA01,1,,0,,1,1_01/0975802
1,01/0975803,,TA01,1,,0,,1,1_01/0975803
1,01/0975804,,TA01,1,,0,,1,1_01/0975804
1,PR/1643/0007-A,,TI02,2,,0,,1,1_PR/1643/0007-A
1,01/09760,,TA01,1,,0,,1,1_01/09760
1,12/PP00093R,,CV12,6,,0,,1,1_12/PP00093R
1,12/PV00030,,CV12,6,,0,,1,1_12/PV00030
1,12/532010,,CV12,6,,0,,1,1_12/532010
1,01/09755,,TA01,1,,0,,1,1_01/09755
1,54/80142,,TA54,1,,0,,1,1_54/80142
1,02/09755R,,TI02,2,,0,,1,1_02/09755R
1,01/09709AR,,TA01,1,,0,,1,1_01/09709AR
1,PR/1625/0003,,TI02,2,,0,,1,1_PR/1625/0003
1,PR/1625/0004,,TA01,1,,0,,1,1_PR/1625/0004
1,PR/ELEC/0001,,PL04,4,,0,,1,1_PR/ELEC/0001
1,PR/ELEC/0002,,PL04,4,,0,,1,1_PR/ELEC/0002
1,PR/ELEC/0003,,PL04,4,,0,,1,1_PR/ELEC/0003
1,55/34012MP,,TI55,2,,0,,1,1_55/34012MP
1,01/09762,,TA01,1,,0,,1,1_01/09762
1,55/34020MP,,TI55,2,,0,,1,1_55/34020MP
1,01/09761,,TA01,1,,0,,1,1_01/09761
1,02/09756,,TI02,2,,0,,1,1_02/09756
1,01/09761M,,TA01,1,,0,,1,1_01/09761M
1,02/09756M,,TI02,2,,0,,1,1_02/09756M
1,02/09712A,,TI02,2,,0,,1,1_02/09712A
1,12/PP00092,,CV12,6,,0,,1,1_12/PP00092
1,02/09711AM,,TI02,2,,0,,1,1_02/09711AM
1,PR/1520/0009-A,,TI02,2,,0,,1,1_PR/1520/0009-A
1,02/09711A,,TI02,2,,0,,1,1_02/09711A
1,10/90006,,TI10,2,,0,,1,1_10/90006
1,02/09758M,,TI02,2,,0,,1,1_02/09758M
1,10/90006M,,TI10,2,,0,,1,1_10/90006M
1,02/09725,,TI02,2,,0,,1,1_02/09725
1,02/09726R,,TI02,2,,0,,1,1_02/09726R
1,02/09726,,TI02,2,,0,,1,1_02/09726
1,02/09695A,,TI02,2,,0,,1,1_02/09695A
1,02/09759,,TI02,2,,0,,1,1_02/09759
1,02/07645,,TI02,2,,0,,1,1_02/07645
1,.ABCV,,ABCV,6,,0,,1,1_.ABCV
1,PR/1403/0005,,TI02,2,,0,,1,1_PR/1403/0005
1,PR/1188/0001,,TA01,1,,0,,1,1_PR/1188/0001
1,PR/0267/0035,,TI02,2,,0,,1,1_PR/0267/0035
1,PR/0655/0001,,TA01,1,,0,,1,1_PR/0655/0001
1,PR/0655/0002,,TA01,1,,0,,1,1_PR/0655/0002
1,01/09764,,TA01,1,,0,,1,1_01/09764
1,01/09763,,TA01,1,,0,,1,1_01/09763
1,PR/0890/0001,,TA01,1,,0,,1,1_PR/0890/0001
1,PR/0267/0035-A,,TI02,2,,0,,1,1_PR/0267/0035-A
1,02/08471,,TI02,2,,0,,1,1_02/08471
1,11/11001,,TA11,1,,0,,1,1_11/11001
1,11/11002,,TA11,1,,0,,1,1_11/11002
1,03/2231048,,CA03,3,,0,,1,1_03/2231048
1,02/08473,,TI02,2,,0,,1,1_02/08473
1,12/TI00007,,CV12,6,,0,,1,1_12/TI00007
1,12/L0004-088R,,CV12,6,,0,,1,1_12/L0004-088R
1,70/210100200400,,TA70,1,,0,,1,1_70/210100200400
1,PR/1678/0001,,TA01,1,,0,,1,1_PR/1678/0001
1,PR/1678/0002,,TI02,2,,0,,1,1_PR/1678/0002
1,02/09767,,TI02,2,,0,,1,1_02/09767
1,PR/0048/0014,,CA03,3,,0,,1,1_PR/0048/0014
1,PR/1234/0004-A,,TI02,3,,0,,1,1_PR/1234/0004-A
1,PR/0617/0033,,TI02,2,,0,,1,1_PR/0617/0033
1,PR/0617/0034,,TI02,2,,0,,1,1_PR/0617/0034
1,PR/1629/0019,,TI02,2,,0,,1,1_PR/1629/0019
1,02/09763,,TI02,2,,0,,1,1_02/09763
1,PR/1629/0018-A,,TI02,2,,0,,1,1_PR/1629/0018-A
1,PR/1629/0019-A,,TI02,2,,0,,1,1_PR/1629/0019-A
1,10/19112R,,TI10,2,,0,,1,1_10/19112R
1,10/19112,,TI10,2,,0,,1,1_10/19112
1,10/19109,,TI10,2,,0,,1,1_10/19109
1,10/19106,,TI10,2,,0,,1,1_10/19106
1,10/19108,,TI10,2,,0,,1,1_10/19108
1,10/19105,,TI10,2,,0,,1,1_10/19105
1,03/2423048,,CA03,3,,0,,1,1_03/2423048
1,12/563010R,,CV12,6,,0,,1,1_12/563010R
1,PR/1580/0006,,TA01,1,,0,,1,1_PR/1580/0006
1,01/10304M,,TA01,1,,0,,1,1_01/10304M
1,04/166700002,,PL04,4,,0,,1,1_04/166700002
1,MA.023-R,,YMA-MA,1,,0,,1,1_MA.023-R
1,02/09767M,,TI02,2,,0,,1,1_02/09767M
1,02/09757M,,TI02,2,,0,,1,1_02/09757M
1,02/09766M,,TI02,2,,0,,1,1_02/09766M
1,02/09766M1,,TI02,2,,0,,1,1_02/09766M1
1,02/09766M2,,TI02,2,,0,,1,1_02/09766M2
1,PR/1708/0045,,CA03,3,,0,,1,1_PR/1708/0045
1,04/33957,,PL04,4,,0,,1,1_04/33957
1,12/PP00169R,,CV12,6,,0,,1,1_12/PP00169R
1,PR/1678/0003,,TA01,1,,0,,1,1_PR/1678/0003
1,91/80065,,XTA91,8,,0,,1,1_91/80065
1,02/09768,,TI02,2,,0,,1,1_02/09768
1,02/09769,,TI02,2,,0,,1,1_02/09769
1,02/09768M,,TI02,2,,0,,1,1_02/09768M
1,02/09769M,,TI02,2,,0,,1,1_02/09769M
1,01/09765,,TA01,1,,0,,1,1_01/09765
1,12/PP00093,,CV12,6,,0,,1,1_12/PP00093
1,12/PP00094,,CV12,6,,0,,1,1_12/PP00094
1,12/PP00095,,CV12,6,,0,,1,1_12/PP00095
1,PR/1643/0007,,TI02,2,,0,,1,1_PR/1643/0007
1,02/09770,,TI02,2,,0,,1,1_02/09770
1,02/09771,,TI02,2,,0,,1,1_02/09771
1,US.005-09,,YMA-US,1,,0,,1,1_US.005-09
1,PR/1521/0001,,TA01,1,,0,,1,1_PR/1521/0001
1,PR/0880/0005,,TI02,2,,0,,1,1_PR/0880/0005
1,01/09766,,TA01,1,,0,,1,1_01/09766
1,58/315010A,,TA58,1,,0,,1,1_58/315010A
1,91/10009,,XTA91,8,,0,,1,1_91/10009
1,01/09765M,,TA01,1,,0,,1,1_01/09765M
1,01/0976501,,TA01,1,,0,,1,1_01/0976501
1,02/09771M,,TI02,2,,0,,1,1_02/09771M
1,PR/0718/0001,,CA03,3,,0,,1,1_PR/0718/0001
1,03/00312,,CA03,3,,0,,1,1_03/00312
1,02/09421BR,,TI02,2,,0,,1,1_02/09421BR
1,02/09786,,TI02,2,,0,,1,1_02/09786
1,PR/1661/0001,,TI02,2,,0,,1,1_PR/1661/0001
1,PR/1661/0002,,TA01,1,,0,,1,1_PR/1661/0002
1,01/09796,,TA01,1,,0,,1,1_01/09796
1,02/09762M,,TI02,2,,0,,1,1_02/09762M
1,12/80882,,CV12,6,,0,,1,1_12/80882
1,04/024000033,,PL04,4,,0,,1,1_04/024000033
1,26/621235,,TA26,1,,0,,1,1_26/621235
1,PR/1642/0002,,TI02,2,,0,,1,1_PR/1642/0002
1,PR/1642/0003,,TI02,2,,0,,1,1_PR/1642/0003
1,PR/0837/0020-A,,TI02,2,,0,,1,1_PR/0837/0020-A
1,02/09775,,TI02,2,,0,,1,1_02/09775
1,02/10134C,,TI02,2,,0,,1,1_02/10134C
1,02/09777,,TI02,2,,0,,1,1_02/09777
1,02/09777M,,TI02,2,,0,,1,1_02/09777M
1,PR/1557/0005,,TI02,2,,0,,1,1_PR/1557/0005
1,03/00455M,,CA03,3,,0,,1,1_03/00455M
1,02/09701M,,TI02,2,,0,,1,1_02/09701M
1,12/RQ00027,,CV12,6,,0,,1,1_12/RQ00027
1,04/160300004,,PL04,4,,0,,1,1_04/160300004
1,55/00254,,TI55,2,,0,,1,1_55/00254
1,01/09767,,TA01,1,,0,,1,1_01/09767
1,01/09709AM,,TA01,1,,0,,1,1_01/09709AM
1,01/0976701,,TA01,1,,0,,1,1_01/0976701
1,01/09768,,TA01,1,,0,,1,1_01/09768
1,01/09768M,,TA01,1,,0,,1,1_01/09768M
1,02/120300005,,TI02,2,,0,,1,1_02/120300005
1,02/0970001,,TI02,2,,0,,1,1_02/0970001
1,01/09770,,TA01,1,,0,,1,1_01/09770
1,03/1431090,,CA03,3,,0,,1,1_03/1431090
1,02/09771AR,,TI02,2,,0,,1,1_02/09771AR
1,12/80881A,,CV12,6,,0,,1,1_12/80881A
1,12/80881,,CV12,6,,0,,1,1_12/80881
1,02/09771AM,,TI02,2,,0,,1,1_02/09771AM
1,02/09418,,TI02,2,,0,,1,1_02/09418
1,02/09418M,,TI02,2,,0,,1,1_02/09418M
1,02/09779M,,TI02,2,,0,,1,1_02/09779M
1,70/011160500,,TA70,1,,0,,1,1_70/011160500
1,01/040031090,,TA01,1,,0,,1,1_01/040031090
1,01/09769,,TA01,1,,0,,1,1_01/09769
1,02/09780,,TI02,2,,0,,1,1_02/09780
1,02/09779,,TI02,2,,0,,1,1_02/09779
1,02/09780M,,TI02,2,,0,,1,1_02/09780M
1,12/80884,,CV12,6,,0,,1,1_12/80884
1,12/80883,,CV12,6,,0,,1,1_12/80883
1,02/09779M1,,TI02,2,,0,,1,1_02/09779M1
1,12/PP00097,,CV12,6,,0,,1,1_12/PP00097
1,02/09780M1,,TI02,2,,0,,1,1_02/09780M1
1,PR/0617/0145,,TI02,2,,0,,1,1_PR/0617/0145
1,03/00122A,,CA03,3,,0,,1,1_03/00122A
1,PR/1643/0007-B,,TI02,2,,0,,1,1_PR/1643/0007-B
1,02/07488,,TI02,2,,0,,1,1_02/07488
1,PR/2013/0012,,TI02,2,,0,,1,1_PR/2013/0012
1,PR/1643/0003,,TI02,2,,0,,1,1_PR/1643/0003
1,PR/1629/0021,,TI02,2,,0,,1,1_PR/1629/0021
1,PR/1643/0007-C,,TI02,2,,0,,1,1_PR/1643/0007-C
1,12/PP00101,,CV12,6,,0,,1,1_12/PP00101
1,12/PP00102,,CV12,6,,0,,1,1_12/PP00102
1,12/PP00103,,CV12,6,,0,,1,1_12/PP00103
1,PR/0301/0021,,TA01,1,,0,,1,1_PR/0301/0021
1,PR/0301/0022,,TA01,1,,0,,1,1_PR/0301/0022
1,01/09997,,TA01,1,,0,,1,1_01/09997
1,02/09754,,TI02,2,,0,,1,1_02/09754
1,PR/0267/0036,,TI02,2,,0,,1,1_PR/0267/0036
1,01/09220,,TA01,1,,0,,1,1_01/09220
1,MA.048,,YMA-MA,1,,0,,1,1_MA.048
1,01/08731,,TA01,1,,0,,1,1_01/08731
1,PR/1525/0002,,TA01,1,,0,,1,1_PR/1525/0002
1,12/PP00109,,CV12,6,,0,,1,1_12/PP00109
1,54/90200,,TA54,1,,0,,1,1_54/90200
1,PR/1411/0004,,CA03,3,,0,,1,1_PR/1411/0004
1,02/09782R,,TI02,2,,0,,1,1_02/09782R
1,12/XG320022,,CV12,6,,0,,1,1_12/XG320022
1,PR/EKTA/0006,,TA01,1,,0,,1,1_PR/EKTA/0006
1,01/097790216,,TA01,1,,0,,1,1_01/097790216
1,11/40060,,TA11,1,,0,,1,1_11/40060
1,25/20516,,TA25,1,,0,,1,1_25/20516
1,25/20625,,TA25,1,,0,,1,1_25/20625
1,25/20620,,TA25,1,,0,,1,1_25/20620
1,PR/1580/0007,,TI02,2,,0,,1,1_PR/1580/0007
1,PR/1629/0020,,TI02,2,,0,,1,1_PR/1629/0020
1,01/08729AR,,TA01,1,,0,,1,1_01/08729AR
1,01/08729A,,TA01,1,,0,,1,1_01/08729A
1,PR/0104/0026,,TA01,1,,0,,1,1_PR/0104/0026
1,03/00313,,CA03,3,,0,,1,1_03/00313
1,03/00314,,CA03,3,,0,,1,1_03/00314
1,PR/0617/0253,,TI02,2,,0,,1,1_PR/0617/0253
1,PR/1295/0002,,TI02,2,,0,,1,1_PR/1295/0002
1,PR/0048/0031,,TA01,1,,0,,1,1_PR/0048/0031
1,03/00316M,,CA03,3,,0,,1,1_03/00316M
1,12/80885,,CV12,6,,0,,1,1_12/80885
1,01/09775,,TA01,1,,0,,1,1_01/09775
1,01/09776,,TA01,1,,0,,1,1_01/09776
1,02/09701AM,,TI02,2,,0,,1,1_02/09701AM
1,02/10289,,TI02,2,,0,,1,1_02/10289
1,03/1523120,,CA03,3,,0,,1,1_03/1523120
1,PR/0617/0035,,TI02,2,,0,,1,1_PR/0617/0035
1,04/1609050100,,PL04,4,,0,,1,1_04/1609050100
1,70/011160330,,TA70,1,,0,,1,1_70/011160330
1,02/09785,,TI02,2,,0,,1,1_02/09785
1,04/1609125050,,PL04,4,,0,,1,1_04/1609125050
1,PR/1411/0005,,TI02,2,,0,,1,1_PR/1411/0005
1,PR/2013/0023,,TI02,2,,0,,1,1_PR/2013/0023
1,03/00248M,,CA03,3,,0,,1,1_03/00248M
1,02/10212R,,TI02,2,,0,,1,1_02/10212R
1,04/1609600050,,PL04,4,,0,,1,1_04/1609600050
1,04/168000003,,PL04,4,,0,,1,1_04/168000003
1,PR/0617/0036,,TI02,2,,0,,1,1_PR/0617/0036
1,04/168000002,,PL04,4,,0,,1,1_04/168000002
1,02/09701AM1,,TI02,2,,0,,1,1_02/09701AM1
1,PR/0617/0037,,TI02,2,,0,,1,1_PR/0617/0037
1,PR/1669/0001,,TI02,2,,0,,1,1_PR/1669/0001
1,04/168000004,,PL04,4,,0,,1,1_04/168000004
1,PR/0617/0037-A,,TI02,2,,0,,1,1_PR/0617/0037-A
1,12/80886,,CV12,6,,0,,1,1_12/80886
1,PR/1629/00021,,TI02,2,,0,,1,1_PR/1629/00021
1,PR/0620/0001,,TA01,1,,0,,1,1_PR/0620/0001
1,03/2631080,,CA03,3,,0,,1,1_03/2631080
1,PR/0620/0001-A,,TA01,1,,0,,1,1_PR/0620/0001-A
1,01/09777,,TA01,1,,0,,1,1_01/09777
1,01/09777M,,TA01,1,,0,,1,1_01/09777M
1,01/09777M1,,TA01,1,,0,,1,1_01/09777M1
1,02/075800001M,,TI02,2,,0,,1,1_02/075800001M
1,12/5122063,,CV12,6,,0,,1,1_12/5122063
1,PR/EKTA/0007,,TA01,1,,0,,1,1_PR/EKTA/0007
1,01/07940A,,TA01,1,,0,,1,1_01/07940A
1,02/10494,,TI02,2,,0,,1,1_02/10494
1,01/0984101,,TA01,1,,0,,1,1_01/0984101
1,PR/1629/0022,,TI02,2,,0,,1,1_PR/1629/0022
1,01/110700001,,TA01,1,,0,,1,1_01/110700001
1,02/09749M,,TI02,2,,0,,1,1_02/09749M
1,70/0402030110,,TA70,1,,0,,1,1_70/0402030110
1,02/09750M,,TI02,2,,0,,1,1_02/09750M
1,02/061700001,,TI02,2,,0,,1,1_02/061700001
1,PR/0871/0002,,CA03,3,,0,,1,1_PR/0871/0002
1,12/XG320008,,CV12,6,,0,,1,1_12/XG320008
1,12/XG200006,,CV12,6,,0,,1,1_12/XG200006
1,12/PP00104,,CV12,6,,0,,1,1_12/PP00104
1,04/160300005,,PL04,4,,0,,1,1_04/160300005
1,12/PP00106,,CV12,6,,0,,1,1_12/PP00106
1,12/PP00105,,CV12,6,,0,,1,1_12/PP00105
1,PR/0240/0006,,TA01,1,,0,,1,1_PR/0240/0006
1,PR/0101/0002,,TI02,2,,0,,1,1_PR/0101/0002
1,12/CH01011010,,CV12,6,,0,,1,1_12/CH01011010
1,12/SB05022,,CV12,6,,0,,1,1_12/SB05022
1,01/09778,,TA01,1,,0,,1,1_01/09778
1,PR/0240/0007,,TA01,1,,0,,1,1_PR/0240/0007
1,01/09372B01,,TA01,1,,0,,1,1_01/09372B01
1,01/09372A01,,TA01,1,,0,,1,1_01/09372A01
1,03/2433070,,CA03,3,,0,,1,1_03/2433070
1,10/101601,,TI02,2,,0,,1,1_10/101601
1,02/09395,,TI02,2,,0,,1,1_02/09395
1,04/1609325025,,PL04,4,,0,,1,1_04/1609325025
1,04/1609400050,,PL04,4,,0,,1,1_04/1609400050
1,10/11255,,TI10,2,,0,,1,1_10/11255
1,55/02505,,TI55,5,,0,,1,1_55/02505
1,02/09749M1,,TI02,2,,0,,1,1_02/09749M1
1,02/09750M1,,TI02,2,,0,,1,1_02/09750M1
1,01/09779,,TA01,1,,0,,1,1_01/09779
1,01/09846R,,TA01,1,,0,,1,1_01/09846R
1,51/90040,,TA51,1,,0,,1,1_51/90040
1,04/166700003,,PL04,4,,0,,1,1_04/166700003
1,PR/0240/0008,,PL04,4,,0,,1,1_PR/0240/0008
1,03/00183,,CA03,3,,0,,1,1_03/00183
1,28/40171,,TA28,1,,0,,1,1_28/40171
1,01/097790102,,TA01,1,,0,,1,1_01/097790102
1,01/097790104,,TA01,1,,0,,1,1_01/097790104
1,01/097790105,,TA01,1,,0,,1,1_01/097790105
1,01/097790101,,TA01,1,,0,,1,1_01/097790101
1,01/097790106,,TA01,1,,0,,1,1_01/097790106
1,PR/0107/0001,,TI02,2,,0,,1,1_PR/0107/0001
1,25/206251,,TA25,1,,0,,1,1_25/206251
1,PR/0880/0003,,TI02,2,,0,,1,1_PR/0880/0003
1,01/09781,,TA01,1,,0,,1,1_01/09781
1,01/097790111,,TA01,1,,0,,1,1_01/097790111
1,01/097790112,,TA01,1,,0,,1,1_01/097790112
1,01/097790204,,TA01,1,,0,,1,1_01/097790204
1,02/09862,,TI02,2,,0,,1,1_02/09862
1,02/09888,,TI02,2,,0,,1,1_02/09888
1,01/097790212,,TA01,1,,0,,1,1_01/097790212
1,01/097790213,,TA01,1,,0,,1,1_01/097790213
1,12/925091M1,,CV12,6,,0,,1,1_12/925091M1
1,12/900001M,,CV12,6,,0,,1,1_12/900001M
1,PR/0617/0096-C,,TI02,2,,0,,1,1_PR/0617/0096-C
1,12/332809,,CV12,6,,0,,1,1_12/332809
1,12/3328091,,CV12,6,,0,,1,1_12/3328091
1,01/097790110,,TA01,1,,0,,1,1_01/097790110
1,01/097790107,,TA01,1,,0,,1,1_01/097790107
1,01/097790109,,TA01,1,,0,,1,1_01/097790109
1,01/097790108,,TA01,1,,0,,1,1_01/097790108
1,PR/1824/0001,,TA01,1,,0,,1,1_PR/1824/0001
1,12/80887,,CV12,6,,0,,1,1_12/80887
1,PR/1672/0001,,TI02,2,,0,,1,1_PR/1672/0001
1,PR/1672/0002,,TI02,2,,0,,1,1_PR/1672/0002
1,PR/1672/0003,,TI02,2,,0,,1,1_PR/1672/0003
1,PR/1672/0004,,TI02,2,,0,,1,1_PR/1672/0004
1,01/09782,,TA01,1,,0,,1,1_01/09782
1,01/09782R,,TA01,1,,0,,1,1_01/09782R
1,12/00147,,CV12,6,,0,,1,1_12/00147
1,PR/1163/0001,,TI02,2,,0,,1,1_PR/1163/0001
1,PR/1672/0007,,TA01,1,,0,,1,1_PR/1672/0007
1,PR/1672/0006,,TA01,1,,0,,1,1_PR/1672/0006
1,PR/1672/0005,,TA01,1,,0,,1,1_PR/1672/0005
1,PR/1163/0002,,TI02,2,,0,,1,1_PR/1163/0002
1,PR/0240/0009,,TA01,1,,0,,1,1_PR/0240/0009
1,01/09965,,TA01,1,,0,,1,1_01/09965
1,PR/1643/0017,,TI02,2,,0,,1,1_PR/1643/0017
1,03/00474M,,CA03,3,,0,,1,1_03/00474M
1,58/35015,,TA58,1,,0,,1,1_58/35015
1,04/159000003,,PL04,4,,0,,1,1_04/159000003
1,11/00048A,,TA11,1,,0,,1,1_11/00048A
1,02/09749,,TI02,2,,0,,1,1_02/09749
1,01/09784,,TA01,1,,0,,1,1_01/09784
1,02/09755AR,,TI02,2,,0,,1,1_02/09755AR
1,12/80655,,CV12,6,,0,,1,1_12/80655
1,02/09792,,TI02,2,,0,,1,1_02/09792
1,55/64209,,TI55,2,,0,,1,1_55/64209
1,55/07502,,TI55,2,,0,,1,1_55/07502
1,PR/0677/0020,,TI02,2,,0,,1,1_PR/0677/0020
1,02/09788M1,,TI02,2,,0,,1,1_02/09788M1
1,PR/0617/0038,,TI02,2,,0,,1,1_PR/0617/0038
1,01/09783,,TA01,1,,0,,1,1_01/09783
1,PR/1163/0003,,TI02,2,,0,,1,1_PR/1163/0003
1,PR/1682/0001,,TA01,1,,0,,1,1_PR/1682/0001
1,12/00203,,CV12,6,,0,,1,1_12/00203
1,28/30092,,TA28,1,,0,,1,1_28/30092
1,02/09794,,TI02,2,,0,,1,1_02/09794
1,02/152900001,,TI02,2,,0,,1,1_02/152900001
1,PR/1477/0002,,TA01,1,,0,,1,1_PR/1477/0002
1,02/09793,,TI02,2,,0,,1,1_02/09793
1,02/09785R,,TI02,2,,0,,1,1_02/09785R
1,PR/0718/0002,,TI02,2,,0,,1,1_PR/0718/0002
1,02/09794M,,TI02,2,,0,,1,1_02/09794M
1,12/80888,,CV12,6,,0,,1,1_12/80888
1,02/071800001,,TI02,2,,0,,1,1_02/071800001
1,02/09755BR,,TI02,2,,0,,1,1_02/09755BR
1,01/09785,,TA01,1,,0,,1,1_01/09785
1,04/024000001,,PL04,4,,0,,1,1_04/024000001
1,02/09547A,,TI02,2,,0,,1,1_02/09547A
1,02/09547AM,,TI02,2,,0,,1,1_02/09547AM
1,03/6421175,,CA03,3,,0,,1,1_03/6421175
1,04/1609100075,,PL04,4,,0,,1,1_04/1609100075
1,PS.051-R,,YMA-PS,1,,0,,1,1_PS.051-R
1,02/09795R,,TI02,2,,0,,1,1_02/09795R
1,02/09753M,,TI02,2,,0,,1,1_02/09753M
1,PR/1163/0004,,TI02,2,,0,,1,1_PR/1163/0004
1,02/158000001M3,,TI02,2,,0,,1,1_02/158000001M3
1,12/00012,,CV12,1,,0,,1,1_12/00012
1,25/00012,,TA25,1,,0,,1,1_25/00012
1,02/09803M,,TI02,2,,0,,1,1_02/09803M
1,58/63335,,TA58,1,,0,,1,1_58/63335
1,01/09690,,TA01,1,,0,,1,1_01/09690
1,02/09075,,TI02,2,,0,,1,1_02/09075
1,02/08996,,TI02,2,,0,,1,1_02/08996
1,02/09870EM,,TI02,2,,0,,1,1_02/09870EM
1,02/09797,,TI02,2,,0,,1,1_02/09797
1,02/09798,,TI02,2,,0,,1,1_02/09798
1,02/09799,,TI02,2,,0,,1,1_02/09799
1,02/09789,,TI02,2,,0,,1,1_02/09789
1,01/09825,,TA01,1,,0,,1,1_01/09825
1,PR/1272/0011,,TA01,1,,0,,1,1_PR/1272/0011
1,PR/1163/0005,,TI02,2,,0,,1,1_PR/1163/0005
1,PR/1672/0005-A,,TA01,1,,0,,1,1_PR/1672/0005-A
1,02/09785AR,,TI02,2,,0,,1,1_02/09785AR
1,PR/1672/0007-A,,TA01,1,,0,,1,1_PR/1672/0007-A
1,PR/1672/0006-A,,TA01,1,,0,,1,1_PR/1672/0006-A
1,PR/1672/0001-A,,TI02,1,,0,,1,1_PR/1672/0001-A
1,PR/1672/0001-B,,TI02,2,,0,,1,1_PR/1672/0001-B
1,04/024000003,,PL04,4,,0,,1,1_04/024000003
1,04/024000004,,PL04,4,,0,,1,1_04/024000004
1,PR/1672/0005-B,,TA01,1,,0,,1,1_PR/1672/0005-B
1,PR/1672/0001-C,,TI02,2,,0,,1,1_PR/1672/0001-C
1,02/0974201,,TI02,2,,0,,1,1_02/0974201
1,PR/1643/0004,,TI02,2,,0,,1,1_PR/1643/0004
1,13/10531,,CA13,3,,0,,1,1_13/10531
1,02/09567A,,TI02,2,,0,,1,1_02/09567A
1,02/09800A,,TI02,2,,0,,1,1_02/09800A
1,02/10097,,TI02,2,,0,,1,1_02/10097
1,PR/1144/0025,,TA01,1,,0,,1,1_PR/1144/0025
1,02/09701A01R,,TI02,2,,0,,1,1_02/09701A01R
1,04/142100001,,PL04,4,,0,,1,1_04/142100001
1,04/143800004,,PL04,4,,0,,1,1_04/143800004
1,02/09801M,,TI02,2,,0,,1,1_02/09801M
1,PR/1557/0006,,TI02,2,,0,,1,1_PR/1557/0006
1,PR/1557/0006-A,,TI02,2,,0,,1,1_PR/1557/0006-A
1,13/10532,,CA13,3,,0,,1,1_13/10532
1,03/1421950,,CA03,3,,0,,1,1_03/1421950
1,11/00049,,TA11,1,,0,,1,1_11/00049
1,10/00905,,TI10,2,,0,,1,1_10/00905
1,10/00906,,TI10,2,,0,,1,1_10/00906
1,53/91007A,,TA53,1,,0,,1,1_53/91007A
1,02/09750,,TI02,2,,0,,1,1_02/09750
1,02/09803M1,,TI02,2,,0,,1,1_02/09803M1
1,PR/0690/0011,,CA03,3,,0,,1,1_PR/0690/0011
1,03/00317,,CA03,3,,0,,1,1_03/00317
1,PR/0013/0025,,TI02,2,,0,,1,1_PR/0013/0025
1,02/09712B,,TI02,2,,0,,1,1_02/09712B
1,02/09711BM,,TI02,2,,0,,1,1_02/09711BM
1,02/09711B,,TI02,2,,0,,1,1_02/09711B
1,02/09712BR,,TI02,2,,0,,1,1_02/09712BR
1,12/302508,,CV12,6,,0,,1,1_12/302508
1,12/80890,,CV12,6,,0,,1,1_12/80890
1,12/80889,,CV12,6,,0,,1,1_12/80889
1,12/80891,,CV12,6,,0,,1,1_12/80891
1,12/80892,,CV12,6,,0,,1,1_12/80892
1,03/00317M,,CA03,3,,0,,1,1_03/00317M
1,58/61010,,TA58,3,,0,,1,1_58/61010
1,02/10652A,,TI02,2,,0,,1,1_02/10652A
1,02/158000001M1,,TI02,2,,0,,1,1_02/158000001M1
1,PR/BEST/0001,,TI02,2,,0,,1,1_PR/BEST/0001
1,PR/0768/0005,,CA03,3,,0,,1,1_PR/0768/0005
1,PR/0768/0006,,TI02,2,,0,,1,1_PR/0768/0006
1,PR/1007/0037,,TI02,2,,0,,1,1_PR/1007/0037
1,12/PV00027,,CV12,6,,0,,1,1_12/PV00027
1,02/09712AR,,TI02,2,,0,,1,1_02/09712AR
1,02/09805,,TI02,2,,0,,1,1_02/09805
1,02/061700002,,TI02,2,,0,,1,1_02/061700002
1,PR/0617/0040,,TI02,2,,0,,1,1_PR/0617/0040
1,PR/0617/0040-A,,TI02,2,,0,,1,1_PR/0617/0040-A
1,PR/0617/0040-B,,TI02,2,,0,,1,1_PR/0617/0040-B
1,PR/0617/0040-C,,TI02,2,,0,,1,1_PR/0617/0040-C
1,12/PF00001,,CV12,6,,0,,1,1_12/PF00001
1,55/40203,,TI55,2,,0,,1,1_55/40203
1,12/CH03013001,,CV12,6,,0,,1,1_12/CH03013001
1,03/6423140,,CA03,3,,0,,1,1_03/6423140
1,PR/0267/0037,,TI02,2,,0,,1,1_PR/0267/0037
1,02/149100001,,TI02,2,,0,,1,1_02/149100001
1,02/07935,,TI02,2,,0,,1,1_02/07935
1,04/174600002,,PL04,4,,0,,1,1_04/174600002
1,02/09007,,TI02,2,,0,,1,1_02/09007
1,02/09007M,,TI02,2,,0,,1,1_02/09007M
1,02/09807M,,TI02,2,,0,,1,1_02/09807M
1,02/09808,,TI02,2,,0,,1,1_02/09808
1,PR/INRE/0001,,TA01,1,,0,,1,1_PR/INRE/0001
1,PR/INRE/0004,,TA01,1,,0,,1,1_PR/INRE/0004
1,PR/INRE/0002,,TA,1,,0,,1,1_PR/INRE/0002
1,PR/INRE/0003,,TA01,1,,0,,1,1_PR/INRE/0003
1,PR/INRE/0007,,TA01,1,,0,,1,1_PR/INRE/0007
1,PR/FASA/0001,,TI02,2,,0,,1,1_PR/FASA/0001
1,PR/1411/0005-A,,TI02,2,,0,,1,1_PR/1411/0005-A
1,PR/INRE/0008,,TA01,1,,0,,1,1_PR/INRE/0008
1,PR/0617/0041,,TA01,1,,0,,1,1_PR/0617/0041
1,02/09809,,TI02,2,,0,,1,1_02/09809
1,01/07624,,TA01,1,,0,,1,1_01/07624
1,PR/INRE/0009,,TA01,1,,0,,1,1_PR/INRE/0009
1,PR/INRE/0003-A,,TA01,1,,0,,1,1_PR/INRE/0003-A
1,PR/INRE/0001-A,,TA01,1,,0,,1,1_PR/INRE/0001-A
1,PR/INRE/0002-A,,TA01,1,,0,,1,1_PR/INRE/0002-A
1,PR/INRE/0004-A,,TA01,1,,0,,1,1_PR/INRE/0004-A
1,PR/INRE/0005-A,,TA01,1,,0,,1,1_PR/INRE/0005-A
1,PR/INRE/0006-A,,TA01,1,,0,,1,1_PR/INRE/0006-A
1,PR/INRE/0007-A,,TA01,1,,0,,1,1_PR/INRE/0007-A
1,12/512814,,CV12,6,,0,,1,1_12/512814
1,PR/FASA/0003,,TA01,1,,0,,1,1_PR/FASA/0003
1,PR/1234/0001,,TI02,2,,0,,1,1_PR/1234/0001
1,PR/1625/0005,,TA01,1,,0,,1,1_PR/1625/0005
1,02/10033M8,,TI02,2,,0,,1,1_02/10033M8
1,56/80101,,TA56,1,,0,,1,1_56/80101
1,PR/1557/0007,,TI02,2,,0,,1,1_PR/1557/0007
1,PR/FELO/0001,,TA01,1,,0,,1,1_PR/FELO/0001
1,PR/0847/0002,,TI02,2,,0,,1,1_PR/0847/0002
1,PR/0847/0001,,TI02,2,,0,,1,1_PR/0847/0001
1,PR/0847/0003,,TI02,2,,0,,1,1_PR/0847/0003
1,PR/0847/0004,,TA01,1,,0,,1,1_PR/0847/0004
1,PR/0847/0005,,TA01,1,,0,,1,1_PR/0847/0005
1,01/09810,,TA01,1,,0,,1,1_01/09810
1,PR/0847/0006,,TA01,1,,0,,1,1_PR/0847/0006
1,PR/1047/0016,,TA01,1,,0,,1,1_PR/1047/0016
1,PR/INRE/0010,,TA01,1,,0,,1,1_PR/INRE/0010
1,PR/1007/0038,,TI02,2,,0,,1,1_PR/1007/0038
1,01/10084,,TA01,1,,0,,1,1_01/10084
1,12/PV00028,,CV12,6,,0,,1,1_12/PV00028
1,PR/1619/0001,,TA01,1,,0,,1,1_PR/1619/0001
1,PR/0240/0010,,TA01,1,,0,,1,1_PR/0240/0010
1,70/7030708,,TA70,1,,0,,1,1_70/7030708
1,PR/BRAK/0001,,TA01,1,,0,,1,1_PR/BRAK/0001
1,PR/INAL/0001,,TA01,1,,0,,1,1_PR/INAL/0001
1,PR/INAL/0002,,TA01,1,,0,,1,1_PR/INAL/0002
1,PR/0235/0004,,TI02,2,,0,,1,1_PR/0235/0004
1,PR/0235/0005,,TI02,2,,0,,1,1_PR/0235/0005
1,54/40050,,TA54,1,,0,,1,1_54/40050
1,03/6421110,,CA03,3,,0,,1,1_03/6421110
1,PR/BOSC/0002,,TA01,1,,0,,1,1_PR/BOSC/0002
1,02/09816,,TI02,2,,0,,1,1_02/09816
1,02/09813M,,TI02,2,,0,,1,1_02/09813M
1,02/09870EM1,,TI02,2,,0,,1,1_02/09870EM1
1,02/09870EM2,,TI02,2,,0,,1,1_02/09870EM2
1,02/09870DM,,TI02,2,,0,,1,1_02/09870DM
1,PR/1286/0006,,TA01,1,,0,,1,1_PR/1286/0006
1,PR/0845/0023,,TI02,2,,0,,1,1_PR/0845/0023
1,12/PF00002,,CV12,6,,0,,1,1_12/PF00002
1,01/09788,,TA01,1,,0,,1,1_01/09788
1,03/00321,,CA03,3,,0,,1,1_03/00321
1,PR/1478/0003-A,,PL04,4,,0,,1,1_PR/1478/0003-A
1,PR/0617/0042,,TI02,2,,0,,1,1_PR/0617/0042
1,57/312010,,TA57,1,,0,,1,1_57/312010
1,PR/1286/0007,,TA01,1,,0,,1,1_PR/1286/0007
1,57/312012,,TA57,1,,0,,1,1_57/312012
1,57/312015,,TA57,1,,0,,1,1_57/312015
1,PR/2134/0001,,TA01,1,,0,,1,1_PR/2134/0001
1,PR/2134/0002,,TA01,1,,0,,1,1_PR/2134/0002
1,56/31505,,TA56,1,,0,,1,1_56/31505
1,PR/EKTA/0008,,TA01,1,,0,,1,1_PR/EKTA/0008
1,PR/1050/0004,,TI02,2,,0,,1,1_PR/1050/0004
1,01/097790113M,,TA01,1,,0,,1,1_01/097790113M
1,12/TF00005,,CV12,6,,0,,1,1_12/TF00005
1,PR/EMME/0001,,TA01,1,,0,,1,1_PR/EMME/0001
1,PR/0617/0043,,TI02,2,,0,,1,1_PR/0617/0043
1,70/1402030320,,TA70,1,,0,,1,1_70/1402030320
1,PR/INRE/0011,,TA01,1,,0,,1,1_PR/INRE/0011
1,PR/INRE/0012,,TA01,1,,0,,1,1_PR/INRE/0012
1,12/930101,,CV12,6,,0,,1,1_12/930101
1,01/09790,,TA01,1,,0,,1,1_01/09790
1,12/80018,,CV12,6,,0,,1,1_12/80018
1,02/10191,,TI02,2,,0,,1,1_02/10191
1,PR/EMME/0002,,TI02,2,,0,,1,1_PR/EMME/0002
1,12/80019,,CV12,6,,0,,1,1_12/80019
1,02/09817,,TI02,2,,0,,1,1_02/09817
1,01/0870202,,TA01,1,,0,,1,1_01/0870202
1,PR/0871/0003,,TA01,1,,0,,1,1_PR/0871/0003
1,02/09817M,,TI02,2,,0,,1,1_02/09817M
1,PR/INAL/0001-A,,TA01,1,,0,,1,1_PR/INAL/0001-A
1,PR/2134/0003,,TA01,1,,0,,1,1_PR/2134/0003
1,04/1609035035,,PL04,4,,0,,1,1_04/1609035035
1,02/09818M,,TI02,2,,0,,1,1_02/09818M
1,02/09818M1,,TI02,2,,0,,1,1_02/09818M1
1,PR/0617/0044,,TI02,2,,0,,1,1_PR/0617/0044
1,02/09811R,,TI02,2,,0,,1,1_02/09811R
1,02/10002,,TI02,2,,0,,1,1_02/10002
1,PR/1007/0039,,TI02,2,,0,,1,1_PR/1007/0039
1,PR/BRAK/0002,,TA01,3,,0,,1,1_PR/BRAK/0002
1,PR/BRAK/0003,,TA01,1,,0,,1,1_PR/BRAK/0003
1,12/TPG309-O,,CV12,6,,0,,1,1_12/TPG309-O
1,54/35008,,TA54,1,,0,,1,1_54/35008
1,02/08444,,TI02,2,,0,,1,1_02/08444
1,12/930101M,,CV12,6,,0,,1,1_12/930101M
1,01/09791H,,TA01,1,,0,,1,1_01/09791H
1,01/09795,,TA01,1,,0,,1,1_01/09795
1,PR/0977/0002,,TA01,1,,0,,1,1_PR/0977/0002
1,02/09820,,TI02,2,,0,,1,1_02/09820
1,02/09821,,TI02,2,,0,,1,1_02/09821
1,02/09822,,TI02,2,,0,,1,1_02/09822
1,02/08445,,TI02,2,,0,,1,1_02/08445
1,02/08446,,TI02,2,,0,,1,1_02/08446
1,02/061700003,,TI02,2,,0,,1,1_02/061700003
1,02/09823,,TI02,2,,0,,1,1_02/09823
1,02/09820M,,TI02,2,,0,,1,1_02/09820M
1,04/00421,,PL04,4,,0,,1,1_04/00421
1,PR/0977/0003,,TA01,1,,0,,1,1_PR/0977/0003
1,10/1087030,,TI10,2,,0,,1,1_10/1087030
1,PR/SGAG/0004,,TA01,1,,0,,1,1_PR/SGAG/0004
1,PR/0890/0002,,TA01,1,,0,,1,1_PR/0890/0002
1,10/1087030M,,TI02,2,,0,,1,1_10/1087030M
1,PR/1234/0002,,TI02,3,,0,,1,1_PR/1234/0002
1,01/09794,,TA01,1,,0,,1,1_01/09794
1,12/TI00008,,CV12,6,,0,,1,1_12/TI00008
1,02/08781,,TI02,2,,0,,1,1_02/08781
1,92/00014,,XTI92,8,,0,,1,1_92/00014
1,01/09792M,,TA01,1,,0,,1,1_01/09792M
1,PR/1436/0001,,TA01,1,,0,,1,1_PR/1436/0001
1,03/1531060,,CA03,3,,0,,1,1_03/1531060
1,02/09825,,TI02,2,,0,,1,1_02/09825
1,PR/1436/0002,,TA01,1,,0,,1,1_PR/1436/0002
1,10/11060,,TI10,2,,0,,1,1_10/11060
1,12/PP00107,,CV12,6,,0,,1,1_12/PP00107
1,12/PP00108,,CV12,6,,0,,1,1_12/PP00108
1,02/033100001,,TI02,2,,0,,1,1_02/033100001
1,02/10361,,TI02,2,,0,,1,1_02/10361
1,02/10090M,,TI02,2,,0,,1,1_02/10090M
1,PR/0104/0014,,TI02,2,,0,,1,1_PR/0104/0014
1,01/09794M1,,TA01,1,,0,,1,1_01/09794M1
1,01/09798,,TA01,1,,0,,1,1_01/09798
1,13/10567,,CA13,3,,0,,1,1_13/10567
1,PR/1217/0001,,TI02,2,,0,,1,1_PR/1217/0001
1,12/PV00029,,CV12,6,,0,,1,1_12/PV00029
1,PR/INRE/0009-A,,TA01,1,,0,,1,1_PR/INRE/0009-A
1,PR/1689/0001,,CA03,3,,0,,1,1_PR/1689/0001
1,12/80896,,CV12,6,,0,,1,1_12/80896
1,02/075800002,,TI02,2,,0,,1,1_02/075800002
1,PR/0617/0039-B,,TI02,1,,0,,1,1_PR/0617/0039-B
1,PR/0617/0039-C.1,,TI02,2,,0,,1,1_PR/0617/0039-C.1
1,PR/0617/0039-C.2,,TI02,2,,0,,1,1_PR/0617/0039-C.2
1,03/00329M,,CA03,3,,0,,1,1_03/00329M
1,01/09798M,,TA01,1,,0,,1,1_01/09798M
1,02/09827,,TI02,2,,0,,1,1_02/09827
1,02/09827M,,TI02,2,,0,,1,1_02/09827M
1,PR/0617/0361,,TI02,2,,0,,1,1_PR/0617/0361
1,01/09793,,TA01,1,,0,,1,1_01/09793
1,70/24006500500,,TA70,1,,0,,1,1_70/24006500500
1,55/00161MP,,TI55,2,,0,,1,1_55/00161MP
1,PR/0617/0054,,TI02,2,,0,,1,1_PR/0617/0054
1,12/PG05012,,CV12,6,,0,,1,1_12/PG05012
1,12/PG05024,,CV12,6,,0,,1,1_12/PG05024
1,02/09312A,,TI02,2,,0,,1,1_02/09312A
1,PR/0234/0005,,TA01,1,,0,,1,1_PR/0234/0005
1,03/00320,,CA03,3,,0,,1,1_03/00320
1,03/00328M,,CA03,3,,0,,1,1_03/00328M
1,02/075800001,,TI02,2,,0,,1,1_02/075800001
1,12/PG05020,,CV12,6,,0,,1,1_12/PG05020
1,PR/0617/0046,,TI02,2,,0,,1,1_PR/0617/0046
1,PR/0617/0045,,TI02,2,,0,,1,1_PR/0617/0045
1,PR/0617/0047,,TI02,2,,0,,1,1_PR/0617/0047
1,PR/1240/0002,,TA01,1,,0,,1,1_PR/1240/0002
1,13/10902B,,CA13,3,,0,,1,1_13/10902B
1,03/2321044,,CA03,3,,0,,1,1_03/2321044
1,04/1609125075,,PL04,4,,0,,1,1_04/1609125075
1,04/1609150100,,PL04,4,,0,,1,1_04/1609150100
1,04/1609225025,,PL04,4,,0,,1,1_04/1609225025
1,04/1609125100,,PL04,4,,0,,1,1_04/1609125100
1,04/1609175100,,PL04,4,,0,,1,1_04/1609175100
1,04/1609100050A,,PL04,4,,0,,1,1_04/1609100050A
1,04/1609225050A,,PL04,4,,0,,1,1_04/1609225050A
1,PR/LUKR/0001,,TA01,1,,0,,1,1_PR/LUKR/0001
1,PR/LUKR/0002,,TA01,1,,0,,1,1_PR/LUKR/0002
1,12/5160253R,,CV12,6,,0,,1,1_12/5160253R
1,13/10903B,,CA13,3,,0,,1,1_13/10903B
1,91/00104,,XTA91,8,,0,,1,1_91/00104
1,91/00101,,XTA91,8,,0,,1,1_91/00101
1,PR/0890/0003,,TA01,1,,0,,1,1_PR/0890/0003
1,PR/FASA/0001-A,,TI02,2,,0,,1,1_PR/FASA/0001-A
1,PR/1240/0003,,TA01,1,,0,,1,1_PR/1240/0003
1,PR/0890/0004,,TA01,1,,0,,1,1_PR/0890/0004
1,PR/2013/0013,,TI02,2,,0,,1,1_PR/2013/0013
1,PR/2013/0014,,TI02,2,,0,,1,1_PR/2013/0014
1,02/09824R,,TI02,2,,0,,1,1_02/09824R
1,02/09824,,TI02,2,,0,,1,1_02/09824
1,12/80893,,CV12,6,,0,,1,1_12/80893
1,PR/0532/0001,,TA01,1,,0,,1,1_PR/0532/0001
1,PR/1389/0004,,TA01,1,,0,,1,1_PR/1389/0004
1,04/1609070070,,PL04,4,,0,,1,1_04/1609070070
1,80/00203,,PL80,4,,0,,1,1_80/00203
1,01/08277,,TA01,1,,0,,1,1_01/08277
1,12/152300001,,CV12,6,,0,,1,1_12/152300001
1,04/1609100070,,PL04,4,,0,,1,1_04/1609100070
1,04/1609150060,,PL04,4,,0,,1,1_04/1609150060
1,04/1609150070,,PL04,4,,0,,1,1_04/1609150070
1,PR/0194/0001,,TA01,1,,0,,1,1_PR/0194/0001
1,02/09959,,TI02,2,,0,,1,1_02/09959
1,01/100000001,,TA01,1,,0,,1,1_01/100000001
1,04/1609175075,,PL04,4,,0,,1,1_04/1609175075
1,02/09829,,TI02,2,,0,,1,1_02/09829
1,02/09830,,TI02,2,,0,,1,1_02/09830
1,02/09831,,TI02,2,,0,,1,1_02/09831
1,02/061700004,,TI02,2,,0,,1,1_02/061700004
1,02/09832,,TI02,2,,0,,1,1_02/09832
1,12/2515081,,CV12,6,,0,,1,1_12/2515081
1,PR/1478/0003,,PL04,4,,0,,1,1_PR/1478/0003
1,02/09599,,TI02,2,,0,,1,1_02/09599
1,PR/0890/0003-A,,TA01,1,,0,,1,1_PR/0890/0003-A
1,PR/1002/0001,,TA01,1,,0,,1,1_PR/1002/0001
1,PR/0787/0001,,TI02,2,,0,,1,1_PR/0787/0001
1,02/09833M1,,TI02,2,,0,,1,1_02/09833M1
1,02/09600,,TI02,2,,0,,1,1_02/09600
1,92/00002,,XTI92,8,,0,,1,1_92/00002
1,03/00233R,,CA03,3,,0,,1,1_03/00233R
1,01/0961101,,TA01,1,,0,,1,1_01/0961101
1,01/09789,,TA01,1,,0,,1,1_01/09789
1,PR/1007/0040,,PL04,4,,0,,1,1_PR/1007/0040
1,92/00191,,X,0,,0,,1,1_92/00191
1,92/00189A,,X,0,,0,,1,1_92/00189A
1,92/00190,,X,0,,0,,1,1_92/00190
1,92/00190A,,X,0,,0,,1,1_92/00190A
1,92/00192,,X,0,,0,,1,1_92/00192
1,PR/1206/0019,,TA01,1,,0,,1,1_PR/1206/0019
1,92/00200,,X,0,,0,,1,1_92/00200
1,92/00201,,X,0,,0,,1,1_92/00201
1,02/10640,,TI02,2,,0,,1,1_02/10640
1,92/00203,,X,0,,0,,1,1_92/00203
1,92/00254,,XTI92,0,,0,,1,1_92/00254
1,92/00256,,XTI92,0,,0,,1,1_92/00256
1,92/00258,,XTI92,0,,0,,1,1_92/00258
1,92/00193,,X,0,,0,,1,1_92/00193
1,PR/0617/0039,,TI02,2,,0,,1,1_PR/0617/0039
1,PR/0617/0039-A,,TI02,2,,0,,1,1_PR/0617/0039-A
1,03/00322,,CA03,3,,0,,1,1_03/00322
1,12/PV00032,,CV12,6,,0,,1,1_12/PV00032
1,03/00322M,,CA03,3,,0,,1,1_03/00322M
1,03/00323,,CA03,3,,0,,1,1_03/00323
1,04/1609300075,,PL04,4,,0,,1,1_04/1609300075
1,03/00323M,,CA03,3,,0,,1,1_03/00323M
1,PR/0617/0048,,TI02,2,,0,,1,1_PR/0617/0048
1,04/147800001,,PL04,4,,0,,1,1_04/147800001
1,PR/0617/0052,,TI02,2,,0,,1,1_PR/0617/0052
1,04/143800008A,,PL04,4,,0,,1,1_04/143800008A
1,12/2530101,,CV12,6,,0,,1,1_12/2530101
1,PR/0617/0049,,TA01,1,,0,,1,1_PR/0617/0049
1,PR/0617/0049-A,,TA01,1,,0,,1,1_PR/0617/0049-A
1,26/620620,,TA26,1,,0,,1,1_26/620620
1,91/80030,,XTA91,8,,0,,1,1_91/80030
1,12/80894,,CV12,6,,0,,1,1_12/80894
1,PR/0104/0015,,TA01,1,,0,,1,1_PR/0104/0015
1,PR/1002/0003,,TI02,2,,0,,1,1_PR/1002/0003
1,02/147400003,,TI02,2,,0,,1,1_02/147400003
1,PR/1295/0003,,TI02,2,,0,,1,1_PR/1295/0003
1,02/09819M2,,TI02,2,,0,,1,1_02/09819M2
1,01/09799,,TA01,1,,0,,1,1_01/09799
1,01/09800,,TA01,1,,0,,1,1_01/09800
1,01/150200001,,TA01,1,,0,,1,1_01/150200001
1,PR/1217/0001-A,,TI02,2,,0,,1,1_PR/1217/0001-A
1,01/0980002,,TA01,1,,0,,1,1_01/0980002
1,01/0980001,,TA01,1,,0,,1,1_01/0980001
1,01/09815A,,TA01,1,,0,,1,1_01/09815A
1,01/09803,,TA01,1,,0,,1,1_01/09803
1,01/0990601,,TA01,1,,0,,1,1_01/0990601
1,02/09838M,,TI02,2,,0,,1,1_02/09838M
1,PR/0617/0051,,TI02,2,,0,,1,1_PR/0617/0051
1,PR/0532/0002,,TA01,1,,0,,1,1_PR/0532/0002
1,PR/0532/0003,,TA01,1,,0,,1,1_PR/0532/0003
1,PR/0532/0004,,TA01,1,,0,,1,1_PR/0532/0004
1,12/141100001,,CV12,6,,0,,1,1_12/141100001
1,02/10262M,,TI02,2,,0,,1,1_02/10262M
1,04/024000020,,PL04,4,,0,,1,1_04/024000020
1,PR/PIAT/0002,,TA01,1,,0,,1,1_PR/PIAT/0002
1,.91P,,XTA91,8,,0,,1,1_.91P
1,01/09800M,,TA01,1,,0,,1,1_01/09800M
1,01/09800M1,,TA01,1,,0,,1,1_01/09800M1
1,04/1609100060B,,PL04,4,,0,,1,1_04/1609100060B
1,55/450108AM,,TI55,2,,0,,1,1_55/450108AM
1,02/061700005,,TI02,2,,0,,1,1_02/061700005
1,02/08544M,,TI02,2,,0,,1,1_02/08544M
1,02/08626M,,TI02,2,,0,,1,1_02/08626M
1,PR/0104/0016,,TI02,2,,0,,1,1_PR/0104/0016
1,PR/0104/0017,,TA01,1,,0,,1,1_PR/0104/0017
1,PR/0617/0053,,TI02,2,,0,,1,1_PR/0617/0053
1,PR/FASA/0002,,TA01,1,,0,,1,1_PR/FASA/0002
1,PR/FASA/0002-A,,TA01,1,,0,,1,1_PR/FASA/0002-A
1,PR/0617/0050,,TI02,2,,0,,1,1_PR/0617/0050
1,PR/0617/0050-A,,TI02,2,,0,,1,1_PR/0617/0050-A
1,02/09963M,,TI02,2,,0,,1,1_02/09963M
1,02/09839,,TI02,2,,0,,1,1_02/09839
1,12/CH01012010,,CV12,6,,0,,1,1_12/CH01012010
1,12/CH01052010,,CV12,6,,0,,1,1_12/CH01052010
1,02/09840,,TI02,2,,0,,1,1_02/09840
1,02/09840M,,TI02,2,,0,,1,1_02/09840M
1,02/000600001,,TI02,2,,0,,1,1_02/000600001
1,02/0983301,,TI02,2,,0,,1,1_02/0983301
1,04/1609200100,,PL04,4,,0,,1,1_04/1609200100
1,02/10275,,TI02,2,,0,,1,1_02/10275
1,PR/1126/0002,,TI02,2,,0,,1,1_PR/1126/0002
1,PR/1126/0002R,,TI02,2,,0,,1,1_PR/1126/0002R
1,PR/1641/0008,,TA01,1,,0,,1,1_PR/1641/0008
1,PR/1126/0001,,TI02,2,,0,,1,1_PR/1126/0001
1,PR/GOME/0001,,PL04,4,,0,,1,1_PR/GOME/0001
1,02/09333R,,TI02,2,,0,,1,1_02/09333R
1,PR/0267/0039,,CA03,3,,0,,1,1_PR/0267/0039
1,PR/0267/0038,,CA03,3,,0,,1,1_PR/0267/0038
1,02/09846,,TI02,2,,0,,1,1_02/09846
1,02/09828,,TI02,2,,0,,1,1_02/09828
1,PR/1557/0018,,TI02,2,,0,,1,1_PR/1557/0018
1,02/0910402,,TI02,2,,0,,1,1_02/0910402
1,04/143800005,,PL04,4,,0,,1,1_04/143800005
1,PR/0048/0018,,TA01,1,,0,,1,1_PR/0048/0018
1,PR/0048/0015,,TA01,1,,0,,1,1_PR/0048/0015
1,PR/0617/0055,,PL04,4,,0,,1,1_PR/0617/0055
1,02/09858,,TI02,2,,0,,1,1_02/09858
1,PR/1271/0001,,TA01,1,,0,,1,1_PR/1271/0001
1,YMA-AC,,,0,,0,,1,1_YMA-AC
1,YMA-US,,,0,,0,,1,1_YMA-US
1,12/80933,,CV12,6,,0,,1,1_12/80933
1,YMA-PO,,,0,,0,,1,1_YMA-PO
1,YMA-MA,,,0,,0,,1,1_YMA-MA
1,03/00406,,CA03,3,,0,,1,1_03/00406
1,YMA-UP,,,0,,0,,1,1_YMA-UP
1,YMA-PU,,,0,,0,,1,1_YMA-PU
1,03/00340,,CA03,3,,0,,1,1_03/00340
1,YMA-CM,,,0,,0,,1,1_YMA-CM
1,YMA-UT,,,0,,0,,1,1_YMA-UT
1,YMA-UD,,,0,,0,,1,1_YMA-UD
1,YMA-PS,,,0,,0,,1,1_YMA-PS
1,YMA-MF,,,0,,0,,1,1_YMA-MF
1,YMA-BA,,,0,,0,,1,1_YMA-BA
1,12/CH01011020,,CV12,6,,0,,1,1_12/CH01011020
1,YMA,,,0,,0,,1,1_YMA
1,10/14520,,TI10,2,,0,,1,1_10/14520
1,AC.012,,YMA-AC,1,,0,,1,1_AC.012
1,02/10169,,TI02,2,,0,,1,1_02/10169
1,12/80021,,CV12,6,,0,,1,1_12/80021
1,10/10194M,,TI10,2,,0,,1,1_10/10194M
1,12/141100002,,CV12,6,,0,,1,1_12/141100002
1,PR/1007/0041,,CA03,3,,0,,1,1_PR/1007/0041
1,PR/1643/0005,,TI02,2,,0,,1,1_PR/1643/0005
1,PR/JEYC/0001,,TA01,1,,0,,1,1_PR/JEYC/0001
1,01/09978,,TA01,1,,0,,1,1_01/09978
1,PR/1643/0005-A,,TI02,2,,0,,1,1_PR/1643/0005-A
1,PR/1643/0004-A,,TI02,2,,0,,1,1_PR/1643/0004-A
1,02/075800003,,TI02,2,,0,,1,1_02/075800003
1,02/10140M,,TI02,2,,0,,1,1_02/10140M
1,03/00324,,CA03,3,,0,,1,1_03/00324
1,02/09853,,TI02,2,,0,,1,1_02/09853
1,02/09850,,TI02,2,,0,,1,1_02/09850
1,12/CH01011005,,CV12,6,,0,,1,1_12/CH01011005
1,PR/0016/0001,,TI02,2,,0,,1,1_PR/0016/0001
1,01/09802,,TA01,1,,0,,1,1_01/09802
1,04/142100002,,PL04,4,,0,,1,1_04/142100002
1,PR/0016/0002,,TI02,2,,0,,1,1_PR/0016/0002
1,03/6431090,,CA03,3,,0,,1,1_03/6431090
1,03/6431100,,CA03,3,,0,,1,1_03/6431100
1,03/00325,,CA03,3,,0,,1,1_03/00325
1,04/100700001,,PL04,4,,0,,1,1_04/100700001
1,PR/0076/0003,,TI02,2,,0,,1,1_PR/0076/0003
1,53/51608108,,TA53,1,,0,,1,1_53/51608108
1,12/PV00033,,CV12,6,,0,,1,1_12/PV00033
1,02/022800001,,TI02,2,,0,,1,1_02/022800001
1,02/09852,,TI02,2,,0,,1,1_02/09852
1,03/00453,,CA03,3,,0,,1,1_03/00453
1,01/09437R,,TA01,1,,0,,1,1_01/09437R
1,02/09853M,,TI02,2,,0,,1,1_02/09853M
1,PR/0048/0016,,TI02,2,,0,,1,1_PR/0048/0016
1,PR/0048/0017,,TI02,2,,0,,1,1_PR/0048/0017
1,PR/0619/0002,,TA01,1,,0,,1,1_PR/0619/0002
1,PR/0619/0002-A,,TA01,1,,0,,1,1_PR/0619/0002-A
1,AC.010,,YMA-AC,1,,0,,1,1_AC.010
1,AC.010-01,,YMA-AC,1,,0,,1,1_AC.010-01
1,PR/1439/0007,,TA01,1,,0,,1,1_PR/1439/0007
1,PR/0723/0001,,TI02,2,,0,,1,1_PR/0723/0001
1,12/70214R,,CV12,6,,0,,1,1_12/70214R
1,03/033100001,,CA03,3,,0,,1,1_03/033100001
1,PR/1564/0013,,TA01,1,,0,,1,1_PR/1564/0013
1,PR/JEYC/0002,,TA01,1,,0,,1,1_PR/JEYC/0002
1,PR/1286/0013,,TI02,2,,0,,1,1_PR/1286/0013
1,02/09870FM,,TI02,2,,0,,1,1_02/09870FM
1,02/09856,,TI02,2,,0,,1,1_02/09856
1,04/147800005,,PL04,4,,0,,1,1_04/147800005
1,12/PL00007,,CV12,6,,0,,1,1_12/PL00007
1,PR/1643/0018,,TI02,2,,0,,1,1_PR/1643/0018
1,PR/1007/0042,,TI02,2,,0,,1,1_PR/1007/0042
1,01/09804M,,TA01,1,,0,,1,1_01/09804M
1,01/09803M,,TA01,1,,0,,1,1_01/09803M
1,PR/1240/0004,,TI02,2,,0,,1,1_PR/1240/0004
1,PR/1007/0043,,TI02,2,,0,,1,1_PR/1007/0043
1,PR/1007/0042-A,,TA01,1,,0,,1,1_PR/1007/0042-A
1,PR/1007/0043-A,,TA01,1,,0,,1,1_PR/1007/0043-A
1,PR/0970/0005,,TA01,1,,0,,1,1_PR/0970/0005
1,02/075800003M,,TI02,2,,0,,1,1_02/075800003M
1,01/09804,,TA01,1,,0,,1,1_01/09804
1,02/075800002M,,TI02,2,,0,,1,1_02/075800002M
1,10/080100,,TI10,2,,0,,1,1_10/080100
1,02/09859R,,TI02,2,,0,,1,1_02/09859R
1,55/01205,,TI55,2,,0,,1,1_55/01205
1,PR/1683/0001,,TI02,2,,0,,1,1_PR/1683/0001
1,12/PV00037,,CV12,6,,0,,1,1_12/PV00037
1,03/6523120R,,CA03,3,,0,,1,1_03/6523120R
1,12/141100003,,CV12,6,,0,,1,1_12/141100003
1,04/169500001,,PL04,4,,0,,1,1_04/169500001
1,01/047900001,,TA01,1,,0,,1,1_01/047900001
1,PR/1203/0008,,TI02,2,,0,,1,1_PR/1203/0008
1,PR/0634/0009,,TA01,1,,0,,1,1_PR/0634/0009
1,01/09805,,TA01,1,,0,,1,1_01/09805
1,01/09806,,TA01,1,,0,,1,1_01/09806
1,01/09807,,TA01,1,,0,,1,1_01/09807
1,02/09860,,TI02,2,,0,,1,1_02/09860
1,12/PV00034,,CV12,6,,0,,1,1_12/PV00034
1,12/PV00035,,CV12,6,,0,,1,1_12/PV00035
1,12/PV00036,,CV12,6,,0,,1,1_12/PV00036
1,PR/1690/0002,,TA01,1,,0,,1,1_PR/1690/0002
1,PR/CONC/0001,,TA01,1,,0,,1,1_PR/CONC/0001
1,PR/1203/0008R,,TI02,2,,0,,1,1_PR/1203/0008R
1,PR/CONC/0002,,TA01,1,,0,,1,1_PR/CONC/0002
1,04/1609100050D,,PL04,4,,0,,1,1_04/1609100050D
1,04/1609100050C,,PL04,4,,0,,1,1_04/1609100050C
1,12/CH04011010,,CV12,6,,0,,1,1_12/CH04011010
1,BA.042,,YMA-BA,1,,0,,1,1_BA.042
1,BA.042-01,,YMA-BA,1,,0,,1,1_BA.042-01
1,12/CH04012010,,CV12,6,,0,,1,1_12/CH04012010
1,MF.004,,YMA-MF,1,,0,,1,1_MF.004
1,MF.004-M,,YMA-MF,1,,0,,1,1_MF.004-M
1,MF.004-M1,,YMA-MF,1,,0,,1,1_MF.004-M1
1,BA.042-P,,YMA-BA,1,,0,,1,1_BA.042-P
1,12/071800001,,CV12,6,,0,,1,1_12/071800001
1,UP.067,,YMA-UP,1,,0,,1,1_UP.067
1,PU.156,,YMA-PU,1,,0,,1,1_PU.156
1,PU.156-01,,YMA-PU,1,,0,,1,1_PU.156-01
1,PR/1690/0003,,TA01,1,,0,,1,1_PR/1690/0003
1,PU.161,,YMA-PU,1,,0,,1,1_PU.161
1,PU.161-M,,YMA-PU,1,,0,,1,1_PU.161-M
1,02/169600001M1,,TI02,2,,0,,1,1_02/169600001M1
1,PO.017,,YMA-PO,1,,0,,1,1_PO.017
1,PO.017-01,,YMA-PO,1,,0,,1,1_PO.017-01
1,PO.017-P,,YMA-PO,1,,0,,1,1_PO.017-P
1,02/169600001M,,TI02,2,,0,,1,1_02/169600001M
1,PO.018,,YMA-PO,1,,0,,1,1_PO.018
1,PO.018-01,,YMA-PO,1,,0,,1,1_PO.018-01
1,PO.018-P,,YMA-PO,1,,0,,1,1_PO.018-P
1,PR/MART/0002,,TA01,1,,0,,1,1_PR/MART/0002
1,02/10681,,TI02,2,,0,,1,1_02/10681
1,PS.043,,YMA-PS,1,,0,,1,1_PS.043
1,PR/1217/0002,,TI02,2,,0,,1,1_PR/1217/0002
1,PR/MART/0001,,TA01,1,,0,,1,1_PR/MART/0001
1,PR/MART/0003,,TA01,1,,0,,1,1_PR/MART/0003
1,01/08522R,,TA01,1,,0,,1,1_01/08522R
1,02/09858A,,TI02,2,,0,,1,1_02/09858A
1,PR/0101/0003,,CA03,3,,0,,1,1_PR/0101/0003
1,PR/0101/0004,,CA03,3,,0,,1,1_PR/0101/0004
1,PR/0101/0005,,CA03,3,,0,,1,1_PR/0101/0005
1,53/6404020,,TA53,1,,0,,1,1_53/6404020
1,01/09808,,TA01,1,,0,,1,1_01/09808
1,12/PV00038,,CV12,6,,0,,1,1_12/PV00038
1,PR/0104/0018,,TA01,1,,0,,1,1_PR/0104/0018
1,PR/0104/0019,,TA01,1,,0,,1,1_PR/0104/0019
1,PR/0104/0020,,TI02,2,,0,,1,1_PR/0104/0020
1,PR/0104/0021,,TI02,2,,0,,1,1_PR/0104/0021
1,PR/1642/0004,,TI02,2,,0,,1,1_PR/1642/0004
1,PR/0104/0022,,TA01,1,,0,,1,1_PR/0104/0022
1,12/PV00039,,CV12,6,,0,,1,1_12/PV00039
1,PR/0101/0004-A,,CA03,3,,0,,1,1_PR/0101/0004-A
1,02/09735,,TI02,2,,0,,1,1_02/09735
1,02/09861M,,TI02,2,,0,,1,1_02/09861M
1,02/09861,,TI02,2,,0,,1,1_02/09861
1,01/09773R,,TA01,1,,0,,1,1_01/09773R
1,PR/0085/0005-A,,TA01,1,,0,,1,1_PR/0085/0005-A
1,55/02005,,TI55,2,,0,,1,1_55/02005
1,01/09772R,,TA01,1,,0,,1,1_01/09772R
1,01/0977201,,TA01,1,,0,,1,1_01/0977201
1,02/09884AM1,,TI02,2,,0,,1,1_02/09884AM1
1,01/050031800,,TA01,3,,0,,1,1_01/050031800
1,04/105000001,,PL04,4,,0,,1,1_04/105000001
1,12/RQ00028M,,CV12,6,,0,,1,1_12/RQ00028M
1,12/PL00003,,CV12,6,,0,,1,1_12/PL00003
1,26/00216,,TA26,1,,0,,1,1_26/00216
1,26/01670,,TA26,1,,0,,1,1_26/01670
1,PR/0048/0019,,TA01,1,,0,,1,1_PR/0048/0019
1,12/PL00008,,CV12,6,,0,,1,1_12/PL00008
1,04/100700001A,,PL04,4,,0,,1,1_04/100700001A
1,PR/1698/0005-A,,TA01,1,,0,,1,1_PR/1698/0005-A
1,PS.044,,YMA-PS,1,,0,,1,1_PS.044
1,PR/0845/0017,,TI02,2,,0,,1,1_PR/0845/0017
1,02/09864M,,TI02,2,,0,,1,1_02/09864M
1,02/09865,,TI02,2,,0,,1,1_02/09865
1,02/09865M,,TI02,2,,0,,1,1_02/09865M
1,02/09863,,TI02,2,,0,,1,1_02/09863
1,02/09863M,,TI02,2,,0,,1,1_02/09863M
1,02/09864,,TI02,2,,0,,1,1_02/09864
1,12/RQ00028,,CV12,6,,0,,1,1_12/RQ00028
1,PR/KONF/0001,,TA01,1,,0,,1,1_PR/KONF/0001
1,PR/KONF/0002,,TA01,1,,0,,1,1_PR/KONF/0002
1,PR/KONF/0003,,TA01,1,,0,,1,1_PR/KONF/0003
1,01/09812R,,TA01,1,,0,,1,1_01/09812R
1,PR/PIAT/0005,,TA01,1,,0,,1,1_PR/PIAT/0005
1,10/101921,,TI02,2,,0,,1,1_10/101921
1,04/161900001,,PL04,4,,0,,1,1_04/161900001
1,04/161900002,,PL04,4,,0,,1,1_04/161900002
1,12/5125101,,CV12,6,,0,,1,1_12/5125101
1,53/450501,,TA53,1,,0,,1,1_53/450501
1,01/09809R,,TA01,1,,0,,1,1_01/09809R
1,01/09811R,,TA01,1,,0,,1,1_01/09811R
1,01/09809,,TA01,1,,0,,1,1_01/09809
1,12/50011,,CV12,6,,0,,1,1_12/50011
1,04/1609050025,,PL04,4,,0,,1,1_04/1609050025
1,01/100100950,,TA01,1,,0,,1,1_01/100100950
1,01/100100950A,,TA01,1,,0,,1,1_01/100100950A
1,01/169000001,,TA01,1,,0,,1,1_01/169000001
1,PR/1234/0003,,TI02,2,,0,,1,1_PR/1234/0003
1,25/00012A,,TA25,1,,0,,1,1_25/00012A
1,PR/0048/0019-A,,TA01,1,,0,,1,1_PR/0048/0019-A
1,CM.093,,YMA-CM,1,,0,,1,1_CM.093
1,CM.094,,YMA-CM,1,,0,,1,1_CM.094
1,PR/DEPU/0002,,TI02,2,,0,,1,1_PR/DEPU/0002
1,UP.069,,YMA-UP,1,,0,,1,1_UP.069
1,PR/DEPU/0001-A,,TI02,2,,0,,1,1_PR/DEPU/0001-A
1,02/07647,,TI02,2,,0,,1,1_02/07647
1,01/09815,,TA01,1,,0,,1,1_01/09815
1,UP.068,,YMA-UP,1,,0,,1,1_UP.068
1,PR/0048/0020-A,,TA01,1,,0,,1,1_PR/0048/0020-A
1,12/XG320010,,CV12,6,,0,,1,1_12/XG320010
1,PR/0048/0021,,TA01,1,,0,,1,1_PR/0048/0021
1,PR/0048/0021-A,,TA01,1,,0,,1,1_PR/0048/0021-A
1,PR/0048/0020,,TA01,1,,0,,1,1_PR/0048/0020
1,04/169900001,,PL04,4,,0,,1,1_04/169900001
1,04/169900002,,PL04,4,,0,,1,1_04/169900002
1,PR/CAIF/0001,,TA01,1,,0,,1,1_PR/CAIF/0001
1,12/131400001,,CV12,6,,0,,1,1_12/131400001
1,PR/FELO/0002,,TA01,1,,0,,1,1_PR/FELO/0002
1,02/09870M3,,TI02,2,,0,,1,1_02/09870M3
1,03/00326M,,CA03,3,,0,,1,1_03/00326M
1,02/09870FM1,,TI02,2,,0,,1,1_02/09870FM1
1,PR/DEPU/0002-A,,TI02,2,,0,,1,1_PR/DEPU/0002-A
1,PR/0617/0091,,TI02,2,,0,,1,1_PR/0617/0091
1,02/10251,,TI02,2,,0,,1,1_02/10251
1,12/4225081R,,CV12,6,,0,,1,1_12/4225081R
1,12/5055,,CV12,6,,0,,1,1_12/5055
1,03/00347,,CA03,3,,0,,1,1_03/00347
1,PR/1234/0003-A,,TI02,2,,0,,1,1_PR/1234/0003-A
1,12/PV00040,,CV12,6,,0,,1,1_12/PV00040
1,04/169900003,,PL04,4,,0,,1,1_04/169900003
1,01/143900001,,TA01,1,,0,,1,1_01/143900001
1,PR/1234/0004,,TI02,2,,0,,1,1_PR/1234/0004
1,02/09219AR,,TI02,2,,0,,1,1_02/09219AR
1,02/09219A,,TI02,2,,0,,1,1_02/09219A
1,PR/GLCO/0001,,TI02,2,,0,,1,1_PR/GLCO/0001
1,28/30064,,TA28,1,,0,,1,1_28/30064
1,12/069700001,,CV12,6,,0,,1,1_12/069700001
1,12/542507,,CV12,6,,0,,1,1_12/542507
1,02/0986701,,TI02,2,,0,,1,1_02/0986701
1,PR/0532/0009,,TA01,1,,0,,1,1_PR/0532/0009
1,04/169000002,,PL04,4,,0,,1,1_04/169000002
1,02/09868,,TI02,2,,0,,1,1_02/09868
1,02/09868M,,TI02,2,,0,,1,1_02/09868M
1,PR/1690/0005,,TI02,2,,0,,1,1_PR/1690/0005
1,02/09867M1,,TI02,2,,0,,1,1_02/09867M1
1,02/09867M3,,TI02,2,,0,,1,1_02/09867M3
1,02/09867M2,,TI02,2,,0,,1,1_02/09867M2
1,PR/1690/0006,,TA01,1,,0,,1,1_PR/1690/0006
1,01/0969101,,TA01,1,,0,,1,1_01/0969101
1,12/RT00009R,,CV12,6,,0,,1,1_12/RT00009R
1,10/1904010,,TI10,2,,0,,1,1_10/1904010
1,PR/0016/0003,,TA01,3,,0,,1,1_PR/0016/0003
1,02/09883,,TI02,2,,0,,1,1_02/09883
1,PR/1690/0015,,TA01,1,,0,,1,1_PR/1690/0015
1,01/09814,,TA01,1,,0,,1,1_01/09814
1,03/00326,,CA03,3,,0,,1,1_03/00326
1,PS.048,,YMA-PS,2,,0,,1,1_PS.048
1,PR/1234/0005,,TI02,2,,0,,1,1_PR/1234/0005
1,PR/1234/0006,,TI02,2,,0,,1,1_PR/1234/0006
1,PR/LUMI/0001,,TI02,2,,0,,1,1_PR/LUMI/0001
1,01/09811,,TA01,1,,0,,1,1_01/09811
1,01/09818,,TA01,1,,0,,1,1_01/09818
1,12/PP00111,,CV12,6,,0,,1,1_12/PP00111
1,12/TPM110200012,,CV12,6,,0,,1,1_12/TPM110200012
1,12/PP00129,,CV12,6,,0,,1,1_12/PP00129
1,12/L00-973501,,CV12,6,,0,,1,1_12/L00-973501
1,12/L00-9735,,CV12,6,,0,,1,1_12/L00-9735
1,10/11820,,TI10,2,,0,,1,1_10/11820
1,01/09786,,TA01,1,,0,,1,1_01/09786
1,02/071400001,,TI02,2,,0,,1,1_02/071400001
1,02/09870M1,,TI02,2,,0,,1,1_02/09870M1
1,02/09870M2,,TI02,2,,0,,1,1_02/09870M2
1,58/40150175805,,TA58,1,,0,,1,1_58/40150175805
1,02/0986901,,TI02,2,,0,,1,1_02/0986901
1,02/0973802,,TI02,2,,0,,1,1_02/0973802
1,01/09906A01,,TA01,1,,0,,1,1_01/09906A01
1,01/09853,,TA01,1,,0,,1,1_01/09853
1,02/10254,,TI02,2,,0,,1,1_02/10254
1,02/08986M,,TI02,2,,0,,1,1_02/08986M
1,02/09996A,,TI02,2,,0,,1,1_02/09996A
1,PR/1698/0006,,TA01,1,,0,,1,1_PR/1698/0006
1,02/09871,,TI02,2,,0,,1,1_02/09871
1,12/90034,,CV12,6,,0,,1,1_12/90034
1,04/162400001,,PL04,4,,0,,1,1_04/162400001
1,12/925091,,CV12,6,,0,,1,1_12/925091
1,03/00327,,CA03,3,,0,,1,1_03/00327
1,PR/1698/0005,,TA01,1,,0,,1,1_PR/1698/0005
1,12/90003,,CV12,6,,0,,1,1_12/90003
1,12/90034M1,,CV12,6,,0,,1,1_12/90034M1
1,02/071800002,,TI02,2,,0,,1,1_02/071800002
1,UP.070,,YMA-UP,2,,0,,1,1_UP.070
1,CM.095,,YMA-CM,2,,0,,1,1_CM.095
1,CM.092,,YMA-CM,1,,0,,1,1_CM.092
1,PR/1557/0008,,TI02,2,,0,,1,1_PR/1557/0008
1,PR/1557/0008-A,,TI02,2,,0,,1,1_PR/1557/0008-A
1,PR/1557/0008-B,,TI02,2,,0,,1,1_PR/1557/0008-B
1,PR/1698/0004,,TA01,1,,0,,1,1_PR/1698/0004
1,02/09867,,TI02,2,,0,,1,1_02/09867
1,02/120300001,,TI02,2,,0,,1,1_02/120300001
1,02/09403,,TI02,2,,0,,1,1_02/09403
1,CM.095-P,,YMA-CM,2,,0,,1,1_CM.095-P
1,PR/0768/0007,,TI02,2,,0,,1,1_PR/0768/0007
1,12/069000003,,CV12,6,,0,,1,1_12/069000003
1,01/055500002,,TA01,1,,0,,1,1_01/055500002
1,PR/1096/0001,,TA01,1,,0,,1,1_PR/1096/0001
1,53/50016,,TA53,1,,0,,1,1_53/50016
1,53/50004,,TA53,1,,0,,1,1_53/50004
1,53/50040,,TA53,1,,0,,1,1_53/50040
1,53/51005105,,TA53,1,,0,,1,1_53/51005105
1,PR/ANOD/0001,,TI02,2,,0,,1,1_PR/ANOD/0001
1,01/09906A03,,TA01,1,,0,,1,1_01/09906A03
1,PR/ANOD/0001-A,,TI02,2,,0,,1,1_PR/ANOD/0001-A
1,12/141100004,,CV12,6,,0,,1,1_12/141100004
1,01/09820,,TA01,1,,0,,1,1_01/09820
1,PB.103-R,,YMA-PB,1,,0,,1,1_PB.103-R
1,02/09882M,,TI02,2,,0,,1,1_02/09882M
1,.ABCA,,ABCA,3,,0,,1,1_.ABCA
1,PR/0617/0056,,TI02,2,,0,,1,1_PR/0617/0056
1,02/09819M1,,TI02,2,,0,,1,1_02/09819M1
1,02/09819M,,TI02,2,,0,,1,1_02/09819M
1,02/09872M,,TI02,2,,0,,1,1_02/09872M
1,01/0982001,,TA01,1,,0,,1,1_01/0982001
1,PR/0048/0023,,CA03,3,,0,,1,1_PR/0048/0023
1,12/TI00009,,CV12,6,,0,,1,1_12/TI00009
1,03/1333060,,CA03,3,,0,,1,1_03/1333060
1,02/09872R,,TI02,2,,0,,1,1_02/09872R
1,02/10082,,TI02,2,,0,,1,1_02/10082
1,02/08493A,,TI02,2,,0,,1,1_02/08493A
1,13/10546,,CA13,3,,0,,1,1_13/10546
1,12/5115051,,CV12,6,,0,,1,1_12/5115051
1,12/511505,,CV12,6,,0,,1,1_12/511505
1,PR/BIOM/00001,,TI02,2,,0,,1,1_PR/BIOM/00001
1,02/09872,,TI02,2,,0,,1,1_02/09872
1,12/332508,,CV12,6,,0,,1,1_12/332508
1,02/10174,,TI02,2,,0,,1,1_02/10174
1,01/055500001,,TA01,1,,0,,1,1_01/055500001
1,04/143800012,,PL04,4,,0,,1,1_04/143800012
1,12/PP00112,,CV12,6,,0,,1,1_12/PP00112
1,PR/1489/0001,,TA01,1,,0,,1,1_PR/1489/0001
1,02/09873,,TI02,2,,0,,1,1_02/09873
1,02/071400002,,TI02,2,,0,,1,1_02/071400002
1,12/522007R,,CV12,6,,0,,1,1_12/522007R
1,PR/0898/0005,,TI02,2,,0,,1,1_PR/0898/0005
1,02/10091,,TI02,2,,0,,1,1_02/10091
1,PR/0898/0005-A,,TI02,2,,0,,1,1_PR/0898/0005-A
1,12/512207,,CV12,6,,0,,1,1_12/512207
1,PR/1567/0006,,TI02,2,,0,,1,1_PR/1567/0006
1,PR/0555/0002,,TI02,2,,0,,1,1_PR/0555/0002
1,PR/0677/0026-A,,TI02,2,,0,,1,1_PR/0677/0026-A
1,01/09829,,TA01,1,,0,,1,1_01/09829
1,01/0984601,,TA01,1,,0,,1,1_01/0984601
1,12/TPM110202014,,CV12,6,,0,,1,1_12/TPM110202014
1,01/10305,,TA01,1,,0,,1,1_01/10305
1,PR/SGAG/0002,,TA01,1,,0,,1,1_PR/SGAG/0002
1,PR/1567/0006-A,,TI02,2,,0,,1,1_PR/1567/0006-A
1,PR/0240/0011,,TA01,1,,0,,1,1_PR/0240/0011
1,PR/0880/0006,,TA01,1,,0,,1,1_PR/0880/0006
1,01/05550000201,,TA01,1,,0,,1,1_01/05550000201
1,01/05550000202,,TA01,1,,0,,1,1_01/05550000202
1,02/09877,,TI02,2,,0,,1,1_02/09877
1,PR/0104/0031,,TA01,1,,0,,1,1_PR/0104/0031
1,01/05550000101,,TA01,1,,0,,1,1_01/05550000101
1,01/05550000102,,TA01,1,,0,,1,1_01/05550000102
1,01/05550000203,,TA01,1,,0,,1,1_01/05550000203
1,01/05550000204,,TA01,1,,0,,1,1_01/05550000204
1,04/142100003,,PL04,4,,0,,1,1_04/142100003
1,PR/0104/0030,,TA01,1,,0,,1,1_PR/0104/0030
1,01/09822,,TA01,1,,0,,1,1_01/09822
1,PR/1557/0009,,TI02,2,,0,,1,1_PR/1557/0009
1,03/6421124,,CA03,3,,0,,1,1_03/6421124
1,02/09878,,TI02,2,,0,,1,1_02/09878
1,PR/1657/0001,,TA01,1,,0,,1,1_PR/1657/0001
1,02/09879,,TI02,2,,0,,1,1_02/09879
1,02/0267/00005,,TI02,2,,0,,1,1_02/0267/00005
1,02/09996,,TI02,2,,0,,1,1_02/09996
1,02/09883M,,TI02,2,,0,,1,1_02/09883M
1,02/10180,,TI02,2,,0,,1,1_02/10180
1,02/09874,,TI02,2,,0,,1,1_02/09874
1,02/09880,,TI02,2,,0,,1,1_02/09880
1,02/09881,,TI02,2,,0,,1,1_02/09881
1,02/09882,,TI02,2,,0,,1,1_02/09882
1,02/0986702,,TI02,2,,0,,1,1_02/0986702
1,02/09719,,TI02,2,,0,,1,1_02/09719
1,02/09719M,,TI02,2,,0,,1,1_02/09719M
1,02/09720,,TI02,2,,0,,1,1_02/09720
1,02/09719A,,TI02,2,,0,,1,1_02/09719A
1,02/09720A,,TI02,2,,0,,1,1_02/09720A
1,PR/1240/0001,,TA01,1,,0,,1,1_PR/1240/0001
1,53/510050805,,TA53,1,,0,,1,1_53/510050805
1,12/TI00010,,CV12,6,,0,,1,1_12/TI00010
1,70/14001575500,,TA70,1,,0,,1,1_70/14001575500
1,PR/1630/0009,,TA01,1,,0,,1,1_PR/1630/0009
1,PR/1643/0006,,TI02,2,,0,,1,1_PR/1643/0006
1,01/0993502,,TA01,1,,0,,1,1_01/0993502
1,12/70221,,CV12,6,,0,,1,1_12/70221
1,02/10172,,TI02,2,,0,,1,1_02/10172
1,01/09823,,TA01,1,,0,,1,1_01/09823
1,PR/1427/0001,,CA03,3,,0,,1,1_PR/1427/0001
1,PR/1690/0009,,TA01,1,,0,,1,1_PR/1690/0009
1,12/251507,,CV12,6,,0,,1,1_12/251507
1,PR/1690/0008,,TA01,1,,0,,1,1_PR/1690/0008
1,01/09824,,TA01,1,,0,,1,1_01/09824
1,04/1609175050A,,PL04,4,,0,,1,1_04/1609175050A
1,12/422509,,CV12,6,,0,,1,1_12/422509
1,PR/0048/0025,,TA01,1,,0,,1,1_PR/0048/0025
1,04/024000007,,PL04,4,,0,,1,1_04/024000007
1,PR/0845/0003,,PL04,4,,0,,1,1_PR/0845/0003
1,02/124000001,,TI02,2,,0,,1,1_02/124000001
1,PR/0048/0024,,TA01,1,,0,,1,1_PR/0048/0024
1,12/RT00003R,,CV12,6,,0,,1,1_12/RT00003R
1,PR/0048/0022,,CA03,3,,0,,1,1_PR/0048/0022
1,01/09968A,,TA01,1,,0,,1,1_01/09968A
1,13/109206,,CA13,3,,0,,1,1_13/109206
1,01/0982402,,TA01,1,,0,,1,1_01/0982402
1,01/098250201,,TA01,1,,0,,1,1_01/098250201
1,01/098250202,,TA01,1,,0,,1,1_01/098250202
1,01/0982501M,,TA01,1,,0,,1,1_01/0982501M
1,02/0970101,,TI02,2,,0,,1,1_02/0970101
1,02/10772,,TI02,2,,0,,1,1_02/10772
1,01/040031050,,TA01,1,,0,,1,1_01/040031050
1,01/098240101,,TA01,1,,0,,1,1_01/098240101
1,01/098240201,,TA01,1,,0,,1,1_01/098240201
1,01/0982401H,,TA01,1,,0,,1,1_01/0982401H
1,01/0982402H,,TA01,1,,0,,1,1_01/0982402H
1,01/0982401,,TA01,1,,0,,1,1_01/0982401
1,02/09862M,,TI02,2,,0,,1,1_02/09862M
1,02/10089,,TI02,2,,0,,1,1_02/10089
1,01/100100850,,TA01,1,,0,,1,1_01/100100850
1,12/TP2850O,,CV12,6,,0,,1,1_12/TP2850O
1,03/2333060,,CA03,3,,0,,1,1_03/2333060
1,12/141100005,,CV12,3,,0,,1,1_12/141100005
1,03/0039801,,CA03,3,,0,,1,1_03/0039801
1,01/09828,,TA01,1,,0,,1,1_01/09828
1,03/00230,,CA03,3,,0,,1,1_03/00230
1,12/TF00003,,CV12,6,,0,,1,1_12/TF00003
1,12/TF00002,,CV12,6,,0,,1,1_12/TF00002
1,12/TF00001,,CV12,6,,0,,1,1_12/TF00001
1,04/143800014,,PL04,4,,0,,1,1_04/143800014
1,02/09949,,TI02,2,,0,,1,1_02/09949
1,PR/1643/0006-B,,TI02,2,,0,,1,1_PR/1643/0006-B
1,PR/1643/0006-C,,TI02,2,,0,,1,1_PR/1643/0006-C
1,PR/0617/0057,,TI02,2,,0,,1,1_PR/0617/0057
1,PR/0617/0057-A,,TI02,2,,0,,1,1_PR/0617/0057-A
1,04/1609075015,,PL04,4,,0,,1,1_04/1609075015
1,04/1609150015,,PL04,4,,0,,1,1_04/1609150015
1,04/143800006,,PL04,4,,0,,1,1_04/143800006
1,04/1609050015,,PL04,4,,0,,1,1_04/1609050015
1,04/1609100015,,PL04,4,,0,,1,1_04/1609100015
1,04/1609125015,,PL04,4,,0,,1,1_04/1609125015
1,04/1609175015,,PL04,4,,0,,1,1_04/1609175015
1,04/1609200015,,PL04,4,,0,,1,1_04/1609200015
1,04/1609225015,,PL04,4,,0,,1,1_04/1609225015
1,04/1609275015,,PL04,4,,0,,1,1_04/1609275015
1,04/1609325015,,PL04,4,,0,,1,1_04/1609325015
1,04/1609150050A,,PL04,4,,0,,1,1_04/1609150050A
1,04/1609375015,,PL04,4,,0,,1,1_04/1609375015
1,PR/0754/0005,,TA01,1,,0,,1,1_PR/0754/0005
1,04/143800011,,PL04,4,,0,,1,1_04/143800011
1,04/143800007,,PL04,4,,0,,1,1_04/143800007
1,12/513010,,CV12,6,,0,,1,1_12/513010
1,PR/SXXI/0001,,TA01,1,,0,,1,1_PR/SXXI/0001
1,12/AI10006,,CV12,6,,0,,1,1_12/AI10006
1,01/09324,,TA01,1,,0,,1,1_01/09324
1,PR/SGAG/0001,,TA01,1,,0,,1,1_PR/SGAG/0001
1,04/022800001,,PL04,4,,0,,1,1_04/022800001
1,PR/0267/0040,,TA01,1,,0,,1,1_PR/0267/0040
1,PR/0617/0058,,TA01,1,,0,,1,1_PR/0617/0058
1,PR/0617/0058-A,,TA01,1,,0,,1,1_PR/0617/0058-A
1,02/09884,,TI02,2,,0,,1,1_02/09884
1,PR/1002/0004,,TA01,1,,0,,1,1_PR/1002/0004
1,01/09241,,TA01,1,,0,,1,1_01/09241
1,01/09241A,,TA01,1,,0,,1,1_01/09241A
1,01/09242,,TA01,1,,0,,1,1_01/09242
1,PR/1387/0001,,PL04,4,,0,,1,1_PR/1387/0001
1,12/302007R,,CV12,6,,0,,1,1_12/302007R
1,PR/1217/0003,,TI02,2,,0,,1,1_PR/1217/0003
1,02/09893,,TI02,2,,0,,1,1_02/09893
1,02/09898,,TI02,2,,0,,1,1_02/09898
1,01/09843,,TA01,1,,0,,1,1_01/09843
1,01/09844,,TA01,1,,0,,1,1_01/09844
1,PR/1007/0046,,TA01,1,,0,,1,1_PR/1007/0046
1,02/09421AM,,TI02,2,,0,,1,1_02/09421AM
1,PR/00013/0027-A,,TA01,1,,0,,1,1_PR/00013/0027-A
1,55/450108,,TI55,2,,0,,1,1_55/450108
1,03/00122C,,CA03,3,,0,,1,1_03/00122C
1,PR/0066/0001,,TA01,1,,0,,1,1_PR/0066/0001
1,PR/0066/0002,,TA01,1,,0,,1,1_PR/0066/0002
1,PR/0066/0003,,TA01,1,,0,,1,1_PR/0066/0003
1,PR/SGAG/0003,,TA01,1,,0,,1,1_PR/SGAG/0003
1,12/PV00041,,CV12,6,,0,,1,1_12/PV00041
1,PR/1643/0007-A-1,,TI02,2,,0,,1,1_PR/1643/0007-A-1
1,PR/0634/0006,,TA01,1,,0,,1,1_PR/0634/0006
1,PR/0634/0004,,TA01,1,,0,,1,1_PR/0634/0004
1,PR/SGAG/0005,,TA01,1,,0,,1,1_PR/SGAG/0005
1,PR/SGAG/0006,,TA01,1,,0,,1,1_PR/SGAG/0006
1,PR/0048/0018-A,,TA01,1,,0,,1,1_PR/0048/0018-A
1,01/0401100,,TA01,1,,0,,1,1_01/0401100
1,01/0400800,,TA01,1,,0,,1,1_01/0400800
1,01/09830,,TA01,1,,0,,1,1_01/09830
1,11/40072,,TA11,1,,0,,1,1_11/40072
1,12/80658A,,CV12,6,,0,,1,1_12/80658A
1,12/PP00098,,CV12,6,,0,,1,1_12/PP00098
1,12/PP00099,,CV12,6,,0,,1,1_12/PP00099
1,12/PP00100,,CV12,6,,0,,1,1_12/PP00100
1,12/PP00096,,CV12,6,,0,,1,1_12/PP00096
1,12/PV00042,,CV12,6,,0,,1,1_12/PV00042
1,PR/0048/0043,,TA01,1,,0,,1,1_PR/0048/0043
1,02/09887M6,,TI02,2,,0,,1,1_02/09887M6
1,PR/1643/0007-B-1,,TI02,2,,0,,1,1_PR/1643/0007-B-1
1,02/09888M,,TI02,2,,0,,1,1_02/09888M
1,02/09713A,,TI02,2,,0,,1,1_02/09713A
1,02/09713,,TI02,2,,0,,1,1_02/09713
1,02/09895,,TI02,2,,0,,1,1_02/09895
1,28/109206,,TA28,1,,0,,1,1_28/109206
1,02/09414M,,TI02,2,,0,,1,1_02/09414M
1,12/PV00043,,CV12,6,,0,,1,1_12/PV00043
1,12/PV00044,,CV12,6,,0,,1,1_12/PV00044
1,02/09888M1,,TI02,2,,0,,1,1_02/09888M1
1,PR/1564/0014,,TI02,2,,0,,1,1_PR/1564/0014
1,02/09888M2,,TI02,2,,0,,1,1_02/09888M2
1,02/09889M2,,TI02,2,,0,,1,1_02/09889M2
1,01/0982701,,TA01,1,,0,,1,1_01/0982701
1,02/09887M,,TI02,2,,0,,1,1_02/09887M
1,12/00181,,CV12,6,,0,,1,1_12/00181
1,02/09887M4,,TI02,2,,0,,1,1_02/09887M4
1,02/09887M5,,TI02,2,,0,,1,1_02/09887M5
1,02/0941401,,TI02,2,,0,,1,1_02/0941401
1,13/10104,,CA13,3,,0,,1,1_13/10104
1,PR/1705/0001,,CA03,3,,0,,1,1_PR/1705/0001
1,01/0949703,,TA01,1,,0,,1,1_01/0949703
1,PR/0617/0060,,TI02,2,,0,,1,1_PR/0617/0060
1,01/09834R,,TA01,1,,0,,1,1_01/09834R
1,PR/1669/0019-A,,TA01,1,,0,,1,1_PR/1669/0019-A
1,PR/1708/0004,,TI02,2,,0,,1,1_PR/1708/0004
1,01/0949601,,TA01,1,,0,,1,1_01/0949601
1,01/0982603,,TA01,1,,0,,1,1_01/0982603
1,01/0949704,,TA01,1,,0,,1,1_01/0949704
1,PR/1234/0007,,TI02,2,,0,,1,1_PR/1234/0007
1,54/6606020,,TA54,1,,0,,1,1_54/6606020
1,54/61210,,TA54,1,,0,,1,1_54/61210
1,54/61211,,TA54,1,,0,,1,1_54/61211
1,54/62515,,TA54,1,,0,,1,1_54/62515
1,54/62516,,TA54,1,,0,,1,1_54/62516
1,PR/1234/0008,,TI02,2,,0,,1,1_PR/1234/0008
1,12/TF00004,,CV12,6,,0,,1,1_12/TF00004
1,PR/1500/0002,,TI02,2,,0,,1,1_PR/1500/0002
1,PR/SGAG/0007,,TA01,1,,0,,1,1_PR/SGAG/0007
1,01/09824R,,TA01,1,,0,,1,1_01/09824R
1,PR/0194/0002,,TI02,2,,0,,1,1_PR/0194/0002
1,PR/0194/0003,,TI02,2,,0,,1,1_PR/0194/0003
1,01/09837,,TA01,1,,0,,1,1_01/09837
1,01/09838,,TA01,1,,0,,1,1_01/09838
1,01/09839,,TA01,1,,0,,1,1_01/09839
1,PR/0617/0060-A,,TI02,2,,0,,1,1_PR/0617/0060-A
1,54/34006,,TA54,1,,0,,1,1_54/34006
1,01/09903,,TA01,1,,0,,1,1_01/09903
1,01/09899,,TA01,1,,0,,1,1_01/09899
1,12/PP00011,,CV12,6,,0,,1,1_12/PP00011
1,PR/1819/0001,,TI02,2,,0,,1,1_PR/1819/0001
1,12/5115051R,,CV12,6,,0,,1,1_12/5115051R
1,12/4215081R,,CV12,6,,0,,1,1_12/4215081R
1,PR/0104/0023,,TI02,2,,0,,1,1_PR/0104/0023
1,PR/0104/0012,,TI02,2,,0,,1,1_PR/0104/0012
1,PR/1295/0004,,CA03,3,,0,,1,1_PR/1295/0004
1,PR/1295/0005,,CA03,3,,0,,1,1_PR/1295/0005
1,12/141100006,,CV12,6,,0,,1,1_12/141100006
1,PR/0104/0024,,CA03,3,,0,,1,1_PR/0104/0024
1,03/00242,,CA03,3,,0,,1,1_03/00242
1,03/00478,,CA03,3,,0,,1,1_03/00478
1,PR/0104/0025,,TI02,2,,0,,1,1_PR/0104/0025
1,02/09887M3,,TI02,2,,0,,1,1_02/09887M3
1,02/09887M7,,TI02,2,,0,,1,1_02/09887M7
1,PR/0690/0012,,TA01,1,,0,,1,1_PR/0690/0012
1,.28,,501,1,,0,,1,1_.28
1,12/088000001,,CV12,6,,0,,1,1_12/088000001
1,PR/0723/0002,,TA01,1,,0,,1,1_PR/0723/0002
1,01/09840,,TA01,1,,0,,1,1_01/09840
1,PR/1286/0008,,TA01,1,,0,,1,1_PR/1286/0008
1,01/09841,,TA01,1,,0,,1,1_01/09841
1,PR/0048/0028,,CA03,3,,0,,1,1_PR/0048/0028
1,PR/0240/0012,,TA01,1,,0,,1,1_PR/0240/0012
1,01/147400002,,TA01,1,,0,,1,1_01/147400002
1,01/0949603A,,TA01,1,,0,,1,1_01/0949603A
1,01/055500003,,TA01,1,,0,,1,1_01/055500003
1,01/05550000301,,TA01,1,,0,,1,1_01/05550000301
1,12/4210051,,CV12,6,,0,,1,1_12/4210051
1,01/09842,,TA01,1,,0,,1,1_01/09842
1,01/0810401,,TA01,1,,0,,1,1_01/0810401
1,12/PP00113,,CV12,6,,0,,1,1_12/PP00113
1,12/PP00114,,CV12,6,,0,,1,1_12/PP00114
1,01/10046,,TA01,1,,0,,1,1_01/10046
1,12/PP00056,,CV12,6,,0,,1,1_12/PP00056
1,12/PP00110,,CV12,6,,0,,1,1_12/PP00110
1,PR/1007/0045,,TI02,2,,0,,1,1_PR/1007/0045
1,02/09897,,TI02,2,,0,,1,1_02/09897
1,02/09897M,,TI02,2,,0,,1,1_02/09897M
1,PR/1047/0017,,TA01,3,,0,,1,1_PR/1047/0017
1,70/70818,,TA70,1,,0,,1,1_70/70818
1,12/141100007,,CV12,6,,0,,1,1_12/141100007
1,02/158000001,,TI02,2,,0,,1,1_02/158000001
1,02/09421BM,,TI02,2,,0,,1,1_02/09421BM
1,12/512207R,,CV12,6,,0,,1,1_12/512207R
1,PR/1478/0004,,PL04,4,,0,,1,1_PR/1478/0004
1,01/05550000302,,TA01,1,,0,,1,1_01/05550000302
1,01/100101000A,,TA01,1,,0,,1,1_01/100101000A
1,55/40072,,TI55,2,,0,,1,1_55/40072
1,02/0941309,,TI02,2,,0,,1,1_02/0941309
1,02/026700002,,TI02,2,,0,,1,1_02/026700002
1,02/026700001,,TI02,2,,0,,1,1_02/026700001
1,PR/1705/0002,,CA03,3,,0,,1,1_PR/1705/0002
1,02/09915,,TI02,2,,0,,1,1_02/09915
1,02/09916,,TI02,2,,0,,1,1_02/09916
1,02/09917,,TI02,2,,0,,1,1_02/09917
1,PR/0048/0030,,TI02,2,,0,,1,1_PR/0048/0030
1,02/09889,,TI02,2,,0,,1,1_02/09889
1,PR/1520/0010,,TI02,2,,0,,1,1_PR/1520/0010
1,UP.071,,YMA-UP,1,,0,,1,1_UP.071
1,PP.403,,YMA-PP,1,,0,,1,1_PP.403
1,UP.071-03,,YMA-UP,1,,0,,1,1_UP.071-03
1,PP.427,,YMA-PP,1,,0,,1,1_PP.427
1,UP.071-04,,YMA-UP,1,,0,,1,1_UP.071-04
1,01/09845R,,TA01,1,,0,,1,1_01/09845R
1,03/00333,,CA03,3,,0,,1,1_03/00333
1,01/09915,,TA01,1,,0,,1,1_01/09915
1,PP.428,,YMA-PP,1,,0,,1,1_PP.428
1,01/0984602,,TA01,1,,0,,1,1_01/0984602
1,PP.429,,YMA-PP,1,,0,,1,1_PP.429
1,PP.430,,YMA-PP,1,,0,,1,1_PP.430
1,UP.071-01,,YMA-UP,1,,0,,1,1_UP.071-01
1,UP.071-02,,YMA-UP,1,,0,,1,1_UP.071-02
1,PR/1064/0001,,PL04,4,,0,,1,1_PR/1064/0001
1,01/0984603,,TA01,1,,0,,1,1_01/0984603
1,PR/1047/0018,,TA01,1,,0,,1,1_PR/1047/0018
1,26/00635,,TA26,1,,0,,1,1_26/00635
1,26/01016,,TA26,1,,0,,1,1_26/01016
1,01/09877,,TA01,1,,0,,1,1_01/09877
1,01/0984602A,,TA01,1,,0,,1,1_01/0984602A
1,12/PP00115,,CV12,6,,0,,1,1_12/PP00115
1,12/PP00116,,CV12,6,,0,,1,1_12/PP00116
1,12/PP00117,,CV12,6,,0,,1,1_12/PP00117
1,12/PP00118,,CV12,6,,0,,1,1_12/PP00118
1,55/40054,,TI55,2,,0,,1,1_55/40054
1,PR/1047/0019,,TA01,1,,0,,1,1_PR/1047/0019
1,01/0991601,,TA01,1,,0,,1,1_01/0991601
1,02/09899,,TI02,2,,0,,1,1_02/09899
1,02/026700003,,TI02,2,,0,,1,1_02/026700003
1,02/026700004,,TI02,2,,0,,1,1_02/026700004
1,02/09900M1,,TI02,2,,0,,1,1_02/09900M1
1,12/5120061,,CV12,6,,0,,1,1_12/5120061
1,02/09900M2,,TI02,2,,0,,1,1_02/09900M2
1,02/09900M,,TI02,2,,0,,1,1_02/09900M
1,PR/0357/0004,,CA03,3,,0,,1,1_PR/0357/0004
1,02/09900M4,,TI02,2,,0,,1,1_02/09900M4
1,02/09900M3,,TI02,2,,0,,1,1_02/09900M3
1,02/09901,,TI02,2,,0,,1,1_02/09901
1,02/09902,,TI02,2,,0,,1,1_02/09902
1,PR/0048/0029,,TA01,1,,0,,1,1_PR/0048/0029
1,PR/0267/0040-A,,TA01,1,,0,,1,1_PR/0267/0040-A
1,01/09847,,TA01,1,,0,,1,1_01/09847
1,PR/0929/0006,,TA01,1,,0,,1,1_PR/0929/0006
1,PR/0929/0007,,TA01,1,,0,,1,1_PR/0929/0007
1,PR/0929/0008,,TA01,1,,0,,1,1_PR/0929/0008
1,PR/1203/0009R,,TI02,2,,0,,1,1_PR/1203/0009R
1,12/PF00001R,,CV12,6,,0,,1,1_12/PF00001R
1,02/09903AM,,TI02,2,,0,,1,1_02/09903AM
1,26/01090,,TA26,1,,0,,1,1_26/01090
1,PR/1144/0011,,TA01,1,,0,,1,1_PR/1144/0011
1,PR/1144/0012,,TA01,1,,0,,1,1_PR/1144/0012
1,01/09739,,TA01,1,,0,,1,1_01/09739
1,01/09740,,TA01,1,,0,,1,1_01/09740
1,01/09850,,TA01,1,,0,,1,1_01/09850
1,01/09738A,,TA01,1,,0,,1,1_01/09738A
1,01/09738,,TA01,1,,0,,1,1_01/09738
1,01/09851,,TA01,1,,0,,1,1_01/09851
1,01/100101300,,TA01,1,,0,,1,1_01/100101300
1,01/09850M,,TA01,1,,0,,1,1_01/09850M
1,01/09848,,TA01,1,,0,,1,1_01/09848
1,01/09849,,TA01,1,,0,,1,1_01/09849
1,02/09904,,TI02,2,,0,,1,1_02/09904
1,PR/0545/0003,,TI02,2,,0,,1,1_PR/0545/0003
1,02/09905,,TI02,2,,0,,1,1_02/09905
1,02/09906,,TI02,2,,0,,1,1_02/09906
1,02/09907,,TI02,2,,0,,1,1_02/09907
1,02/09908,,TI02,2,,0,,1,1_02/09908
1,02/10401,,TI02,2,,0,,1,1_02/10401
1,PR/1107/0003,,TA01,1,,0,,1,1_PR/1107/0003
1,PR/1107/0002,,TA01,1,,0,,1,1_PR/1107/0002
1,55/81005,,TI55,2,,0,,1,1_55/81005
1,02/09904M,,TI02,2,,0,,1,1_02/09904M
1,12/PV00041R,,CV12,6,,0,,1,1_12/PV00041R
1,12/PV00042R,,CV12,6,,0,,1,1_12/PV00042R
1,PR/1557/0010,,TI02,2,,0,,1,1_PR/1557/0010
1,03/004800001,,CA03,3,,0,,1,1_03/004800001
1,02/09904M1,,TI02,2,,0,,1,1_02/09904M1
1,04/143800015,,PL04,4,,0,,1,1_04/143800015
1,PR/0634/0008,,CA03,3,,0,,1,1_PR/0634/0008
1,02/09891,,TI02,2,,0,,1,1_02/09891
1,02/09892,,TI02,2,,0,,1,1_02/09892
1,02/09892R,,TI02,2,,0,,1,1_02/09892R
1,02/09891R,,TI02,2,,0,,1,1_02/09891R
1,UP.072,,YMA-UP,1,,0,,1,1_UP.072
1,02/09914,,TI02,2,,0,,1,1_02/09914
1,02/10518,,TI02,2,,0,,1,1_02/10518
1,12/70220,,CV12,6,,0,,1,1_12/70220
1,04/143800016,,PL04,4,,0,,1,1_04/143800016
1,01/09979,,TA01,1,,0,,1,1_01/09979
1,02/120300003,,TI02,2,,0,,1,1_02/120300003
1,02/09913,,TI02,2,,0,,1,1_02/09913
1,02/09891M,,TI02,2,,0,,1,1_02/09891M
1,02/152000001,,TI02,2,,0,,1,1_02/152000001
1,CM.107-P,,YMA-CM,1,,0,,1,1_CM.107-P
1,02/09887M1,,TI02,2,,0,,1,1_02/09887M1
1,56/00008A,,TA56,1,,0,,1,1_56/00008A
1,PR/1701/0001,,TI02,2,,0,,1,1_PR/1701/0001
1,02/09912M,,TI02,2,,0,,1,1_02/09912M
1,93/10012,,XCA93,8,,0,,1,1_93/10012
1,PR/1144/0013,,TA01,1,,0,,1,1_PR/1144/0013
1,PS.045,,YMA-PS,1,,0,,1,1_PS.045
1,PR/1144/0014,,TA01,1,,0,,1,1_PR/1144/0014
1,PR/1144/0015,,TA01,1,,0,,1,1_PR/1144/0015
1,PS.046,,YMA-PS,1,,0,,1,1_PS.046
1,PR/1144/0017,,TA01,1,,0,,1,1_PR/1144/0017
1,PR/1144/0016,,TA01,1,,0,,1,1_PR/1144/0016
1,03/00122CM,,CA03,3,,0,,1,1_03/00122CM
1,02/09915M,,TI02,2,,0,,1,1_02/09915M
1,02/001300001,,TI02,2,,0,,1,1_02/001300001
1,PR/1158/0001-A,,TI02,2,,0,,1,1_PR/1158/0001-A
1,02/09916M1,,TI02,2,,0,,1,1_02/09916M1
1,02/09916M,,TI02,2,,0,,1,1_02/09916M
1,02/09916M2,,TI02,2,,0,,1,1_02/09916M2
1,02/09916M3,,TI02,2,,0,,1,1_02/09916M3
1,UP.073,,YMA-UP,1,,0,,1,1_UP.073
1,01/05003E0470,,TA01,1,,0,,1,1_01/05003E0470
1,01/09925R,,TA01,1,,0,,1,1_01/09925R
1,02/09922,,TI02,2,,0,,1,1_02/09922
1,PR/1007/0047,,TA01,1,,0,,1,1_PR/1007/0047
1,02/09920,,TI02,2,,0,,1,1_02/09920
1,91/03009,,XTA91,8,,0,,1,1_91/03009
1,PR/0978/0002,,TA01,1,,0,,1,1_PR/0978/0002
1,02/09918,,TI02,2,,0,,1,1_02/09918
1,02/09919,,TI02,2,,0,,1,1_02/09919
1,13/10023M,,CA13,3,,0,,1,1_13/10023M
1,PR/1690/0010,,TA01,1,,0,,1,1_PR/1690/0010
1,PR/0104/0029,,TA01,1,,0,,1,1_PR/0104/0029
1,PR/IHTC/0001,,TI02,2,,0,,1,1_PR/IHTC/0001
1,PR/0617/0068,,TI02,2,,0,,1,1_PR/0617/0068
1,PR/0617/0073,,TI02,2,,0,,1,1_PR/0617/0073
1,04/1609175025,,PL04,4,,0,,1,1_04/1609175025
1,02/10334M,,TI02,2,,0,,1,1_02/10334M
1,PS.045-P,,YMA-PS,2,,0,,1,1_PS.045-P
1,PS.046-P,,YMA-PS,2,,0,,1,1_PS.046-P
1,PS.047-P,,YMA-PS,2,,0,,1,1_PS.047-P
1,PR/1158/0002-A,,TI02,2,,0,,1,1_PR/1158/0002-A
1,UP.070-P,,YMA-UP,2,,0,,1,1_UP.070-P
1,PR/0617/0067,,TI02,2,,0,,1,1_PR/0617/0067
1,MA.044,,YMA-MA,1,,0,,1,1_MA.044
1,PR/1669/0002,,TA01,1,,0,,1,1_PR/1669/0002
1,01/09855,,TA01,1,,0,,1,1_01/09855
1,PR/1158/0001,,TI02,2,,0,,1,1_PR/1158/0001
1,12/70219,,CV12,6,,0,,1,1_12/70219
1,03/00334M,,CA03,3,,0,,1,1_03/00334M
1,12/PP00119,,CV12,6,,0,,1,1_12/PP00119
1,02/09910,,TI02,2,,0,,1,1_02/09910
1,02/09925,,TI02,2,,0,,1,1_02/09925
1,02/09910M,,TI02,2,,0,,1,1_02/09910M
1,02/09927,,TI02,2,,0,,1,1_02/09927
1,02/09926,,TI02,2,,0,,1,1_02/09926
1,02/09928,,TI02,2,,0,,1,1_02/09928
1,02/09909M,,TI02,2,,0,,1,1_02/09909M
1,PR/PIAT/0003,,TA01,1,,0,,1,1_PR/PIAT/0003
1,03/1423070,,CA03,3,,0,,1,1_03/1423070
1,02/09885R,,TI02,2,,0,,1,1_02/09885R
1,01/09644,,TA01,1,,0,,1,1_01/09644
1,04/143800019,,PL04,4,,0,,1,1_04/143800019
1,01/09821,,TA01,1,,0,,1,1_01/09821
1,01/09821R,,TA01,1,,0,,1,1_01/09821R
1,PR/1007/0047-A,,TA01,1,,0,,1,1_PR/1007/0047-A
1,PR/1489/0002,,TA01,1,,0,,1,1_PR/1489/0002
1,02/09884R,,TI02,2,,0,,1,1_02/09884R
1,PR/1295/0006,,CA03,3,,0,,1,1_PR/1295/0006
1,PR/0076/0005,,TI02,2,,0,,1,1_PR/0076/0005
1,PR/1478/0005,,PL04,4,,0,,1,1_PR/1478/0005
1,55/00304MP,,TI55,2,,0,,1,1_55/00304MP
1,02/09924,,TI02,2,,0,,1,1_02/09924
1,PR/1580/0008,,TI02,2,,0,,1,1_PR/1580/0008
1,01/09860M,,TA01,1,,0,,1,1_01/09860M
1,02/09932,,TI02,2,,0,,1,1_02/09932
1,02/09930,,TI02,2,,0,,1,1_02/09930
1,02/09931,,TI02,2,,0,,1,1_02/09931
1,01/08970,,TA01,1,,0,,1,1_01/08970
1,02/09885,,TI02,2,,0,,1,1_02/09885
1,01/09325,,TA01,1,,0,,1,1_01/09325
1,PR/1580/0008-A,,TI02,2,,0,,1,1_PR/1580/0008-A
1,01/09859,,TA01,1,,0,,1,1_01/09859
1,01/09858,,TA01,1,,0,,1,1_01/09858
1,01/09643,,TA01,1,,0,,1,1_01/09643
1,01/09645,,TA01,1,,0,,1,1_01/09645
1,01/09861,,TA01,1,,0,,1,1_01/09861
1,PR/0617/0230,,TI02,2,,0,,1,1_PR/0617/0230
1,PR/0301/0023,,TA01,1,,0,,1,1_PR/0301/0023
1,01/09859M,,TA01,1,,0,,1,1_01/09859M
1,01/09862,,TA01,1,,0,,1,1_01/09862
1,01/09878,,TA01,1,,0,,1,1_01/09878
1,02/09939,,TI02,2,,0,,1,1_02/09939
1,01/09858M,,TA01,1,,0,,1,1_01/09858M
1,01/09643M,,TA01,1,,0,,1,1_01/09643M
1,01/09643A,,TA01,1,,0,,1,1_01/09643A
1,01/09645A,,TA01,1,,0,,1,1_01/09645A
1,02/09429M,,TI02,2,,0,,1,1_02/09429M
1,02/09470,,TI02,2,,0,,1,1_02/09470
1,02/09471,,TI02,2,,0,,1,1_02/09471
1,02/09471R,,TI02,2,,0,,1,1_02/09471R
1,02/09472,,TI02,2,,0,,1,1_02/09472
1,02/09479,,TI02,2,,0,,1,1_02/09479
1,02/09934,,TI02,2,,0,,1,1_02/09934
1,02/09935,,TI02,2,,0,,1,1_02/09935
1,02/09429AM,,TI02,2,,0,,1,1_02/09429AM
1,PR/0677/0029,,TI02,2,,0,,1,1_PR/0677/0029
1,11/11012M,,TA11,1,,0,,1,1_11/11012M
1,02/09909,,TI02,2,,0,,1,1_02/09909
1,02/09909A,,TI02,2,,0,,1,1_02/09909A
1,02/09403M,,TI02,2,,0,,1,1_02/09403M
1,PR/0787/0003,,TI02,2,,0,,1,1_PR/0787/0003
1,02/09937,,TI02,2,,0,,1,1_02/09937
1,02/09936,,TI02,2,,0,,1,1_02/09936
1,02/09938,,TI02,2,,0,,1,1_02/09938
1,02/09942,,TI02,2,,0,,1,1_02/09942
1,02/09941,,TI02,2,,0,,1,1_02/09941
1,03/00455,,CA03,3,,0,,1,1_03/00455
1,PR/1778/0003,,TI02,2,,0,,1,1_PR/1778/0003
1,12/80026,,CV12,6,,0,,1,1_12/80026
1,02/10173,,TI02,2,,0,,1,1_02/10173
1,02/09711CM,,TI02,2,,0,,1,1_02/09711CM
1,PR/PRUEBA,,TA01,1,,0,,1,1_PR/PRUEBA
1,PR/KLKM/0001,,TI02,2,,0,,1,1_PR/KLKM/0001
1,PR/KLKM/0002,,TI02,2,,0,,1,1_PR/KLKM/0002
1,01/09864,,TA01,1,,0,,1,1_01/09864
1,02/09903AM1,,TI02,2,,0,,1,1_02/09903AM1
1,12/PP00124,,CV12,6,,0,,1,1_12/PP00124
1,02/09758,,TI02,2,,0,,1,1_02/09758
1,02/09943,,TI02,2,,0,,1,1_02/09943
1,01/09649M,,TA01,1,,0,,1,1_01/09649M
1,02/09712CR,,TI02,2,,0,,1,1_02/09712CR
1,03/5531090,,CA03,3,,0,,1,1_03/5531090
1,PR/1669/0003,,TA01,1,,0,,1,1_PR/1669/0003
1,PR/1669/0004,,TI02,2,,0,,1,1_PR/1669/0004
1,PS.027,,YMA-UP,1,,0,,1,1_PS.027
1,PS.022,,YMA-UP,1,,0,,1,1_PS.022
1,MA.011,,YMA-MA,1,,0,,1,1_MA.011
1,MA.012,,YMA-MA,1,,0,,1,1_MA.012
1,MA.013,,YMA-MA,1,,0,,1,1_MA.013
1,02/09429,,TI02,2,,0,,1,1_02/09429
1,02/09429A,,TI02,2,,0,,1,1_02/09429A
1,02/09461,,TI02,2,,0,,1,1_02/09461
1,MA.014,,YMA-MA,1,,0,,1,1_MA.014
1,UP.074,,YMA-UP,1,,0,,1,1_UP.074
1,UP.075,,YMA-UP,1,,0,,1,1_UP.075
1,02/09541,,TI02,2,,0,,1,1_02/09541
1,UP.077,,YMA-UP,1,,0,,1,1_UP.077
1,UP.076,,YMA-UP,1,,0,,1,1_UP.076
1,01/09865,,TA01,1,,0,,1,1_01/09865
1,PR/0076/0002,,TA01,1,,0,,1,1_PR/0076/0002
1,PR/1007/0046-A,,TA01,1,,0,,1,1_PR/1007/0046-A
1,02/09541A,,TI02,2,,0,,1,1_02/09541A
1,02/09596,,TI02,2,,0,,1,1_02/09596
1,02/09940,,TI02,2,,0,,1,1_02/09940
1,02/09334R,,TI02,2,,0,,1,1_02/09334R
1,02/09355AR,,TI02,2,,0,,1,1_02/09355AR
1,01/09857R,,TA01,1,,0,,1,1_01/09857R
1,26/630545,,TA26,1,,0,,1,1_26/630545
1,02/158000001M,,TI02,2,,0,,1,1_02/158000001M
1,02/158000001M4,,TI02,2,,0,,1,1_02/158000001M4
1,02/158000001M2,,TI02,2,,0,,1,1_02/158000001M2
1,03/1631135,,CA03,3,,0,,1,1_03/1631135
1,02/09423R,,TI02,2,,0,,1,1_02/09423R
1,02/09945A,,TI02,2,,0,,1,1_02/09945A
1,02/09946A,,TI02,2,,0,,1,1_02/09946A
1,PR/0617/0074-A,,TI02,2,,0,,1,1_PR/0617/0074-A
1,PR/0617/0074,,TI02,2,,0,,1,1_PR/0617/0074
1,PR/0617/0076,,TI02,2,,0,,1,1_PR/0617/0076
1,PR/1669/0034-A,,TA01,1,,0,,1,1_PR/1669/0034-A
1,02/09960M,,TI02,2,,0,,1,1_02/09960M
1,02/09833M,,TI02,2,,0,,1,1_02/09833M
1,PR/1489/0002-A,,TA01,1,,0,,1,1_PR/1489/0002-A
1,PR/1489/0003,,TA01,1,,0,,1,1_PR/1489/0003
1,12/NY00001,,CV12,6,,0,,1,1_12/NY00001
1,01/09866,,TA01,1,,0,,1,1_01/09866
1,PR/0104/0028,,CA03,3,,0,,1,1_PR/0104/0028
1,PR/0677/0021,,TI02,2,,0,,1,1_PR/0677/0021
1,01/09866M,,TA01,1,,0,,1,1_01/09866M
1,02/10079,,TI02,2,,0,,1,1_02/10079
1,PR/0677/0023,,TI02,2,,0,,1,1_PR/0677/0023
1,PR/0677/0021-A,,TI02,2,,0,,1,1_PR/0677/0021-A
1,04/33954,,PL04,4,,0,,1,1_04/33954
1,03/1321045,,CA03,3,,0,,1,1_03/1321045
1,PR/0677/0022,,TI02,2,,0,,1,1_PR/0677/0022
1,PR/1047/0020,,TA01,1,,0,,1,1_PR/1047/0020
1,PR/1047/0021,,TA01,1,,0,,1,1_PR/1047/0021
1,02/09833,,TI02,2,,0,,1,1_02/09833
1,02/09948,,TI02,2,,0,,1,1_02/09948
1,12/CX05004,,CV12,6,,0,,1,1_12/CX05004
1,12/CX05007,,CV12,6,,0,,1,1_12/CX05007
1,12/00045,,CV12,6,,0,,1,1_12/00045
1,12/00020,,CV12,6,,0,,1,1_12/00020
1,12/00026,,CV12,6,,0,,1,1_12/00026
1,PR/0617/0065,,TI02,2,,0,,1,1_PR/0617/0065
1,PR/0301/0024,,TA01,1,,0,,1,1_PR/0301/0024
1,02/09751R,,TI02,2,,0,,1,1_02/09751R
1,PR/0617/0066,,TI02,2,,0,,1,1_PR/0617/0066
1,PR/0617/0066-A,,TI02,2,,0,,1,1_PR/0617/0066-A
1,PR/0617/0069,,TI02,2,,0,,1,1_PR/0617/0069
1,PR/0617/0070,,TI02,2,,0,,1,1_PR/0617/0070
1,CM.096,,YMA-CM,1,,0,,1,1_CM.096
1,PR/0617/0071,,TI02,2,,0,,1,1_PR/0617/0071
1,PR/0617/0071-A,,TI02,2,,0,,1,1_PR/0617/0071-A
1,PR/0617/0072,,TI02,2,,0,,1,1_PR/0617/0072
1,PR/0617/0072-A,,TI02,2,,0,,1,1_PR/0617/0072-A
1,CM.096-P,,YMA-CM,2,,0,,1,1_CM.096-P
1,CM.097,,YMA-CM,1,,0,,1,1_CM.097
1,UP.079,,YMA-UP,1,,0,,1,1_UP.079
1,02/09947,,TI02,2,,0,,1,1_02/09947
1,02/08293,,TI02,2,,0,,1,1_02/08293
1,12/MD00001,,CV12,6,,0,,1,1_12/MD00001
1,PR/0267/0041,,TA01,1,,0,,1,1_PR/0267/0041
1,PS.048-P,,YMA-PS,2,,0,,1,1_PS.048-P
1,CM.097-P,,YMA-CM,2,,0,,1,1_CM.097-P
1,MA.045,,YMA-MA,1,,0,,1,1_MA.045
1,MA.045-P,,YMA-MA,2,,0,,1,1_MA.045-P
1,UP.078-P,,YMA-UP,2,,0,,1,1_UP.078-P
1,UP.073-P,,YMA-UP,2,,0,,1,1_UP.073-P
1,PR/1107/0004,,TA01,1,,0,,1,1_PR/1107/0004
1,PR/1234/0013,,TI02,2,,0,,1,1_PR/1234/0013
1,PR/1240/0006,,TA01,1,,0,,1,1_PR/1240/0006
1,PR/1107/0005,,TA01,1,,0,,1,1_PR/1107/0005
1,PR/1657/0002,,TA01,1,,0,,1,1_PR/1657/0002
1,PR/1107/0005-A,,TA01,1,,0,,1,1_PR/1107/0005-A
1,PR/1557/0017,,TI02,2,,0,,1,1_PR/1557/0017
1,02/061700008,,TI02,2,,0,,1,1_02/061700008
1,01/09932,,TA01,1,,0,,1,1_01/09932
1,02/09950M,,TI02,2,,0,,1,1_02/09950M
1,02/09951,,TI02,2,,0,,1,1_02/09951
1,02/09951M,,TI02,2,,0,,1,1_02/09951M
1,02/10420,,TI02,2,,0,,1,1_02/10420
1,02/09952,,TI02,2,,0,,1,1_02/09952
1,02/09952M,,TI02,2,,0,,1,1_02/09952M
1,01/09868,,TA01,1,,0,,1,1_01/09868
1,02/120300002,,TI02,2,,0,,1,1_02/120300002
1,12/80681,,CV12,6,,0,,1,1_12/80681
1,03/6421150,,CA03,3,,0,,1,1_03/6421150
1,02/09953M,,TI02,2,,0,,1,1_02/09953M
1,02/09954,,TI02,2,,0,,1,1_02/09954
1,02/09954M,,TI02,2,,0,,1,1_02/09954M
1,PR/PIAT/0004,,TA01,1,,0,,1,1_PR/PIAT/0004
1,02/09903R,,TI02,2,,0,,1,1_02/09903R
1,02/09903AR,,TI02,2,,0,,1,1_02/09903AR
1,02/09955,,TI02,2,,0,,1,1_02/09955
1,02/09956,,TI02,2,,0,,1,1_02/09956
1,PR/0617/0076-A,,TI02,2,,0,,1,1_PR/0617/0076-A
1,PR/0240/0015,,TA01,1,,0,,1,1_PR/0240/0015
1,PR/0240/0016,,PL04,4,,0,,1,1_PR/0240/0016
1,01/09857,,TA01,1,,0,,1,1_01/09857
1,93/PH1212127,,XCA93,3,,0,,1,1_93/PH1212127
1,01/050041000,,TA01,1,,0,,1,1_01/050041000
1,12/131400002,,CV12,6,,0,,1,1_12/131400002
1,PS.055,,YMA-PS,1,,0,,1,1_PS.055
1,PR/1489/0004-A,,TA01,1,,0,,1,1_PR/1489/0004-A
1,04/024000009,,PL04,4,,0,,1,1_04/024000009
1,02/10020,,TI02,2,,0,,1,1_02/10020
1,04/024000005,,PL04,4,,0,,1,1_04/024000005
1,04/024000006,,PL04,4,,0,,1,1_04/024000006
1,57/40030,,TA57,1,,0,,1,1_57/40030
1,PR/1489/0004,,TA01,1,,0,,1,1_PR/1489/0004
1,PR/1107/0006,,TA01,1,,0,,1,1_PR/1107/0006
1,01/09869,,TA01,1,,0,,1,1_01/09869
1,01/09819,,TA01,1,,0,,1,1_01/09819
1,PR/1690/0007,,TA01,1,,0,,1,1_PR/1690/0007
1,PR/1690/0007-A,,TA01,1,,0,,1,1_PR/1690/0007-A
1,PR/1824/0002,,TA01,1,,0,,1,1_PR/1824/0002
1,PR/16900004,,TA01,1,,0,,1,1_PR/16900004
1,PR/1690/0011,,TA01,1,,0,,1,1_PR/1690/0011
1,PR/1690/0012,,TA01,1,,0,,1,1_PR/1690/0012
1,PR/1690/0013,,TA01,1,,0,,1,1_PR/1690/0013
1,93/PH1212150,,XCA93,3,,0,,1,1_93/PH1212150
1,PR/0267/0042,,TI02,2,,0,,1,1_PR/0267/0042
1,PR/0267/0043,,TI02,2,,0,,1,1_PR/0267/0043
1,PR/0104/0032,,TA01,1,,0,,1,1_PR/0104/0032
1,UP.080,,YMA-UP,1,,0,,1,1_UP.080
1,PR/0617/0075,,TI02,2,,0,,1,1_PR/0617/0075
1,02/09961M,,TI02,2,,0,,1,1_02/09961M
1,01/09813,,TA01,1,,0,,1,1_01/09813
1,01/09870,,TA01,1,,0,,1,1_01/09870
1,02/158000003,,TI02,2,,0,,1,1_02/158000003
1,53/50080,,TA53,1,,0,,1,1_53/50080
1,PR/0634/0011,,TA01,1,,0,,1,1_PR/0634/0011
1,UP.081,,YMA-UP,1,,0,,1,1_UP.081
1,PR/0267/0045,,TI02,2,,0,,1,1_PR/0267/0045
1,PR/0267/0044,,TI02,2,,0,,1,1_PR/0267/0044
1,PR/0267/0046,,TI02,2,,0,,1,1_PR/0267/0046
1,PR/0634/0010,,TI02,2,,0,,1,1_PR/0634/0010
1,02/120500001,,TI02,2,,0,,1,1_02/120500001
1,PR/0267/0042-A,,TI02,2,,0,,1,1_PR/0267/0042-A
1,PR/0267/0043-A,,TI02,2,,0,,1,1_PR/0267/0043-A
1,02/09961,,TI02,2,,0,,1,1_02/09961
1,03/2321055,,CA03,3,,0,,1,1_03/2321055
1,02/10728M,,TI02,2,,0,,1,1_02/10728M
1,PR/1621/0030,,TI02,2,,0,,1,1_PR/1621/0030
1,02/09963,,TI02,2,,0,,1,1_02/09963
1,PR/0013/0033,,CV12,6,,0,,1,1_PR/0013/0033
1,02/10727M,,TI02,2,,0,,1,1_02/10727M
1,57/00012,,TA57,1,,0,,1,1_57/00012
1,04/34301,,PL04,4,,0,,1,1_04/34301
1,02/09841,,TI02,2,,0,,1,1_02/09841
1,02/09974,,TI02,2,,0,,1,1_02/09974
1,01/09900,,TA01,1,,0,,1,1_01/09900
1,01/09832,,TA01,1,,0,,1,1_01/09832
1,01/09833,,TA01,1,,0,,1,1_01/09833
1,12/141100008,,CV12,6,,0,,1,1_12/141100008
1,PR/0019/0003,,TI02,2,,0,,1,1_PR/0019/0003
1,PR/0019/0003-A,,TI02,2,,0,,1,1_PR/0019/0003-A
1,02/08927,,TI02,2,,0,,1,1_02/08927
1,02/09837,,TI02,2,,0,,1,1_02/09837
1,02/09859,,TI02,2,,0,,1,1_02/09859
1,PR/1643/0008,,TI02,2,,0,,1,1_PR/1643/0008
1,01/0870201A,,TA01,1,,0,,1,1_01/0870201A
1,02/09952M4,,TI02,2,,0,,1,1_02/09952M4
1,03/00309M,,CA03,3,,0,,1,1_03/00309M
1,02/061700009,,TI02,2,,0,,1,1_02/061700009
1,02/09393,,TI02,2,,0,,1,1_02/09393
1,03/2421085A,,CA03,3,,0,,1,1_03/2421085A
1,10/16408M,,TI10,2,,0,,1,1_10/16408M
1,PR/0013/0013,,TI02,2,,0,,1,1_PR/0013/0013
1,PR/0013/0013-A,,TI02,2,,0,,1,1_PR/0013/0013-A
1,PR/0978/0001,,TA01,1,,0,,1,1_PR/0978/0001
1,PR/0013/0014,,TI02,2,,0,,1,1_PR/0013/0014
1,10/11512M,,TI10,2,,0,,1,1_10/11512M
1,PR/0013/0014-A,,TI02,2,,0,,1,1_PR/0013/0014-A
1,PR/1234/0009,,TI02,2,,0,,1,1_PR/1234/0009
1,02/09899AM,,TI02,2,,0,,1,1_02/09899AM
1,02/09899AM1,,TI02,2,,0,,1,1_02/09899AM1
1,02/09961M1,,TI02,2,,0,,1,1_02/09961M1
1,PR/IMFL/0001,,TI02,2,,0,,1,1_PR/IMFL/0001
1,PR/0048/0032,,TA01,1,,0,,1,1_PR/0048/0032
1,02/09967,,TI02,2,,0,,1,1_02/09967
1,MA.046,,YMA-MA,1,,0,,1,1_MA.046
1,02/09967M,,TI02,2,,0,,1,1_02/09967M
1,01/158000001,,TA01,1,,0,,1,1_01/158000001
1,PR/1007/0066,,CA03,3,,0,,1,1_PR/1007/0066
1,03/2631105,,CA03,3,,0,,1,1_03/2631105
1,02/09943M,,TI02,2,,0,,1,1_02/09943M
1,02/09968M,,TI02,2,,0,,1,1_02/09968M
1,01/09872,,TA01,1,,0,,1,1_01/09872
1,01/09772,,TA01,1,,0,,1,1_01/09772
1,01/09773,,TA01,1,,0,,1,1_01/09773
1,PR/0357/0005,,CA03,3,,0,,1,1_PR/0357/0005
1,01/09872H,,TA01,1,,0,,1,1_01/09872H
1,01/0987201,,TA01,1,,0,,1,1_01/0987201
1,01/09772M,,TA01,1,,0,,1,1_01/09772M
1,01/08907,,TA01,1,,0,,1,1_01/08907
1,01/09872M,,TA01,1,,0,,1,1_01/09872M
1,01/09121,,TA01,1,,0,,1,1_01/09121
1,03/6423085,,CA03,3,,0,,1,1_03/6423085
1,01/09121M,,TA01,1,,0,,1,1_01/09121M
1,58/310010,,TA58,1,,0,,1,1_58/310010
1,01/09122,,TA01,1,,0,,1,1_01/09122
1,01/09122M,,TA01,1,,0,,1,1_01/09122M
1,03/0046301,,CA03,3,,0,,1,1_03/0046301
1,PR/1672/0008-03,,TI02,2,,0,,1,1_PR/1672/0008-03
1,PR/1672/0008-02,,TI02,2,,0,,1,1_PR/1672/0008-02
1,PR/1505/0018,,TI02,2,,0,,1,1_PR/1505/0018
1,PR/1672/0008,,TI02,2,,0,,1,1_PR/1672/0008
1,PR/1672/0008-01,,TA01,1,,0,,1,1_PR/1672/0008-01
1,02/120300004,,TI02,2,,0,,1,1_02/120300004
1,12/80604A,,CV12,6,,0,,1,1_12/80604A
1,12/80606A,,CV12,6,,0,,1,1_12/80606A
1,CM.108,,YMA-CM,1,,0,,1,1_CM.108
1,12/PP00120,,CV12,6,,0,,1,1_12/PP00120
1,02/09969R,,TI02,2,,0,,1,1_02/09969R
1,PR/1643/0009,,TI02,2,,0,,1,1_PR/1643/0009
1,PR/1643/0011,,TI02,2,,0,,1,1_PR/1643/0011
1,PR/1643/0010,,TI02,2,,0,,1,1_PR/1643/0010
1,PR/1643/0012,,TI02,2,,0,,1,1_PR/1643/0012
1,PR/1643/0013,,TI02,2,,0,,1,1_PR/1643/0013
1,PR/1643/0014,,TI02,2,,0,,1,1_PR/1643/0014
1,PR/ITAL/0001,,TI02,2,,0,,1,1_PR/ITAL/0001
1,PR/1643/0015,,TI02,2,,0,,1,1_PR/1643/0015
1,PR/0019/0004,,TI02,2,,0,,1,1_PR/0019/0004
1,PR/0019/0004-A,,TI02,2,,0,,1,1_PR/0019/0004-A
1,93/WE904052,,XCA93,3,,0,,1,1_93/WE904052
1,PR/0019/0005-A,,TI02,2,,0,,1,1_PR/0019/0005-A
1,PR/CRAN/0001,,PL04,4,,0,,1,1_PR/CRAN/0001
1,PR/0019/0006-A,,TI02,2,,0,,1,1_PR/0019/0006-A
1,02/09569A,,TI02,2,,0,,1,1_02/09569A
1,PR/0019/0007-A,,TI02,2,,0,,1,1_PR/0019/0007-A
1,02/09568A,,TI02,2,,0,,1,1_02/09568A
1,PR/0019/0008-A,,TI02,2,,0,,1,1_PR/0019/0008-A
1,PR/0019/0008,,TI02,2,,0,,1,1_PR/0019/0008
1,PR/0019/0007,,TI02,2,,0,,1,1_PR/0019/0007
1,PR/0019/0006,,TI02,2,,0,,1,1_PR/0019/0006
1,PR/0019/0005,,TI02,2,,0,,1,1_PR/0019/0005
1,02/09870AM3,,TI02,2,,0,,1,1_02/09870AM3
1,02/09933R,,TI02,2,,0,,1,1_02/09933R
1,02/09569AR,,TI02,2,,0,,1,1_02/09569AR
1,55/34012,,TI55,2,,0,,1,1_55/34012
1,04/147800002,,PL04,4,,0,,1,1_04/147800002
1,02/09976,,TI02,2,,0,,1,1_02/09976
1,03/00368M,,CA03,3,,0,,1,1_03/00368M
1,02/10195R,,TI02,2,,0,,1,1_02/10195R
1,02/09976M2,,TI02,2,,0,,1,1_02/09976M2
1,04/143800017A,,PL04,4,,0,,1,1_04/143800017A
1,02/09976M4,,TI02,2,,0,,1,1_02/09976M4
1,02/09976M5,,TI02,2,,0,,1,1_02/09976M5
1,02/09976M,,TI02,2,,0,,1,1_02/09976M
1,02/09977,,TI02,2,,0,,1,1_02/09977
1,02/09977M,,TI02,2,,0,,1,1_02/09977M
1,02/09978,,TI02,2,,0,,1,1_02/09978
1,02/09978M,,TI02,2,,0,,1,1_02/09978M
1,02/09979,,TI02,2,,0,,1,1_02/09979
1,02/09979M,,TI02,2,,0,,1,1_02/09979M
1,02/09979M1,,TI02,2,,0,,1,1_02/09979M1
1,02/09980,,TI02,2,,0,,1,1_02/09980
1,02/09980M,,TI02,2,,0,,1,1_02/09980M
1,PR/0048/0033,,TI02,2,,0,,1,1_PR/0048/0033
1,02/09975,,TI02,2,,0,,1,1_02/09975
1,10/16410,,TI10,2,,0,,1,1_10/16410
1,PR/1006/0001,,TI02,2,,0,,1,1_PR/1006/0001
1,10/14307,,TI10,2,,0,,1,1_10/14307
1,10/14307M,,TI10,2,,0,,1,1_10/14307M
1,02/09870AM4,,TI02,2,,0,,1,1_02/09870AM4
1,02/09870AM5,,TI02,2,,0,,1,1_02/09870AM5
1,PR/ANBP/0001,,TI02,2,,0,,1,1_PR/ANBP/0001
1,PR/ANBP/0002,,TI02,2,,0,,1,1_PR/ANBP/0002
1,02/09981,,TI02,2,,0,,1,1_02/09981
1,12/PP0009801,,CV12,6,,0,,1,1_12/PP0009801
1,02/09981M,,TI02,2,,0,,1,1_02/09981M
1,12/TI00012,,CV12,6,,0,,1,1_12/TI00012
1,PR/0267/0047,,TA01,1,,0,,1,1_PR/0267/0047
1,12/TI00013,,CV12,6,,0,,1,1_12/TI00013
1,PR/1557/0011,,TI02,2,,0,,1,1_PR/1557/0011
1,PR/0768/0010,,TI02,2,,0,,1,1_PR/0768/0010
1,02/09609,,TI02,2,,0,,1,1_02/09609
1,02/09711C,,TI02,2,,0,,1,1_02/09711C
1,PR/1557/0011C,,TI02,2,,0,,1,1_PR/1557/0011C
1,02/09984M,,TI02,2,,0,,1,1_02/09984M
1,03/00122BM1,,CA03,3,,0,,1,1_03/00122BM1
1,PR/0104/0034,,TI02,2,,0,,1,1_PR/0104/0034
1,03/00338,,CA03,3,,0,,1,1_03/00338
1,PR/0617/0173,,TI02,2,,0,,1,1_PR/0617/0173
1,PR/AFSA/0005,,TI02,2,,0,,1,1_PR/AFSA/0005
1,PR/AFSA/0004,,TI02,2,,0,,1,1_PR/AFSA/0004
1,03/00122CM1,,CA03,3,,0,,1,1_03/00122CM1
1,02/09965M,,TI02,2,,0,,1,1_02/09965M
1,02/09985M,,TI02,2,,0,,1,1_02/09985M
1,02/09986M,,TI02,2,,0,,1,1_02/09986M
1,02/09987M,,TI02,2,,0,,1,1_02/09987M
1,PR/1411/0006,,TI02,2,,0,,1,1_PR/1411/0006
1,PR/0617/0078,,TI02,2,,0,,1,1_PR/0617/0078
1,02/158000002,,TI02,2,,0,,1,1_02/158000002
1,10/90007,,TI10,2,,0,,1,1_10/90007
1,10/90007M,,TI10,1,,0,,1,1_10/90007M
1,70/1401070700,,TA70,1,,0,,1,1_70/1401070700
1,70/140106580,,TA70,1,,0,,1,1_70/140106580
1,PR/0617/0078-A,,TI02,2,,0,,1,1_PR/0617/0078-A
1,13/10507,,CA13,3,,0,,1,1_13/10507
1,PR/AFSA/0001,,TI02,2,,0,,1,1_PR/AFSA/0001
1,02/158000002M,,TI02,2,,0,,1,1_02/158000002M
1,02/158000002M1,,TI02,2,,0,,1,1_02/158000002M1
1,02/158000002M2,,TI02,2,,0,,1,1_02/158000002M2
1,02/09870FM2,,TI02,2,,0,,1,1_02/09870FM2
1,02/09988R,,TI02,2,,0,,1,1_02/09988R
1,57/40020,,TA57,1,,0,,1,1_57/40020
1,12/SI00521,,CV12,6,,0,,1,1_12/SI00521
1,12/SI00525A,,CV12,6,,0,,1,1_12/SI00525A
1,12/SI00582,,CV12,6,,0,,1,1_12/SI00582
1,PR/1557/0011A,,TI02,2,,0,,1,1_PR/1557/0011A
1,02/09983,,TI02,2,,0,,1,1_02/09983
1,02/09984,,TI02,2,,0,,1,1_02/09984
1,02/09985,,TI02,2,,0,,1,1_02/09985
1,02/09986,,TI02,2,,0,,1,1_02/09986
1,02/09987,,TI02,2,,0,,1,1_02/09987
1,PR/1690/0014,,TA01,1,,0,,1,1_PR/1690/0014
1,PR/1557/0012,,TI02,2,,0,,1,1_PR/1557/0012
1,PR/1690/0016,,TA01,1,,0,,1,1_PR/1690/0016
1,CM.103-P,,YMA-CM,1,,0,,1,1_CM.103-P
1,02/019400001,,TI02,2,,0,,1,1_02/019400001
1,PR/1567/0007,,TI02,2,,0,,1,1_PR/1567/0007
1,PR/1557/0012A,,TI02,2,,0,,1,1_PR/1557/0012A
1,PR/1557/0012B,,TI02,2,,0,,1,1_PR/1557/0012B
1,PR/1557/0012C,,TI02,2,,0,,1,1_PR/1557/0012C
1,PR/1557/0013,,TI02,3,,0,,1,1_PR/1557/0013
1,PR/1557/0013A,,TI02,2,,0,,1,1_PR/1557/0013A
1,PR/1557/0013B,,TI02,2,,0,,1,1_PR/1557/0013B
1,PR/1557/0013C,,TI02,2,,0,,1,1_PR/1557/0013C
1,12/80546A,,CV12,6,,0,,1,1_12/80546A
1,01/10262A,,TA01,1,,0,,1,1_01/10262A
1,02/072300001,,TI02,2,,0,,1,1_02/072300001
1,02/0998901,,TI02,2,,0,,1,1_02/0998901
1,02/0998902,,TI02,2,,0,,1,1_02/0998902
1,02/09990M,,TI02,2,,0,,1,1_02/09990M
1,01/09873R,,TA01,1,,0,,1,1_01/09873R
1,04/159000004,,PL04,4,,0,,1,1_04/159000004
1,PR/AFSA/0007,,TI02,2,,0,,1,1_PR/AFSA/0007
1,PR/AFSA/0006,,TI02,2,,0,,1,1_PR/AFSA/0006
1,PR/AFSA/0008,,TI02,2,,0,,1,1_PR/AFSA/0008
1,PR/AFSA/0009,,TI02,2,,0,,1,1_PR/AFSA/0009
1,PR/AFSA/0010,,TI02,2,,0,,1,1_PR/AFSA/0010
1,MA.049-01,,YMA-MA,1,,0,,1,1_MA.049-01
1,PR/AFSA/0012,,TI02,2,,0,,1,1_PR/AFSA/0012
1,PR/AFSA/0013,,TI02,2,,0,,1,1_PR/AFSA/0013
1,PR/AFSA/0011,,TI02,2,,0,,1,1_PR/AFSA/0011
1,UP.082,,YMA-UP,1,,0,,1,1_UP.082
1,02/09993,,TI02,2,,0,,1,1_02/09993
1,10/170306,,TI10,2,,0,,1,1_10/170306
1,02/076800001,,TI02,2,,0,,1,1_02/076800001
1,PR/0301/0025,,TA01,1,,0,,1,1_PR/0301/0025
1,PR/0301/0026,,TA01,1,,0,,1,1_PR/0301/0026
1,US.002,,YMA-US,1,,0,,1,1_US.002
1,01/09929,,TA01,1,,0,,1,1_01/09929
1,CM.098-P,,YMA-CM,1,,0,,1,1_CM.098-P
1,PR/AFSA/0014,,TI02,2,,0,,1,1_PR/AFSA/0014
1,PR/AFSA/0015,,TI02,2,,0,,1,1_PR/AFSA/0015
1,PR/AFSA/0016,,TI02,2,,0,,1,1_PR/AFSA/0016
1,PR/0617/0082-B,,TI02,2,,0,,1,1_PR/0617/0082-B
1,PR/AFSA/0017,,TI02,2,,0,,1,1_PR/AFSA/0017
1,02/10033,,TI02,2,,0,,1,1_02/10033
1,PR/AFSA/0019,,TI02,2,,0,,1,1_PR/AFSA/0019
1,03/00205M1,,CA03,3,,0,,1,1_03/00205M1
1,26/10540,,TA26,1,,0,,1,1_26/10540
1,28/0095601,,TA28,1,,0,,1,1_28/0095601
1,PR/AFSA/0020,,TI02,2,,0,,1,1_PR/AFSA/0020
1,PR/AFSA/0021,,TI02,2,,0,,1,1_PR/AFSA/0021
1,PR/1707/0001,,TI02,2,,0,,1,1_PR/1707/0001
1,PR/AFSA/0018,,TI02,2,,0,,1,1_PR/AFSA/0018
1,PR/1240/0007,,TA01,1,,0,,1,1_PR/1240/0007
1,PR/0104/0033,,TI02,2,,0,,1,1_PR/0104/0033
1,28/10003A,,TI10,2,,0,,1,1_28/10003A
1,02/1008801,,TI02,2,,0,,1,1_02/1008801
1,02/09995,,TI02,2,,0,,1,1_02/09995
1,PR/0677/002-A,,TI02,2,,0,,1,1_PR/0677/002-A
1,PR/0677/0022-A,,TI02,2,,0,,1,1_PR/0677/0022-A
1,02/09997,,TI02,2,,0,,1,1_02/09997
1,02/0978401,,TI02,2,,0,,1,1_02/0978401
1,PR/0617/0079,,TI02,2,,0,,1,1_PR/0617/0079
1,02/09998,,TI02,2,,0,,1,1_02/09998
1,02/09999,,TI02,2,,0,,1,1_02/09999
1,PR/1669/0026,,TI02,2,,0,,1,1_PR/1669/0026
1,02/09894,,TI02,2,,0,,1,1_02/09894
1,PR/1007/0049,,TA01,1,,0,,1,1_PR/1007/0049
1,PR/1007/0048,,TA01,1,,0,,1,1_PR/1007/0048
1,PR/0228/0004,,TI02,2,,0,,1,1_PR/0228/0004
1,PR/0228/0004-A,,TI02,2,,0,,1,1_PR/0228/0004-A
1,03/00337,,CA03,3,,0,,1,1_03/00337
1,PR/1234/0011,,TA01,1,,0,,1,1_PR/1234/0011
1,04/024000011,,PL04,4,,0,,1,1_04/024000011
1,PR/0617/0077-A,,TI02,2,,0,,1,1_PR/0617/0077-A
1,PR/1705/0003,,CA03,3,,0,,1,1_PR/1705/0003
1,PR/1705/0003-A,,CA03,3,,0,,1,1_PR/1705/0003-A
1,01/09875,,TA01,1,,0,,1,1_01/09875
1,PR/1708/0003,,TI02,2,,0,,1,1_PR/1708/0003
1,PR/GPAI/0001,,TI02,2,,0,,1,1_PR/GPAI/0001
1,03/00336,,CA03,3,,0,,1,1_03/00336
1,10/05021,,TI10,2,,0,,1,1_10/05021
1,PR/GPAI/0001-A,,TI02,2,,0,,1,1_PR/GPAI/0001-A
1,PR/GPAI/0001-B,,TI02,2,,0,,1,1_PR/GPAI/0001-B
1,10/050021,,TA11,1,,0,,1,1_10/050021
1,02/148900001,,TI02,2,,0,,1,1_02/148900001
1,PR/1682/0003,,TA01,1,,0,,1,1_PR/1682/0003
1,02/09811,,TI02,2,,0,,1,1_02/09811
1,02/08631B,,TI02,2,,0,,1,1_02/08631B
1,02/08631A,,TI02,2,,0,,1,1_02/08631A
1,10/06090M,,TI10,2,,0,,1,1_10/06090M
1,10/05041,,TI10,2,,0,,1,1_10/05041
1,02/10004M,,TI02,2,,0,,1,1_02/10004M
1,02/09900,,TI02,2,,0,,1,1_02/09900
1,01/09878M1,,TA01,1,,0,,1,1_01/09878M1
1,02/10003M1,,TI02,2,,0,,1,1_02/10003M1
1,PR/0RTE/0001,,TA01,1,,0,,1,1_PR/0RTE/0001
1,PR/0267/0048-A,,TI02,2,,0,,1,1_PR/0267/0048-A
1,02/10017,,TI02,2,,0,,1,1_02/10017
1,04/171700001,,PL04,4,,0,,1,1_04/171700001
1,01/09882,,TA01,1,,0,,1,1_01/09882
1,01/09836,,TA01,1,,0,,1,1_01/09836
1,01/09879,,TA01,1,,0,,1,1_01/09879
1,55/00105MP,,TI55,2,,0,,1,1_55/00105MP
1,01/09880,,TA01,1,,0,,1,1_01/09880
1,03/00122AM,,CA03,3,,0,,1,1_03/00122AM
1,PR/1203/0010,,TI02,2,,0,,1,1_PR/1203/0010
1,PR/1652/0001,,TA01,1,,0,,1,1_PR/1652/0001
1,55/00803,,TI55,2,,0,,1,1_55/00803
1,PR/0048/0034,,TA01,1,,0,,1,1_PR/0048/0034
1,01/09881,,TA01,1,,0,,1,1_01/09881
1,13/1094012,,CA13,3,,0,,1,1_13/1094012
1,02/102400001,,TI02,2,,0,,1,1_02/102400001
1,02/102400001M,,TI02,2,,0,,1,1_02/102400001M
1,02/102400001M1,,TI02,2,,0,,1,1_02/102400001M1
1,02/09994M1,,TI02,2,,0,,1,1_02/09994M1
1,02/09994M,,TI02,2,,0,,1,1_02/09994M
1,02/07733M,,TI02,2,,0,,1,1_02/07733M
1,02/07733M1,,TI02,2,,0,,1,1_02/07733M1
1,02/10010,,TI02,2,,0,,1,1_02/10010
1,12/531708R,,CV12,6,,0,,1,1_12/531708R
1,02/10002M,,TI02,2,,0,,1,1_02/10002M
1,02/158000003M3,,TI02,2,,0,,1,1_02/158000003M3
1,55/35010,,TI55,2,,0,,1,1_55/35010
1,28/109123,,TA28,1,,0,,1,1_28/109123
1,02/158000003M1,,TI02,2,,0,,1,1_02/158000003M1
1,02/158000003M2,,TI02,2,,0,,1,1_02/158000003M2
1,02/158000003M,,TI02,2,,0,,1,1_02/158000003M
1,02/10001M,,TI02,2,,0,,1,1_02/10001M
1,02/10003M,,TI02,2,,0,,1,1_02/10003M
1,02/158000004,,TI02,2,,0,,1,1_02/158000004
1,01/0987801,,TA01,1,,0,,1,1_01/0987801
1,01/0987701,,TA01,1,,0,,1,1_01/0987701
1,01/0987601,,TA01,1,,0,,1,1_01/0987601
1,02/10000,,TI02,2,,0,,1,1_02/10000
1,02/10000M,,TI02,2,,0,,1,1_02/10000M
1,02/158000004M,,TI02,2,,0,,1,1_02/158000004M
1,02/158000004M1,,TI02,2,,0,,1,1_02/158000004M1
1,PR/1234/0012,,TA01,1,,0,,1,1_PR/1234/0012
1,PR/1708/0002,,TA01,1,,0,,1,1_PR/1708/0002
1,PR/1030/0001,,TI02,2,,0,,1,1_PR/1030/0001
1,12/80899,,CV12,6,,0,,1,1_12/80899
1,02/10089M,,TI02,2,,0,,1,1_02/10089M
1,04/168300001,,PL04,4,,0,,1,1_04/168300001
1,02/158000004M2,,TI02,2,,0,,1,1_02/158000004M2
1,26/640625,,TA26,1,,0,,1,1_26/640625
1,PR/0617/0097,,TI02,2,,0,,1,1_PR/0617/0097
1,10/052091,,TA11,1,,0,,1,1_10/052091
1,02/10007,,TI02,2,,0,,1,1_02/10007
1,03/00311,,CA03,3,,0,,1,1_03/00311
1,03/00311M,,CA03,3,,0,,1,1_03/00311M
1,10/1904025,,TI10,2,,0,,1,1_10/1904025
1,28/1094012,,TA28,1,,0,,1,1_28/1094012
1,12/80980,,CV12,6,,0,,1,1_12/80980
1,11/00010,,TA11,1,,0,,1,1_11/00010
1,PR/0357/0006,,CA13,3,,0,,1,1_PR/0357/0006
1,PR/0634/0012,,TI02,2,,0,,1,1_PR/0634/0012
1,02/10009M1,,TI02,2,,0,,1,1_02/10009M1
1,PR/0617/0089,,TI02,2,,0,,1,1_PR/0617/0089
1,03/1521095,,CA03,3,,0,,1,1_03/1521095
1,02/09900M5,,TI02,2,,0,,1,1_02/09900M5
1,MA.046-P,,YMA-MA,1,,0,,1,1_MA.046-P
1,10/90007AM,,TI10,2,,0,,1,1_10/90007AM
1,12/PP00121,,CV12,6,,0,,1,1_12/PP00121
1,02/10392,,TI02,2,,0,,1,1_02/10392
1,02/09976R,,TI02,2,,0,,1,1_02/09976R
1,11/041175A,,TA11,1,,0,,1,1_11/041175A
1,02/08960,,TI02,2,,0,,1,1_02/08960
1,02/10015,,TI02,2,,0,,1,1_02/10015
1,02/09983R,,TI02,2,,0,,1,1_02/09983R
1,02/08960AR,,TI02,2,,0,,1,1_02/08960AR
1,PR/0634/0013,,TA01,1,,0,,1,1_PR/0634/0013
1,02/10010M,,TI02,2,,0,,1,1_02/10010M
1,02/10005,,TI02,2,,0,,1,1_02/10005
1,02/10013,,TI02,2,,0,,1,1_02/10013
1,02/10014,,TI02,2,,0,,1,1_02/10014
1,PR/0267/0048,,TI02,2,,0,,1,1_PR/0267/0048
1,PR/1723/0001-B,,TI02,2,,0,,1,1_PR/1723/0001-B
1,PR/0267/0049,,TI02,2,,0,,1,1_PR/0267/0049
1,PR/1505/0001,,TI02,2,,0,,1,1_PR/1505/0001
1,13/10557,,CA13,3,,0,,1,1_13/10557
1,02/10016,,TI02,2,,0,,1,1_02/10016
1,02/10016M,,TI02,2,,0,,1,1_02/10016M
1,12/2510091,,CV12,6,,0,,1,1_12/2510091
1,US.003,,YMA-US,1,,0,,1,1_US.003
1,CM.098R,,YMA-CM,1,,0,,1,1_CM.098R
1,01/09483R,,TA01,1,,0,,1,1_01/09483R
1,YMA-PB,,,0,,0,,1,1_YMA-PB
1,PB.027R,,YMA-PB,1,,0,,1,1_PB.027R
1,CM.098-PR,,YMA-CM,1,,0,,1,1_CM.098-PR
1,02/09558AR,,TI02,2,,0,,1,1_02/09558AR
1,UP.082R,,YMA-UP,1,,0,,1,1_UP.082R
1,PR/1144/0018,,TA01,1,,0,,1,1_PR/1144/0018
1,01/09884,,TA01,1,,0,,1,1_01/09884
1,PR/0048/0035,,TA01,1,,0,,1,1_PR/0048/0035
1,02/10001A,,TI02,2,,0,,1,1_02/10001A
1,01/09883,,TA01,1,,0,,1,1_01/09883
1,01/050041300,,TA01,1,,0,,1,1_01/050041300
1,70/7030718A,,TA70,1,,0,,1,1_70/7030718A
1,02/09421CR,,TI02,2,,0,,1,1_02/09421CR
1,PR/1500/0003,,TI02,2,,0,,1,1_PR/1500/0003
1,01/09885,,TA01,1,,0,,1,1_01/09885
1,01/0988401,,TA01,1,,0,,1,1_01/0988401
1,01/0988501,,TA01,1,,0,,1,1_01/0988501
1,PR/ORTE/0002,,TA01,1,,0,,1,1_PR/ORTE/0002
1,PR/ORTE/0003,,TA01,1,,0,,1,1_PR/ORTE/0003
1,PR/ORTE/0001,,TA01,1,,0,,1,1_PR/ORTE/0001
1,PR/1669/0027,,TA01,1,,0,,1,1_PR/1669/0027
1,PR/1723/0003,,TI02,2,,0,,1,1_PR/1723/0003
1,PR/1723/0001,,TI02,2,,0,,1,1_PR/1723/0001
1,PR/1723/0002,,TI02,2,,0,,1,1_PR/1723/0002
1,UP.082R1,,YMA-UP,1,,0,,1,1_UP.082R1
1,PR/0617/0080,,TI02,2,,0,,1,1_PR/0617/0080
1,PR/1723/0006,,TI02,2,,0,,1,1_PR/1723/0006
1,PR/1723/0005,,TI02,2,,0,,1,1_PR/1723/0005
1,PR/0617/0084,,TI02,2,,0,,1,1_PR/0617/0084
1,PR/0617/0082-C,,TI02,2,,0,,1,1_PR/0617/0082-C
1,02/10018,,TI02,2,,0,,1,1_02/10018
1,PR/0617/0080-A,,TI02,2,,0,,1,1_PR/0617/0080-A
1,02/09973M1,,TI02,2,,0,,1,1_02/09973M1
1,PR/0617/0081-A,,TI02,2,,0,,1,1_PR/0617/0081-A
1,02/10018M,,TI02,2,,0,,1,1_02/10018M
1,02/09973,,TI02,2,,0,,1,1_02/09973
1,PR/0617/0081,,TI02,2,,0,,1,1_PR/0617/0081
1,PR/0617/0081-B,,TI02,2,,0,,1,1_PR/0617/0081-B
1,PR/0617/0081-C,,TI02,2,,0,,1,1_PR/0617/0081-C
1,PR/0617/0082,,TI02,2,,0,,1,1_PR/0617/0082
1,PR/0617/0082-A,,TI02,2,,0,,1,1_PR/0617/0082-A
1,PR/0617/0083,,TI02,2,,0,,1,1_PR/0617/0083
1,12/PG05031,,CV12,6,,0,,1,1_12/PG05031
1,02/10132,,TI02,2,,0,,1,1_02/10132
1,UD.033,,YMA-UD,1,,0,,1,1_UD.033
1,UP.088,,YMA-UP,1,,0,,1,1_UP.088
1,02/10094A,,TI02,2,,0,,1,1_02/10094A
1,02/09990AR,,TI02,2,,0,,1,1_02/09990AR
1,02/09701A03,,TI02,2,,0,,1,1_02/09701A03
1,02/10030,,TI02,2,,0,,1,1_02/10030
1,PR/1723/0001-A,,TI02,2,,0,,1,1_PR/1723/0001-A
1,PR/1723/0002-A,,TI02,2,,0,,1,1_PR/1723/0002-A
1,PR/1723/0002-B,,TI02,2,,0,,1,1_PR/1723/0002-B
1,PR/1723/0003-A,,TI02,2,,0,,1,1_PR/1723/0003-A
1,PR/1723/0003-B,,TI02,2,,0,,1,1_PR/1723/0003-B
1,PR/1190/0001,,TI02,2,,0,,1,1_PR/1190/0001
1,PR/1723/0004,,TI02,2,,0,,1,1_PR/1723/0004
1,PR/1723/0004-A,,TI02,2,,0,,1,1_PR/1723/0004-A
1,PR/1723/0004-B,,TI02,2,,0,,1,1_PR/1723/0004-B
1,PR/1723/0005-A,,TI02,2,,0,,1,1_PR/1723/0005-A
1,PR/1723/0005-B,,TI02,2,,0,,1,1_PR/1723/0005-B
1,PR/1723/0006-A,,TI02,2,,0,,1,1_PR/1723/0006-A
1,PR/1723/0006-B,,TI02,2,,0,,1,1_PR/1723/0006-B
1,02/09973M,,TI02,2,,0,,1,1_02/09973M
1,PR/0104/0035,,TI02,2,,0,,1,1_PR/0104/0035
1,02/09692AR,,TI02,2,,0,,1,1_02/09692AR
1,02/09870,,TI02,2,,0,,1,1_02/09870
1,02/09870A,,TI02,2,,0,,1,1_02/09870A
1,02/10001AM,,TI02,2,,0,,1,1_02/10001AM
1,12/80901,,CV12,6,,0,,1,1_12/80901
1,02/06132R,,TI02,2,,0,,1,1_02/06132R
1,02/07733,,TI02,2,,0,,1,1_02/07733
1,02/08154,,TI02,2,,0,,1,1_02/08154
1,02/08576,,TI02,2,,0,,1,1_02/08576
1,02/09080,,TI02,2,,0,,1,1_02/09080
1,02/09446,,TI02,2,,0,,1,1_02/09446
1,02/09994,,TI02,2,,0,,1,1_02/09994
1,02/09994R,,TI02,2,,0,,1,1_02/09994R
1,PR/1560/0001,,TI02,2,,0,,1,1_PR/1560/0001
1,UP.083,,YMA-UP,1,,0,,1,1_UP.083
1,UP.061,,YMA-UP,1,,0,,1,1_UP.061
1,10/13175,,TI10,2,,0,,1,1_10/13175
1,PR/1580/0011,,TI02,2,,0,,1,1_PR/1580/0011
1,12/PG05002,,CV12,6,,0,,1,1_12/PG05002
1,10/13175M,,TI10,2,,0,,1,1_10/13175M
1,02/10009M2,,TI02,2,,0,,1,1_02/10009M2
1,02/10009M5,,TI02,2,,0,,1,1_02/10009M5
1,02/09870B,,TI02,2,,0,,1,1_02/09870B
1,02/09870BM,,TI02,2,,0,,1,1_02/09870BM
1,10/13175A,,TI10,2,,0,,1,1_10/13175A
1,PR/0617/0085-A,,TI02,2,,0,,1,1_PR/0617/0085-A
1,PR/0617/0085,,TI02,2,,0,,1,1_PR/0617/0085
1,PR/0617/0086,,TI02,2,,0,,1,1_PR/0617/0086
1,PR/0617/0086-A,,TI02,2,,0,,1,1_PR/0617/0086-A
1,10/13195,,TI10,2,,0,,1,1_10/13195
1,04/024000008,,PL04,4,,0,,1,1_04/024000008
1,02/10912,,TI02,2,,0,,1,1_02/10912
1,10/13175AM,,TI10,2,,0,,1,1_10/13175AM
1,01/114400001,,TA01,1,,0,,1,1_01/114400001
1,PR/0617/0087,,TI02,2,,0,,1,1_PR/0617/0087
1,01/114400002,,TA01,1,,0,,1,1_01/114400002
1,PR/0048/0036,,CA03,3,,0,,1,1_PR/0048/0036
1,PR/1558/0009,,TI02,2,,0,,1,1_PR/1558/0009
1,PR/1580/0010,,TI02,2,,0,,1,1_PR/1580/0010
1,PR/1580/0009,,TI02,2,,0,,1,1_PR/1580/0009
1,02/10023,,TI02,2,,0,,1,1_02/10023
1,55/62510,,TI55,2,,0,,1,1_55/62510
1,03/00153M,,CA03,3,,0,,1,1_03/00153M
1,01/09886,,TA01,1,,0,,1,1_01/09886
1,91/81041,,XTA91,8,,0,,1,1_91/81041
1,02/10002AM,,TI02,2,,0,,1,1_02/10002AM
1,10/90007A,,TI10,2,,0,,1,1_10/90007A
1,02/10317,,TI02,2,,0,,1,1_02/10317
1,PR/1021/0003,,TA01,1,,0,,1,1_PR/1021/0003
1,PR/0617/0088,,TI02,2,,0,,1,1_PR/0617/0088
1,PR/0240/0006-B,,TA01,1,,0,,1,1_PR/0240/0006-B
1,PR/0617/0088-A,,TI02,2,,0,,1,1_PR/0617/0088-A
1,PR/0617/0089-A,,TI02,2,,0,,1,1_PR/0617/0089-A
1,02/10027,,TI02,2,,0,,1,1_02/10027
1,02/09870BM2,,TI02,2,,0,,1,1_02/09870BM2
1,02/09870BM3,,TI02,2,,0,,1,1_02/09870BM3
1,02/09870BM1,,TI02,2,,0,,1,1_02/09870BM1
1,02/10027A,,TI02,2,,0,,1,1_02/10027A
1,PR/1144/0019,,TA01,1,,0,,1,1_PR/1144/0019
1,PR/1144/0019-A,,TA01,1,,0,,1,1_PR/1144/0019-A
1,12/512006,,CV12,6,,0,,1,1_12/512006
1,02/10028,,TI02,2,,0,,1,1_02/10028
1,02/10028A,,TI02,2,,0,,1,1_02/10028A
1,PR/1144/0020,,TA01,1,,0,,1,1_PR/1144/0020
1,02/10029A,,TI02,2,,0,,1,1_02/10029A
1,02/10029,,TI02,2,,0,,1,1_02/10029
1,PR/1580/0012,,TI02,2,,0,,1,1_PR/1580/0012
1,02/09701AR,,TI02,2,,0,,1,1_02/09701AR
1,52/10012,,TA52,1,,0,,1,1_52/10012
1,04/166700004,,PL04,4,,0,,1,1_04/166700004
1,PR/0104/0036,,TA01,1,,0,,1,1_PR/0104/0036
1,PR/0104/0037,,TI02,2,,0,,1,1_PR/0104/0037
1,02/10036M,,TI02,2,,0,,1,1_02/10036M
1,PR/1203/0011-A,,TA01,1,,0,,1,1_PR/1203/0011-A
1,PR/1144/0021,,TA01,1,,0,,1,1_PR/1144/0021
1,PR/1144/0020-A,,TA01,1,,0,,1,1_PR/1144/0020-A
1,01/0992001,,TA01,1,,0,,1,1_01/0992001
1,PR/1144/0021-A,,TA01,1,,0,,1,1_PR/1144/0021-A
1,55/40601MP,,TI55,2,,0,,1,1_55/40601MP
1,12/063200006,,CV12,6,,0,,1,1_12/063200006
1,12/063200005,,CV12,6,,0,,1,1_12/063200005
1,04/01114A,,PL04,4,,0,,1,1_04/01114A
1,04/01113AM,,PL04,4,,0,,1,1_04/01113AM
1,04/01114AM,,PL04,4,,0,,1,1_04/01114AM
1,CM.105-M,,YMA-CM,1,,0,,1,1_CM.105-M
1,03/00348,,CA03,3,,0,,1,1_03/00348
1,CM.099,,YMA-CM,1,,0,,1,1_CM.099
1,CM.099-P,,YMA-CM,1,,0,,1,1_CM.099-P
1,UP.083-P,,YMA-UP,1,,0,,1,1_UP.083-P
1,PR/1203/0011,,TA01,1,,0,,1,1_PR/1203/0011
1,PR/1203/0012,,TA01,1,,0,,1,1_PR/1203/0012
1,PR/0617/0090,,TI02,2,,0,,1,1_PR/0617/0090
1,PR/1203/0012-A,,TA01,1,,0,,1,1_PR/1203/0012-A
1,PR/1580/0013,,TI02,2,,0,,1,1_PR/1580/0013
1,PR/1580/0011-A,,TI02,2,,0,,1,1_PR/1580/0011-A
1,PR/1580/0013-A,,TI02,2,,0,,1,1_PR/1580/0013-A
1,PR/1580/0012-A,,TI02,2,,0,,1,1_PR/1580/0012-A
1,PR/0617/0303,,TI02,2,,0,,1,1_PR/0617/0303
1,13/10551,,CA13,3,,0,,1,1_13/10551
1,13/10560,,CA13,3,,0,,1,1_13/10560
1,28/00956,,TA28,1,,0,,1,1_28/00956
1,02/1003602,,TI02,2,,0,,1,1_02/1003602
1,02/09874AM,,TI02,2,,0,,1,1_02/09874AM
1,01/09628,,TA01,1,,0,,1,1_01/09628
1,02/10027AM,,TI02,2,,0,,1,1_02/10027AM
1,02/10028M,,TI02,2,,0,,1,1_02/10028M
1,02/10028AM,,TI02,2,,0,,1,1_02/10028AM
1,02/10029M,,TI02,2,,0,,1,1_02/10029M
1,12/TI00014,,CV12,6,,0,,1,1_12/TI00014
1,01/09857M,,TA01,1,,0,,1,1_01/09857M
1,PR/0051/0002,,TA01,1,,0,,1,1_PR/0051/0002
1,03/00343M,,CA03,3,,0,,1,1_03/00343M
1,02/1003603,,TI02,2,,0,,1,1_02/1003603
1,02/1003604,,TI02,2,,0,,1,1_02/1003604
1,02/1003605,,TI02,2,,0,,1,1_02/1003605
1,02/1003606,,TI02,2,,0,,1,1_02/1003606
1,02/1003601,,TI02,2,,0,,1,1_02/1003601
1,26/620825,,TA26,1,,0,,1,1_26/620825
1,26/6110100,,TA26,1,,0,,1,1_26/6110100
1,26/6110130,,TA26,1,,0,,1,1_26/6110130
1,02/10036M1,,TI02,2,,0,,1,1_02/10036M1
1,PR/0820/0003,,TA01,1,,0,,1,1_PR/0820/0003
1,PR/0617/0092,,TI02,2,,0,,1,1_PR/0617/0092
1,02/0941402,,TI02,2,,0,,1,1_02/0941402
1,02/0941403,,TI02,2,,0,,1,1_02/0941403
1,PR/0718/0003-B,,TA01,1,,0,,1,1_PR/0718/0003-B
1,PR/0617/0093,,TI02,2,,0,,1,1_PR/0617/0093
1,02/10001,,TI02,2,,0,,1,1_02/10001
1,02/026700006,,TI02,2,,0,,1,1_02/026700006
1,PR/1667/0005,,PL04,4,,0,,1,1_PR/1667/0005
1,PR/1144/0019-B,,TA01,1,,0,,1,1_PR/1144/0019-B
1,PR/1144/0020-B,,TA01,1,,0,,1,1_PR/1144/0020-B
1,01/09887,,TA01,1,,0,,1,1_01/09887
1,01/09888,,TA01,1,,0,,1,1_01/09888
1,01/09889,,TA01,1,,0,,1,1_01/09889
1,01/09890,,TA01,1,,0,,1,1_01/09890
1,55/40501MP,,TI55,2,,0,,1,1_55/40501MP
1,02/10143,,TI02,2,,0,,1,1_02/10143
1,PR/1024/0006,,TI02,2,,0,,1,1_PR/1024/0006
1,02/10233,,TI02,2,,0,,1,1_02/10233
1,01/09891R,,TA01,1,,0,,1,1_01/09891R
1,03/00341,,CA03,3,,0,,1,1_03/00341
1,03/00342,,CA03,3,,0,,1,1_03/00342
1,02/10145,,TI02,2,,0,,1,1_02/10145
1,02/10033M6,,TI02,2,,0,,1,1_02/10033M6
1,PR/0228/0006,,TA01,1,,0,,1,1_PR/0228/0006
1,US.004,,YMA-US,1,,0,,1,1_US.004
1,01/09891,,TA01,1,,0,,1,1_01/09891
1,12/80725,,CV12,6,,0,,1,1_12/80725
1,12/521007,,CV12,6,,0,,1,1_12/521007
1,PR/0301/0027,,TA01,1,,0,,1,1_PR/0301/0027
1,PR/1478/0006,,PL04,4,,0,,1,1_PR/1478/0006
1,PR/0617/0267-A,,TI02,2,,0,,1,1_PR/0617/0267-A
1,02/09761A,,TI02,2,,0,,1,1_02/09761A
1,12/098900001,,CV12,6,,0,,1,1_12/098900001
1,PR/0230/0001,,CA03,3,,0,,1,1_PR/0230/0001
1,03/00343,,CA03,3,,0,,1,1_03/00343
1,PR/1474/0010,,TI02,2,,0,,1,1_PR/1474/0010
1,12/TI00015,,CV12,6,,0,,1,1_12/TI00015
1,02/10036,,TI02,2,,0,,1,1_02/10036
1,02/10198M,,TI02,2,,0,,1,1_02/10198M
1,02/10037,,TI02,2,,0,,1,1_02/10037
1,26/60156,,TA26,1,,0,,1,1_26/60156
1,AV020,,AVTI,2,,0,,1,1_AV020
1,10/11510,,TI10,2,,0,,1,1_10/11510
1,10/11516,,TI10,1,,0,,1,1_10/11516
1,10/11520,,TI10,2,,0,,1,1_10/11520
1,10/11525,,TI10,2,,0,,1,1_10/11525
1,10/11530,,TI10,2,,0,,1,1_10/11530
1,10/11540,,TI10,2,,0,,1,1_10/11540
1,10/11610,,TI10,2,,0,,1,1_10/11610
1,10/11612,,TI10,2,,0,,1,1_10/11612
1,10/11615,,TI10,2,,0,,1,1_10/11615
1,10/11616,,TI10,2,,0,,1,1_10/11616
1,10/11620,,TI10,2,,0,,1,1_10/11620
1,01/10309,,TA01,1,,0,,1,1_01/10309
1,10/11630,,TI10,2,,0,,1,1_10/11630
1,10/11635,,TI10,2,,0,,1,1_10/11635
1,10/11640,,TI10,2,,0,,1,1_10/11640
1,10/11645,,TI10,2,,0,,1,1_10/11645
1,01/09918,,TA01,1,,0,,1,1_01/09918
1,10/11655,,TI10,2,,0,,1,1_10/11655
1,10/11660,,TI10,2,,0,,1,1_10/11660
1,10/11665,,TI10,2,,0,,1,1_10/11665
1,10/11670,,TI10,2,,0,,1,1_10/11670
1,10/11680,,TI10,2,,0,,1,1_10/11680
1,PR/SUTR/0001,,TI02,2,,0,,1,1_PR/SUTR/0001
1,02/10038M1,,TI02,2,,0,,1,1_02/10038M1
1,01/09877A,,TA01,1,,0,,1,1_01/09877A
1,02/10018AM1,,TI02,2,,0,,1,1_02/10018AM1
1,01/09893,,TA01,1,,0,,1,1_01/09893
1,01/030100002,,TA01,1,,0,,1,1_01/030100002
1,02/061700017,,TI02,2,,0,,1,1_02/061700017
1,02/061700016,,TI02,2,,0,,1,1_02/061700016
1,02/061700015,,TI02,2,,0,,1,1_02/061700015
1,02/061700014,,TI02,2,,0,,1,1_02/061700014
1,02/061700013,,TI02,2,,0,,1,1_02/061700013
1,02/061700012,,TI02,2,,0,,1,1_02/061700012
1,02/061700011,,TI02,2,,0,,1,1_02/061700011
1,02/061700010,,TI02,2,,0,,1,1_02/061700010
1,02/061700007,,TI02,2,,0,,1,1_02/061700007
1,02/061700006,,TI02,2,,0,,1,1_02/061700006
1,02/09874A,,TI02,2,,0,,1,1_02/09874A
1,PR/0718/0003,,TA01,1,,0,,1,1_PR/0718/0003
1,PR/0718/0003-A,,TA01,1,,0,,1,1_PR/0718/0003-A
1,PR/1500/0004,,TI02,2,,0,,1,1_PR/1500/0004
1,04/142100005,,PL04,4,,0,,1,1_04/142100005
1,10/13195M,,TI10,2,,0,,1,1_10/13195M
1,04/024000012,,PL04,4,,0,,1,1_04/024000012
1,04/024000010,,PL04,4,,0,,1,1_04/024000010
1,04/1609500100,,PL04,4,,0,,1,1_04/1609500100
1,02/09874AM1,,TI02,2,,0,,1,1_02/09874AM1
1,PR/1606/0003,,TI02,2,,0,,1,1_PR/1606/0003
1,01/08642R,,TA01,1,,0,,1,1_01/08642R
1,02/10042,,TI02,2,,0,,1,1_02/10042
1,PR/1606/0004,,TA01,1,,0,,1,1_PR/1606/0004
1,02/10040,,TI02,2,,0,,1,1_02/10040
1,02/10041,,TI02,2,,0,,1,1_02/10041
1,02/10043,,TI02,2,,0,,1,1_02/10043
1,02/10044,,TI02,2,,0,,1,1_02/10044
1,02/10040M,,TI02,2,,0,,1,1_02/10040M
1,02/10041M,,TI02,2,,0,,1,1_02/10041M
1,02/10043M,,TI02,2,,0,,1,1_02/10043M
1,57/39120,,TA57,1,,0,,1,1_57/39120
1,02/10044M,,TI02,2,,0,,1,1_02/10044M
1,01/09894,,TA01,1,,0,,1,1_01/09894
1,02/10668,,TI02,2,,0,,1,1_02/10668
1,02/10277A,,TI02,2,,0,,1,1_02/10277A
1,01/10261R,,TA01,1,,0,,1,1_01/10261R
1,01/10092,,TA01,1,,0,,1,1_01/10092
1,PR/1606/0002,,TI02,2,,0,,1,1_PR/1606/0002
1,PR/1606/0005,,TA01,1,,0,,1,1_PR/1606/0005
1,PR/1505/0003,,TI02,2,,0,,1,1_PR/1505/0003
1,04/024000032,,PL04,4,,0,,1,1_04/024000032
1,PR/1606/0007,,TI02,2,,0,,1,1_PR/1606/0007
1,PR/1606/0006,,TI02,2,,0,,1,1_PR/1606/0006
1,PR/1606/0008,,TA01,1,,0,,1,1_PR/1606/0008
1,PR/1606/0009,,TA01,1,,0,,1,1_PR/1606/0009
1,02/1003698,,TI02,2,,0,,1,1_02/1003698
1,02/1003697,,TI02,2,,0,,1,1_02/1003697
1,PR/1606/0010,,TI02,2,,0,,1,1_PR/1606/0010
1,02/1003699,,TI02,2,,0,,1,1_02/1003699
1,PR/0617/0094,,TI02,3,,0,,1,1_PR/0617/0094
1,PR/1272/0012,,TA01,1,,0,,1,1_PR/1272/0012
1,12/CF05073,,CV12,6,,0,,1,1_12/CF05073
1,02/09772,,TI02,2,,0,,1,1_02/09772
1,02/10059,,TI02,2,,0,,1,1_02/10059
1,02/10077R,,TI02,2,,0,,1,1_02/10077R
1,02/09518R,,TI02,2,,0,,1,1_02/09518R
1,02/10018R,,TI02,2,,0,,1,1_02/10018R
1,02/10018A,,TI02,2,,0,,1,1_02/10018A
1,02/09870C,,TI02,2,,0,,1,1_02/09870C
1,04/1609275025,,PL04,4,,0,,1,1_04/1609275025
1,PR/1682/0005,,TI02,2,,0,,1,1_PR/1682/0005
1,01/1009201,,TA01,1,,0,,1,1_01/1009201
1,12/069000008,,CV12,6,,0,,1,1_12/069000008
1,UP.085,,YMA-UP,1,,0,,1,1_UP.085
1,CM.100,,YMA-CM,1,,0,,1,1_CM.100
1,03/6321055,,CA03,3,,0,,1,1_03/6321055
1,02/10096,,TI02,2,,0,,1,1_02/10096
1,02/10018M1,,TI02,2,,0,,1,1_02/10018M1
1,02/09870CM2,,TI02,2,,0,,1,1_02/09870CM2
1,26/620830,,TA26,1,,0,,1,1_26/620830
1,02/09738,,TI02,2,,0,,1,1_02/09738
1,02/09869,,TI02,2,,0,,1,1_02/09869
1,02/09912,,TI02,2,,0,,1,1_02/09912
1,02/09844,,TI02,2,,0,,1,1_02/09844
1,02/10051,,TI02,2,,0,,1,1_02/10051
1,02/10667,,TI02,2,,0,,1,1_02/10667
1,CM.012-R,,YMA-CM,1,,0,,1,1_CM.012-R
1,PR/1672/0008-02-A,,TI02,2,,0,,1,1_PR/1672/0008-02-A
1,PR/1672/0008-03-A,,TI02,2,,0,,1,1_PR/1672/0008-03-A
1,02/10052,,TI02,2,,0,,1,1_02/10052
1,02/10053,,TI02,2,,0,,1,1_02/10053
1,12/CF05102,,CV12,6,,0,,1,1_12/CF05102
1,02/09870CM3,,TI02,2,,0,,1,1_02/09870CM3
1,01/09896,,TA01,1,,0,,1,1_01/09896
1,PR/1642/0005,,TI02,2,,0,,1,1_PR/1642/0005
1,02/09518M1,,TI02,2,,0,,1,1_02/09518M1
1,02/10018AM2,,TI02,2,,0,,1,1_02/10018AM2
1,02/10018AM3,,TI02,2,,0,,1,1_02/10018AM3
1,01/09895,,TA01,1,,0,,1,1_01/09895
1,25/00655,,TA25,1,,0,,1,1_25/00655
1,02/10007R,,TI02,2,,0,,1,1_02/10007R
1,51/810051010,,TA51,1,,0,,1,1_51/810051010
1,PR/0240/0019,,PL04,4,,0,,1,1_PR/0240/0019
1,PR/0301/0028,,TA01,1,,0,,1,1_PR/0301/0028
1,04/1609025050H,,PL04,4,,0,,1,1_04/1609025050H
1,04/1609025050F,,PL04,4,,0,,1,1_04/1609025050F
1,04/1609025025F,,PL04,4,,0,,1,1_04/1609025025F
1,04/1609025050G,,PL04,4,,0,,1,1_04/1609025050G
1,04/1609025050E,,PL04,4,,0,,1,1_04/1609025050E
1,04/1609025025E,,PL04,4,,0,,1,1_04/1609025025E
1,PR/0066/0004,,TA01,1,,0,,1,1_PR/0066/0004
1,52/31508,,TA52,1,,0,,1,1_52/31508
1,US.005,,YMA-US,1,,0,,1,1_US.005
1,US.006,,YMA-US,1,,0,,1,1_US.006
1,PR/0301/0028-A,,TA01,1,,0,,1,1_PR/0301/0028-A
1,52/31512,,TA52,1,,0,,1,1_52/31512
1,52/32515,,TA52,1,,0,,1,1_52/32515
1,52/33012,,TA52,1,,0,,1,1_52/33012
1,52/34015,,TA52,1,,0,,1,1_52/34015
1,02/10055,,TI02,2,,0,,1,1_02/10055
1,02/10056,,TI02,2,,0,,1,1_02/10056
1,02/10056R,,TI02,2,,0,,1,1_02/10056R
1,01/09894M,,TA01,1,,0,,1,1_01/09894M
1,03/00344,,CA03,3,,0,,1,1_03/00344
1,57/33020,,TA57,1,,0,,1,1_57/33020
1,02/08761A,,TI02,2,,0,,1,1_02/08761A
1,12/148900001,,CV12,6,,0,,1,1_12/148900001
1,02/10058,,TI02,2,,0,,1,1_02/10058
1,03/00345,,CA03,3,,0,,1,1_03/00345
1,PR/0301/0029,,TA01,1,,0,,1,1_PR/0301/0029
1,02/09996AR,,TI02,2,,0,,1,1_02/09996AR
1,12/50110,,CV12,6,,0,,1,1_12/50110
1,03/00346,,CA03,3,,0,,1,1_03/00346
1,PR/0051/0001,,TA01,1,,0,,1,1_PR/0051/0001
1,PR/0690/0013,,TA01,1,,0,,1,1_PR/0690/0013
1,PR/MEBP/0002,,TA01,1,,0,,1,1_PR/MEBP/0002
1,PR/0301/0029-A,,TA01,1,,0,,1,1_PR/0301/0029-A
1,PR/0051/0003,,TA01,1,,0,,1,1_PR/0051/0003
1,PR/1489/0005,,CA03,3,,0,,1,1_PR/1489/0005
1,02/10048,,TI02,2,,0,,1,1_02/10048
1,02/10049,,TI02,2,,0,,1,1_02/10049
1,02/10050,,TI02,2,,0,,1,1_02/10050
1,10/10160,,TI10,2,,0,,1,1_10/10160
1,12/80902,,CV12,6,,0,,1,1_12/80902
1,02/10043AM,,TI02,2,,0,,1,1_02/10043AM
1,02/10044AM,,TI02,2,,0,,1,1_02/10044AM
1,PR/2013/0015-A,,TI02,2,,0,,1,1_PR/2013/0015-A
1,PR/2013/0015,,TI02,2,,0,,1,1_PR/2013/0015
1,02/10043A,,TI02,2,,0,,1,1_02/10043A
1,12/PV00046,,CV12,6,,0,,1,1_12/PV00046
1,02/10044A,,TI02,2,,0,,1,1_02/10044A
1,PR/JEYC/0003,,TA01,2,,0,,1,1_PR/JEYC/0003
1,03/6523085,,CA03,3,,0,,1,1_03/6523085
1,02/10033M3,,TI02,2,,0,,1,1_02/10033M3
1,PR/0787/0002,,TI02,2,,0,,1,1_PR/0787/0002
1,25/90508,,TA25,1,,0,,1,1_25/90508
1,12/PP00122,,CV12,6,,0,,1,1_12/PP00122
1,PR/1214/0004-A,,TA01,1,,0,,1,1_PR/1214/0004-A
1,01/10189M,,TA01,1,,0,,1,1_01/10189M
1,02/10044AM1,,TI02,2,,0,,1,1_02/10044AM1
1,PR/1097/0003,,TA01,2,,0,,1,1_PR/1097/0003
1,03/1421105,,CA03,3,,0,,1,1_03/1421105
1,PR/1097/0002,,TA01,1,,0,,1,1_PR/1097/0002
1,PR/1097/0004,,TA01,1,,0,,1,1_PR/1097/0004
1,10/00902,,TI10,2,,0,,1,1_10/00902
1,01/09898,,TA01,1,,0,,1,1_01/09898
1,PR/1708/0007-A,,TA01,1,,0,,1,1_PR/1708/0007-A
1,25/80004050,,TA25,1,,0,,1,1_25/80004050
1,25/80006050,,TA25,1,,0,,1,1_25/80006050
1,25/80006030,,TA25,1,,0,,1,1_25/80006030
1,01/061700004,,TA01,1,,0,,1,1_01/061700004
1,25/00660,,TA25,1,,0,,1,1_25/00660
1,02/10061,,TI02,2,,0,,1,1_02/10061
1,01/061700003,,TA01,1,,0,,1,1_01/061700003
1,02/09304AR,,TI02,2,,0,,1,1_02/09304AR
1,02/10060R,,TI02,2,,0,,1,1_02/10060R
1,02/1004299,,TI02,2,,0,,1,1_02/1004299
1,PR/1723/0012,,TI02,2,,0,,1,1_PR/1723/0012
1,PR/1723/0011,,TI02,2,,0,,1,1_PR/1723/0011
1,02/10037R,,TI02,2,,0,,1,1_02/10037R
1,02/09933,,TI02,2,,0,,1,1_02/09933
1,PR/1723/0009,,TI02,2,,0,,1,1_PR/1723/0009
1,PR/1723/0010,,TI02,2,,0,,1,1_PR/1723/0010
1,PR/1723/0008,,TI02,2,,0,,1,1_PR/1723/0008
1,02/10060,,TI02,2,,0,,1,1_02/10060
1,PR/1723/0007,,TI02,2,,0,,1,1_PR/1723/0007
1,PR/0267/0053,,TI02,2,,0,,1,1_PR/0267/0053
1,12/251707,,CV12,6,,0,,1,1_12/251707
1,02/09870F,,TI02,2,,0,,1,1_02/09870F
1,02/09870DM1,,TI02,2,,0,,1,1_02/09870DM1
1,10/11850,,TI10,2,,0,,1,1_10/11850
1,CM.101-P,,YMA-CM,1,,0,,1,1_CM.101-P
1,CM.102,,YMA-CM,1,,0,,1,1_CM.102
1,CM.102-P,,YMA-CM,1,,0,,1,1_CM.102-P
1,CM.101,,YMA-CM,1,,0,,1,1_CM.101
1,MA.047,,YMA-MA,1,,0,,1,1_MA.047
1,MA.047-P,,YMA-MA,1,,0,,1,1_MA.047-P
1,04/143800002A,,PL04,4,,0,,1,1_04/143800002A
1,02/10027M,,TI02,2,,0,,1,1_02/10027M
1,01/09901,,TA01,1,,0,,1,1_01/09901
1,12/80865,,CV12,6,,0,,1,1_12/80865
1,PR/0104/0038,,TA01,1,,0,,1,1_PR/0104/0038
1,01/09902,,TA01,1,,0,,1,1_01/09902
1,PR/MEBP/0003,,TA01,1,,0,,1,1_PR/MEBP/0003
1,PR/1007/0042-B,,TA01,1,,0,,1,1_PR/1007/0042-B
1,PR/0820/0001,,TA01,1,,0,,1,1_PR/0820/0001
1,PR/0820/0002,,TA01,1,,0,,1,1_PR/0820/0002
1,02/10069,,TI02,2,,0,,1,1_02/10069
1,02/10070,,TI02,2,,0,,1,1_02/10070
1,02/09796,,TI02,2,,0,,1,1_02/09796
1,02/09814,,TI02,2,,0,,1,1_02/09814
1,12/50012,,CV12,6,,0,,1,1_12/50012
1,02/10071,,TI02,2,,0,,1,1_02/10071
1,02/09855,,TI02,2,,0,,1,1_02/09855
1,12/251007,,CV12,6,,0,,1,1_12/251007
1,PR/SALE/0003,,TI02,2,,0,,1,1_PR/SALE/0003
1,PR/0845/0015,,TA01,1,,0,,1,1_PR/0845/0015
1,02/09787,,TI02,2,,0,,1,1_02/09787
1,02/09813,,TI02,2,,0,,1,1_02/09813
1,02/10065,,TI02,2,,0,,1,1_02/10065
1,02/10064,,TI02,2,,0,,1,1_02/10064
1,02/10063,,TI02,2,,0,,1,1_02/10063
1,02/10062,,TI02,2,,0,,1,1_02/10062
1,02/09815,,TI02,2,,0,,1,1_02/09815
1,PR/1621/0009,,TI02,2,,0,,1,1_PR/1621/0009
1,02/09385A,,TI02,2,,0,,1,1_02/09385A
1,12/50108,,CV12,6,,0,,1,1_12/50108
1,12/069000001,,CV12,6,,0,,1,1_12/069000001
1,12/SI00525,,CV12,6,,0,,1,1_12/SI00525
1,12/088000002,,CV12,6,,0,,1,1_12/088000002
1,02/201300001,,TI02,2,,0,,1,1_02/201300001
1,02/10077,,TI02,2,,0,,1,1_02/10077
1,02/10078,,TI02,2,,0,,1,1_02/10078
1,02/10186BM2,,TI02,2,,0,,1,1_02/10186BM2
1,12/PG0101106,,CV12,6,,0,,1,1_12/PG0101106
1,02/09787M,,TI02,2,,0,,1,1_02/09787M
1,02/08492A,,TI02,2,,0,,1,1_02/08492A
1,12/80004,,CV12,6,,0,,1,1_12/80004
1,PR/0617/0095,,TI02,2,,0,,1,1_PR/0617/0095
1,12/PP00125,,CV12,6,,0,,1,1_12/PP00125
1,02/10068M,,TI02,2,,0,,1,1_02/10068M
1,02/10067M1,,TI02,2,,0,,1,1_02/10067M1
1,02/10066M1,,TI02,2,,0,,1,1_02/10066M1
1,02/09854M1,,TI02,2,,0,,1,1_02/09854M1
1,04/147800004,,PL04,4,,0,,1,1_04/147800004
1,02/08540M,,TI02,2,,0,,1,1_02/08540M
1,55/40301MPA,,TI55,2,,0,,1,1_55/40301MPA
1,PR/1474/0011,,TI02,2,,0,,1,1_PR/1474/0011
1,55/40401MPA,,TI55,2,,0,,1,1_55/40401MPA
1,92/00195,,X,0,,0,,1,1_92/00195
1,US.014,,YMA-US,1,,0,,1,1_US.014
1,91/03012,,XTA91,3,,0,,1,1_91/03012
1,10/050031,,TA11,1,,0,,1,1_10/050031
1,PR/0307/0003,,TI02,2,,0,,1,1_PR/0307/0003
1,02/09870G,,TI02,2,,0,,1,1_02/09870G
1,PR/1389/0005R,,TI02,2,,0,,1,1_PR/1389/0005R
1,PR/1389/0006R,,TI02,2,,0,,1,1_PR/1389/0006R
1,58/315010,,TA58,1,,0,,1,1_58/315010
1,02/09870D,,TI02,2,,0,,1,1_02/09870D
1,02/09870E,,TI02,2,,0,,1,1_02/09870E
1,02/10081,,TI02,2,,0,,1,1_02/10081
1,02/10080,,TI02,2,,0,,1,1_02/10080
1,02/10080M,,TI02,2,,0,,1,1_02/10080M
1,02/09982M,,TI02,2,,0,,1,1_02/09982M
1,01/09877B,,TA01,1,,0,,1,1_01/09877B
1,02/09568AM,,TI02,2,,0,,1,1_02/09568AM
1,PR/0895/0001,,TA01,1,,0,,1,1_PR/0895/0001
1,12/50111,,CV12,6,,0,,1,1_12/50111
1,12/PP00126,,CV12,6,,0,,1,1_12/PP00126
1,12/PP00127,,CV12,6,,0,,1,1_12/PP00127
1,12/PP00128,,CV12,6,,0,,1,1_12/PP00128
1,02/10083,,TI02,2,,0,,1,1_02/10083
1,55/40124MPA,,TI55,2,,0,,1,1_55/40124MPA
1,PR/1494/0001,,TA01,1,,0,,1,1_PR/1494/0001
1,01/09905,,TA01,1,,0,,1,1_01/09905
1,02/10098,,TI02,2,,0,,1,1_02/10098
1,10/00903,,TI10,2,,0,,1,1_10/00903
1,12/PP0012302,,CV12,6,,0,,1,1_12/PP0012302
1,02/10085,,TI02,2,,0,,1,1_02/10085
1,02/10085M,,TI02,2,,0,,1,1_02/10085M
1,02/10011R,,TI02,2,,0,,1,1_02/10011R
1,02/0980302,,TI02,2,,0,,1,1_02/0980302
1,01/09904,,TA01,1,,0,,1,1_01/09904
1,02/09937R,,TI02,2,,0,,1,1_02/09937R
1,01/09905M,,TA01,1,,0,,1,1_01/09905M
1,02/09870GM,,TI02,2,,0,,1,1_02/09870GM
1,02/09870GM1,,TI02,2,,0,,1,1_02/09870GM1
1,02/09870GM2,,TI02,2,,0,,1,1_02/09870GM2
1,02/09870DM2,,TI02,2,,0,,1,1_02/09870DM2
1,02/09870AM,,TI02,2,,0,,1,1_02/09870AM
1,02/09870AM1,,TI02,2,,0,,1,1_02/09870AM1
1,02/09870AM2,,TI02,2,,0,,1,1_02/09870AM2
1,02/10753,,TI02,2,,0,,1,1_02/10753
1,02/10072,,TI02,2,,0,,1,1_02/10072
1,12/PP00123,,CV12,6,,0,,1,1_12/PP00123
1,12/PP0012301,,CV12,6,,0,,1,1_12/PP0012301
1,PR/1727/0001,,TI02,2,,0,,1,1_PR/1727/0001
1,10/11550M,,TI10,2,,0,,1,1_10/11550M
1,PR/1682/0019,,TI02,2,,0,,1,1_PR/1682/0019
1,01/09906,,TA01,1,,0,,1,1_01/09906
1,12/80004A,,CV12,6,,0,,1,1_12/80004A
1,02/10086,,TI02,2,,0,,1,1_02/10086
1,02/10087,,TI02,2,,0,,1,1_02/10087
1,02/10088,,TI02,2,,0,,1,1_02/10088
1,12/80720,,CV12,6,,0,,1,1_12/80720
1,02/10100AR,,TI02,2,,0,,1,1_02/10100AR
1,PR/1690/0017,,TI02,2,,0,,1,1_PR/1690/0017
1,10/11450,,TI10,2,,0,,1,1_10/11450
1,10/11550,,TI10,2,,0,,1,1_10/11550
1,11/41095,,TA11,1,,0,,1,1_11/41095
1,03/2431075,,CA03,3,,0,,1,1_03/2431075
1,PR/1107/0007,,TA01,1,,0,,1,1_PR/1107/0007
1,PR/1107/0008,,TA01,1,,0,,1,1_PR/1107/0008
1,01/0990602,,TA01,1,,0,,1,1_01/0990602
1,02/10079R,,TI02,2,,0,,1,1_02/10079R
1,12/CH03011010,,CV12,6,,0,,1,1_12/CH03011010
1,02/10079M,,TI02,2,,0,,1,1_02/10079M
1,55/40101MPA,,TI55,2,,0,,1,1_55/40101MPA
1,02/10079M1,,TI02,2,,0,,1,1_02/10079M1
1,PR/0104/0039,,TI02,2,,0,,1,1_PR/0104/0039
1,12/80904,,CV12,6,,0,,1,1_12/80904
1,12/80903,,CV12,6,,0,,1,1_12/80903
1,CM.104,,YMA-CM,1,,0,,1,1_CM.104
1,02/10093,,TI02,2,,0,,1,1_02/10093
1,02/10103,,TI02,2,,0,,1,1_02/10103
1,PR/1669/0005,,TI02,2,,0,,1,1_PR/1669/0005
1,12/PP00130,,CV12,6,,0,,1,1_12/PP00130
1,01/09621,,TA01,1,,0,,1,1_01/09621
1,01/1021501,,TA01,1,,0,,1,1_01/1021501
1,02/10093M,,TI02,2,,0,,1,1_02/10093M
1,02/09912B01,,TI02,2,,0,,1,1_02/09912B01
1,CM.104-P,,YMA-CM,1,,0,,1,1_CM.104-P
1,02/09912BM,,TI02,2,,0,,1,1_02/09912BM
1,02/09912AM,,TI02,2,,0,,1,1_02/09912AM
1,02/09912A,,TI02,2,,0,,1,1_02/09912A
1,02/09912B,,TI02,2,,0,,1,1_02/09912B
1,PR/1638/0004,,TI02,2,,0,,1,1_PR/1638/0004
1,12/80909,,CV12,6,,0,,1,1_12/80909
1,MA.032-R,,YMA-MA,1,,0,,1,1_MA.032-R
1,12/5110051,,CV12,6,,0,,1,1_12/5110051
1,12/5115073,,CV12,6,,0,,1,1_12/5115073
1,12/80838,,CV12,1,,0,,1,1_12/80838
1,12/80900,,CV12,6,,0,,1,1_12/80900
1,12/80905,,CV12,6,,0,,1,1_12/80905
1,US.001,,YMA-US,1,,0,,1,1_US.001
1,12/PG05296,,CV12,6,,0,,1,1_12/PG05296
1,US.001-R,,YMA-US,1,,0,,1,1_US.001-R
1,PR/1683/0004,,TI02,2,,0,,1,1_PR/1683/0004
1,12/80906,,CV12,6,,0,,1,1_12/80906
1,02/10427A,,TI02,2,,0,,1,1_02/10427A
1,12/4210051R,,CV12,6,,0,,1,1_12/4210051R
1,PR/1024/0007,,TI02,2,,0,,1,1_PR/1024/0007
1,10/1908150,,TI10,2,,0,,1,1_10/1908150
1,PR/1024/0007-A,,TI02,2,,0,,1,1_PR/1024/0007-A
1,02/09862M1,,TI02,2,,0,,1,1_02/09862M1
1,02/0984401,,TI02,2,,0,,1,1_02/0984401
1,PR/1024/0008,,TI02,2,,0,,1,1_PR/1024/0008
1,02/0984402,,TI02,2,,0,,1,1_02/0984402
1,02/0986201,,TI02,2,,0,,1,1_02/0986201
1,PR/1024/0008-A,,TI02,2,,0,,1,1_PR/1024/0008-A
1,02/0986202,,TI02,2,,0,,1,1_02/0986202
1,PR/1557/0015,,TI02,2,,0,,1,1_PR/1557/0015
1,PR/1557/0016,,TI02,2,,0,,1,1_PR/1557/0016
1,01/09905R,,TA01,1,,0,,1,1_01/09905R
1,UP.068R,,YMA-UP,1,,0,,1,1_UP.068R
1,MA.033-R,,YMA-MA,1,,0,,1,1_MA.033-R
1,01/09908R,,TA01,1,,0,,1,1_01/09908R
1,01/09907,,TA01,1,,0,,1,1_01/09907
1,01/09908,,TA01,1,,0,,1,1_01/09908
1,PR/0690/0014,,CA03,3,,0,,1,1_PR/0690/0014
1,CM.103-M,,YMA-CM,1,,0,,1,1_CM.103-M
1,CM.100-P,,YMA-CM,1,,0,,1,1_CM.100-P
1,02/09990,,TI02,2,,0,,1,1_02/09990
1,02/09990A,,TI02,2,,0,,1,1_02/09990A
1,02/09991A,,TI02,2,,0,,1,1_02/09991A
1,02/09992,,TI02,2,,0,,1,1_02/09992
1,PR/1439/0008,,TA01,1,,0,,1,1_PR/1439/0008
1,02/10092,,TI02,2,,0,,1,1_02/10092
1,03/2431080,,CA03,3,,0,,1,1_03/2431080
1,UP.085-P,,YMA-UP,1,,0,,1,1_UP.085-P
1,02/10099,,TI02,2,,0,,1,1_02/10099
1,01/089500001,,TA01,1,,0,,1,1_01/089500001
1,UP.088-01,,YMA-UP,1,,0,,1,1_UP.088-01
1,12/80908,,CV12,6,,0,,1,1_12/80908
1,12/80857,,CV12,6,,0,,1,1_12/80857
1,02/09976AR,,TI02,2,,0,,1,1_02/09976AR
1,12/PP00150,,CV12,6,,0,,1,1_12/PP00150
1,UP.088-P,,YMA-UP,1,,0,,1,1_UP.088-P
1,PR/1709/0002,,TI02,2,,0,,1,1_PR/1709/0002
1,CM.103-R,,YMA-CM,1,,0,,1,1_CM.103-R
1,PR/1709/0003,,TI02,2,,0,,1,1_PR/1709/0003
1,CM.103,,YMA-CM,1,,0,,1,1_CM.103
1,PR/1709/0004,,TI02,2,,0,,1,1_PR/1709/0004
1,02/09738M1,,TI02,2,,0,,1,1_02/09738M1
1,PR/1709/0006,,TI02,2,,0,,1,1_PR/1709/0006
1,PR/1709/0005,,TI02,2,,0,,1,1_PR/1709/0005
1,PR/1709/0007,,TI02,2,,0,,1,1_PR/1709/0007
1,02/10100,,TI02,2,,0,,1,1_02/10100
1,02/09362AR,,TI02,2,,0,,1,1_02/09362AR
1,02/09362A,,TI02,2,,0,,1,1_02/09362A
1,02/09362,,TI02,2,,0,,1,1_02/09362
1,02/09362R,,TI02,2,,0,,1,1_02/09362R
1,02/09744,,TI02,2,,0,,1,1_02/09744
1,02/09744R,,TI02,2,,0,,1,1_02/09744R
1,02/09744A,,TI02,2,,0,,1,1_02/09744A
1,02/09744AR,,TI02,2,,0,,1,1_02/09744AR
1,02/09857,,TI02,2,,0,,1,1_02/09857
1,02/09857R,,TI02,2,,0,,1,1_02/09857R
1,CM.108-P,,YMA-CM,1,,0,,1,1_CM.108-P
1,02/09857AR,,TI02,2,,0,,1,1_02/09857AR
1,PR/0617/0135,,TI02,2,,0,,1,1_PR/0617/0135
1,02/09742,,TI02,2,,0,,1,1_02/09742
1,02/09742R,,TI02,2,,0,,1,1_02/09742R
1,02/09804,,TI02,2,,0,,1,1_02/09804
1,02/09804R,,TI02,2,,0,,1,1_02/09804R
1,02/09876,,TI02,2,,0,,1,1_02/09876
1,02/09876AR,,TI02,2,,0,,1,1_02/09876AR
1,02/09911,,TI02,2,,0,,1,1_02/09911
1,02/09911R,,TI02,2,,0,,1,1_02/09911R
1,02/09991,,TI02,2,,0,,1,1_02/09991
1,02/10458,,TI02,2,,0,,1,1_02/10458
1,12/CH010120100,,CV12,6,,0,,1,1_12/CH010120100
1,03/1533100,,CA03,3,,0,,1,1_03/1533100
1,03/00351M,,CA03,3,,0,,1,1_03/00351M
1,12/PP00156,,CV12,6,,0,,1,1_12/PP00156
1,12/PG01005A,,CV12,6,,0,,1,1_12/PG01005A
1,02/08405,,TI02,2,,0,,1,1_02/08405
1,PR/INDU/0001,,PL04,4,,0,,1,1_PR/INDU/0001
1,02/10138A,,TI02,2,,0,,1,1_02/10138A
1,12/6100151,,CV12,6,,0,,1,1_12/6100151
1,02/10102,,TI02,2,,0,,1,1_02/10102
1,01/09909,,TA01,1,,0,,1,1_01/09909
1,12/3320081,,CV12,6,,0,,1,1_12/3320081
1,70/740010,,TA70,1,,0,,1,1_70/740010
1,01/09906A,,TA01,1,,0,,1,1_01/09906A
1,CM.104-M,,YMA-CM,1,,0,,1,1_CM.104-M
1,PR/1709/0008,,TI02,2,,0,,1,1_PR/1709/0008
1,PR/0617/0096-B,,TI02,2,,0,,1,1_PR/0617/0096-B
1,PR/0194/0004,,TI02,2,,0,,1,1_PR/0194/0004
1,UP.089-01,,YMA-UP,1,,0,,1,1_UP.089-01
1,02/10081R,,TI02,2,,0,,1,1_02/10081R
1,PR/OSSE/0001,,TI02,1,,0,,1,1_PR/OSSE/0001
1,PR/CRLA/0001,,TA01,1,,0,,1,1_PR/CRLA/0001
1,03/6521130,,CA03,3,,0,,1,1_03/6521130
1,UP.086,,YMA-UP,1,,0,,1,1_UP.086
1,12/PP00138,,CV12,6,,0,,1,1_12/PP00138
1,UP.086-01,,YMA-UP,1,,0,,1,1_UP.086-01
1,UP.090,,YMA-UP,1,,0,,1,1_UP.090
1,UP.090-01,,YMA-UP,1,,0,,1,1_UP.090-01
1,UP.090-P,,YMA-UP,1,,0,,1,1_UP.090-P
1,PR/1439/0008R,,TA01,1,,0,,1,1_PR/1439/0008R
1,PR/1439/0009R,,TA01,1,,0,,1,1_PR/1439/0009R
1,PR/1439/0010R,,TA01,1,,0,,1,1_PR/1439/0010R
1,02/10082A,,TI02,2,,0,,1,1_02/10082A
1,02/09968,,TI02,2,,0,,1,1_02/09968
1,02/10077A,,TI02,2,,0,,1,1_02/10077A
1,PR/1708/0022,,CA03,3,,0,,1,1_PR/1708/0022
1,02/10121M,,TI02,2,,0,,1,1_02/10121M
1,04/131400001,,PL04,4,,0,,1,1_04/131400001
1,02/1009399,,TI02,2,,0,,1,1_02/1009399
1,02/08987R,,TI02,2,,0,,1,1_02/08987R
1,01/09911R,,TA01,1,,0,,1,1_01/09911R
1,25/20535,,TA25,1,,0,,1,1_25/20535
1,PR/0787/0004,,TA01,1,,0,,1,1_PR/0787/0004
1,02/10118,,TI02,2,,0,,1,1_02/10118
1,12/PP00131,,CV12,6,,0,,1,1_12/PP00131
1,02/08042,,TI02,2,,0,,1,1_02/08042
1,02/07934,,TI02,2,,0,,1,1_02/07934
1,02/10119,,TI02,2,,0,,1,1_02/10119
1,02/10120,,TI02,2,,0,,1,1_02/10120
1,02/10116,,TI02,2,,0,,1,1_02/10116
1,02/10120M,,TI02,2,,0,,1,1_02/10120M
1,MA.015-R,,YMA-MA,1,,0,,1,1_MA.015-R
1,PR/0740/0002,,TA01,1,,0,,1,1_PR/0740/0002
1,01/09911,,TA01,1,,0,,1,1_01/09911
1,02/10121,,TI02,2,,0,,1,1_02/10121
1,02/10122,,TI02,2,,0,,1,1_02/10122
1,PR/0634/0035,,TA01,1,,0,,1,1_PR/0634/0035
1,PB.103,,YMA-PB,1,,0,,1,1_PB.103
1,PB.103-P,,YMA-PB,1,,0,,1,1_PB.103-P
1,MA.048-P,,YMA-MA,1,,0,,1,1_MA.048-P
1,04/173300001,,PL04,4,,0,,1,1_04/173300001
1,02/10133,,TI02,2,,0,,1,1_02/10133
1,02/10108M,,TI02,2,,0,,1,1_02/10108M
1,.6,,506,6,,0,,1,1_.6
1,02/1004699,,TI02,2,,0,,1,1_02/1004699
1,01/09911M,,TA01,1,,0,,1,1_01/09911M
1,AC.017,,YMA-AC,1,,0,,1,1_AC.017
1,02/1008802,,TI02,2,,0,,1,1_02/1008802
1,AC.018,,YMA-AC,1,,0,,1,1_AC.018
1,AC.016,,YMA-AC,1,,0,,1,1_AC.016
1,12/100700001,,CV12,6,,0,,1,1_12/100700001
1,26/10616,,TA26,1,,0,,1,1_26/10616
1,PB.103-01,,YMA-PB,1,,0,,1,1_PB.103-01
1,MA.048-01,,YMA-MA,1,,0,,1,1_MA.048-01
1,PR/1580/0016,,TI02,1,,0,,1,1_PR/1580/0016
1,PR/1580/0016-A,,TI02,2,,0,,1,1_PR/1580/0016-A
1,55/40151MPA,,TI55,2,,0,,1,1_55/40151MPA
1,02/10109,,TI02,2,,0,,1,1_02/10109
1,02/10109M,,TI02,2,,0,,1,1_02/10109M
1,02/061700019,,TI02,2,,0,,1,1_02/061700019
1,04/121400001,,PL04,4,,0,,1,1_04/121400001
1,PR/1669/0013-A,,TI02,2,,0,,1,1_PR/1669/0013-A
1,02/10671,,TI02,2,,0,,1,1_02/10671
1,12/NY26005010A,,CV12,6,,0,,1,1_12/NY26005010A
1,12/80606,,CV12,6,,0,,1,1_12/80606
1,PR/ROPR/0001,,TI02,2,,0,,1,1_PR/ROPR/0001
1,PR/0301/0032,,TA01,1,,0,,1,1_PR/0301/0032
1,12/NY26003010A,,CV12,6,,0,,1,1_12/NY26003010A
1,12/NY26004010A,,CV12,6,,0,,1,1_12/NY26004010A
1,12/80803,,CV12,6,,0,,1,1_12/80803
1,02/10114,,TI02,2,,0,,1,1_02/10114
1,12/NY26006010A,,CV12,6,,0,,1,1_12/NY26006010A
1,12/NY26005010,,CV12,6,,0,,1,1_12/NY26005010
1,12/NY26006010,,CV12,6,,0,,1,1_12/NY26006010
1,02/10114M,,TI02,2,,0,,1,1_02/10114M
1,02/10111R,,TI02,2,,0,,1,1_02/10111R
1,02/10112R,,TI02,2,,0,,1,1_02/10112R
1,12/HD350025A,,CV12,6,,0,,1,1_12/HD350025A
1,02/10113M,,TI02,2,,0,,1,1_02/10113M
1,PR/0532/0007,,TA01,1,,0,,1,1_PR/0532/0007
1,02/10047,,TI02,2,,0,,1,1_02/10047
1,02/10108,,TI02,2,,0,,1,1_02/10108
1,12/SI00001,,CV12,6,,0,,1,1_12/SI00001
1,02/10117,,TI02,2,,0,,1,1_02/10117
1,02/10117M,,TI02,2,,0,,1,1_02/10117M
1,11/00048AM,,TA11,1,,0,,1,1_11/00048AM
1,02/10522AM,,TI02,2,,0,,1,1_02/10522AM
1,PR/1107/0010,,TA01,1,,0,,1,1_PR/1107/0010
1,PR/0978/0003,,TA01,1,,0,,1,1_PR/0978/0003
1,02/0984903,,TI02,2,,0,,1,1_02/0984903
1,PR/1286/0011,,TI02,2,,0,,1,1_PR/1286/0011
1,PS.059-01,,YMA-PS,1,,0,,1,1_PS.059-01
1,PS.061-01,,YMA-PS,1,,0,,1,1_PS.061-01
1,UP.103-01,,YMA-UP,3,,0,,1,1_UP.103-01
1,02/09669M,,TI02,2,,0,,1,1_02/09669M
1,02/09670M,,TI02,2,,0,,1,1_02/09670M
1,02/09672M,,TI02,2,,0,,1,1_02/09672M
1,02/09671M,,TI02,2,,0,,1,1_02/09671M
1,02/09673M,,TI02,2,,0,,1,1_02/09673M
1,02/09674M,,TI02,2,,0,,1,1_02/09674M
1,02/09266M,,TI02,2,,0,,1,1_02/09266M
1,02/09676M,,TI02,2,,0,,1,1_02/09676M
1,02/09675M,,TI02,2,,0,,1,1_02/09675M
1,02/09066,,TI02,2,,0,,1,1_02/09066
1,02/09066M,,TI02,2,,0,,1,1_02/09066M
1,02/09067,,TI02,2,,0,,1,1_02/09067
1,02/09067M,,TI02,2,,0,,1,1_02/09067M
1,PR/1580/0016-B,,TI02,2,,0,,1,1_PR/1580/0016-B
1,02/10672,,TI02,2,,0,,1,1_02/10672
1,PR/1474/0010-A,,TI02,2,,0,,1,1_PR/1474/0010-A
1,12/SI00062,,CV12,6,,0,,1,1_12/SI00062
1,02/10124,,TI02,2,,0,,1,1_02/10124
1,PR/1580/0017,,TI02,2,,0,,1,1_PR/1580/0017
1,PR/1580/0017-A,,TI02,2,,0,,1,1_PR/1580/0017-A
1,02/10124M,,TI02,2,,0,,1,1_02/10124M
1,PR/1167/0014,,TA01,1,,0,,1,1_PR/1167/0014
1,PR/1820/0002,,TI02,2,,0,,1,1_PR/1820/0002
1,PR/0048/0037,,TA01,1,,0,,1,1_PR/0048/0037
1,PR/0019/0009,,TI02,2,,0,,1,1_PR/0019/0009
1,12/80602,,CV12,6,,0,,1,1_12/80602
1,PR/0228/0008,,TI02,2,,0,,1,1_PR/0228/0008
1,PR/0787/0007,,PL04,4,,0,,1,1_PR/0787/0007
1,PR/0301/0031,,TI02,2,,0,,1,1_PR/0301/0031
1,02/10039,,TI02,2,,0,,1,1_02/10039
1,02/10134,,TI02,2,,0,,1,1_02/10134
1,PR/1708/0008,,TI02,2,,0,,1,1_PR/1708/0008
1,12/TI00011,,CV12,6,,0,,1,1_12/TI00011
1,02/10124M1,,TI02,2,,0,,1,1_02/10124M1
1,02/10137,,TI02,2,,0,,1,1_02/10137
1,02/10137M,,TI02,2,,0,,1,1_02/10137M
1,02/10140R,,TI02,2,,0,,1,1_02/10140R
1,04/173400001,,PL04,4,,0,,1,1_04/173400001
1,02/10126,,TI02,2,,0,,1,1_02/10126
1,02/10127,,TI02,2,,0,,1,1_02/10127
1,02/10128,,TI02,2,,0,,1,1_02/10128
1,02/10129,,TI02,2,,0,,1,1_02/10129
1,02/10130,,TI02,2,,0,,1,1_02/10130
1,02/10131,,TI02,2,,0,,1,1_02/10131
1,CM.105,,YMA-CM,1,,0,,1,1_CM.105
1,MA.049,,YMA-MA,1,,0,,1,1_MA.049
1,PR/1708/0009,,TA01,1,,0,,1,1_PR/1708/0009
1,02/10135,,TI02,2,,0,,1,1_02/10135
1,02/10136,,TI02,2,,0,,1,1_02/10136
1,UP.091-P,,YMA-UP,1,,0,,1,1_UP.091-P
1,UP.089,,YMA-UP,1,,0,,1,1_UP.089
1,02/10689,,TI02,2,,0,,1,1_02/10689
1,12/543009R,,CV12,6,,0,,1,1_12/543009R
1,12/542508R,,CV12,6,,0,,1,1_12/542508R
1,02/10135A,,TI02,2,,0,,1,1_02/10135A
1,01/09917,,TA01,1,,0,,1,1_01/09917
1,02/026700007,,TI02,2,,0,,1,1_02/026700007
1,04/100000001,,PL04,4,,0,,1,1_04/100000001
1,02/10161M,,TI02,2,,0,,1,1_02/10161M
1,25/804035,,TA25,1,,0,,1,1_25/804035
1,01/09923,,TA01,1,,0,,1,1_01/09923
1,02/09813R,,TI02,2,,0,,1,1_02/09813R
1,US.008,,YMA-US,1,,0,,1,1_US.008
1,02/025400001,,TI02,2,,0,,1,1_02/025400001
1,UT.003,,YMA-UT,1,,0,,1,1_UT.003
1,02/09870H,,TI02,2,,0,,1,1_02/09870H
1,02/09870HM,,TI02,2,,0,,1,1_02/09870HM
1,02/1015101,,TI02,2,,0,,1,1_02/1015101
1,03/6321050,,CA03,3,,0,,1,1_03/6321050
1,02/09870HM3,,TI02,2,,0,,1,1_02/09870HM3
1,01/09921,,TA01,1,,0,,1,1_01/09921
1,01/09921M,,TA01,1,,0,,1,1_01/09921M
1,01/09921M1,,TA01,1,,0,,1,1_01/09921M1
1,PR/SALE/0001,,TI02,2,,0,,1,1_PR/SALE/0001
1,PR/1709/0009,,TA01,1,,0,,1,1_PR/1709/0009
1,02/10117R,,TI02,2,,0,,1,1_02/10117R
1,02/10142,,TI02,2,,0,,1,1_02/10142
1,02/10186A01,,TI02,2,,0,,1,1_02/10186A01
1,UP.092-P,,YMA-UP,1,,0,,1,1_UP.092-P
1,02/08987A,,TI02,2,,0,,1,1_02/08987A
1,PR/0820/0008,,TA01,1,,0,,1,1_PR/0820/0008
1,02/10144,,TI02,2,,0,,1,1_02/10144
1,PR/0617/0098-B,,TI02,2,,0,,1,1_PR/0617/0098-B
1,PR/0617/0098-A,,TI02,2,,0,,1,1_PR/0617/0098-A
1,02/10033M7,,TI02,2,,0,,1,1_02/10033M7
1,02/10033M5,,TI02,3,,0,,1,1_02/10033M5
1,02/10033M4,,TI02,2,,0,,1,1_02/10033M4
1,02/10033M,,TI02,2,,0,,1,1_02/10033M
1,PR/0617/0098,,TI02,2,,0,,1,1_PR/0617/0098
1,02/1015102,,TI02,2,,0,,1,1_02/1015102
1,13/10568,,CA13,3,,0,,1,1_13/10568
1,13/10570,,CA13,3,,0,,1,1_13/10570
1,13/10569,,CA13,3,,0,,1,1_13/10569
1,04/024000071,,PL04,4,,0,,1,1_04/024000071
1,UP.092-01,,YMA-UP,1,,0,,1,1_UP.092-01
1,PR/1723/0035,,TI02,2,,0,,1,1_PR/1723/0035
1,PR/1819/0002,,TI02,2,,0,,1,1_PR/1819/0002
1,01/09892R,,TA01,1,,0,,1,1_01/09892R
1,UP.092,,YMA-UP,1,,0,,1,1_UP.092
1,PR/00677/0024,,TI02,2,,0,,1,1_PR/00677/0024
1,PR/0677/0024,,TI02,2,,0,,1,1_PR/0677/0024
1,02/10139,,TI02,2,,0,,1,1_02/10139
1,55/40151,,TI55,2,,0,,1,1_55/40151
1,02/09845,,TI02,2,,0,,1,1_02/09845
1,01/09905AM,,TA01,1,,0,,1,1_01/09905AM
1,01/09905A,,TA01,1,,0,,1,1_01/09905A
1,02/10151M,,TI02,2,,0,,1,1_02/10151M
1,02/09774,,TI02,2,,0,,1,1_02/09774
1,01/10107,,TA01,1,,0,,1,1_01/10107
1,02/10151,,TI02,2,,0,,1,1_02/10151
1,03/0014501,,CA03,3,,0,,1,1_03/0014501
1,03/00333M,,CA03,3,,0,,1,1_03/00333M
1,03/00332M,,CA03,4,,0,,1,1_03/00332M
1,03/00351,,CA03,3,,0,,1,1_03/00351
1,02/10151M1,,TI02,2,,0,,1,1_02/10151M1
1,02/0978402,,TI02,2,,0,,1,1_02/0978402
1,02/10018A01,,TI02,2,,0,,1,1_02/10018A01
1,02/10125,,TI02,2,,0,,1,1_02/10125
1,02/10146,,TI02,2,,0,,1,1_02/10146
1,02/10125R,,TI02,2,,0,,1,1_02/10125R
1,55/90008,,TI55,2,,0,,1,1_55/90008
1,12/80912A,,CV12,6,,0,,1,1_12/80912A
1,12/50000,,CV12,6,,0,,1,1_12/50000
1,12/50000A,,CV12,6,,0,,1,1_12/50000A
1,12/50001,,CV12,6,,0,,1,1_12/50001
1,04/180000002,,PL04,4,,0,,1,1_04/180000002
1,12/50007R,,CV12,6,,0,,1,1_12/50007R
1,12/50008,,CV12,6,,0,,1,1_12/50008
1,12/50008A,,CV12,6,,0,,1,1_12/50008A
1,12/50112,,CV12,6,,0,,1,1_12/50112
1,12/51110,,CV12,6,,0,,1,1_12/51110
1,02/10033M1,,TI02,2,,0,,1,1_02/10033M1
1,02/10033M2,,TI02,2,,0,,1,1_02/10033M2
1,12/RQ00029,,CV12,6,,0,,1,1_12/RQ00029
1,12/80912,,CV12,6,,0,,1,1_12/80912
1,11/40011,,TA11,1,,0,,1,1_11/40011
1,01/09916,,TA01,1,,0,,1,1_01/09916
1,01/09920,,TA01,1,,0,,1,1_01/09920
1,02/10188R,,TI02,2,,0,,1,1_02/10188R
1,02/061700028,,TI02,2,,0,,1,1_02/061700028
1,01/09919,,TA01,1,,0,,1,1_01/09919
1,54/00110,,TA54,1,,0,,1,1_54/00110
1,.55/9,,TI55,2,,0,,1,1_.55/9
1,02/10137A,,TI02,2,,0,,1,1_02/10137A
1,02/10137AM,,TI02,2,,0,,1,1_02/10137AM
1,PR/0617/0098-D,,TI02,2,,0,,1,1_PR/0617/0098-D
1,26/21235,,TA26,1,,0,,1,1_26/21235
1,PR/0617/0098-C,,TI02,2,,0,,1,1_PR/0617/0098-C
1,02/10155,,TI02,2,,0,,1,1_02/10155
1,02/10156,,TI02,2,,0,,1,1_02/10156
1,02/10157,,TI02,2,,0,,1,1_02/10157
1,PR/1505/0004,,TI02,2,,0,,1,1_PR/1505/0004
1,04/024000152,,PL04,4,,0,,1,1_04/024000152
1,PR/0617/0099,,TI02,2,,0,,1,1_PR/0617/0099
1,03/00353,,CA03,3,,0,,1,1_03/00353
1,02/1013499,,TI02,2,,0,,1,1_02/1013499
1,02/10153M,,TI02,2,,0,,1,1_02/10153M
1,02/10154M,,TI02,2,,0,,1,1_02/10154M
1,02/10160M,,TI02,2,,0,,1,1_02/10160M
1,02/10160,,TI02,2,,0,,1,1_02/10160
1,PR/1712/0001,,TA01,1,,0,,1,1_PR/1712/0001
1,02/10153,,TI02,2,,0,,1,1_02/10153
1,US.005-01M,,YMA-US,1,,0,,1,1_US.005-01M
1,US.008-04M,,YMA-US,1,,0,,1,1_US.008-04M
1,US.008-05M,,YMA-US,1,,0,,1,1_US.008-05M
1,US.008-06M,,YMA-US,1,,0,,1,1_US.008-06M
1,US.008-07M,,YMA-US,1,,0,,1,1_US.008-07M
1,US.008-08M,,YMA-US,1,,0,,1,1_US.008-08M
1,02/10154,,TI02,2,,0,,1,1_02/10154
1,UT.002-02M,,YMA-UT,1,,0,,1,1_UT.002-02M
1,UT.002-03M,,YMA-UT,1,,0,,1,1_UT.002-03M
1,UT.002-01M,,YMA-UT,1,,0,,1,1_UT.002-01M
1,UT.003-M,,YMA-UT,1,,0,,1,1_UT.003-M
1,93/10011,,XCA93,8,,0,,1,1_93/10011
1,02/10152,,TI02,2,,0,,1,1_02/10152
1,02/10158,,TI02,2,,0,,1,1_02/10158
1,02/10159,,TI02,2,,0,,1,1_02/10159
1,PR/1234/0014,,TA01,1,,0,,1,1_PR/1234/0014
1,PR/0677/0025,,TI02,2,,0,,1,1_PR/0677/0025
1,01/09922,,TA01,1,,0,,1,1_01/09922
1,02/08549M,,TI02,2,,0,,1,1_02/08549M
1,PR/1494/0001-A,,TA01,1,,0,,1,1_PR/1494/0001-A
1,12/069000001R,,CV12,6,,0,,1,1_12/069000001R
1,10/1908110,,TI10,2,,0,,1,1_10/1908110
1,12/PP401000A,,CV12,6,,0,,1,1_12/PP401000A
1,02/165700001,,TI02,2,,0,,1,1_02/165700001
1,01/0859119M,,TA01,1,,0,,1,1_01/0859119M
1,10/90150M1,,TI10,2,,0,,1,1_10/90150M1
1,PR/0254/0001,,TA01,1,,0,,1,1_PR/0254/0001
1,12/PP401000B,,CV12,6,,0,,1,1_12/PP401000B
1,01/09930,,TA01,1,,0,,1,1_01/09930
1,PR/0617/0101,,TI02,2,,0,,1,1_PR/0617/0101
1,PR/1144/0022-A,,TA01,1,,0,,1,1_PR/1144/0022-A
1,01/09928A,,TA01,1,,0,,1,1_01/09928A
1,PR/1144/0023-A,,TA01,1,,0,,1,1_PR/1144/0023-A
1,PR/1144/0023,,TA01,1,,0,,1,1_PR/1144/0023
1,02/10033AM2,,TI02,2,,0,,1,1_02/10033AM2
1,12/63009301,,CV12,6,,0,,1,1_12/63009301
1,PR/2013/0017,,TA01,1,,0,,1,1_PR/2013/0017
1,PR/2013/0018,,TA01,1,,0,,1,1_PR/2013/0018
1,03/00354,,CA03,3,,0,,1,1_03/00354
1,12/80913,,CV12,6,,0,,1,1_12/80913
1,02/10046AR,,TI02,2,,0,,1,1_02/10046AR
1,04/024000041,,PL04,4,,0,,1,1_04/024000041
1,12/PP00133,,CV12,6,,0,,1,1_12/PP00133
1,PR/1286/0024,,TA01,1,,0,,1,1_PR/1286/0024
1,04/024000043,,PL04,4,,0,,1,1_04/024000043
1,04/173300002,,PL04,4,,0,,1,1_04/173300002
1,11/40059,,TA11,1,,0,,1,1_11/40059
1,PR/0254/0002,,TA01,1,,0,,1,1_PR/0254/0002
1,PR/0677/0027,,TI02,2,,0,,1,1_PR/0677/0027
1,UT.004-01,,YMA-UT,1,,0,,1,1_UT.004-01
1,04/024000038,,PL04,4,,0,,1,1_04/024000038
1,02/09614A,,TI02,2,,0,,1,1_02/09614A
1,10/138105,,TI10,2,,0,,1,1_10/138105
1,10/138145,,TI10,2,,0,,1,1_10/138145
1,10/132110,,TI10,2,,0,,1,1_10/132110
1,02/09208,,TI02,2,,0,,1,1_02/09208
1,02/09621A,,TI02,2,,0,,1,1_02/09621A
1,02/10753M,,TI02,2,,0,,1,1_02/10753M
1,01/09643AR,,TA01,1,,0,,1,1_01/09643AR
1,01/09644R,,TA01,1,,0,,1,1_01/09644R
1,12/4220071R,,CV12,6,,0,,1,1_12/4220071R
1,12/4215061,,CV12,6,,0,,1,1_12/4215061
1,12/80776,,CV12,6,,0,,1,1_12/80776
1,PR/0076/0006,,TA01,1,,0,,1,1_PR/0076/0006
1,02/10033AM1,,TI02,2,,0,,1,1_02/10033AM1
1,02/10163,,TI02,2,,0,,1,1_02/10163
1,04/063200004A,,PL04,4,,0,,1,1_04/063200004A
1,04/159000001,,PL04,4,,0,,1,1_04/159000001
1,.SUDAE,,AVCTA,0,,0,,1,1_.SUDAE
1,10/01000A,,TI10,2,,0,,1,1_10/01000A
1,02/10057M,,TI02,2,,0,,1,1_02/10057M
1,02/10164,,TI02,2,,0,,1,1_02/10164
1,02/09716,,TI02,2,,0,,1,1_02/09716
1,03/2621165R,,CA03,3,,0,,1,1_03/2621165R
1,01/09924,,TA01,1,,0,,1,1_01/09924
1,01/09198M,,TA01,1,,0,,1,1_01/09198M
1,PR/1682/0006,,TI02,2,,0,,1,1_PR/1682/0006
1,02/1009001,,TI02,2,,0,,1,1_02/1009001
1,PR/2013/0019,,TA01,1,,0,,1,1_PR/2013/0019
1,02/10165,,TI02,2,,0,,1,1_02/10165
1,02/10166,,TI02,2,,0,,1,1_02/10166
1,02/10166M,,TI02,2,,0,,1,1_02/10166M
1,PR/1723/0019-B,,TI02,2,,0,,1,1_PR/1723/0019-B
1,13/10541,,CA13,3,,0,,1,1_13/10541
1,01/09925,,TA01,1,,0,,1,1_01/09925
1,02/10335,,TI02,2,,0,,1,1_02/10335
1,02/10167,,TI02,2,,0,,1,1_02/10167
1,02/10162M,,TI02,2,,0,,1,1_02/10162M
1,PR/0634/0014,,TA01,1,,0,,1,1_PR/0634/0014
1,PR/0634/0024,,TI02,2,,0,,1,1_PR/0634/0024
1,01/09926,,TA01,1,,0,,1,1_01/09926
1,UP.093-P,,YMA-UP,1,,0,,1,1_UP.093-P
1,01/09927,,TA01,1,,0,,1,1_01/09927
1,01/09645AR,,TA01,1,,0,,1,1_01/09645AR
1,UP.082-P,,YMA-UP,1,,0,,1,1_UP.082-P
1,01/09925M,,TA01,1,,0,,1,1_01/09925M
1,UP.093-01,,YMA-UP,1,,0,,1,1_UP.093-01
1,PR/1669/0006,,TA01,1,,0,,1,1_PR/1669/0006
1,12/069000001M1,,CV12,6,,0,,1,1_12/069000001M1
1,01/0991602,,TA01,1,,0,,1,1_01/0991602
1,02/10024,,TI02,2,,0,,1,1_02/10024
1,02/10024A,,TI02,2,,0,,1,1_02/10024A
1,02/09172A,,TI02,2,,0,,1,1_02/09172A
1,02/09172B,,TI02,2,,0,,1,1_02/09172B
1,02/10093R,,TI02,2,,0,,1,1_02/10093R
1,02/10092R,,TI02,2,,0,,1,1_02/10092R
1,57/36010,,TA57,1,,0,,1,1_57/36010
1,02/10935,,TI02,2,,0,,1,1_02/10935
1,UP.094-01,,YMA-UP,1,,0,,1,1_UP.094-01
1,26/6206251,,TA26,1,,0,,1,1_26/6206251
1,02/1093501,,TI02,2,,0,,1,1_02/1093501
1,01/09928,,TA01,1,,0,,1,1_01/09928
1,01/09928R,,TA01,1,,0,,1,1_01/09928R
1,PR/1429/0001,,TA01,1,,0,,1,1_PR/1429/0001
1,PR/1429/0002,,TA01,1,,0,,1,1_PR/1429/0002
1,01/09906A02,,TA01,1,,0,,1,1_01/09906A02
1,01/09906B02,,TA01,1,,0,,1,1_01/09906B02
1,PR/1144/0022-B,,TA01,1,,0,,1,1_PR/1144/0022-B
1,02/10148R,,TI02,2,,0,,1,1_02/10148R
1,PR/0617/0101-A,,TI02,2,,0,,1,1_PR/0617/0101-A
1,01/09931,,TA01,1,,0,,1,1_01/09931
1,01/09906B01,,TA01,1,,0,,1,1_01/09906B01
1,UT.004-02,,YMA-UT,1,,0,,1,1_UT.004-02
1,PR/1144/0022-C,,TA01,1,,0,,1,1_PR/1144/0022-C
1,UT.004-01M,,YMA-UT,1,,0,,1,1_UT.004-01M
1,10/2312040M,,TI10,2,,0,,1,1_10/2312040M
1,PR/1557/0019,,TI02,2,,0,,1,1_PR/1557/0019
1,PR/1144/0022-D,,TA01,1,,0,,1,1_PR/1144/0022-D
1,UT.004-03C,,YMA-UT,1,,0,,1,1_UT.004-03C
1,UT.004-03B,,YMA-UT,1,,0,,1,1_UT.004-03B
1,UT.004-03A,,YMA-UT,1,,0,,1,1_UT.004-03A
1,UT.004-04A,,YMA-UT,1,,0,,1,1_UT.004-04A
1,UT.004-04B,,YMA-UT,1,,0,,1,1_UT.004-04B
1,UT.004-04C,,YMA-UT,1,,0,,1,1_UT.004-04C
1,PR/0677/0028,,TI02,2,,0,,1,1_PR/0677/0028
1,PR/1144/0022-E,,TA01,1,,0,,1,1_PR/1144/0022-E
1,04/121700001,,PL04,4,,0,,1,1_04/121700001
1,CM.106,,YMA-CM,1,,0,,1,1_CM.106
1,02/10168,,TI02,2,,0,,1,1_02/10168
1,PS.049,,YMA-PS,1,,0,,1,1_PS.049
1,PR/1144/0023-B,,TA01,1,,0,,1,1_PR/1144/0023-B
1,PR/1144/0023-D,,TA01,1,,0,,1,1_PR/1144/0023-D
1,PR/1144/0023-C,,TA01,1,,0,,1,1_PR/1144/0023-C
1,PR/1144/0023-E,,TA01,1,,0,,1,1_PR/1144/0023-E
1,PS.039,,YMA-PS,1,,0,,1,1_PS.039
1,12/SI00454,,CV12,6,,0,,1,1_12/SI00454
1,PR/1144/0023-F,,TA01,1,,0,,1,1_PR/1144/0023-F
1,PR/1144/0023-G,,TA01,1,,0,,1,1_PR/1144/0023-G
1,CM.106-P,,YMA-CM,1,,0,,1,1_CM.106-P
1,CM.106-M,,YMA-CM,1,,0,,1,1_CM.106-M
1,12/HD350043,,CV12,6,,0,,1,1_12/HD350043
1,02/10688,,TI02,2,,0,,1,1_02/10688
1,02/09403AM,,TI02,2,,0,,1,1_02/09403AM
1,CM.077-R,,YMA-CM,1,,0,,1,1_CM.077-R
1,02/09403A,,TI02,2,,0,,1,1_02/09403A
1,PR/0194/0005,,TA01,1,,0,,1,1_PR/0194/0005
1,PR/0194/0005-A,,TA01,1,,0,,1,1_PR/0194/0005-A
1,PR/0104/0040,,TA01,1,,0,,1,1_PR/0104/0040
1,PR/0104/0041,,TA01,1,,0,,1,1_PR/0104/0041
1,04/024000154,,PL04,4,,0,,1,1_04/024000154
1,PR/1605/0001,,TA01,3,,0,,1,1_PR/1605/0001
1,01/09938M,,TA01,1,,0,,1,1_01/09938M
1,02/071400003,,TI02,2,,0,,1,1_02/071400003
1,04/174900001,,PL04,4,,0,,1,1_04/174900001
1,02/09716A,,TI02,2,,0,,1,1_02/09716A
1,02/10170,,TI02,2,,0,,1,1_02/10170
1,PR/0617/0289,,TI02,2,,0,,1,1_PR/0617/0289
1,10/90035M,,TI10,2,,0,,1,1_10/90035M
1,PR/0837/0001,,TA01,1,,0,,1,1_PR/0837/0001
1,PR/0837/0002,,CA03,3,,0,,1,1_PR/0837/0002
1,10/111450,,TI10,2,,0,,1,1_10/111450
1,03/2221038,,CA03,3,,0,,1,1_03/2221038
1,02/10057,,TI02,2,,0,,1,1_02/10057
1,02/175800001,,TI02,2,,0,,1,1_02/175800001
1,03/00306A,,CA03,3,,0,,1,1_03/00306A
1,01/082000001,,TA01,1,,0,,1,1_01/082000001
1,PR/0978/0004,,TA01,1,,0,,1,1_PR/0978/0004
1,02/09003,,TI02,2,,0,,1,1_02/09003
1,PR/0978/0005,,TA01,1,,0,,1,1_PR/0978/0005
1,PS.006,,YMA-PS,1,,0,,1,1_PS.006
1,PS.047,,YMA-PS,1,,0,,1,1_PS.047
1,PR/1690/0018,,TA01,1,,0,,1,1_PR/1690/0018
1,02/10245R,,TI02,2,,0,,1,1_02/10245R
1,02/10308,,TI02,2,,0,,1,1_02/10308
1,PR/1669/0007,,TA01,1,,0,,1,1_PR/1669/0007
1,PR/0104/0042,,TI02,2,,0,,1,1_PR/0104/0042
1,02/08586,,TI02,2,,0,,1,1_02/08586
1,02/08405R,,TI02,2,,0,,1,1_02/08405R
1,02/08405A,,TI02,2,,0,,1,1_02/08405A
1,57/33005MP,,TA57,1,,0,,1,1_57/33005MP
1,02/08336,,TI02,2,,0,,1,1_02/08336
1,02/09919A,,TI02,2,,0,,1,1_02/09919A
1,02/09920A,,TI02,2,,0,,1,1_02/09920A
1,02/09870HR,,TI02,2,,0,,1,1_02/09870HR
1,02/08098A,,TI02,2,,0,,1,1_02/08098A
1,02/08099A,,TI02,2,,0,,1,1_02/08099A
1,53/451005,,TA53,1,,0,,1,1_53/451005
1,02/09709,,TI02,2,,0,,1,1_02/09709
1,02/09668,,TI02,2,,0,,1,1_02/09668
1,02/09225,,TI02,2,,0,,1,1_02/09225
1,02/09035,,TI02,2,,0,,1,1_02/09035
1,02/09921A,,TI02,2,,0,,1,1_02/09921A
1,02/09921,,TI02,2,,0,,1,1_02/09921
1,02/09918A,,TI02,2,,0,,1,1_02/09918A
1,PS.047-PR,,YMA-PS,1,,0,,1,1_PS.047-PR
1,MA.013-R,,YMA-MA,1,,0,,1,1_MA.013-R
1,PS.047-R,,YMA-PS,1,,0,,1,1_PS.047-R
1,10/90008,,TI10,2,,0,,1,1_10/90008
1,PR/1007/0091,,TA01,1,,0,,1,1_PR/1007/0091
1,10/90008M,,TI10,2,,0,,1,1_10/90008M
1,02/0971401,,TI02,2,,0,,1,1_02/0971401
1,02/09847A01,,TI02,2,,0,,1,1_02/09847A01
1,02/10100A,,TI02,2,,0,,1,1_02/10100A
1,04/174600001,,PL04,4,,0,,1,1_04/174600001
1,02/10356,,TI02,2,,0,,1,1_02/10356
1,10/90036,,TI10,2,,0,,1,1_10/90036
1,UT.004-05,,YMA-UT,1,,0,,1,1_UT.004-05
1,01/09933,,TA01,1,,0,,1,1_01/09933
1,01/09934,,TA01,1,,0,,1,1_01/09934
1,03/2631135AR,,CA03,3,,0,,1,1_03/2631135AR
1,01/09933A,,TA01,1,,0,,1,1_01/09933A
1,MA.050,,YMA-MA,1,,0,,1,1_MA.050
1,PR/1723/0013-A,,TI02,2,,0,,1,1_PR/1723/0013-A
1,02/10175,,TI02,2,,0,,1,1_02/10175
1,02/10176,,TI02,2,,0,,1,1_02/10176
1,10/90036M,,TI10,2,,0,,1,1_10/90036M
1,PR/1643/0019,,TI02,2,,0,,1,1_PR/1643/0019
1,02/1017101,,TI02,2,,0,,1,1_02/1017101
1,01/09938,,TA01,1,,0,,1,1_01/09938
1,PR/1164/0003,,TI02,2,,0,,1,1_PR/1164/0003
1,PR/0617/0102,,TI02,2,,0,,1,1_PR/0617/0102
1,PR/0617/0102-A,,TI02,2,,0,,1,1_PR/0617/0102-A
1,MA.050-P,,YMA-MA,1,,0,,1,1_MA.050-P
1,UP.095-P,,YMA-UP,1,,0,,1,1_UP.095-P
1,UP.095,,YMA-UP,1,,0,,1,1_UP.095
1,UP.095-M,,YMA-UP,1,,0,,1,1_UP.095-M
1,MA.050-01,,YMA-MA,1,,0,,1,1_MA.050-01
1,02/10189,,TI02,2,,0,,1,1_02/10189
1,01/0993503,,TA01,1,,0,,1,1_01/0993503
1,01/0993601,,TA01,1,,0,,1,1_01/0993601
1,PR/1477/0003,,TA01,1,,0,,1,1_PR/1477/0003
1,01/0993602,,TA01,1,,0,,1,1_01/0993602
1,01/0993603,,TA01,1,,0,,1,1_01/0993603
1,70/1402070470,,TA70,1,,0,,1,1_70/1402070470
1,70/1403070470,,TA70,1,,0,,1,1_70/1403070470
1,01/10015,,TA01,1,,0,,1,1_01/10015
1,01/174700001,,TA01,1,,0,,1,1_01/174700001
1,PR/1638/0002,,TI02,2,,0,,1,1_PR/1638/0002
1,02/10172M,,TI02,2,,0,,1,1_02/10172M
1,PR/1723/0013,,TI02,2,,0,,1,1_PR/1723/0013
1,02/10173M,,TI02,2,,0,,1,1_02/10173M
1,PR/1723/0014,,TI02,2,,0,,1,1_PR/1723/0014
1,10/060100,,TI10,2,,0,,1,1_10/060100
1,10/060100M,,TI10,2,,0,,1,1_10/060100M
1,03/00355,,CA03,3,,0,,1,1_03/00355
1,PR/1723/0014-A,,TI02,2,,0,,1,1_PR/1723/0014-A
1,01/060400001,,TA01,1,,0,,1,1_01/060400001
1,PS.050-P,,YMA-PS,1,,0,,1,1_PS.050-P
1,CM.107-M,,YMA-CM,1,,0,,1,1_CM.107-M
1,02/10046D99,,TI02,2,,0,,1,1_02/10046D99
1,02/10168R,,TI02,2,,0,,1,1_02/10168R
1,PS.050-01,,YMA-PS,1,,0,,1,1_PS.050-01
1,02/10166AR,,TI02,2,,0,,1,1_02/10166AR
1,12/PP00132,,CV12,6,,0,,1,1_12/PP00132
1,12/PP00135,,CV12,6,,0,,1,1_12/PP00135
1,12/PP00136,,CV12,3,,0,,1,1_12/PP00136
1,PR/0904/0003,,TI02,2,,0,,1,1_PR/0904/0003
1,PR/0904/0003-A,,TI02,2,,0,,1,1_PR/0904/0003-A
1,12/PP00137,,CV12,6,,0,,1,1_12/PP00137
1,01/09792,,TA01,1,,0,,1,1_01/09792
1,01/09816,,TA01,1,,0,,1,1_01/09816
1,01/09797,,TA01,1,,0,,1,1_01/09797
1,01/09863,,TA01,1,,0,,1,1_01/09863
1,PR/0787/0005,,TI02,2,,0,,1,1_PR/0787/0005
1,01/019400001,,TA01,1,,0,,1,1_01/019400001
1,02/10177,,TI02,2,,0,,1,1_02/10177
1,01/0993504,,TA01,1,,0,,1,1_01/0993504
1,02/10178,,TI02,2,,0,,1,1_02/10178
1,02/10181,,TI02,2,,0,,1,1_02/10181
1,12/BD51230,,CV12,6,,0,,1,1_12/BD51230
1,01/09940M2,,TA01,1,,0,,1,1_01/09940M2
1,12/PM00004,,CV12,6,,0,,1,1_12/PM00004
1,PR/0101/0006,,CA03,3,,0,,1,1_PR/0101/0006
1,PR/LEHI/0001-A,,TA01,1,,0,,1,1_PR/LEHI/0001-A
1,02/10185,,TI02,2,,0,,1,1_02/10185
1,12/PM00005,,CV12,6,,0,,1,1_12/PM00005
1,01/09937,,TA01,1,,0,,1,1_01/09937
1,PR/1520/0011,,TI02,2,,0,,1,1_PR/1520/0011
1,PR/1477/0003-A,,TA01,1,,0,,1,1_PR/1477/0003-A
1,01/09940M1,,TA01,1,,0,,1,1_01/09940M1
1,01/09940M,,TA01,1,,0,,1,1_01/09940M
1,04/141600001,,PL04,4,,0,,1,1_04/141600001
1,12/00154,,CV12,6,,0,,1,1_12/00154
1,02/10792,,TI02,2,,0,,1,1_02/10792
1,CM.106-R,,YMA-CM,1,,0,,1,1_CM.106-R
1,MA.049-R,,YMA-MA,1,,0,,1,1_MA.049-R
1,55/81005MPA,,TI55,2,,0,,1,1_55/81005MPA
1,01/09941,,TA01,1,,0,,1,1_01/09941
1,12/PM00006,,CV12,6,,0,,1,1_12/PM00006
1,PR/1477/0003-B,,TA01,1,,0,,1,1_PR/1477/0003-B
1,PR/1477/0003-C,,TI02,1,,0,,1,1_PR/1477/0003-C
1,12/50113,,CV12,6,,0,,1,1_12/50113
1,02/10182,,TI02,2,,0,,1,1_02/10182
1,70/7606607,,TA70,1,,0,,1,1_70/7606607
1,PR/1557/0020,,TI02,2,,0,,1,1_PR/1557/0020
1,PR/1557/0021,,TI02,2,,0,,1,1_PR/1557/0021
1,01/09943,,TA01,1,,0,,1,1_01/09943
1,55/40402,,TI55,2,,0,,1,1_55/40402
1,PR/1226/0004-A,,TI02,2,,0,,1,1_PR/1226/0004-A
1,02/10183,,TI02,2,,0,,1,1_02/10183
1,02/10184,,TI02,2,,0,,1,1_02/10184
1,02/10217A,,TI02,2,,0,,1,1_02/10217A
1,02/0882301,,TI02,2,,0,,1,1_02/0882301
1,PR/1723/0015,,TA01,1,,0,,1,1_PR/1723/0015
1,01/09943M,,TA01,1,,0,,1,1_01/09943M
1,02/10179,,TI02,2,,0,,1,1_02/10179
1,PR/1723/0015-A,,TA01,1,,0,,1,1_PR/1723/0015-A
1,PR/1723/0016,,TA01,1,,0,,1,1_PR/1723/0016
1,PR/1605/0001-A,,TA01,1,,0,,1,1_PR/1605/0001-A
1,PR/1723/0016-A,,TA01,1,,0,,1,1_PR/1723/0016-A
1,PR/1723/0017,,TA01,1,,0,,1,1_PR/1723/0017
1,PR/1723/0017-A,,TA01,1,,0,,1,1_PR/1723/0017-A
1,PR/1723/18,,TI02,2,,0,,1,1_PR/1723/18
1,10/060220,,TI10,2,,0,,1,1_10/060220
1,PR/1723/0019,,TI02,2,,0,,1,1_PR/1723/0019
1,PR/1723/0019-A,,TI02,2,,0,,1,1_PR/1723/0019-A
1,03/00274,,CA03,3,,0,,1,1_03/00274
1,PR/1723/0020-A,,TI02,2,,0,,1,1_PR/1723/0020-A
1,PR/1723/0020,,TI02,2,,0,,1,1_PR/1723/0020
1,PR/1723/0021,,TI02,2,,0,,1,1_PR/1723/0021
1,02/09818,,TI02,2,,0,,1,1_02/09818
1,PR/1723/0021-A,,TI02,2,,0,,1,1_PR/1723/0021-A
1,01/09939,,TA01,1,,0,,1,1_01/09939
1,PR/1723/0022-A,,TI02,2,,0,,1,1_PR/1723/0022-A
1,PR/1723/0022,,TI02,2,,0,,1,1_PR/1723/0022
1,PR/1723/0023,,TI02,2,,0,,1,1_PR/1723/0023
1,PR/1723/0023-A,,TI02,2,,0,,1,1_PR/1723/0023-A
1,PR/1723/0024,,TI02,2,,0,,1,1_PR/1723/0024
1,PR/1723/0024-A,,TI02,2,,0,,1,1_PR/1723/0024-A
1,12/PV00048,,CV12,6,,0,,1,1_12/PV00048
1,PR/1723/0025-A,,TI02,2,,0,,1,1_PR/1723/0025-A
1,PR/1723/0025,,TI02,2,,0,,1,1_PR/1723/0025
1,PR/1723/0026,,TI02,2,,0,,1,1_PR/1723/0026
1,PR/1723/0030,,TI02,2,,0,,1,1_PR/1723/0030
1,PR/1723/0027,,TI02,2,,0,,1,1_PR/1723/0027
1,01/09942,,TA01,1,,0,,1,1_01/09942
1,PR/1723/0029,,TI02,2,,0,,1,1_PR/1723/0029
1,PR/1723/0028,,TI02,2,,0,,1,1_PR/1723/0028
1,PR/1723/0018,,TI02,2,,0,,1,1_PR/1723/0018
1,PR/1723/0018-A,,TI02,2,,0,,1,1_PR/1723/0018-A
1,02/09875,,TI02,2,,0,,1,1_02/09875
1,02/10046DR,,TI02,2,,0,,1,1_02/10046DR
1,12/PV00047,,CV12,6,,0,,1,1_12/PV00047
1,03/1431050,,CA03,3,,0,,1,1_03/1431050
1,01/09940R,,TA01,1,,0,,1,1_01/09940R
1,12/EFALG05,,CV12,6,,0,,1,1_12/EFALG05
1,12/EFALG03,,CV12,6,,0,,1,1_12/EFALG03
1,01/09977M,,TA01,1,,0,,1,1_01/09977M
1,PR/1723/0019-C,,TI02,2,,0,,1,1_PR/1723/0019-C
1,PR/1759/0001,,TI02,2,,0,,1,1_PR/1759/0001
1,12/PP00139,,CV12,6,,0,,1,1_12/PP00139
1,01/09944M,,TA01,1,,0,,1,1_01/09944M
1,PR/1723/0022-B,,TI02,2,,0,,1,1_PR/1723/0022-B
1,PR/1723/0022-C,,TI02,2,,0,,1,1_PR/1723/0022-C
1,04/024000203,,PL04,4,,0,,1,1_04/024000203
1,PR/1723/0023-C,,TI02,2,,0,,1,1_PR/1723/0023-C
1,PR/1723/0023-B,,TI02,2,,0,,1,1_PR/1723/0023-B
1,12/80598,,CV12,6,,0,,1,1_12/80598
1,PR/1286/0009,,TA01,1,,0,,1,1_PR/1286/0009
1,PR/0104/0044,,CA03,3,,0,,1,1_PR/0104/0044
1,UP.079R,,YMA-UP,1,,0,,1,1_UP.079R
1,UP.084R,,YMA-UP,1,,0,,1,1_UP.084R
1,04/1609025025I,,PL04,4,,0,,1,1_04/1609025025I
1,02/10190,,TI02,2,,0,,1,1_02/10190
1,02/10099AR,,TI02,2,,0,,1,1_02/10099AR
1,04/175000002,,PL04,4,,0,,1,1_04/175000002
1,04/175000001,,PL04,4,,0,,1,1_04/175000001
1,02/09198R,,TI02,2,,0,,1,1_02/09198R
1,PR/0787/0006,,TI02,2,,0,,1,1_PR/0787/0006
1,12/80680,,CV12,6,,0,,1,1_12/80680
1,PR/0331/0004,,TA01,1,,0,,1,1_PR/0331/0004
1,PR/0331/0005,,TA01,1,,0,,1,1_PR/0331/0005
1,YMA-EP,,,3,,0,,1,1_YMA-EP
1,UP.093,,YMA-UP,1,,0,,1,1_UP.093
1,UP.094,,YMA-UP,1,,0,,1,1_UP.094
1,12/80610,,CV12,6,,0,,1,1_12/80610
1,02/10134B,,TI02,2,,0,,1,1_02/10134B
1,02/10082M,,TI02,2,,0,,1,1_02/10082M
1,70/70911,,TA70,1,,0,,1,1_70/70911
1,02/10193,,TI02,2,,0,,1,1_02/10193
1,26/61040,,TA26,1,,0,,1,1_26/61040
1,PR/0194/0007,,TI02,2,,0,,1,1_PR/0194/0007
1,02/10134BM,,TI02,2,,0,,1,1_02/10134BM
1,02/10184M,,TI02,3,,0,,1,1_02/10184M
1,02/10183M,,TI02,2,,0,,1,1_02/10183M
1,12/80907,,CV12,6,,0,,1,1_12/80907
1,01/09936A,,TA01,1,,0,,1,1_01/09936A
1,02/10320AM,,TI02,2,,0,,1,1_02/10320AM
1,02/10185R,,TI02,2,,0,,1,1_02/10185R
1,10/11875,,TI10,2,,0,,1,1_10/11875
1,03/00357,,CA03,3,,0,,1,1_03/00357
1,02/067700001,,TI02,2,,0,,1,1_02/067700001
1,01/09936,,TA01,1,,0,,1,1_01/09936
1,12/80914,,CV12,6,,0,,1,1_12/80914
1,03/2431090,,CA03,3,,0,,1,1_03/2431090
1,12/PG05124,,CV12,6,,0,,1,1_12/PG05124
1,01/09945,,TA01,1,,0,,1,1_01/09945
1,02/10186B01,,TI02,2,,0,,1,1_02/10186B01
1,02/10187,,TI02,2,,0,,1,1_02/10187
1,10/11230,,TI10,2,,0,,1,1_10/11230
1,02/10196,,TI02,2,,0,,1,1_02/10196
1,PS.050,,YMA-PS,1,,0,,1,1_PS.050
1,02/061700020,,TI02,2,,0,,1,1_02/061700020
1,04/175200001,,PL04,4,,0,,1,1_04/175200001
1,01/09944R,,TA01,1,,0,,1,1_01/09944R
1,PR/1439/0015,,TA01,1,,0,,1,1_PR/1439/0015
1,12/CH02020910,,CV12,6,,0,,1,1_12/CH02020910
1,01/09854,,TA01,1,,0,,1,1_01/09854
1,PR/0820/0004,,TA01,1,,0,,1,1_PR/0820/0004
1,02/10197,,TI02,2,,0,,1,1_02/10197
1,PR/1489/0006,,TI02,2,,0,,1,1_PR/1489/0006
1,01/09957,,TA01,1,,0,,1,1_01/09957
1,02/09738M,,TI02,2,,0,,1,1_02/09738M
1,PR/0617/0106,,TI02,2,,0,,1,1_PR/0617/0106
1,02/10215,,TI02,2,,0,,1,1_02/10215
1,02/10694,,TI02,2,,0,,1,1_02/10694
1,UD.033-M,,YMA-UD,1,,0,,1,1_UD.033-M
1,US.014-M,,YMA-US,1,,0,,1,1_US.014-M
1,28/00953,,TA28,1,,0,,1,1_28/00953
1,02/10252,,TI02,2,,0,,1,1_02/10252
1,12/00003,,CV12,6,,0,,1,1_12/00003
1,01/1000201,,TA01,1,,0,,1,1_01/1000201
1,PR/0787/0008,,TI02,2,,0,,1,1_PR/0787/0008
1,PR/LUMI/0006,,TA01,1,,0,,1,1_PR/LUMI/0006
1,03/00359,,CA03,3,,0,,1,1_03/00359
1,03/0035901,,CA03,3,,0,,1,1_03/0035901
1,PR/0787/0008-A,,TI02,2,,0,,1,1_PR/0787/0008-A
1,54/10006,,TA54,1,,0,,1,1_54/10006
1,54/10008,,TA54,1,,0,,1,1_54/10008
1,54/10010,,TA54,1,,0,,1,1_54/10010
1,54/10012,,TA54,1,,0,,1,1_54/10012
1,54/10014,,TA54,1,,0,,1,1_54/10014
1,54/10015,,TA54,1,,0,,1,1_54/10015
1,54/10016,,TA54,1,,0,,1,1_54/10016
1,54/10018,,TA54,1,,0,,1,1_54/10018
1,54/10020,,TA54,1,,0,,1,1_54/10020
1,54/10025,,TA54,1,,0,,1,1_54/10025
1,12/TI00016R,,CV12,6,,0,,1,1_12/TI00016R
1,12/80936,,CV12,6,,0,,1,1_12/80936
1,US.014-03,,YMA-US,1,,0,,1,1_US.014-03
1,US.014-02,,YMA-US,1,,0,,1,1_US.014-02
1,US.014-04,,YMA-US,1,,0,,1,1_US.014-04
1,US.014-05,,YMA-US,1,,0,,1,1_US.014-05
1,US.014-06,,YMA-US,1,,0,,1,1_US.014-06
1,US.014-07,,YMA-US,1,,0,,1,1_US.014-07
1,10/138120,,TI10,2,,0,,1,1_10/138120
1,10/138100,,TI10,2,,0,,1,1_10/138100
1,04/175500001,,PL04,4,,0,,1,1_04/175500001
1,UT.005,,YMA-UT,1,,0,,1,1_UT.005
1,02/10211R,,TI02,2,,0,,1,1_02/10211R
1,01/09991M,,TA01,1,,0,,1,1_01/09991M
1,02/10192R,,TI02,2,,0,,1,1_02/10192R
1,02/10187R,,TI02,2,,0,,1,1_02/10187R
1,02/10213R,,TI02,2,,0,,1,1_02/10213R
1,02/10206R,,TI02,2,,0,,1,1_02/10206R
1,PR/0066/0005,,TA01,1,,0,,1,1_PR/0066/0005
1,01/09952,,TA01,1,,0,,1,1_01/09952
1,PR/1657/0009,,TA01,1,,0,,1,1_PR/1657/0009
1,02/061700021,,TI02,2,,0,,1,1_02/061700021
1,PR/1007/0053,,TA01,1,,0,,1,1_PR/1007/0053
1,54/62520,,TA54,1,,0,,1,1_54/62520
1,02/10215M,,TI02,2,,0,,1,1_02/10215M
1,12/50105,,CV12,6,,0,,1,1_12/50105
1,02/10214M1,,TI02,2,,0,,1,1_02/10214M1
1,03/2431095,,CA03,3,,0,,1,1_03/2431095
1,03/2221040,,CA03,3,,0,,1,1_03/2221040
1,03/2431095R,,CA03,3,,0,,1,1_03/2431095R
1,03/2431103,,CA03,3,,0,,1,1_03/2431103
1,PR/1657/0006,,TA01,1,,0,,1,1_PR/1657/0006
1,03/2431103R,,CA03,3,,0,,1,1_03/2431103R
1,03/2433080,,CA03,3,,0,,1,1_03/2433080
1,03/2521050,,CA03,3,,0,,1,1_03/2521050
1,03/2521060,,CA03,3,,0,,1,1_03/2521060
1,03/2521065,,CA03,3,,0,,1,1_03/2521065
1,03/2521070,,CA03,3,,0,,1,1_03/2521070
1,03/2521075,,CA03,3,,0,,1,1_03/2521075
1,04/024000014,,PL04,4,,0,,1,1_04/024000014
1,03/2521085,,CA03,3,,0,,1,1_03/2521085
1,12/PG05131,,CV12,6,,0,,1,1_12/PG05131
1,03/2521095,,CA03,3,,0,,1,1_03/2521095
1,03/2521100,,CA03,3,,0,,1,1_03/2521100
1,03/2521120,,CA03,3,,0,,1,1_03/2521120
1,03/2521124,,CA03,3,,0,,1,1_03/2521124
1,03/2521124R,,CA03,3,,0,,1,1_03/2521124R
1,03/2521130,,CA03,3,,0,,1,1_03/2521130
1,03/2523090,,CA03,3,,0,,1,1_03/2523090
1,03/2523100,,CA03,3,,0,,1,1_03/2523100
1,03/2523120,,CA03,3,,0,,1,1_03/2523120
1,03/2531060,,CA03,3,,0,,1,1_03/2531060
1,03/2531070,,CA03,3,,0,,1,1_03/2531070
1,03/2531085,,CA03,3,,0,,1,1_03/2531085
1,03/2531090,,CA03,3,,0,,1,1_03/2531090
1,04/024000037,,PL04,4,,0,,1,1_04/024000037
1,12/52301501,,CV12,6,,0,,1,1_12/52301501
1,03/2523120R,,CA03,3,,0,,1,1_03/2523120R
1,03/2531110,,CA03,3,,0,,1,1_03/2531110
1,03/2531120,,CA03,3,,0,,1,1_03/2531120
1,03/2531122,,CA03,3,,0,,1,1_03/2531122
1,03/2533090,,CA03,3,,0,,1,1_03/2533090
1,03/2621060,,CA03,3,,0,,1,1_03/2621060
1,03/2621090,,CA03,3,,0,,1,1_03/2621090
1,02/1071101,,TI02,2,,0,,1,1_02/1071101
1,03/2631120,,CA03,3,,0,,1,1_03/2631120
1,03/2621110,,CA03,3,,0,,1,1_03/2621110
1,03/2621120,,CA03,3,,0,,1,1_03/2621120
1,03/2621130,,CA03,3,,0,,1,1_03/2621130
1,03/2621165,,CA03,3,,0,,1,1_03/2621165
1,03/2621180,,CA03,3,,0,,1,1_03/2621180
1,03/2631130,,CA03,3,,0,,1,1_03/2631130
1,03/2631160,,CA03,3,,0,,1,1_03/2631160
1,03/2631185,,CA03,3,,0,,1,1_03/2631185
1,01/09876B,,TA01,1,,0,,1,1_01/09876B
1,01/09953,,TA01,1,,0,,1,1_01/09953
1,PR/0617/0103,,TI02,2,,0,,1,1_PR/0617/0103
1,PR/0617/0103-A,,TI02,2,,0,,1,1_PR/0617/0103-A
1,01/09953M,,TA01,1,,0,,1,1_01/09953M
1,PR/0617/0104,,TI02,2,,0,,1,1_PR/0617/0104
1,PR/0617/0105,,TI02,2,,0,,1,1_PR/0617/0105
1,01/09954,,TA01,1,,0,,1,1_01/09954
1,PR/0768/0001,,TA01,1,,0,,1,1_PR/0768/0001
1,01/09954M,,TA01,1,,0,,1,1_01/09954M
1,12/50114,,CV12,6,,0,,1,1_12/50114
1,01/10166A,,TA01,1,,0,,1,1_01/10166A
1,01/09460A,,TA01,1,,0,,1,1_01/09460A
1,55/32512MPA,,TI55,2,,0,,1,1_55/32512MPA
1,04/1609050025I,,PL04,4,,0,,1,1_04/1609050025I
1,01/09876B01,,TA01,1,,0,,1,1_01/09876B01
1,01/073200010,,TA01,1,,0,,1,1_01/073200010
1,02/10230,,TI02,2,,0,,1,1_02/10230
1,02/120600002,,TI02,2,,0,,1,1_02/120600002
1,12/50115,,CV12,6,,0,,1,1_12/50115
1,12/CH02023908,,CV12,6,,0,,1,1_12/CH02023908
1,01/09877C,,TA01,1,,0,,1,1_01/09877C
1,12/532012,,CV12,6,,0,,1,1_12/532012
1,01/09966,,TA01,1,,0,,1,1_01/09966
1,UP.098-02,,YMA-UP,1,,0,,1,1_UP.098-02
1,01/09877C01,,TA01,1,,0,,1,1_01/09877C01
1,02/10248,,TI02,2,,0,,1,1_02/10248
1,01/09956M,,TA01,1,,0,,1,1_01/09956M
1,04/159000005,,PL04,4,,0,,1,1_04/159000005
1,01/09905B,,TA01,1,,0,,1,1_01/09905B
1,PR/1206/0003,,TI02,2,,0,,1,1_PR/1206/0003
1,01/09905B01,,TA01,1,,0,,1,1_01/09905B01
1,12/XG320006,,CV12,6,,0,,1,1_12/XG320006
1,12/301006,,CV12,6,,0,,1,1_12/301006
1,PR/0634/0015,,TI02,2,,0,,1,1_PR/0634/0015
1,02/120600001,,TI02,2,,0,,1,1_02/120600001
1,UP.107-R,,YMA-UP,1,,0,,1,1_UP.107-R
1,02/158000005M,,TI02,2,,0,,1,1_02/158000005M
1,PR/0617/0107,,TI02,2,,0,,1,1_PR/0617/0107
1,02/158000005,,TI02,2,,0,,1,1_02/158000005
1,12/PP00142,,CV12,6,,0,,1,1_12/PP00142
1,02/1023101,,TI02,2,,0,,1,1_02/1023101
1,02/10214,,TI02,2,,0,,1,1_02/10214
1,02/10214M2,,TI02,2,,0,,1,1_02/10214M2
1,PR/1079/0001,,TI02,2,,0,,1,1_PR/1079/0001
1,55/31206,,TI55,2,,0,,1,1_55/31206
1,02/172300001,,TI02,2,,0,,1,1_02/172300001
1,PR/1206/0005,,TA01,1,,0,,1,1_PR/1206/0005
1,PR/2013/0021,,TI02,2,,0,,1,1_PR/2013/0021
1,PR/2013/0020,,TI02,2,,0,,1,1_PR/2013/0020
1,PR/2013/0022,,TI02,2,,0,,1,1_PR/2013/0022
1,PR/1489/0008,,TA01,1,,0,,1,1_PR/1489/0008
1,04/1609100100J,,PL04,4,,0,,1,1_04/1609100100J
1,02/10583M1,,TI02,2,,0,,1,1_02/10583M1
1,12/80538,,CV12,6,,0,,1,1_12/80538
1,02/10221,,TI02,2,,0,,1,1_02/10221
1,02/10226,,TI02,2,,0,,1,1_02/10226
1,12/CX05015,,CV12,6,,0,,1,1_12/CX05015
1,02/10334R,,TI02,2,,0,,1,1_02/10334R
1,PR/AUFE/0001,,TI02,2,,0,,1,1_PR/AUFE/0001
1,91/00105,,XTA91,8,,0,,1,1_91/00105
1,10/11845,,TI10,2,,0,,1,1_10/11845
1,10/11840,,TI10,2,,0,,1,1_10/11840
1,12/50004,,CV12,6,,0,,1,1_12/50004
1,12/50107,,CV12,6,,0,,1,1_12/50107
1,02/10227,,TI02,2,,0,,1,1_02/10227
1,UT.005-1,,YMA-UT,1,,0,,1,1_UT.005-1
1,02/09377,,TI02,2,,0,,1,1_02/09377
1,02/09377M,,TI02,2,,0,,1,1_02/09377M
1,02/09376,,TI02,2,,0,,1,1_02/09376
1,02/09376M,,TI02,2,,0,,1,1_02/09376M
1,02/09205,,TI02,2,,0,,1,1_02/09205
1,02/09205M,,TI02,2,,0,,1,1_02/09205M
1,02/09195,,TI02,2,,0,,1,1_02/09195
1,02/09195M,,TI02,2,,0,,1,1_02/09195M
1,02/09119,,TI02,2,,0,,1,1_02/09119
1,02/09119M,,TI02,2,,0,,1,1_02/09119M
1,PR/1669/0008,,TI02,2,,0,,1,1_PR/1669/0008
1,PR/1669/0009,,TI02,2,,0,,1,1_PR/1669/0009
1,UT.002,,YMA-UT,1,,0,,1,1_UT.002
1,UT.005-2,,YMA-UT,1,,0,,1,1_UT.005-2
1,UT.005-3,,YMA-UT,1,,0,,1,1_UT.005-3
1,UT.005-4,,YMA-UT,1,,0,,1,1_UT.005-4
1,UT.005-5,,YMA-UT,1,,0,,1,1_UT.005-5
1,01/07608AR,,TA01,1,,0,,1,1_01/07608AR
1,PR/1757/0001,,TI02,2,,0,,1,1_PR/1757/0001
1,PR/0768/0008,,TI02,2,,0,,1,1_PR/0768/0008
1,PR/GUIN/0002,,TI02,2,,0,,1,1_PR/GUIN/0002
1,12/301006R,,CV12,6,,0,,1,1_12/301006R
1,01/1004501R,,TA01,1,,0,,1,1_01/1004501R
1,02/1021801M,,TI02,2,,0,,1,1_02/1021801M
1,02/10219M,,TI02,2,,0,,1,1_02/10219M
1,02/10221M,,TI02,2,,0,,1,1_02/10221M
1,02/10033AR,,TI02,2,,0,,1,1_02/10033AR
1,02/10334,,TI02,2,,0,,1,1_02/10334
1,PR/1505/0005,,TI02,2,,0,,1,1_PR/1505/0005
1,12/PL00004,,CV12,6,,0,,1,1_12/PL00004
1,US.015,,YMA-US,1,,0,,1,1_US.015
1,12/PP00140,,CV12,6,,0,,1,1_12/PP00140
1,04/100000002,,PL04,4,,0,,1,1_04/100000002
1,04/176000002,,PL04,4,,0,,1,1_04/176000002
1,12/3310051,,CV12,6,,0,,1,1_12/3310051
1,12/PP00141,,CV12,6,,0,,1,1_12/PP00141
1,02/019400002,,TI02,2,,0,,1,1_02/019400002
1,01/10094,,TA01,1,,0,,1,1_01/10094
1,02/10319,,TI02,2,,0,,1,1_02/10319
1,02/09869M,,TI02,2,,0,,1,1_02/09869M
1,02/10229,,TI02,2,,0,,1,1_02/10229
1,52/00060,,TA52,1,,0,,1,1_52/00060
1,02/10402,,TI02,2,,0,,1,1_02/10402
1,02/10400M1,,TI02,2,,0,,1,1_02/10400M1
1,02/1040301M,,TI02,2,,0,,1,1_02/1040301M
1,02/1040101M,,TI02,2,,0,,1,1_02/1040101M
1,01/1004201,,TA01,1,,0,,1,1_01/1004201
1,PR/1690/0016-A,,TA01,1,,0,,1,1_PR/1690/0016-A
1,02/10231,,TI02,2,,0,,1,1_02/10231
1,02/026700008M,,TI02,2,,0,,1,1_02/026700008M
1,04/024000040,,PL04,4,,0,,1,1_04/024000040
1,02/10232,,TI02,2,,0,,1,1_02/10232
1,PR/1097/0005,,TA01,1,,0,,1,1_PR/1097/0005
1,12/CH01012005,,CV12,6,,0,,1,1_12/CH01012005
1,02/1022901,,TI02,2,,0,,1,1_02/1022901
1,55/80603MPA,,TI55,2,,0,,1,1_55/80603MPA
1,02/1022902,,TI02,2,,0,,1,1_02/1022902
1,UP.096-P,,YMA-UP,1,,0,,1,1_UP.096-P
1,02/1022903,,TI02,2,,0,,1,1_02/1022903
1,CM.108-01,,YMA-CM,1,,0,,1,1_CM.108-01
1,UP.096-01,,YMA-UP,1,,0,,1,1_UP.096-01
1,US.015-01,,YMA-US,1,,0,,1,1_US.015-01
1,12/SI00456,,CV12,6,,0,,1,1_12/SI00456
1,PR/0820/0005,,TI02,2,,0,,1,1_PR/0820/0005
1,PR/1439/0011-A,,TA01,1,,0,,1,1_PR/1439/0011-A
1,PR/1439/0011,,TA01,1,,0,,1,1_PR/1439/0011
1,55/40601MPA,,TI55,2,,0,,1,1_55/40601MPA
1,02/09581A,,TI02,2,,0,,1,1_02/09581A
1,02/09581AM,,TI02,2,,0,,1,1_02/09581AM
1,02/10234,,TI02,2,,0,,1,1_02/10234
1,02/10234M,,TI02,2,,0,,1,1_02/10234M
1,PR/1439/0012,,TA01,1,,0,,1,1_PR/1439/0012
1,PR/1439/0013,,TA01,1,,0,,1,1_PR/1439/0013
1,PR/1439/0014,,TA01,1,,0,,1,1_PR/1439/0014
1,04/143800004A,,PL04,4,,0,,1,1_04/143800004A
1,PR/1005/0001,,TA01,1,,0,,1,1_PR/1005/0001
1,PR/0048/0038,,TA01,1,,0,,1,1_PR/0048/0038
1,02/10235,,TI02,2,,0,,1,1_02/10235
1,02/10427,,TI02,2,,0,,1,1_02/10427
1,PR/0617/0108,,TI02,2,,0,,1,1_PR/0617/0108
1,UP.098,,YMA-UP,1,,0,,1,1_UP.098
1,UP.097,,YMA-UP,1,,0,,1,1_UP.097
1,12/421707R,,CV12,6,,0,,1,1_12/421707R
1,PR/0617/0108-A,,TI02,2,,0,,1,1_PR/0617/0108-A
1,02/10246R,,TI02,2,,0,,1,1_02/10246R
1,02/10267,,TI02,2,,0,,1,1_02/10267
1,01/09961,,TA01,1,,0,,1,1_01/09961
1,12/4220081R,,CV12,6,,0,,1,1_12/4220081R
1,12/4225082R,,CV12,6,,0,,1,1_12/4225082R
1,02/158000006,,TI02,2,,0,,1,1_02/158000006
1,PO.020,,YMA-PO,1,,0,,1,1_PO.020
1,02/10217AM,,TI02,2,,0,,1,1_02/10217AM
1,02/124000002,,TI02,2,,0,,1,1_02/124000002
1,MA.051,,YMA-MA,1,,0,,1,1_MA.051
1,MA.052,,YMA-MA,1,,0,,1,1_MA.052
1,02/10243,,TI02,2,,0,,1,1_02/10243
1,02/10243M,,TI02,2,,0,,1,1_02/10243M
1,AC.019,,YMA-AC,1,,0,,1,1_AC.019
1,PO.019,,YMA-PO,1,,0,,1,1_PO.019
1,PS.051,,YMA-PS,1,,0,,1,1_PS.051
1,PS.052,,YMA-PS,1,,0,,1,1_PS.052
1,02/10242,,TI02,2,,0,,1,1_02/10242
1,02/10242M,,TI02,2,,0,,1,1_02/10242M
1,02/10253,,TI02,2,,0,,1,1_02/10253
1,26/61245,,TA26,1,,0,,1,1_26/61245
1,PR/SASI/0002,,TI02,2,,0,,1,1_PR/SASI/0002
1,12/148900002,,CV12,6,,0,,1,1_12/148900002
1,01/09970,,TA01,1,,0,,1,1_01/09970
1,PR/1708/0024,,TI02,2,,0,,1,1_PR/1708/0024
1,02/08544,,TI02,2,,0,,1,1_02/08544
1,02/08626,,TI02,2,,0,,1,1_02/08626
1,55/450108A,,TI55,2,,0,,1,1_55/450108A
1,03/00361,,CA03,3,,0,,1,1_03/00361
1,02/09362M,,TI02,2,,0,,1,1_02/09362M
1,02/10249,,TI02,2,,0,,1,1_02/10249
1,PR/1643/0021,,TI02,2,,0,,1,1_PR/1643/0021
1,01/08506,,TA01,1,,0,,1,1_01/08506
1,12/4225091R,,CV12,6,,0,,1,1_12/4225091R
1,03/00465,,CA03,3,,0,,1,1_03/00465
1,12/423010R,,CV12,6,,0,,1,1_12/423010R
1,02/10186B99,,TI02,2,,0,,1,1_02/10186B99
1,01/09823A,,TA01,1,,0,,1,1_01/09823A
1,01/09963,,TA01,1,,0,,1,1_01/09963
1,PR/1439/0019,,TA01,1,,0,,1,1_PR/1439/0019
1,MA.051-P,,YMA-MA,1,,0,,1,1_MA.051-P
1,MA.052-P,,YMA-MA,1,,0,,1,1_MA.052-P
1,PO.020-P,,YMA-PO,1,,0,,1,1_PO.020-P
1,PS.051-P,,YMA-PS,1,,0,,1,1_PS.051-P
1,PS.052-P,,YMA-PS,1,,0,,1,1_PS.052-P
1,01/08643,,TA01,1,,0,,1,1_01/08643
1,UP.097-P,,YMA-UP,1,,0,,1,1_UP.097-P
1,UP.098-P,,YMA-UP,1,,0,,1,1_UP.098-P
1,MA.051-01,,YMA-MA,2,,0,,1,1_MA.051-01
1,PO.020-01,,YMA-PO,1,,0,,1,1_PO.020-01
1,PS.051-01,,YMA-PS,1,,0,,1,1_PS.051-01
1,12/PU00002,,CV12,6,,0,,1,1_12/PU00002
1,PR/RAMA/0002,,TA01,1,,0,,1,1_PR/RAMA/0002
1,PR/1669/0024-A,,TI02,2,,0,,1,1_PR/1669/0024-A
1,12/CX05008,,CV12,6,,0,,1,1_12/CX05008
1,02/10333AR,,TI02,2,,0,,1,1_02/10333AR
1,02/10268,,TI02,2,,0,,1,1_02/10268
1,PS.052-01,,YMA-PS,1,,0,,1,1_PS.052-01
1,MA.052-01,,YMA-MA,2,,0,,1,1_MA.052-01
1,12/PV00049,,CV12,6,,0,,1,1_12/PV00049
1,PR/0820/0007,,TA01,1,,0,,1,1_PR/0820/0007
1,PR/0820/0006,,TA01,1,,0,,1,1_PR/0820/0006
1,02/10269,,TI02,2,,0,,1,1_02/10269
1,04/176000001,,PL04,4,,0,,1,1_04/176000001
1,12/PG05305,,CV12,6,,0,,1,1_12/PG05305
1,PR/1643/0021-A,,TI02,2,,0,,1,1_PR/1643/0021-A
1,PR/1643/0022,,TI02,2,,0,,1,1_PR/1643/0022
1,PR/1643/0022-A,,TI02,2,,0,,1,1_PR/1643/0022-A
1,12/50114A,,CV12,6,,0,,1,1_12/50114A
1,01/09918R,,TA01,1,,0,,1,1_01/09918R
1,12/80598B,,CV12,2,,0,,1,1_12/80598B
1,PR/AUFE/0002,,TI02,2,,0,,1,1_PR/AUFE/0002
1,02/10247,,TI02,2,,0,,1,1_02/10247
1,02/09731AN01ME,,TI02,2,,0,,1,1_02/09731AN01ME
1,12/PG05310,,CV12,6,,0,,1,1_12/PG05310
1,02/10186BR,,TI02,2,,0,,1,1_02/10186BR
1,PR/1520/0012-A,,TA01,1,,0,,1,1_PR/1520/0012-A
1,02/09274M2,,TI02,2,,0,,1,1_02/09274M2
1,12/80542,,CV12,6,,0,,1,1_12/80542
1,PR/0820/0006-A,,TA01,1,,0,,1,1_PR/0820/0006-A
1,PR/0820/0007-A,,TA01,1,,0,,1,1_PR/0820/0007-A
1,12/PG00601A,,CV12,6,,0,,1,1_12/PG00601A
1,PU.169,,YMA-PU,1,,0,,1,1_PU.169
1,PU.170,,YMA-PU,1,,0,,1,1_PU.170
1,PU.172,,YMA-PU,1,,0,,1,1_PU.172
1,02/09528,,TI02,2,,0,,1,1_02/09528
1,01/09563,,TA01,1,,0,,1,1_01/09563
1,01/08507,,TA01,1,,0,,1,1_01/08507
1,01/08394,,TA01,1,,0,,1,1_01/08394
1,01/08807,,TA01,1,,0,,1,1_01/08807
1,11/11009,,TA11,1,,0,,1,1_11/11009
1,11/11010,,TA11,1,,0,,1,1_11/11010
1,11/11012,,TA11,1,,0,,1,1_11/11012
1,02/10272,,TI02,2,,0,,1,1_02/10272
1,02/10273,,TI02,2,,0,,1,1_02/10273
1,02/09485BM,,TI02,2,,0,,1,1_02/09485BM
1,02/09485B,,TI02,2,,0,,1,1_02/09485B
1,PR/0904/0003-B,,TI02,2,,0,,1,1_PR/0904/0003-B
1,PR/1107/0009,,TA01,1,,0,,1,1_PR/1107/0009
1,12/5008035R,,CV12,6,,0,,1,1_12/5008035R
1,MA.048-R,,YMA-MA,1,,0,,1,1_MA.048-R
1,70/1001620,,TA70,1,,0,,1,1_70/1001620
1,PR/1669/0010,,TI02,2,,0,,1,1_PR/1669/0010
1,12/CX05214,,CV12,6,,0,,1,1_12/CX05214
1,PR/1708/0011,,TI02,2,,0,,1,1_PR/1708/0011
1,02/0952901,,TI02,2,,0,,1,1_02/0952901
1,UP.097-01,,YMA-UP,1,,0,,1,1_UP.097-01
1,UP.098-01,,YMA-UP,1,,0,,1,1_UP.098-01
1,01/10095,,TA01,1,,0,,1,1_01/10095
1,PR/AGIT/0001,,TI02,2,,0,,1,1_PR/AGIT/0001
1,10/00370,,TI10,2,,0,,1,1_10/00370
1,12/80602B,,CV12,6,,0,,1,1_12/80602B
1,04/176500001,,PL04,4,,0,,1,1_04/176500001
1,PR/0652/0001,,TI02,2,,0,,1,1_PR/0652/0001
1,02/10259,,TI02,2,,0,,1,1_02/10259
1,04/176600001,,PL04,4,,0,,1,1_04/176600001
1,12/80922,,CV12,6,,0,,1,1_12/80922
1,02/061700022,,TI02,2,,0,,1,1_02/061700022
1,PR/0617/0109,,TI02,2,,0,,1,1_PR/0617/0109
1,PR/0617/0110,,TI02,2,,0,,1,1_PR/0617/0110
1,01/09075,,TA01,1,,0,,1,1_01/09075
1,PR/0617/0110-A,,TI02,2,,0,,1,1_PR/0617/0110-A
1,02/10255,,TI02,2,,0,,1,1_02/10255
1,02/10260M,,TI02,2,,0,,1,1_02/10260M
1,01/09967M,,TA01,1,,0,,1,1_01/09967M
1,01/09955M,,TA01,1,,0,,1,1_01/09955M
1,55/40201MPA,,TI55,2,,0,,1,1_55/40201MPA
1,12/80921,,CV12,6,,0,,1,1_12/80921
1,01/10045M,,TA01,1,,0,,1,1_01/10045M
1,12/069700003,,CV12,6,,0,,1,1_12/069700003
1,UP.097-02,,YMA-UP,1,,0,,1,1_UP.097-02
1,02/10261,,TI02,2,,0,,1,1_02/10261
1,04/024000204,,PL04,4,,0,,1,1_04/024000204
1,02/10602,,TI02,2,,0,,1,1_02/10602
1,PR/1007/0054,,TA01,1,,0,,1,1_PR/1007/0054
1,PR/1644/0005,,TI02,2,,0,,1,1_PR/1644/0005
1,01/09967,,TA01,1,,0,,1,1_01/09967
1,01/09955,,TA01,1,,0,,1,1_01/09955
1,01/09956,,TA01,1,,0,,1,1_01/09956
1,PR/1690/0022,,TA01,1,,0,,1,1_PR/1690/0022
1,12/00158,,CV12,6,,0,,1,1_12/00158
1,PR/1708/0044,,TA01,1,,0,,1,1_PR/1708/0044
1,02/10018AR,,TI02,2,,0,,1,1_02/10018AR
1,01/030100003,,TA01,1,,0,,1,1_01/030100003
1,02/10264R,,TI02,2,,0,,1,1_02/10264R
1,02/10265R,,TI02,2,,0,,1,1_02/10265R
1,02/10266R,,TI02,2,,0,,1,1_02/10266R
1,02/09784,,TI02,2,,0,,1,1_02/09784
1,02/09784A,,TI02,2,,0,,1,1_02/09784A
1,02/10736,,TI02,2,,0,,1,1_02/10736
1,01/09968,,TA01,1,,0,,1,1_01/09968
1,02/10191AR,,TI02,2,,0,,1,1_02/10191AR
1,02/10290,,TI02,2,,0,,1,1_02/10290
1,02/09623,,TI02,2,,0,,1,1_02/09623
1,12/80917,,CV12,6,,0,,1,1_12/80917
1,12/80514,,CV12,6,,0,,1,1_12/80514
1,12/5230105,,CV12,6,,0,,1,1_12/5230105
1,02/10110,,TI02,2,,0,,1,1_02/10110
1,10/00374,,TI10,2,,0,,1,1_10/00374
1,12/80600,,CV12,6,,0,,1,1_12/80600
1,12/00153,,CV12,6,,0,,1,1_12/00153
1,12/00151,,CV12,6,,0,,1,1_12/00151
1,01/09460,,TA01,1,,0,,1,1_01/09460
1,04/1609100025I,,PL04,4,,0,,1,1_04/1609100025I
1,04/1609100050I,,PL04,4,,0,,1,1_04/1609100050I
1,12/PU00001,,CV12,6,,0,,1,1_12/PU00001
1,02/10270,,TI02,2,,0,,1,1_02/10270
1,02/10271,,TI02,2,,0,,1,1_02/10271
1,02/10268M,,TI02,2,,0,,1,1_02/10268M
1,02/10269M,,TI02,2,,0,,1,1_02/10269M
1,02/10270M,,TI02,2,,0,,1,1_02/10270M
1,02/10271M,,TI02,2,,0,,1,1_02/10271M
1,02/10272M,,TI02,2,,0,,1,1_02/10272M
1,02/10273M,,TI02,2,,0,,1,1_02/10273M
1,PR/0617/0111,,TI02,2,,0,,1,1_PR/0617/0111
1,PR/0617/0111-A,,TI02,2,,0,,1,1_PR/0617/0111-A
1,PR/0617/0112,,TI02,2,,0,,1,1_PR/0617/0112
1,10/11060M,,TI10,2,,0,,1,1_10/11060M
1,02/10274,,TI02,2,,0,,1,1_02/10274
1,02/10260,,TI02,2,,0,,1,1_02/10260
1,02/10274M,,TI02,2,,0,,1,1_02/10274M
1,02/10263,,TI02,2,,0,,1,1_02/10263
1,02/10256,,TI02,2,,0,,1,1_02/10256
1,55/40251MPA,,TI55,2,,0,,1,1_55/40251MPA
1,PR/1669/0015,,TI02,2,,0,,1,1_PR/1669/0015
1,12/PP00143,,CV12,6,,0,,1,1_12/PP00143
1,PR/1690/0020,,TA01,1,,0,,1,1_PR/1690/0020
1,PR/1621/0024,,TI02,2,,0,,1,1_PR/1621/0024
1,PR/0617/AUPC01,,TI02,2,,0,,1,1_PR/0617/AUPC01
1,PR/1214/0004,,TA01,1,,0,,1,1_PR/1214/0004
1,02/078700001,,TI02,2,,0,,1,1_02/078700001
1,12/5130103,,CV12,6,,0,,1,1_12/5130103
1,AV006,,AVCV,6,,0,,1,1_AV006
1,PR/1505/0009,,TI02,2,,0,,1,1_PR/1505/0009
1,03/00415,,CA03,3,,0,,1,1_03/00415
1,PR/0267/0054,,TI02,2,,0,,1,1_PR/0267/0054
1,56/00030D,,TA56,1,,0,,1,1_56/00030D
1,01/09972,,TA01,1,,0,,1,1_01/09972
1,01/09973,,TA01,1,,0,,1,1_01/09973
1,56/00030,,TA56,1,,0,,1,1_56/00030
1,PR/1389/0007,,TI02,2,,0,,1,1_PR/1389/0007
1,02/1027601,,TI02,2,,0,,1,1_02/1027601
1,02/09126R,,TI02,2,,0,,1,1_02/09126R
1,PR/0617/0113,,TI02,2,,0,,1,1_PR/0617/0113
1,02/10276,,TI02,2,,0,,1,1_02/10276
1,02/09126A,,TI02,2,,0,,1,1_02/09126A
1,02/09126,,TI02,2,,0,,1,1_02/09126
1,02/10279R,,TI02,2,,0,,1,1_02/10279R
1,02/09368,,TI02,2,,0,,1,1_02/09368
1,02/10284,,TI02,2,,0,,1,1_02/10284
1,03/00460,,CA03,3,,0,,1,1_03/00460
1,02/09179,,TI02,2,,0,,1,1_02/09179
1,02/10282,,TI02,2,,0,,1,1_02/10282
1,02/10281,,TI02,2,,0,,1,1_02/10281
1,02/10280,,TI02,2,,0,,1,1_02/10280
1,10/00369,,TI10,2,,0,,1,1_10/00369
1,55/00504,,TI55,2,,0,,1,1_55/00504
1,PR/0617/0114,,TI02,2,,0,,1,1_PR/0617/0114
1,PR/0617/0114-A,,TI02,2,,0,,1,1_PR/0617/0114-A
1,MA.045-R,,YMA-MA,1,,0,,1,1_MA.045-R
1,PR/1680/0001,,TI02,2,,0,,1,1_PR/1680/0001
1,02/0780601,,TI02,2,,0,,1,1_02/0780601
1,02/0780602,,TI02,2,,0,,1,1_02/0780602
1,01/10174,,TA01,1,,0,,1,1_01/10174
1,01/09838M,,TA01,1,,0,,1,1_01/09838M
1,02/10332,,TI02,2,,0,,1,1_02/10332
1,PR/CUPR/0001,,TI02,2,,0,,1,1_PR/CUPR/0001
1,55/00304MPA,,TI55,2,,0,,1,1_55/00304MPA
1,12/PG05103,,CV12,6,,0,,1,1_12/PG05103
1,26/20412,,TA26,1,,0,,1,1_26/20412
1,10/10243M,,TI10,2,,0,,1,1_10/10243M
1,PR/0740/0001,,CA03,3,,0,,1,1_PR/0740/0001
1,12/80533,,CV12,6,,0,,1,1_12/80533
1,02/10285,,TI02,2,,0,,1,1_02/10285
1,02/10285M,,TI02,2,,0,,1,1_02/10285M
1,02/10116R,,TI02,2,,0,,1,1_02/10116R
1,12/5215061,,CV12,6,,0,,1,1_12/5215061
1,12/5115061,,CV12,6,,0,,1,1_12/5115061
1,91/80032,,XTA91,8,,0,,1,1_91/80032
1,PR/0617/0295,,TI02,2,,0,,1,1_PR/0617/0295
1,PR/0617/0204,,TI02,2,,0,,1,1_PR/0617/0204
1,02/09288R,,TI02,2,,0,,1,1_02/09288R
1,13/10616,,CA13,3,,0,,1,1_13/10616
1,PR/1708/0012,,TI02,2,,0,,1,1_PR/1708/0012
1,02/170800001,,TI02,2,,0,,1,1_02/170800001
1,12/80879A,,CV12,6,,0,,1,1_12/80879A
1,02/09288,,TI02,2,,0,,1,1_02/09288
1,PR/0069/0002,,TA01,1,,0,,1,1_PR/0069/0002
1,01/09939R,,TA01,1,,0,,1,1_01/09939R
1,03/2223038R,,CA03,3,,0,,1,1_03/2223038R
1,PR/1007/0055,,TA01,1,,0,,1,1_PR/1007/0055
1,02/10287,,TI02,2,,0,,1,1_02/10287
1,.W9804,,W,9,,0,,1,1_.W9804
1,02/08570M,,TI02,2,,0,,1,1_02/08570M
1,02/1021801,,TI02,2,,0,,1,1_02/1021801
1,PR/0048/0058-A,,TA01,1,,0,,1,1_PR/0048/0058-A
1,12/178500001,,CV12,6,,0,,1,1_12/178500001
1,02/08570,,TI02,2,,0,,1,1_02/08570
1,PR/1797/0003,,TA01,1,,0,,1,1_PR/1797/0003
1,02/10288,,TI02,2,,0,,1,1_02/10288
1,03/2221045,,CA03,3,,0,,1,1_03/2221045
1,03/2421045,,CA03,3,,0,,1,1_03/2421045
1,12/XG360024,,CV12,6,,0,,1,1_12/XG360024
1,12/80594,,CV12,6,,0,,1,1_12/80594
1,01/09977,,TA01,1,,0,,1,1_01/09977
1,25/203101,,TA25,1,,0,,1,1_25/203101
1,25/205101,,TA25,1,,0,,1,1_25/205101
1,25/205351,,TA25,1,,0,,1,1_25/205351
1,25/205161,,TA25,1,,0,,1,1_25/205161
1,25/206161,,TA25,1,,0,,1,1_25/206161
1,25/208251,,TA25,1,,0,,1,1_25/208251
1,25/803024,,TA25,1,,0,,1,1_25/803024
1,25/803028,,TA25,1,,0,,1,1_25/803028
1,PR/1621/0032,,TI02,2,,0,,1,1_PR/1621/0032
1,PR/1214/0003-A,,TA01,1,,0,,1,1_PR/1214/0003-A
1,25/803016,,TA25,1,,0,,1,1_25/803016
1,25/803020,,TA25,1,,0,,1,1_25/803020
1,UT.006-01,,YMA-UT,1,,0,,1,1_UT.006-01
1,PR/0837/0009,,TA01,1,,0,,1,1_PR/0837/0009
1,03/00371,,CA03,3,,0,,1,1_03/00371
1,PR/1682/0003-A,,TA01,1,,0,,1,1_PR/1682/0003-A
1,PR/0617/0115,,TI02,2,,0,,1,1_PR/0617/0115
1,01/10020,,TA01,1,,0,,1,1_01/10020
1,PR/ITEC/0002,,TI02,2,,0,,1,1_PR/ITEC/0002
1,10/111690,,TI10,2,,0,,1,1_10/111690
1,12/CH05011010,,CV12,6,,0,,1,1_12/CH05011010
1,55/40054MPA,,TI55,2,,0,,1,1_55/40054MPA
1,PR/0634/0016,,TA01,1,,0,,1,1_PR/0634/0016
1,11/11021,,TA11,1,,0,,1,1_11/11021
1,PR/0677/0030,,TI02,2,,0,,1,1_PR/0677/0030
1,04/1609100075I,,PL04,4,,0,,1,1_04/1609100075I
1,04/1609150050I,,PL04,4,,0,,1,1_04/1609150050I
1,04/1609200050I,,PL04,4,,0,,1,1_04/1609200050I
1,04/1609150025I,,PL04,4,,0,,1,1_04/1609150025I
1,02/1061101,,TI02,2,,0,,1,1_02/1061101
1,CM.114-M,,YMA-CM,1,,0,,1,1_CM.114-M
1,03/00407,,CA03,3,,0,,1,1_03/00407
1,02/10293M,,TI02,2,,0,,1,1_02/10293M
1,12/301005R,,CV12,6,,0,,1,1_12/301005R
1,12/PG05151A,,CV12,6,,0,,1,1_12/PG05151A
1,12/PL00009,,CV12,6,,0,,1,1_12/PL00009
1,02/09333A99,,TI02,2,,0,,1,1_02/09333A99
1,01/08728A,,TA01,1,,0,,1,1_01/08728A
1,01/08536,,TA01,1,,0,,1,1_01/08536
1,01/08535,,TA01,1,,0,,1,1_01/08535
1,01/08534,,TA01,1,,0,,1,1_01/08534
1,12/5230095,,CV12,6,,0,,1,1_12/5230095
1,PR/1682/0007,,TI02,3,,0,,1,1_PR/1682/0007
1,PR/1489/0009,,TA01,1,,0,,1,1_PR/1489/0009
1,12/CF0002305,,CV12,6,,0,,1,1_12/CF0002305
1,PR/0617/0118,,TI02,2,,0,,1,1_PR/0617/0118
1,PR/0617/0118-A,,TI02,2,,0,,1,1_PR/0617/0118-A
1,12/CF0002315,,CV12,6,,0,,1,1_12/CF0002315
1,12/CF0002304,,CV12,6,,0,,1,1_12/CF0002304
1,PR/0617/0098-F,,TI02,2,,0,,1,1_PR/0617/0098-F
1,PR/0617/0098-E,,TI02,2,,0,,1,1_PR/0617/0098-E
1,02/10294,,TI02,2,,0,,1,1_02/10294
1,03/2531080,,CA03,3,,0,,1,1_03/2531080
1,PR/1489/0009-A,,TA01,1,,0,,1,1_PR/1489/0009-A
1,02/10299,,TI02,2,,0,,1,1_02/10299
1,03/00421,,CA03,3,,0,,1,1_03/00421
1,02/10066,,TI02,2,,0,,1,1_02/10066
1,12/PP00145,,CV12,6,,0,,1,1_12/PP00145
1,01/09984,,TA01,1,,0,,1,1_01/09984
1,PR/0690/0010R,,TI02,2,,0,,1,1_PR/0690/0010R
1,PR/0493/0009,,TA01,1,,0,,1,1_PR/0493/0009
1,PR/1419/0007,,TA01,1,,0,,1,1_PR/1419/0007
1,04/1609360050,,PL04,4,,0,,1,1_04/1609360050
1,02/10655,,TI02,2,,0,,1,1_02/10655
1,02/10403,,TI02,2,,0,,1,1_02/10403
1,02/10300,,TI02,2,,0,,1,1_02/10300
1,MA.014-R,,YMA-MA,1,,0,,1,1_MA.014-R
1,PR/1644/0003,,TI02,2,,0,,1,1_PR/1644/0003
1,PR/1644/0004,,TI02,2,,0,,1,1_PR/1644/0004
1,PR/0545/0004,,TI02,2,,0,,1,1_PR/0545/0004
1,02/08407,,TI02,2,,0,,1,1_02/08407
1,PR/0617/0122,,TI02,2,,0,,1,1_PR/0617/0122
1,PR/0617/0121,,TI02,2,,0,,1,1_PR/0617/0121
1,PR/0617/0120,,TI02,2,,0,,1,1_PR/0617/0120
1,PR/1439/0016,,TA01,1,,0,,1,1_PR/1439/0016
1,PR/0617/0119,,TI02,2,,0,,1,1_PR/0617/0119
1,PR/0617/0119-A,,TI02,2,,0,,1,1_PR/0617/0119-A
1,02/10300M,,TI02,2,,0,,1,1_02/10300M
1,PR/1708/0013,,TA01,1,,0,,1,1_PR/1708/0013
1,04/112200001,,PL04,4,,0,,1,1_04/112200001
1,02/09870IM1,,TI02,2,,0,,1,1_02/09870IM1
1,12/XG320026,,CV12,6,,0,,1,1_12/XG320026
1,55/03005MPA,,TI55,1,,0,,1,1_55/03005MPA
1,02/10374M1,,TI02,2,,0,,1,1_02/10374M1
1,PR/1489/0010,,TA01,1,,0,,1,1_PR/1489/0010
1,02/10205,,TI02,2,,0,,1,1_02/10205
1,01/09980,,TA01,1,,0,,1,1_01/09980
1,02/09646,,TI02,2,,0,,1,1_02/09646
1,02/09646R,,TI02,2,,0,,1,1_02/09646R
1,02/10301,,TI02,2,,0,,1,1_02/10301
1,02/10205M,,TI02,2,,0,,1,1_02/10205M
1,01/10030,,TA01,1,,0,,1,1_01/10030
1,PR/0634/0023,,TI02,2,,0,,1,1_PR/0634/0023
1,12/069000006,,CV12,6,,0,,1,1_12/069000006
1,03/2531078,,CA03,3,,0,,1,1_03/2531078
1,04/1609075025I,,PL04,4,,0,,1,1_04/1609075025I
1,04/1609050050I,,PL04,4,,0,,1,1_04/1609050050I
1,04/1609125050I,,PL04,4,,0,,1,1_04/1609125050I
1,04/1609125075I,,PL04,4,,0,,1,1_04/1609125075I
1,04/1609225050I,,PL04,4,,0,,1,1_04/1609225050I
1,04/024000042,,PL04,4,,0,,1,1_04/024000042
1,02/09636M1,,TI02,2,,0,,1,1_02/09636M1
1,12/80811A,,CV12,6,,0,,1,1_12/80811A
1,12/80500,,CV12,6,,0,,1,1_12/80500
1,03/1531070R,,CA03,3,,0,,1,1_03/1531070R
1,12/PG05001,,CV12,6,,0,,1,1_12/PG05001
1,02/09764,,TI02,2,,0,,1,1_02/09764
1,01/10003,,TA01,1,,0,,1,1_01/10003
1,03/6331078,,CA03,3,,0,,1,1_03/6331078
1,03/00365,,CA03,3,,0,,1,1_03/00365
1,04/177100001,,PL04,4,,0,,1,1_04/177100001
1,01/09982,,TA01,1,,0,,1,1_01/09982
1,01/10349,,TA01,1,,0,,1,1_01/10349
1,11/00608A,,TA01,1,,0,,1,1_11/00608A
1,02/08692,,TI02,2,,0,,1,1_02/08692
1,13/10117,,CA13,3,,0,,1,1_13/10117
1,12/553015,,CV12,6,,0,,1,1_12/553015
1,12/077800001,,CV12,6,,0,,1,1_12/077800001
1,02/10315,,TI02,2,,0,,1,1_02/10315
1,02/10303,,TI02,2,,0,,1,1_02/10303
1,PR/1217/0005,,TI02,2,,0,,1,1_PR/1217/0005
1,PR/0634/0017,,TA01,1,,0,,1,1_PR/0634/0017
1,03/6521080,,CA03,3,,0,,1,1_03/6521080
1,02/10306,,TI02,2,,0,,1,1_02/10306
1,26/601081,,TA26,1,,0,,1,1_26/601081
1,12/80919,,CV12,6,,0,,1,1_12/80919
1,02/10304M,,TI02,2,,0,,1,1_02/10304M
1,02/10304,,TI02,2,,0,,1,1_02/10304
1,02/10305,,TI02,2,,0,,1,1_02/10305
1,02/10305M,,TI02,2,,0,,1,1_02/10305M
1,PR/1729/0001,,TA01,1,,0,,1,1_PR/1729/0001
1,01/073200030,,TA01,1,,0,,1,1_01/073200030
1,12/80919A,,CV12,6,,0,,1,1_12/80919A
1,PR/1634/0002,,TI02,2,,0,,1,1_PR/1634/0002
1,PR/1634/0003,,TI02,2,,0,,1,1_PR/1634/0003
1,01/09983,,TA01,1,,0,,1,1_01/09983
1,01/09985,,TA01,1,,0,,1,1_01/09985
1,01/09986,,TA01,1,,0,,1,1_01/09986
1,01/09987,,TA01,1,,0,,1,1_01/09987
1,01/09988,,TA01,1,,0,,1,1_01/09988
1,02/10205M1,,TI02,2,,0,,1,1_02/10205M1
1,01/09990,,TA01,1,,0,,1,1_01/09990
1,04/142100006,,PL04,4,,0,,1,1_04/142100006
1,01/09989,,TA01,1,,0,,1,1_01/09989
1,02/1020501,,TI02,2,,0,,1,1_02/1020501
1,02/1020502,,TI02,2,,0,,1,1_02/1020502
1,02/10798,,TI02,2,,0,,1,1_02/10798
1,12/CH04020905,,CV12,6,,0,,1,1_12/CH04020905
1,02/1040701M,,TI02,2,,0,,1,1_02/1040701M
1,PR/0104/0053,,TA01,1,,0,,1,1_PR/0104/0053
1,PR/0267/0059,,TI02,2,,0,,1,1_PR/0267/0059
1,12/80920,,CV12,6,,0,,1,1_12/80920
1,04/172600002,,PL04,4,,0,,1,1_04/172600002
1,02/08569,,TI02,2,,0,,1,1_02/08569
1,10/00908,,TI02,2,,0,,1,1_10/00908
1,PR/0271/0001,,TA01,1,,0,,1,1_PR/0271/0001
1,02/10307,,TI02,2,,0,,1,1_02/10307
1,12/177300001,,CV12,6,,0,,1,1_12/177300001
1,02/10560,,TI02,2,,0,,1,1_02/10560
1,02/08406,,TI02,2,,0,,1,1_02/08406
1,12/177300002,,CV12,6,,0,,1,1_12/177300002
1,PR/1669/0012,,TI02,2,,0,,1,1_PR/1669/0012
1,PR/0617/0124,,TI02,2,,0,,1,1_PR/0617/0124
1,01/008500001,,TA01,1,,0,,1,1_01/008500001
1,03/00225A,,CA03,3,,0,,1,1_03/00225A
1,02/1040702M1,,TI02,2,,0,,1,1_02/1040702M1
1,13/10108,,CA13,3,,0,,1,1_13/10108
1,02/08832,,TI02,2,,0,,1,1_02/08832
1,02/07880A,,TI02,2,,0,,1,1_02/07880A
1,PR/0104/0047,,TI02,2,,0,,1,1_PR/0104/0047
1,01/10031,,TA01,1,,0,,1,1_01/10031
1,04/024000165,,PL04,4,,0,,1,1_04/024000165
1,12/5230095R,,CV12,6,,0,,1,1_12/5230095R
1,01/09992,,TA01,1,,0,,1,1_01/09992
1,12/PG05141,,CV12,6,,0,,1,1_12/PG05141
1,12/PG05142,,CV12,6,,0,,1,1_12/PG05142
1,PR/1725/0002,,TI02,2,,0,,1,1_PR/1725/0002
1,12/PG05107,,CV12,6,,0,,1,1_12/PG05107
1,02/1040702M2,,TI02,2,,0,,1,1_02/1040702M2
1,PR/1173/0001,,TA01,1,,0,,1,1_PR/1173/0001
1,13/10111,,CA13,3,,0,,1,1_13/10111
1,12/80879,,CV12,6,,0,,1,1_12/80879
1,01/09991,,TA01,1,,0,,1,1_01/09991
1,PR/1772/0001,,TA01,1,,0,,1,1_PR/1772/0001
1,PR/0787/0005-A,,TI02,2,,0,,1,1_PR/0787/0005-A
1,01/10006,,TA01,1,,0,,1,1_01/10006
1,PR/0301/0036-A,,TI02,2,,0,,1,1_PR/0301/0036-A
1,PR/0301/0036,,TI02,2,,0,,1,1_PR/0301/0036
1,02/10218AR,,TI02,2,,0,,1,1_02/10218AR
1,PR/0301/0036-B,,TI02,2,,0,,1,1_PR/0301/0036-B
1,PR/0301/0036-C,,TI02,2,,0,,1,1_PR/0301/0036-C
1,01/10017,,TA01,1,,0,,1,1_01/10017
1,PR/1474/0013,,TI02,2,,0,,1,1_PR/1474/0013
1,PR/0301/0036-D,,TA01,1,,0,,1,1_PR/0301/0036-D
1,PR/0301/0036-F,,TA01,1,,0,,1,1_PR/0301/0036-F
1,04/176500002,,PL04,4,,0,,1,1_04/176500002
1,02/10150,,TI02,2,,0,,1,1_02/10150
1,02/10191M,,TI02,2,,0,,1,1_02/10191M
1,12/PG04990,,CV12,6,,0,,1,1_12/PG04990
1,PR/0787/0005-B,,TI02,2,,0,,1,1_PR/0787/0005-B
1,PR/0048/0039,,TA01,1,,0,,1,1_PR/0048/0039
1,PR/0787/0010,,TA01,1,,0,,1,1_PR/0787/0010
1,02/09870I,,TI02,2,,0,,1,1_02/09870I
1,12/00160,,CV12,6,,0,,1,1_12/00160
1,PR/1007/0057,,TA01,1,,0,,1,1_PR/1007/0057
1,12/332006,,CV12,6,,0,,1,1_12/332006
1,02/10134A01,,TI02,2,,0,,1,1_02/10134A01
1,04/024000013,,PL04,4,,0,,1,1_04/024000013
1,PR/0787/0009,,TA01,1,,0,,1,1_PR/0787/0009
1,02/061700023,,TI02,2,,0,,1,1_02/061700023
1,02/061700024,,TI02,2,,0,,1,1_02/061700024
1,04/1609100025J,,PL04,4,,0,,1,1_04/1609100025J
1,04/1609100025K,,PL04,4,,0,,1,1_04/1609100025K
1,PR/0617/0123,,TI02,2,,0,,1,1_PR/0617/0123
1,02/09870IM,,TI02,2,,0,,1,1_02/09870IM
1,02/10569,,TI02,2,,0,,1,1_02/10569
1,02/09870IM2,,TI02,2,,0,,1,1_02/09870IM2
1,PR/1478/0007,,PL04,4,,0,,1,1_PR/1478/0007
1,04/100000004,,PL04,4,,0,,1,1_04/100000004
1,PR/1206/0006,,TI02,2,,0,,1,1_PR/1206/0006
1,PR/1007/0058,,TI02,2,,0,,1,1_PR/1007/0058
1,01/09334,,TA01,1,,0,,1,1_01/09334
1,12/PP00039,,CV12,6,,0,,1,1_12/PP00039
1,12/PP00025,,CV12,6,,0,,1,1_12/PP00025
1,12/PG04981,,CV12,6,,0,,1,1_12/PG04981
1,12/PG04989,,CV12,6,,0,,1,1_12/PG04989
1,12/PP00146,,CV12,6,,0,,1,1_12/PP00146
1,10/06408,,TA11,1,,0,,1,1_10/06408
1,10/06406,,TI10,2,,0,,1,1_10/06406
1,10/06407,,TA11,1,,0,,1,1_10/06407
1,10/06411,,TA11,1,,0,,1,1_10/06411
1,10/06300,,TI10,2,,0,,1,1_10/06300
1,10/06301,,TA11,1,,0,,1,1_10/06301
1,10/06305,,TA11,1,,0,,1,1_10/06305
1,10/06307,,TA11,1,,0,,1,1_10/06307
1,10/06308,,TA11,1,,0,,1,1_10/06308
1,10/06311,,TA11,1,,0,,1,1_10/06311
1,10/06355,,TA11,1,,0,,1,1_10/06355
1,10/06206,,TI10,1,,0,,1,1_10/06206
1,10/06207,,TA11,1,,0,,1,1_10/06207
1,03/2421065R,,CA03,3,,0,,1,1_03/2421065R
1,10/06252,,TA11,1,,0,,1,1_10/06252
1,10/06294,,TI10,1,,0,,1,1_10/06294
1,10/06295,,TA11,1,,0,,1,1_10/06295
1,04/00950,,PL04,4,,0,,1,1_04/00950
1,52/10008,,TA52,1,,0,,1,1_52/10008
1,02/10186A02,,TI02,2,,0,,1,1_02/10186A02
1,02/1021401,,TI02,2,,0,,1,1_02/1021401
1,02/1021402,,TI02,2,,0,,1,1_02/1021402
1,02/09608,,TI02,2,,0,,1,1_02/09608
1,12/SB0002101,,CV12,6,,0,,1,1_12/SB0002101
1,02/10311,,TI02,2,,0,,1,1_02/10311
1,02/10310R,,TI02,2,,0,,1,1_02/10310R
1,12/PG05625,,CV12,6,,0,,1,1_12/PG05625
1,80/00204,,PL80,4,,0,,1,1_80/00204
1,02/10186AM1,,TI02,2,,0,,1,1_02/10186AM1
1,02/10186AM2,,TI02,2,,0,,1,1_02/10186AM2
1,01/09993,,TA01,1,,0,,1,1_01/09993
1,02/09957A,,TI02,2,,0,,1,1_02/09957A
1,01/09996M,,TA01,1,,0,,1,1_01/09996M
1,PR/0194/0006,,TI02,2,,0,,1,1_PR/0194/0006
1,12/PG02015,,CV12,6,,0,,1,1_12/PG02015
1,02/10871M,,TI02,2,,0,,1,1_02/10871M
1,02/147400005,,TI02,2,,0,,1,1_02/147400005
1,02/10312,,TI02,2,,0,,1,1_02/10312
1,02/147400006,,TI02,2,,0,,1,1_02/147400006
1,02/10552,,TI02,2,,0,,1,1_02/10552
1,01/030100004,,TA01,1,,0,,1,1_01/030100004
1,03/00423,,CA03,3,,0,,1,1_03/00423
1,12/074900001,,CV12,6,,0,,1,1_12/074900001
1,PR/0617/0184,,TI02,2,,0,,1,1_PR/0617/0184
1,02/10603,,TI02,2,,0,,1,1_02/10603
1,02/09923,,TI02,2,,0,,1,1_02/09923
1,02/1040901,,TI02,2,,0,,1,1_02/1040901
1,02/0913301,,TI02,2,,0,,1,1_02/0913301
1,01/09879R,,TA01,1,,0,,1,1_01/09879R
1,02/0913302,,TI02,2,,0,,1,1_02/0913302
1,03/2531078R,,CA03,3,,0,,1,1_03/2531078R
1,03/0013001,,CA03,3,,0,,1,1_03/0013001
1,PR/0240/0018,,TI02,2,,0,,1,1_PR/0240/0018
1,PR/1669/0014-A,,TI02,2,,0,,1,1_PR/1669/0014-A
1,02/10038M3,,TI02,2,,0,,1,1_02/10038M3
1,02/10313,,TI,2,,0,,1,1_02/10313
1,02/10313M,,TI02,2,,0,,1,1_02/10313M
1,12/3320061,,CV12,6,,0,,1,1_12/3320061
1,02/10314,,TI02,2,,0,,1,1_02/10314
1,01/09880R,,TA01,1,,0,,1,1_01/09880R
1,01/09897,,TA01,1,,0,,1,1_01/09897
1,02/10311M1,,TI02,2,,0,,1,1_02/10311M1
1,02/10311M2,,TI02,2,,0,,1,1_02/10311M2
1,02/09963M1,,TI02,2,,0,,1,1_02/09963M1
1,02/10311M,,TI02,2,,0,,1,1_02/10311M
1,04/177400001,,PL04,4,,0,,1,1_04/177400001
1,04/177400006,,PL04,4,,0,,1,1_04/177400006
1,04/177400011,,PL04,4,,0,,1,1_04/177400011
1,55/04002MPA,,TI55,2,,0,,1,1_55/04002MPA
1,PR/0048/0041,,TA01,1,,0,,1,1_PR/0048/0041
1,12/CH01012020,,CV12,6,,0,,1,1_12/CH01012020
1,PR/1708/0014,,CA03,3,,0,,1,1_PR/1708/0014
1,12/PG00002,,CV12,6,,0,,1,1_12/PG00002
1,PR/0048/0041-A,,TA01,1,,0,,1,1_PR/0048/0041-A
1,01/10002,,TA01,1,,0,,1,1_01/10002
1,01/10001M,,TA01,1,,0,,1,1_01/10001M
1,PR/0617/0156,,TI02,2,,0,,1,1_PR/0617/0156
1,02/10035AR,,TI02,2,,0,,1,1_02/10035AR
1,01/10005,,TA01,1,,0,,1,1_01/10005
1,PR/1555/0001,,TI02,2,,0,,1,1_PR/1555/0001
1,04/143800002,,PL04,4,,0,,1,1_04/143800002
1,04/143800013,,PL04,4,,0,,1,1_04/143800013
1,01/10109A,,TA01,1,,0,,1,1_01/10109A
1,PR/0069/0001,,TA01,1,,0,,1,1_PR/0069/0001
1,01/0984102,,TA01,1,,0,,1,1_01/0984102
1,01/0982801,,TA01,1,,0,,1,1_01/0982801
1,01/0981901,,TA01,3,,0,,1,1_01/0981901
1,02/10409A,,TI02,2,,0,,1,1_02/10409A
1,02/10316,,TI02,2,,0,,1,1_02/10316
1,02/10318,,TI02,2,,0,,1,1_02/10318
1,01/10114A,,TA01,1,,0,,1,1_01/10114A
1,04/100000005,,PL04,4,,0,,1,1_04/100000005
1,PR/0690/0017,,TA01,1,,0,,1,1_PR/0690/0017
1,12/CF00001R,,CV12,6,,0,,1,1_12/CF00001R
1,01/10003M,,TA01,1,,0,,1,1_01/10003M
1,12/00161,,CV12,6,,0,,1,1_12/00161
1,01/1000501,,TA01,1,,0,,1,1_01/1000501
1,12/RQ00030,,CV12,6,,0,,1,1_12/RQ00030
1,01/09999,,TA01,1,,0,,1,1_01/09999
1,01/10004,,TA01,1,,0,,1,1_01/10004
1,02/078700002,,TI02,2,,0,,1,1_02/078700002
1,01/1000401,,TA01,1,,0,,1,1_01/1000401
1,02/09870J,,TI02,2,,0,,1,1_02/09870J
1,12/PV00051,,CV12,6,,0,,1,1_12/PV00051
1,PR/0048/0042,,TA01,1,,0,,1,1_PR/0048/0042
1,02/09670,,TI02,2,,0,,1,1_02/09670
1,12/00264,,CV12,6,,0,,1,1_12/00264
1,03/00367,,CA03,3,,0,,1,1_03/00367
1,03/00079,,CA03,3,,0,,1,1_03/00079
1,03/00095,,CA03,3,,0,,1,1_03/00095
1,03/00110,,CA03,3,,0,,1,1_03/00110
1,03/00112,,CA03,3,,0,,1,1_03/00112
1,03/00115,,CA03,3,,0,,1,1_03/00115
1,03/00120,,CA03,3,,0,,1,1_03/00120
1,03/00140,,CA03,3,,0,,1,1_03/00140
1,03/00148,,CA03,3,,0,,1,1_03/00148
1,03/00189,,CA03,3,,0,,1,1_03/00189
1,PR/1167/0003-A,,TA01,1,,0,,1,1_PR/1167/0003-A
1,03/00190,,CA03,3,,0,,1,1_03/00190
1,03/00191,,CA03,3,,0,,1,1_03/00191
1,02/10815,,TI02,2,,0,,1,1_02/10815
1,03/00207,,CA03,3,,0,,1,1_03/00207
1,03/00220,,CA03,3,,0,,1,1_03/00220
1,03/00220R,,CA03,3,,0,,1,1_03/00220R
1,03/00244,,CA03,3,,0,,1,1_03/00244
1,03/00273,,CA03,3,,0,,1,1_03/00273
1,03/00273A,,CA03,3,,0,,1,1_03/00273A
1,13/10001,,CA13,3,,0,,1,1_13/10001
1,03/00278,,CA03,3,,0,,1,1_03/00278
1,03/00280,,CA03,3,,0,,1,1_03/00280
1,03/00292,,CA03,3,,0,,1,1_03/00292
1,03/00293,,CA03,3,,0,,1,1_03/00293
1,PR/0048/0026,,CA03,3,,0,,1,1_PR/0048/0026
1,PR/1007/0007,,CA03,3,,0,,1,1_PR/1007/0007
1,PR/1657/0005,,TA01,1,,0,,1,1_PR/1657/0005
1,02/078700002M,,TI02,2,,0,,1,1_02/078700002M
1,PR/0718/0004,,CA03,3,,0,,1,1_PR/0718/0004
1,PR/1030/0002,,TA01,1,,0,,1,1_PR/1030/0002
1,02/10320M,,TI02,2,,0,,1,1_02/10320M
1,PR/1244/0001,,TI02,2,,0,,1,1_PR/1244/0001
1,PR/0617/0126,,TI02,2,,0,,1,1_PR/0617/0126
1,12/300507,,CV12,6,,0,,1,1_12/300507
1,02/09236,,TI02,2,,0,,1,1_02/09236
1,02/09674,,TI02,2,,0,,1,1_02/09674
1,01/09975C,,TA01,1,,0,,1,1_01/09975C
1,01/10000R,,TA01,1,,0,,1,1_01/10000R
1,PR/0301/0037-A,,TA01,1,,0,,1,1_PR/0301/0037-A
1,02/162100001,,TI02,2,,0,,1,1_02/162100001
1,PR/0301/0037,,TA01,1,,0,,1,1_PR/0301/0037
1,PR/1557/0023,,TI02,2,,0,,1,1_PR/1557/0023
1,PR/1621/0006-A,,TI02,2,,0,,1,1_PR/1621/0006-A
1,PR/1214/0003,,TA01,1,,0,,1,1_PR/1214/0003
1,PR/HONI/0001,,TI02,2,,0,,1,1_PR/HONI/0001
1,04/179300001,,PL04,4,,0,,1,1_04/179300001
1,02/170800002,,TI02,2,,0,,1,1_02/170800002
1,PR/0617/0127,,TI02,2,,0,,1,1_PR/0617/0127
1,10/1905015,,TI10,2,,0,,1,1_10/1905015
1,55/10254MP,,TI55,2,,0,,1,1_55/10254MP
1,PR/0847/0008-A,,TI02,2,,0,,1,1_PR/0847/0008-A
1,PR/0847/0008,,TI02,2,,0,,1,1_PR/0847/0008
1,PR/0847/0007,,TI02,2,,0,,1,1_PR/0847/0007
1,10/1905016,,TI10,2,,0,,1,1_10/1905016
1,13/10104M,,CA13,3,,0,,1,1_13/10104M
1,10/11835,,TI10,2,,0,,1,1_10/11835
1,PR/0847/0007-B,,TI02,2,,0,,1,1_PR/0847/0007-B
1,PR/0847/0007-A,,TI02,2,,0,,1,1_PR/0847/0007-A
1,PR/0301/0038,,TA01,1,,0,,1,1_PR/0301/0038
1,PR/0847/0007-C,,TI02,2,,0,,1,1_PR/0847/0007-C
1,02/10186BM1,,TI02,2,,0,,1,1_02/10186BM1
1,02/10320A,,TI02,2,,0,,1,1_02/10320A
1,02/10405,,TI02,2,,0,,1,1_02/10405
1,02/170800002M,,TI02,2,,0,,1,1_02/170800002M
1,02/10406,,TI02,2,,0,,1,1_02/10406
1,12/80929,,CV12,6,,0,,1,1_12/80929
1,12/80930,,CV12,6,,0,,1,1_12/80930
1,PR/LUNA/0001,,TA01,1,,0,,1,1_PR/LUNA/0001
1,02/10521A01,,TI02,2,,0,,1,1_02/10521A01
1,02/10084,,TI02,2,,0,,1,1_02/10084
1,02/10323,,TI02,2,,0,,1,1_02/10323
1,01/10007,,TA01,1,,0,,1,1_01/10007
1,02/026700011,,TI02,2,,0,,1,1_02/026700011
1,10/170512,,TI10,2,,0,,1,1_10/170512
1,PR/1557/0024,,TI02,2,,0,,1,1_PR/1557/0024
1,02/026700010,,TI02,2,,0,,1,1_02/026700010
1,02/026700009,,TI02,2,,0,,1,1_02/026700009
1,02/0267/0011,,TI02,2,,0,,1,1_02/0267/0011
1,02/10322,,TI02,2,,0,,1,1_02/10322
1,PR/0301/0039,,TA01,1,,0,,1,1_PR/0301/0039
1,12/70222,,CV12,6,,0,,1,1_12/70222
1,01/10009,,TA01,1,,0,,1,1_01/10009
1,03/00365A,,CA03,3,,0,,1,1_03/00365A
1,03/0036701,,CA03,3,,0,,1,1_03/0036701
1,PR/0820/0008-A,,TA01,1,,0,,1,1_PR/0820/0008-A
1,PR/1557/0022,,TI02,2,,0,,1,1_PR/1557/0022
1,02/1040201M,,TI02,2,,0,,1,1_02/1040201M
1,PR/0617/0128,,TI02,2,,0,,1,1_PR/0617/0128
1,03/00419,,CA03,3,,0,,1,1_03/00419
1,03/00370,,CA03,3,,0,,1,1_03/00370
1,03/00160,,CA03,3,,0,,1,1_03/00160
1,02/09976A,,TI02,2,,0,,1,1_02/09976A
1,03/00160M,,CA03,3,,0,,1,1_03/00160M
1,03/00370M,,CA03,3,,0,,1,1_03/00370M
1,PR/1557/0025,,TI02,2,,0,,1,1_PR/1557/0025
1,12/PG00140,,CV12,6,,0,,1,1_12/PG00140
1,01/148200001,,TA01,1,,0,,1,1_01/148200001
1,PR/1630/0002,,TI02,2,,0,,1,1_PR/1630/0002
1,02/10325AM,,TI02,2,,0,,1,1_02/10325AM
1,01/10011,,TA01,1,,0,,1,1_01/10011
1,01/10010,,TA01,1,,0,,1,1_01/10010
1,02/10328,,TI02,2,,0,,1,1_02/10328
1,02/10326,,TI02,2,,0,,1,1_02/10326
1,02/10327,,TI02,2,,0,,1,1_02/10327
1,02/10329,,TI02,2,,0,,1,1_02/10329
1,01/10008R,,TA01,1,,0,,1,1_01/10008R
1,02/10330,,TI02,2,,0,,1,1_02/10330
1,02/10325M,,TI02,2,,0,,1,1_02/10325M
1,02/10325M1,,TI02,2,,0,,1,1_02/10325M1
1,70/71518,,TA70,1,,0,,1,1_70/71518
1,PR/0301/0038-A,,TA01,1,,0,,1,1_PR/0301/0038-A
1,02/10294M,,TI02,2,,0,,1,1_02/10294M
1,02/10294M1,,TI02,2,,0,,1,1_02/10294M1
1,04/024000202,,PL04,4,,0,,1,1_04/024000202
1,04/024000181,,PL04,4,,0,,1,1_04/024000181
1,03/0039201,,CA03,3,,0,,1,1_03/0039201
1,01/10012R,,TA01,1,,0,,1,1_01/10012R
1,02/09288A,,TI02,2,,0,,1,1_02/09288A
1,PR/1778/0001,,TI02,2,,0,,1,1_PR/1778/0001
1,PR/0634/0018,,TA01,1,,0,,1,1_PR/0634/0018
1,02/10383,,TI02,2,,0,,1,1_02/10383
1,PR/1226/0012,,TI02,2,,0,,1,1_PR/1226/0012
1,PR/DANI/0001,,TI02,2,,0,,1,1_PR/DANI/0001
1,02/1040201,,TI02,2,,0,,1,1_02/1040201
1,02/10798M,,TI02,2,,0,,1,1_02/10798M
1,02/1040301,,TI02,2,,0,,1,1_02/1040301
1,02/1040401,,TI02,2,,0,,1,1_02/1040401
1,PR/0677/0031,,TI02,2,,0,,1,1_PR/0677/0031
1,04/024000016,,PL04,4,,0,,1,1_04/024000016
1,10/11050,,TI10,2,,0,,1,1_10/11050
1,02/10441M1,,TI02,2,,0,,1,1_02/10441M1
1,01/10213,,TA01,1,,0,,1,1_01/10213
1,PR/0617/0170,,TI02,2,,0,,1,1_PR/0617/0170
1,04/024000017,,PL04,4,,0,,1,1_04/024000017
1,10/10943,,TI10,2,,0,,1,1_10/10943
1,02/10218BR,,TI02,2,,0,,1,1_02/10218BR
1,CM.108-R,,YMA-CM,1,,0,,1,1_CM.108-R
1,02/10186B02,,TI02,2,,0,,1,1_02/10186B02
1,PR/1682/0009,,TI02,2,,0,,1,1_PR/1682/0009
1,PR/1682/0009-A,,TI02,2,,0,,1,1_PR/1682/0009-A
1,PR/0768/0009,,TI02,2,,0,,1,1_PR/0768/0009
1,01/10014,,TA01,1,,0,,1,1_01/10014
1,02/09224,,TI02,2,,0,,1,1_02/09224
1,PR/1439/0017,,CA03,3,,0,,1,1_PR/1439/0017
1,PR/1489/0011,,TI02,2,,0,,1,1_PR/1489/0011
1,01/1001501,,TA01,1,,0,,1,1_01/1001501
1,01/10016,,TA01,1,,0,,1,1_01/10016
1,12/51830C,,CV12,6,,0,,1,1_12/51830C
1,12/RT00010,,CV12,6,,0,,1,1_12/RT00010
1,PR/1521/0003,,TI02,2,,0,,1,1_PR/1521/0003
1,02/10148,,TI02,2,,0,,1,1_02/10148
1,02/10147,,TI02,2,,0,,1,1_02/10147
1,02/1037601,,TI02,2,,0,,1,1_02/1037601
1,02/07530,,TI02,2,,0,,1,1_02/07530
1,12/332511,,CV12,6,,0,,1,1_12/332511
1,PR/1521/0004,,TA01,1,,0,,1,1_PR/1521/0004
1,01/10076M1,,TA01,1,,0,,1,1_01/10076M1
1,02/1016201,,TI02,2,,0,,1,1_02/1016201
1,PR/1474/0014,,TA01,1,,0,,1,1_PR/1474/0014
1,10/10620,,TI10,2,,0,,1,1_10/10620
1,52/80006,,TA52,1,,0,,1,1_52/80006
1,PR/1474/0015,,TA01,1,,0,,1,1_PR/1474/0015
1,01/10018,,TA01,1,,0,,1,1_01/10018
1,PR/1474/0016,,TA01,1,,0,,1,1_PR/1474/0016
1,01/10019,,TA01,1,,0,,1,1_01/10019
1,02/09008,,TI02,2,,0,,1,1_02/09008
1,12/50116,,CV12,6,,0,,1,1_12/50116
1,01/10018M,,TA01,1,,0,,1,1_01/10018M
1,01/10019M,,TA01,1,,0,,1,1_01/10019M
1,58/33012,,TA58,1,,0,,1,1_58/33012
1,58/32004,,TA58,1,,0,,1,1_58/32004
1,03/00412,,CA03,3,,0,,1,1_03/00412
1,02/10493,,TI02,2,,0,,1,1_02/10493
1,02/10134C01,,TI02,2,,0,,1,1_02/10134C01
1,02/10399,,TI02,2,,0,,1,1_02/10399
1,02/10338,,TI02,2,,0,,1,1_02/10338
1,PR/1690/0021,,TA01,1,,0,,1,1_PR/1690/0021
1,03/00439,,CA03,3,,0,,1,1_03/00439
1,02/10184AM,,TI02,2,,0,,1,1_02/10184AM
1,04/176600003,,PL04,4,,0,,1,1_04/176600003
1,02/1081703,,TI02,2,,0,,1,1_02/1081703
1,MA.051-R,,YMA-MA,1,,0,,1,1_MA.051-R
1,PR/0104/0049,,CA03,3,,0,,1,1_PR/0104/0049
1,PR/1690/0022-A,,TA01,1,,0,,1,1_PR/1690/0022-A
1,02/10011M1,,TI02,2,,0,,1,1_02/10011M1
1,04/176600002,,PL04,4,,0,,1,1_04/176600002
1,PR/1244/0011-A,,TI02,2,,0,,1,1_PR/1244/0011-A
1,PR/1244/0002,,TI02,2,,0,,1,1_PR/1244/0002
1,02/10339,,TI02,2,,0,,1,1_02/10339
1,02/10339M,,TI02,2,,0,,1,1_02/10339M
1,12/80863,,CV12,6,,0,,1,1_12/80863
1,55/40501MPA,,TI55,2,,0,,1,1_55/40501MPA
1,03/00372,,CA03,3,,0,,1,1_03/00372
1,03/2521080,,CA03,3,,0,,1,1_03/2521080
1,04/024000015,,PL04,4,,0,,1,1_04/024000015
1,03/1621145,,CA03,3,,0,,1,1_03/1621145
1,PR/1754/0002,,TA01,1,,0,,1,1_PR/1754/0002
1,PR/1754/0001,,TA01,1,,0,,1,1_PR/1754/0001
1,PR/1754/0004,,TA01,1,,0,,1,1_PR/1754/0004
1,PR/1460/0001,,TA01,1,,0,,1,1_PR/1460/0001
1,03/00373,,CA03,3,,0,,1,1_03/00373
1,03/00236,,CA03,3,,0,,1,1_03/00236
1,12/80718,,CV12,6,,0,,1,1_12/80718
1,01/09158A,,TA01,1,,0,,1,1_01/09158A
1,03/1621147,,CA03,3,,0,,1,1_03/1621147
1,02/10191BR,,TI02,2,,0,,1,1_02/10191BR
1,02/10342,,TI02,2,,0,,1,1_02/10342
1,02/10343,,TI02,2,,0,,1,1_02/10343
1,02/10344,,TI02,2,,0,,1,1_02/10344
1,12/5420081,,CV12,6,,0,,1,1_12/5420081
1,01/09280A01,,TA01,1,,0,,1,1_01/09280A01
1,02/10345,,TI02,2,,0,,1,1_02/10345
1,02/10346,,TI02,2,,0,,1,1_02/10346
1,02/10347,,TI02,2,,0,,1,1_02/10347
1,02/10348,,TI02,2,,0,,1,1_02/10348
1,02/10349,,TI02,2,,0,,1,1_02/10349
1,PR/0617/0129,,TI02,2,,0,,1,1_PR/0617/0129
1,02/10351,,TI02,2,,0,,1,1_02/10351
1,PR/0617/0137-B,,TI02,2,,0,,1,1_PR/0617/0137-B
1,PR/0847/0009,,TI02,2,,0,,1,1_PR/0847/0009
1,PR/0847/0010,,TI02,2,,0,,1,1_PR/0847/0010
1,12/PG05311,,CV12,6,,0,,1,1_12/PG05311
1,12/PG01013A02,,CV12,6,,0,,1,1_12/PG01013A02
1,12/PG00006A,,CV12,6,,0,,1,1_12/PG00006A
1,12/PG00006,,CV12,6,,0,,1,1_12/PG00006
1,12/PG0000601,,CV12,6,,0,,1,1_12/PG0000601
1,12/TP11473C,,CV12,6,,0,,1,1_12/TP11473C
1,01/10149,,TA01,1,,0,,1,1_01/10149
1,02/10412,,TI02,2,,0,,1,1_02/10412
1,03/6431080,,CA03,3,,0,,1,1_03/6431080
1,PR/1669/0016,,TI02,2,,0,,1,1_PR/1669/0016
1,01/10343,,TA01,1,,0,,1,1_01/10343
1,12/80923,,CV12,6,,0,,1,1_12/80923
1,02/10350,,TI02,2,,0,,1,1_02/10350
1,12/PG05306,,CV12,6,,0,,1,1_12/PG05306
1,01/09280A,,TA01,1,,0,,1,1_01/09280A
1,01/09249A,,TA01,1,,0,,1,1_01/09249A
1,PR/1460/0005,,TA01,1,,0,,1,1_PR/1460/0005
1,12/3320071,,CV12,6,,0,,1,1_12/3320071
1,02/09976M6,,TI02,2,,0,,1,1_02/09976M6
1,PR/0617/0130,,TI02,2,,0,,1,1_PR/0617/0130
1,PR/1669/0017,,TI02,2,,0,,1,1_PR/1669/0017
1,PR/0617/0131,,TI02,2,,0,,1,1_PR/0617/0131
1,PR/0617/0132,,TI02,2,,0,,1,1_PR/0617/0132
1,01/09993R,,TA01,1,,0,,1,1_01/09993R
1,01/09994R,,TA01,1,,0,,1,1_01/09994R
1,PR/0617/0133,,TI02,2,,0,2016-09-22,1,1_PR/0617/0133
1,01/10021,,TA01,1,,0,,1,1_01/10021
1,02/10352,,TI02,2,,0,,1,1_02/10352
1,12/80924,,CV12,6,,0,,1,1_12/80924
1,02/10341,,TI02,2,,0,,1,1_02/10341
1,02/10353,,TI02,2,,0,,1,1_02/10353
1,02/10354,,TI02,2,,0,,1,1_02/10354
1,04/124400001,,PL04,4,,0,,1,1_04/124400001
1,02/10659,,TI02,2,,0,,1,1_02/10659
1,01/010024,,TA01,1,,0,,1,1_01/010024
1,01/10023,,TA01,1,,0,,1,1_01/10023
1,01/10008,,TA01,1,,0,,1,1_01/10008
1,02/10352R,,TI02,2,,0,,1,1_02/10352R
1,12/80925,,CV12,6,,0,,1,1_12/80925
1,12/80926,,CV12,6,,0,,1,1_12/80926
1,02/10340,,TI02,2,,0,,1,1_02/10340
1,02/10355,,TI02,2,,0,,1,1_02/10355
1,PR/1682/0010,,TI02,2,,0,,1,1_PR/1682/0010
1,10/01007,,TI10,2,,0,,1,1_10/01007
1,01/10027,,TA01,1,,0,,1,1_01/10027
1,PR/1244/0003,,TI02,2,,0,,1,1_PR/1244/0003
1,02/10356M,,TI02,2,,0,,1,1_02/10356M
1,02/10356M1,,TI02,2,,0,,1,1_02/10356M1
1,02/10356M2,,TI02,2,,0,,1,1_02/10356M2
1,PR/1705/0004,,CA03,3,,0,,1,1_PR/1705/0004
1,02/10336A,,TI02,2,,0,,1,1_02/10336A
1,11/41301,,TA11,1,,0,,1,1_11/41301
1,PR/TIMO/0001,,TI02,2,,0,,1,1_PR/TIMO/0001
1,11/10013A,,TA11,1,,0,,1,1_11/10013A
1,PR/0617/0134,,TI02,2,,0,,1,1_PR/0617/0134
1,02/201300002,,TI02,2,,0,,1,1_02/201300002
1,12/PP00154,,CV12,6,,0,,1,1_12/PP00154
1,02/10357,,TI02,2,,0,,1,1_02/10357
1,02/09250,,TI02,2,,0,,1,1_02/09250
1,02/02076,,TI02,2,,0,,1,1_02/02076
1,02/03838,,TI02,2,,0,,1,1_02/03838
1,02/05714,,TI02,2,,0,,1,1_02/05714
1,02/06970,,TI02,2,,0,,1,1_02/06970
1,02/06974,,TI02,2,,0,,1,1_02/06974
1,02/06974R,,TI02,2,,0,,1,1_02/06974R
1,02/07618,,TI02,2,,0,,1,1_02/07618
1,01/10311,,TA01,1,,0,,1,1_01/10311
1,02/07696,,TI02,2,,0,,1,1_02/07696
1,02/07711,,TI02,2,,0,,1,1_02/07711
1,02/07712,,TI02,2,,0,,1,1_02/07712
1,02/07713,,TI02,2,,0,,1,1_02/07713
1,02/07838,,TI02,2,,0,,1,1_02/07838
1,02/07933,,TI02,2,,0,,1,1_02/07933
1,02/08025,,TI02,2,,0,,1,1_02/08025
1,02/08025R,,TI02,2,,0,,1,1_02/08025R
1,02/08043,,TI02,2,,0,,1,1_02/08043
1,02/08085,,TI02,2,,0,,1,1_02/08085
1,02/08102,,TI02,2,,0,,1,1_02/08102
1,02/08114,,TI02,2,,0,,1,1_02/08114
1,02/08116,,TI02,2,,0,,1,1_02/08116
1,02/08129,,TI02,2,,0,,1,1_02/08129
1,02/08295,,TI02,2,,0,,1,1_02/08295
1,02/08296,,TI02,2,,0,,1,1_02/08296
1,02/08342,,TI02,2,,0,,1,1_02/08342
1,02/08344,,TI02,2,,0,,1,1_02/08344
1,02/08393,,TI02,2,,0,,1,1_02/08393
1,02/08394,,TI02,2,,0,,1,1_02/08394
1,02/08418,,TI02,2,,0,,1,1_02/08418
1,02/08419,,TI02,2,,0,,1,1_02/08419
1,02/08419A,,TI02,2,,0,,1,1_02/08419A
1,02/08449,,TI02,2,,0,,1,1_02/08449
1,02/08462,,TI02,2,,0,,1,1_02/08462
1,02/08463,,TI02,2,,0,,1,1_02/08463
1,02/08502,,TI02,2,,0,,1,1_02/08502
1,02/08584,,TI02,2,,0,,1,1_02/08584
1,02/08588,,TI02,2,,0,,1,1_02/08588
1,02/08589,,TI02,2,,0,,1,1_02/08589
1,02/08590,,TI02,2,,0,,1,1_02/08590
1,02/08593,,TI02,2,,0,,1,1_02/08593
1,02/08804,,TI02,2,,0,,1,1_02/08804
1,02/08958,,TI02,2,,0,,1,1_02/08958
1,02/08983,,TI02,2,,0,,1,1_02/08983
1,02/09006,,TI02,2,,0,,1,1_02/09006
1,02/09010,,TI02,2,,0,,1,1_02/09010
1,PR/1669/0015-B,,TA01,1,,0,,1,1_PR/1669/0015-B
1,PR/1669/0015-A,,TI02,2,,0,,1,1_PR/1669/0015-A
1,PR/1669/0014,,TI02,2,,0,,1,1_PR/1669/0014
1,PR/1669/0014-B,,TA01,1,,0,,1,1_PR/1669/0014-B
1,PR/1669/0013-B,,TA01,1,,0,,1,1_PR/1669/0013-B
1,PR/1669/0018,,TA01,1,,0,,1,1_PR/1669/0018
1,PR/1669/0019,,TA01,1,,0,,1,1_PR/1669/0019
1,02/10224,,TI02,2,,0,,1,1_02/10224
1,91/02202,,XTA91,8,,0,,1,1_91/02202
1,PR/1682/0022,,TI02,2,,0,,1,1_PR/1682/0022
1,02/09701,,TI02,2,,0,,1,1_02/09701
1,02/10021A,,TI02,2,,0,,1,1_02/10021A
1,02/10018A02,,TI02,2,,0,,1,1_02/10018A02
1,PR/SALE/0002,,TI02,2,,0,,1,1_PR/SALE/0002
1,91/02201,,XTA91,8,,0,,1,1_91/02201
1,91/02203,,XTA91,8,,0,,1,1_91/02203
1,91/02205,,XTA91,8,,0,,1,1_91/02205
1,02/1036304,,TI02,2,,0,,1,1_02/1036304
1,01/10037,,TA01,1,,0,,1,1_01/10037
1,PR/1047/0027,,TA01,1,,0,,1,1_PR/1047/0027
1,92/00204,,X,0,,0,,1,1_92/00204
1,12/80927,,CV12,6,,0,,1,1_12/80927
1,02/09857A,,TI02,2,,0,,1,1_02/09857A
1,01/10028,,TA01,1,,0,,1,1_01/10028
1,02/1036301M,,TI02,2,,0,,1,1_02/1036301M
1,PR/1295/0009,,TA01,1,,0,,1,1_PR/1295/0009
1,02/1036303M,,TI02,2,,0,,1,1_02/1036303M
1,02/1036304M,,TI02,2,,0,,1,1_02/1036304M
1,02/1036602M,,TI02,2,,0,,1,1_02/1036602M
1,02/10605,,TI02,2,,0,,1,1_02/10605
1,03/2623090,,CA03,3,,0,,1,1_03/2623090
1,12/553015R,,CV12,6,,0,,1,1_12/553015R
1,04/1609150075I,,PL04,4,,0,,1,1_04/1609150075I
1,01/10038,,TA01,1,,0,,1,1_01/10038
1,02/10367,,TI02,2,,0,,1,1_02/10367
1,02/10368,,TI02,2,,0,,1,1_02/10368
1,PR/0210/0003,,TA01,1,,0,,1,1_PR/0210/0003
1,12/5410051,,CV12,6,,0,,1,1_12/5410051
1,PR/0210/0004,,TA01,1,,0,,1,1_PR/0210/0004
1,01/0810402,,TA01,1,,0,,1,1_01/0810402
1,01/10008M,,TA01,1,,0,,1,1_01/10008M
1,13/10613A,,CA13,3,,0,,1,1_13/10613A
1,01/10036,,TA01,1,,0,,1,1_01/10036
1,01/1003601,,TA01,1,,0,,1,1_01/1003601
1,01/10036M,,TA01,1,,0,,1,1_01/10036M
1,01/08104M2,,TA01,1,,0,,1,1_01/08104M2
1,PR/1286/0010,,TA01,1,,0,,1,1_PR/1286/0010
1,PR/0013/0015,,TI02,2,,0,,1,1_PR/0013/0015
1,02/10369,,TI02,2,,0,,1,1_02/10369
1,PR/1007/0060,,TI02,2,,0,,1,1_PR/1007/0060
1,02/10369M,,TI02,2,,0,,1,1_02/10369M
1,02/10369M1,,TI02,2,,0,,1,1_02/10369M1
1,02/10369M2,,TI02,2,,0,,1,1_02/10369M2
1,02/10370,,TI02,2,,0,,1,1_02/10370
1,PR/1393/0001,,PL04,4,,0,,1,1_PR/1393/0001
1,01/10067M,,TA01,1,,0,,1,1_01/10067M
1,02/1036303,,TI02,2,,0,,1,1_02/1036303
1,01/098250101,,TA01,1,,0,,1,1_01/098250101
1,54/10040,,TA54,1,,0,,1,1_54/10040
1,02/10371,,TI02,2,,0,,1,1_02/10371
1,02/1036401,,TI02,2,,0,,1,1_02/1036401
1,02/1036401M,,TI02,2,,0,,1,1_02/1036401M
1,02/1036402,,TI02,2,,0,,1,1_02/1036402
1,02/1036402M,,TI02,2,,0,,1,1_02/1036402M
1,02/1036501,,TI02,2,,0,,1,1_02/1036501
1,02/10365,,TI02,2,,0,,1,1_02/10365
1,02/1036501M,,TI02,2,,0,,1,1_02/1036501M
1,02/1036502,,TI02,2,,0,,1,1_02/1036502
1,02/1036502M,,TI02,2,,0,,1,1_02/1036502M
1,02/1036601,,TI02,2,,0,,1,1_02/1036601
1,PR/1286/0025,,TA01,1,,0,,1,1_PR/1286/0025
1,02/1036601M,,TI02,2,,0,,1,1_02/1036601M
1,02/1036602,,TI02,2,,0,,1,1_02/1036602
1,02/10372R,,TI02,2,,0,,1,1_02/10372R
1,91/90100,,XTA91,8,,0,,1,1_91/90100
1,12/542008R,,CV12,6,,0,,1,1_12/542008R
1,12/542007R,,CV12,6,,0,,1,1_12/542007R
1,11/41302,,TA11,1,,0,,1,1_11/41302
1,PR/0617/0138-B,,TI02,2,,0,,1,1_PR/0617/0138-B
1,PR/0837/0004,,TI02,2,,0,,1,1_PR/0837/0004
1,02/026700012,,TI02,2,,0,,1,1_02/026700012
1,03/00379,,CA03,3,,0,,1,1_03/00379
1,PR/1567/0013,,TI02,1,,0,,1,1_PR/1567/0013
1,01/10255,,TA01,1,,0,,1,1_01/10255
1,10/2212040,,TI10,2,,0,,1,1_10/2212040
1,02/10641,,TI02,2,,0,,1,1_02/10641
1,12/RT00011,,CV12,6,,0,,1,1_12/RT00011
1,PR/0711/0005,,TA01,1,,0,,1,1_PR/0711/0005
1,01/10037M,,TA01,1,,0,,1,1_01/10037M
1,PR/1244/0007-A,,TI02,2,,0,,1,1_PR/1244/0007-A
1,02/10141R,,TI02,2,,0,,1,1_02/10141R
1,01/098250102,,TA01,1,,0,,1,1_01/098250102
1,03/0041901,,CA03,3,,0,,1,1_03/0041901
1,PR/1097/0006,,TA01,1,,0,,1,1_PR/1097/0006
1,PR/1244/0008,,TI02,2,,0,,1,1_PR/1244/0008
1,12/TI00018,,CV12,6,,0,,1,1_12/TI00018
1,12/TI00017,,CV12,6,,0,,1,1_12/TI00017
1,PR/1244/0006,,TI02,2,,0,,1,1_PR/1244/0006
1,PR/1244/0005,,TI02,2,,0,,1,1_PR/1244/0005
1,PR/1244/0007,,TI02,2,,0,,1,1_PR/1244/0007
1,CM.109,,YMA-CM,1,,0,,1,1_CM.109
1,MA.050-R,,YMA-MA,1,,0,,1,1_MA.050-R
1,CM.095-R,,YMA-CM,1,,0,,1,1_CM.095-R
1,01/098250203,,TA01,1,,0,,1,1_01/098250203
1,04/178200001,,PL04,4,,0,,1,1_04/178200001
1,01/10030M,,TA01,1,,0,,1,1_01/10030M
1,MA.009-R,,YMA-MA,1,,0,,1,1_MA.009-R
1,MA.009,,YMA-MA,1,,0,,1,1_MA.009
1,PR/1494/0002,,TA01,1,,0,,1,1_PR/1494/0002
1,PR/0940/0001,,TI02,2,,0,,1,1_PR/0940/0001
1,10/16408,,TI10,2,,0,,1,1_10/16408
1,01/09825AM,,TA01,1,,0,,1,1_01/09825AM
1,01/09825AM1,,TA01,1,,0,,1,1_01/09825AM1
1,03/00380,,CA03,3,,0,,1,1_03/00380
1,12/00005,,CV12,6,,0,,1,1_12/00005
1,11/11012B,,TA11,1,,0,,1,1_11/11012B
1,12/TI00020,,CV12,6,,0,,1,1_12/TI00020
1,10/1905040,,TI10,2,,0,,1,1_10/1905040
1,02/061700025,,TI02,2,,0,,1,1_02/061700025
1,02/10386,,TI02,2,,0,,1,1_02/10386
1,03/0037901,,CA03,3,,0,,1,1_03/0037901
1,PR/1097/0007,,TA01,1,,0,,1,1_PR/1097/0007
1,03/00381,,CA03,3,,0,,1,1_03/00381
1,02/10386M,,TI02,2,,0,,1,1_02/10386M
1,70/2602019,,TA70,1,,0,,1,1_70/2602019
1,70/280001,,TA70,1,,0,,1,1_70/280001
1,70/280002,,TA70,1,,0,,1,1_70/280002
1,70/280003,,TA70,1,,0,,1,1_70/280003
1,PR/1476/0001,,TA01,1,,0,,1,1_PR/1476/0001
1,PR/1505/0006,,TI02,2,,0,,1,1_PR/1505/0006
1,02/10366,,TI02,2,,0,,1,1_02/10366
1,PR/1747/0002,,TA01,1,,0,,1,1_PR/1747/0002
1,PR/1714/0001,,TI02,2,,0,,1,1_PR/1714/0001
1,PR/0048/0044,,TA01,1,,0,,1,1_PR/0048/0044
1,01/09971,,TA01,1,,0,,1,1_01/09971
1,25/00410,,TA25,1,,0,,1,1_25/00410
1,25/00104,,TA25,1,,0,,1,1_25/00104
1,PR/1478/0008,,PL04,4,,0,,1,1_PR/1478/0008
1,12/80928,,CV12,6,,0,,1,1_12/80928
1,PR/0617/0136,,TI02,2,,0,,1,1_PR/0617/0136
1,PR/0617/0137,,TI02,2,,0,,1,1_PR/0617/0137
1,PR/0617/0138,,TI02,2,,0,,1,1_PR/0617/0138
1,PR/0048/0045,,TI02,2,,0,,1,1_PR/0048/0045
1,PR/0617/0136-A,,TI02,2,,0,,1,1_PR/0617/0136-A
1,PR/0617/0137-A,,TI02,2,,0,,1,1_PR/0617/0137-A
1,PR/0617/0138-A,,TI02,2,,0,,1,1_PR/0617/0138-A
1,12/80598C,,CV12,6,,0,,1,1_12/80598C
1,25/00108,,TA25,1,,0,,1,1_25/00108
1,70/701042,,TA70,1,,0,,1,1_70/701042
1,70/7016048,,TA70,1,,0,,1,1_70/7016048
1,PR/0617/0136-B,,TI02,2,,0,,1,1_PR/0617/0136-B
1,PR/1439/0018,,CA03,3,,0,,1,1_PR/1439/0018
1,04/180200001,,PL04,4,,0,,1,1_04/180200001
1,01/10033,,TA01,1,,0,,1,1_01/10033
1,PR/0617/0139,,TI02,2,,0,,1,1_PR/0617/0139
1,PR/0617/0139R,,TI02,2,,0,,1,1_PR/0617/0139R
1,01/10032,,TA01,1,,0,,1,1_01/10032
1,03/00375,,CA03,3,,0,,1,1_03/00375
1,01/10039,,TA01,1,,0,,1,1_01/10039
1,01/050040450,,TA01,1,,0,,1,1_01/050040450
1,PR/0837/0003,,TI02,2,,0,,1,1_PR/0837/0003
1,02/10423AR,,TI02,2,,0,,1,1_02/10423AR
1,01/1013701,,TA01,1,,0,,1,1_01/1013701
1,PR/0104/0052,,TI02,2,,0,,1,1_PR/0104/0052
1,12/PP26006016,,CV12,6,,0,,1,1_12/PP26006016
1,PR/1206/0007,,TI02,2,,0,,1,1_PR/1206/0007
1,03/00378R,,CA03,3,,0,,1,1_03/00378R
1,02/10382,,TI02,2,,0,,1,1_02/10382
1,02/10384,,TI02,2,,0,,1,1_02/10384
1,02/10378,,TI02,2,,0,,1,1_02/10378
1,02/1037601M,,TI02,2,,0,,1,1_02/1037601M
1,02/1037602,,TI02,2,,0,,1,1_02/1037602
1,PR/1244/0009-A,,TI02,2,,0,,1,1_PR/1244/0009-A
1,12/PP26005012,,CV12,6,,0,,1,1_12/PP26005012
1,12/PP26004010,,CV12,6,,0,,1,1_12/PP26004010
1,02/10400,,TI02,2,,0,,1,1_02/10400
1,12/80028,,CV12,6,,0,,1,1_12/80028
1,12/80027,,CV12,6,,0,,1,1_12/80027
1,03/0038401,,CA03,3,,0,,1,1_03/0038401
1,12/PV00060,,CV12,6,,0,,1,1_12/PV00060
1,02/10385,,TI02,2,,0,,1,1_02/10385
1,MA.053,,YMA-MA,1,,0,,1,1_MA.053
1,MA.053-P,,YMA-MA,1,,0,,1,1_MA.053-P
1,03/1421065,,CA03,3,,0,,1,1_03/1421065
1,03/0038001,,CA03,3,,0,,1,1_03/0038001
1,01/10040,,TA01,1,,0,,1,1_01/10040
1,01/10041,,TA01,1,,0,,1,1_01/10041
1,12/PP00148,,CV12,6,,0,,1,1_12/PP00148
1,PR/1724/0001,,TA01,1,,0,,1,1_PR/1724/0001
1,04/177900001,,PL04,4,,0,,1,1_04/177900001
1,04/177900002,,PL04,4,,0,,1,1_04/177900002
1,PR/0978/0006,,TA01,1,,0,,1,1_PR/0978/0006
1,PR/1244/0006-A,,TI02,2,,0,,1,1_PR/1244/0006-A
1,PR/1244/0005-A,,TI02,2,,0,,1,1_PR/1244/0005-A
1,03/0038101,,CA03,3,,0,,1,1_03/0038101
1,13/10520,,CA13,3,,0,,1,1_13/10520
1,PR/1244/0004-A,,TI02,2,,0,,1,1_PR/1244/0004-A
1,PR/1244/0003-A,,TI02,2,,0,,1,1_PR/1244/0003-A
1,PR/1244/0008-A,,TI02,2,,0,,1,1_PR/1244/0008-A
1,PR/1244/0002-A,,TI02,2,,0,,1,1_PR/1244/0002-A
1,02/124400001,,TI02,2,,0,,1,1_02/124400001
1,13/10521,,CA13,3,,0,,1,1_13/10521
1,12/4210091,,CV12,6,,0,,1,1_12/4210091
1,02/10387,,TI02,2,,0,,1,1_02/10387
1,02/10388,,TI02,2,,0,,1,1_02/10388
1,12/CH040220,,CV12,6,,0,,1,1_12/CH040220
1,55/05502,,TI55,2,,0,,1,1_55/05502
1,02/10375,,TI02,2,,0,,1,1_02/10375
1,02/10376,,TI02,2,,0,,1,1_02/10376
1,02/10377,,TI02,2,,0,,1,1_02/10377
1,02/10389,,TI02,2,,0,,1,1_02/10389
1,PR/1690/0020-A,,TA01,1,,0,,1,1_PR/1690/0020-A
1,12/50010A,,CV12,6,,0,,1,1_12/50010A
1,02/09761A01,,TI02,2,,0,,1,1_02/09761A01
1,02/10793,,TI02,2,,0,,1,1_02/10793
1,PR/1286/0004-A,,TA01,1,,0,,1,1_PR/1286/0004-A
1,12/51830B,,CV12,6,,0,,1,1_12/51830B
1,12/50118,,CV12,6,,0,,1,1_12/50118
1,12/50117,,CV12,6,,0,,1,1_12/50117
1,PR/0712/0001,,TA01,1,,0,,1,1_PR/0712/0001
1,02/07530A,,TI02,2,,0,,1,1_02/07530A
1,12/33008A,,CV12,6,,0,,1,1_12/33008A
1,02/10394,,TI02,2,,0,,1,1_02/10394
1,02/10395,,TI02,2,,0,,1,1_02/10395
1,02/10396,,TI02,2,,0,,1,1_02/10396
1,02/10397,,TI02,2,,0,,1,1_02/10397
1,02/10398,,TI02,2,,0,,1,1_02/10398
1,01/10043,,TA01,1,,0,,1,1_01/10043
1,01/1004301,,TA01,1,,0,,1,1_01/1004301
1,01/0988201,,TA01,1,,0,,1,1_01/0988201
1,01/10043M,,TA01,1,,0,,1,1_01/10043M
1,10/00354,,TI10,2,,0,,1,1_10/00354
1,12/80536,,CV12,6,,0,,1,1_12/80536
1,02/10390,,TI02,2,,0,,1,1_02/10390
1,02/10391,,TI02,2,,0,,1,1_02/10391
1,04/016000001,,PL04,4,,0,,1,1_04/016000001
1,PR/0617/0135-A,,TI02,2,,0,,1,1_PR/0617/0135-A
1,02/10378M,,TI02,2,,0,,1,1_02/10378M
1,02/10379,,TI02,2,,0,,1,1_02/10379
1,02/10379M,,TI02,2,,0,,1,1_02/10379M
1,03/00409,,CA03,3,,0,,1,1_03/00409
1,02/10400M,,TI02,2,,0,,1,1_02/10400M
1,02/09672,,TI02,2,,0,,1,1_02/09672
1,02/09773,,TI02,2,,0,,1,1_02/09773
1,02/09776,,TI02,2,,0,,1,1_02/09776
1,02/09778,,TI02,2,,0,,1,1_02/09778
1,02/09778A,,TI02,2,,0,,1,1_02/09778A
1,02/09903M,,TI02,2,,0,,1,1_02/09903M
1,02/10034,,TI02,2,,0,,1,1_02/10034
1,02/10049M,,TI02,2,,0,,1,1_02/10049M
1,02/10073,,TI02,2,,0,,1,1_02/10073
1,02/10073A,,TI02,2,,0,,1,1_02/10073A
1,02/10074,,TI02,2,,0,,1,1_02/10074
1,02/10074A,,TI02,2,,0,,1,1_02/10074A
1,02/10075,,TI02,2,,0,,1,1_02/10075
1,02/10076,,TI02,2,,0,,1,1_02/10076
1,02/10075A,,TI02,2,,0,,1,1_02/10075A
1,02/10101,,TI02,2,,0,,1,1_02/10101
1,02/10101A,,TI02,2,,0,,1,1_02/10101A
1,02/10106,,TI02,2,,0,,1,1_02/10106
1,02/10107,,TI02,2,,0,,1,1_02/10107
1,02/10165M,,TI02,2,,0,,1,1_02/10165M
1,02/10228,,TI02,2,,0,,1,1_02/10228
1,02/10299M,,TI02,2,,0,,1,1_02/10299M
1,02/10336,,TI02,2,,0,,1,1_02/10336
1,02/10337,,TI02,2,,0,,1,1_02/10337
1,02/10373,,TI02,2,,0,,1,1_02/10373
1,10/10003,,TI10,2,,0,,1,1_10/10003
1,10/10004,,TI10,2,,0,,1,1_10/10004
1,10/10005,,TI10,2,,0,,1,1_10/10005
1,10/10006,,TI10,2,,0,,1,1_10/10006
1,10/10008,,TI10,2,,0,,1,1_10/10008
1,10/10010,,TI10,2,,0,,1,1_10/10010
1,10/10012,,TI10,2,,0,,1,1_10/10012
1,10/10033,,TI10,2,,0,,1,1_10/10033
1,02/10537,,TI02,2,,0,,1,1_02/10537
1,PR/SASI/0001,,TI02,2,,0,,1,1_PR/SASI/0001
1,10/10063,,TI10,2,,0,,1,1_10/10063
1,10/10053,,TI10,2,,0,,1,1_10/10053
1,10/10083,,TI10,2,,0,,1,1_10/10083
1,10/10103,,TI10,2,,0,,1,1_10/10103
1,10/10123,,TI10,2,,0,,1,1_10/10123
1,10/10130,,TI10,2,,0,,1,1_10/10130
1,10/10143,,TI10,2,,0,,1,1_10/10143
1,02/10538,,TI02,2,,0,,1,1_02/10538
1,10/10191,,TI10,2,,0,,1,1_10/10191
1,10/10196,,TI10,2,,0,,1,1_10/10196
1,10/101961,,TI02,2,,0,,1,1_10/101961
1,10/10086,,TI10,2,,0,,1,1_10/10086
1,02/1037602M,,TI02,2,,0,,1,1_02/1037602M
1,PR/0617/036101,,TI02,2,,0,,1,1_PR/0617/036101
1,PR/GUIN/0003,,TI02,2,,0,,1,1_PR/GUIN/0003
1,02/10320,,TI02,2,,0,,1,1_02/10320
1,02/09320R,,TI02,2,,0,,1,1_02/09320R
1,02/1040401M,,TI02,2,,0,,1,1_02/1040401M
1,02/001300002,,TI02,2,,0,,1,1_02/001300002
1,12/PP540800,,CV12,6,,0,,1,1_12/PP540800
1,02/1040501M,,TI02,2,,0,,1,1_02/1040501M
1,02/1040101,,TI02,2,,0,,1,1_02/1040101
1,13/10022M,,CA13,3,,0,,1,1_13/10022M
1,03/00431,,CA03,3,,0,,1,1_03/00431
1,02/1040501,,TI02,2,,0,,1,1_02/1040501
1,02/10407,,TI02,2,,0,,1,1_02/10407
1,02/10404,,TI02,2,,0,,1,1_02/10404
1,02/10364A,,TI02,2,,0,,1,1_02/10364A
1,02/10399M1,,TI02,2,,0,,1,1_02/10399M1
1,02/10399M,,TI02,2,,0,,1,1_02/10399M
1,02/10363A,,TI02,2,,0,,1,1_02/10363A
1,02/10363,,TI02,2,,0,,1,1_02/10363
1,02/10364A01,,TI02,2,,0,,1,1_02/10364A01
1,02/10364A01M,,TI02,2,,0,,1,1_02/10364A01M
1,12/00164,,CV12,6,,0,,1,1_12/00164
1,12/PV00052,,CV12,6,,0,,1,1_12/PV00052
1,02/1040702M,,TI02,2,,0,,1,1_02/1040702M
1,55/10190MPA,,TI55,2,,0,,1,1_55/10190MPA
1,55/31206MPA,,TI55,2,,0,,1,1_55/31206MPA
1,55/32506MPA,,TI55,2,,0,,1,1_55/32506MPA
1,PR/0634/0019,,TA01,1,,0,,1,1_PR/0634/0019
1,PR/0634/0020,,TI02,2,,0,,1,1_PR/0634/0020
1,PR/0634/0021,,TI02,2,,0,,1,1_PR/0634/0021
1,PR/0634/0022,,TI02,2,,0,,1,1_PR/0634/0022
1,12/5430101,,CV12,6,,0,,1,1_12/5430101
1,MA.054,,YMA-MA,1,,0,,1,1_MA.054
1,10/00376,,TI10,2,,0,,1,1_10/00376
1,02/1040702M3,,TI02,2,,0,,1,1_02/1040702M3
1,PS.054-01,,YMA-PS,1,,0,,1,1_PS.054-01
1,02/1040701M1,,TI02,2,,0,,1,1_02/1040701M1
1,02/10399M2,,TI02,2,,0,,1,1_02/10399M2
1,02/10399M3,,TI02,2,,0,,1,1_02/10399M3
1,02/10399M4,,TI02,2,,0,,1,1_02/10399M4
1,MA.054-P,,YMA-MA,2,,0,,1,1_MA.054-P
1,PS.054-P,,YMA-PS,1,,0,,1,1_PS.054-P
1,01/10124,,TA01,1,,0,,1,1_01/10124
1,PR/0820/0014,,TA01,1,,0,,1,1_PR/0820/0014
1,PR/1669/0021,,TA01,1,,0,,1,1_PR/1669/0021
1,55/40074MPA,,TI55,2,,0,,1,1_55/40074MPA
1,02/10815R,,TI02,2,,0,,1,1_02/10815R
1,02/10408,,TI02,2,,0,,1,1_02/10408
1,12/5525081,,CV12,6,,0,,1,1_12/5525081
1,01/09403,,TA01,1,,0,,1,1_01/09403
1,12/5520081,,CV12,6,,0,,1,1_12/5520081
1,03/00382,,CA03,3,,0,,1,1_03/00382
1,PR/1007/0063,,TA01,1,,0,,1,1_PR/1007/0063
1,PR/1007/0059,,TA01,1,,0,,1,1_PR/1007/0059
1,02/1040799,,TI02,2,,0,,1,1_02/1040799
1,02/10363AR,,TI02,2,,0,,1,1_02/10363AR
1,13/10114,,CA13,3,,0,,1,1_13/10114
1,03/00380R,,CA03,3,,0,,1,1_03/00380R
1,01/09873A,,TA01,1,,0,,1,1_01/09873A
1,PR/1005/0002,,TA01,1,,0,,1,1_PR/1005/0002
1,PR/0677/0032,,TI02,2,,0,,1,1_PR/0677/0032
1,MA.054-R,,YMA-MA,1,,0,,1,1_MA.054-R
1,02/033200001,,TI02,2,,0,,1,1_02/033200001
1,PR/0617/0140,,TI02,2,,0,,1,1_PR/0617/0140
1,12/PG05511,,CV12,6,,0,,1,1_12/PG05511
1,02/09288AR,,TI02,2,,0,,1,1_02/09288AR
1,02/10365A01,,TI02,2,,0,,1,1_02/10365A01
1,02/10365A01M,,TI02,2,,0,,1,1_02/10365A01M
1,02/10365A,,TI02,2,,0,,1,1_02/10365A
1,02/10414,,TI02,2,,0,,1,1_02/10414
1,PR/0837/0005,,TI02,2,,0,,1,1_PR/0837/0005
1,02/10439,,TI02,2,,0,,1,1_02/10439
1,02/10473M,,TI02,2,,0,,1,1_02/10473M
1,02/10410,,TI02,2,,0,,1,1_02/10410
1,PR/0677/0033,,TI02,2,,0,,1,1_PR/0677/0033
1,01/10048M,,TA01,1,,0,,1,1_01/10048M
1,04/100000006,,PL04,4,,0,,1,1_04/100000006
1,02/10411R,,TI02,2,,0,,1,1_02/10411R
1,02/1036399,,TI02,2,,0,,1,1_02/1036399
1,12/80029,,CV12,6,,0,,1,1_12/80029
1,11/40013,,TA11,1,,0,,1,1_11/40013
1,11/40012,,TA11,1,,0,,1,1_11/40012
1,PR/0617/0141,,TI02,2,,0,,1,1_PR/0617/0141
1,13/10002,,CA13,3,,0,,1,1_13/10002
1,03/6321065,,CA03,3,,0,,1,1_03/6321065
1,02/10867,,TI02,2,,0,,1,1_02/10867
1,02/10411,,TI02,2,,0,,1,1_02/10411
1,PR/0617/0142,,TI02,2,,0,,1,1_PR/0617/0142
1,PR/0617/0141-A,,TI02,2,,0,,1,1_PR/0617/0141-A
1,PR/0617/0143,,TI02,2,,0,,1,1_PR/0617/0143
1,PR/0617/0143-A,,TI02,2,,0,,1,1_PR/0617/0143-A
1,PR/0677/0001,,TI02,2,,0,,1,1_PR/0677/0001
1,PR/0677/0034,,TI02,2,,0,,1,1_PR/0677/0034
1,12/PG15003B,,CV12,6,,0,,1,1_12/PG15003B
1,04/024000018,,PL04,4,,0,,1,1_04/024000018
1,CM.114,,YMA-CM,1,,0,,1,1_CM.114
1,01/100100700,,TA01,1,,0,,1,1_01/100100700
1,02/10407R,,TI02,2,,0,,1,1_02/10407R
1,01/10045,,TA01,1,,0,,1,1_01/10045
1,12/069700002,,CV12,6,,0,,1,1_12/069700002
1,12/PV00053,,CV12,6,,0,,1,1_12/PV00053
1,12/2525091,,CV12,6,,0,,1,1_12/2525091
1,13/10113,,CA13,3,,0,,1,1_13/10113
1,02/10416,,TI02,2,,0,,1,1_02/10416
1,02/10621,,TI02,2,,0,,1,1_02/10621
1,11/40014,,TA11,1,,0,,1,1_11/40014
1,PR/1870/0006,,TI02,2,,0,,1,1_PR/1870/0006
1,PR/1605/0002,,TA01,1,,0,,1,1_PR/1605/0002
1,PR/1669/0020,,TA01,1,,0,,1,1_PR/1669/0020
1,01/10048,,TA01,1,,0,,1,1_01/10048
1,12/PP330100,,CV12,6,,0,,1,1_12/PP330100
1,PR/0617/0144,,TI02,2,,0,,1,1_PR/0617/0144
1,01/100101600,,TA01,1,,0,,1,1_01/100101600
1,01/10047,,TA01,1,,0,,1,1_01/10047
1,02/10418,,TI02,2,,0,,1,1_02/10418
1,02/10418M,,TI02,2,,0,,1,1_02/10418M
1,12/51109A,,CV12,6,,0,,1,1_12/51109A
1,02/10420M,,TI02,2,,0,,1,1_02/10420M
1,12/2517081,,CV12,6,,0,,1,1_12/2517081
1,PR/1669/0022,,TI02,2,,0,,1,1_PR/1669/0022
1,12/50119,,CV12,6,,0,,1,1_12/50119
1,10/2183520,,TI10,2,,0,,1,1_10/2183520
1,10/20835,,TI10,2,,0,,1,1_10/20835
1,10/20830,,TI10,2,,0,,1,1_10/20830
1,02/09950,,TI02,2,,0,,1,1_02/09950
1,02/10419,,TI02,2,,0,,1,1_02/10419
1,02/10421,,TI02,2,,0,,1,1_02/10421
1,02/10421M,,TI02,2,,0,,1,1_02/10421M
1,02/10422,,TI02,2,,0,,1,1_02/10422
1,02/10422M,,TI02,2,,0,,1,1_02/10422M
1,PR/0013/0038-A,,TA01,1,,0,,1,1_PR/0013/0038-A
1,55/10063,,TI55,2,,0,,1,1_55/10063
1,55/10095,,TI55,2,,0,,1,1_55/10095
1,55/10127,,TI55,2,,0,,1,1_55/10127
1,55/10190,,TI55,2,,0,,1,1_55/10190
1,55/10254,,TI55,2,,0,,1,1_55/10254
1,55/32506,,TI55,2,,0,,1,1_55/32506
1,55/32512,,TI55,2,,0,,1,1_55/32512
1,02/09700M,,TI02,2,,0,,1,1_02/09700M
1,PR/1669/0023,,TA01,1,,0,,1,1_PR/1669/0023
1,PR/1226/0005,,TI02,2,,0,,1,1_PR/1226/0005
1,PR/0837/0006,,TI02,2,,0,,1,1_PR/0837/0006
1,28/00907,,TA28,1,,0,,1,1_28/00907
1,PR/1226/0006,,TI02,2,,0,,1,1_PR/1226/0006
1,PR/1226/0007,,TI02,2,,0,,1,1_PR/1226/0007
1,02/10423,,TI02,2,,0,,1,1_02/10423
1,02/10240,,TI02,2,,0,,1,1_02/10240
1,02/10237,,TI02,2,,0,,1,1_02/10237
1,02/10238,,TI02,2,,0,,1,1_02/10238
1,04/178900001,,PL04,4,,0,,1,1_04/178900001
1,04/178900002,,PL04,4,,0,,1,1_04/178900002
1,04/178900003,,PL04,4,,0,,1,1_04/178900003
1,04/178900004,,PL04,4,,0,,1,1_04/178900004
1,02/10185AR,,TI02,2,,0,,1,1_02/10185AR
1,02/10239,,TI02,2,,0,,1,1_02/10239
1,03/00427,,CA03,3,,0,,1,1_03/00427
1,02/10236,,TI02,2,,0,,1,1_02/10236
1,03/178800001,,CA03,3,,0,,1,1_03/178800001
1,02/10424,,TI02,2,,0,,1,1_02/10424
1,02/10333A,,TI02,2,,0,,1,1_02/10333A
1,02/10333,,TI02,2,,0,,1,1_02/10333
1,02/10333R,,TI02,2,,0,,1,1_02/10333R
1,PR/0267/0055,,TI02,2,,0,,1,1_PR/0267/0055
1,PR/0267/0056,,TI02,2,,0,,1,1_PR/0267/0056
1,01/10118,,TA01,1,,0,,1,1_01/10118
1,PR/1669/0024,,TI02,2,,0,,1,1_PR/1669/0024
1,03/00431A,,CA03,3,,0,,1,1_03/00431A
1,12/CX05011,,CV12,6,,0,,1,1_12/CX05011
1,02/10426,,TI02,2,,0,,1,1_02/10426
1,12/PV00054,,CV12,6,,0,,1,1_12/PV00054
1,11/00048,,TA11,1,,0,,1,1_11/00048
1,11/00048M,,TA11,1,,0,,1,1_11/00048M
1,12/50120A,,CV12,6,,0,,1,1_12/50120A
1,10/1905045,,TI10,2,,0,,1,1_10/1905045
1,PR/1226/0009,,TI02,2,,0,,1,1_PR/1226/0009
1,CM.063-R,,YMA-CM,1,,0,,1,1_CM.063-R
1,PR/1007/0062-A,,CA03,3,,0,,1,1_PR/1007/0062-A
1,PR/1007/0062,,CA03,3,,0,,1,1_PR/1007/0062
1,MA.036-R,,YMA-MA,1,,0,,1,1_MA.036-R
1,01/10050,,TA01,1,,0,,1,1_01/10050
1,04/024000019,,PL04,4,,0,,1,1_04/024000019
1,02/1009301,,TI02,2,,0,,1,1_02/1009301
1,02/10727,,TI02,2,,0,,1,1_02/10727
1,10/11045,,TI10,2,,0,,1,1_10/11045
1,12/542507R,,CV12,6,,0,,1,1_12/542507R
1,02/10425M,,TI02,2,,0,,1,1_02/10425M
1,PR/0634/0025,,TI02,2,,0,,1,1_PR/0634/0025
1,PR/1669/0025,,TA01,1,,0,,1,1_PR/1669/0025
1,04/1609100050K,,PL04,4,,0,,1,1_04/1609100050K
1,PR/0837/0007,,TI02,2,,0,,1,1_PR/0837/0007
1,12/80922A,,CV12,6,,0,,1,1_12/80922A
1,PR/0837/0015,,TI02,2,,0,,1,1_PR/0837/0015
1,02/10699,,TI02,2,,0,,1,1_02/10699
1,PR/1226/0008,,TI02,2,,0,,1,1_PR/1226/0008
1,12/TI00021,,CV12,6,,0,,1,1_12/TI00021
1,12/TI00019,,CV12,6,,0,,1,1_12/TI00019
1,10/1905020,,TI10,2,,0,,1,1_10/1905020
1,10/1905030,,TI10,2,,0,,1,1_10/1905030
1,PR/0978/0007,,TA01,1,,0,,1,1_PR/0978/0007
1,02/1038401,,TI02,2,,0,,1,1_02/1038401
1,03/00385,,CA03,3,,0,,1,1_03/00385
1,02/107900002,,TI02,2,,0,,1,1_02/107900002
1,02/061700026,,TI02,2,,0,,1,1_02/061700026
1,PR/GUIN/0001,,TI02,2,,0,,1,1_PR/GUIN/0001
1,02/10429R,,TI02,2,,0,,1,1_02/10429R
1,PR/0845/0006-A,,TA01,1,,0,,1,1_PR/0845/0006-A
1,12/80932,,CV12,6,,0,,1,1_12/80932
1,01/09635AR,,TA01,1,,0,,1,1_01/09635AR
1,PR/1682/0011,,TI02,2,,0,,1,1_PR/1682/0011
1,26/620835,,TA26,1,,0,,1,1_26/620835
1,26/60840,,TA26,1,,0,,1,1_26/60840
1,26/60108,,TA26,1,,0,,1,1_26/60108
1,03/00384,,CA03,3,,0,,1,1_03/00384
1,26/602082,,TA26,1,,0,,1,1_26/602082
1,10/00170R,,TI10,2,,0,,1,1_10/00170R
1,12/00347,,CV12,6,,0,,1,1_12/00347
1,03/00386,,CA03,3,,0,,1,1_03/00386
1,PR/0013/0017,,TA01,1,,0,,1,1_PR/0013/0017
1,PR/1557/0026,,TI02,2,,0,,1,1_PR/1557/0026
1,12/PG00143,,CV12,6,,0,,1,1_12/PG00143
1,01/10051,,TA01,1,,0,,1,1_01/10051
1,01/10284,,TA01,1,,0,,1,1_01/10284
1,02/10433M,,TI02,2,,0,,1,1_02/10433M
1,PR/1708/0015,,TA01,1,,0,,1,1_PR/1708/0015
1,02/10434M,,TI02,2,,0,,1,1_02/10434M
1,02/10791R,,TI02,2,,0,,1,1_02/10791R
1,PR/0332/0004,,TA01,1,,0,,1,1_PR/0332/0004
1,02/10435M,,TI02,2,,0,,1,1_02/10435M
1,12/069000005,,CV12,6,,0,,1,1_12/069000005
1,02/10436M,,TI02,2,,0,,1,1_02/10436M
1,01/10190A,,TA01,1,,0,,1,1_01/10190A
1,02/10437M,,TI02,2,,0,,1,1_02/10437M
1,02/09958,,TI02,2,,0,,1,1_02/09958
1,02/10438,,TI02,2,,0,,1,1_02/10438
1,02/10291M,,TI02,2,,0,,1,1_02/10291M
1,02/10432M,,TI02,2,,0,,1,1_02/10432M
1,PR/1017/0002,,TI02,2,,0,,1,1_PR/1017/0002
1,02/10292M,,TI02,2,,0,,1,1_02/10292M
1,UP.099,,YMA-UP,1,,0,,1,1_UP.099
1,PR/0332/0003,,TA01,1,,0,,1,1_PR/0332/0003
1,PR/0768/0011,,TI02,2,,0,,1,1_PR/0768/0011
1,PR/0267/0057,,TI02,2,,0,,1,1_PR/0267/0057
1,UP.099-01,,YMA-UP,1,,0,,1,1_UP.099-01
1,CM.083-R,,YMA-CM,1,,0,,1,1_CM.083-R
1,02/10720,,TI02,2,,0,,1,1_02/10720
1,.70,,TA70,1,,0,,1,1_.70
1,02/10683,,TI02,2,,0,,1,1_02/10683
1,PR/1226/0010,,TI02,2,,0,,1,1_PR/1226/0010
1,01/10054,,TA01,1,,0,,1,1_01/10054
1,12/LF00113,,CV12,6,,0,,1,1_12/LF00113
1,02/10430,,TI02,2,,0,,1,1_02/10430
1,PR/1788/0001,,TA01,1,,0,,1,1_PR/1788/0001
1,PR/1788/0002,,TA01,1,,0,,1,1_PR/1788/0002
1,01/09483A,,TA01,1,,0,,1,1_01/09483A
1,02/026700014,,TI02,2,,0,,1,1_02/026700014
1,PR/0332/0001-A,,TA01,1,,0,,1,1_PR/0332/0001-A
1,PR/0332/0001,,TA01,1,,0,,1,1_PR/0332/0001
1,PR/0332/0002-A,,TA01,1,,0,,1,1_PR/0332/0002-A
1,04/024000200,,PL04,4,,0,,1,1_04/024000200
1,PR/0634/0029,,TI02,2,,0,,1,1_PR/0634/0029
1,PR/1244/0012,,TI02,2,,0,,1,1_PR/1244/0012
1,26/00012,,TA26,1,,0,,1,1_26/00012
1,02/10430R,,TI02,2,,0,,1,1_02/10430R
1,10/90035,,TI10,2,,0,,1,1_10/90035
1,02/061700027,,TI02,2,,0,,1,1_02/061700027
1,01/082000002,,TA01,1,,0,,1,1_01/082000002
1,91/80041,,XTA91,8,,0,,1,1_91/80041
1,01/09943AM,,TA01,1,,0,,1,1_01/09943AM
1,PR/1514/0002,,TA01,1,,0,,1,1_PR/1514/0002
1,70/7050775,,TA70,1,,0,,1,1_70/7050775
1,PS.045-R,,YMA-PS,1,,0,,1,1_PS.045-R
1,01/10055,,TA01,1,,0,,1,1_01/10055
1,PR/1514/0001,,CA03,3,,0,,1,1_PR/1514/0001
1,03/00388,,CA03,3,,0,,1,1_03/00388
1,02/10865,,TI02,2,,0,,1,1_02/10865
1,PR/1244/0010,,TA01,1,,0,,1,1_PR/1244/0010
1,12/80807,,CV12,6,,0,,1,1_12/80807
1,12/52200801,,CV12,6,,0,,1,1_12/52200801
1,01/09943A,,TA01,1,,0,,1,1_01/09943A
1,PR/0230/0002,,TA01,1,,0,,1,1_PR/0230/0002
1,26/60640,,TA26,1,,0,,1,1_26/60640
1,PR/0013/0016,,TA01,1,,0,,1,1_PR/0013/0016
1,03/00329A,,CA03,3,,0,,1,1_03/00329A
1,01/09771,,TA01,1,,0,,1,1_01/09771
1,03/00329,,CA03,3,,0,,1,1_03/00329
1,02/10442,,TI02,2,,0,,1,1_02/10442
1,12/250805,,CV12,6,,0,,1,1_12/250805
1,01/10056,,TA01,1,,0,,1,1_01/10056
1,01/10056M,,TA01,1,,0,,1,1_01/10056M
1,PR/1264/0002,,TA01,1,,0,,1,1_PR/1264/0002
1,01/10205M,,TA01,1,,0,,1,1_01/10205M
1,02/10443,,TI02,2,,0,,1,1_02/10443
1,02/10443M,,TI02,2,,0,,1,1_02/10443M
1,12/PG05122,,CV12,6,,0,,1,1_12/PG05122
1,03/00329A01,,CA03,3,,0,,1,1_03/00329A01
1,PR/1557/0027,,TI02,2,,0,,1,1_PR/1557/0027
1,01/08562,,TA01,1,,0,,1,1_01/08562
1,01/09995,,TA01,1,,0,,1,1_01/09995
1,01/07939A,,TA01,1,,0,,1,1_01/07939A
1,12/PG00690,,CV12,6,,0,,1,1_12/PG00690
1,03/4124025,,CA03,3,,0,,1,1_03/4124025
1,11/11012AM,,TA11,1,,0,,1,1_11/11012AM
1,PR/0267/0060,,TI02,2,,0,,1,1_PR/0267/0060
1,02/10646M,,TI02,2,,0,,1,1_02/10646M
1,PR/1768/0007,,TI02,2,,0,,1,1_PR/1768/0007
1,02/10444M,,TI02,2,,0,,1,1_02/10444M
1,03/2421070R,,CA03,3,,0,,1,1_03/2421070R
1,01/0794001,,TA01,1,,0,,1,1_01/0794001
1,10/11830H,,TI10,2,,0,,1,1_10/11830H
1,10/11830HM,,TI10,2,,0,,1,1_10/11830HM
1,10/10083H,,TI10,2,,0,,1,1_10/10083H
1,10/10083HM,,TI10,2,,0,,1,1_10/10083HM
1,01/10057,,TA01,1,,0,,1,1_01/10057
1,01/09825A,,TA01,1,,0,,1,1_01/09825A
1,01/09938R,,TA01,1,,0,,1,1_01/09938R
1,01/09747,,TA01,1,,0,,1,1_01/09747
1,01/10058,,TA01,1,,0,,1,1_01/10058
1,PR/0880/0007-A,,TI02,2,,0,,1,1_PR/0880/0007-A
1,02/10440,,TI02,2,,0,,1,1_02/10440
1,02/10615,,TI02,2,,0,,1,1_02/10615
1,02/10407A01M,,TI02,2,,0,,1,1_02/10407A01M
1,12/PV00055,,CV12,6,,0,,1,1_12/PV00055
1,02/08586A,,TI02,2,,0,,1,1_02/08586A
1,02/0980301R,,TI02,2,,0,,1,1_02/0980301R
1,PR/MTAB/0001,,TI02,2,,0,,1,1_PR/MTAB/0001
1,PR/1007/0064,,TI02,2,,0,,1,1_PR/1007/0064
1,02/10407A02M1,,TI02,2,,0,,1,1_02/10407A02M1
1,11/10004,,TA11,1,,0,,1,1_11/10004
1,12/80540,,CV12,6,,0,,1,1_12/80540
1,02/0980401,,TI02,2,,0,,1,1_02/0980401
1,01/124400001,,TA01,1,,0,,1,1_01/124400001
1,12/70223,,CV12,6,,0,,1,1_12/70223
1,02/09857A01,,TI02,2,,0,,1,1_02/09857A01
1,02/10441M,,TI02,2,,0,,1,1_02/10441M
1,PR/0634/0026,,TI02,2,,0,,1,1_PR/0634/0026
1,02/10407AM,,TI02,2,,0,,1,1_02/10407AM
1,10/10140,,TI10,2,,0,,1,1_10/10140
1,PR/0880/0007,,TA01,1,,0,,1,1_PR/0880/0007
1,PR/0634/0027,,TI02,2,,0,,1,1_PR/0634/0027
1,US.017-01,,YMA-US,1,,0,,1,1_US.017-01
1,03/1431080R,,CA03,3,,0,,1,1_03/1431080R
1,02/10445,,TI02,2,,0,,1,1_02/10445
1,02/10446,,TI02,2,,0,,1,1_02/10446
1,PS.046-R,,YMA-PS,1,,0,,1,1_PS.046-R
1,01/10076,,TA01,1,,0,,1,1_01/10076
1,01/10062,,TA01,1,,0,,1,1_01/10062
1,US.016-01M,,YMA-US,1,,0,,1,1_US.016-01M
1,01/10059,,TA01,1,,0,,1,1_01/10059
1,12/CH03011005,,CV12,6,,0,,1,1_12/CH03011005
1,CM.110,,YMA-CM,1,,0,,1,1_CM.110
1,PS.056,,YMA-PS,1,,0,,1,1_PS.056
1,UP.100,,YMA-UP,1,,0,,1,1_UP.100
1,PR/1007/0064-A,,TA01,1,,0,,1,1_PR/1007/0064-A
1,PR/1007/0065,,TA01,1,,0,,1,1_PR/1007/0065
1,02/1069201M1,,TI02,2,,0,,1,1_02/1069201M1
1,02/061700040,,TI02,2,,0,,1,1_02/061700040
1,02/10441,,TI02,2,,0,,1,1_02/10441
1,12/TI00024R,,CV12,6,,0,,1,1_12/TI00024R
1,PS.056-P,,YMA-PS,1,,0,,1,1_PS.056-P
1,02/10456,,TI02,2,,0,,1,1_02/10456
1,01/1005210,,TA01,1,,0,,1,1_01/1005210
1,02/10450,,TI02,2,,0,,1,1_02/10450
1,55/00402MPA,,TI55,2,,0,,1,1_55/00402MPA
1,US.017,,YMA-US,1,,0,,1,1_US.017
1,02/10452,,TI02,2,,0,,1,1_02/10452
1,US.016,,YMA-US,1,,0,,1,1_US.016
1,CM.110-P,,YMA-CM,3,,0,,1,1_CM.110-P
1,UP.100-P,,YMA-UP,1,,0,,1,1_UP.100-P
1,02/10457,,TI02,2,,0,,1,1_02/10457
1,02/10461,,TI02,2,,0,,1,1_02/10461
1,PR/1520/0015,,TI02,2,,0,,1,1_PR/1520/0015
1,54/80122,,TA54,1,,0,,1,1_54/80122
1,12/512008,,CV12,6,,0,,1,1_12/512008
1,12/SI00018,,CV12,6,,0,,1,1_12/SI00018
1,03/1321090,,CA03,3,,0,,1,1_03/1321090
1,12/CH01013020,,CV12,6,,0,,1,1_12/CH01013020
1,12/70225,,CV12,6,,0,,1,1_12/70225
1,12/70224,,CV12,6,,0,,1,1_12/70224
1,25/8004030,,TA25,1,,0,,1,1_25/8004030
1,25/8004020,,TA25,1,,0,,1,1_25/8004020
1,25/8004036,,TA25,1,,0,,1,1_25/8004036
1,02/088000001,,TI02,2,,0,,1,1_02/088000001
1,PR/0634/0030,,TA01,1,,0,,1,1_PR/0634/0030
1,02/10449,,TI02,2,,0,,1,1_02/10449
1,PR/1680/0002,,TA01,1,,0,,1,1_PR/1680/0002
1,02/10459,,TI02,2,,0,,1,1_02/10459
1,12/512008R,,CV12,6,,0,,1,1_12/512008R
1,12/80857A,,CV12,6,,0,,1,1_12/80857A
1,03/1531125,,CA03,3,,0,,1,1_03/1531125
1,01/1005211,,TA01,1,,0,,1,1_01/1005211
1,02/10460,,TI02,2,,0,,1,1_02/10460
1,01/10060,,TA01,1,,0,,1,1_01/10060
1,01/10061,,TA01,1,,0,,1,1_01/10061
1,US.017-01M,,YMA-US,1,,0,,1,1_US.017-01M
1,PS.056-R,,YMA-PS,1,,0,,1,1_PS.056-R
1,01/09975ER,,TA01,1,,0,,1,1_01/09975ER
1,02/09669,,TI02,2,,0,,1,1_02/09669
1,PR/0820/0007-B,,TA01,1,,0,,1,1_PR/0820/0007-B
1,02/1046301,,TI02,2,,0,,1,1_02/1046301
1,PR/0820/0007-C,,TA01,1,,0,,1,1_PR/0820/0007-C
1,PR/0820/0007-D,,TA01,1,,0,,1,1_PR/0820/0007-D
1,12/80935,,CV12,6,,0,,1,1_12/80935
1,PR/0820/0009,,TA01,1,,0,,1,1_PR/0820/0009
1,02/10451,,TI02,2,,0,,1,1_02/10451
1,02/10453,,TI02,2,,0,,1,1_02/10453
1,12/TI00022,,CV12,6,,0,,1,1_12/TI00022
1,PR/1529/0003,,TI02,2,,0,,1,1_PR/1529/0003
1,02/10464,,TI02,2,,0,,1,1_02/10464
1,01/1005203,,TA01,1,,0,,1,1_01/1005203
1,01/1005201,,TA01,1,,0,,1,1_01/1005201
1,01/1005202,,TA01,1,,0,,1,1_01/1005202
1,01/1005204,,TA01,1,,0,,1,1_01/1005204
1,01/1005205,,TA01,1,,0,,1,1_01/1005205
1,01/1005206,,TA01,1,,0,,1,1_01/1005206
1,01/1005207,,TA01,1,,0,,1,1_01/1005207
1,01/1005208,,TA01,1,,0,,1,1_01/1005208
1,01/1005209,,TA01,1,,0,,1,1_01/1005209
1,PS.052-R,,YMA-PS,1,,0,,1,1_PS.052-R
1,CM.110-R,,YMA-CM,1,,0,,1,1_CM.110-R
1,PR/0104/0055,,TI02,2,,0,,1,1_PR/0104/0055
1,02/10454,,TI02,2,,0,,1,1_02/10454
1,02/10455,,TI02,2,,0,,1,1_02/10455
1,03/00390,,CA03,3,,0,,1,1_03/00390
1,01/10063,,TA01,1,,0,,1,1_01/10063
1,01/10064,,TA01,1,,0,,1,1_01/10064
1,04/180000001,,PL04,4,,0,,1,1_04/180000001
1,12/088000003,,CV12,6,,0,,1,1_12/088000003
1,02/10462,,TI02,2,,0,,1,1_02/10462
1,02/10463,,TI02,2,,0,,1,1_02/10463
1,PR/1641/0012,,TA01,1,,0,,1,1_PR/1641/0012
1,55/90003,,TI55,2,,1,,1,1_55/90003
1,PR/FIIB/0001,,TI02,2,,0,,1,1_PR/FIIB/0001
1,PR/FIIB/0002,,TA01,1,,0,,1,1_PR/FIIB/0002
1,PR/FIIB/0003,,TA01,1,,0,,1,1_PR/FIIB/0003
1,PR/0160/0001,,TA01,1,,0,,1,1_PR/0160/0001
1,PR/ARGE/0001,,TA01,1,,0,,1,1_PR/ARGE/0001
1,PR/ARGE/0002,,TA01,1,,0,,1,1_PR/ARGE/0002
1,04/024000052,,PL04,4,,0,,1,1_04/024000052
1,12/179600001,,CV12,6,,0,,1,1_12/179600001
1,03/00389,,CA03,3,,0,,1,1_03/00389
1,01/09908A,,TA01,1,,0,,1,1_01/09908A
1,01/10158A,,TA01,1,,0,,1,1_01/10158A
1,54/61732,,TA54,1,,0,,1,1_54/61732
1,01/1006301,,TA01,1,,0,,1,1_01/1006301
1,01/1006301M,,TA01,1,,0,,1,1_01/1006301M
1,02/10407A0201,,TI02,2,,0,,1,1_02/10407A0201
1,02/10407A02M,,TI02,2,,0,,1,1_02/10407A02M
1,02/10441AR,,TI02,2,,0,,1,1_02/10441AR
1,01/10070,,TA01,1,,0,,1,1_01/10070
1,01/10069,,TA01,1,,0,,1,1_01/10069
1,02/10466,,TI02,2,,0,,1,1_02/10466
1,02/10467,,TI02,2,,0,,1,1_02/10467
1,PR/1567/0008,,TI02,2,,0,,1,1_PR/1567/0008
1,03/00151R,,CA03,3,,0,,1,1_03/00151R
1,02/1046401,,TI02,2,,0,,1,1_02/1046401
1,12/025400001,,CV12,6,,0,,1,1_12/025400001
1,01/10052,,TA01,1,,0,,1,1_01/10052
1,01/10068R,,TA01,1,,0,,1,1_01/10068R
1,01/169000002,,TA01,1,,0,,1,1_01/169000002
1,PR/0617/0146,,TI02,2,,0,,1,1_PR/0617/0146
1,02/10455R,,TI02,2,,0,,1,1_02/10455R
1,PR/0634/0032,,TA01,1,,0,,1,1_PR/0634/0032
1,PR/0634/0033,,TA01,1,,0,,1,1_PR/0634/0033
1,PR/0634/0031,,TA01,1,,0,,1,1_PR/0634/0031
1,MA.055-01,,YMA-MA,1,,0,,1,1_MA.055-01
1,MA.056-01,,YMA-MA,1,,0,,1,1_MA.056-01
1,70/3604024,,TA70,1,,0,,1,1_70/3604024
1,11/41207,,TA11,1,,0,,1,1_11/41207
1,02/10468,,TI02,2,,0,,1,1_02/10468
1,02/10468M,,TI02,2,,0,,1,1_02/10468M
1,PR/1204/0001,,TA01,1,,0,,1,1_PR/1204/0001
1,PR/1204/0002,,TA01,1,,0,,1,1_PR/1204/0002
1,PR/1047/0022-A,,TA01,1,,0,,1,1_PR/1047/0022-A
1,12/CF00003R,,CV12,6,,0,,1,1_12/CF00003R
1,01/09951,,TA01,1,,0,,1,1_01/09951
1,PR/1047/0024,,TA01,1,,0,,1,1_PR/1047/0024
1,12/00132,,CV12,6,,0,,1,1_12/00132
1,02/10413,,TI02,2,,0,,1,1_02/10413
1,PR/EMME/0003,,TI02,2,,0,,1,1_PR/EMME/0003
1,PR/1567/0009,,TI02,2,,0,,1,1_PR/1567/0009
1,PR/0820/0010,,TA01,1,,0,,1,1_PR/0820/0010
1,02/08152,,TI02,2,,0,,1,1_02/08152
1,02/10469,,TI02,2,,0,,1,1_02/10469
1,PR/1226/0013,,TI02,2,,0,,1,1_PR/1226/0013
1,10/1906035,,TI10,2,,0,,1,1_10/1906035
1,10/1908012,,TI10,2,,0,,1,1_10/1908012
1,PR/0820/0011,,TA01,1,,0,,1,1_PR/0820/0011
1,PR/1226/0011,,TI02,2,,0,,1,1_PR/1226/0011
1,02/10684,,TI02,2,,0,,1,1_02/10684
1,02/10472,,TI02,2,,0,,1,1_02/10472
1,03/00378,,CA03,3,,0,,1,1_03/00378
1,53/520101510,,TA53,1,,0,,1,1_53/520101510
1,02/10471,,TI02,2,,0,,1,1_02/10471
1,01/10052R,,TA01,1,,0,,1,1_01/10052R
1,01/10066,,TA01,1,,0,,1,1_01/10066
1,PR/0712/0002,,TA01,1,,0,,1,1_PR/0712/0002
1,10/10507,,TI10,2,,0,,1,1_10/10507
1,UP.100-M,,YMA-UP,1,,0,,1,1_UP.100-M
1,UP-099,,YMA-UP,1,,0,,1,1_UP-099
1,03/00397,,CA03,3,,0,,1,1_03/00397
1,70/1401070600,,TA70,1,,0,,1,1_70/1401070600
1,70/1401045600,,TA70,1,,0,,1,1_70/1401045600
1,70/1403055600,,TA70,1,,0,,1,1_70/1403055600
1,70/1404055600,,TA70,1,,0,,1,1_70/1404055600
1,PR/0690/0015,,TA01,1,,0,,1,1_PR/0690/0015
1,03/1621120,,CA03,3,,0,,1,1_03/1621120
1,02/1047101,,TI02,2,,0,,1,1_02/1047101
1,PR/1529/0004,,TI02,2,,0,,1,1_PR/1529/0004
1,01/10089R,,TA01,1,,0,,1,1_01/10089R
1,PR/0160/0002,,TA01,1,,0,,1,1_PR/0160/0002
1,03/00151,,CA03,3,,0,,1,1_03/00151
1,PR/0104/0056,,CA03,3,,0,,1,1_PR/0104/0056
1,UP.101-M,,YMA-UP,1,,0,,1,1_UP.101-M
1,12/80937,,CV12,6,,0,,1,1_12/80937
1,02/1047301,,TI02,2,,0,,1,1_02/1047301
1,02/1047302,,TI02,2,,0,,1,1_02/1047302
1,PR/1505/0007,,TI02,2,,0,,1,1_PR/1505/0007
1,12/80818,,CV12,6,,0,,1,1_12/80818
1,12/80683,,CV12,6,,0,,1,1_12/80683
1,01/1036301,,TA01,1,,0,,1,1_01/1036301
1,01/10071M,,TA01,1,,0,,1,1_01/10071M
1,12/80682,,CV12,6,,0,,1,1_12/80682
1,02/10465,,TI02,2,,0,,1,1_02/10465
1,01/10065,,TA01,1,,0,,1,1_01/10065
1,01/10067,,TA01,1,,0,,1,1_01/10067
1,01/10071,,TA01,1,,0,,1,1_01/10071
1,01/10072,,TA01,1,,0,,1,1_01/10072
1,01/10073,,TA01,1,,0,,1,1_01/10073
1,PR/0104/0059,,TI02,2,,0,,1,1_PR/0104/0059
1,03/0037801,,CA03,3,,0,,1,1_03/0037801
1,12/TI00004R,,CV12,6,,0,,1,1_12/TI00004R
1,02/09646M,,TI02,2,,0,,1,1_02/09646M
1,12/TI00023R,,CV12,2,,0,,1,1_12/TI00023R
1,26/602062,,TA26,1,,0,,1,1_26/602062
1,10/00401,,TI10,2,,0,,1,1_10/00401
1,26/60630,,TA26,1,,0,,1,1_26/60630
1,26/60635,,TA26,1,,0,,1,1_26/60635
1,26/60106,,TA26,1,,0,,1,1_26/60106
1,MA.052-R,,YMA-MA,1,,0,,1,1_MA.052-R
1,04/142100004,,PL04,4,,0,,1,1_04/142100004
1,57/10015,,TA57,1,,0,,1,1_57/10015
1,02/10470M,,TI02,2,,0,,1,1_02/10470M
1,02/10470M1,,TI02,2,,0,,1,1_02/10470M1
1,02/10465M,,TI02,2,,0,,1,1_02/10465M
1,PR/1494/0003,,TA01,1,,0,,1,1_PR/1494/0003
1,12/0008540,,CV12,6,,0,,1,1_12/0008540
1,02/10454A,,TI02,2,,0,,1,1_02/10454A
1,02/022800003,,TI02,2,,0,,1,1_02/022800003
1,PR/1708/0016,,TI02,2,,0,,1,1_PR/1708/0016
1,02/155700001,,TI02,2,,0,,1,1_02/155700001
1,04/024000143,,PL04,4,,0,,1,1_04/024000143
1,04/024000141,,PL04,4,,0,,1,1_04/024000141
1,01/10074,,TA01,1,,0,,1,1_01/10074
1,PR/0837/0008,,TI02,2,,0,,1,1_PR/0837/0008
1,PR/0104/0057,,TA01,1,,0,,1,1_PR/0104/0057
1,PR/0617/0148,,TI02,2,,0,,1,1_PR/0617/0148
1,PR/0104/0058,,TI02,2,,0,,1,1_PR/0104/0058
1,PR/1708/0019,,TI02,2,,0,,1,1_PR/1708/0019
1,02/10124R,,TI02,2,,0,,1,1_02/10124R
1,PR/1007/0067,,CA03,3,,0,,1,1_PR/1007/0067
1,03/00378A,,CA03,3,,0,,1,1_03/00378A
1,03/00393,,CA03,3,,0,,1,1_03/00393
1,01/10075,,TA01,1,,0,,1,1_01/10075
1,03/00392,,CA03,3,,0,,1,1_03/00392
1,03/00304M,,CA03,3,,0,,1,1_03/00304M
1,PR/0929/0009,,TA01,1,,0,,1,1_PR/0929/0009
1,13/10024M,,CA13,3,,0,,1,1_13/10024M
1,04/024000053,,PL04,4,,0,,1,1_04/024000053
1,01/085061100,,TA01,1,,0,,1,1_01/085061100
1,03/1521120,,CA03,3,,0,,1,1_03/1521120
1,12/50013,,CV12,1,,0,,1,1_12/50013
1,01/10076A,,TA01,1,,0,,1,1_01/10076A
1,26/00114,,TA26,1,,0,,1,1_26/00114
1,26/00014,,TA26,1,,0,,1,1_26/00014
1,PR/0617/0199,,TI02,2,,0,,1,1_PR/0617/0199
1,02/10476R,,TI02,2,,0,,1,1_02/10476R
1,03/00394,,CA03,3,,0,,1,1_03/00394
1,12/001300001,,CV12,6,,0,,1,1_12/001300001
1,03/0034801,,CA03,3,,0,,1,1_03/0034801
1,PR/1708/0017,,TA01,1,,0,,1,1_PR/1708/0017
1,PR/1007/0068,,TI02,2,,0,,1,1_PR/1007/0068
1,02/10477,,TI02,2,,0,,1,1_02/10477
1,PR/1799/0002,,TI02,2,,0,,1,1_PR/1799/0002
1,04/179400001,,PL04,4,,0,,1,1_04/179400001
1,12/50014,,CV12,6,,0,,1,1_12/50014
1,12/50007,,CV12,6,,0,,1,1_12/50007
1,04/179400003,,PL04,4,,0,,1,1_04/179400003
1,04/179400002,,PL04,4,,0,,1,1_04/179400002
1,02/061700029,,TI02,2,,0,,1,1_02/061700029
1,12/50015,,CV12,6,,0,,1,1_12/50015
1,PR/0787/0011,,TI02,2,,0,,1,1_PR/0787/0011
1,PR/1389/0008,,TI02,2,,0,,1,1_PR/1389/0008
1,PR/1047/0026,,TI02,2,,0,,1,1_PR/1047/0026
1,PR/1047/0024-A,,TA01,1,,0,,1,1_PR/1047/0024-A
1,02/10478,,TI02,2,,0,,1,1_02/10478
1,01/10079,,TA01,1,,0,,1,1_01/10079
1,03/00396,,CA03,3,,0,,1,1_03/00396
1,12/CX05213,,CV12,6,,0,,1,1_12/CX05213
1,02/09783,,TI02,2,,0,,1,1_02/09783
1,02/10476M3,,TI02,2,,0,,1,1_02/10476M3
1,PR/0712/0006,,TA01,1,,0,,1,1_PR/0712/0006
1,03/1531070,,CA03,3,,0,,1,1_03/1531070
1,02/10480,,TI02,2,,0,,1,1_02/10480
1,UP.084,,YMA-UP,1,,0,,1,1_UP.084
1,UP.101,,YMA-UP,1,,0,,1,1_UP.101
1,PR/0104/0060,,TI02,2,,0,,1,1_PR/0104/0060
1,PR/1799/0001,,TI02,2,,0,,1,1_PR/1799/0001
1,03/00395,,CA03,3,,0,,1,1_03/00395
1,03/0039601,,CA03,3,,0,,1,1_03/0039601
1,03/1231048,,CA03,3,,0,,1,1_03/1231048
1,12/422012,,CV12,6,,0,,1,1_12/422012
1,55/00502MPA,,TI55,2,,0,,1,1_55/00502MPA
1,01/10076M,,TA01,1,,0,,1,1_01/10076M
1,02/10479,,TI02,2,,0,,1,1_02/10479
1,12/100000001,,CV12,6,,0,,1,1_12/100000001
1,03/0039701,,CA03,3,,0,,1,1_03/0039701
1,12/PG00009,,CV12,6,,0,,1,1_12/PG00009
1,01/07939AR,,TA01,1,,0,,1,1_01/07939AR
1,02/10479M2,,TI02,2,,0,,1,1_02/10479M2
1,02/10479M1,,TI02,2,,0,,1,1_02/10479M1
1,02/10475,,TI02,2,,0,,1,1_02/10475
1,01/10078,,TA01,1,,0,,1,1_01/10078
1,01/10077,,TA01,1,,0,,1,1_01/10077
1,03/1321050,,CA03,3,,0,,1,1_03/1321050
1,02/10481,,TI02,2,,0,,1,1_02/10481
1,PR/1799/0003,,TI02,2,,0,,1,1_PR/1799/0003
1,PR/1799/0004,,TI02,2,,0,,1,1_PR/1799/0004
1,PR/1669/0028,,TA01,1,,0,,1,1_PR/1669/0028
1,PR/0240/0020,,TA01,1,,0,,1,1_PR/0240/0020
1,13/10025M,,CA13,3,,0,,1,1_13/10025M
1,01/10080,,TA01,1,,0,,1,1_01/10080
1,PR/0617/0149,,TI02,2,,0,,1,1_PR/0617/0149
1,PR/0160/0003,,TA01,1,,0,,1,1_PR/0160/0003
1,PR/1669/0029,,TA01,1,,0,,1,1_PR/1669/0029
1,13/10538,,CA13,3,,0,2017-11-30,1,1_13/10538
1,PR/1669/0030,,TI02,2,,0,,1,1_PR/1669/0030
1,13/10604,,CA13,3,,0,2017-11-30,1,1_13/10604
1,PR/1669/0031,,TA01,1,,0,,1,1_PR/1669/0031
1,02/08386A,,TI02,2,,0,,1,1_02/08386A
1,PR/1669/0031-A,,TA01,1,,0,,1,1_PR/1669/0031-A
1,02/09806AR,,TI02,2,,0,,1,1_02/09806AR
1,12/80897,,CV12,6,,0,,1,1_12/80897
1,12/80898,,CV12,6,,0,,1,1_12/80898
1,PR/1778/0002,,TA01,1,,0,,1,1_PR/1778/0002
1,PR/1641/0011,,TA01,1,,0,,1,1_PR/1641/0011
1,12/80938,,CV12,6,,0,,1,1_12/80938
1,12/80939,,CV12,6,,0,,1,1_12/80939
1,01/100810103,,TA01,1,,0,,1,1_01/100810103
1,01/100810102,,TA01,1,,0,,1,1_01/100810102
1,12/80898A,,CV12,6,,0,,1,1_12/80898A
1,02/08239A,,TI02,2,,0,,1,1_02/08239A
1,10/05267,,TI10,2,,0,,1,1_10/05267
1,PR/0493/0002,,TA01,1,,0,,1,1_PR/0493/0002
1,01/1008102,,TA01,1,,0,,1,1_01/1008102
1,01/10085,,TA01,1,,0,,1,1_01/10085
1,02/10499,,TI02,2,,0,,1,1_02/10499
1,01/1008101,,TA01,1,,0,,1,1_01/1008101
1,01/100810101,,TA01,1,,0,,1,1_01/100810101
1,01/100810201,,TA01,1,,0,,1,1_01/100810201
1,01/10081M,,TA01,1,,0,,1,1_01/10081M
1,01/1008101M,,TA01,1,,0,,1,1_01/1008101M
1,01/1008102M,,TA01,1,,0,,1,1_01/1008102M
1,02/10792R,,TI02,2,,0,,1,1_02/10792R
1,02/061700041,,TI02,2,,0,,1,1_02/061700041
1,12/4230101R,,CV12,6,,0,,1,1_12/4230101R
1,54/40100,,TA54,1,,0,,1,1_54/40100
1,PR/BRPA/0001,,TI02,2,,0,,1,1_PR/BRPA/0001
1,57/40040,,TA57,1,,0,,1,1_57/40040
1,PR/0493/0003,,TA01,1,,0,,1,1_PR/0493/0003
1,PR/0493/0003R,,TA01,1,,0,,1,1_PR/0493/0003R
1,PR/0493/0004,,TA01,1,,0,,1,1_PR/0493/0004
1,PR/0493/0004-A,,TA01,1,,0,,1,1_PR/0493/0004-A
1,PR/0493/0005,,TA01,1,,0,,1,1_PR/0493/0005
1,02/09224A,,TI02,2,,0,,1,1_02/09224A
1,02/10831R,,TI02,2,,0,,1,1_02/10831R
1,01/10090R,,TA01,1,,0,,1,1_01/10090R
1,02/09042R,,TI02,2,,0,,1,1_02/09042R
1,02/10441CR,,TI02,2,,0,,1,1_02/10441CR
1,02/09688,,TI02,2,,0,,1,1_02/09688
1,PR/0493/0006,,TA01,1,,0,,1,1_PR/0493/0006
1,02/09812,,TI02,2,,0,,1,1_02/09812
1,01/10086,,TA01,1,,0,,1,1_01/10086
1,02/07870R,,TI02,2,,0,,1,1_02/07870R
1,PR/0617/0021,,TI02,2,,0,,1,1_PR/0617/0021
1,PR/1007/0056,,TI02,2,,0,,1,1_PR/1007/0056
1,02/10483,,TI02,2,,0,,1,1_02/10483
1,02/10482,,TI02,2,,0,,1,1_02/10482
1,12/50012R,,CV12,6,,0,,1,1_12/50012R
1,01/1016301,,TA01,1,,0,,1,1_01/1016301
1,02/10484R,,TI02,2,,0,,1,1_02/10484R
1,02/09187R,,TI02,2,,0,,1,1_02/09187R
1,02/021100001,,TI02,2,,0,,1,1_02/021100001
1,01/10081M1,,TA01,1,,0,,1,1_01/10081M1
1,12/TI00025R,,CV12,6,,0,,1,1_12/TI00025R
1,PR/1708/0018,,TI02,2,,0,,1,1_PR/1708/0018
1,PR/ROBR/0001,,TA01,1,,0,,1,1_PR/ROBR/0001
1,PR/ROBR/0002,,TA01,1,,0,,1,1_PR/ROBR/0002
1,02/09801,,TI02,2,,0,,1,1_02/09801
1,02/09953,,TI02,2,,0,,1,1_02/09953
1,02/10485,,TI02,2,,0,,1,1_02/10485
1,PR/1557/0028,,TI02,2,,0,,1,1_PR/1557/0028
1,02/10486,,TI02,2,,0,,1,1_02/10486
1,02/10487,,TI02,2,,0,,1,1_02/10487
1,02/10488,,TI02,2,,0,,1,1_02/10488
1,10/06090,,TI10,2,,0,,1,1_10/06090
1,02/10489,,TI02,2,,0,,1,1_02/10489
1,PR/1209/0001,,TA01,1,,0,,1,1_PR/1209/0001
1,PR/1557/002801,,TI02,2,,0,,1,1_PR/1557/002801
1,PR/0211/0001,,TA01,1,,0,,1,1_PR/0211/0001
1,04/177900002A,,PL04,4,,0,,1,1_04/177900002A
1,04/177900002B,,PL04,4,,0,,1,1_04/177900002B
1,04/177900002C,,PL04,4,,0,,1,1_04/177900002C
1,02/09602,,TI02,2,,0,,1,1_02/09602
1,02/08437,,TI02,2,,0,,1,1_02/08437
1,02/10490,,TI02,2,,0,,1,1_02/10490
1,02/10490M,,TI02,2,,0,,1,1_02/10490M
1,01/10089,,TA01,1,,0,,1,1_01/10089
1,01/10088,,TA01,1,,0,,1,1_01/10088
1,02/10644,,TI02,2,,0,,1,1_02/10644
1,02/07530AR,,TI02,2,,0,,1,1_02/07530AR
1,01/10090,,TA01,1,,0,,1,1_01/10090
1,10/170525,,TI10,2,,0,,1,1_10/170525
1,03/00399,,CA03,3,,0,,1,1_03/00399
1,PR/1024/0009,,TI02,2,,0,,1,1_PR/1024/0009
1,02/07642R,,TI02,2,,0,,1,1_02/07642R
1,PR/1798/0001,,TI02,2,,0,,1,1_PR/1798/0001
1,12/80940,,CV12,6,,0,,1,1_12/80940
1,01/10083,,TA01,1,,0,,1,1_01/10083
1,02/10162R,,TI02,2,,0,,1,1_02/10162R
1,02/10441CM,,TI02,2,,0,,1,1_02/10441CM
1,03/1531145,,CA03,3,,0,,1,1_03/1531145
1,PR/0617/0284,,TI02,2,,0,,1,1_PR/0617/0284
1,03/00416,,CA03,3,,0,,1,1_03/00416
1,PR/1708/0023,,TI02,2,,0,,1,1_PR/1708/0023
1,PR/1757/0002,,CA03,3,,0,,1,1_PR/1757/0002
1,01/10093,,TA01,1,,0,,1,1_01/10093
1,02/09766M3,,TI02,2,,0,,1,1_02/09766M3
1,01/10360,,TA01,1,,0,,1,1_01/10360
1,02/09701A,,TI02,2,,0,,1,1_02/09701A
1,12/PG00141,,CV12,6,,0,,1,1_12/PG00141
1,12/50131,,CV12,6,,0,,1,1_12/50131
1,02/10019,,TI02,2,,0,,1,1_02/10019
1,02/10019R,,TI02,2,,0,,1,1_02/10019R
1,02/10025,,TI02,2,,0,,1,1_02/10025
1,02/10045,,TI02,2,,0,,1,1_02/10045
1,02/10162,,TI02,2,,0,,1,1_02/10162
1,03/175700001,,CA03,3,,0,,1,1_03/175700001
1,PR/1007/0073,,CA03,3,,0,,1,1_PR/1007/0073
1,02/10216,,TI02,2,,0,,1,1_02/10216
1,02/09727,,TI02,2,,0,,1,1_02/09727
1,02/09727R,,TI02,2,,0,,1,1_02/09727R
1,02/09819,,TI02,2,,0,,1,1_02/09819
1,02/09819R,,TI02,2,,0,,1,1_02/09819R
1,02/10031A,,TI02,2,,0,,1,1_02/10031A
1,02/10031AR,,TI02,2,,0,,1,1_02/10031AR
1,02/10441C01,,TI02,2,,0,,1,1_02/10441C01
1,PR/0617/0195,,TI02,2,,0,,1,1_PR/0617/0195
1,PR/0101/0007,,CA03,3,,0,,1,1_PR/0101/0007
1,03/00133,,CA03,3,,0,,1,1_03/00133
1,02/10491,,TI02,2,,0,,1,1_02/10491
1,01/10091,,TA01,1,,0,,1,1_01/10091
1,54/5100551510,,TA54,1,,0,,1,1_54/5100551510
1,26/61225,,TA26,1,,0,,1,1_26/61225
1,12/PP00149,,CV12,6,,0,,1,1_12/PP00149
1,02/10497M,,TI02,2,,0,,1,1_02/10497M
1,02/1049701,,TI02,2,,0,,1,1_02/1049701
1,PR/0837/0011,,TA01,1,,0,,1,1_PR/0837/0011
1,02/1049702,,TI02,2,,0,,1,1_02/1049702
1,03/2331060,,CA03,3,,0,,1,1_03/2331060
1,03/2331055,,CA03,3,,0,,1,1_03/2331055
1,PR/0837/0010,,TA01,1,,0,,1,1_PR/0837/0010
1,10/11260,,TI10,2,,0,,1,1_10/11260
1,01/10103,,TA01,1,,0,,1,1_01/10103
1,02/10407AR,,TI02,2,,0,,1,1_02/10407AR
1,01/10102,,TA01,1,,0,,1,1_01/10102
1,11/11022,,TA11,1,,0,,1,1_11/11022
1,PR/0617/0160,,TI02,2,,0,,1,1_PR/0617/0160
1,PR/0617/0160-A,,TI02,2,,0,,1,1_PR/0617/0160-A
1,26/61230,,TA26,1,,0,,1,1_26/61230
1,02/10497M1,,TI02,2,,0,,1,1_02/10497M1
1,02/10380,,TI02,2,,0,,1,1_02/10380
1,02/10381,,TI02,2,,0,,1,1_02/10381
1,MA.021-R,,YMA-MA,1,,0,,1,1_MA.021-R
1,02/10407A,,TI02,2,,0,,1,1_02/10407A
1,01/10081,,TA01,1,,0,,1,1_01/10081
1,01/10081R,,TA01,1,,0,,1,1_01/10081R
1,26/61260,,TA26,1,,0,,1,1_26/61260
1,02/10495,,TI02,2,,0,,1,1_02/10495
1,PR/1729/0002,,TA01,1,,0,,1,1_PR/1729/0002
1,02/10575A,,TI02,2,,0,,1,1_02/10575A
1,PR/0267/0061,,TI02,2,,0,,1,1_PR/0267/0061
1,PR/0617/0180-C,,TI02,2,,0,,1,1_PR/0617/0180-C
1,02/10675,,TI02,2,,0,,1,1_02/10675
1,04/181000001,,PL04,4,,0,,1,1_04/181000001
1,PR/1683/0006,,CA03,3,,0,,1,1_PR/1683/0006
1,02/10496M,,TI02,2,,0,,1,1_02/10496M
1,PR/1657/0007,,TA01,1,,0,,1,1_PR/1657/0007
1,02/10218CM,,TI02,2,,0,,1,1_02/10218CM
1,02/10218A,,TI02,2,,0,,1,1_02/10218A
1,02/10218C,,TI02,2,,0,,1,1_02/10218C
1,02/10218,,TI02,2,,0,,1,1_02/10218
1,02/10218B,,TI02,2,,0,,1,1_02/10218B
1,PR/0104/0061,,TI02,2,,0,,1,1_PR/0104/0061
1,04/024000054,,PL04,4,,0,,1,1_04/024000054
1,04/024000055,,PL04,4,,0,,1,1_04/024000055
1,03/0040001,,CA03,3,,0,,1,1_03/0040001
1,PR/0617/0150,,TI02,2,,0,,1,1_PR/0617/0150
1,PR/0617/0153,,TI02,2,,0,,1,1_PR/0617/0153
1,PR/0617/0153-A,,TI02,2,,0,,1,1_PR/0617/0153-A
1,PR/0617/0151,,TI02,2,,0,,1,1_PR/0617/0151
1,PR/0617/0151-A,,TI02,2,,0,,1,1_PR/0617/0151-A
1,PR/0617/0151-B,,TI02,2,,0,,1,1_PR/0617/0151-B
1,PR/0617/0151-C,,TI02,2,,0,,1,1_PR/0617/0151-C
1,PR/0617/0152,,TI02,2,,0,,1,1_PR/0617/0152
1,PR/0617/0152-A,,TI02,2,,0,,1,1_PR/0617/0152-A
1,PR/ILER/0001,,TI02,2,,0,,1,1_PR/ILER/0001
1,PR/0617/0152-C,,TI02,2,,0,,1,1_PR/0617/0152-C
1,PR/0617/0152-B,,TI02,2,,0,,1,1_PR/0617/0152-B
1,02/10500,,TI02,2,,0,,1,1_02/10500
1,PR/0837/0012,,TI02,2,,0,,1,1_PR/0837/0012
1,02/10498,,TI02,2,,0,,1,1_02/10498
1,PR/ILER/0004,,TI02,2,,0,,1,1_PR/ILER/0004
1,PR/ILER/0002,,TI02,2,,0,,1,1_PR/ILER/0002
1,PR/ILER/0003,,TI02,2,,0,,1,1_PR/ILER/0003
1,01/10104,,TA01,1,,0,,1,1_01/10104
1,01/10105,,TA01,1,,0,,1,1_01/10105
1,01/10082R,,TA01,1,,0,,1,1_01/10082R
1,12/523012R,,CV12,6,,0,,1,1_12/523012R
1,02/10614,,TI02,2,,0,,1,1_02/10614
1,02/10496,,TI02,2,,0,,1,1_02/10496
1,02/10483R,,TI02,2,,0,,1,1_02/10483R
1,01/10082,,TA01,1,,0,,1,1_01/10082
1,01/10082H,,TA01,1,,0,,1,1_01/10082H
1,02/09976AM1,,TI02,2,,0,,1,1_02/09976AM1
1,PR/1669/0033,,TA01,1,,0,,1,1_PR/1669/0033
1,PR/1669/0032,,TA01,1,,0,,1,1_PR/1669/0032
1,PR/0820/0012-A,,TA01,1,,0,,1,1_PR/0820/0012-A
1,02/071100001,,TI02,2,,0,,1,1_02/071100001
1,12/70231,,CV12,6,,0,,1,1_12/70231
1,55/8060351010,,TI55,2,,0,,1,1_55/8060351010
1,PR/0066/0006,,TA01,1,,0,,1,1_PR/0066/0006
1,11/00028B,,TA11,1,,0,,1,1_11/00028B
1,11/00028B01,,TA11,1,,0,,1,1_11/00028B01
1,10/11260HM,,TI02,2,,0,,1,1_10/11260HM
1,10/11260H,,TI10,2,,0,,1,1_10/11260H
1,55/804020505,,TI55,2,,0,,1,1_55/804020505
1,01/10107M,,TA01,1,,0,,1,1_01/10107M
1,PR/0145/0010,,TI02,2,,0,,1,1_PR/0145/0010
1,56/00006A,,TA56,1,,0,,1,1_56/00006A
1,PR/0718/0005,,TI02,2,,0,,1,1_PR/0718/0005
1,PR/0718/0006,,TI02,2,,0,,1,1_PR/0718/0006
1,PR/0718/0007,,TI02,2,,0,,1,1_PR/0718/0007
1,04/1609200075,,PL04,4,,0,,1,1_04/1609200075
1,04/1609360075,,PL04,4,,0,,1,1_04/1609360075
1,01/10243,,TA01,1,,0,,1,1_01/10243
1,02/10808M,,TI02,2,,0,,1,1_02/10808M
1,02/09774A,,TI02,2,,0,,1,1_02/09774A
1,12/80941,,CV12,6,,0,,1,1_12/80941
1,12/80942,,CV12,6,,0,,1,1_12/80942
1,01/10106,,TA01,1,,0,,1,1_01/10106
1,PR/0820/0013,,TA01,1,,0,,1,1_PR/0820/0013
1,01/181100002,,TA01,1,,0,,1,1_01/181100002
1,02/10501,,TI02,2,,0,,1,1_02/10501
1,70/70307195,,TA70,1,,0,,1,1_70/70307195
1,12/PL00010,,CV12,6,,0,,1,1_12/PL00010
1,12/PV00056,,CV12,6,,0,,1,1_12/PV00056
1,PR/0634/0034,,TA01,1,,0,,1,1_PR/0634/0034
1,PR/0634/0036,,TA01,1,,0,,1,1_PR/0634/0036
1,PR/0617/0154,,TI02,2,,0,,1,1_PR/0617/0154
1,PR/0634/0037,,TI02,2,,0,,1,1_PR/0634/0037
1,PR/0145/0011,,TI02,2,,0,,1,1_PR/0145/0011
1,PR/1709/0010,,TI02,2,,0,,1,1_PR/1709/0010
1,70/70307195A,,TA70,1,,0,,1,1_70/70307195A
1,PR/0617/0155,,TI02,2,,0,,1,1_PR/0617/0155
1,02/10506,,TI02,2,,0,,1,1_02/10506
1,12/80943,,CV12,6,,0,,1,1_12/80943
1,PR/0634/0038,,TA01,1,,0,,1,1_PR/0634/0038
1,01/10001,,TA01,1,,0,,1,1_01/10001
1,02/10505,,TI02,2,,0,,1,1_02/10505
1,PR/0617/0156-A,,TI02,2,,0,,1,1_PR/0617/0156-A
1,02/10503,,TI02,2,,0,,1,1_02/10503
1,PR/0617/0157,,TI02,2,,0,,1,1_PR/0617/0157
1,01/10105R,,TA01,1,,0,,1,1_01/10105R
1,51/720202,,TA51,1,,0,,1,1_51/720202
1,02/09976M1,,TI02,2,,0,,1,1_02/09976M1
1,12/70226,,CV12,2,,0,,1,1_12/70226
1,02/10507,,TI02,2,,0,,1,1_02/10507
1,56/33005,,TA56,1,,0,,1,1_56/33005
1,56/10010,,TA56,1,,0,,1,1_56/10010
1,02/10504,,TI02,2,,0,,1,1_02/10504
1,12/XG280013,,CV12,6,,0,,1,1_12/XG280013
1,12/DR00002,,CV12,6,,0,,1,1_12/DR00002
1,02/10194R,,TI02,2,,0,,1,1_02/10194R
1,12/PG05594,,CV12,6,,0,,1,1_12/PG05594
1,01/10510,,TA01,1,,0,,1,1_01/10510
1,01/10511,,TA01,1,,0,,1,1_01/10511
1,01/10512,,TA01,1,,0,,1,1_01/10512
1,26/206121,,TA26,1,,0,,1,1_26/206121
1,12/80944,,CV12,6,,0,,1,1_12/80944
1,.TA01/99999,,TA01,1,,0,,1,1_.TA01/99999
1,26/61050,,TA26,1,,0,,1,1_26/61050
1,26/60825,,TA26,1,,0,,1,1_26/60825
1,02/1049599,,TI02,2,,0,,1,1_02/1049599
1,04/024000031,,PL04,4,,0,,1,1_04/024000031
1,02/10502R,,TI02,2,,0,,1,1_02/10502R
1,PR/EKTA/0001,,TA01,1,,0,,1,1_PR/EKTA/0001
1,PR/EKTA/0002,,TA01,1,,0,,1,1_PR/EKTA/0002
1,PR/EKTA/0003,,TA01,1,,0,,1,1_PR/EKTA/0003
1,02/1049599M,,TI02,2,,0,,1,1_02/1049599M
1,01/10512M,,TA01,1,,0,,1,1_01/10512M
1,02/09976M3,,TI02,2,,0,,1,1_02/09976M3
1,02/1049599M1,,TI02,2,,0,,1,1_02/1049599M1
1,01/09706M,,TA01,1,,0,,1,1_01/09706M
1,13/10519,,CA13,3,,0,,1,1_13/10519
1,01/10513,,TA01,1,,0,,1,1_01/10513
1,12/XG360029,,CV12,6,,0,,1,1_12/XG360029
1,12/PV00057,,CV12,3,,0,,1,1_12/PV00057
1,12/XG360027,,CV12,6,,0,,1,1_12/XG360027
1,03/10008,,CA03,3,,0,,1,1_03/10008
1,02/026700013,,TI02,2,,0,,1,1_02/026700013
1,EP.001-R,,YMA-EP,1,,0,,1,1_EP.001-R
1,02/10514M1,,TI02,2,,0,,1,1_02/10514M1
1,12/PF00003,,CV12,6,,0,,1,1_12/PF00003
1,PR/1811/0001,,TA01,1,,0,,1,1_PR/1811/0001
1,02/10514,,TI02,2,,0,,1,1_02/10514
1,02/10514M2,,TI02,2,,0,,1,1_02/10514M2
1,PR/1811/0002,,TA01,1,,0,,1,1_PR/1811/0002
1,02/10547,,TI02,2,,0,,1,1_02/10547
1,26/6205161,,TA26,1,,0,,1,1_26/6205161
1,26/6205121,,TA26,1,,0,,1,1_26/6205121
1,26/205101,,TA26,1,,0,,1,1_26/205101
1,26/205121,,TA26,1,,0,,1,1_26/205121
1,PR/1811/0003,,TA01,1,,0,,1,1_PR/1811/0003
1,PR/1811/0004,,TA01,1,,0,,1,1_PR/1811/0004
1,PR/1811/0005,,TA01,1,,0,,1,1_PR/1811/0005
1,02/10516,,TI02,2,,0,,1,1_02/10516
1,02/10502,,TI02,2,,0,,1,1_02/10502
1,PR/1007/0069,,CA03,3,,0,,1,1_PR/1007/0069
1,03/00402,,CA03,3,,0,,1,1_03/00402
1,PR/0617/0158,,TI02,2,,0,,1,1_PR/0617/0158
1,12/5230091,,CV12,6,,0,,1,1_12/5230091
1,12/5230091R,,CV12,6,,0,,1,1_12/5230091R
1,01/10109,,TA01,1,,0,,1,1_01/10109
1,02/1044801,,TI02,2,,0,,1,1_02/1044801
1,04/143800008,,PL04,4,,0,,1,1_04/143800008
1,04/143800019A,,PL04,4,,0,,1,1_04/143800019A
1,12/063200002A,,CV12,6,,0,,1,1_12/063200002A
1,12/063200002,,CV12,6,,0,,1,1_12/063200002
1,PR/1811/0001-A,,TA01,1,,0,,1,1_PR/1811/0001-A
1,PR/1811/0002-A,,TA01,1,,0,,1,1_PR/1811/0002-A
1,PR/1811/0003-A,,TA01,1,,0,,1,1_PR/1811/0003-A
1,PR/1811/0004-A,,TA01,1,,0,,1,1_PR/1811/0004-A
1,PR/1811/0005-A,,TA01,1,,0,,1,1_PR/1811/0005-A
1,PR/1811/0006,,TA01,1,,0,,1,1_PR/1811/0006
1,04/024000044,,PL04,4,,0,,1,1_04/024000044
1,04/024000057,,PL04,4,,0,,1,1_04/024000057
1,12/063200001,,CV12,6,,0,,1,1_12/063200001
1,10/16680,,TI10,2,,0,,1,1_10/16680
1,10/16690,,TI10,2,,0,,1,1_10/16690
1,04/143800009,,PL04,4,,0,,1,1_04/143800009
1,04/143800009A,,PL04,4,,0,,1,1_04/143800009A
1,04/143800010,,PL04,4,,0,,1,1_04/143800010
1,12/80945,,CV12,6,,0,,1,1_12/80945
1,04/143800010A,,PL04,4,,0,,1,1_04/143800010A
1,01/100100970,,TA01,1,,0,,1,1_01/100100970
1,04/143800001,,PL04,4,,0,,1,1_04/143800001
1,01/10110,,TA01,1,,0,,1,1_01/10110
1,01/1011001,,TA01,1,,0,,1,1_01/1011001
1,01/10111,,TA01,1,,0,,1,1_01/10111
1,01/10112,,TA01,1,,0,,1,1_01/10112
1,01/1011201,,TA01,1,,0,,1,1_01/1011201
1,PR/1669/0034,,TA01,1,,0,,1,1_PR/1669/0034
1,01/0948301,,TA01,1,,0,,1,1_01/0948301
1,02/10492,,TI02,2,,0,,1,1_02/10492
1,PR/0617/0159,,TA01,2,,0,,1,1_PR/0617/0159
1,PR/0617/0159-A,,TA01,2,,0,,1,1_PR/0617/0159-A
1,51/34020,,TA51,1,,0,,1,1_51/34020
1,03/00403,,CA03,3,,0,,1,1_03/00403
1,PR/EKTA/0001-A,,TA01,1,,0,,1,1_PR/EKTA/0001-A
1,PR/EKTA/0002-A,,TA01,1,,0,,1,1_PR/EKTA/0002-A
1,PR/EKTA/0004-A,,TA01,1,,0,,1,1_PR/EKTA/0004-A
1,02/10509,,TI02,2,,0,,1,1_02/10509
1,01/10116,,TA01,1,,0,,1,1_01/10116
1,01/10115,,TA01,1,,0,,1,1_01/10115
1,PR/0066/0007,,TA01,1,,0,,1,1_PR/0066/0007
1,12/80030,,CV12,6,,0,,1,1_12/80030
1,12/80031,,CV12,6,,0,,1,1_12/80031
1,02/08600,,TI02,2,,0,,1,1_02/08600
1,02/10511,,TI02,2,,0,,1,1_02/10511
1,02/10519,,TI02,2,,0,,1,1_02/10519
1,02/10512,,TI02,2,,0,,1,1_02/10512
1,02/10512M,,TI02,2,,0,,1,1_02/10512M
1,02/10519M,,TI02,2,,0,,1,1_02/10519M
1,02/10511M,,TI02,2,,0,,1,1_02/10511M
1,02/061700030,,TI02,2,,0,,1,1_02/061700030
1,02/060400001,,TI02,2,,0,,1,1_02/060400001
1,12/70218,,CV12,6,,0,,1,1_12/70218
1,01/10114AR,,TA01,1,,0,,1,1_01/10114AR
1,01/10113AR,,TA01,1,,0,,1,1_01/10113AR
1,02/10510A,,TI02,2,,0,,1,1_02/10510A
1,02/10510,,TI02,2,,0,,1,1_02/10510
1,03/00404,,CA03,3,,0,,1,1_03/00404
1,01/10251,,TA01,1,,0,,1,1_01/10251
1,02/10523,,TI02,2,,0,,1,1_02/10523
1,02/10524,,TI02,2,,0,,1,1_02/10524
1,02/10523M,,TI02,2,,0,,1,1_02/10523M
1,01/09483A01,,TA01,1,,0,,1,1_01/09483A01
1,01/1011701,,TA01,1,,0,,1,1_01/1011701
1,03/00437,,CA03,3,,0,,1,1_03/00437
1,01/09483A02,,TA01,1,,0,,1,1_01/09483A02
1,02/10521,,TI02,2,,0,,1,1_02/10521
1,02/10524M,,TI02,2,,0,,1,1_02/10524M
1,02/10522,,TI02,2,,0,,1,1_02/10522
1,02/10521M,,TI02,2,,0,,1,1_02/10521M
1,70/70307,,TA70,1,,0,,1,1_70/70307
1,70/70307195M,,TA70,1,,0,,1,1_70/70307195M
1,01/10119,,TA01,1,,0,,1,1_01/10119
1,01/1011801,,TA01,1,,0,,1,1_01/1011801
1,10/00368,,TI10,2,,0,,1,1_10/00368
1,YMA-UL,,,4,,0,,1,1_YMA-UL
1,10/11240,,TI10,2,,0,,1,1_10/11240
1,12/70223R,,CV12,6,,0,,1,1_12/70223R
1,UL.001,,YMA-UL,4,,0,,1,1_UL.001
1,UL.001-M,,YMA-UL,4,,0,,1,1_UL.001-M
1,02/10525,,TI02,2,,0,,1,1_02/10525
1,01/10098,,TA01,1,,0,,1,1_01/10098
1,02/10526,,TI02,2,,0,,1,1_02/10526
1,01/10089A,,TA,1,,0,,1,1_01/10089A
1,02/10520,,TI02,2,,0,,1,1_02/10520
1,01/10113R,,TA01,1,,0,,1,1_01/10113R
1,01/10114R,,TA01,1,,0,,1,1_01/10114R
1,01/10098A,,TA01,1,,0,,1,1_01/10098A
1,01/10099A,,TA01,1,,0,,1,1_01/10099A
1,01/10100A,,TA01,1,,0,,1,1_01/10100A
1,01/10099,,TA01,1,,0,,1,1_01/10099
1,01/10100,,TA01,1,,0,,1,1_01/10100
1,PR/0617/0166,,TI02,2,,0,,1,1_PR/0617/0166
1,PR/1567/0010,,TI02,2,,0,,1,1_PR/1567/0010
1,02/10427AM,,TI02,2,,0,,1,1_02/10427AM
1,02/10527,,TI02,2,,0,,1,1_02/10527
1,02/10528,,TI02,2,,0,,1,1_02/10528
1,02/1052801,,TI02,2,,0,,1,1_02/1052801
1,PR/1682/0012,,TI02,2,,0,,1,1_PR/1682/0012
1,PR/2013/0025,,TA01,1,,0,,1,1_PR/2013/0025
1,25/00006,,TA25,1,,0,,1,1_25/00006
1,PR/0160/0005,,TA01,1,,0,,1,1_PR/0160/0005
1,PR/0104/0062,,TI02,2,,0,,1,1_PR/0104/0062
1,PR/0690/0018,,TI02,2,,0,,1,1_PR/0690/0018
1,02/10452A,,TI02,2,,0,,1,1_02/10452A
1,02/10502A,,TI02,2,,0,,1,1_02/10502A
1,PR/LUMI/0002,,TI02,2,,0,,1,1_PR/LUMI/0002
1,12/00100,,CV12,6,,0,,1,1_12/00100
1,01/1012701,,TA01,1,,0,,1,1_01/1012701
1,PR/1007/0070,,CA03,3,,0,,1,1_PR/1007/0070
1,02/10502AR,,TI02,2,,0,,1,1_02/10502AR
1,01/114400003,,TA01,1,,0,,1,1_01/114400003
1,02/10872,,TI02,2,,0,,1,1_02/10872
1,02/10505AR,,TI02,2,,0,,1,1_02/10505AR
1,02/10503A,,TI02,2,,0,,1,1_02/10503A
1,02/10503AR,,TI02,2,,0,,1,1_02/10503AR
1,03/00405,,CA03,3,,0,,1,1_03/00405
1,PR/1682/0013,,TI02,2,,0,,1,1_PR/1682/0013
1,10/01005R,,TI10,2,,0,,1,1_10/01005R
1,10/01006R,,TI10,2,,0,,1,1_10/01006R
1,70/7030716,,TA70,1,,0,,1,1_70/7030716
1,02/10554,,TI02,2,,0,,1,1_02/10554
1,01/10122,,TA01,1,,0,,1,1_01/10122
1,01/10129,,TA01,1,,0,,1,1_01/10129
1,70/7030716M,,TA70,1,,0,,1,1_70/7030716M
1,PR/1682/0021,,TI02,2,,0,,1,1_PR/1682/0021
1,12/PG15002,,CV12,6,,0,,1,1_12/PG15002
1,02/08055R,,TI02,2,,0,,1,1_02/08055R
1,01/10123,,TA01,1,,0,,1,1_01/10123
1,01/1012301,,TA01,1,,0,,1,1_01/1012301
1,12/PV00058,,CV12,6,,0,,1,1_12/PV00058
1,PR/1800/0002,,TA01,1,,0,,1,1_PR/1800/0002
1,12/PV00059,,CV12,6,,0,,1,1_12/PV00059
1,PR/1800/0001,,TA01,1,,0,,1,1_PR/1800/0001
1,02/10021,,TI02,2,,0,,1,1_02/10021
1,01/10114,,TA01,1,,0,,1,1_01/10114
1,02/10530,,TI02,2,,0,,1,1_02/10530
1,02/10505A,,TI02,2,,0,,1,1_02/10505A
1,02/09636M,,TI02,2,,0,,1,1_02/09636M
1,01/10113,,TA01,1,,0,,1,1_01/10113
1,01/08522M,,TA01,1,,0,,1,1_01/08522M
1,03/0040601,,CA03,3,,0,,1,1_03/0040601
1,03/2621165A,,CA03,3,,0,,1,1_03/2621165A
1,01/0982402R,,TA01,1,,0,,1,1_01/0982402R
1,PR/1021/0001,,TI02,2,,0,,1,1_PR/1021/0001
1,02/09636,,TI02,2,,0,,1,1_02/09636
1,02/10495R,,TI02,2,,0,,1,1_02/10495R
1,02/09637M,,TI02,2,,0,,1,1_02/09637M
1,02/10531M,,TI02,2,,0,,1,1_02/10531M
1,02/10531,,TI02,2,,0,,1,1_02/10531
1,02/09637,,TI02,2,,0,,1,1_02/09637
1,PR/0085/0012,,TA01,1,,0,,1,1_PR/0085/0012
1,70/70307095,,TA70,1,,0,,1,1_70/70307095
1,70/70307095M,,TA70,1,,0,,1,1_70/70307095M
1,02/10021R,,TI02,2,,0,,1,1_02/10021R
1,02/09187,,TI02,2,,0,,1,1_02/09187
1,PR/1021/0002,,TI02,2,,0,,1,1_PR/1021/0002
1,02/07870,,TI02,2,,0,,1,1_02/07870
1,01/10125,,TA01,1,,0,,1,1_01/10125
1,12/PG15005,,CV12,6,,0,,1,1_12/PG15005
1,04/181500001,,PL04,4,,0,,1,1_04/181500001
1,01/1012601,,TA01,1,,0,,1,1_01/1012601
1,12/PG15006,,CV12,6,,0,,1,1_12/PG15006
1,02/09701R,,TI02,2,,0,,1,1_02/09701R
1,02/1002502,,TI02,2,,0,,1,1_02/1002502
1,02/1002503,,TI02,2,,0,,1,1_02/1002503
1,02/1002501,,TI02,2,,0,,1,1_02/1002501
1,03/2421080A,,CA03,3,,0,,1,1_03/2421080A
1,PB.104,,YMA-PB,1,,0,,1,1_PB.104
1,01/10130,,TA01,1,,0,,1,1_01/10130
1,01/10131,,TA01,1,,0,,1,1_01/10131
1,02/1002201,,TI02,2,,0,,1,1_02/1002201
1,02/10026,,TI02,2,,0,,1,1_02/10026
1,02/1062501,,TI02,2,,0,,1,1_02/1062501
1,02/0970002,,TI02,2,,0,,1,1_02/0970002
1,28/30055,,TA28,1,,0,,1,1_28/30055
1,02/09700A02,,TI02,2,,0,,1,1_02/09700A02
1,02/0972701,,TI02,2,,0,,1,1_02/0972701
1,02/1003101,,TI02,2,,0,,1,1_02/1003101
1,02/1002603,,TI02,2,,0,,1,1_02/1002603
1,02/1002202,,TI02,2,,0,,1,1_02/1002202
1,02/08979,,TI02,2,,0,,1,1_02/08979
1,02/10277R,,TI02,2,,0,,1,1_02/10277R
1,02/10022AR,,TI02,2,,0,,1,1_02/10022AR
1,02/1021601,,TI02,2,,0,,1,1_02/1021601
1,02/1021602,,TI02,2,,0,,1,1_02/1021602
1,02/10517,,TI02,2,,0,,1,1_02/10517
1,02/10517A,,TI02,2,,0,,1,1_02/10517A
1,02/1051701,,TI02,2,,0,,1,1_02/1051701
1,02/10448,,TI02,2,,0,,1,1_02/10448
1,04/02117A01,,PL04,4,,0,,1,1_04/02117A01
1,04/02117A,,PL04,4,,0,,1,1_04/02117A
1,04/024000163,,PL04,4,,0,,1,1_04/024000163
1,01/1012801,,TA01,1,,0,,1,1_01/1012801
1,01/10128,,TA01,1,,0,,1,1_01/10128
1,PR/0048/0049,,TI02,2,,0,,1,1_PR/0048/0049
1,01/10113M,,TA01,1,,0,,1,1_01/10113M
1,02/10532,,TI02,2,,0,,1,1_02/10532
1,11/10013M,,TA11,1,,0,,1,1_11/10013M
1,02/10532M1,,TI02,2,,0,,1,1_02/10532M1
1,01/10132,,TA01,1,,0,,1,1_01/10132
1,11/41208,,TA11,1,,0,,1,1_11/41208
1,01/10129R,,TA01,1,,0,,1,1_01/10129R
1,02/10533,,TI02,2,,0,,1,1_02/10533
1,02/10532M,,TI02,2,,0,,1,1_02/10532M
1,01/10109B,,TA01,1,,0,,1,1_01/10109B
1,01/0982403,,TA01,1,,0,,1,1_01/0982403
1,PR/1669/0035,,TA01,1,,0,,1,1_PR/1669/0035
1,PR/1669/0036,,TA01,1,,0,,1,1_PR/1669/0036
1,PR/0617/0164,,TI02,2,,0,,1,1_PR/0617/0164
1,PR/0617/0161,,TI02,1,,0,,1,1_PR/0617/0161
1,01/0852201,,TA01,1,,0,,1,1_01/0852201
1,PR/0617/0161-A,,TI02,2,,0,,1,1_PR/0617/0161-A
1,02/08352M1,,TI02,2,,0,,1,1_02/08352M1
1,02/08352M,,TI02,2,,0,,1,1_02/08352M
1,02/08578M,,TI02,2,,0,,1,1_02/08578M
1,02/08578M1,,TI02,2,,0,,1,1_02/08578M1
1,02/10534,,TI02,2,,0,,1,1_02/10534
1,01/10120,,TA01,1,,0,,1,1_01/10120
1,12/PG02005,,CV12,6,,0,,1,1_12/PG02005
1,PR/0085/0013,,TA01,1,,0,,1,1_PR/0085/0013
1,02/022800002,,TI02,2,,0,,1,1_02/022800002
1,13/10004,,CA13,3,,0,,1,1_13/10004
1,13/10005,,CA13,3,,0,,1,1_13/10005
1,02/10521R,,TI02,2,,0,,1,1_02/10521R
1,02/1002101,,TI02,2,,0,,1,1_02/1002101
1,02/1002102,,TI02,2,,0,,1,1_02/1002102
1,02/09701A01,,TI02,2,,0,,1,1_02/09701A01
1,12/80685,,CV12,6,,0,,1,1_12/80685
1,70/70507,,TA70,1,,0,,1,1_70/70507
1,70/70406,,TA70,1,,0,,1,1_70/70406
1,02/10384R,,TI02,2,,0,,1,1_02/10384R
1,02/10554M,,TI02,2,,0,,1,1_02/10554M
1,02/09692BR,,TI02,2,,0,,1,1_02/09692BR
1,12/80033,,CV12,6,,0,,1,1_12/80033
1,01/10536,,TA01,1,,0,,1,1_01/10536
1,PR/0617/0165,,TI02,2,,0,,1,1_PR/0617/0165
1,11/0061001,,TA11,1,,0,,1,1_11/0061001
1,11/0060501,,TA11,1,,0,,1,1_11/0060501
1,PR/0160/0004,,TA01,1,,0,,1,1_PR/0160/0004
1,PR/1811/0003-B,,TA01,1,,0,,1,1_PR/1811/0003-B
1,PR/1811/0004-B,,TA01,1,,0,,1,1_PR/1811/0004-B
1,PR/1811/0002-B,,TA01,1,,0,,1,1_PR/1811/0002-B
1,01/10123M,,TA01,1,,0,,1,1_01/10123M
1,MA.056-P,,YMA-MA,1,,0,,1,1_MA.056-P
1,PS.061-P,,YMA-PS,1,,0,,1,1_PS.061-P
1,UP.104,,YMA-UP,1,,0,,1,1_UP.104
1,02/10134CR,,TI02,2,,0,,1,1_02/10134CR
1,02/10572,,TI02,2,,0,,1,1_02/10572
1,UP.102-P,,YMA-UP,1,,0,,1,1_UP.102-P
1,UP.102,,YMA-UP,1,,0,,1,1_UP.102
1,02/10521A,,TI02,2,,0,,1,1_02/10521A
1,UP.103,,YMA-UP,1,,0,,1,1_UP.103
1,02/10546,,TI02,2,,0,,1,1_02/10546
1,UP.103-P,,YMA-UP,1,,0,,1,1_UP.103-P
1,PS.059,,YMA-PS,1,,0,,1,1_PS.059
1,02/09700A01,,TI02,2,,0,,1,1_02/09700A01
1,12/80947,,CV12,6,,0,,1,1_12/80947
1,01/10135,,TA01,1,,0,,1,1_01/10135
1,01/10121,,TA01,1,,0,,1,1_01/10121
1,02/101700001,,TI02,2,,0,,1,1_02/101700001
1,PS.060,,YMA-PS,1,,0,,1,1_PS.060
1,PS.060-P,,YMA-PS,1,,0,,1,1_PS.060-P
1,10/10150,,TI10,2,,0,,1,1_10/10150
1,PS.061,,YMA-PS,1,,0,,1,1_PS.061
1,PS.062-P,,YMA-PS,1,,0,,1,1_PS.062-P
1,02/1014801,,TI02,2,,0,,1,1_02/1014801
1,CM.113,,YMA-CM,1,,0,,1,1_CM.113
1,CM.113-P,,YMA-CM,1,,0,,1,1_CM.113-P
1,02/10515R,,TI02,2,,0,,1,1_02/10515R
1,MA.055,,YMA-MA,1,,0,,1,1_MA.055
1,MA.055-P,,YMA-MA,1,,0,,1,1_MA.055-P
1,02/10515,,TI02,2,,0,,1,1_02/10515
1,MA.056,,YMA-MA,1,,0,,1,1_MA.056
1,02/09700AR,,TI02,2,,0,,1,1_02/09700AR
1,PR/1007/0071,,CA03,3,,0,,1,1_PR/1007/0071
1,10/10043,,TI10,2,,0,,1,1_10/10043
1,PS.059-P,,YMA-PS,1,,0,,1,1_PS.059-P
1,02/10550,,TI02,2,,0,,1,1_02/10550
1,PR/0617/0207,,TI02,2,,0,,1,1_PR/0617/0207
1,PR/0617/0167,,TI02,2,,0,,1,1_PR/0617/0167
1,PR/0617/0167-A,,TI02,2,,0,,1,1_PR/0617/0167-A
1,02/09849,,TI02,2,,0,,1,1_02/09849
1,02/10539,,TI02,2,,0,,1,1_02/10539
1,PR/1514/0003,,TA01,1,,0,,1,1_PR/1514/0003
1,PR/1514/0004,,TA01,1,,0,,1,1_PR/1514/0004
1,PR/1514/0005,,TA01,1,,0,,1,1_PR/1514/0005
1,PR/SPHG/0001,,TI02,2,,0,,1,1_PR/SPHG/0001
1,02/10629,,TI02,2,,0,,1,1_02/10629
1,02/10395A,,TI02,2,,0,,1,1_02/10395A
1,02/10517AR,,TI02,2,,0,,1,1_02/10517AR
1,PR/0019/0014,,TI02,2,,0,,1,1_PR/0019/0014
1,02/10543,,TI02,2,,0,,1,1_02/10543
1,02/10495A01,,TI02,2,,0,,1,1_02/10495A01
1,PR/0019/0015,,TI02,2,,0,,1,1_PR/0019/0015
1,02/10540,,TI02,2,,0,,1,1_02/10540
1,02/09972,,TI02,2,,0,,1,1_02/09972
1,02/09675,,TI02,2,,0,,1,1_02/09675
1,02/09677,,TI02,2,,0,,1,1_02/09677
1,02/09265,,TI02,2,,0,,1,1_02/09265
1,02/09266,,TI02,2,,0,,1,1_02/09266
1,02/10541,,TI02,2,,0,,1,1_02/10541
1,02/10542,,TI02,2,,0,,1,1_02/10542
1,.ABC02,,ABCTI,2,,0,,1,1_.ABC02
1,02/10544,,TI02,2,,0,,1,1_02/10544
1,02/10545,,TI02,2,,0,,1,1_02/10545
1,11/11012A,,TA11,1,,0,,1,1_11/11012A
1,PS.060-01,,YMA-PS,1,,0,,1,1_PS.060-01
1,UP.102-01,,YMA-UP,1,,0,,1,1_UP.102-01
1,CM.113-M,,YMA-CM,1,,0,,1,1_CM.113-M
1,70/70307195B,,TA70,1,,0,,1,1_70/70307195B
1,01/10153,,TA01,1,,0,,1,1_01/10153
1,04/148900001,,PL04,4,,0,,1,1_04/148900001
1,01/10137,,TA01,1,,0,,1,1_01/10137
1,01/10138,,TA01,1,,0,,1,1_01/10138
1,01/10139,,TA01,1,,0,,1,1_01/10139
1,EP.003-R,,YMA-EP,1,,0,,1,1_EP.003-R
1,02/10501R,,TI02,2,,0,,1,1_02/10501R
1,70/70307195BM,,TA70,1,,0,,1,1_70/70307195BM
1,PR/1708/0020,,TI02,2,,0,,1,1_PR/1708/0020
1,PR/0240/0021,,TI02,2,,0,,1,1_PR/0240/0021
1,70/7030716BM,,TA70,1,,0,,1,1_70/7030716BM
1,70/70307B,,TA70,1,,0,,1,1_70/70307B
1,70/7030716B,,TA70,1,,0,,1,1_70/7030716B
1,12/PP00151,,CV12,6,,0,,1,1_12/PP00151
1,02/10374A,,TI02,2,,0,,1,1_02/10374A
1,PR/1295/0007,,TI02,2,,0,,1,1_PR/1295/0007
1,PR/1295/0008,,TI02,2,,0,,1,1_PR/1295/0008
1,02/10548,,TI02,2,,0,,1,1_02/10548
1,02/10549,,TI02,2,,0,,1,1_02/10549
1,01/10136,,TA01,1,,0,,1,1_01/10136
1,02/10495A02,,TI02,2,,0,,1,1_02/10495A02
1,PR/0871/0004,,TA01,1,,0,,1,1_PR/0871/0004
1,PR/0871/0005,,TA01,1,,0,,1,1_PR/0871/0005
1,02/10551,,TI02,2,,0,,1,1_02/10551
1,02/10551M,,TI02,2,,0,,1,1_02/10551M
1,02/10374,,TI02,2,,0,,1,1_02/10374
1,02/1037401,,TI02,2,,0,,1,1_02/1037401
1,02/1037401M,,TI02,2,,0,,1,1_02/1037401M
1,01/10140,,TA01,1,,0,,1,1_01/10140
1,PS.001-R,,YMA-PS,1,,0,,1,1_PS.001-R
1,02/10553,,TI02,2,,0,,1,1_02/10553
1,02/10553M,,TI02,2,,0,,1,1_02/10553M
1,55/00302,,TI55,2,,0,,1,1_55/00302
1,02/10021AR,,TI02,2,,0,,1,1_02/10021AR
1,02/09715,,TI02,2,,0,,1,1_02/09715
1,02/09715R,,TI02,2,,0,,1,1_02/09715R
1,02/09700R,,TI02,2,,0,,1,1_02/09700R
1,01/10141,,TA01,1,,0,,1,1_01/10141
1,PR/1097/0008,,TA01,1,,0,,1,1_PR/1097/0008
1,PR/1097/0009,,TA01,1,,0,,1,1_PR/1097/0009
1,70/1403070495,,TA70,1,,0,,1,1_70/1403070495
1,PR/1097/0010,,TA01,1,,0,,1,1_PR/1097/0010
1,70/1402570495,,TA70,1,,0,,1,1_70/1402570495
1,70/1401065495,,TA70,1,,0,,1,1_70/1401065495
1,70/1401035495,,TA70,1,,0,,1,1_70/1401035495
1,02/10556,,TI02,2,,0,,1,1_02/10556
1,UP.102-M,,YMA-UP,1,,0,,1,1_UP.102-M
1,02/10556M,,TI02,2,,0,,1,1_02/10556M
1,12/PP00152,,CV12,6,,0,,1,1_12/PP00152
1,02/10537M,,TI02,2,,0,,1,1_02/10537M
1,03/00410,,CA03,3,,0,,1,1_03/00410
1,03/00410M,,CA03,3,,0,,1,1_03/00410M
1,02/175700001,,TI02,2,,0,,1,1_02/175700001
1,PB.106M,,YMA-PB,1,,0,,1,1_PB.106M
1,12/630100,,CV12,6,,0,,1,1_12/630100
1,PR/1669/0037,,TA01,1,,0,,1,1_PR/1669/0037
1,PR/0617/0168,,TI02,2,,0,,1,1_PR/0617/0168
1,PR/1877/0001,,TA01,1,,0,,1,1_PR/1877/0001
1,PR/0617/0168-A,,TI02,2,,0,,1,1_PR/0617/0168-A
1,12/50121,,CV12,6,,0,,1,1_12/50121
1,10/11080,,TI10,2,,0,,1,1_10/11080
1,01/10143,,TA01,1,,0,,1,1_01/10143
1,01/10142M,,TA01,1,,0,,1,1_01/10142M
1,03/00411,,CA03,3,,0,,1,1_03/00411
1,01/10145,,TA01,1,,0,,1,1_01/10145
1,01/10144,,TA01,1,,0,,1,1_01/10144
1,01/10146,,TA01,1,,0,,1,1_01/10146
1,01/10145M,,TA01,1,,0,,1,1_01/10145M
1,01/10146M,,TA01,1,,0,,1,1_01/10146M
1,PR/1708/0021,,TA01,1,,0,,1,1_PR/1708/0021
1,01/1014401,,TA01,1,,0,,1,1_01/1014401
1,01/1014601,,TA01,1,,0,,1,1_01/1014601
1,12/80948,,CV12,6,,0,,1,1_12/80948
1,PR/1206/0017,,TA01,1,,0,,1,1_PR/1206/0017
1,01/10147,,TA01,1,,0,,1,1_01/10147
1,26/00205,,TA26,1,,0,,1,1_26/00205
1,26/00105,,TA26,1,,0,,1,1_26/00105
1,26/10545,,TA26,1,,0,,1,1_26/10545
1,26/00108,,TA26,1,,0,,1,1_26/00108
1,26/00830,,TA26,1,,0,,1,1_26/00830
1,10/1116095,,TI10,2,,0,,1,1_10/1116095
1,10/10080,,TI10,2,,0,,1,1_10/10080
1,01/10133,,TA01,1,,0,,1,1_01/10133
1,PR/0104/0054,,TI02,2,,0,,1,1_PR/0104/0054
1,02/10562,,TI02,2,,0,,1,1_02/10562
1,10/06208,,TA11,1,,0,,1,1_10/06208
1,01/10148,,TA01,1,,0,,1,1_01/10148
1,01/09801,,TA01,1,,0,,1,1_01/09801
1,02/10561,,TI02,2,,0,,1,1_02/10561
1,02/10559M,,TI02,2,,0,,1,1_02/10559M
1,01/1013401,,TA01,1,,0,,1,1_01/1013401
1,02/09803A,,TI02,2,,0,,1,1_02/09803A
1,12/PP00153,,CV12,6,,0,,1,1_12/PP00153
1,12/51007,,CV12,6,,0,,1,1_12/51007
1,02/10558,,TI02,2,,0,,1,1_02/10558
1,02/09803B01M,,TI02,2,,0,,1,1_02/09803B01M
1,02/09803BR,,TI02,2,,0,,1,1_02/09803BR
1,02/10563,,TI02,2,,0,,1,1_02/10563
1,12/PG01013A,,CV12,6,,0,,1,1_12/PG01013A
1,12/PG01013A01,,CV12,6,,0,,1,1_12/PG01013A01
1,02/10557,,TI02,2,,0,,1,1_02/10557
1,02/061700031M,,TI02,2,,0,,1,1_02/061700031M
1,02/0971502,,TI02,2,,0,,1,1_02/0971502
1,02/0971501,,TI02,2,,0,,1,1_02/0971501
1,02/10562M,,TI02,2,,0,,1,1_02/10562M
1,02/10563M,,TI02,2,,0,,1,1_02/10563M
1,01/09914,,TA01,1,,0,,1,1_01/09914
1,92/00102,,XTI92,8,,0,,1,1_92/00102
1,01/10150,,TA01,1,,0,,1,1_01/10150
1,01/10274,,TA01,1,,0,,1,1_01/10274
1,PR/0929/0011,,TA01,1,,0,,1,1_PR/0929/0011
1,PR/1007/0072,,TI10,2,,0,,1,1_PR/1007/0072
1,PR/0617/0169,,TI02,2,,0,,1,1_PR/0617/0169
1,PR/0254/0003,,TI02,2,,0,,1,1_PR/0254/0003
1,PR/0254/0004,,TI02,2,,0,,1,1_PR/0254/0004
1,02/10564,,TI02,2,,0,,1,1_02/10564
1,PR/0837/0018,,TI02,2,,0,,1,1_PR/0837/0018
1,12/50122,,CV12,6,,0,,1,1_12/50122
1,70/7030709,,TA70,1,,0,,1,1_70/7030709
1,PR/LUMI/0003,,TA01,1,,0,,1,1_PR/LUMI/0003
1,PR/LUMI/0004,,TA01,1,,0,,1,1_PR/LUMI/0004
1,13/10032M,,CA13,3,,0,,1,1_13/10032M
1,02/10608,,TI02,2,,0,,1,1_02/10608
1,PR/0617/0172,,TI02,2,,0,,1,1_PR/0617/0172
1,PR/0617/0172-A,,TI02,2,,0,,1,1_PR/0617/0172-A
1,03/1331065,,CA03,3,,0,,1,1_03/1331065
1,03/2231060,,CA03,3,,0,,1,1_03/2231060
1,PR/0230/0003,,TA01,1,,0,,1,1_PR/0230/0003
1,03/1331080,,CA03,3,,0,,1,1_03/1331080
1,PR/1047/0028,,TA01,1,,0,,1,1_PR/1047/0028
1,PR/0240/0022,,TA01,1,,0,,1,1_PR/0240/0022
1,01/10151,,TA01,1,,0,,1,1_01/10151
1,01/1015101,,TA01,1,,0,,1,1_01/1015101
1,PR/0617/0171,,TI02,2,,0,,1,1_PR/0617/0171
1,PR/0240/0022-A,,TA01,1,,0,,1,1_PR/0240/0022-A
1,01/10134,,TA01,1,,0,,1,1_01/10134
1,03/1431075,,CA03,3,,0,,1,1_03/1431075
1,01/10185A,,TA01,1,,0,,1,1_01/10185A
1,55/00204MP,,TI55,2,,0,,1,1_55/00204MP
1,02/09761A02,,TI02,2,,0,,1,1_02/09761A02
1,01/09251,,TA01,1,,0,,1,1_01/09251
1,PR/1557/0029,,TI02,2,,0,,1,1_PR/1557/0029
1,PR/0013/0019,,TA01,1,,0,,1,1_PR/0013/0019
1,PR/0013/0020,,TA01,1,,0,,1,1_PR/0013/0020
1,PR/0013/0021,,TA01,1,,0,,1,1_PR/0013/0021
1,PR/0013/0021-A,,TA01,1,,0,,1,1_PR/0013/0021-A
1,PR/0013/0018,,TA01,1,,0,,1,1_PR/0013/0018
1,02/09046A,,TI02,2,,0,,1,1_02/09046A
1,02/09046,,TI02,2,,0,,1,1_02/09046
1,01/10138M,,TA01,1,,0,,1,1_01/10138M
1,01/1013901,,TA01,1,,0,,1,1_01/1013901
1,01/10137M,,TA01,1,,0,,1,1_01/10137M
1,01/10139M,,TA01,1,,0,,1,1_01/10139M
1,02/10309,,TI02,2,,0,,1,1_02/10309
1,02/10331,,TI02,2,,0,,1,1_02/10331
1,02/10331AR,,TI02,2,,0,,1,1_02/10331AR
1,02/10309AR,,TI02,2,,0,,1,1_02/10309AR
1,PR/1244/0011,,TI02,2,,0,,1,1_PR/1244/0011
1,12/80950,,CV12,6,,0,,1,1_12/80950
1,12/80951,,CV12,6,,0,,1,1_12/80951
1,55/00302MP,,TI55,2,,0,,1,1_55/00302MP
1,55/00254MP,,TI55,2,,0,,1,1_55/00254MP
1,01/10145AR,,TA01,1,,0,,1,1_01/10145AR
1,03/2221043,,CA03,3,,0,,1,1_03/2221043
1,02/09046M1,,TI02,2,,0,,1,1_02/09046M1
1,01/10081A,,TA01,1,,0,,1,1_01/10081A
1,01/10081A01,,TA01,1,,0,,1,1_01/10081A01
1,01/10081A0101,,TA01,1,,0,,1,1_01/10081A0101
1,01/10081A01M1,,TA01,1,,0,,1,1_01/10081A01M1
1,12/4215061R,,CV12,6,,0,,1,1_12/4215061R
1,01/10081A02,,TA01,1,,0,,1,1_01/10081A02
1,01/10081A0201,,TA01,1,,0,,1,1_01/10081A0201
1,02/1040902,,TI02,2,,0,,1,1_02/1040902
1,03/00219A,,CA03,3,,0,,1,1_03/00219A
1,01/10081A02M,,TA01,1,,0,,1,1_01/10081A02M
1,01/10081A0202,,TA01,1,,0,,1,1_01/10081A0202
1,PS.063,,YMA-PS,1,,0,,1,1_PS.063
1,02/10642,,TI02,2,,0,,1,1_02/10642
1,02/10866,,TI02,2,,0,,1,1_02/10866
1,01/10162,,TA01,1,,0,,1,1_01/10162
1,12/80952,,CV12,6,,0,,1,1_12/80952
1,02/1028701,,TI02,2,,0,,1,1_02/1028701
1,02/09751A01R,,TI02,2,,0,,1,1_02/09751A01R
1,04/024000045,,PL04,4,,0,,1,1_04/024000045
1,PR/0617/0174,,TI02,2,,0,,1,1_PR/0617/0174
1,02/10393,,TI02,2,,0,,1,1_02/10393
1,02/10571,,TI02,2,,0,,1,1_02/10571
1,01/10134M,,TA01,1,,0,,1,1_01/10134M
1,PR/CANA/0001,,TI02,2,,0,,1,1_PR/CANA/0001
1,12/CF00011,,CV12,6,,0,,1,1_12/CF00011
1,12/CF00023,,CV12,6,,0,,1,1_12/CF00023
1,12/80949,,CV12,6,,0,,1,1_12/80949
1,PR/0820/0014-A,,TA01,1,,0,,1,1_PR/0820/0014-A
1,02/10123R,,TI02,2,,0,,1,1_02/10123R
1,02/10123,,TI02,2,,0,,1,1_02/10123
1,03/00408,,CA03,3,,0,,1,1_03/00408
1,12/AI20006,,CV12,6,,0,,1,1_12/AI20006
1,03/00383,,CA03,3,,0,,1,1_03/00383
1,03/00339,,CA03,3,,0,,1,1_03/00339
1,02/10570,,TI02,2,,0,,1,1_02/10570
1,10/10830,,TI10,2,,0,,1,1_10/10830
1,PR/1047/0031,,TA01,1,,0,,1,1_PR/1047/0031
1,02/10393A,,TI02,2,,0,,1,1_02/10393A
1,02/155700002,,TI02,2,,0,,1,1_02/155700002
1,02/155700003,,TI02,2,,0,,1,1_02/155700003
1,01/09917R,,TA01,1,,0,,1,1_01/09917R
1,02/019400003,,TI02,2,,0,,1,1_02/019400003
1,12/5425091R,,CV12,6,,0,,1,1_12/5425091R
1,PR/1505/0008,,TA01,1,,0,,1,1_PR/1505/0008
1,PR/STAC/0001,,TA01,1,,0,,1,1_PR/STAC/0001
1,01/10154,,TA01,1,,0,,1,1_01/10154
1,04/024000151,,PL04,4,,0,,1,1_04/024000151
1,01/09563BM,,TA01,1,,0,,1,1_01/09563BM
1,02/061700032M1,,TI02,2,,0,,1,1_02/061700032M1
1,02/061700032M,,TI02,2,,0,,1,1_02/061700032M
1,PR/STAC/0001-A,,TA01,1,,0,,1,1_PR/STAC/0001-A
1,52/80004,,TA52,1,,0,,1,1_52/80004
1,PR/1047/0030,,TA01,1,,0,,1,1_PR/1047/0030
1,10/90167,,TI10,2,,0,,1,1_10/90167
1,PR/0228/0009,,TI02,2,,0,,1,1_PR/0228/0009
1,PR/1047/0032,,TA01,1,,0,,1,1_PR/1047/0032
1,02/10407A0101,,TI02,2,,0,,1,1_02/10407A0101
1,02/10573,,TI02,2,,0,,1,1_02/10573
1,01/10134R,,TA01,1,,0,,1,1_01/10134R
1,02/10046BR,,TI02,2,,0,,1,1_02/10046BR
1,70/7020052,,TA70,1,,0,,1,1_70/7020052
1,12/EFAL003,,CV12,6,,0,,1,1_12/EFAL003
1,03/00414,,CA03,3,,0,,1,1_03/00414
1,03/1431065,,CA03,3,,0,,1,1_03/1431065
1,03/1531065,,CA03,3,,0,,1,1_03/1531065
1,01/10193,,TA01,1,,0,,1,1_01/10193
1,01/1015202,,TA01,1,,0,,1,1_01/1015202
1,02/10574,,TI02,2,,0,,1,1_02/10574
1,PR/1557/0029-A,,TI02,2,,0,,1,1_PR/1557/0029-A
1,04/024000021,,PL04,4,,0,,1,1_04/024000021
1,04/1609275075,,PL04,4,,0,,1,1_04/1609275075
1,PR/0617/0258,,TI02,2,,0,,1,1_PR/0617/0258
1,03/00403A,,CA03,3,,0,,1,1_03/00403A
1,01/10081A02M1,,TA01,1,,0,,1,1_01/10081A02M1
1,12/511507,,CV12,6,,0,,1,1_12/511507
1,12/627108,,CV12,6,,0,,1,1_12/627108
1,02/10577,,TI02,2,,0,,1,1_02/10577
1,PR/1729/0003,,TA01,1,,0,,1,1_PR/1729/0003
1,PR/1729/0004,,TA01,1,,0,,1,1_PR/1729/0004
1,03/6421090,,CA03,3,,0,,1,1_03/6421090
1,PR/1489/0013,,TA01,1,,0,,1,1_PR/1489/0013
1,PR/1709/0011,,TI02,2,,0,,1,1_PR/1709/0011
1,01/10155,,TA01,1,,0,,1,1_01/10155
1,01/10156,,TA01,1,,0,,1,1_01/10156
1,12/EFAL005,,CV12,6,,0,,1,1_12/EFAL005
1,11/00037,,TA11,1,,0,,1,1_11/00037
1,PR/1047/0030-A,,TA01,1,,0,,1,1_PR/1047/0030-A
1,CM.048-R,,YMA-CM,1,,0,,1,1_CM.048-R
1,12/PP00155,,CV12,6,,0,,1,1_12/PP00155
1,12/PP00158,,CV12,6,,0,,1,1_12/PP00158
1,02/10278,,TI02,2,,0,,1,1_02/10278
1,12/PP00157,,CV12,6,,0,,1,1_12/PP00157
1,12/PP00159,,CV12,6,,0,,1,1_12/PP00159
1,12/PP00160,,CV12,6,,0,,1,1_12/PP00160
1,12/PP00161,,CV12,6,,0,,1,1_12/PP00161
1,12/PP00162,,CV12,6,,0,,1,1_12/PP00162
1,UT.007,,YMA-UT,1,,0,,1,1_UT.007
1,02/10578,,TI02,2,,0,,1,1_02/10578
1,02/155700004,,TI02,2,,0,,1,1_02/155700004
1,02/09944R,,TI02,2,,0,,1,1_02/09944R
1,02/09945R,,TI02,2,,0,,1,1_02/09945R
1,12/70228,,CV12,6,,0,,1,1_12/70228
1,02/09487AR,,TI02,2,,0,,1,1_02/09487AR
1,02/09489AR,,TI02,2,,0,,1,1_02/09489AR
1,02/09490AR,,TI02,2,,0,,1,1_02/09490AR
1,01/182100001,,TA01,1,,0,,1,1_01/182100001
1,PR/1708/0022-A,,CA03,3,,0,,1,1_PR/1708/0022-A
1,03/0041501,,CA03,3,,0,,1,1_03/0041501
1,02/10567,,TI02,2,,0,,1,1_02/10567
1,02/10568,,TI02,2,,0,,1,1_02/10568
1,02/09785B,,TI02,2,,0,,1,1_02/09785B
1,02/10579,,TI02,2,,0,,1,1_02/10579
1,PR/1226/0014,,TI02,2,,0,,1,1_PR/1226/0014
1,02/10581,,TI02,2,,0,,1,1_02/10581
1,02/10580,,TI02,2,,0,,1,1_02/10580
1,02/10581M,,TI02,2,,0,,1,1_02/10581M
1,02/10576,,TI02,2,,0,,1,1_02/10576
1,55/00154MP,,TI55,2,,0,,1,1_55/00154MP
1,01/10081A01M,,TA01,1,,0,,1,1_01/10081A01M
1,02/10035,,TI02,2,,0,,1,1_02/10035
1,PR/1856/0004,,TA01,1,,0,,1,1_PR/1856/0004
1,PR/0617/0182,,TI02,2,,0,,1,1_PR/0617/0182
1,PR/0048/0046,,TI02,2,,0,,1,1_PR/0048/0046
1,PR/1821/0001,,TA01,1,,0,,1,1_PR/1821/0001
1,PR/0880/0008,,TI02,2,,0,,1,1_PR/0880/0008
1,28/30054,,TA28,1,,0,,1,1_28/30054
1,02/09700,,TI02,2,,0,,1,1_02/09700
1,02/09700A,,TI02,2,,0,,1,1_02/09700A
1,02/10429,,TI02,2,,0,,1,1_02/10429
1,02/10583,,TI02,2,,0,,1,1_02/10583
1,02/10588,,TI02,2,,0,,1,1_02/10588
1,PR/1821/0002,,TA01,1,,0,,1,1_PR/1821/0002
1,02/10585,,TI02,2,,0,,1,1_02/10585
1,PR/0904/0004,,TI02,2,,0,,1,1_PR/0904/0004
1,04/063200004,,PL04,4,,0,,1,1_04/063200004
1,02/09304B,,TI02,2,,0,,1,1_02/09304B
1,02/10582R,,TI02,2,,0,,1,1_02/10582R
1,02/10584,,TI02,2,,0,,1,1_02/10584
1,03/6521120,,CA03,3,,0,,1,1_03/6521120
1,04/1609175050I,,PL04,4,,0,,1,1_04/1609175050I
1,56/10012,,TA56,1,,0,,1,1_56/10012
1,02/07642,,TI02,2,,0,,1,1_02/07642
1,04/1609075050I,,PL04,4,,0,,1,1_04/1609075050I
1,04/1609225075I,,PL04,4,,0,,1,1_04/1609225075I
1,03/00141,,CA03,3,,0,,1,1_03/00141
1,03/00186,,CA03,3,,0,,1,1_03/00186
1,03/00197,,CA03,3,,0,,1,1_03/00197
1,03/00237,,CA03,3,,0,,1,1_03/00237
1,03/00268,,CA03,3,,0,,1,1_03/00268
1,03/00307,,CA03,3,,0,,1,1_03/00307
1,03/00307R,,CA03,3,,0,,1,1_03/00307R
1,02/10586,,TI02,2,,0,,1,1_02/10586
1,02/10586M,,TI02,2,,0,,1,1_02/10586M
1,PS.063-P,,YMA-PS,1,,0,,1,1_PS.063-P
1,PR/0048/0051,,TI02,2,,0,,1,1_PR/0048/0051
1,03/00417,,CA03,3,,0,,1,1_03/00417
1,PR/LUMI/0005,,TI02,2,,0,,1,1_PR/LUMI/0005
1,04/1609100100K,,PL04,4,,0,,1,1_04/1609100100K
1,02/10583M,,TI02,2,,0,,1,1_02/10583M
1,02/10586M1,,TI02,2,,0,,1,1_02/10586M1
1,01/09563R,,TA01,1,,0,,1,1_01/09563R
1,01/10156R,,TA01,1,,0,,1,1_01/10156R
1,03/00418,,CA03,3,,0,,1,1_03/00418
1,CM.048-P,,YMA-CM,3,,0,,1,1_CM.048-P
1,12/422509R,,CV12,6,,0,,1,1_12/422509R
1,02/10588M,,TI02,2,,0,,1,1_02/10588M
1,12/4220071,,CV12,6,,0,,1,1_12/4220071
1,01/10157H,,TA01,1,,0,,1,1_01/10157H
1,01/10158H,,TA01,1,,0,,1,1_01/10158H
1,02/10587,,TI02,2,,0,,1,1_02/10587
1,12/80659A,,CV12,6,,0,,1,1_12/80659A
1,02/10589,,TI02,2,,0,,1,1_02/10589
1,01/10159,,TA01,1,,0,,1,1_01/10159
1,01/10160,,TA01,1,,0,,1,1_01/10160
1,01/10161,,TA01,1,,0,,1,1_01/10161
1,03/1631085,,CA03,3,,0,,1,1_03/1631085
1,02/07530BR,,TI02,2,,0,,1,1_02/07530BR
1,02/08758,,TI02,2,,0,,1,1_02/08758
1,02/10526AM,,TI02,2,,0,,1,1_02/10526AM
1,PR/1529/0006,,TI02,2,,0,,1,1_PR/1529/0006
1,PR/0013/0025-A,,TI02,2,,0,,1,1_PR/0013/0025-A
1,02/10526AM1,,TI02,2,,0,,1,1_02/10526AM1
1,PR/0617/0257,,TI02,2,,0,,1,1_PR/0617/0257
1,PR/0617/0351,,TI02,2,,0,,1,1_PR/0617/0351
1,PR/1167/0004,,TI02,2,,0,,1,1_PR/1167/0004
1,03/1431060,,CA03,3,,0,,1,1_03/1431060
1,02/10590,,TI02,2,,0,,1,1_02/10590
1,PR/0013/0034,,CV12,6,,0,,1,1_PR/0013/0034
1,01/1016302,,TA01,1,,0,,1,1_01/1016302
1,PR/1778/0005,,TI02,2,,0,,1,1_PR/1778/0005
1,02/09936A,,TI02,2,,0,,1,1_02/09936A
1,03/1331050,,CA03,3,,0,,1,1_03/1331050
1,03/2331045,,CA03,3,,0,,1,1_03/2331045
1,01/10333,,TA01,1,,0,,1,1_01/10333
1,PR/0066/0008,,TI02,2,,0,,1,1_PR/0066/0008
1,02/09938A,,TI02,2,,0,,1,1_02/09938A
1,02/10591,,TI02,2,,0,,1,1_02/10591
1,PR/1144/0027,,TA01,1,,0,,1,1_PR/1144/0027
1,PR/0820/0015,,TA01,1,,0,,1,1_PR/0820/0015
1,PR/0820/0016,,TA01,1,,0,,1,1_PR/0820/0016
1,70/70204,,TA70,1,,0,,1,1_70/70204
1,PR/0617/0175-A,,TI02,2,,0,,1,1_PR/0617/0175-A
1,PR/1490/0003,,TA01,1,,0,,1,1_PR/1490/0003
1,PR/1470/0003-A,,TA01,1,,0,,1,1_PR/1470/0003-A
1,PR/1490/0003-A,,TA01,1,,0,,1,1_PR/1490/0003-A
1,PR/1490/0002,,TA01,1,,0,,1,1_PR/1490/0002
1,PR/1490/0002-A,,TA01,1,,0,,1,1_PR/1490/0002-A
1,PR/0617/0176,,TI02,2,,0,,1,1_PR/0617/0176
1,PR/0617/0177,,TI02,2,,0,,1,1_PR/0617/0177
1,PR/0617/0178,,TI02,2,,0,,1,1_PR/0617/0178
1,PR/0617/0175,,TI02,2,,0,,1,1_PR/0617/0175
1,12/PG05022,,CV12,6,,0,,1,1_12/PG05022
1,PR/0617/0179,,TI02,2,,0,,1,1_PR/0617/0179
1,PR/0617/0179-A,,TI02,2,,0,,1,1_PR/0617/0179-A
1,70/71821,,TA70,1,,0,,1,1_70/71821
1,01/0970001,,TA01,1,,0,,1,1_01/0970001
1,PR/0617/0179-B,,TI02,2,,0,,1,1_PR/0617/0179-B
1,25/208801,,TA25,1,,0,,1,1_25/208801
1,PR/ORBI/0001,,TI02,2,,0,,1,1_PR/ORBI/0001
1,55/90007,,TI55,2,,0,,1,1_55/90007
1,55/90006,,TI55,2,,0,,1,1_55/90006
1,PR/1144/0027-A,,TI02,2,,0,,1,1_PR/1144/0027-A
1,03/2431080R,,CA03,3,,0,,1,1_03/2431080R
1,02/10592AR,,TI02,2,,0,,1,1_02/10592AR
1,03/2421080R,,CA03,3,,0,,1,1_03/2421080R
1,PR/0048/0054,,TI02,2,,0,,1,1_PR/0048/0054
1,02/061700033,,TI02,2,,0,,1,1_02/061700033
1,02/10592M,,TI02,2,,0,,1,1_02/10592M
1,PR/0617/0181,,TI02,2,,0,,1,1_PR/0617/0181
1,12/40000,,CV12,6,,0,,1,1_12/40000
1,PR/ARIC/0001-A,,TI02,2,,0,,1,1_PR/ARIC/0001-A
1,PR/0617/0180,,TI02,2,,0,,1,1_PR/0617/0180
1,PR/0617/0180-A,,TI02,2,,0,,1,1_PR/0617/0180-A
1,PR/0617/0180-B,,TI02,2,,0,,1,1_PR/0617/0180-B
1,PR/0617/0181-A,,TI02,2,,0,,1,1_PR/0617/0181-A
1,28/30097,,TA28,1,,0,,1,1_28/30097
1,PR/1851/0002,,TA01,1,,0,,1,1_PR/1851/0002
1,02/061700034,,TI02,2,,0,,1,1_02/061700034
1,02/061700032,,TI02,2,,0,,1,1_02/061700032
1,01/097790201,,TA01,1,,0,,1,1_01/097790201
1,01/097790202,,TA01,1,,0,,1,1_01/097790202
1,04/001200001,,PL04,4,,0,,1,1_04/001200001
1,12/422508R,,CV12,6,,0,,1,1_12/422508R
1,UP.105-02M,,YMA-UP,1,,0,,1,1_UP.105-02M
1,01/10187R,,TA01,1,,0,,1,1_01/10187R
1,55/320801000,,TI55,2,,0,,1,1_55/320801000
1,02/10682M,,TI02,2,,0,,1,1_02/10682M
1,02/10166BM,,TI02,2,,0,,1,1_02/10166BM
1,02/10166AM,,TI02,2,,0,,1,1_02/10166AM
1,12/422508,,CV12,6,,0,,1,1_12/422508
1,01/10042R,,TA01,1,,0,,1,1_01/10042R
1,12/4225081,,CV12,6,,0,,1,1_12/4225081
1,02/0981901,,TI02,2,,0,,1,1_02/0981901
1,02/0981902,,TI02,2,,0,,1,1_02/0981902
1,56/40015,,TA56,1,,0,,1,1_56/40015
1,01/10165,,TA01,1,,0,,1,1_01/10165
1,02/10447,,TI02,2,,0,,1,1_02/10447
1,02/10565,,TI02,2,,0,,1,1_02/10565
1,04/177900002D,,PL04,4,,0,,1,1_04/177900002D
1,04/177900003D,,PL04,4,,0,,1,1_04/177900003D
1,01/10164,,TA01,1,,0,,1,1_01/10164
1,PR/0619/0003,,TA01,2,,0,,1,1_PR/0619/0003
1,PR/0619/0004,,TA01,1,,0,,1,1_PR/0619/0004
1,UT.012-02,,YMA-UT,1,,0,,1,1_UT.012-02
1,02/100000001,,TI02,2,,0,,1,1_02/100000001
1,PR/1723/0031,,TI02,2,,0,,1,1_PR/1723/0031
1,25/20512,,TA25,1,,0,,1,1_25/20512
1,PR/1771/0002,,PL04,4,,0,,1,1_PR/1771/0002
1,PR/1799/0005,,TI02,2,,0,,1,1_PR/1799/0005
1,11/40230,,TA11,1,,0,,1,1_11/40230
1,01/10167A,,TA01,1,,0,,1,1_01/10167A
1,02/10592A,,TI02,2,,0,,1,1_02/10592A
1,02/10592,,TI02,2,,0,,1,1_02/10592
1,26/00112,,TA26,1,,0,,1,1_26/00112
1,26/60112,,TA26,1,,0,,1,1_26/60112
1,PR/FIXE/0001,,TI02,2,,0,,1,1_PR/FIXE/0001
1,PR/FIXE/0002,,TI02,2,,0,,1,1_PR/FIXE/0002
1,PR/FIXE/0003,,TI02,2,,0,,1,1_PR/FIXE/0003
1,PR/FIXE/0004,,TI02,2,,0,,1,1_PR/FIXE/0004
1,PR/FIXE/0005,,TI02,2,,0,,1,1_PR/FIXE/0005
1,01/10168A,,TA01,1,,0,,1,1_01/10168A
1,01/10169A,,TA01,1,,0,,1,1_01/10169A
1,PR/1529/0004-A,,TI02,2,,0,,1,1_PR/1529/0004-A
1,13/10035M,,CA13,3,,0,,1,1_13/10035M
1,12/80953,,CV12,6,,0,,1,1_12/80953
1,03/6323065,,CA03,3,,0,,1,1_03/6323065
1,02/10595,,TI02,2,,0,,1,1_02/10595
1,02/10597,,TI02,2,,0,,1,1_02/10597
1,02/10607,,TI02,2,,0,,1,1_02/10607
1,02/1059701M,,TI02,2,,0,,1,1_02/1059701M
1,02/1001901,,TI02,2,,0,,1,1_02/1001901
1,02/10597M,,TI02,2,,0,,1,1_02/10597M
1,02/10598,,TI02,2,,0,,1,1_02/10598
1,02/10598M,,TI02,2,,0,,1,1_02/10598M
1,PR/1851/0001,,TA01,1,,0,,1,1_PR/1851/0001
1,12/RQ00031,,CV12,6,,0,,1,1_12/RQ00031
1,02/10599,,TI02,2,,0,,1,1_02/10599
1,01/10172,,TA01,1,,0,,1,1_01/10172
1,02/1001902,,TI02,2,,0,,1,1_02/1001902
1,28/1097522,,TA28,1,,0,,1,1_28/1097522
1,PR/0617/0183,,TI02,2,,0,,1,1_PR/0617/0183
1,02/10601,,TI02,2,,0,,1,1_02/10601
1,02/1060101,,TI02,2,,0,,1,1_02/1060101
1,70/70305,,TA70,1,,0,,1,1_70/70305
1,01/10257,,TA01,1,,0,,1,1_01/10257
1,01/10170,,TA01,1,,0,,1,1_01/10170
1,02/0974501,,TI02,2,,0,,1,1_02/0974501
1,03/00424,,CA03,3,,0,,1,1_03/00424
1,02/0974503,,TI02,2,,0,,1,1_02/0974503
1,02/0976401,,TI02,2,,0,,1,1_02/0976401
1,02/0976402,,TI02,2,,0,,1,1_02/0976402
1,02/0976403,,TI02,2,,0,,1,1_02/0976403
1,02/10603M,,TI02,2,,0,,1,1_02/10603M
1,12/XG200013R,,CV12,6,,0,,1,1_12/XG200013R
1,02/1004501,,TI02,2,,0,,1,1_02/1004501
1,02/1004503,,TI02,2,,0,,1,1_02/1004503
1,02/10604,,TI02,2,,0,,1,1_02/10604
1,PR/1768/0001,,TI02,2,,0,,1,1_PR/1768/0001
1,PR/0104/0065,,TI02,2,,0,,1,1_PR/0104/0065
1,PR/TRAC/0003,,TA01,1,,0,,1,1_PR/TRAC/0003
1,PR/TRAC/0001,,TA01,1,,0,,1,1_PR/TRAC/0001
1,02/10604M,,TI02,2,,0,,1,1_02/10604M
1,PR/TRAC/0002,,TA01,1,,0,,1,1_PR/TRAC/0002
1,04/100000007,,PL04,4,,0,,1,1_04/100000007
1,PR/0107/0002,,TA01,1,,0,,1,1_PR/0107/0002
1,02/10793R,,TI02,2,,0,,1,1_02/10793R
1,02/10684M,,TI02,2,,0,,1,1_02/10684M
1,02/09579,,TI02,2,,0,,1,1_02/09579
1,PR/0617/0185,,TI02,2,,0,,1,1_PR/0617/0185
1,PR/0617/0185-A,,TI02,2,,0,,1,1_PR/0617/0185-A
1,02/10083AR,,TI02,2,,0,,1,1_02/10083AR
1,12/80567,,CV12,6,,0,,1,1_12/80567
1,MA.055-R,,YMA-MA,1,,0,,1,1_MA.055-R
1,10/10163,,TI10,2,,0,,1,1_10/10163
1,12/80564,,CV12,6,,0,,1,1_12/80564
1,03/1531080,,CA03,3,,0,,1,1_03/1531080
1,12/252009,,CV12,6,,0,,1,1_12/252009
1,12/TF00005A,,CV12,6,,0,,1,1_12/TF00005A
1,12/50012A,,CV12,6,,0,,1,1_12/50012A
1,PR/1708/0025,,TI02,2,,0,,1,1_PR/1708/0025
1,01/09835,,TA01,1,,0,,1,1_01/09835
1,02/10576M,,TI02,2,,0,,1,1_02/10576M
1,01/10175,,TA01,1,,0,,1,1_01/10175
1,01/10175R,,TA01,1,,0,,1,1_01/10175R
1,01/097790113,,TA01,1,,0,,1,1_01/097790113
1,01/097790114,,TA01,1,,0,,1,1_01/097790114
1,02/09806,,TI02,2,,0,,1,1_02/09806
1,01/097790115,,TA01,1,,0,,1,1_01/097790115
1,PR/0617/0186,,TI02,2,,0,,1,1_PR/0617/0186
1,02/0980601,,TI02,2,,0,,1,1_02/0980601
1,02/0980602,,TI02,2,,0,,1,1_02/0980602
1,92/00196,,X,0,,0,,1,1_92/00196
1,12/CX05211,,CV12,6,,0,,1,1_12/CX05211
1,10/11025,,TI10,2,,0,,1,1_10/11025
1,02/10627M,,TI02,2,,0,,1,1_02/10627M
1,12/148900004,,CV12,6,,0,,1,1_12/148900004
1,12/CX05220,,CV12,6,,0,,1,1_12/CX05220
1,PR/0617/0229,,TI02,2,,0,,1,1_PR/0617/0229
1,02/10627M1,,TI02,2,,0,,1,1_02/10627M1
1,02/10594,,TI02,2,,0,,1,1_02/10594
1,02/1059401,,TI02,2,,0,,1,1_02/1059401
1,02/10594M,,TI02,2,,0,,1,1_02/10594M
1,02/10594M1,,TI02,2,,0,,1,1_02/10594M1
1,02/10933,,TI02,2,,0,,1,1_02/10933
1,02/1059402,,TI02,2,,0,,1,1_02/1059402
1,26/10620,,TA26,1,,0,,1,1_26/10620
1,26/10625,,TA26,1,,0,,1,1_26/10625
1,PR/1167/0002,,TI02,2,,0,,1,1_PR/1167/0002
1,PR/JMHR/0001,,TA01,1,,0,,1,1_PR/JMHR/0001
1,02/10572R,,TI02,2,,0,,1,1_02/10572R
1,02/09646M1,,TI02,2,,0,,1,1_02/09646M1
1,04/024000201,,PL04,4,,0,,1,1_04/024000201
1,01/10177,,TA01,1,,0,,1,1_01/10177
1,12/80954,,CV12,6,,0,,1,1_12/80954
1,02/10521AR,,TI02,2,,0,,1,1_02/10521AR
1,03/00420,,CA03,3,,0,,1,1_03/00420
1,92/00192B,,X,0,,0,,1,1_92/00192B
1,03/0042001,,CA03,3,,0,,1,1_03/0042001
1,10/00299,,TI10,2,,0,,1,1_10/00299
1,11/31602,,TA11,1,,0,,1,1_11/31602
1,10/01002R,,TI10,2,,0,,1,1_10/01002R
1,01/10178,,TA01,1,,0,,1,1_01/10178
1,01/1017801,,TA01,1,,0,,1,1_01/1017801
1,03/00415R,,CA03,3,,0,,1,1_03/00415R
1,26/60416,,TA26,1,,0,,1,1_26/60416
1,02/10600,,TI02,2,,0,,1,1_02/10600
1,12/EFAL007,,CV12,6,,0,,1,1_12/EFAL007
1,02/10407B0101,,TI02,2,,0,,1,1_02/10407B0101
1,03/2531055,,CA03,3,,0,,1,1_03/2531055
1,AV012,,AVTA,1,,0,,1,1_AV012
1,PR/1669/0039,,TI02,2,,0,,1,1_PR/1669/0039
1,01/10179,,TA01,1,,0,,1,1_01/10179
1,PR/1669/0040,,TI02,2,,0,,1,1_PR/1669/0040
1,PR/SAOU/0001,,TA01,1,,0,,1,1_PR/SAOU/0001
1,01/10180,,TA01,1,,0,,1,1_01/10180
1,02/09896,,TI02,2,,0,,1,1_02/09896
1,PR/0617/0188,,TI02,2,,0,,1,1_PR/0617/0188
1,02/0989602,,TI02,2,,0,,1,1_02/0989602
1,12/XG150004,,CV12,6,,0,,1,1_12/XG150004
1,PR/0617/0189,,TI02,2,,0,,1,1_PR/0617/0189
1,02/0989601,,TI02,2,,0,,1,1_02/0989601
1,PR/0617/0187,,TI02,2,,0,,1,1_PR/0617/0187
1,02/09745,,TI02,2,,0,,1,1_02/09745
1,02/0974502,,TI02,2,,0,,1,1_02/0974502
1,PR/0921/0001,,TA01,1,,0,,1,1_PR/0921/0001
1,01/10101,,TA01,1,,0,,1,1_01/10101
1,01/10101A,,TA01,1,,0,,1,1_01/10101A
1,01/10181,,TA01,1,,0,,1,1_01/10181
1,26/60104,,TA26,1,,0,,1,1_26/60104
1,26/60105,,TA26,1,,0,,1,1_26/60105
1,01/10117,,TA01,1,,0,,1,1_01/10117
1,UT.007-M,,YMA-UT,1,,0,,1,1_UT.007-M
1,12/PP00163,,CV12,6,,0,,1,1_12/PP00163
1,12/50124,,CV12,3,,0,,1,1_12/50124
1,PR/1669/0013-C,,TA01,1,,0,,1,1_PR/1669/0013-C
1,02/10046B01,,TI02,2,,0,,1,1_02/10046B01
1,04/143800003,,PL04,4,,0,,1,1_04/143800003
1,CM.112-R,,YMA-CM,1,,0,,1,1_CM.112-R
1,11/11012BM,,TA11,1,,0,,1,1_11/11012BM
1,12/50126,,CV12,6,,0,,1,1_12/50126
1,01/10182,,TA01,1,,0,,1,1_01/10182
1,01/10182A,,TA01,1,,0,,1,1_01/10182A
1,01/10183,,TA01,1,,0,,1,1_01/10183
1,01/10183A,,TA01,1,,0,,1,1_01/10183A
1,12/50125,,CV12,6,,0,,1,1_12/50125
1,02/1057601,,TI02,2,,0,,1,1_02/1057601
1,01/10155AR,,TA01,1,,0,,1,1_01/10155AR
1,12/TP8825C,,CV12,6,,0,,1,1_12/TP8825C
1,12/TP8829C,,CV12,6,,0,,1,1_12/TP8829C
1,12/TP8852C,,CV12,3,,0,,1,1_12/TP8852C
1,12/TP8844C,,CV12,6,,0,,1,1_12/TP8844C
1,12/TP8848C,,CV12,3,,0,,1,1_12/TP8848C
1,12/TP8833C,,CV12,6,,0,,1,1_12/TP8833C
1,12/TP8840C,,CV12,6,,0,,1,1_12/TP8840C
1,12/TP8908C,,CV12,6,,0,,1,1_12/TP8908C
1,12/TP8912C,,CV12,6,,0,,1,1_12/TP8912C
1,12/TP8900C,,CV12,6,,0,,1,1_12/TP8900C
1,12/TP8890C,,CV12,6,,0,,1,1_12/TP8890C
1,12/TP8895C,,CV12,6,,0,,1,1_12/TP8895C
1,12/TP8898C,,CV12,6,,0,,1,1_12/TP8898C
1,12/CH01011003,,CV12,6,,0,,1,1_12/CH01011003
1,01/10155B,,TA01,1,,0,,1,1_01/10155B
1,01/10184,,TA01,1,,0,,1,1_01/10184
1,01/10186,,TA01,1,,0,,1,1_01/10186
1,12/342007,,CV12,6,,0,,1,1_12/342007
1,02/09803B01,,TI02,2,,0,,1,1_02/09803B01
1,12/52007,,CV12,2,,0,,1,1_12/52007
1,PR/1729/0005,,TA01,1,,0,,1,1_PR/1729/0005
1,PR/1729/0005-A,,TA01,1,,0,,1,1_PR/1729/0005-A
1,12/PG05125,,CV12,6,,0,,1,1_12/PG05125
1,PR-1729-0006,,TA01,1,,0,,1,1_PR-1729-0006
1,12/PG05109,,CV12,6,,0,,1,1_12/PG05109
1,PR/1557/0049,,TI02,2,,0,,1,1_PR/1557/0049
1,02/10682M1,,TI02,2,,0,,1,1_02/10682M1
1,02/10681M,,TI02,2,,0,,1,1_02/10681M
1,PR/1729/0006,,TA01,1,,0,,1,1_PR/1729/0006
1,02/10325AM1,,TI02,2,,0,,1,1_02/10325AM1
1,02/10609,,TI02,2,,0,,1,1_02/10609
1,01/10188,,TA01,1,,0,,1,1_01/10188
1,01/10187,,TA01,1,,0,,1,1_01/10187
1,03/00425,,CA03,3,,0,,1,1_03/00425
1,02/10609M,,TI02,2,,0,,1,1_02/10609M
1,02/10444,,TI02,2,,0,,1,1_02/10444
1,02/10291,,TI02,2,,0,,1,1_02/10291
1,02/10292,,TI02,2,,0,,1,1_02/10292
1,02/10293,,TI02,2,,0,,1,1_02/10293
1,02/10432,,TI02,2,,0,,1,1_02/10432
1,02/10433,,TI02,2,,0,,1,1_02/10433
1,02/10434,,TI02,2,,0,,1,1_02/10434
1,02/10435,,TI02,2,,0,,1,1_02/10435
1,02/10436,,TI02,2,,0,,1,1_02/10436
1,02/10437,,TI02,2,,0,,1,1_02/10437
1,12/PG01005V,,CV12,6,,0,,1,1_12/PG01005V
1,02/10610,,TI02,2,,0,,1,1_02/10610
1,PR/0617/0191,,TI02,2,,0,,1,1_PR/0617/0191
1,02/10612,,TI02,2,,0,,1,1_02/10612
1,12/252010R,,CV12,6,,0,,1,1_12/252010R
1,12/50127,,CV12,6,,0,,1,1_12/50127
1,03/00219,,CA03,3,,0,,1,1_03/00219
1,02/09761AR,,TI02,2,,0,,1,1_02/09761AR
1,03/00426,,CA03,3,,0,,1,1_03/00426
1,12/250804R,,CV12,6,,0,,1,1_12/250804R
1,12/402007,,CV12,6,,0,,1,1_12/402007
1,12/4020071,,CV12,6,,0,,1,1_12/4020071
1,12/4025081,,CV12,6,,0,,1,1_12/4025081
1,12/4025082,,CV12,6,,0,,1,1_12/4025082
1,12/402508R,,CV12,6,,0,,1,1_12/402508R
1,12/402509R,,CV12,6,,0,,1,1_12/402509R
1,12/402808R,,CV12,6,,0,,1,1_12/402808R
1,12/403010,,CV12,6,,0,,1,1_12/403010
1,12/4030101,,CV12,6,,0,,1,1_12/4030101
1,12/403012R,,CV12,6,,0,,1,1_12/403012R
1,01/183300001,,TA01,1,,0,,1,1_01/183300001
1,PR/0013/0022,,TA01,1,,0,,1,1_PR/0013/0022
1,02/09751A02M,,TI02,2,,0,,1,1_02/09751A02M
1,02/09751A01M,,TI02,2,,0,,1,1_02/09751A01M
1,02/10498A,,TI02,2,,0,,1,1_02/10498A
1,12/54009,,CV12,6,,0,,1,1_12/54009
1,02/09946R,,TI02,2,,0,,1,1_02/09946R
1,01/10190,,TA01,1,,0,,1,1_01/10190
1,02/09751A01,,TI02,2,,0,,1,1_02/09751A01
1,02/09751A02,,TI02,2,,0,,1,1_02/09751A02
1,02/10597A01,,TI02,2,,0,,1,1_02/10597A01
1,01/10276,,TA01,1,,0,,1,1_01/10276
1,02/10597A02,,TI02,2,,0,,1,1_02/10597A02
1,02/10597A01M,,TI02,2,,0,,1,1_02/10597A01M
1,PR/1017/0003,,TI02,2,,0,,1,1_PR/1017/0003
1,03/2431055,,CA03,3,,0,,1,1_03/2431055
1,PR/1206/0014,,TA01,1,,0,,1,1_PR/1206/0014
1,PR/0617/0193,,TI02,2,,0,,1,1_PR/0617/0193
1,PR/0617/0192,,TI02,2,,0,,1,1_PR/0617/0192
1,12/PG0513101,,CV12,6,,0,,1,1_12/PG0513101
1,13/10110,,CA13,3,,0,,1,1_13/10110
1,PR/1621/0013,,TI02,2,,0,,1,1_PR/1621/0013
1,58/40201065850,,TA58,1,,0,,1,1_58/40201065850
1,PR/1729/0007,,TA01,1,,0,,1,1_PR/1729/0007
1,PR/0048/0050,,TA01,1,,0,,1,1_PR/0048/0050
1,02/10616,,TI02,2,,0,,1,1_02/10616
1,01/10191,,TA01,1,,0,,1,1_01/10191
1,01/10192,,TA01,1,,0,,1,1_01/10192
1,PR/0048/0052,,TA01,1,,0,,1,1_PR/0048/0052
1,12/2510090,,CV12,6,,0,,1,1_12/2510090
1,01/1019101,,TA01,1,,0,,1,1_01/1019101
1,01/1019201,,TA01,1,,0,,1,1_01/1019201
1,PR/1021/0004,,TI02,2,,0,,1,1_PR/1021/0004
1,PR/0617/0194,,TI02,2,,0,,1,1_PR/0617/0194
1,12/50120,,CV12,6,,0,,1,1_12/50120
1,02/10617,,TI02,2,,0,,1,1_02/10617
1,01/10194,,TA01,1,,0,,1,1_01/10194
1,02/1061701,,TI02,2,,0,,1,1_02/1061701
1,01/10194M,,TA01,1,,0,,1,1_01/10194M
1,02/1049502,,TI02,2,,0,,1,1_02/1049502
1,02/1049501M,,TI02,2,,0,,1,1_02/1049501M
1,02/1049502M,,TI02,2,,0,,1,1_02/1049502M
1,02/10597A02M,,TI02,2,,0,,1,1_02/10597A02M
1,13/10011,,CA13,3,,0,,1,1_13/10011
1,91/70040,,XTA91,8,,0,,1,1_91/70040
1,02/10380R,,TI02,2,,0,,1,1_02/10380R
1,02/10431,,TI02,2,,0,,1,1_02/10431
1,02/1038101,,TI02,2,,0,,1,1_02/1038101
1,02/071100002,,TI02,2,,0,,1,1_02/071100002
1,PR/1657/0008,,TA01,1,,0,,1,1_PR/1657/0008
1,PB.104-P,,YMA-PB,1,,0,,1,1_PB.104-P
1,PB.104-01,,YMA-PB,1,,0,,1,1_PB.104-01
1,CM.114-P,,YMA-CM,1,,0,,1,1_CM.114-P
1,02/10618,,TI02,2,,0,,1,1_02/10618
1,PR/0048/0053,,TI02,2,,0,,1,1_PR/0048/0053
1,12/PP00105A01,,CV12,6,,0,,1,1_12/PP00105A01
1,PR/1167/0001,,TA01,1,,0,,1,1_PR/1167/0001
1,02/10619,,TI02,2,,0,,1,1_02/10619
1,01/10195,,TA01,1,,0,,1,1_01/10195
1,26/00004,,TA26,1,,0,,1,1_26/00004
1,26/002042,,TA26,1,,0,,1,1_26/002042
1,12/80957,,CV12,6,,0,,1,1_12/80957
1,02/10447R,,TI02,2,,0,,1,1_02/10447R
1,02/0954501,,TI02,2,,0,,1,1_02/0954501
1,02/1060701,,TI02,2,,0,,1,1_02/1060701
1,02/10620,,TI02,2,,0,,1,1_02/10620
1,12/PP00089M,,CV12,6,,0,,1,1_12/PP00089M
1,12/PP00164,,CV12,6,,0,,1,1_12/PP00164
1,02/10575,,TI02,2,,0,,1,1_02/10575
1,PR/0617/019501,,TI02,2,,0,,1,1_PR/0617/019501
1,02/1060702,,TI02,2,,0,,1,1_02/1060702
1,02/1060703,,TI02,2,,0,,1,1_02/1060703
1,02/10166B,,TI02,2,,0,,1,1_02/10166B
1,UP.105-02,,YMA-UP,1,,0,,1,1_UP.105-02
1,02/10621M,,TI02,2,,0,,1,1_02/10621M
1,PR/1594/0003,,TI02,2,,0,,1,1_PR/1594/0003
1,PR/1594/0001,,TI02,2,,0,,1,1_PR/1594/0001
1,PR/1594/0002,,TI02,2,,0,,1,1_PR/1594/0002
1,02/10417,,TI02,2,,0,,1,1_02/10417
1,PR/1214/0005,,TI02,2,,0,,1,1_PR/1214/0005
1,02/1047901,,TI02,2,,0,,1,1_02/1047901
1,PR/1489/0015-A,,TA01,1,,0,,1,1_PR/1489/0015-A
1,UP.105-01,,YMA-UP,1,,0,,1,1_UP.105-01
1,12/TI00006R,,CV12,2,,0,,1,1_12/TI00006R
1,US.014-08,,YMA-US,1,,0,,1,1_US.014-08
1,US.014-08A,,YMA-US,1,,0,,1,1_US.014-08A
1,US.014-01,,YMA-US,1,,0,,1,1_US.014-01
1,US.014-01A,,YMA-US,1,,0,,1,1_US.014-01A
1,UP.105-0201,,YMA-UP,1,,0,,1,1_UP.105-0201
1,PR/1489/0015,,TA01,1,,0,,1,1_PR/1489/0015
1,02/10526A03,,TI02,2,,0,,1,1_02/10526A03
1,02/10526A02,,TI02,2,,0,,1,1_02/10526A02
1,02/10526A01,,TI02,2,,0,,1,1_02/10526A01
1,PR/0617/0250,,TI02,2,,0,,1,1_PR/0617/0250
1,01/10188R,,TA01,1,,0,,1,1_01/10188R
1,12/PP00105A02,,CV12,6,,0,,1,1_12/PP00105A02
1,03/00432,,CA03,3,,0,,1,1_03/00432
1,12/PG01013A04,,CV12,6,,0,,1,1_12/PG01013A04
1,02/1062201,,TI02,2,,0,,1,1_02/1062201
1,03/2431070R,,CA03,3,,0,,1,1_03/2431070R
1,PR/0019/0010,,TI02,2,,0,,1,1_PR/0019/0010
1,02/1059701,,TI02,2,,0,,1,1_02/1059701
1,02/10479M,,TI02,2,,0,,1,1_02/10479M
1,PR/1729/0008,,TA01,1,,0,,1,1_PR/1729/0008
1,PR/0085/0009,,TI02,2,,0,,1,1_PR/0085/0009
1,02/10622,,TI02,2,,0,,1,1_02/10622
1,12/PG00009D01,,CV12,6,,0,,1,1_12/PG00009D01
1,01/10196,,TA01,1,,0,,1,1_01/10196
1,12/70229,,CV12,6,,0,,1,1_12/70229
1,01/10197,,TA01,1,,0,,1,1_01/10197
1,02/0964601,,TI02,2,,0,,1,1_02/0964601
1,02/10625,,TI02,2,,0,,1,1_02/10625
1,02/0964603,,TI02,2,,0,,1,1_02/0964603
1,01/09852R,,TA01,1,,0,,1,1_01/09852R
1,02/10623,,TI02,2,,0,,1,1_02/10623
1,PR/1768/0005,,TI02,2,,0,,1,1_PR/1768/0005
1,02/10803,,TI02,2,,0,,1,1_02/10803
1,02/1057101,,TI02,2,,0,,1,1_02/1057101
1,02/1057501,,TI02,2,,0,,1,1_02/1057501
1,PR/1682/0020,,TI02,2,,0,,1,1_PR/1682/0020
1,13/10033,,CA13,3,,0,,1,1_13/10033
1,04/171700002,,PL04,4,,0,,1,1_04/171700002
1,PR/0617/01950101,,TI02,2,,0,,1,1_PR/0617/01950101
1,PR/0617/01950102,,TI02,2,,0,,1,1_PR/0617/01950102
1,03/00387,,CA03,3,,0,,1,1_03/00387
1,02/10626,,TI02,2,,0,,1,1_02/10626
1,01/10195R,,TA01,1,,0,,1,1_01/10195R
1,02/08038,,TI02,2,,0,,1,1_02/08038
1,12/70227,,CV12,6,,0,,1,1_12/70227
1,02/10022,,TI02,2,,0,,1,1_02/10022
1,PR/0019/0011,,TI02,2,,0,,1,1_PR/0019/0011
1,PR/0104/0063,,TA01,1,,0,,1,1_PR/0104/0063
1,02/10018B01,,TI02,2,,0,,1,1_02/10018B01
1,02/10018B03,,TI02,2,,0,,1,1_02/10018B03
1,02/10593,,TI02,2,,0,,1,1_02/10593
1,02/1059303,,TI02,2,,0,,1,1_02/1059303
1,02/124400004,,TI02,2,,0,,1,1_02/124400004
1,02/1076501,,TI02,2,,0,,1,1_02/1076501
1,25/00105,,TA25,1,,0,,1,1_25/00105
1,03/00352,,CA03,3,,0,,1,1_03/00352
1,02/1062703,,TI02,2,,0,,1,1_02/1062703
1,PR/ASBE/0001,,TA01,1,,0,,1,1_PR/ASBE/0001
1,02/1065201,,TI02,2,,0,,1,1_02/1065201
1,12/80876,,CV12,6,,0,,1,1_12/80876
1,01/10198,,TA01,1,,0,,1,1_01/10198
1,02/1062702,,TI02,2,,0,,1,1_02/1062702
1,02/1062701,,TI02,2,,0,,1,1_02/1062701
1,02/1059301,,TI02,2,,0,,1,1_02/1059301
1,02/10593M,,TI02,2,,0,,1,1_02/10593M
1,03/00476A,,CA03,3,,0,,1,1_03/00476A
1,PR/1567/0015,,TI02,2,,0,,1,1_PR/1567/0015
1,12/522007,,CV12,6,,0,,1,1_12/522007
1,01/10176,,TA01,1,,0,,1,1_01/10176
1,02/10809,,TI02,2,,0,,1,1_02/10809
1,12/522508,,CV12,6,,0,,1,1_12/522508
1,02/10918,,TI02,2,,0,,1,1_02/10918
1,03/00312M,,CA03,3,,0,,1,1_03/00312M
1,01/10199,,TA01,1,,0,,1,1_01/10199
1,10/9002701,,TI10,2,,0,,1,1_10/9002701
1,03/00428RM,,CA03,3,,0,,1,1_03/00428RM
1,03/00428R,,CA03,3,,0,,1,1_03/00428R
1,PR/0617/0196,,TI02,2,,0,,1,1_PR/0617/0196
1,PR/0617/0197,,TI02,2,,0,,1,1_PR/0617/0197
1,12/EFAL009,,CV12,6,,0,,1,1_12/EFAL009
1,PR/0617/019601,,TI02,2,,0,,1,1_PR/0617/019601
1,12/522508R,,CV12,6,,0,,1,1_12/522508R
1,02/124400002,,TI02,2,,0,,1,1_02/124400002
1,PR/0617/0198,,TI02,2,,0,,1,1_PR/0617/0198
1,PR/0617/0198-A,,TI02,2,,0,,1,1_PR/0617/0198-A
1,02/10476,,TI02,2,,0,,1,1_02/10476
1,PR/0019/0012,,TI02,2,,0,,1,1_PR/0019/0012
1,PR/0019/0013,,TI02,2,,0,,1,1_PR/0019/0013
1,PR/0019/0016,,TI02,2,,0,,1,1_PR/0019/0016
1,PR/0019/0017,,TI02,2,,0,,1,1_PR/0019/0017
1,02/10631,,TI02,2,,0,,1,1_02/10631
1,PR/0019/0019,,TI02,2,,0,,1,1_PR/0019/0019
1,PR/0019/0020,,TI02,2,,0,,1,1_PR/0019/0020
1,PR/0019/0021,,TI02,2,,0,,1,1_PR/0019/0021
1,PR/0019/0018,,TI02,2,,0,,1,1_PR/0019/0018
1,02/10630,,TI02,2,,0,,1,1_02/10630
1,PR/1669/0041,,TA01,1,,0,,1,1_PR/1669/0041
1,PR/1669/0042,,TA01,1,,0,,1,1_PR/1669/0042
1,12/PG05206,,CV12,6,,0,,1,1_12/PG05206
1,02/10631M,,TI02,2,,0,,1,1_02/10631M
1,02/10630M,,TI02,2,,0,,1,1_02/10630M
1,PR/1217/0006,,TA01,1,,0,,1,1_PR/1217/0006
1,PR/0617/0200,,TI02,2,,0,,1,1_PR/0617/0200
1,PR/1144/0029-A,,TA01,1,,0,,1,1_PR/1144/0029-A
1,PR/0085/0011,,TA01,1,,0,,1,1_PR/0085/0011
1,PR/0617/0200-A,,TI02,2,,0,,1,1_PR/0617/0200-A
1,12/80958,,CV12,6,,0,,1,1_12/80958
1,12/TI00026,,CV12,6,,0,,1,1_12/TI00026
1,PR/1144/0028,,TA01,1,,0,,1,1_PR/1144/0028
1,PR/1144/0028-A,,TA01,1,,0,,1,1_PR/1144/0028-A
1,PR/1144/0029,,TA01,1,,0,,1,1_PR/1144/0029
1,01/114400004,,TA01,1,,0,,1,1_01/114400004
1,02/10632,,TI02,2,,0,,1,1_02/10632
1,PR/1206/0008,,TI02,2,,0,,1,1_PR/1206/0008
1,01/10070M,,TA01,1,,0,,1,1_01/10070M
1,PR/1729/0009,,TA01,1,,0,,1,1_PR/1729/0009
1,02/1063201,,TI02,2,,0,,1,1_02/1063201
1,02/1063202,,TI02,2,,0,,1,1_02/1063202
1,PR/1708/0028,,CA03,3,,0,,1,1_PR/1708/0028
1,PR/0617/0202,,TI02,2,,0,,1,1_PR/0617/0202
1,PR/0617/0200-B,,TA01,1,,0,,1,1_PR/0617/0200-B
1,PR/1729/0009-A,,TA01,1,,0,,1,1_PR/1729/0009-A
1,28/10932075,,TA28,1,,0,,1,1_28/10932075
1,01/0985301,,TA01,1,,0,,1,1_01/0985301
1,12/00499,,CV12,6,,0,,1,1_12/00499
1,53/37006,,TA53,1,,0,,1,1_53/37006
1,03/00429,,CA03,3,,0,,1,1_03/00429
1,PR/0617/0203,,TA01,2,,0,,1,1_PR/0617/0203
1,03/00430,,CA03,3,,0,,1,1_03/00430
1,02/10492R,,TI02,2,,0,,1,1_02/10492R
1,PR/0240/0024,,TI02,2,,0,,1,1_PR/0240/0024
1,03/00130,,CA03,3,,0,,1,1_03/00130
1,12/80503,,CV12,6,,0,,1,1_12/80503
1,02/10191A,,TI02,2,,0,,1,1_02/10191A
1,02/10296,,TI02,2,,0,,1,1_02/10296
1,PR/1286/0012,,TA01,1,,0,,1,1_PR/1286/0012
1,10/00373,,TI10,2,,0,,1,1_10/00373
1,12/80599,,TI02,2,,0,,1,1_12/80599
1,01/10201,,TA01,1,,0,,1,1_01/10201
1,10/00373R,,TI10,2,,0,,1,1_10/00373R
1,01/114400004M,,TA01,1,,0,,1,1_01/114400004M
1,02/09731AN01,,TI02,2,,0,,1,1_02/09731AN01
1,MA.031-R,,YMA-MA,1,,0,,1,1_MA.031-R
1,12/PG05538A,,CV12,6,,0,,1,1_12/PG05538A
1,CM.013-R,,YMA-CM,1,,0,,1,1_CM.013-R
1,01/10202,,TA01,1,,0,,1,1_01/10202
1,01/1020201,,TA01,1,,0,,1,1_01/1020201
1,AV010,,AVTA,1,,0,,1,1_AV010
1,01/10202M,,TA01,1,,0,,1,1_01/10202M
1,12/PG05121,,CV12,6,,0,,1,1_12/PG05121
1,01/10142,,TA01,1,,0,,1,1_01/10142
1,02/10633,,TI02,2,,0,,1,1_02/10633
1,02/10634,,TI02,2,,0,,1,1_02/10634
1,12/PG00151,,CV12,6,,0,,1,1_12/PG00151
1,02/10611,,TI02,2,,0,,1,1_02/10611
1,02/10635,,TI02,2,,0,,1,1_02/10635
1,02/10025A,,TI02,2,,0,,1,1_02/10025A
1,02/10025A01,,TI02,2,,0,,1,1_02/10025A01
1,02/10025A02,,TI02,2,,0,,1,1_02/10025A02
1,02/10025A03,,TI02,2,,0,,1,1_02/10025A03
1,PR/0048/0055,,TA01,1,,0,,1,1_PR/0048/0055
1,03/00189A,,CA03,3,,0,,1,1_03/00189A
1,02/1043101,,TI02,2,,0,,1,1_02/1043101
1,PR/0145/0012,,CA03,3,,0,,1,1_PR/0145/0012
1,01/09938A,,TA01,1,,0,,1,1_01/09938A
1,PR/0880/0009,,TA01,1,,0,,1,1_PR/0880/0009
1,03/00422,,CA03,3,,0,,1,1_03/00422
1,03/00433,,CA03,3,,0,,1,1_03/00433
1,01/10125A01,,TA01,1,,0,,1,1_01/10125A01
1,12/80510,,CV12,6,,0,,1,1_12/80510
1,12/80506,,CV12,6,,0,,1,1_12/80506
1,01/10203,,TA01,1,,0,,1,1_01/10203
1,PR/0677/0035,,TI02,2,,0,,1,1_PR/0677/0035
1,AV030,,AVCA,3,,0,,1,1_AV030
1,11/31603,,TA11,1,,0,,1,1_11/31603
1,11/31605,,TA11,1,,0,,1,1_11/31605
1,03/00434,,CA03,3,,0,,1,1_03/00434
1,02/10637,,TI02,2,,0,,1,1_02/10637
1,02/10638,,TI02,2,,0,,1,1_02/10638
1,AV060,,AVCV,6,,0,,1,1_AV060
1,PR/1690/0007-B,,TA01,1,,0,,1,1_PR/1690/0007-B
1,PR/1690/0007-C,,TA01,1,,0,,1,1_PR/1690/0007-C
1,PR/1206/0009,,TI02,2,,0,,1,1_PR/1206/0009
1,PR/1206/0010,,TI02,2,,0,,1,1_PR/1206/0010
1,PR/1682/0029,,TA01,1,,0,,1,1_PR/1682/0029
1,01/07940AR,,TA01,1,,0,,1,1_01/07940AR
1,01/09975,,TA01,1,,0,,1,1_01/09975
1,01/09975A,,TA01,1,,0,,1,1_01/09975A
1,01/09975B,,TA01,1,,0,,1,1_01/09975B
1,01/09976,,TA01,1,,0,,1,1_01/09976
1,01/09976A,,TA01,1,,0,,1,1_01/09976A
1,PR/1768/0002,,TI02,2,,0,,1,1_PR/1768/0002
1,EP.002-M,,YMA-EP,3,,0,,1,1_EP.002-M
1,EP.003-M,,YMA-EP,1,,0,,1,1_EP.003-M
1,PR/0617/0311,,TI02,2,,0,,1,1_PR/0617/0311
1,PR/1690/0020-B,,TA01,1,,0,,1,1_PR/1690/0020-B
1,EP.005-M,,YMA-EP,1,,0,,1,1_EP.005-M
1,EP.005,,YMA-EP,1,,0,,1,1_EP.005
1,EP.002,,YMA-EP,1,,0,,1,1_EP.002
1,EP.003,,YMA-EP,1,,0,,1,1_EP.003
1,EP.004,,YMA-EP,1,,0,,1,1_EP.004
1,EP.004-M,,YMA-EP,1,,0,,1,1_EP.004-M
1,12/50128,,CV12,6,,0,,1,1_12/50128
1,PR/1144/0030,,TA01,1,,0,,1,1_PR/1144/0030
1,12/422509101,,CV12,6,,0,,1,1_12/422509101
1,12/422508101,,CV12,6,,0,,1,1_12/422508101
1,12/33008,,CV12,6,,0,,1,1_12/33008
1,PR/1007/0075,,TA01,1,,0,,1,1_PR/1007/0075
1,02/10470AM,,TI02,2,,0,,1,1_02/10470AM
1,BA.051,,YMA-BA,1,,0,,1,1_BA.051
1,70/16012525A,,TA70,6,,0,,1,1_70/16012525A
1,12/PG00134,,CV12,6,,0,,1,1_12/PG00134
1,PR/1877/0002,,TA01,1,,0,,1,1_PR/1877/0002
1,PR/1690/0026,,TA01,1,,0,,1,1_PR/1690/0026
1,PR/1690/0027,,TA01,1,,0,,1,1_PR/1690/0027
1,PR/1690/0025,,TA01,1,,0,,1,1_PR/1690/0025
1,PR/1690/0024,,TA01,1,,0,,1,1_PR/1690/0024
1,PR/1690/0023,,TA01,1,,0,,1,1_PR/1690/0023
1,PR/1690/0001,,TA01,1,,0,,1,1_PR/1690/0001
1,12/TI00027,,CV12,2,,0,,1,1_12/TI00027
1,12/TI00028,,CV12,6,,0,,1,1_12/TI00028
1,12/TI00029,,CV12,6,,0,,1,1_12/TI00029
1,02/10018BR,,TI02,2,,0,,1,1_02/10018BR
1,92/00202,,X,0,,0,,1,1_92/00202
1,12/80959,,CV12,6,,0,,1,1_12/80959
1,02/10470AM1,,TI02,2,,0,,1,1_02/10470AM1
1,12/80960,,CV12,6,,0,,1,1_12/80960
1,PR/1206/0011,,TA01,1,,0,,1,1_PR/1206/0011
1,02/10277,,TI02,2,,0,,1,1_02/10277
1,01/09975D,,TA01,1,,0,,1,1_01/09975D
1,01/10130A,,TA01,1,,0,,1,1_01/10130A
1,01/10131A,,TA01,1,,0,,1,1_01/10131A
1,01/09976C,,TA01,1,,0,,1,1_01/09976C
1,01/09976D,,TA01,1,,0,,1,1_01/09976D
1,01/09976B,,TA01,1,,0,,1,1_01/09976B
1,02/10277A01,,TI02,2,,0,,1,1_02/10277A01
1,02/10277A02,,TI02,2,,0,,1,1_02/10277A02
1,02/09162A,,TI02,2,,0,,1,1_02/09162A
1,02/10011AR,,TI02,2,,0,,1,1_02/10011AR
1,02/10474,,TI02,2,,0,,1,1_02/10474
1,02/10474R,,TI02,2,,0,,1,1_02/10474R
1,PR/1725/0005,,TI02,2,,0,,1,1_PR/1725/0005
1,02/09162,,TI02,2,,0,,1,1_02/09162
1,02/09162B,,TI02,2,,0,,1,1_02/09162B
1,02/09420,,TI02,2,,0,,1,1_02/09420
1,PR/0617/0206,,TI02,2,,0,,1,1_PR/0617/0206
1,11/31521M1,,TA01,1,,0,,1,1_11/31521M1
1,PR/0845/0004,,TA01,1,,0,,1,1_PR/0845/0004
1,PR/1768/0003,,TI02,2,,0,,1,1_PR/1768/0003
1,01/10206,,TA01,1,,0,,1,1_01/10206
1,PR/1567/0011,,TI02,2,,0,,1,1_PR/1567/0011
1,PR/1768/0004,,TI02,2,,0,,1,1_PR/1768/0004
1,12/PG05106,,CV12,6,,0,,1,1_12/PG05106
1,02/10068,,TI02,2,,0,,1,1_02/10068
1,02/10643,,TI02,2,,0,,1,1_02/10643
1,02/10531R,,TI02,2,,0,,1,1_02/10531R
1,PR/1244/0006-B,,TI02,2,,0,,1,1_PR/1244/0006-B
1,02/10394A,,TI02,2,,0,,1,1_02/10394A
1,PR/1725/0003-A,,TI02,2,,0,,1,1_PR/1725/0003-A
1,PR/1725/0003,,TI02,2,,0,,1,1_PR/1725/0003
1,PR/0788/0001,,TI02,2,,0,,1,1_PR/0788/0001
1,PR/0617/0208,,TI02,2,,0,,1,1_PR/0617/0208
1,PR/1244/0005-C,,TI02,2,,0,,1,1_PR/1244/0005-C
1,PB.106,,YMA-PB,1,,0,,1,1_PB.106
1,PR/1244/0005-B,,TI02,2,,0,,1,1_PR/1244/0005-B
1,12/CH010110100,,CV12,6,,0,,1,1_12/CH010110100
1,PR/0617/0209,,TI02,2,,0,,1,1_PR/0617/0209
1,01/09825B,,TA01,1,,0,,1,1_01/09825B
1,01/073500001,,TA01,1,,0,,1,1_01/073500001
1,02/075800004,,TI02,2,,0,,1,1_02/075800004
1,PR/0712/0003,,TA01,1,,0,,1,1_PR/0712/0003
1,02/075800004M,,TI02,2,,0,,1,1_02/075800004M
1,01/10205,,TA01,1,,0,,1,1_01/10205
1,02/08154R,,TI02,2,,0,,1,1_02/08154R
1,01/10208,,TA01,1,,0,,1,1_01/10208
1,52/63215,,TA52,1,,0,,1,1_52/63215
1,PR/1708/0029,,TI02,2,,0,,1,1_PR/1708/0029
1,02/09854,,TI02,2,,0,,1,1_02/09854
1,PR/1594/0004,,TI02,2,,0,,1,1_PR/1594/0004
1,01/10125A,,TA01,1,,0,,1,1_01/10125A
1,01/1018901,,TA01,1,,0,,1,1_01/1018901
1,12/80534,,CV12,6,,0,,1,1_12/80534
1,PR/0617/0210,,TI02,2,,0,,1,1_PR/0617/0210
1,12/80961,,CV12,6,,0,,1,1_12/80961
1,12/80684,,CV12,6,,0,,1,1_12/80684
1,01/10211,,TA01,1,,0,,1,1_01/10211
1,01/10212,,TA01,1,,0,,1,1_01/10212
1,PR/0617/0211,,TI02,2,,0,,1,1_PR/0617/0211
1,01/10210,,TA01,1,,0,,1,1_01/10210
1,02/10648,,TI02,2,,0,,1,1_02/10648
1,PR/0617/0207M,,TI02,2,,0,,1,1_PR/0617/0207M
1,02/10646,,TI02,2,,0,,1,1_02/10646
1,10/111430,,TI10,2,,0,,1,1_10/111430
1,PR/0617/0212,,TI02,2,,0,,1,1_PR/0617/0212
1,02/1075801,,TI02,2,,0,,1,1_02/1075801
1,01/148900001,,TA01,1,,0,,1,1_01/148900001
1,01/148900002,,TA01,1,,0,,1,1_01/148900002
1,PR/1167/0003,,TA01,1,,0,,1,1_PR/1167/0003
1,UT.008,,YMA-UT,1,,0,,1,1_UT.008
1,PR/0104/0066,,TA01,1,,0,,1,1_PR/0104/0066
1,PR/0048/0057,,TI02,2,,0,,1,1_PR/0048/0057
1,PR/0267/0062,,TI02,2,,0,,1,1_PR/0267/0062
1,PR/0267/0063,,TI02,2,,0,,1,1_PR/0267/0063
1,12/50123,,CV12,6,,0,,1,1_12/50123
1,PR/1708/0036,,CA03,3,,0,,1,1_PR/1708/0036
1,PR/0048/0056,,TA01,1,,0,,1,1_PR/0048/0056
1,02/10647,,TI02,2,,0,,1,1_02/10647
1,10/10510,,TI10,2,,0,,1,1_10/10510
1,PR/1557/0030,,TI02,2,,0,,1,1_PR/1557/0030
1,01/10209,,TA01,1,,0,,1,1_01/10209
1,01/10207,,TA01,1,,0,,1,1_01/10207
1,12/PG05006,,CV12,6,,0,,1,1_12/PG05006
1,PR/1007/0079,,TA01,1,,0,,1,1_PR/1007/0079
1,03/0043701,,CA03,3,,0,,1,1_03/0043701
1,PR/1557/0030-A,,TI02,2,,0,,1,1_PR/1557/0030-A
1,PR/1557/0030-AM,,TI02,2,,0,,1,1_PR/1557/0030-AM
1,02/10277AR,,TI02,2,,0,,1,1_02/10277AR
1,01/10117R,,TA01,1,,0,,1,1_01/10117R
1,01/1011702,,TA01,1,,0,,1,1_01/1011702
1,02/128600001,,TI02,2,,0,,1,1_02/128600001
1,02/10407A0203,,TI02,2,,0,,1,1_02/10407A0203
1,01/006600001,,TA01,1,,0,,1,1_01/006600001
1,01/170800001,,TA01,1,,0,,1,1_01/170800001
1,PR/1007/0080,,TA01,1,,0,,1,1_PR/1007/0080
1,01/10157A,,TA01,1,,0,,1,1_01/10157A
1,PR/1524/0002,,TI02,2,,0,,1,1_PR/1524/0002
1,PR-GUIN/0003,,TI02,2,,0,,1,1_PR-GUIN/0003
1,12/CF0003507,,CV12,6,,0,,1,1_12/CF0003507
1,PR/0718/0008,,TA01,1,,0,,1,1_PR/0718/0008
1,02/10652A01,,TI02,2,,0,,1,1_02/10652A01
1,PR/1708/0034,,TA01,1,,0,,1,1_PR/1708/0034
1,01/0718000001,,TA01,1,,0,,1,1_01/0718000001
1,PR/1708/0032,,TI02,2,,0,,1,1_PR/1708/0032
1,PR/1708/0033,,TI02,2,,0,,1,1_PR/1708/0033
1,PR/1708/0030,,TI02,2,,0,,1,1_PR/1708/0030
1,02/10649,,TI02,2,,0,,1,1_02/10649
1,10/111440,,TI10,2,,0,,1,1_10/111440
1,10/16620,,TI10,2,,0,,1,1_10/16620
1,10/111465,,TI10,2,,0,,1,1_10/111465
1,02/10650,,TI02,2,,0,,1,1_02/10650
1,02/10651,,TI02,2,,0,,1,1_02/10651
1,PR/1725/0006-A,,TI02,2,,0,,1,1_PR/1725/0006-A
1,01/10214,,TA01,1,,0,,1,1_01/10214
1,02/10651M,,TI02,2,,0,,1,1_02/10651M
1,PR/1725/0007-A,,TI02,2,,0,,1,1_PR/1725/0007-A
1,PR/1725/0007,,TI02,2,,0,,1,1_PR/1725/0007
1,PR/1725/0006,,TI02,2,,0,,1,1_PR/1725/0006
1,02/10166A,,TI02,2,,0,,1,1_02/10166A
1,12/80597,,CV12,6,,0,,1,1_12/80597
1,02/10658,,TI02,2,,0,,1,1_02/10658
1,12/70054,,CV12,6,,0,,1,1_12/70054
1,02/10656,,TI02,2,,0,,1,1_02/10656
1,02/10657,,TI02,2,,0,,1,1_02/10657
1,02/10653,,TI02,2,,0,,1,1_02/10653
1,02/10652,,TI02,2,,0,,1,1_02/10652
1,55/00204MPA,,TI55,2,,0,,1,1_55/00204MPA
1,PR/1669/0043,,TA01,1,,0,,1,1_PR/1669/0043
1,02/10627R,,TI02,2,,0,,1,1_02/10627R
1,02/10627,,TI02,2,,0,,1,1_02/10627
1,MA.053-R,,YMA-MA,1,,0,,1,1_MA.053-R
1,01/10209R,,TA01,1,,0,,1,1_01/10209R
1,02/09896R,,TI02,2,,0,,1,1_02/09896R
1,02/10682,,TI02,2,,0,,1,1_02/10682
1,02/10295AM,,TI02,2,,0,,1,1_02/10295AM
1,02/10295AM1,,TI02,2,,0,,1,1_02/10295AM1
1,56/32005MPA,,TA56,1,,0,,1,1_56/32005MPA
1,PR/01206/0013,,TA01,1,,0,,1,1_PR/01206/0013
1,02/10736M,,TI02,2,,0,,1,1_02/10736M
1,MA.017-R,,YMA-MA,1,,0,,1,1_MA.017-R
1,01/10264,,TA01,1,,0,,1,1_01/10264
1,MA.046-R,,YMA-MA,1,,0,,1,1_MA.046-R
1,PS.003-R,,YMA-PS,1,,0,,1,1_PS.003-R
1,13/10614,,CA13,3,,0,,1,1_13/10614
1,12/PP00144,,CV12,6,,0,,1,1_12/PP00144
1,02/1065401,,TI02,2,,0,,1,1_02/1065401
1,02/1065202,,TI02,2,,0,,1,1_02/1065202
1,02/1065203,,TI02,2,,0,,1,1_02/1065203
1,01/10024,,TA01,1,,0,,1,1_01/10024
1,01/10025,,TA01,1,,0,,1,1_01/10025
1,01/10026,,TA01,1,,0,,1,1_01/10026
1,13/10119,,CA13,3,,0,,1,1_13/10119
1,01/10200,,TA01,1,,0,,1,1_01/10200
1,02/1065201M,,TI02,2,,0,,1,1_02/1065201M
1,PR/1489/0015-B,,TA01,1,,0,,1,1_PR/1489/0015-B
1,PR/0712/0004,,TI02,2,,0,,1,1_PR/0712/0004
1,01/10215R,,TA01,1,,0,,1,1_01/10215R
1,01/10217,,TA01,1,,0,,1,1_01/10217
1,PR/0617/0213,,TI02,2,,0,,1,1_PR/0617/0213
1,PR/0617/0214,,TI02,2,,0,,1,1_PR/0617/0214
1,03/00219M,,CA03,3,,0,,1,1_03/00219M
1,03/00438,,CA03,3,,0,,1,1_03/00438
1,12/NY2601050,,CV12,6,,0,,1,1_12/NY2601050
1,PR/0617/0215,,TI02,2,,0,,1,1_PR/0617/0215
1,PR/0617/0216,,TI02,2,,0,,1,1_PR/0617/0216
1,PR/0617/0217,,TI02,2,,0,,1,1_PR/0617/0217
1,01/10216R,,TA01,1,,0,,1,1_01/10216R
1,12/51109,,CV12,6,,0,,1,1_12/51109
1,PR/0845/0019,,TI02,2,,0,,1,1_PR/0845/0019
1,55/10190MP,,TI55,2,,0,,1,1_55/10190MP
1,PR/0817/0009,,TA01,1,,0,,1,1_PR/0817/0009
1,12/NY2602053,,CV12,6,,0,,1,1_12/NY2602053
1,02/10765,,TI02,2,,0,,1,1_02/10765
1,02/10661,,TI02,2,,0,,1,1_02/10661
1,PR/1747/0003,,TA01,1,,0,,1,1_PR/1747/0003
1,UP.108,,YMA-UP,1,,0,,1,1_UP.108
1,02/10662,,TI02,2,,0,,1,1_02/10662
1,02/150500001M1,,TI02,2,,0,,1,1_02/150500001M1
1,PR/TEIX/0002,,TA01,1,,0,,1,1_PR/TEIX/0002
1,02/150500001,,TI02,2,,0,,1,1_02/150500001
1,02/10661M,,TI02,2,,0,,1,1_02/10661M
1,02/10662M,,TI02,2,,0,,1,1_02/10662M
1,PR/1621/0014,,TI02,2,,0,,1,1_PR/1621/0014
1,PR/0301/0047-A,,TA01,1,,0,,1,1_PR/0301/0047-A
1,03/0043801,,CA03,3,,0,,1,1_03/0043801
1,PR/0845/0005,,TA01,1,,0,,1,1_PR/0845/0005
1,03/00315,,CA03,3,,0,,1,1_03/00315
1,PR/0845/0006,,TA01,1,,0,,1,1_PR/0845/0006
1,13/10605,,CA13,3,,0,,1,1_13/10605
1,13/10618,,CA13,3,,0,,1,1_13/10618
1,03/1531090,,CA03,3,,0,,1,1_03/1531090
1,02/10664,,TI02,2,,0,,1,1_02/10664
1,02/10664M,,TI02,2,,0,,1,1_02/10664M
1,PR/1669/0045,,TI02,2,,0,,1,1_PR/1669/0045
1,02/1066301,,TI02,2,,0,,1,1_02/1066301
1,PR/1621/0014-A,,TI02,2,,0,,1,1_PR/1621/0014-A
1,02/1066401,,TI02,2,,0,,1,1_02/1066401
1,02/155500001,,TI02,2,,0,,1,1_02/155500001
1,PR/1621/0016,,TI02,2,,0,,1,1_PR/1621/0016
1,02/10665,,TI02,2,,0,,1,1_02/10665
1,PR/0048/0058,,TA01,1,,0,,1,1_PR/0048/0058
1,01/10049A,,TA01,1,,0,,1,1_01/10049A
1,02/08399,,TI02,2,,0,,1,1_02/08399
1,02/08378,,TI02,2,,0,,1,1_02/08378
1,PR/0845/0007,,TI02,2,,0,,1,1_PR/0845/0007
1,PR/0845/0008,,TI02,2,,0,,1,1_PR/0845/0008
1,PR/1364/0001,,TI02,2,,0,,1,1_PR/1364/0001
1,PR/0845/0009,,TI02,2,,0,,1,1_PR/0845/0009
1,PR/0845/0010,,TI02,2,,0,,1,1_PR/0845/0010
1,01/004800002,,TA01,1,,0,,1,1_01/004800002
1,01/10218,,TA01,1,,0,,1,1_01/10218
1,01/10221,,TA01,1,,0,,1,1_01/10221
1,PR/1747/0004,,TA01,1,,0,,1,1_PR/1747/0004
1,02/10666,,TI02,2,,0,,1,1_02/10666
1,UP.106,,YMA-UP,1,,0,,1,1_UP.106
1,UP.107,,YMA-UP,1,,0,,1,1_UP.107
1,12/5305025,,CV12,6,,0,,1,1_12/5305025
1,AC.025,,YMA-AC,1,,0,,1,1_AC.025
1,02/10613,,TI02,2,,0,,1,1_02/10613
1,02/10668M,,TI02,2,,0,,1,1_02/10668M
1,02/10297,,TI02,2,,0,,1,1_02/10297
1,PR/0048/0059,,TI02,2,,0,,1,1_PR/0048/0059
1,PR/1669/0044,,TA01,1,,0,,1,1_PR/1669/0044
1,01/10219,,TA01,1,,0,,1,1_01/10219
1,01/10222,,TA01,1,,0,,1,1_01/10222
1,02/10669,,TI02,2,,0,,1,1_02/10669
1,UP.109,,YMA-UP,1,,0,,1,1_UP.109
1,UP.110,,YMA-UP,1,,0,,1,1_UP.110
1,UP.111,,YMA-UP,1,,0,,1,1_UP.111
1,UP.112,,YMA-UP,1,,0,,1,1_UP.112
1,UP.113,,YMA-UP,1,,0,,1,1_UP.113
1,UP.114,,YMA-UP,1,,0,,1,1_UP.114
1,UP.115,,YMA-UP,1,,0,,1,1_UP.115
1,AC.026,,YMA-AC,1,,0,,1,1_AC.026
1,AC.023,,YMA-AC,1,,0,,1,1_AC.023
1,PR/EMAT/0001,,TI02,2,,0,,1,1_PR/EMAT/0001
1,02/1057601I,,TI02,2,,0,,1,1_02/1057601I
1,12/80911,,CV12,6,,0,,1,1_12/80911
1,01/10277,,TA01,1,,0,,1,1_01/10277
1,12/00170,,CV12,6,,0,,1,1_12/00170
1,02/10670,,TI02,2,,0,,1,1_02/10670
1,PR/0617/0218,,TI02,2,,0,,1,1_PR/0617/0218
1,01/10219R,,TA01,1,,0,,1,1_01/10219R
1,PR/1364/0002,,TI02,2,,0,,1,1_PR/1364/0002
1,PR/0845/0014,,TI02,2,,0,,1,1_PR/0845/0014
1,PR/0845/0013,,TI02,2,,0,,1,1_PR/0845/0013
1,PR/0845/0012,,TI02,2,,0,,1,1_PR/0845/0012
1,02/10673,,TI02,2,,0,,1,1_02/10673
1,02/09485,,TI02,2,,0,,1,1_02/09485
1,02/1077902,,TI02,2,,0,,1,1_02/1077902
1,02/10219,,TI02,2,,0,,1,1_02/10219
1,02/10674,,TI02,2,,0,,1,1_02/10674
1,01/10223,,TA01,1,,0,,1,1_01/10223
1,02/10675M,,TI02,2,,0,,1,1_02/10675M
1,02/10675R,,TI02,2,,0,,1,1_02/10675R
1,PR/1621/0017,,TI02,2,,0,,1,1_PR/1621/0017
1,01/1022301,,TA01,1,,0,,1,1_01/1022301
1,PR/1621/0018,,TI02,2,,0,,1,1_PR/1621/0018
1,02/09766,,TI02,2,,0,,1,1_02/09766
1,PR/0617/0260,,TI02,2,,0,,1,1_PR/0617/0260
1,57/35010MPA,,TA57,1,,0,,1,1_57/35010MPA
1,12/50129,,CV12,6,,0,,1,1_12/50129
1,01/10224,,TA01,1,,0,,1,1_01/10224
1,02/08503,,TI02,2,,0,,1,1_02/08503
1,04/024000140,,PL04,4,,0,,1,1_04/024000140
1,PR/0837/0014,,TI02,2,,0,,1,1_PR/0837/0014
1,02/1059302,,TI02,2,,0,,1,1_02/1059302
1,PR/0617/0219,,TI02,2,,0,,1,1_PR/0617/0219
1,02/09766M4,,TI02,2,,0,,1,1_02/09766M4
1,02/1066302,,TI02,2,,0,,1,1_02/1066302
1,10/170420,,TI10,2,,0,,1,1_10/170420
1,PR/0845/0016,,TI02,2,,0,,1,1_PR/0845/0016
1,02/10680M,,TI02,2,,0,,1,1_02/10680M
1,12/XG400046,,CV12,6,,0,,1,1_12/XG400046
1,PR/1621/0019,,TI02,2,,0,,1,1_PR/1621/0019
1,01/09635A01,,TA01,1,,0,,1,1_01/09635A01
1,02/10678AR,,TI02,2,,0,,1,1_02/10678AR
1,PR/0978/0008,,TA01,1,,0,,1,1_PR/0978/0008
1,02/10680,,TI02,2,,0,,1,1_02/10680
1,02/10677M,,TI02,2,,0,,1,1_02/10677M
1,02/10679,,TI02,2,,0,,1,1_02/10679
1,13/10033M,,CA13,3,,0,,1,1_13/10033M
1,11/41154,,TA01,1,,0,,1,1_11/41154
1,01/10226,,TA01,1,,0,,1,1_01/10226
1,01/1022601,,TA01,1,,0,,1,1_01/1022601
1,12/54220601,,CV12,6,,0,,1,1_12/54220601
1,02/10678M,,TI02,2,,0,,1,1_02/10678M
1,12/XG360022,,CV12,6,,0,,1,1_12/XG360022
1,12/148900005,,CV12,6,,0,,1,1_12/148900005
1,54/36008,,TA54,1,,0,,1,1_54/36008
1,02/10676,,TI02,2,,0,,1,1_02/10676
1,26/62030,,TA26,3,,0,,1,1_26/62030
1,54/40040,,TA54,1,,0,,1,1_54/40040
1,PR/0617/0220,,TI02,2,,0,,1,1_PR/0617/0220
1,PR/0617/0221,,TI02,2,,0,,1,1_PR/0617/0221
1,PR/0617/0222,,TI02,2,,0,,1,1_PR/0617/0222
1,PR/0617/0223,,TI02,2,,0,,1,1_PR/0617/0223
1,02/10409,,TI02,2,,0,,1,1_02/10409
1,03/00420R,,CA03,3,,0,,1,1_03/00420R
1,PR/0617/0225,,TI02,2,,0,,1,1_PR/0617/0225
1,PR/0617/0224,,TI02,2,,0,,1,1_PR/0617/0224
1,PR/0619/0003-A,,TA01,1,,0,,1,1_PR/0619/0003-A
1,PR/0617/0205,,TI02,2,,0,,1,1_PR/0617/0205
1,PR/1621/0021,,TI02,2,,0,,1,1_PR/1621/0021
1,12/HD400046,,CV12,6,,0,,1,1_12/HD400046
1,12/FE00003,,CV12,1,,0,,1,1_12/FE00003
1,PR/0845/0011,,TI02,2,,0,,1,1_PR/0845/0011
1,PR/0845/0018,,TI02,2,,0,,1,1_PR/0845/0018
1,PR/1621/0020,,TI02,2,,0,,1,1_PR/1621/0020
1,02/1068101,,TI02,2,,0,,1,1_02/1068101
1,PR/0619/0004-A,,TA01,1,,0,,1,1_PR/0619/0004-A
1,02/10670R,,TI02,2,,0,,1,1_02/10670R
1,02/10325A,,TI02,2,,0,,1,1_02/10325A
1,02/10325,,TI02,2,,0,,1,1_02/10325
1,02/10295,,TI02,2,,0,,1,1_02/10295
1,02/10295A,,TI02,2,,0,,1,1_02/10295A
1,02/10470,,TI02,2,,0,,1,1_02/10470
1,02/10470A,,TI02,2,,0,,1,1_02/10470A
1,02/10677R,,TI02,2,,0,,1,1_02/10677R
1,12/80963,,CV12,6,,0,,1,1_12/80963
1,02/10678R,,TI02,2,,0,,1,1_02/10678R
1,02/150500001M,,TI02,2,,0,,1,1_02/150500001M
1,02/150500001M2,,TI02,2,,0,,1,1_02/150500001M2
1,04/184100001,,PL04,4,,0,,1,1_04/184100001
1,12/80964,,CV12,6,,0,,1,1_12/80964
1,PR/0617/0226,,TI02,2,,0,,1,1_PR/0617/0226
1,02/09282,,TI02,2,,0,,1,1_02/09282
1,PR/0617/0260-A,,TI02,2,,0,,1,1_PR/0617/0260-A
1,10/2206015,,TI02,2,,0,,1,1_10/2206015
1,01/10228,,TA01,1,,0,,1,1_01/10228
1,02/10685M,,TI02,2,,0,,1,1_02/10685M
1,PR/0228/0010,,TI02,2,,0,,1,1_PR/0228/0010
1,PR/0703/0001,,TI02,2,,0,,1,1_PR/0703/0001
1,04/024000180,,PL04,4,,0,,1,1_04/024000180
1,02/10685,,TI02,2,,0,,1,1_02/10685
1,02/10685M1,,TI02,2,,0,,1,1_02/10685M1
1,12/80965,,CV12,6,,0,,1,1_12/80965
1,12/5425081,,CV12,6,,0,,1,1_12/5425081
1,01/10215M,,TA01,1,,0,,1,1_01/10215M
1,01/184200001,,TA01,1,,0,,1,1_01/184200001
1,02/10687,,TI02,2,,0,,1,1_02/10687
1,11/31522,,TA11,1,,0,,1,1_11/31522
1,10/11860,,TI10,2,,0,,1,1_10/11860
1,02/10663,,TI02,2,,0,,1,1_02/10663
1,03/6521125,,CA03,3,,0,,1,1_03/6521125
1,PS.049-R,,YMA-PS,1,,0,,1,1_PS.049-R
1,PS.049-01,,YMA-PS,1,,0,,1,1_PS.049-01
1,PS.049-P,,YMA-PS,1,,0,,1,1_PS.049-P
1,02/10852,,TI02,2,,0,,1,1_02/10852
1,PR/0211/0002,,TI02,2,,0,,1,1_PR/0211/0002
1,12/PP00176,,CV12,6,,0,,1,1_12/PP00176
1,02/10046D,,TI02,2,,0,,1,1_02/10046D
1,02/10046E,,TI02,2,,0,,1,1_02/10046E
1,02/10046C,,TI02,2,,0,,1,1_02/10046C
1,02/10046B,,TI02,2,,0,,1,1_02/10046B
1,02/10046A,,TI02,2,,0,,1,1_02/10046A
1,02/10046,,TI02,2,,0,,1,1_02/10046
1,AC.024,,YMA-AC,1,,0,,1,1_AC.024
1,PR/0066/0009,,TA01,1,,0,,1,1_PR/0066/0009
1,CM.115,,YMA-CM,1,,0,,1,1_CM.115
1,12/HD350044,,CV12,6,,0,,1,1_12/HD350044
1,CM.116,,YMA-CM,1,,0,,1,1_CM.116
1,CM.117,,YMA-CM,1,,0,,1,1_CM.117
1,CM.118,,YMA-CM,1,,0,,1,1_CM.118
1,CM.119,,YMA-CM,1,,0,,1,1_CM.119
1,PB.107,,YMA-PB,1,,0,,1,1_PB.107
1,PS.064,,YMA-PS,1,,0,,1,1_PS.064
1,PS.065,,YMA-PS,1,,0,,1,1_PS.065
1,PS.066,,YMA-PS,1,,0,,1,1_PS.066
1,PR/1529/0005,,TI02,2,,0,,1,1_PR/1529/0005
1,02/09849R,,TI02,2,,0,,1,1_02/09849R
1,PS.068,,YMA-PS,1,,0,,1,1_PS.068
1,PS.069,,YMA-PS,1,,0,,1,1_PS.069
1,PS.070,,YMA-PS,1,,0,,1,1_PS.070
1,PS.071,,YMA-PS,1,,0,,1,1_PS.071
1,PS.072,,YMA-PS,1,,0,,1,1_PS.072
1,01/1014201,,TA01,1,,0,,1,1_01/1014201
1,02/10613R,,TI02,2,,0,,1,1_02/10613R
1,02/10526AR,,TI02,2,,0,,1,1_02/10526AR
1,02/10297R,,TI02,2,,0,,1,1_02/10297R
1,02/10296R,,TI02,2,,0,,1,1_02/10296R
1,01/10229,,TA01,1,,0,,1,1_01/10229
1,02/10690R,,TI02,2,,0,,1,1_02/10690R
1,PS.075,,YMA-PS,1,,0,,1,1_PS.075
1,PS.074,,YMA-PS,1,,0,,1,1_PS.074
1,PS.073,,YMA-PS,1,,0,,1,1_PS.073
1,PS.076,,YMA-PS,1,,0,,1,1_PS.076
1,PS.077,,YMA-PS,1,,0,,1,1_PS.077
1,PS.078,,YMA-PS,1,,0,,1,1_PS.078
1,PR/0617/0227,,TI02,2,,0,,1,1_PR/0617/0227
1,PR/0617/023302,,TI02,2,,0,,1,1_PR/0617/023302
1,PR/0617/0228,,TI02,2,,0,,1,1_PR/0617/0228
1,PS.079,,YMA-PS,1,,0,,1,1_PS.079
1,PS.080,,YMA-PS,1,,0,,1,1_PS.080
1,PS.067,,YMA-PS,1,,0,,1,1_PS.067
1,UP.091,,YMA-UP,1,,0,,1,1_UP.091
1,PR/0871/0006,,TI02,2,,0,,1,1_PR/0871/0006
1,02/10241,,TI02,2,,0,,1,1_02/10241
1,PR/1226/0015,,TI02,2,,0,,1,1_PR/1226/0015
1,02/10095A,,TI02,2,,0,,1,1_02/10095A
1,01/1022902,,TA01,1,,0,,1,1_01/1022902
1,01/1022901,,TA01,1,,0,,1,1_01/1022901
1,01/1022903,,TA01,1,,0,,1,1_01/1022903
1,12/531507,,CV12,6,,0,,1,1_12/531507
1,02/10626A,,TI02,2,,0,,1,1_02/10626A
1,03/0041201,,CA03,3,,0,,1,1_03/0041201
1,PB.009-R,,YMA-PB,1,,0,,1,1_PB.009-R
1,02/10691,,TI02,2,,0,,1,1_02/10691
1,03/00412R,,CA03,3,,0,,1,1_03/00412R
1,02/10683M,,TI02,2,,0,,1,1_02/10683M
1,02/10691M,,TI02,2,,0,,1,1_02/10691M
1,PR/1460/0002,,TA01,1,,0,,1,1_PR/1460/0002
1,02/10691M1,,TI02,3,,0,,1,1_02/10691M1
1,PR/1460/0003,,TA01,1,,0,,1,1_PR/1460/0003
1,PR/1460/0003-A,,TA01,1,,0,,1,1_PR/1460/0003-A
1,03/1421054,,CA03,3,,0,,1,1_03/1421054
1,PR/1621/0022,,TI02,2,,0,,1,1_PR/1621/0022
1,01/10215A,,TA01,1,,0,,1,1_01/10215A
1,01/10216A,,TA01,1,,0,,1,1_01/10216A
1,11/41209,,TA11,1,,0,,1,1_11/41209
1,02/08682,,TI02,2,,0,,1,1_02/08682
1,PR/0617/0244,,TI02,2,,0,,1,1_PR/0617/0244
1,26/001082,,TA26,1,,0,,1,1_26/001082
1,04/184500001,,PL04,4,,0,,1,1_04/184500001
1,10/1906016,,TI10,2,,0,,1,1_10/1906016
1,PR/1007/0084,,TA01,1,,0,,1,1_PR/1007/0084
1,12/PG05598,,CV12,6,,0,,1,1_12/PG05598
1,PR/1007/0082,,TA01,1,,0,,1,1_PR/1007/0082
1,PR/1007/0085,,TI02,2,,0,,1,1_PR/1007/0085
1,PR/1007/0078,,TA01,1,,0,,1,1_PR/1007/0078
1,PR/1007/0077,,TA01,1,,0,,1,1_PR/1007/0077
1,PR/1007/0087-A,,TA01,1,,0,,1,1_PR/1007/0087-A
1,PR/1007/0083,,TA01,1,,0,,1,1_PR/1007/0083
1,PR/1007/0086,,TA01,1,,0,,1,1_PR/1007/0086
1,PR/1007/0087,,TA01,1,,0,,1,1_PR/1007/0087
1,03/2321080R,,CA03,3,,0,,1,1_03/2321080R
1,PR/HIDR/0001,,TI02,2,,0,,1,1_PR/HIDR/0001
1,01/10215AR,,TA01,1,,0,,1,1_01/10215AR
1,01/10216AR,,TA01,1,,0,,1,1_01/10216AR
1,12/SI00461,,CV12,6,,0,,1,1_12/SI00461
1,12/SI00464,,CV12,6,,0,,1,1_12/SI00464
1,03/00442,,CA03,3,,0,,1,1_03/00442
1,11/41210,,TA11,1,,0,,1,1_11/41210
1,03/2531100,,CA03,3,,0,,1,1_03/2531100
1,03/00441,,CA03,3,,0,,1,1_03/00441
1,01/10215A01,,TA01,1,,0,,1,1_01/10215A01
1,01/10215A01M,,TA01,1,,0,,1,1_01/10215A01M
1,03/6321057,,CA03,3,,0,,1,1_03/6321057
1,PR/EBOR/0001,,TA01,1,,0,,1,1_PR/EBOR/0001
1,01/10230M,,TA01,1,,0,,1,1_01/10230M
1,PR/EBOR/0002,,TA01,1,,0,,1,1_PR/EBOR/0002
1,02/061700035,,TI02,2,,0,,1,1_02/061700035
1,04/024000022,,PL04,4,,0,,1,1_04/024000022
1,02/061700036,,TI02,2,,0,,1,1_02/061700036
1,01/0999601,,TA01,1,,0,,1,1_01/0999601
1,PR/1427/0002,,CA03,3,,0,,1,1_PR/1427/0002
1,02/10693,,TI02,2,,0,,1,1_02/10693
1,12/069000007,,CV12,6,,0,,1,1_12/069000007
1,03/2221060,,CA03,3,,0,,1,1_03/2221060
1,01/0913401,,TA01,1,,0,,1,1_01/0913401
1,12/HD350039,,CV12,6,,0,,1,1_12/HD350039
1,01/10231M,,TA01,1,,0,,1,1_01/10231M
1,12/NY00002,,CV12,6,,0,,1,1_12/NY00002
1,03/00457,,CA03,3,,0,,1,1_03/00457
1,01/10231R,,TA01,1,,0,,1,1_01/10231R
1,03/1421090,,CA03,3,,0,,1,1_03/1421090
1,PR/EBOR/0003,,TA01,1,,0,,1,1_PR/EBOR/0003
1,01/10232,,TA01,1,,0,,1,1_01/10232
1,26/601082,,TA26,1,,0,,1,1_26/601082
1,PR/EBOR/0004,,TA01,1,,0,,1,1_PR/EBOR/0004
1,PR/EBOR/0005,,TA01,1,,0,,1,1_PR/EBOR/0005
1,PR/EBOR/0006,,TA01,1,,0,,1,1_PR/EBOR/0006
1,10/00301,,TI10,2,,0,,1,1_10/00301
1,PR/1286/0014,,TA01,1,,0,,1,1_PR/1286/0014
1,02/10489R,,TI02,2,,0,,1,1_02/10489R
1,03/0044201,,CA03,3,,0,,1,1_03/0044201
1,PR/1286/0015,,TA01,1,,0,,1,1_PR/1286/0015
1,02/10682R,,TI02,2,,0,,1,1_02/10682R
1,PR/0301/0042,,TA01,1,,0,,1,1_PR/0301/0042
1,PR/1638/0005,,TA01,1,,0,,1,1_PR/1638/0005
1,US.020,,YMA-US,1,,0,,1,1_US.020
1,PR/0617/0232,,TI02,2,,0,,1,1_PR/0617/0232
1,02/0984904,,TI02,2,,0,,1,1_02/0984904
1,91/90004,,XTA91,8,,0,,1,1_91/90004
1,02/10695,,TI02,2,,0,,1,1_02/10695
1,02/10695M,,TI02,2,,0,,1,1_02/10695M
1,PR/0617/0232-A,,TI02,2,,0,,1,1_PR/0617/0232-A
1,PR/1520/0013,,TA01,1,,0,,1,1_PR/1520/0013
1,11/41211,,TA11,1,,0,,1,1_11/41211
1,12/80756,,CV12,6,,0,,1,1_12/80756
1,PR/1657/0010,,TA01,1,,0,,1,1_PR/1657/0010
1,PR/0820/0028,,TA01,1,,0,,1,1_PR/0820/0028
1,02/06959,,TI02,2,,0,,1,1_02/06959
1,03/6321052,,CA03,3,,0,,1,1_03/6321052
1,02/06959R,,TI02,2,,0,,1,1_02/06959R
1,PR/1594/0005,,TA01,1,,0,,1,1_PR/1594/0005
1,PR/0820/0017,,TA01,1,,0,,1,1_PR/0820/0017
1,02/10695A,,TI02,2,,0,,1,1_02/10695A
1,02/10695AM,,TI02,2,,0,,1,1_02/10695AM
1,12/70230,,CV12,6,,0,,1,1_12/70230
1,02/1049501,,TI02,2,,0,,1,1_02/1049501
1,01/10233,,TA01,1,,0,,1,1_01/10233
1,02/061700037,,TI02,2,,0,,1,1_02/061700037
1,02/10575AR,,TI02,2,,0,,1,1_02/10575AR
1,12/80540C,,CV12,6,,0,,1,1_12/80540C
1,12/80604,,CV12,6,,0,,1,1_12/80604
1,PR/1677/0001,,CA03,3,,0,,1,1_PR/1677/0001
1,PR/1677/0002,,CA03,3,,0,,1,1_PR/1677/0002
1,12/3003024,,CV12,6,,0,,1,1_12/3003024
1,MA.024-R,,YMA-MA,1,,0,,1,1_MA.024-R
1,PR/1708/0035,,CA03,3,,0,,1,1_PR/1708/0035
1,PR/0240/0025,,PL04,4,,0,,1,1_PR/0240/0025
1,PR/0617/0233,,TI02,2,,0,,1,1_PR/0617/0233
1,PR/0617/0233-A,,TI02,2,,0,,1,1_PR/0617/0233-A
1,02/061700038,,TI02,2,,0,,1,1_02/061700038
1,PR/0048/0060,,CA03,3,,0,,1,1_PR/0048/0060
1,PR/0617/023301,,TI02,2,,0,,1,1_PR/0617/023301
1,12/075400001,,CV12,6,,0,,1,1_12/075400001
1,02/127200001,,TI02,2,,0,,1,1_02/127200001
1,02/10597AR,,TI02,2,,0,,1,1_02/10597AR
1,PR/0617/0234,,TI02,2,,0,,1,1_PR/0617/0234
1,PR/0617/0234-A,,TI02,2,,0,,1,1_PR/0617/0234-A
1,PR/0617/0235,,TI02,2,,0,,1,1_PR/0617/0235
1,PR/1272/0013,,TA01,1,,0,,1,1_PR/1272/0013
1,12/PG05206A,,CV12,6,,0,,1,1_12/PG05206A
1,12/00159,,CV12,6,,0,,1,1_12/00159
1,12/00172,,CV12,6,,0,,1,1_12/00172
1,55/01602MPA,,TI55,2,,0,,1,1_55/01602MPA
1,03/00443,,CA03,3,,0,,1,1_03/00443
1,02/10697,,TI02,2,,0,,1,1_02/10697
1,03/0044301,,CA03,3,,0,,1,1_03/0044301
1,02/1069701,,TI02,2,,0,,1,1_02/1069701
1,02/10702,,TI02,2,,0,,1,1_02/10702
1,02/1069702,,TI02,2,,0,,1,1_02/1069702
1,54/994030,,TA54,1,,0,,1,1_54/994030
1,54/99040,,TA54,1,,0,,1,1_54/99040
1,01/10236,,TA01,1,,0,,1,1_01/10236
1,01/10236M,,TA01,1,,0,,1,1_01/10236M
1,01/0992201,,TA01,1,,0,,1,1_01/0992201
1,01/10237,,TA01,1,,0,,1,1_01/10237
1,PR/1682/0014,,TI02,2,,0,,1,1_PR/1682/0014
1,01/10239,,TA01,1,,0,,1,1_01/10239
1,PR/0845/0022,,TI02,2,,0,,1,1_PR/0845/0022
1,02/10887R,,TI02,2,,0,,1,1_02/10887R
1,02/10698,,TI02,2,,0,,1,1_02/10698
1,PR/0845/0021,,TI02,2,,0,,1,1_PR/0845/0021
1,01/1023901,,TA01,1,,0,,1,1_01/1023901
1,01/1024001,,TA01,1,,0,,1,1_01/1024001
1,01/09825A0201,,TA01,1,,0,,1,1_01/09825A0201
1,12/5130083,,CV12,6,,0,,1,1_12/5130083
1,PR/1272/0014,,TA01,1,,0,,1,1_PR/1272/0014
1,PR/0845/0020,,TI02,2,,0,,1,1_PR/0845/0020
1,12/SI00455,,CV12,6,,0,,1,1_12/SI00455
1,12/SI00458,,CV12,6,,0,,1,1_12/SI00458
1,PR/DIES/0001,,TA01,1,,0,,1,1_PR/DIES/0001
1,01/10238,,TA01,1,,0,,1,1_01/10238
1,01/10238R,,TA01,1,,0,,1,1_01/10238R
1,01/10242R,,TA01,1,,0,,1,1_01/10242R
1,UT.010-01,,YMA-UT,1,,0,,1,1_UT.010-01
1,55/01002MPA,,TI55,2,,0,,1,1_55/01002MPA
1,12/251009,,CV12,6,,0,,1,1_12/251009
1,02/1069901M,,TI02,2,,0,,1,1_02/1069901M
1,12/332009,,CV12,6,,0,,1,1_12/332009
1,CM.120-P,,YMA-CM,1,,0,,1,1_CM.120-P
1,PR/1768/0008,,TI02,2,,0,,1,1_PR/1768/0008
1,02/1069909,,TI02,2,,0,,1,1_02/1069909
1,02/1069902,,TI02,2,,0,,1,1_02/1069902
1,CM.120,,YMA-CM,1,,0,,1,1_CM.120
1,UT.010,,YMA-UT,1,,0,,1,1_UT.010
1,01/10240,,TA01,1,,0,,1,1_01/10240
1,03/00444,,CA03,3,,0,,1,1_03/00444
1,03/2221030,,CA03,3,,0,,1,1_03/2221030
1,03/00445,,CA03,3,,0,,1,1_03/00445
1,PR/0254/0006,,TA01,1,,0,,1,1_PR/0254/0006
1,PR/0254/0007,,TA01,1,,0,,1,1_PR/0254/0007
1,PR/0254/0008,,TA01,1,,0,,1,1_PR/0254/0008
1,01/10236R,,TA01,1,,0,,1,1_01/10236R
1,10/99000,,TI10,2,,0,,1,1_10/99000
1,02/10701,,TI02,2,,0,,1,1_02/10701
1,03/00446,,CA03,3,,0,,1,1_03/00446
1,03/00447,,CA03,3,,0,,1,1_03/00447
1,03/0044701,,CA03,3,,0,,1,1_03/0044701
1,02/1069901,,TI02,2,,0,,1,1_02/1069901
1,01/09198R,,TA01,1,,0,,1,1_01/09198R
1,PR/0820/0019,,TA01,1,,0,,1,1_PR/0820/0019
1,PR/EBOR/0007,,TA01,1,,0,,1,1_PR/EBOR/0007
1,01/100080700,,TA01,1,,0,,1,1_01/100080700
1,PR/0820/0018,,TI02,2,,0,,1,1_PR/0820/0018
1,PR/0048/0061,,TI02,2,,0,,1,1_PR/0048/0061
1,12/50130,,CV12,6,,0,,1,1_12/50130
1,PR/0254/0009,,TA01,1,,0,,1,1_PR/0254/0009
1,PR/0634/0039,,TA01,1,,0,,1,1_PR/0634/0039
1,PR/1286/0016,,TA01,1,,0,,1,1_PR/1286/0016
1,02/10704,,TI02,2,,0,,1,1_02/10704
1,13/10118,,CA13,3,,0,,1,1_13/10118
1,PR/1439/0020,,TA01,1,,0,,1,1_PR/1439/0020
1,02/10705,,TI02,2,,0,,1,1_02/10705
1,PR/0617/0237,,TI02,2,,0,,1,1_PR/0617/0237
1,PR/0617/0237-A,,TI02,3,,0,,1,1_PR/0617/0237-A
1,PR/0617/023701,,TI02,2,,0,,1,1_PR/0617/023701
1,54/80020,,TA54,1,,0,,1,1_54/80020
1,10/06296,,TA11,1,,0,,1,1_10/06296
1,PR/0617/0239,,TI02,2,,0,,1,1_PR/0617/0239
1,PR/0617/0240,,TI02,2,,0,,1,1_PR/0617/0240
1,04/1609375075,,PL04,4,,0,,1,1_04/1609375075
1,04/1609250075,,PL04,4,,0,,1,1_04/1609250075
1,01/10053,,TA01,1,,0,,1,1_01/10053
1,01/09974,,TA01,1,,0,,1,1_01/09974
1,10/118100,,TI10,2,,0,,1,1_10/118100
1,PR/0712/0005,,TA01,1,,0,,1,1_PR/0712/0005
1,PR/0617/0236,,TI02,2,,0,,1,1_PR/0617/0236
1,PR/0617/0236-A,,TI02,2,,0,,1,1_PR/0617/0236-A
1,12/510306,,CV12,6,,0,,1,1_12/510306
1,PR/0617/0238,,TI02,2,,0,,1,1_PR/0617/0238
1,PR/0617/023801,,TI02,2,,0,,1,1_PR/0617/023801
1,12/075400002,,CV12,6,,0,,1,1_12/075400002
1,PR/0617/0241,,TI02,2,,0,,1,1_PR/0617/0241
1,51/10035,,TA51,1,,0,,1,1_51/10035
1,04/1609275100,,PL04,4,,0,,1,1_04/1609275100
1,02/107030402M,,TI02,2,,0,,1,1_02/107030402M
1,12/PG0100402,,CV12,6,,0,,1,1_12/PG0100402
1,02/107030401M,,TI02,2,,0,,1,1_02/107030401M
1,PR/1788/0003,,TA01,1,,0,,1,1_PR/1788/0003
1,13/10087,,CA13,3,,0,,1,1_13/10087
1,01/10245R,,TA01,1,,0,,1,1_01/10245R
1,12/251707R,,CV12,6,,0,,1,1_12/251707R
1,01/10217A,,TA01,1,,0,,1,1_01/10217A
1,12/CH03012010,,CV12,6,,0,,1,1_12/CH03012010
1,01/10246,,TA01,1,,0,,1,1_01/10246
1,12/00223,,CV12,6,,0,,1,1_12/00223
1,01/10247,,TA01,1,,0,,1,1_01/10247
1,01/10248,,TA01,1,,0,,1,1_01/10248
1,12/PG0015104,,CV12,6,,0,,1,1_12/PG0015104
1,92/00206,,X,0,,0,,1,1_92/00206
1,92/00208,,X,0,,0,,1,1_92/00208
1,91/10001,,XTA91,8,,0,,1,1_91/10001
1,54/80021,,TA54,1,,0,,1,1_54/80021
1,UT.110,,YMA-UT,1,,0,,1,1_UT.110
1,02/10576A,,TI02,2,,0,,1,1_02/10576A
1,02/10576AR,,TI02,2,,0,,1,1_02/10576AR
1,PR/0634/0040,,TA01,1,,0,,1,1_PR/0634/0040
1,12/HD3501600,,CV12,1,,0,,1,1_12/HD3501600
1,54/994010,,TA54,1,,0,,1,1_54/994010
1,PR/0617/0242,,TI02,2,,0,,1,1_PR/0617/0242
1,02/10708,,TI02,2,,0,,1,1_02/10708
1,02/10708M,,TI02,2,,0,,1,1_02/10708M
1,01/10250,,TA01,1,,0,,1,1_01/10250
1,01/09825A0202,,TA01,1,,0,,1,1_01/09825A0202
1,PR/0066/0010,,TA01,1,,0,,1,1_PR/0066/0010
1,02/10703,,TI02,2,,0,,1,1_02/10703
1,03/0044401,,CA03,3,,0,,1,1_03/0044401
1,02/1070301,,TI02,2,,0,,1,1_02/1070301
1,02/107030101,,TI02,2,,0,,1,1_02/107030101
1,02/1070302,,TI02,2,,0,,1,1_02/1070302
1,02/107030201,,TI02,2,,0,,1,1_02/107030201
1,02/1070303,,TI02,2,,0,,1,1_02/1070303
1,PR/0617/0312,,TI02,2,,0,,1,1_PR/0617/0312
1,PR/0617/0247,,TI02,2,,0,,1,1_PR/0617/0247
1,02/1072299,,TI02,2,,0,,1,1_02/1072299
1,12/HD3511580,,CV12,6,,0,,1,1_12/HD3511580
1,01/10250M,,TA01,1,,0,,1,1_01/10250M
1,02/10508,,TI02,2,,0,,1,1_02/10508
1,PR/0820/0018-B,,TI02,2,,0,,1,1_PR/0820/0018-B
1,PR/0617/0209-A,,TI02,2,,0,,1,1_PR/0617/0209-A
1,02/10706,,TI02,2,,0,,1,1_02/10706
1,UT.011-01,,YMA-UT,1,,0,,1,1_UT.011-01
1,01/10361,,TA01,1,,0,,1,1_01/10361
1,UT.011-04,,YMA-UT,1,,0,,1,1_UT.011-04
1,UT.011-05,,YMA-UT,1,,0,,1,1_UT.011-05
1,12/80874,,CV12,6,,0,,1,1_12/80874
1,01/10213R,,TA01,1,,0,,1,1_01/10213R
1,UT.011-03,,YMA-UT,1,,0,,1,1_UT.011-03
1,UT.011-02,,YMA-UT,1,,0,,1,1_UT.011-02
1,03/2531050,,CA03,3,,0,,1,1_03/2531050
1,02/107110201,,TI02,2,,0,,1,1_02/107110201
1,02/107110202,,TI02,2,,0,,1,1_02/107110202
1,01/10369,,TA01,1,,0,,1,1_01/10369
1,01/10244R,,TA01,1,,0,,1,1_01/10244R
1,PR/0617/024201,,TI02,2,,0,,1,1_PR/0617/024201
1,PR/0617/024202,,TI02,2,,0,,1,1_PR/0617/024202
1,PR/0617/024203,,TI02,2,,0,,1,1_PR/0617/024203
1,04/024000030,,PL04,4,,0,,1,1_04/024000030
1,02/10815M,,TI02,2,,0,,1,1_02/10815M
1,12/80015,,CV12,6,,0,,1,1_12/80015
1,12/80966,,CV12,6,,0,,1,1_12/80966
1,PR/1768/0006,,TI02,2,,0,,1,1_PR/1768/0006
1,PR/0617/0243,,TI02,2,,0,,1,1_PR/0617/0243
1,PR/0617/0243-A,,TI02,2,,0,,1,1_PR/0617/0243-A
1,PR/0617/0243-B,,TI02,2,,0,,1,1_PR/0617/0243-B
1,PR/0617/0243-C,,TI02,2,,0,,1,1_PR/0617/0243-C
1,PR/0617/0243-D,,TI02,2,,0,,1,1_PR/0617/0243-D
1,25/805020,,TA25,1,,0,,1,1_25/805020
1,PR/0617/024301,,TI02,2,,0,,1,1_PR/0617/024301
1,PR/0617/0243A01,,TI02,2,,0,,1,1_PR/0617/0243A01
1,PR/1520/0014,,TI02,2,,0,,1,1_PR/1520/0014
1,PR/0532/0007-A,,TA01,1,,0,,1,1_PR/0532/0007-A
1,UT.011-05-R,,YMA-UT,1,,0,,1,1_UT.011-05-R
1,UT.011-04-R,,YMA-UT,1,,0,,1,1_UT.011-04-R
1,PR/0532/0008,,TA01,1,,0,,1,1_PR/0532/0008
1,02/09341R,,TI02,2,,0,,1,1_02/09341R
1,02/09529,,TI02,2,,0,,1,1_02/09529
1,PR/0617/0245,,TI02,2,,0,,1,1_PR/0617/0245
1,PR/0267/0064,,TI02,2,,0,,1,1_PR/0267/0064
1,03/2531045,,CA03,3,,0,,1,1_03/2531045
1,UT.012-01,,YMA-UT,1,,0,,1,1_UT.012-01
1,02/10333BR,,TI02,2,,0,,1,1_02/10333BR
1,03/00400,,CA03,3,,0,,1,1_03/00400
1,02/10710,,TI02,2,,0,,1,1_02/10710
1,02/107110201M,,TI02,2,,0,,1,1_02/107110201M
1,12/00175,,CV12,6,,0,,1,1_12/00175
1,02/10709,,TI02,2,,0,,1,1_02/10709
1,02/1071101M,,TI02,2,,0,,1,1_02/1071101M
1,02/1068501,,TI02,2,,0,,1,1_02/1068501
1,12/80967,,CV12,6,,0,,1,1_12/80967
1,12/80968,,CV12,6,,0,,1,1_12/80968
1,PR/1505/0010,,TI02,2,,0,,1,1_PR/1505/0010
1,PR/0301/0043,,TA01,1,,0,,1,1_PR/0301/0043
1,03/2631100,,CA03,3,,0,,1,1_03/2631100
1,PR/1708/0037,,TA01,1,,0,,1,1_PR/1708/0037
1,PR/1708/0038,,TA01,1,,0,,1,1_PR/1708/0038
1,PR/1708/0039,,TA01,1,,0,,1,1_PR/1708/0039
1,PR/1708/0040,,TI02,2,,0,,1,1_PR/1708/0040
1,PR/0301/0044,,TA01,1,,0,,1,1_PR/0301/0044
1,03/00442R,,CA03,3,,0,,1,1_03/00442R
1,02/10713,,TI02,2,,0,,1,1_02/10713
1,12/80664,,CV12,6,,0,,1,1_12/80664
1,PR/1557/0034,,TI02,2,,0,,1,1_PR/1557/0034
1,10/11825,,TI10,2,,0,,1,1_10/11825
1,PR/1621/0023,,TI02,2,,0,,1,1_PR/1621/0023
1,02/1071501,,TI02,2,,0,,1,1_02/1071501
1,02/1071401,,TI02,2,,0,,1,1_02/1071401
1,02/10715,,TI02,2,,0,,1,1_02/10715
1,02/1071102,,TI02,2,,0,,1,1_02/1071102
1,12/069000009,,CV12,6,,0,,1,1_12/069000009
1,PR/1621/0023-A,,TI02,2,,0,,1,1_PR/1621/0023-A
1,02/10711,,TI02,2,,0,,1,1_02/10711
1,PR/1799/0006,,TI02,2,,0,,1,1_PR/1799/0006
1,12/069000010,,CV12,6,,0,,1,1_12/069000010
1,10/101502,,TI10,2,,0,,1,1_10/101502
1,PR/0617/0355,,TI02,2,,0,,1,1_PR/0617/0355
1,02/10716,,TI02,2,,0,,1,1_02/10716
1,12/80969,,CV12,6,,0,,1,1_12/80969
1,02/10692,,TI02,2,,0,,1,1_02/10692
1,02/10716M,,TI02,2,,0,,1,1_02/10716M
1,02/1077701,,TI02,2,,0,,1,1_02/1077701
1,02/10717,,TI02,2,,0,,1,1_02/10717
1,02/061700039,,TI02,2,,0,,1,1_02/061700039
1,PR/0617/0249,,TI02,2,,0,,1,1_PR/0617/0249
1,PR/1708/0041,,CA03,3,,0,,1,1_PR/1708/0041
1,PR/1567/0012,,TA01,1,,0,,1,1_PR/1567/0012
1,UT.012-01-R,,YMA-UT,1,,0,,1,1_UT.012-01-R
1,PB.106-R,,YMA-PB,1,,0,,1,1_PB.106-R
1,12/PP00166,,CV12,6,,0,,1,1_12/PP00166
1,01/10252,,TA01,1,,0,,1,1_01/10252
1,PR/TAFE/0001,,TA01,1,,0,,1,1_PR/TAFE/0001
1,PR/0754/0002,,TA01,1,,0,,1,1_PR/0754/0002
1,PR/0267/0064-A,,TI02,2,,0,,1,1_PR/0267/0064-A
1,02/1091602,,TI02,2,,0,,1,1_02/1091602
1,02/1071701M,,TI02,2,,0,,1,1_02/1071701M
1,02/1071701,,TI02,2,,0,,1,1_02/1071701
1,02/1071702,,TI02,2,,0,,1,1_02/1071702
1,04/1609175075I,,PL04,4,,0,,1,1_04/1609175075I
1,02/10719,,TI02,2,,0,,1,1_02/10719
1,02/10703R,,TI02,2,,0,,1,1_02/10703R
1,PR/0617/0249-A,,TI02,2,,0,,1,1_PR/0617/0249-A
1,02/10714,,TI02,2,,0,,1,1_02/10714
1,02/1069901M1,,TI02,2,,0,,1,1_02/1069901M1
1,PR/1557/0031,,TI02,2,,0,,1,1_PR/1557/0031
1,02/10529,,TI02,2,,0,,1,1_02/10529
1,03/00449,,CA03,3,,0,,1,1_03/00449
1,01/10254,,TA01,1,,0,,1,1_01/10254
1,01/10253,,TA01,1,,0,,1,1_01/10253
1,02/1067401,,TI02,2,,0,,1,1_02/1067401
1,70/71012,,TA70,1,,0,,1,1_70/71012
1,54/626287,,TA54,1,,0,,1,1_54/626287
1,PR/0617/0246,,TI02,2,,0,,1,1_PR/0617/0246
1,PR/0617/0252,,TI02,2,,0,,1,1_PR/0617/0252
1,02/1067401M,,TI02,2,,0,,1,1_02/1067401M
1,02/10674A,,TI02,2,,0,,1,1_02/10674A
1,02/10718,,TI02,2,,0,,1,1_02/10718
1,PR/RARO/0001,,TA01,1,,0,,1,1_PR/RARO/0001
1,51/33505,,TA51,1,,0,,1,1_51/33505
1,12/SI00471,,CV12,6,,0,,1,1_12/SI00471
1,02/08532,,TI02,2,,0,,1,1_02/08532
1,01/0852202,,TA01,1,,0,,1,1_01/0852202
1,03/1421080,,CA03,3,,0,,1,1_03/1421080
1,02/10721,,TI02,2,,0,,1,1_02/10721
1,02/10721M,,TI02,2,,0,,1,1_02/10721M
1,02/09077,,TI02,2,,0,,1,1_02/09077
1,PR/1286/0018,,TA01,1,,0,,1,1_PR/1286/0018
1,70/71720,,TA70,1,,0,,1,1_70/71720
1,01/10273,,TA01,1,,0,,1,1_01/10273
1,01/1025501,,TA01,1,,0,,1,1_01/1025501
1,PR/0820/0022,,TA01,1,,0,,1,1_PR/0820/0022
1,12/561005,,CV12,6,,0,,1,1_12/561005
1,PR/0617/0262-A,,TI02,2,,0,,1,1_PR/0617/0262-A
1,02/1070306,,TI02,2,,0,,1,1_02/1070306
1,01/09975E,,TA01,1,,0,,1,1_01/09975E
1,01/09976E,,TA01,1,,0,,1,1_01/09976E
1,02/1070307,,TI02,2,,0,,1,1_02/1070307
1,12/PG0100804,,CV12,6,,0,,1,1_12/PG0100804
1,02/107030401,,TI02,2,,0,,1,1_02/107030401
1,PR/INSO/0001,,TA01,1,,0,,1,1_PR/INSO/0001
1,02/107030402,,TI02,2,,0,,1,1_02/107030402
1,02/10722,,TI02,2,,0,,1,1_02/10722
1,PR/0048/0062,,TA01,1,,0,,1,1_PR/0048/0062
1,02/10723,,TI02,2,,0,,1,1_02/10723
1,PR/0845/0024,,TI02,2,,0,,1,1_PR/0845/0024
1,12/252009R,,CV12,6,,0,,1,1_12/252009R
1,02/10724,,TI02,2,,0,,1,1_02/10724
1,PR/0845/0025,,TI02,2,,0,,1,1_PR/0845/0025
1,02/10725,,TI02,2,,0,,1,1_02/10725
1,02/10725M,,TI02,2,,0,,1,1_02/10725M
1,02/10724M,,TI02,2,,0,,1,1_02/10724M
1,PR/0301/0045,,TA01,1,,0,,1,1_PR/0301/0045
1,PR/0617/0248,,TI02,2,,0,,1,1_PR/0617/0248
1,02/1070305,,TI02,2,,0,,1,1_02/1070305
1,02/10703A,,TI02,2,,0,,1,1_02/10703A
1,PR/EMME/0003-A,,TI02,2,,0,,1,1_PR/EMME/0003-A
1,PR/EMME/0004,,TI02,2,,0,,1,1_PR/EMME/0004
1,12/00149,,CV12,6,,0,,1,1_12/00149
1,MA.002-R,,YMA-MA,1,,0,,1,1_MA.002-R
1,12/80970,,CV12,6,,0,,1,1_12/80970
1,12/80971,,CV12,6,,0,,1,1_12/80971
1,12/PP00167,,CV12,6,,0,,1,1_12/PP00167
1,02/09962,,TI02,2,,0,,1,1_02/09962
1,10/90037,,TI10,2,,0,,1,1_10/90037
1,10/90037M,,TI10,2,,0,,1,1_10/90037M
1,02/10526A,,TI02,2,,0,,1,1_02/10526A
1,01/10256R,,TA01,1,,0,,1,1_01/10256R
1,02/10726,,TI02,2,,0,,1,1_02/10726
1,02/10726M,,TI02,2,,0,,1,1_02/10726M
1,01/10256,,TA01,1,,0,,1,1_01/10256
1,12/CH01011910,,CV12,6,,0,,1,1_12/CH01011910
1,02/0996201,,TI02,2,,0,,1,1_02/0996201
1,UP.116,,YMA-UP,1,,0,,1,1_UP.116
1,UP.116-M,,YMA-UP,1,,0,,1,1_UP.116-M
1,01/10258,,TA01,1,,0,,1,1_01/10258
1,01/100100900,,TA01,1,,0,,1,1_01/100100900
1,01/050040900B,,TA01,1,,0,,1,1_01/050040900B
1,01/10259,,TA01,1,,0,,1,1_01/10259
1,01/09876C,,TA01,1,,0,,1,1_01/09876C
1,03/2431060,,CA03,3,,0,,1,1_03/2431060
1,03/2431065,,CA03,3,,0,,1,1_03/2431065
1,03/2431070,,CA03,3,,0,,1,1_03/2431070
1,PR/0617/0251,,TI02,2,,0,,1,1_PR/0617/0251
1,PR/1723/0032,,TA01,1,,0,,1,1_PR/1723/0032
1,02/10728,,TI02,2,,0,,1,1_02/10728
1,02/1072801,,TI02,2,,0,,1,1_02/1072801
1,02/10729,,TI02,2,,0,,1,1_02/10729
1,01/10263,,TA01,1,,0,,1,1_01/10263
1,02/10863,,TI02,2,,0,,1,1_02/10863
1,02/09962M,,TI02,2,,0,,1,1_02/09962M
1,02/09964,,TI02,2,,0,,1,1_02/09964
1,02/09964M,,TI02,2,,0,,1,1_02/09964M
1,02/10730,,TI02,2,,0,,1,1_02/10730
1,02/10730M,,TI02,2,,0,,1,1_02/10730M
1,02/08805M,,TI02,2,,0,,1,1_02/08805M
1,03/00473,,CA03,3,,0,,1,1_03/00473
1,25/00880,,TA25,1,,0,,1,1_25/00880
1,12/5120071,,CV12,6,,0,,1,1_12/5120071
1,02/10714R,,TI02,2,,0,,1,1_02/10714R
1,02/10715R,,TI02,2,,0,,1,1_02/10715R
1,25/00420,,TA25,1,,0,,1,1_25/00420
1,PR/1567/0014,,TA01,1,,0,,1,1_PR/1567/0014
1,01/10260,,TA01,1,,0,,1,1_01/10260
1,UT.012,,YMA-UT,1,,0,,1,1_UT.012
1,04/100000008,,PL04,4,,0,,1,1_04/100000008
1,02/10258,,TI02,2,,0,,1,1_02/10258
1,01/09650R,,TA01,1,,0,,1,1_01/09650R
1,02/09751A,,TI02,2,,0,,1,1_02/09751A
1,PR/RAMA/0003,,TA01,1,,0,,1,1_PR/RAMA/0003
1,PR/RAMA/0001,,TA01,1,,0,,1,1_PR/RAMA/0001
1,PR/1149/0005,,TA01,1,,0,,1,1_PR/1149/0005
1,12/80726,,CV12,6,,0,,1,1_12/80726
1,PR/1833/0003,,TA01,1,,0,,1,1_PR/1833/0003
1,PR/1833/0004,,TA01,1,,0,,1,1_PR/1833/0004
1,PR/1833/0002,,TA01,1,,0,,1,1_PR/1833/0002
1,92/00197,,X,0,,0,,1,1_92/00197
1,02/1065401M,,TI02,2,,0,,1,1_02/1065401M
1,12/80754,,CV12,6,,0,,1,1_12/80754
1,03/2533054AR,,CA03,3,,0,,1,1_03/2533054AR
1,PR/1690/0028,,TA01,1,,0,,1,1_PR/1690/0028
1,12/80724,,CV12,6,,0,,1,1_12/80724
1,02/10731R,,TI02,2,,0,,1,1_02/10731R
1,12/80752,,CV12,6,,0,,1,1_12/80752
1,12/80722,,CV12,6,,0,,1,1_12/80722
1,12/80745,,CV12,6,,0,,1,1_12/80745
1,02/1093303,,TI02,2,,0,,1,1_02/1093303
1,PR/1149/0007,,TA01,1,,0,,1,1_PR/1149/0007
1,02/10731,,TI02,2,,0,,1,1_02/10731
1,02/10699R,,TI02,2,,0,,1,1_02/10699R
1,PR/0712/0007,,TA01,1,,0,,1,1_PR/0712/0007
1,55/10063MPA,,TI55,2,,0,,1,1_55/10063MPA
1,12/80972,,CV12,6,,0,,1,1_12/80972
1,UT.013,,YMA-UT,1,,0,,1,1_UT.013
1,13/10086,,CA13,3,,0,,1,1_13/10086
1,02/10732,,TI02,2,,0,,1,1_02/10732
1,02/10733,,TI02,2,,0,,1,1_02/10733
1,12/TI00030,,TI02,2,,0,,1,1_12/TI00030
1,02/10734,,TI02,2,,0,,1,1_02/10734
1,55/41502MPA,,TI55,2,,0,,1,1_55/41502MPA
1,10/2206010,,TI10,2,,0,,1,1_10/2206010
1,01/10262,,TA01,1,,0,,1,1_01/10262
1,12/HD3501580,,CV12,6,,0,,1,1_12/HD3501580
1,10/90011M,,TI10,2,,0,,1,1_10/90011M
1,10/90011,,TI10,2,,0,,1,1_10/90011
1,10/90028M,,TI10,2,,0,,1,1_10/90028M
1,PR/0617/0254,,TI02,2,,0,,1,1_PR/0617/0254
1,01/09969,,TA01,1,,0,,1,1_01/09969
1,55/62510A,,TI55,2,,0,,1,1_55/62510A
1,PR/0617/0255,,TI02,2,,0,,1,1_PR/0617/0255
1,55/61910,,TI55,2,,0,,1,1_55/61910
1,55/61206A,,CA13,3,,0,,1,1_55/61206A
1,12/CH010130100,,CV12,6,,0,,1,1_12/CH010130100
1,12/PG0513301,,CV12,6,,0,,1,1_12/PG0513301
1,55/600610,,TI55,2,,0,,1,1_55/600610
1,55/600810,,TI55,2,,0,,1,1_55/600810
1,55/61309A,,TI55,2,,0,,1,1_55/61309A
1,55/61910A,,TI55,2,,0,,1,1_55/61910A
1,01/10265,,TA01,1,,0,,1,1_01/10265
1,12/PG05343,,CV12,6,,0,,1,1_12/PG05343
1,02/10046ER,,TI02,2,,0,,1,1_02/10046ER
1,12/52100601,,CV12,6,,0,,1,1_12/52100601
1,12/51100601,,CV12,6,,0,,1,1_12/51100601
1,12/51220701,,CV12,6,,0,,1,1_12/51220701
1,PR/1007/0088,,TI02,2,,0,,1,1_PR/1007/0088
1,PR/1557/0032,,TI02,2,,0,,1,1_PR/1557/0032
1,PR/0768/0012,,TA01,1,,0,,1,1_PR/0768/0012
1,PR/0768/0013,,TA01,1,,0,,1,1_PR/0768/0013
1,PR/0768/0014,,TI02,2,,0,,1,1_PR/0768/0014
1,PR/1842/0001,,TI02,2,,0,,1,1_PR/1842/0001
1,02/10737,,TI02,2,,0,,1,1_02/10737
1,02/10737M,,TI02,2,,0,,1,1_02/10737M
1,02/1070304R,,TI02,2,,0,,1,1_02/1070304R
1,PR/0617/0256,,TI02,2,,0,,1,1_PR/0617/0256
1,02/0984701,,TI02,2,,0,,1,1_02/0984701
1,02/1073801M1,,TI02,2,,0,,1,1_02/1073801M1
1,AV040,,AVPL,4,,0,,1,1_AV040
1,PR/1621/0007,,TI02,2,,0,,1,1_PR/1621/0007
1,PR/1621/0025,,TI02,2,,0,,1,1_PR/1621/0025
1,12/CH01011905,,CV12,6,,0,,1,1_12/CH01011905
1,02/1073701,,TI02,2,,0,,1,1_02/1073701
1,10/111445,,TI10,2,,0,,1,1_10/111445
1,10/111635,,TI10,2,,0,,1,1_10/111635
1,70/011150450,,TA70,1,,0,,1,1_70/011150450
1,02/10740,,TI02,2,,0,,1,1_02/10740
1,12/70232,,CV12,6,,0,,1,1_12/70232
1,12/70233,,CV12,6,,0,,1,1_12/70233
1,12/70234,,CV12,6,,0,,1,1_12/70234
1,PR/1851/0003,,TI02,2,,0,,1,1_PR/1851/0003
1,55/00602MPA,,TI55,2,,0,,1,1_55/00602MPA
1,01/1015201,,TA01,1,,0,,1,1_01/1015201
1,PR/0820/0021,,TA01,1,,0,,1,1_PR/0820/0021
1,PR/0820/0020,,TA01,1,,0,,1,1_PR/0820/0020
1,03/00451,,CA03,3,,0,,1,1_03/00451
1,CM.120-R,,YMA-CM,1,,0,,1,1_CM.120-R
1,02/10722R,,TI02,2,,0,,1,1_02/10722R
1,PR/1682/0018,,TA01,1,,0,,1,1_PR/1682/0018
1,02/10741,,TI02,2,,0,,1,1_02/10741
1,57/00008,,TA57,1,,0,,1,1_57/00008
1,01/10268,,TA01,1,,0,,1,1_01/10268
1,02/10741M,,TI02,2,,0,,1,1_02/10741M
1,02/10712,,TI02,2,,0,,1,1_02/10712
1,13/10012,,CA13,3,,0,,1,1_13/10012
1,12/PP00170R,,CV12,6,,0,,1,1_12/PP00170R
1,10/90023,,TI10,2,,0,,1,1_10/90023
1,12/00120,,CV12,6,,0,,1,1_12/00120
1,12/PP0017301,,CV12,6,,0,,1,1_12/PP0017301
1,55/621321A,,TI55,2,,0,,1,1_55/621321A
1,PR/0754/0006,,TA01,1,,0,,1,1_PR/0754/0006
1,04/34300,,PL04,4,,0,,1,1_04/34300
1,PR/0740/0003,,TI02,2,,0,,1,1_PR/0740/0003
1,12/00122,,CV12,6,,0,,1,1_12/00122
1,12/00148,,CV12,6,,0,,1,1_12/00148
1,12/00150,,CV12,6,,0,,1,1_12/00150
1,PR/0820/0028-A,,TA01,1,,0,,1,1_PR/0820/0028-A
1,12/00157,,CV12,6,,0,,1,1_12/00157
1,12/00162,,CV12,6,,0,,1,1_12/00162
1,12/00163,,CV12,6,,0,,1,1_12/00163
1,12/00166,,CV12,6,,0,,1,1_12/00166
1,12/00169,,CV12,6,,0,,1,1_12/00169
1,12/00171,,CV12,6,,0,,1,1_12/00171
1,01/10269,,TA01,1,,0,,1,1_01/10269
1,02/10597A,,TI02,2,,0,,1,1_02/10597A
1,PR/0013/0024,,TI02,2,,0,,1,1_PR/0013/0024
1,US.020-01,,YMA-US,1,,0,,1,1_US.020-01
1,PR/0013/0024-A,,TI02,2,,0,,1,1_PR/0013/0024-A
1,PR/1167/0005,,TI02,2,,0,,1,1_PR/1167/0005
1,PR/1167/0006,,TI02,2,,0,,1,1_PR/1167/0006
1,PR/1167/0006-A,,TI02,2,,0,,1,1_PR/1167/0006-A
1,PR/1167/0007,,TI02,2,,0,,1,1_PR/1167/0007
1,US.020-02,,YMA-US,1,,0,,1,1_US.020-02
1,US.020-03,,YMA-US,1,,0,,1,1_US.020-03
1,02/08724,,TI02,2,,0,,1,1_02/08724
1,02/08217,,TI02,2,,0,,1,1_02/08217
1,02/08223,,TI02,2,,0,,1,1_02/08223
1,02/08224,,TI02,2,,0,,1,1_02/08224
1,02/09177,,TI02,2,,0,,1,1_02/09177
1,02/09178,,TI02,2,,0,,1,1_02/09178
1,PR/1286/0019,,TA01,1,,0,,1,1_PR/1286/0019
1,01/10270R,,TA01,1,,0,,1,1_01/10270R
1,01/10225R,,TA01,1,,0,,1,1_01/10225R
1,12/PG05204,,CV12,6,,0,,1,1_12/PG05204
1,12/PG05205,,CV12,6,,0,,1,1_12/PG05205
1,US.014-R,,YMA-US,1,,0,,1,1_US.014-R
1,US.014-F-M,,YMA-US,1,,0,,1,1_US.014-F-M
1,03/2421065AR,,CA03,3,,0,,1,1_03/2421065AR
1,10/00368R,,TI10,2,,0,,1,1_10/00368R
1,01/1022502,,TA01,1,,0,,1,1_01/1022502
1,92/00261,,X,0,,0,,1,1_92/00261
1,92/00262,,X,0,,0,,1,1_92/00262
1,12/PG05207,,CV12,6,,0,,1,1_12/PG05207
1,PR/0617/036102,,TI02,2,,0,,1,1_PR/0617/036102
1,PR/1017/0004,,TI02,2,,0,,1,1_PR/1017/0004
1,02/171800001,,TI02,2,,0,,1,1_02/171800001
1,PR/1286/0020,,TA01,1,,0,,1,1_PR/1286/0020
1,01/09976ER,,TA01,1,,0,,1,1_01/09976ER
1,PR/0107/0003,,TA01,1,,0,,1,1_PR/0107/0003
1,PR/0617/0275,,TI02,2,,0,,1,1_PR/0617/0275
1,25/208301,,TA25,1,,0,,1,1_25/208301
1,12/TI00031,,CV12,6,,0,,1,1_12/TI00031
1,02/10749,,TI02,2,,0,,1,1_02/10749
1,PR/1286/0021,,TA01,1,,0,,1,1_PR/1286/0021
1,PR/0617/0247-A,,TI02,2,,0,,1,1_PR/0617/0247-A
1,PR/0617/0261,,TI02,2,,0,,1,1_PR/0617/0261
1,02/10750R,,TI02,2,,0,,1,1_02/10750R
1,12/80973,,CV12,6,,0,,1,1_12/80973
1,70/011160325,,TA70,1,,0,,1,1_70/011160325
1,12/253012R1,,CV12,6,,0,,1,1_12/253012R1
1,01/10053AR,,TA01,1,,0,,1,1_01/10053AR
1,PR/1621/0026,,TI02,2,,0,,1,1_PR/1621/0026
1,PR/1621/0027,,TI02,2,,0,,1,1_PR/1621/0027
1,PR/0617/0259,,TI02,2,,0,,1,1_PR/0617/0259
1,02/128600002,,TI02,2,,0,,1,1_02/128600002
1,PR/0619/0006,,TA01,1,,0,,1,1_PR/0619/0006
1,01/128600001,,TA01,1,,0,,1,1_01/128600001
1,PR/BERR/0001-D,,TA01,1,,0,,1,1_PR/BERR/0001-D
1,PR/1286/0022,,TI02,2,,0,,1,1_PR/1286/0022
1,01/10272,,TA01,1,,0,,1,1_01/10272
1,01/00364,,TA01,1,,0,,1,1_01/00364
1,01/08316,,TA01,1,,0,,1,1_01/08316
1,01/08564,,TA01,1,,0,,1,1_01/08564
1,01/08732,,TA01,1,,0,,1,1_01/08732
1,01/08749,,TA01,1,,0,,1,1_01/08749
1,01/08808,,TA01,1,,0,,1,1_01/08808
1,01/09457,,TA01,1,,0,,1,1_01/09457
1,01/10235,,TA01,1,,0,,1,1_01/10235
1,01/06764,,TA01,1,,0,,1,1_01/06764
1,01/06764R,,TA01,1,,0,,1,1_01/06764R
1,01/06765,,TA01,1,,0,,1,1_01/06765
1,01/06765R,,TA01,1,,0,,1,1_01/06765R
1,01/06857,,TA01,1,,0,,1,1_01/06857
1,01/06857R,,TA01,1,,0,,1,1_01/06857R
1,01/07060,,TA01,1,,0,,1,1_01/07060
1,01/07060R,,TA01,1,,0,,1,1_01/07060R
1,01/07061,,TA01,1,,0,,1,1_01/07061
1,01/07061R,,TA01,1,,0,,1,1_01/07061R
1,01/07133,,TA01,1,,0,,1,1_01/07133
1,01/07133R,,TA01,1,,0,,1,1_01/07133R
1,01/09363,,TA01,1,,0,,1,1_01/09363
1,01/1027201,,TA01,1,,0,,1,1_01/1027201
1,54/626391,,TA54,1,,0,,1,1_54/626391
1,01/1027201M,,TA01,1,,0,,1,1_01/1027201M
1,54/63327,,TA54,1,,0,,1,1_54/63327
1,25/70080100,,TA25,1,,0,,1,1_25/70080100
1,02/10752,,TI02,2,,0,,1,1_02/10752
1,02/10752M,,TI02,2,,0,,1,1_02/10752M
1,25/20825,,TA25,1,,0,,1,1_25/20825
1,PR/1007/0089,,TA01,1,,0,,1,1_PR/1007/0089
1,94/10001,,XPL94,8,,0,,1,1_94/10001
1,54/80001,,TA54,1,,0,,1,1_54/80001
1,02/10757,,TI02,2,,0,,1,1_02/10757
1,54/80010,,TA54,1,,0,,1,1_54/80010
1,54/80038,,TA54,1,,0,,1,1_54/80038
1,54/80042,,TA54,1,,0,,1,1_54/80042
1,54/80046,,TA54,1,,0,,1,1_54/80046
1,54/80050,,TA54,1,,0,,1,1_54/80050
1,54/80062,,TA54,1,,0,,1,1_54/80062
1,54/80089,,TA54,1,,0,,1,1_54/80089
1,54/80090,,TA54,1,,0,,1,1_54/80090
1,54/80221,,TA54,1,,0,,1,1_54/80221
1,54/80259,,TA54,1,,0,,1,1_54/80259
1,54/80273,,TA54,1,,0,,1,1_54/80273
1,54/80283,,TA54,1,,0,,1,1_54/80283
1,54/80302,,TA54,1,,0,,1,1_54/80302
1,54/80304,,TA54,1,,0,,1,1_54/80304
1,54/80352,,TA54,1,,0,,1,1_54/80352
1,PR/1725/0008,,TI02,2,,0,,1,1_PR/1725/0008
1,03/00454,,CA03,3,,0,,1,1_03/00454
1,02/10760,,TI02,2,,0,,1,1_02/10760
1,01/030100006,,TA01,1,,0,,1,1_01/030100006
1,02/10759,,TI02,2,,0,,1,1_02/10759
1,92/00107,,XTI92,3,,0,,1,1_92/00107
1,PR/0617/0262,,TI02,2,,0,,1,1_PR/0617/0262
1,PR/0978/0001-A,,TA01,1,,0,,1,1_PR/0978/0001-A
1,02/10083B,,TI02,2,,0,,1,1_02/10083B
1,02/10762,,TI02,2,,0,,1,1_02/10762
1,02/10678,,TI02,2,,0,,1,1_02/10678
1,12/EFUTFAN1,,CV12,6,,0,,1,1_12/EFUTFAN1
1,02/09696R,,TI02,2,,0,,1,1_02/09696R
1,01/10369M,,TA01,1,,0,,1,1_01/10369M
1,02/10738A,,TI02,2,,0,,1,1_02/10738A
1,02/10738,,TI02,2,,0,,1,1_02/10738
1,02/1073801,,TI02,2,,0,,1,1_02/1073801
1,12/TI00032,,CV12,6,,0,,1,1_12/TI00032
1,PR/1657/0011,,TA01,1,,0,,1,1_PR/1657/0011
1,02/1073801M,,TI02,2,,0,,1,1_02/1073801M
1,02/10692R,,TI02,2,,0,,1,1_02/10692R
1,02/1073802,,TI02,2,,0,,1,1_02/1073802
1,02/10738A02,,TI02,2,,0,,1,1_02/10738A02
1,BA.053,,YMA-BA,1,,0,,1,1_BA.053
1,BA.052,,YMA-BA,1,,0,,1,1_BA.052
1,BA.053-01,,YMA-BA,1,,0,,1,1_BA.053-01
1,BA.052-01,,YMA-BA,1,,0,,1,1_BA.052-01
1,BA.053-01M,,YMA-BA,1,,0,,1,1_BA.053-01M
1,BA.052-01M,,YMA-BA,1,,0,,1,1_BA.052-01M
1,02/10677,,TI02,2,,0,,1,1_02/10677
1,02/10677AR,,TI02,2,,0,,1,1_02/10677AR
1,PR/0301/0046,,TA01,1,,0,,1,1_PR/0301/0046
1,PR/0617/0263,,TI02,2,,0,,1,1_PR/0617/0263
1,02/09292M,,TI02,3,,0,,1,1_02/09292M
1,02/10762M,,TI02,2,,0,,1,1_02/10762M
1,02/10763,,TI02,2,,0,,1,1_02/10763
1,02/10763M,,TI02,2,,0,,1,1_02/10763M
1,PR/1047/0034,,TA01,1,,0,,1,1_PR/1047/0034
1,PR/0754/0003,,TA01,1,,0,,1,1_PR/0754/0003
1,PR/0617/0265-A,,TI02,2,,0,,1,1_PR/0617/0265-A
1,PR/0820/0022-A,,TA01,1,,0,,1,1_PR/0820/0022-A
1,PR/0754/0003-A,,TA01,1,,0,,1,1_PR/0754/0003-A
1,55/00602,,TI55,2,,0,,1,1_55/00602
1,PR/1708/0042,,TI02,2,,0,,1,1_PR/1708/0042
1,PR/1708/0043,,TA01,1,,0,,1,1_PR/1708/0043
1,03/00215M,,CA03,3,,0,,1,1_03/00215M
1,01/10275,,TA01,1,,0,,1,1_01/10275
1,02/10806,,TI02,2,,0,,1,1_02/10806
1,02/08805R,,TI02,2,,0,,1,1_02/08805R
1,02/0880501,,TI02,2,,0,,1,1_02/0880501
1,01/1027501,,TA01,1,,0,,1,1_01/1027501
1,PR/1854/0007,,CV12,6,,0,,1,1_PR/1854/0007
1,01/10275M,,TA01,1,,0,,1,1_01/10275M
1,01/10217M,,TA01,1,,0,,1,1_01/10217M
1,02/0920701,,TI02,2,,0,,1,1_02/0920701
1,03/1321060,,CA03,3,,0,,1,1_03/1321060
1,02/09207R,,TI02,2,,0,,1,1_02/09207R
1,02/09207B,,TI02,2,,0,,1,1_02/09207B
1,PR/0820/0023,,TI02,2,,0,,1,1_PR/0820/0023
1,02/10760AR,,TI02,2,,0,,1,1_02/10760AR
1,55/00201,,TI55,2,,0,,1,1_55/00201
1,PR/0820/0018-A,,TI02,2,,0,,1,1_PR/0820/0018-A
1,PR/0820/0024,,TI02,2,,0,,1,1_PR/0820/0024
1,PR/0820/0025,,TI02,2,,0,,1,1_PR/0820/0025
1,PR/0820/0026,,TI02,2,,0,,1,1_PR/0820/0026
1,01/10278,,TA01,1,,0,,1,1_01/10278
1,PR/0617/0264,,TI02,2,,0,,1,1_PR/0617/0264
1,12/80974,,CV12,6,,0,,1,1_12/80974
1,12/80975,,CV12,6,,0,,1,1_12/80975
1,12/80976,,CV12,6,,0,,1,1_12/80976
1,PR/0617/0265,,TI02,2,,0,,1,1_PR/0617/0265
1,55/00161,,TI55,2,,0,,1,1_55/00161
1,55/00101,,TI55,2,,0,,1,1_55/00101
1,PR/1047/0035,,TA01,1,,0,,1,1_PR/1047/0035
1,02/10771M,,TI02,2,,0,,1,1_02/10771M
1,02/10771,,TI02,2,,0,,1,1_02/10771
1,04/024000023,,PL04,4,,0,,1,1_04/024000023
1,02/10768,,TI02,2,,0,,1,1_02/10768
1,PR/1047/0033-A,,TA01,1,,0,,1,1_PR/1047/0033-A
1,PR/1489/0016,,TA01,1,,0,,1,1_PR/1489/0016
1,12/70235,,CV12,6,,0,,1,1_12/70235
1,PR/EMME/0008,,TI02,2,,0,,1,1_PR/EMME/0008
1,PR/EMME/0009,,TI02,2,,0,,1,1_PR/EMME/0009
1,PR/1047/0034-A,,TA01,1,,0,,1,1_PR/1047/0034-A
1,PR/1047/0035-A,,TA01,1,,0,,1,1_PR/1047/0035-A
1,PR/1047/0036-A,,TA01,1,,0,,1,1_PR/1047/0036-A
1,PR/1047/0036,,TA01,1,,0,,1,1_PR/1047/0036
1,PR/1047/0037,,TA01,1,,0,,1,1_PR/1047/0037
1,PR/1047/0037-A,,TA01,1,,0,,1,1_PR/1047/0037-A
1,02/10769,,TI02,2,,0,,1,1_02/10769
1,12/CH01012030,,CV12,6,,0,,1,1_12/CH01012030
1,PR/1047/0033,,TA01,1,,0,,1,1_PR/1047/0033
1,PR/EMME/0003-B,,TI02,2,,0,,1,1_PR/EMME/0003-B
1,PR/EMME/0005,,TI02,2,,0,,1,1_PR/EMME/0005
1,PR/EMME/0006,,TI02,2,,0,,1,1_PR/EMME/0006
1,PR/EMME/0007,,TI02,2,,0,,1,1_PR/EMME/0007
1,PR/EMME/0010,,TI02,2,,0,,1,1_PR/EMME/0010
1,PR/EMME/0011,,TI02,2,,0,,1,1_PR/EMME/0011
1,PR/0085/0010,,TA01,1,,0,,1,1_PR/0085/0010
1,02/10773,,TI02,2,,0,,1,1_02/10773
1,PR/1272/0015,,TI02,2,,0,,1,1_PR/1272/0015
1,02/09341M,,TI02,2,,0,,1,1_02/09341M
1,02/10773M,,TI02,2,,0,,1,1_02/10773M
1,PR/EMME/0004-A,,TI02,2,,0,,1,1_PR/EMME/0004-A
1,.ABC3,,ABCCA,3,,0,,1,1_.ABC3
1,PR/1725/0009,,TI02,2,,0,,1,1_PR/1725/0009
1,02/10775,,TI02,2,,0,,1,1_02/10775
1,10/90168,,TI10,2,,0,,1,1_10/90168
1,01/10279M,,TA01,1,,0,,1,1_01/10279M
1,02/08204,,TI02,2,,0,,1,1_02/08204
1,02/09966,,TI02,2,,0,,1,1_02/09966
1,02/10090,,TI02,2,,0,,1,1_02/10090
1,02/10770,,TI02,2,,0,,1,1_02/10770
1,PR/0617/0266,,TI02,2,,0,,1,1_PR/0617/0266
1,PR/0617/0267,,TI02,1,,0,,1,1_PR/0617/0267
1,PR/1439/0019-A,,TA01,1,,0,,1,1_PR/1439/0019-A
1,02/10083BR,,TI02,2,,0,,1,1_02/10083BR
1,PR/0617/0268,,TI02,2,,0,,1,1_PR/0617/0268
1,02/10778,,TI02,2,,0,,1,1_02/10778
1,02/07870A,,TI02,2,,0,,1,1_02/07870A
1,02/10778M,,TI02,2,,0,,1,1_02/10778M
1,02/1077401,,TI02,2,,0,,1,1_02/1077401
1,02/10811,,TI02,2,,0,,1,1_02/10811
1,01/10509,,TA01,1,,0,,1,1_01/10509
1,02/1077501,,TI02,2,,0,,1,1_02/1077501
1,02/10774,,TI02,2,,0,,1,1_02/10774
1,02/10777,,TI02,2,,0,,1,1_02/10777
1,02/10776,,TI02,2,,0,,1,1_02/10776
1,01/10279,,TA01,1,,0,,1,1_01/10279
1,PR/0837/0017,,TI02,2,,0,,1,1_PR/0837/0017
1,PR/0677/0036,,TI02,2,,0,,1,1_PR/0677/0036
1,03/2533054,,CA03,3,,0,,1,1_03/2533054
1,02/10780,,TI02,2,,0,,1,1_02/10780
1,01/1028001,,TA01,1,,0,,1,1_01/1028001
1,02/07870AR,,TI02,2,,0,,1,1_02/07870AR
1,03/1431060R,,CA03,3,,0,,1,1_03/1431060R
1,01/10126,,TA01,1,,0,,1,1_01/10126
1,02/1077601,,TI02,2,,0,,1,1_02/1077601
1,01/10280,,TA01,1,,0,,1,1_01/10280
1,02/1069201,,TI02,2,,0,,1,1_02/1069201
1,02/10781,,TI02,2,,0,,1,1_02/10781
1,02/10781M,,TI02,2,,0,,1,1_02/10781M
1,02/1069202,,TI02,2,,0,,1,1_02/1069202
1,02/10782R,,TI02,2,,0,,1,1_02/10782R
1,01/10127,,TA01,1,,0,,1,1_01/10127
1,12/PG15007,,CV12,6,,0,,1,1_12/PG15007
1,PR/0617/0269C,,TI02,2,,0,,1,1_PR/0617/0269C
1,02/10918M,,TI02,2,,0,,1,1_02/10918M
1,PR/1557/0033,,TI02,2,,0,,1,1_PR/1557/0033
1,12/80037,,CV12,6,,0,,1,1_12/80037
1,PR/1557/0035,,TI02,2,,0,,1,1_PR/1557/0035
1,PR/1557/0036,,TI02,2,,0,,1,1_PR/1557/0036
1,PR/1557/0037,,TI02,2,,0,,1,1_PR/1557/0037
1,PR/1557/0038,,TI02,2,,0,,1,1_PR/1557/0038
1,PR/1557/0039,,TI02,2,,0,,1,1_PR/1557/0039
1,PR/1557/0040,,TI02,2,,0,,1,1_PR/1557/0040
1,PR/1557/0041,,TI02,2,,0,,1,1_PR/1557/0041
1,POR/1557/0042,,TI02,2,,0,,1,1_POR/1557/0042
1,PR/1557/0042,,TI02,2,,0,,1,1_PR/1557/0042
1,PR/1505/0011,,TI02,2,,0,,1,1_PR/1505/0011
1,01/10180A,,TA01,1,,0,,1,1_01/10180A
1,12/50000B,,CV12,6,,0,,1,1_12/50000B
1,02/1065402M,,TI02,2,,0,,1,1_02/1065402M
1,02/10783,,TI02,2,,0,,1,1_02/10783
1,PR/0617/026902,,TI02,2,,0,,1,1_PR/0617/026902
1,PR/0617/0269,,TI02,2,,0,,1,1_PR/0617/0269
1,PR/0617/026901,,TI02,2,,0,,1,1_PR/0617/026901
1,PR/0617/0270,,TI02,2,,0,,1,1_PR/0617/0270
1,PR/0617/0270A02,,TI02,2,,0,,1,1_PR/0617/0270A02
1,PR/0617/027001,,TI02,2,,0,,1,1_PR/0617/027001
1,PR/0617/027002,,TI02,2,,0,,1,1_PR/0617/027002
1,PR/0617/0270A,,TI02,2,,0,,1,1_PR/0617/0270A
1,PR/0617/0270A01,,TI02,2,,0,,1,1_PR/0617/0270A01
1,02/1057801,,TI02,2,,0,,1,1_02/1057801
1,02/09761,,TI02,2,,0,,1,1_02/09761
1,12/80978,,CV12,6,,0,,1,1_12/80978
1,12/80977,,CV12,6,,0,,1,1_12/80977
1,PR/1047/0038,,TA01,1,,0,,1,1_PR/1047/0038
1,PR/1047/0039,,TA01,1,,0,,1,1_PR/1047/0039
1,02/10784,,TI02,2,,0,,1,1_02/10784
1,PR/1047/0038-A,,TA01,1,,0,,1,1_PR/1047/0038-A
1,10/11815,,TI10,2,,0,,1,1_10/11815
1,02/1091603,,TI02,2,,0,,1,1_02/1091603
1,12/PG00144,,CV12,6,,0,,1,1_12/PG00144
1,PR/0617/0271,,TI02,2,,0,,1,1_PR/0617/0271
1,PR/0617/0272,,TI02,2,,0,,1,1_PR/0617/0272
1,12/5235121,,CV12,6,,0,,1,1_12/5235121
1,01/09460AR,,TA01,1,,0,,1,1_01/09460AR
1,04/1609500050,,PL04,4,,0,,1,1_04/1609500050
1,PR/1505/0012,,TI02,2,,0,,1,1_PR/1505/0012
1,02/10784R,,TI02,2,,0,,1,1_02/10784R
1,PR/0617/0269A,,TI02,2,,0,,1,1_PR/0617/0269A
1,PR/1047/0039-A,,TA01,1,,0,,1,1_PR/1047/0039-A
1,PR/0617/0269A01,,TI02,2,,0,,1,1_PR/0617/0269A01
1,PR/0617/0271-A,,TI02,2,,0,,1,1_PR/0617/0271-A
1,10/90023M,,TI10,2,,0,,1,1_10/90023M
1,01/10279R,,TA01,1,,0,,1,1_01/10279R
1,UT.004,,YMA-UT,1,,0,,1,1_UT.004
1,UT.004-R,,YMA-UT,1,,0,,1,1_UT.004-R
1,10/90024M,,TI10,2,,0,,1,1_10/90024M
1,PR/0617/0273,,TI02,1,,0,,1,1_PR/0617/0273
1,02/10785,,TI02,2,,0,,1,1_02/10785
1,01/10281,,TA01,1,,0,,1,1_01/10281
1,PR/0617/0269A02,,TI02,2,,0,,1,1_PR/0617/0269A02
1,01/030100005R,,TA01,1,,0,,1,1_01/030100005R
1,PR/1007/0090,,TA01,1,,0,,1,1_PR/1007/0090
1,12/80979,,CV12,6,,0,,1,1_12/80979
1,PR/1206/0012,,TA01,1,,0,,1,1_PR/1206/0012
1,PR/1206/0012-A,,TA01,1,,0,,1,1_PR/1206/0012-A
1,02/10787,,TI02,2,,0,,1,1_02/10787
1,54/80254,,TA54,1,,0,,1,1_54/80254
1,54/80078,,TA54,1,,0,,1,1_54/80078
1,02/10788,,TI02,2,,0,,1,1_02/10788
1,PR/1606/0011,,TI02,2,,0,,1,1_PR/1606/0011
1,PR/1854/0001,,TI02,2,,0,,1,1_PR/1854/0001
1,PR/1606/0013,,TI02,2,,0,,1,1_PR/1606/0013
1,02/09761R,,TI02,2,,0,,1,1_02/09761R
1,PR/0619/0007,,TA01,1,,0,,1,1_PR/0619/0007
1,PR/0619/0008,,TA01,1,,0,,1,1_PR/0619/0008
1,54/80244,,TA54,1,,0,,1,1_54/80244
1,PR/1606/0012,,TI02,2,,0,,1,1_PR/1606/0012
1,10/90169,,TI10,2,,0,,1,1_10/90169
1,02/10011M,,TI02,2,,0,,1,1_02/10011M
1,10/90169M,,TI10,2,,0,,1,1_10/90169M
1,02/10789,,TI02,2,,0,,1,1_02/10789
1,10/10890,,TI10,2,,0,,1,1_10/10890
1,10/11890,,TI10,2,,0,,1,1_10/11890
1,10/11512,,TI10,2,,0,,1,1_10/11512
1,02/10018B,,TI02,2,,0,,1,1_02/10018B
1,02/10018B02,,TI02,2,,0,,1,1_02/10018B02
1,70/011165300,,TA70,1,,0,,1,1_70/011165300
1,70/011130300,,TA70,1,,0,,1,1_70/011130300
1,PR/0677/0037,,TI02,2,,0,,1,1_PR/0677/0037
1,70/011170300,,TA70,1,,0,,1,1_70/011170300
1,PR/0013/0026,,TA01,1,,0,,1,1_PR/0013/0026
1,EP.004-R,,YMA-EP,1,,0,,1,1_EP.004-R
1,02/10790,,TI02,2,,0,,1,1_02/10790
1,12/80670,,CV12,6,,0,,1,1_12/80670
1,03/00452M,,CA03,3,,0,,1,1_03/00452M
1,12/80981,,CV12,6,,0,,1,1_12/80981
1,PR/1854/0002,,TI02,2,,0,,1,1_PR/1854/0002
1,.111,,501,1,,0,,1,1_.111
1,PR/0617/0274,,TI02,2,,0,,1,1_PR/0617/0274
1,PR/0617/0274-A,,TA01,2,,0,,1,1_PR/0617/0274-A
1,02/10054,,TI02,2,,0,,1,1_02/10054
1,01/10282,,TA01,1,,0,,1,1_01/10282
1,02/10624,,TI02,2,,0,,1,1_02/10624
1,03/00452,,CA03,3,,0,,1,1_03/00452
1,10/00535,,TI10,2,,0,,1,1_10/00535
1,57/33010,,TA57,1,,0,,1,1_57/33010
1,PR/0617/0276,,TI02,2,,0,,1,1_PR/0617/0276
1,PR/0048/0063,,TA01,1,,0,,1,1_PR/0048/0063
1,12/00113,,CV12,6,,0,,1,1_12/00113
1,92/00193A,,X,0,,0,,1,1_92/00193A
1,.RC,,Y,8,,0,,1,1_.RC
1,80/00203A,,PL80,4,,0,,1,1_80/00203A
1,04/160900002,,PL04,4,,0,,1,1_04/160900002
1,02/10794R,,TI02,2,,0,,1,1_02/10794R
1,02/09989,,TI02,2,,0,,1,1_02/09989
1,02/09989R,,TI02,2,,0,,1,1_02/09989R
1,PR/0617/0277,,TI02,2,,0,,1,1_PR/0617/0277
1,04/143800020,,PL04,4,,0,,1,1_04/143800020
1,PR/1799/0008,,TI02,2,,0,,1,1_PR/1799/0008
1,PR/1799/0007-A,,TI02,2,,0,,1,1_PR/1799/0007-A
1,PR/1799/0007,,TI02,2,,0,,1,1_PR/1799/0007
1,10/90009,,TI10,2,,0,,1,1_10/90009
1,02/08310,,TI02,2,,0,,1,1_02/08310
1,PR/0617/026901-A,,TI02,2,,0,,1,1_PR/0617/026901-A
1,PR/0617/0269-A,,TI02,2,,0,,1,1_PR/0617/0269-A
1,92/00192A,,X,0,,0,,1,1_92/00192A
1,02/10504A,,TI02,2,,0,,1,1_02/10504A
1,02/10504AR,,TI02,2,,0,,1,1_02/10504AR
1,12/00145,,CV12,6,,0,,1,1_12/00145
1,12/00101,,CV12,6,,0,,1,1_12/00101
1,PR/EMAT/0002,,TA01,1,,0,,1,1_PR/EMAT/0002
1,12/00133,,CV12,6,,0,,1,1_12/00133
1,12/00146,,CV12,6,,0,,1,1_12/00146
1,12/00102,,CV12,6,,0,,1,1_12/00102
1,02/08762,,TI02,2,,0,,1,1_02/08762
1,12/00134,,CV12,6,,0,,1,1_12/00134
1,12/00152,,CV12,6,,0,,1,1_12/00152
1,12/00103,,CV12,6,,0,,1,1_12/00103
1,12/00135,,CV12,6,,0,,1,1_12/00135
1,12/00156,,CV12,6,,0,,1,1_12/00156
1,12/00104,,CV12,6,,0,,1,1_12/00104
1,12/00118,,CV12,6,,0,,1,1_12/00118
1,03/00458A,,CA03,3,,0,,1,1_03/00458A
1,12/00105,,CV12,6,,0,,1,1_12/00105
1,12/00119,,CV12,6,,0,,1,1_12/00119
1,04/024000051,,PL04,4,,0,,1,1_04/024000051
1,12/00167,,CV12,6,,0,,1,1_12/00167
1,03/00463,,CA03,3,,0,,1,1_03/00463
1,12/00123,,CV12,6,,0,,1,1_12/00123
1,12/00138,,CV12,6,,0,,1,1_12/00138
1,12/00168,,CV12,6,,0,,1,1_12/00168
1,03/2421080,,CA03,3,,0,,1,1_03/2421080
1,12/00124,,CV12,6,,0,,1,1_12/00124
1,12/00139,,CV12,6,,0,,1,1_12/00139
1,12/00108,,CV12,6,,0,,1,1_12/00108
1,12/00125,,CV12,6,,0,,1,1_12/00125
1,12/00140,,CV12,6,,0,,1,1_12/00140
1,12/00109,,CV12,6,,0,,1,1_12/00109
1,12/00126,,CV12,6,,0,,1,1_12/00126
1,12/00141,,CV12,6,,0,,1,1_12/00141
1,03/2421085,,CA03,3,,0,,1,1_03/2421085
1,12/00127,,CV12,6,,0,,1,1_12/00127
1,12/00142,,CV12,6,,0,,1,1_12/00142
1,12/00111,,CV12,6,,0,,1,1_12/00111
1,03/00366,,CA03,3,,0,,1,1_03/00366
1,12/00143,,CV12,6,,0,,1,1_12/00143
1,12/00112,,CV12,6,,0,,1,1_12/00112
1,12/00130,,CV12,6,,0,,1,1_12/00130
1,12/00144,,CV12,6,,0,,1,1_12/00144
1,12/00117,,CV12,6,,0,,1,1_12/00117
1,12/00128,,CV12,6,,0,,1,1_12/00128
1,13/109123,,CA13,3,,0,,1,1_13/109123
1,03/00331M,,CA03,3,,0,,1,1_03/00331M
1,03/00365AM,,CA03,3,,0,,1,1_03/00365AM
1,PR/0013/0027-A,,TA01,1,,0,,1,1_PR/0013/0027-A
1,02/10804,,TI02,2,,0,,1,1_02/10804
1,PR/1682/0017,,CV12,6,,0,,1,1_PR/1682/0017
1,PR/ARIC/0001,,TI02,2,,0,,1,1_PR/ARIC/0001
1,PR/1799/0009,,TI02,2,,0,,1,1_PR/1799/0009
1,02/10799,,TI02,2,,0,,1,1_02/10799
1,02/026700015,,TI02,2,,0,,1,1_02/026700015
1,01/082000003,,TA01,1,,0,,1,1_01/082000003
1,PR/1206/0013,,TA01,1,,0,,1,1_PR/1206/0013
1,PR/0617/0279,,TI02,2,,0,,1,1_PR/0617/0279
1,PR/0619/0009,,TA01,1,,0,,1,1_PR/0619/0009
1,PR/0617/0280,,TI02,2,,0,,1,1_PR/0617/0280
1,13/10013,,CA13,3,,0,,1,1_13/10013
1,02/08805B,,TI02,2,,0,,1,1_02/08805B
1,02/08805C,,TI02,2,,0,,1,1_02/08805C
1,PR/0617/0281,,TI02,2,,0,,1,1_PR/0617/0281
1,02/10806M,,TI02,2,,0,,1,1_02/10806M
1,PR/0617/0282,,TI02,2,,0,,1,1_PR/0617/0282
1,01/10285,,TA01,1,,0,,1,1_01/10285
1,10/90009M,,TI10,2,,0,,1,1_10/90009M
1,PR/1682/0013-A,,TI02,2,,0,,1,1_PR/1682/0013-A
1,13/10014,,CA13,3,,0,,1,1_13/10014
1,13/10015,,CA13,3,,0,,1,1_13/10015
1,01/09779R,,TA01,1,,0,,1,1_01/09779R
1,54/80406,,TA54,1,,0,,1,1_54/80406
1,01/10267,,TA01,1,,0,,1,1_01/10267
1,01/10267A,,TA01,1,,0,,1,1_01/10267A
1,01/10189,,TA01,1,,0,,1,1_01/10189
1,01/09779020404,,TA01,1,,0,,1,1_01/09779020404
1,01/09779020403,,TA01,1,,0,,1,1_01/09779020403
1,01/0977902040201,,TA01,1,,0,,1,1_01/0977902040201
1,01/09779020402,,TA01,1,,0,,1,1_01/09779020402
1,PR/0617/0283,,TI02,2,,0,,1,1_PR/0617/0283
1,PR/0718/0012,,TA01,1,,0,,1,1_PR/0718/0012
1,PR/0718/0014,,TA01,1,,0,,1,1_PR/0718/0014
1,01/10286A,,TA01,1,,0,,1,1_01/10286A
1,53/80406,,TA53,1,,0,,1,1_53/80406
1,01/10287,,TA01,1,,0,,1,1_01/10287
1,01/10267M,,TA01,1,,0,,1,1_01/10267M
1,10/10835,,TI10,2,,0,,1,1_10/10835
1,04/186000001,,PL04,4,,0,,1,1_04/186000001
1,01/10302,,TA01,1,,0,,1,1_01/10302
1,PR/1683/0007,,TI02,2,,0,,1,1_PR/1683/0007
1,02/07763,,TI02,2,,0,,1,1_02/07763
1,12/4228091R,,CV12,6,,0,,1,1_12/4228091R
1,02/08893,,TI02,2,,0,,1,1_02/08893
1,02/08055,,TI02,2,,0,,1,1_02/08055
1,02/08893A,,TI02,2,,0,,1,1_02/08893A
1,01/10288,,TA01,1,,0,,1,1_01/10288
1,01/10266,,TA01,1,,0,,1,1_01/10266
1,01/10289,,TA01,1,,0,,1,1_01/10289
1,12/70047,,CV12,6,,0,,1,1_12/70047
1,12/70050,,CV12,6,,0,,1,1_12/70050
1,02/09042,,TI02,2,,0,,1,1_02/09042
1,12/70055,,CV12,6,,0,,1,1_12/70055
1,12/70053,,CV12,6,,0,,1,1_12/70053
1,02/08702A,,TI02,2,,0,,1,1_02/08702A
1,02/09042A,,TA01,2,,0,,1,1_02/09042A
1,02/09281,,TI02,2,,0,,1,1_02/09281
1,02/09281R,,TI02,2,,0,,1,1_02/09281R
1,02/09544,,TI02,2,,0,,1,1_02/09544
1,02/10006,,TI02,2,,0,,1,1_02/10006
1,02/10628,,TI02,2,,0,,1,1_02/10628
1,02/10808,,TI02,2,,0,,1,1_02/10808
1,02/08893R,,TI02,2,,0,,1,1_02/08893R
1,01/10287M,,TA01,1,,0,,1,1_01/10287M
1,02/10810,,TI02,2,,0,,1,1_02/10810
1,02/10810M,,TI02,2,,0,,1,1_02/10810M
1,PS.081,,YMA-PS,1,,0,,1,1_PS.081
1,PS.082,,YMA-PS,1,,0,,1,1_PS.082
1,03/00456,,CA03,3,,0,,1,1_03/00456
1,PR/0013/0028,,TI02,2,,0,,1,1_PR/0013/0028
1,02/1081701M,,TI02,2,,0,,1,1_02/1081701M
1,PR/0013/0029,,TI02,2,,0,,1,1_PR/0013/0029
1,PR/1007/0092,,TI02,2,,0,,1,1_PR/1007/0092
1,02/10830,,TI02,2,,0,,1,1_02/10830
1,02/10806M1,,TI02,2,,0,,1,1_02/10806M1
1,01/08104A01,,TA01,1,,0,,1,1_01/08104A01
1,03/0045601,,CA03,3,,0,,1,1_03/0045601
1,PR/1268/0002,,TA01,1,,0,,1,1_PR/1268/0002
1,PR/0596/0001,,TA01,1,,0,,1,1_PR/0596/0001
1,PR/1206/0001,,TI02,2,,0,,1,1_PR/1206/0001
1,01/08104A,,TA01,1,,0,,1,1_01/08104A
1,02/10779A,,TI02,2,,0,,1,1_02/10779A
1,PR/1206/0015,,TI02,2,,0,,1,1_PR/1206/0015
1,10/90010,,TI10,2,,0,,1,1_10/90010
1,10/90014,,TI10,2,,0,,1,1_10/90014
1,02/10820,,TI02,2,,0,,1,1_02/10820
1,10/90018,,TI10,2,,0,,1,1_10/90018
1,10/90021,,TI10,2,,0,,1,1_10/90021
1,10/90022,,TI10,2,,0,,1,1_10/90022
1,10/90025,,TI10,2,,0,,1,1_10/90025
1,03/1421060A,,CA03,3,,0,,1,1_03/1421060A
1,PR/NAAR/0001,,TA01,1,,0,,1,1_PR/NAAR/0001
1,PR/0617/0269C01,,TI02,2,,0,,1,1_PR/0617/0269C01
1,PR/0617/0269C02,,TI02,2,,0,,1,1_PR/0617/0269C02
1,PR/0617/0269D,,TI02,2,,0,,1,1_PR/0617/0269D
1,PR/NAAR/0002,,TA01,1,,0,,1,1_PR/NAAR/0002
1,PR/0617/0269D02,,TI02,2,,0,,1,1_PR/0617/0269D02
1,PR/0617/0269D01,,TI02,2,,0,,1,1_PR/0617/0269D01
1,12/80982,,CV12,6,,0,,1,1_12/80982
1,02/10812,,TI02,2,,0,,1,1_02/10812
1,PR/1505/0013,,TI02,2,,0,,1,1_PR/1505/0013
1,PR/1505/0014,,TI02,2,,0,,1,1_PR/1505/0014
1,02/09226,,TI02,2,,0,,1,1_02/09226
1,PR/1489/0017,,TI02,2,,0,,1,1_PR/1489/0017
1,03/6521100,,CA03,3,,0,,1,1_03/6521100
1,PR/0617/0285,,TI02,2,,0,,1,1_PR/0617/0285
1,02/10813,,TI02,2,,0,,1,1_02/10813
1,02/10814,,TI02,2,,0,,1,1_02/10814
1,01/10287A01,,TA01,1,,0,,1,1_01/10287A01
1,01/10291,,TA01,1,,0,,1,1_01/10291
1,04/116700001,,PL04,4,,0,,1,1_04/116700001
1,04/34300A,,PL04,4,,0,,1,1_04/34300A
1,03/00459,,CA03,3,,0,,1,1_03/00459
1,02/10807,,TI02,2,,0,,1,1_02/10807
1,03/0045701,,CA03,3,,0,,1,1_03/0045701
1,11/00026,,TA11,1,,0,,1,1_11/00026
1,04/34301A,,PL04,4,,0,,1,1_04/34301A
1,10/1806012,,TI10,2,,0,,1,1_10/1806012
1,01/10287A,,TA01,1,,0,,1,1_01/10287A
1,02/09415M3,,TI02,2,,0,,1,1_02/09415M3
1,03/00453M,,CA03,3,,0,,1,1_03/00453M
1,02/10820M,,TI02,2,,0,,1,1_02/10820M
1,PR/1505/0013R,,TI02,2,,0,,1,1_PR/1505/0013R
1,13/10031M,,CA13,3,,0,,1,1_13/10031M
1,02/10818,,TI02,2,,0,,1,1_02/10818
1,03/1631135A,,CA03,3,,0,,1,1_03/1631135A
1,10/11415,,TI10,2,,0,,1,1_10/11415
1,01/10294,,TA01,1,,0,,1,1_01/10294
1,01/1029201,,TA01,1,,0,,1,1_01/1029201
1,01/1029301,,TA01,1,,0,,1,1_01/1029301
1,PR/1017/0005,,TA01,1,,0,,1,1_PR/1017/0005
1,01/09876C01,,TA01,1,,0,,1,1_01/09876C01
1,PR/1474/0018,,TI02,2,,0,,1,1_PR/1474/0018
1,01/10293,,TA01,1,,0,,1,1_01/10293
1,PR/0617/0292,,TI02,2,,0,,1,1_PR/0617/0292
1,01/10293M,,TA01,1,,0,,1,1_01/10293M
1,PS.082-01,,YMA-PS,1,,0,,1,1_PS.082-01
1,PS.082-P,,YMA-PS,1,,0,,1,1_PS.082-P
1,UP.118,,YMA-UP,1,,0,,1,1_UP.118
1,03/6331100,,CA03,3,,0,,1,1_03/6331100
1,92/00015,,XTI92,8,,0,,1,1_92/00015
1,12/30006,,CV12,6,,0,,1,1_12/30006
1,01/10297,,TA01,1,,0,,1,1_01/10297
1,02/1083002,,TI02,2,,0,,1,1_02/1083002
1,PR/0617/0286,,TI02,1,,0,,1,1_PR/0617/0286
1,PR/1857/0001,,TA01,1,,0,,1,1_PR/1857/0001
1,PR/1857/0002,,TA01,1,,0,,1,1_PR/1857/0002
1,12/PP0017101,,CV12,6,,0,,1,1_12/PP0017101
1,12/PP00171,,CV12,6,,0,,1,1_12/PP00171
1,PR/1857/0002-A,,TA01,1,,0,,1,1_PR/1857/0002-A
1,PR/0617/0293,,TI02,2,,0,,1,1_PR/0617/0293
1,PR/0617/0294,,TI02,2,,0,,1,1_PR/0617/0294
1,12/PP00174,,CV12,6,,0,,1,1_12/PP00174
1,12/PP00175,,CV12,6,,0,,1,1_12/PP00175
1,UP.118-01,,YMA-UP,1,,0,,1,1_UP.118-01
1,12/50016,,CV12,6,,0,,1,1_12/50016
1,02/10814R,,TI02,2,,0,,1,1_02/10814R
1,02/10819,,TI02,2,,0,,1,1_02/10819
1,PR/1709/0012,,TI02,2,,0,,1,1_PR/1709/0012
1,PR/1505/0015,,TI02,2,,0,,1,1_PR/1505/0015
1,01/10295,,TA01,1,,0,,1,1_01/10295
1,03/6321060,,CA03,3,,0,,1,1_03/6321060
1,10/90017,,TI10,2,,0,,1,1_10/90017
1,10/90017M,,TI10,2,,0,,1,1_10/90017M
1,02/10817,,TI02,2,,0,,1,1_02/10817
1,02/10821,,TI02,2,,0,,1,1_02/10821
1,02/10821M,,TI02,2,,0,,1,1_02/10821M
1,02/10822,,TI02,2,,0,,1,1_02/10822
1,02/10823M,,TI02,2,,0,,1,1_02/10823M
1,12/CH04022005,,CV12,6,,0,,1,1_12/CH04022005
1,12/80546,,CV12,6,,0,,1,1_12/80546
1,12/80548,,CV12,6,,0,,1,1_12/80548
1,02/10105,,TI02,2,,0,,1,1_02/10105
1,02/10105M,,TI02,2,,0,,1,1_02/10105M
1,02/10822M,,TI02,2,,0,,1,1_02/10822M
1,03/2321080,,CA03,3,,0,,1,1_03/2321080
1,03/6423120,,CA03,3,,0,,1,1_03/6423120
1,04/024000214,,PL04,4,,0,,1,1_04/024000214
1,02/10816,,TI02,2,,0,,1,1_02/10816
1,01/10152,,TA01,1,,0,,1,1_01/10152
1,01/10152R,,TA01,1,,0,,1,1_01/10152R
1,57/32505,,TA57,1,,0,,1,1_57/32505
1,57/32005,,TA57,1,,0,,1,1_57/32005
1,PR/MMAE/0001,,TI02,2,,0,,1,1_PR/MMAE/0001
1,03/3124025,,CA03,3,,0,,1,1_03/3124025
1,01/1033802,,TA01,1,,0,,1,1_01/1033802
1,03/00219A01,,CA03,3,,0,,1,1_03/00219A01
1,02/10823R,,TI02,2,,0,,1,1_02/10823R
1,02/09751A02R,,TI02,2,,0,,1,1_02/09751A02R
1,PR/1153/0002,,TI02,2,,0,,1,1_PR/1153/0002
1,PR/1153/0003,,TA01,1,,0,,1,1_PR/1153/0003
1,12/80539,,CV12,6,,0,,1,1_12/80539
1,02/10824M,,TI02,2,,0,,1,1_02/10824M
1,12/00176,,CV12,6,,0,,1,1_12/00176
1,PR/1723/0033,,TA01,1,,0,,1,1_PR/1723/0033
1,70/3601210,,TA70,1,,0,,1,1_70/3601210
1,12/TPG516H,,CV12,6,,0,,1,1_12/TPG516H
1,10/170312,,TI10,2,,0,,1,1_10/170312
1,10/170412,,TI10,2,,0,,1,1_10/170412
1,PR/0617/0288,,TI02,2,,0,,1,1_PR/0617/0288
1,PR/0617/0290,,TI02,2,,0,,1,1_PR/0617/0290
1,PR/0617/0287,,TI02,2,,0,,1,1_PR/0617/0287
1,03/00205,,CA03,3,,0,,1,1_03/00205
1,03/6221055,,CA03,3,,0,,1,1_03/6221055
1,03/6221060,,CA03,3,,0,,1,1_03/6221060
1,PR/1474/0017,,TI02,2,,0,,1,1_PR/1474/0017
1,01/10292,,TA01,1,,0,,1,1_01/10292
1,01/10292M,,TA01,1,,0,,1,1_01/10292M
1,02/10812R,,TI02,2,,0,,1,1_02/10812R
1,12/25150701,,CV12,6,,0,,1,1_12/25150701
1,26/95070,,CA13,3,,0,,1,1_26/95070
1,02/10825,,TI02,2,,0,,1,1_02/10825
1,12/PP0016901,,CV12,6,,0,,1,1_12/PP0016901
1,12/63009501,,CV12,6,,0,,1,1_12/63009501
1,02/10826,,TI02,2,,0,,1,1_02/10826
1,01/10296,,TA01,1,,0,,1,1_01/10296
1,12/PP00169A,,CV12,6,,0,,1,1_12/PP00169A
1,12/PP00170,,CV12,6,,0,,1,1_12/PP00170
1,12/PP00169A01,,CV12,6,,0,,1,1_12/PP00169A01
1,12/PP00172,,CV12,6,,0,,1,1_12/PP00172
1,12/PP0017001,,CV12,6,,0,,1,1_12/PP0017001
1,12/PP0017201,,CV12,6,,0,,1,1_12/PP0017201
1,12/PP00173,,CV12,6,,0,,1,1_12/PP00173
1,04/064200001,,PL04,4,,0,,1,1_04/064200001
1,PR/0617/0291,,TI02,2,,0,,1,1_PR/0617/0291
1,02/10827R,,TI02,2,,0,,1,1_02/10827R
1,PR/1857/0001-A,,TA01,1,,0,,1,1_PR/1857/0001-A
1,02/10828,,TI02,2,,0,,1,1_02/10828
1,PR/0617/0293-A,,TI02,2,,0,,1,1_PR/0617/0293-A
1,02/10829,,TI02,2,,0,,1,1_02/10829
1,PR/0617/0294-A,,TI02,2,,0,,1,1_PR/0617/0294-A
1,PR/1682/0023,,TI02,2,,0,,1,1_PR/1682/0023
1,01/10298,,TA01,1,,0,,1,1_01/10298
1,PR/1408/0001,,TI02,2,,0,,1,1_PR/1408/0001
1,12/PG05391,,CV12,6,,0,,1,1_12/PG05391
1,PR/1857/0003,,TI02,2,,0,,1,1_PR/1857/0003
1,12/069700005,,CV12,6,,0,,1,1_12/069700005
1,PR/1557/0043,,TI02,2,,0,,1,1_PR/1557/0043
1,04/01113A,,PL04,4,,0,,1,1_04/01113A
1,PR/1524/0003,,TI02,2,,0,,1,1_PR/1524/0003
1,PR/1557/004301,,TI02,2,,0,,1,1_PR/1557/004301
1,03/00369AR,,CA03,3,,0,,1,1_03/00369AR
1,02/08805,,TI02,2,,0,,1,1_02/08805
1,PR/1797/0001,,TA01,1,,0,,1,1_PR/1797/0001
1,PR/0871/0007,,TA01,1,,0,,1,1_PR/0871/0007
1,PR/0677/0038,,TI02,2,,0,,1,1_PR/0677/0038
1,03/1421080R,,CA03,3,,0,,1,1_03/1421080R
1,10/90031,,TI10,2,,0,,1,1_10/90031
1,PR/1024/0010,,TA01,1,,0,,1,1_PR/1024/0010
1,PR/1024/0010-A,,TA01,1,,0,,1,1_PR/1024/0010-A
1,03/0046001,,CA03,3,,0,,1,1_03/0046001
1,PR/0718/0009,,TA01,1,,0,,1,1_PR/0718/0009
1,02/10479R,,TI02,2,,0,,1,1_02/10479R
1,02/10479M3,,TI02,2,,0,,1,1_02/10479M3
1,PR/1007/0093,,TI02,2,,0,,1,1_PR/1007/0093
1,01/071800002,,TA01,1,,0,,1,1_01/071800002
1,PR/1007/0094,,TI02,2,,0,,1,1_PR/1007/0094
1,01/10299,,TA01,1,,0,,1,1_01/10299
1,02/10835,,TI02,2,,0,,1,1_02/10835
1,02/1083501M,,TI02,2,,0,,1,1_02/1083501M
1,PR/1395/0001,,TI02,2,,0,,1,1_PR/1395/0001
1,70/24005,,TA70,1,,0,,1,1_70/24005
1,02/1083001,,TI02,2,,0,,1,1_02/1083001
1,92/00187,,X,8,,0,,1,1_92/00187
1,12/EFALEC2,,CV12,6,,0,,1,1_12/EFALEC2
1,PR/0240/0026,,TA01,1,,0,,1,1_PR/0240/0026
1,PR/0104/0067,,TA01,1,,0,,1,1_PR/0104/0067
1,02/10833,,TI02,2,,0,,1,1_02/10833
1,02/10834,,TI02,2,,0,,1,1_02/10834
1,92/00209,,X,0,,0,,1,1_92/00209
1,01/1030201,,TA01,1,,0,,1,1_01/1030201
1,02/10832,,TI02,2,,0,,1,1_02/10832
1,02/1083201,,TI02,2,,0,,1,1_02/1083201
1,01/09691,,TA01,1,,0,,1,1_01/09691
1,03/1421080A,,CA03,3,,0,,1,1_03/1421080A
1,02/09714,,TI02,2,,0,,1,1_02/09714
1,01/09700,,TA01,1,,0,,1,1_01/09700
1,01/09700A,,TA01,1,,0,,1,1_01/09700A
1,01/09874,,TA01,1,,0,,1,1_01/09874
1,02/09847,,TI02,2,,0,,1,1_02/09847
1,02/09847A,,TI02,2,,0,,1,1_02/09847A
1,02/10286,,TI02,2,,0,,1,1_02/10286
1,02/10707M,,TI02,2,,0,,1,1_02/10707M
1,10/9003101,,TI10,2,,0,,1,1_10/9003101
1,PR/1244/0013,,TI02,2,,0,,1,1_PR/1244/0013
1,10/90012M,,TI10,2,,0,,1,1_10/90012M
1,10/90013,,TI10,2,,0,,1,1_10/90013
1,10/90013M,,TI10,2,,0,,1,1_10/90013M
1,03/0043901,,CA03,3,,0,,1,1_03/0043901
1,PR/0837/0019,,TI02,2,,0,,1,1_PR/0837/0019
1,02/09310AM1,,TI02,2,,0,,1,1_02/09310AM1
1,01/10301,,TA01,1,,0,,1,1_01/10301
1,02/1083501M1,,TI02,2,,0,,1,1_02/1083501M1
1,02/10184A01,,TI02,2,,0,,1,1_02/10184A01
1,01/10304,,TA01,1,,0,,1,1_01/10304
1,02/1083501M4,,TI02,2,,0,,1,1_02/1083501M4
1,02/088000002,,TI02,2,,0,,1,1_02/088000002
1,PR/0617/0292-A,,TI02,2,,0,,1,1_PR/0617/0292-A
1,02/1083501M6,,TI02,2,,0,,1,1_02/1083501M6
1,02/1083501M3,,TI02,2,,0,,1,1_02/1083501M3
1,PR/0617/0296,,TI02,2,,0,,1,1_PR/0617/0296
1,PR/0617/0297,,TI02,2,,0,,1,1_PR/0617/0297
1,02/09310A01,,TI02,2,,0,,1,1_02/09310A01
1,PR/1173/0002,,TA01,1,,0,,1,1_PR/1173/0002
1,02/10836,,TI02,2,,0,,1,1_02/10836
1,03/2421050,,CA03,3,,0,,1,1_03/2421050
1,02/10837,,TI02,2,,0,,1,1_02/10837
1,02/10837M,,TI02,2,,0,,1,1_02/10837M
1,02/10836M,,TI02,2,,0,,1,1_02/10836M
1,02/1083501M2,,TI02,2,,0,,1,1_02/1083501M2
1,PR/1520/0017,,TI02,2,,0,,1,1_PR/1520/0017
1,01/10310,,TA01,1,,0,,1,1_01/10310
1,10/101602,,TI10,2,,0,,1,1_10/101602
1,10/101802,,TI10,2,,0,,1,1_10/101802
1,PR/0754/0004,,TA01,1,,0,,1,1_PR/0754/0004
1,PR/1557/0045,,TI02,2,,0,,1,1_PR/1557/0045
1,PR/1557/0046,,TI02,2,,0,,1,1_PR/1557/0046
1,02/10838,,TI02,2,,0,,1,1_02/10838
1,12/80502,,CV12,6,,0,,1,1_12/80502
1,PR/1557/0047,,TI02,2,,0,,1,1_PR/1557/0047
1,PR/1557/0047-A,,TI02,2,,0,,1,1_PR/1557/0047-A
1,PR/1557/0048,,TI02,2,,0,,1,1_PR/1557/0048
1,02/10839,,TI02,2,,0,,1,1_02/10839
1,01/162100001,,TA01,1,,0,,1,1_01/162100001
1,01/10084A,,TA01,1,,0,,1,1_01/10084A
1,02/10191B,,TI02,2,,0,,1,1_02/10191B
1,01/070050850B,,TA01,1,,0,,1,1_01/070050850B
1,01/09364,,TA01,1,,0,,1,1_01/09364
1,10/90012,,TI10,2,,0,,1,1_10/90012
1,02/10191A02,,TI02,2,,0,,1,1_02/10191A02
1,PR/1857/0004,,TI02,2,,0,,1,1_PR/1857/0004
1,PR/1857/0005,,TI02,2,,0,,1,1_PR/1857/0005
1,10/11625,,TI10,2,,0,,1,1_10/11625
1,02/10191A01,,TI02,2,,0,,1,1_02/10191A01
1,55/601010,,TI55,2,,0,,1,1_55/601010
1,01/1030502,,TA01,1,,0,,1,1_01/1030502
1,01/10000,,TA01,1,,0,,1,1_01/10000
1,02/10082AM,,TI02,2,,0,,1,1_02/10082AM
1,01/1030501,,TA01,1,,0,,1,1_01/1030501
1,12/TP448A,,CV12,6,,0,,1,1_12/TP448A
1,PR/1864/0001,,TI02,2,,0,,1,1_PR/1864/0001
1,26/6205101,,TA26,1,,0,,1,1_26/6205101
1,PR/0617/0298,,TI02,2,,0,,1,1_PR/0617/0298
1,02/10840,,TI02,2,,0,,1,1_02/10840
1,02/0929401,,TI02,2,,0,,1,1_02/0929401
1,02/10840M,,TI02,2,,0,,1,1_02/10840M
1,02/1084001,,TI02,2,,0,,1,1_02/1084001
1,02/09294,,TI02,2,,0,,1,1_02/09294
1,02/10841,,TI02,2,,0,,1,1_02/10841
1,02/1084101,,TI02,2,,0,,1,1_02/1084101
1,02/10842M,,TI02,2,,0,,1,1_02/10842M
1,02/1084201,,TI02,2,,0,,1,1_02/1084201
1,02/10844,,TI02,2,,0,,1,1_02/10844
1,02/10842,,TI02,2,,0,,1,1_02/10842
1,02/10843,,TI02,2,,0,,1,1_02/10843
1,02/1084301,,TI02,2,,0,,1,1_02/1084301
1,02/1074902,,TI02,2,,0,,1,1_02/1074902
1,PR/1041/0001,,TI02,2,,0,,1,1_PR/1041/0001
1,12/70236,,CV12,6,,0,,1,1_12/70236
1,92/00015A,,XTI92,8,,0,,1,1_92/00015A
1,12/PG05152,,CV12,6,,0,,1,1_12/PG05152
1,02/10171M,,TI02,2,,0,,1,1_02/10171M
1,12/PG0515101,,CV12,6,,0,,1,1_12/PG0515101
1,PR/1206/0002,,TI02,2,,0,,1,1_PR/1206/0002
1,02/1084401,,TI02,2,,0,,1,1_02/1084401
1,02/1074901,,TI02,2,,0,,1,1_02/1074901
1,03/2331080,,CA03,3,,0,,1,1_03/2331080
1,PR/1856/0005,,TI02,2,,0,,1,1_PR/1856/0005
1,12/PP00172R,,CV12,6,,0,,1,1_12/PP00172R
1,PR/CIPA/0001,,TA01,1,,0,,1,1_PR/CIPA/0001
1,01/10310M,,TA01,1,,0,,1,1_01/10310M
1,01/10307,,TA01,1,,0,,1,1_01/10307
1,13/10032,,CA13,3,,0,,1,1_13/10032
1,91/81011,,XTA91,8,,0,,1,1_91/81011
1,91/81016,,XTA91,8,,0,,1,1_91/81016
1,02/10845,,TI02,2,,0,,1,1_02/10845
1,03/00413,,CA03,3,,0,,1,1_03/00413
1,03/00413R,,CA03,3,,0,,1,1_03/00413R
1,03/1431060A,,CA03,3,,0,,1,1_03/1431060A
1,13/10034,,CA13,3,,0,,1,1_13/10034
1,13/10035,,CA13,3,,0,,1,1_13/10035
1,02/10828A,,TI02,2,,0,,1,1_02/10828A
1,02/07619,,TI02,2,,0,,1,1_02/07619
1,01/10312,,TA01,1,,0,,1,1_01/10312
1,02/1007702,,TI02,2,,0,,1,1_02/1007702
1,PR/1682/0024,,TI02,2,,0,,1,1_PR/1682/0024
1,01/100100800,,TA01,1,,0,,1,1_01/100100800
1,04/173300004,,PL04,4,,0,,1,1_04/173300004
1,PR/1848/0010,,TA01,1,,0,,1,1_PR/1848/0010
1,02/10850,,TI02,2,,0,,1,1_02/10850
1,01/09198,,TA01,1,,0,,1,1_01/09198
1,01/10241B,,TA01,1,,0,,1,1_01/10241B
1,PR/1682/0027,,TA01,1,,0,,1,1_PR/1682/0027
1,04/173300004M,,PL04,4,,0,,1,1_04/173300004M
1,03/2421070,,CA03,3,,0,,1,1_03/2421070
1,01/1030503,,TA01,1,,0,,1,1_01/1030503
1,01/1030803,,TA01,1,,0,,1,1_01/1030803
1,12/50017,,CV12,6,,0,,1,1_12/50017
1,02/10643R,,TI02,2,,0,,1,1_02/10643R
1,PS.084,,YMA-PS,1,,0,,1,1_PS.084
1,CM.0120,,YMA-CM,1,,0,,1,1_CM.0120
1,01/10313,,TA01,1,,0,,1,1_01/10313
1,CM.098,,YMA-CM,1,,0,,1,1_CM.098
1,PS.083,,YMA-PS,1,,0,,1,1_PS.083
1,01/10327,,TA01,1,,0,,1,1_01/10327
1,01/0962101,,TA01,1,,0,,1,1_01/0962101
1,CM.121,,YMA-CM,1,,0,,1,1_CM.121
1,CM.121-P,,YMA-CM,1,,0,,1,1_CM.121-P
1,CM.120-M,,YMA-CM,1,,0,,1,1_CM.120-M
1,CM.121-M,,YMA-CM,1,,0,,1,1_CM.121-M
1,PS.083-P,,YMA-PS,1,,0,,1,1_PS.083-P
1,PS.083-M,,YMA-PS,1,,0,,1,1_PS.083-M
1,PS.084-P,,YMA-PS,1,,0,,1,1_PS.084-P
1,PS.084-M,,YMA-PS,1,,0,,1,1_PS.084-M
1,01/0971101,,TA01,1,,0,,1,1_01/0971101
1,02/10850M,,TI02,2,,0,,1,1_02/10850M
1,02/106520101,,TI02,2,,0,,1,1_02/106520101
1,PR/1862/0001,,TI02,2,,0,,1,1_PR/1862/0001
1,AC.021,,YMA-AC,1,,0,,1,1_AC.021
1,01/10314A,,TA01,1,,0,,1,1_01/10314A
1,02/0976601,,TI02,2,,0,,1,1_02/0976601
1,02/1040702,,TI02,2,,0,,1,1_02/1040702
1,02/10851M,,TI02,2,,0,,1,1_02/10851M
1,AC.022,,YMA-AC,1,,0,,1,1_AC.022
1,94/00900,,XPL94,8,,0,,1,1_94/00900
1,PR/1621/0029,,TI02,2,,0,,1,1_PR/1621/0029
1,01/10315,,TA01,1,,0,,1,1_01/10315
1,PR/1757/0003,,TA01,1,,0,,1,1_PR/1757/0003
1,02/10851,,TI02,2,,0,,1,1_02/10851
1,01/10316,,TA01,1,,0,,1,1_01/10316
1,01/10303,,TA01,1,,0,,1,1_01/10303
1,01/1030301,,TA01,1,,0,,1,1_01/1030301
1,PR/0718/0010-B,,TI02,2,,0,,1,1_PR/0718/0010-B
1,PR/0718/0010-A,,TA01,1,,0,,1,1_PR/0718/0010-A
1,PR/0718/0010-1,,TA01,1,,0,,1,1_PR/0718/0010-1
1,PR/0718/0010-2,,TA01,1,,0,,1,1_PR/0718/0010-2
1,PR/0718/0010-3I,,TA01,1,,0,,1,1_PR/0718/0010-3I
1,PR/0718/0010-3T,,TI02,2,,0,,1,1_PR/0718/0010-3T
1,01/1030302,,TA01,1,,0,,1,1_01/1030302
1,02/10853,,TI02,2,,0,,1,1_02/10853
1,03/6221065,,CA03,3,,0,,1,1_03/6221065
1,03/6221065R,,CA03,3,,0,,1,1_03/6221065R
1,PR/0048/0064,,TA01,1,,0,,1,1_PR/0048/0064
1,PR/0084/0064-A,,TA01,1,,0,,1,1_PR/0084/0064-A
1,PR/1206/0016,,TI02,2,,0,,1,1_PR/1206/0016
1,PR/0084/0064,,TA01,1,,0,,1,1_PR/0084/0064
1,PR/0048/0064-A,,TA01,1,,0,,1,1_PR/0048/0064-A
1,01/10304R,,TA01,1,,0,,1,1_01/10304R
1,01/10317,,TA01,1,,0,,1,1_01/10317
1,12/PP00169AR,,CV12,6,,0,,1,1_12/PP00169AR
1,01/10362,,TA01,1,,0,,1,1_01/10362
1,PR/0228/0011,,TA01,1,,0,,1,1_PR/0228/0011
1,12/50018,,CV12,6,,0,,1,1_12/50018
1,02/1051502,,TI02,2,,0,,1,1_02/1051502
1,02/1051501,,TI02,2,,0,,1,1_02/1051501
1,02/1051503,,TI02,2,,0,,1,1_02/1051503
1,02/10854,,TI02,2,,0,,1,1_02/10854
1,PR/1979/0001R,,TA01,1,,0,,1,1_PR/1979/0001R
1,12/PP0017002,,CV12,6,,0,,1,1_12/PP0017002
1,02/10817A,,TI02,2,,0,,1,1_02/10817A
1,01/10318,,TA01,1,,0,,1,1_01/10318
1,01/10319,,TA01,1,,0,,1,1_01/10319
1,02/10855,,TI02,2,,0,,1,1_02/10855
1,02/10856,,TI02,2,,0,,1,1_02/10856
1,12/80984,,CV12,6,,0,,1,1_12/80984
1,01/10344,,TA01,1,,0,,1,1_01/10344
1,03/2321065,,CA03,3,,0,,1,1_03/2321065
1,PR/1507/0017,,TI02,2,,0,,1,1_PR/1507/0017
1,PR/1505/0017,,TI02,2,,0,,1,1_PR/1505/0017
1,26/60212,,TA26,1,,0,,1,1_26/60212
1,PR/0617/0182-A,,TI02,2,,0,,1,1_PR/0617/0182-A
1,02/10857,,TI02,2,,0,,1,1_02/10857
1,03/00461,,CA03,3,,0,,1,1_03/00461
1,PR/0617/0299,,TI02,2,,0,,1,1_PR/0617/0299
1,03/0046101,,CA03,3,,0,,1,1_03/0046101
1,PR/0617/0301-A,,TI02,2,,0,,1,1_PR/0617/0301-A
1,01/09427,,TA01,1,,0,,1,1_01/09427
1,PR/0617/0301,,TI02,2,,0,,1,1_PR/0617/0301
1,02/10858,,TI02,2,,0,,1,1_02/10858
1,PR/0712/0008,,CA03,3,,0,,1,1_PR/0712/0008
1,PR/0617/0302,,TI02,2,,0,,1,1_PR/0617/0302
1,MA.001-R,,YMA-MA,1,,0,,1,1_MA.001-R
1,02/10859,,TI02,2,,0,,1,1_02/10859
1,PR/0718/0011,,TI02,2,,0,,1,1_PR/0718/0011
1,01/1030401,,TA01,1,,0,,1,1_01/1030401
1,PR/0617/0306,,TI02,2,,0,,1,1_PR/0617/0306
1,01/1030401M,,TA01,1,,0,,1,1_01/1030401M
1,PR/0677/0040,,TA01,1,,0,,1,1_PR/0677/0040
1,12/HD350023,,CV12,6,,0,,1,1_12/HD350023
1,10/08025,,TI10,2,,0,,1,1_10/08025
1,02/10860M,,TI02,2,,0,,1,1_02/10860M
1,02/10860,,TI02,2,,0,,1,1_02/10860
1,01/10323,,TA01,1,,0,,1,1_01/10323
1,02/07763R,,TI02,2,,0,,1,1_02/07763R
1,01/10324,,TA01,1,,0,,1,1_01/10324
1,PS.085,,YMA-PS,1,,0,,1,1_PS.085
1,12/HD350023A,,CV12,6,,0,,1,1_12/HD350023A
1,PR/0718/0013,,TA01,1,,0,,1,1_PR/0718/0013
1,PR/0755/0001,,TI02,2,,0,,1,1_PR/0755/0001
1,PR/1520/0018,,TI02,2,,0,,1,1_PR/1520/0018
1,UT.016,,YMA-UT,1,,0,,1,1_UT.016
1,03/1431095,,CA03,3,,0,,1,1_03/1431095
1,MA.057,,YMA-MA,1,,0,,1,1_MA.057
1,PS.086,,YMA-PS,1,,0,,1,1_PS.086
1,01/10326,,TA01,1,,0,,1,1_01/10326
1,PR/1848/0001,,TA01,1,,0,,1,1_PR/1848/0001
1,PR/1854/0003,,TI02,2,,0,,1,1_PR/1854/0003
1,PR/1460/0004,,TA01,1,,0,,1,1_PR/1460/0004
1,UP.066,,YMA-UP,1,,0,,1,1_UP.066
1,UP.066-01,,YMA-UP,1,,0,,1,1_UP.066-01
1,UP.066-02,,YMA-UP,1,,0,,1,1_UP.066-02
1,CM.084-R,,YMA-CM,1,,0,,1,1_CM.084-R
1,PR/1173/0003,,TA01,1,,0,,1,1_PR/1173/0003
1,02/10191AM,,TI02,2,,0,,1,1_02/10191AM
1,12/80985,,CV12,2,,0,,1,1_12/80985
1,12/80986,,CV12,6,,0,,1,1_12/80986
1,12/50019,,CV12,6,,0,,1,1_12/50019
1,02/10629R,,TI02,2,,0,,1,1_02/10629R
1,02/10861R,,TI02,2,,0,,1,1_02/10861R
1,01/10325,,TA01,1,,0,,1,1_01/10325
1,10/00358,,TI10,2,,0,,1,1_10/00358
1,01/10241C,,TA01,1,,0,,1,1_01/10241C
1,EP.001,,YMA-EP,1,,0,,1,1_EP.001
1,01/1032801,,TA01,1,,0,,1,1_01/1032801
1,UT.016-R,,YMA-UT,1,,0,,1,1_UT.016-R
1,01/10329,,TA01,1,,0,,1,1_01/10329
1,11/11006,,TA11,1,,0,,1,1_11/11006
1,26/60820,,TA26,1,,0,,1,1_26/60820
1,12/80987,,CV12,6,,0,,1,1_12/80987
1,01/10299R,,TA01,1,,0,,1,1_01/10299R
1,03/1331060,,CA03,3,,0,,1,1_03/1331060
1,03/1533080,,CA03,3,,0,,1,1_03/1533080
1,PR/0677/0039,,TA01,1,,0,,1,1_PR/0677/0039
1,02/09806A03,,TI02,2,,0,,1,1_02/09806A03
1,PR/0267/0065,,TI02,2,,0,,1,1_PR/0267/0065
1,03/1531085,,CA03,3,,0,,1,1_03/1531085
1,26/60208,,TA26,1,,0,,1,1_26/60208
1,26/620625,,TA26,1,,0,,1,1_26/620625
1,02/10670AR,,TI02,2,,0,,1,1_02/10670AR
1,02/10670AM,,TI02,2,,0,,1,1_02/10670AM
1,03/1631130,,CA03,3,,0,,1,1_03/1631130
1,03/2631135,,CA03,3,,0,,1,1_03/2631135
1,PR/0617/0309,,TI02,2,,0,,1,1_PR/0617/0309
1,02/10862,,TI02,2,,0,,1,1_02/10862
1,12/00179,,CV12,6,,0,,1,1_12/00179
1,01/10330,,TA01,1,,0,,1,1_01/10330
1,01/08655,,TA01,1,,0,,1,1_01/08655
1,PR/PIAT/0006,,TA01,1,,0,,1,1_PR/PIAT/0006
1,02/07530B,,TI02,2,,0,,1,1_02/07530B
1,01/10321,,TA01,1,,0,,1,1_01/10321
1,01/10322,,TA01,1,,0,,1,1_01/10322
1,PR/1682/0028,,CA03,3,,0,,1,1_PR/1682/0028
1,PR/0768/0015,,TA01,1,,0,,1,1_PR/0768/0015
1,PR/0677/0041,,TA01,1,,0,,1,1_PR/0677/0041
1,03/00440,,CA03,3,,0,,1,1_03/00440
1,03/00435,,CA03,3,,0,,1,1_03/00435
1,PR/0768/0016,,TA01,1,,0,,1,1_PR/0768/0016
1,12/00178,,CV12,6,,0,,1,1_12/00178
1,12/00106,,CV12,6,,0,,1,1_12/00106
1,12/00107,,CV12,6,,0,,1,1_12/00107
1,12/00110,,CV12,6,,0,,1,1_12/00110
1,12/00114,,CV12,6,,0,,1,1_12/00114
1,12/00115,,CV12,6,,0,,1,1_12/00115
1,12/00131,,CV12,6,,0,,1,1_12/00131
1,12/00136,,CV12,6,,0,,1,1_12/00136
1,12/00137,,CV12,6,,0,,1,1_12/00137
1,03/00458,,CA03,3,,0,,1,1_03/00458
1,PR/0617/0307-A,,TI02,2,,0,,1,1_PR/0617/0307-A
1,PR/0617/0307,,TI02,2,,0,,1,1_PR/0617/0307
1,03/1421085,,CA03,3,,0,,1,1_03/1421085
1,03/00450,,CA03,3,,0,,1,1_03/00450
1,02/10864,,TI02,2,,0,,1,1_02/10864
1,12/331507,,CV12,6,,0,,1,1_12/331507
1,03/00258,,CA03,3,,0,,1,1_03/00258
1,02/10415,,TI02,2,,0,,1,1_02/10415
1,03/00286,,CA03,3,,0,,1,1_03/00286
1,03/00356,,CA03,3,,0,,1,1_03/00356
1,03/00374,,CA03,3,,0,,1,1_03/00374
1,03/00376,,CA03,3,,0,,1,1_03/00376
1,03/00391,,CA03,3,,0,,1,1_03/00391
1,02/08473A,,TI02,2,,0,,1,1_02/08473A
1,03/00272,,CA03,3,,0,,1,1_03/00272
1,03/00277,,CA03,3,,0,,1,1_03/00277
1,03/00283,,CA03,3,,0,,1,1_03/00283
1,03/00178,,CA03,3,,0,,1,1_03/00178
1,03/00316,,CA03,3,,0,,1,1_03/00316
1,02/08471A,,TI02,2,,0,,1,1_02/08471A
1,02/08472,,TI02,2,,0,,1,1_02/08472
1,02/09137,,TI02,2,,0,,1,1_02/09137
1,02/09136,,TI02,2,,0,,1,1_02/09136
1,02/09135,,TI02,2,,0,,1,1_02/09135
1,02/09276,,TI02,2,,0,,1,1_02/09276
1,02/09278,,TI02,2,,0,,1,1_02/09278
1,02/09277,,TI02,2,,0,,1,1_02/09277
1,02/09487A,,TI02,2,,0,,1,1_02/09487A
1,02/09489A,,TI02,2,,0,,1,1_02/09489A
1,02/09490A,,TI02,2,,0,,1,1_02/09490A
1,02/09944,,TI02,2,,0,,1,1_02/09944
1,02/09945,,TI02,2,,0,,1,1_02/09945
1,02/09946,,TI02,2,,0,,1,1_02/09946
1,02/10008,,TI02,2,,0,,1,1_02/10008
1,02/10800,,TI02,2,,0,,1,1_02/10800
1,02/10801,,TI02,2,,0,,1,1_02/10801
1,02/10802,,TI02,2,,0,,1,1_02/10802
1,02/10745,,TI02,2,,0,,1,1_02/10745
1,02/10746,,TI02,2,,0,,1,1_02/10746
1,02/10747,,TI02,2,,0,,1,1_02/10747
1,02/10742,,TI02,2,,0,,1,1_02/10742
1,02/10743,,TI02,2,,0,,1,1_02/10743
1,02/10744,,TI02,2,,0,,1,1_02/10744
1,03/6523120,,CA03,3,,0,,1,1_03/6523120
1,02/10868,,TI02,2,,0,,1,1_02/10868
1,PR/PIAT/0007,,TA01,1,,0,,1,1_PR/PIAT/0007
1,PR/1851/0004,,TI02,2,,0,,1,1_PR/1851/0004
1,12/50133,,CV12,6,,0,,1,1_12/50133
1,01/10331R,,TA01,1,,0,,1,1_01/10331R
1,55/10127MPA,,TI55,2,,0,,1,1_55/10127MPA
1,55/10095MPA,,TI55,2,,0,,1,1_55/10095MPA
1,02/10870M,,TI02,2,,0,,1,1_02/10870M
1,02/10817C01M,,TI02,2,,0,,1,1_02/10817C01M
1,02/10870,,TI02,2,,0,,1,1_02/10870
1,03/00443A02,,CA03,3,,0,,1,1_03/00443A02
1,11/10013BR,,TA11,1,,0,,1,1_11/10013BR
1,PR/1244/0013-A,,TI02,2,,0,,1,1_PR/1244/0013-A
1,02/10862R,,TI02,2,,0,,1,1_02/10862R
1,12/TPG305-O,,CV12,6,,0,,1,1_12/TPG305-O
1,12/TP305-O,,CV12,6,,0,,1,1_12/TP305-O
1,PR/1848/0003,,TA01,1,,0,,1,1_PR/1848/0003
1,PR/1848/0004,,TA01,1,,0,,1,1_PR/1848/0004
1,PR/1848/0005,,TA01,1,,0,,1,1_PR/1848/0005
1,PR/1848/0006,,TA01,1,,0,,1,1_PR/1848/0006
1,PR/1797/0002,,TA01,1,,0,,1,1_PR/1797/0002
1,04/100000009,,PL04,4,,0,,1,1_04/100000009
1,03/00443A,,CA03,3,,0,,1,1_03/00443A
1,02/10873,,TI02,2,,0,,1,1_02/10873
1,02/10788R,,TI02,2,,0,,1,1_02/10788R
1,01/10335M,,TA01,1,,0,,1,1_01/10335M
1,12/80918,,CV12,6,,0,,1,1_12/80918
1,12/PV00061,,CV12,6,,0,,1,1_12/PV00061
1,12/PR00001,,CV12,6,,0,,1,1_12/PR00001
1,01/1015203,,TA01,1,,0,,1,1_01/1015203
1,01/10335,,TA01,1,,0,,1,1_01/10335
1,12/TPM163473008,,CV12,6,,0,,1,1_12/TPM163473008
1,PR/1244/0013-B,,TA01,2,,0,,1,1_PR/1244/0013-B
1,12/TPM163474009,,CV12,6,,0,,1,1_12/TPM163474009
1,01/09998,,TA01,1,,0,,1,1_01/09998
1,PR/0617/0310,,TI02,2,,0,,1,1_PR/0617/0310
1,02/10872M,,TI02,2,,0,,1,1_02/10872M
1,12/186300001,,CV12,6,,0,,1,1_12/186300001
1,PR/0013/0031,,CV12,6,,0,,1,1_PR/0013/0031
1,12/CX05230,,CV12,6,,0,,1,1_12/CX05230
1,PR/0013/0032,,TA01,1,,0,,1,1_PR/0013/0032
1,PR/1669/0046,,TI02,2,,0,,1,1_PR/1669/0046
1,02/107030102,,TI02,2,,0,,1,1_02/107030102
1,02/107030103,,TI02,2,,0,,1,1_02/107030103
1,PR/1854/0004,,TA01,1,,0,,1,1_PR/1854/0004
1,02/10817C03,,TI02,2,,0,,1,1_02/10817C03
1,02/10817C,,TI02,2,,0,,1,1_02/10817C
1,PR/0227/0001,,TI02,2,,0,,1,1_PR/0227/0001
1,02/10874,,TI02,2,,0,,1,1_02/10874
1,UP.112-M,,YMA-UP,1,,0,,1,1_UP.112-M
1,02/10817C01,,TI02,2,,0,,1,1_02/10817C01
1,PR/1854/0005,,TA01,1,,0,,1,1_PR/1854/0005
1,PR/1854/0004-A,,TI02,2,,0,,1,1_PR/1854/0004-A
1,PR/1854/0005-A,,TI02,2,,0,,1,1_PR/1854/0005-A
1,02/10875,,TI02,2,,0,,1,1_02/10875
1,11/10013BM,,TA11,1,,0,,1,1_11/10013BM
1,03/00464,,CA03,3,,0,,1,1_03/00464
1,01/10336,,TA01,1,,0,,1,1_01/10336
1,01/1036103,,TA01,1,,0,,1,1_01/1036103
1,01/10337,,TA01,1,,0,,1,1_01/10337
1,03/0046401,,CA03,3,,0,,1,1_03/0046401
1,03/00464M,,CA03,3,,0,,1,1_03/00464M
1,PR/1669/0049,,TA01,1,,0,,1,1_PR/1669/0049
1,03/00443B01,,CA03,3,,0,,1,1_03/00443B01
1,03/00443A01,,CA03,3,,0,,1,1_03/00443A01
1,03/00443B,,CA03,3,,0,,1,1_03/00443B
1,03/1631120,,CA03,3,,0,,1,1_03/1631120
1,03/1631120R,,CA03,3,,0,,1,1_03/1631120R
1,12/333012,,CV12,6,,0,,1,1_12/333012
1,PR/1725/0010,,TI02,2,,0,,1,1_PR/1725/0010
1,PR/0677/0042,,TA01,1,,0,,1,1_PR/0677/0042
1,AC.031,,YMA-AC,1,,0,,1,1_AC.031
1,UP.121-03,,YMA-UP,1,,0,,1,1_UP.121-03
1,UP.121-04,,YMA-UP,1,,0,,1,1_UP.121-04
1,03/2221036,,CA03,3,,0,,1,1_03/2221036
1,UP.121-05,,YMA-UP,1,,0,,1,1_UP.121-05
1,01/10338,,TA01,1,,0,,1,1_01/10338
1,02/124400003,,TI02,2,,0,,1,1_02/124400003
1,02/1070304,,TI02,2,,0,,1,1_02/1070304
1,02/10876,,TI02,2,,0,,1,1_02/10876
1,02/10824,,TI02,2,,0,,1,1_02/10824
1,EP.001-M,,YMA-EP,1,,0,,1,1_EP.001-M
1,EP.001A-M,,YMA-EP,1,,0,,1,1_EP.001A-M
1,12/80595,,CV12,6,,0,,1,1_12/80595
1,91/02204,,XTA91,8,,0,,1,1_91/02204
1,EP.001A,,YMA-EP,1,,0,,1,1_EP.001A
1,PR/1718/0001,,TI02,2,,0,,1,1_PR/1718/0001
1,02/10877,,TI02,2,,0,,1,1_02/10877
1,01/1033801,,TA01,1,,0,,1,1_01/1033801
1,PR/BESS/0001,,TI02,2,,0,,1,1_PR/BESS/0001
1,01/09698,,TA01,1,,0,,1,1_01/09698
1,03/00154,,CA03,3,,0,,1,1_03/00154
1,04/024000036,,PL04,4,,0,,1,1_04/024000036
1,01/10339,,TA01,1,,0,,1,1_01/10339
1,02/10879,,TI02,2,,0,,1,1_02/10879
1,10/90030,,TI10,2,,0,,1,1_10/90030
1,10/90030M,,TI10,2,,0,,1,1_10/90030M
1,02/10878R,,TI02,2,,0,,1,1_02/10878R
1,01/1036105,,TA01,1,,0,,1,1_01/1036105
1,12/HD350025,,CV12,6,,0,,1,1_12/HD350025
1,02/10879M,,TI02,6,,0,,1,1_02/10879M
1,02/1070309,,TI02,2,,0,,1,1_02/1070309
1,02/107030901,,TI02,2,,0,,1,1_02/107030901
1,02/107030902,,TI02,2,,0,,1,1_02/107030902
1,02/09425,,TI02,2,,0,,1,1_02/09425
1,02/107030901M,,TI02,2,,0,,1,1_02/107030901M
1,02/107030902M,,TI02,2,,0,,1,1_02/107030902M
1,02/10880R,,TI02,2,,0,,1,1_02/10880R
1,PR/0677/0043,,TA01,1,,0,,1,1_PR/0677/0043
1,PR/0677/0044,,TA01,1,,0,,1,1_PR/0677/0044
1,02/07871,,TI02,2,,0,,1,1_02/07871
1,12/70237,,CV12,6,,0,,1,1_12/70237
1,01/10340R,,TA01,1,,0,,1,1_01/10340R
1,02/07871M,,TI02,2,,0,,1,1_02/07871M
1,02/10813R,,TI02,2,,0,,1,1_02/10813R
1,02/10817CR,,TI02,2,,0,,1,1_02/10817CR
1,PR/1870/0001,,TI02,2,,0,,1,1_PR/1870/0001
1,UT.017,,YMA-UT,1,,0,,1,1_UT.017
1,PR/0617/0313,,TI02,2,,0,,1,1_PR/0617/0313
1,12/063200003,,CV12,6,,0,,1,1_12/063200003
1,12/030900001,,CV12,6,,0,,1,1_12/030900001
1,01/10342,,TA01,1,,0,,1,1_01/10342
1,PR/0617/0343,,TI02,2,,0,,1,1_PR/0617/0343
1,PR/1870/0003,,TI02,2,,0,,1,1_PR/1870/0003
1,PR/1870/0004,,TI02,2,,0,,1,1_PR/1870/0004
1,01/100101000,,TA01,1,,0,,1,1_01/100101000
1,PR/1870/0002,,TI02,2,,0,,1,1_PR/1870/0002
1,01/10340,,TA01,1,,0,,1,1_01/10340
1,PR/0617/0318,,TI02,2,,0,,1,1_PR/0617/0318
1,10/11830,,TI10,2,,0,,1,1_10/11830
1,PR/0617/0316,,TI02,2,,0,,1,1_PR/0617/0316
1,PR/0617/0317,,TI02,2,,0,,1,1_PR/0617/0317
1,02/09848,,TI02,2,,0,,1,1_02/09848
1,02/10881,,TI02,2,,0,,1,1_02/10881
1,PR/1809/0001,,TI02,2,,0,,1,1_PR/1809/0001
1,02/061700042,,TI02,2,,0,,1,1_02/061700042
1,PR/0617/0315,,TI02,2,,0,,1,1_PR/0617/0315
1,PR/0617/0314,,TI02,2,,0,,1,1_PR/0617/0314
1,PR/0532/0010,,TA01,1,,0,,1,1_PR/0532/0010
1,PR/0532/0011,,TA01,1,,0,,1,1_PR/0532/0011
1,PR/1669/0047,,TI02,2,,0,,1,1_PR/1669/0047
1,PR/0617/0200-C,,TI02,2,,0,,1,1_PR/0617/0200-C
1,PR/0617/0200-D,,TI02,2,,0,,1,1_PR/0617/0200-D
1,02/061700043,,TI02,2,,0,,1,1_02/061700043
1,PR/1854/0006,,TI02,2,,0,,1,1_PR/1854/0006
1,PR/0617/0319,,TI02,2,,0,,1,1_PR/0617/0319
1,PR/1167/0010,,TI02,2,,0,,1,1_PR/1167/0010
1,PR/0532/0013,,TA01,1,,0,,1,1_PR/0532/0013
1,PR/0532/0012,,TA01,1,,0,,1,1_PR/0532/0012
1,12/80540A,,CV12,6,,0,,1,1_12/80540A
1,12/80542A,,CV12,6,,0,,1,1_12/80542A
1,01/10345,,TA01,1,,0,,1,1_01/10345
1,02/061700043M,,TI02,2,,0,,1,1_02/061700043M
1,03/1431080,,CA03,3,,0,,1,1_03/1431080
1,02/08328,,TI02,2,,0,,1,1_02/08328
1,02/061700042M,,TI02,2,,0,,1,1_02/061700042M
1,57/33005,,TA57,1,,0,,1,1_57/33005
1,12/50134,,CV12,6,,0,,1,1_12/50134
1,03/0046501,,CA03,3,,0,,1,1_03/0046501
1,12/50135,,CV12,6,,0,,1,1_12/50135
1,01/10346,,TA01,1,,0,,1,1_01/10346
1,02/10848,,TI02,2,,0,,1,1_02/10848
1,PR/0617/0309-A,,TI02,2,,0,,1,1_PR/0617/0309-A
1,PR/0617/0309-B,,TI02,2,,0,,1,1_PR/0617/0309-B
1,03/6331090,,CA03,3,,0,,1,1_03/6331090
1,PR/1856/0006,,TA01,1,,0,,1,1_PR/1856/0006
1,PR/0617/0318-A,,TI02,2,,0,,1,1_PR/0617/0318-A
1,PR/0617/0318-B,,TI02,2,,0,,1,1_PR/0617/0318-B
1,PR/1286/0026,,TA01,1,,0,,1,1_PR/1286/0026
1,02/10849,,TI02,2,,0,,1,1_02/10849
1,02/10882,,TI02,2,,0,,1,1_02/10882
1,PR/1167/0011,,TI02,2,,0,,1,1_PR/1167/0011
1,PR/1848/0009,,TA01,1,,0,,1,1_PR/1848/0009
1,02/10886,,TI02,2,,0,,1,1_02/10886
1,12/50136,,CV12,6,,0,,1,1_12/50136
1,02/10885M,,TI02,2,,0,,1,1_02/10885M
1,02/10886M,,TI02,2,,0,,1,1_02/10886M
1,PR/1219/0001,,TA01,1,,0,,1,1_PR/1219/0001
1,12/4230103,,CV12,3,,0,,1,1_12/4230103
1,PR/0617/0001,,TI02,2,,0,,1,1_PR/0617/0001
1,12/423012R,,CV12,6,,0,,1,1_12/423012R
1,PR/1848/0008,,TA01,1,,0,,1,1_PR/1848/0008
1,12/420404,,CV12,6,,0,,1,1_12/420404
1,12/420503,,CV12,6,,0,,1,1_12/420503
1,12/420504,,CV12,6,,0,,1,1_12/420504
1,PR/1848/0007,,TA01,1,,0,,1,1_PR/1848/0007
1,02/10883,,TI02,2,,0,,1,1_02/10883
1,02/10884,,TI02,2,,0,,1,1_02/10884
1,10/9001201,,TI10,2,,0,,1,1_10/9001201
1,PR/0617/0320,,TI02,2,,0,,1,1_PR/0617/0320
1,PR/0617/0320-A,,TI02,2,,0,,1,1_PR/0617/0320-A
1,01/09618A,,TA01,1,,0,,1,1_01/09618A
1,01/0961803,,TA01,1,,0,,1,1_01/0961803
1,01/09618AR,,TA01,1,,0,,1,1_01/09618AR
1,PR/0617/0321,,TI02,2,,0,,1,1_PR/0617/0321
1,12/PP00177,,CV12,6,,0,,1,1_12/PP00177
1,PR/0617/0322,,TI02,2,,0,,1,1_PR/0617/0322
1,PR/0617/0323,,TI02,2,,0,,1,1_PR/0617/0323
1,PR/0617/0324,,TI02,2,,0,,1,1_PR/0617/0324
1,02/10888,,TI02,2,,0,,1,1_02/10888
1,PR/0617/0325,,TI02,2,,0,,1,1_PR/0617/0325
1,03/00331,,CA03,3,,0,,1,1_03/00331
1,PR/0617/0324-A,,TI02,2,,0,,1,1_PR/0617/0324-A
1,PR/0617/0323-A,,TI02,2,,0,,1,1_PR/0617/0323-A
1,PR/0617/0322-A,,TI02,2,,0,,1,1_PR/0617/0322-A
1,PR/1682/0030,,TI02,2,,0,,1,1_PR/1682/0030
1,03/2631135R,,CA03,3,,0,,1,1_03/2631135R
1,01/10341,,TA01,1,,0,,1,1_01/10341
1,10/90033,,TI10,2,,0,,1,1_10/90033
1,10/90033M,,TI10,2,,0,,1,1_10/90033M
1,PR/1144/0032,,TI02,2,,0,,1,1_PR/1144/0032
1,02/10889,,TI02,2,,0,,1,1_02/10889
1,01/10347R,,TA01,1,,0,,1,1_01/10347R
1,PR/1244/0014-A,,TI02,2,,0,,1,1_PR/1244/0014-A
1,PR/0677/0045,,TI02,2,,0,,1,1_PR/0677/0045
1,PR/1669/0048,,TA01,1,,0,,1,1_PR/1669/0048
1,02/10892,,TI02,2,,0,,1,1_02/10892
1,02/10893,,TI02,2,,0,,1,1_02/10893
1,02/09207M,,TI02,2,,0,,1,1_02/09207M
1,02/09197M,,TI02,2,,0,,1,1_02/09197M
1,02/09510,,TI02,2,,0,,1,1_02/09510
1,10/10161,,TI10,2,,0,,1,1_10/10161
1,02/10425,,TI02,2,,0,,1,1_02/10425
1,02/09197,,TI02,2,,0,,1,1_02/09197
1,02/10171,,TI02,2,,0,,1,1_02/10171
1,PR/0048/0065,,TA01,1,,0,,1,1_PR/0048/0065
1,02/09208M,,TI02,2,,0,,1,1_02/09208M
1,02/10890,,TI02,2,,0,,1,1_02/10890
1,02/09002M,,TI02,2,,0,,1,1_02/09002M
1,12/5220121,,CV12,2,,0,,1,1_12/5220121
1,12/80990,,CV12,6,,0,,1,1_12/80990
1,12/80991,,CV12,6,,0,,1,1_12/80991
1,02/10881A,,TI02,2,,0,,1,1_02/10881A
1,03/2521090,,CA03,3,,0,,1,1_03/2521090
1,02/10895M,,TI02,2,,0,,1,1_02/10895M
1,02/10615M,,TI02,2,,0,,1,1_02/10615M
1,02/10302M,,TI02,2,,0,,1,1_02/10302M
1,01/10348,,TA01,1,,0,,1,1_01/10348
1,02/10890M,,TI02,2,,0,,1,1_02/10890M
1,PR/1723/0034,,TA01,1,,0,,1,1_PR/1723/0034
1,PR/0617/0326,,TI02,2,,0,,1,1_PR/0617/0326
1,03/6121042,,CA03,3,,0,,1,1_03/6121042
1,02/10896,,TI02,2,,0,,1,1_02/10896
1,PR/1244/0015,,TI02,2,,0,,1,1_PR/1244/0015
1,PR/0617/0327,,TI02,2,,0,,1,1_PR/0617/0327
1,02/10898,,TI02,2,,0,,1,1_02/10898
1,02/10817D01,,TI02,2,,0,,1,1_02/10817D01
1,02/10817D02,,TI02,2,,0,,1,1_02/10817D02
1,PR/0145/0013,,TI02,2,,0,,1,1_PR/0145/0013
1,02/10817D,,TI02,2,,0,,1,1_02/10817D
1,PR/0617/0329,,TI02,2,,0,,1,1_PR/0617/0329
1,02/10899,,TI02,2,,0,,1,1_02/10899
1,55/02002MP,,TI55,2,,0,,1,1_55/02002MP
1,PR/0617/0327-A,,TI02,2,,0,,1,1_PR/0617/0327-A
1,PR/0617/0331,,TI02,2,,0,,1,1_PR/0617/0331
1,02/0947601,,TI02,2,,0,,1,1_02/0947601
1,02/09476,,TI02,2,,0,,1,1_02/09476
1,02/09476M,,TI02,2,,0,,1,1_02/09476M
1,02/10817D03M,,TI02,2,,0,,1,1_02/10817D03M
1,02/10817D04M,,TI02,2,,0,,1,1_02/10817D04M
1,AC.032,,YMA-AC,1,,0,,1,1_AC.032
1,02/10901,,TI02,2,,0,,1,1_02/10901
1,02/09207A,,TI02,2,,0,,1,1_02/09207A
1,02/10149,,TI02,2,,0,,1,1_02/10149
1,PR/0617/0329-A,,TI02,2,,0,,1,1_PR/0617/0329-A
1,PR/0617/0330,,TI02,2,,0,,1,1_PR/0617/0330
1,PR/0617/0330-A,,TI02,2,,0,,1,1_PR/0617/0330-A
1,02/09207,,TI02,2,,0,,1,1_02/09207
1,02/10324,,TI02,2,,0,,1,1_02/10324
1,02/10895,,TI02,2,,0,,1,1_02/10895
1,02/10900,,TI02,2,,0,,1,1_02/10900
1,PR/1851/0005,,TI02,2,,0,,1,1_PR/1851/0005
1,02/10901M,,TI02,2,,0,,1,1_02/10901M
1,PR-IPCS-0001,,TA01,1,,0,,1,1_PR-IPCS-0001
1,02/10302,,TI02,2,,0,,1,1_02/10302
1,PR/0712/0009,,TI02,2,,0,,1,1_PR/0712/0009
1,12/50137,,CV12,6,,0,,1,1_12/50137
1,12/80931,,CV12,6,,0,,1,1_12/80931
1,03/1231055,,CA03,3,,0,,1,1_03/1231055
1,PR/0617/0333,,TI02,2,,0,,1,1_PR/0617/0333
1,12/5220121R,,CV12,6,,0,,1,1_12/5220121R
1,03/00362,,CA03,3,,0,,1,1_03/00362
1,PR/1680/0003,,TA01,1,,0,,1,1_PR/1680/0003
1,03/1221060,,CA03,3,,0,,1,1_03/1221060
1,03/00466,,CA03,3,,0,,1,1_03/00466
1,PR/1807/0001,,TA01,1,,0,,1,1_PR/1807/0001
1,03/00362R,,CA03,3,,0,,1,1_03/00362R
1,PR/1690/0029,,TA01,1,,0,,1,1_PR/1690/0029
1,10/1810025,,TI10,2,,0,,1,1_10/1810025
1,12/TI00033,,TI02,6,,0,,1,1_12/TI00033
1,PR/1690/0030,,TA01,1,,0,,1,1_PR/1690/0030
1,PR/0617/0334,,TI02,2,,0,,1,1_PR/0617/0334
1,02/10903,,TI02,2,,0,,1,1_02/10903
1,PR/0617/0335,,TI02,2,,0,,1,1_PR/0617/0335
1,PR/1871/0007,,TI02,2,,0,,1,1_PR/1871/0007
1,57/35005,,TA57,1,,0,,1,1_57/35005
1,PR/1870/0007,,TI02,2,,0,,1,1_PR/1870/0007
1,PR/1870/0006M,,TI02,2,,0,,1,1_PR/1870/0006M
1,PR/1870/0007M,,TI02,2,,0,,1,1_PR/1870/0007M
1,PR/1870/0006M1,,TI02,2,,0,,1,1_PR/1870/0006M1
1,PR/0617/0332,,TI02,2,,0,,1,1_PR/0617/0332
1,PR/1870/0007M1,,TI02,2,,0,,1,1_PR/1870/0007M1
1,PR/1870/0006M2,,TI02,2,,0,,1,1_PR/1870/0006M2
1,03/00467,,CA03,3,,0,,1,1_03/00467
1,01/10350R,,TA01,1,,0,,1,1_01/10350R
1,26/60014,,TA26,1,,0,,1,1_26/60014
1,03/0046701,,CA03,3,,0,,1,1_03/0046701
1,PR/0617/033201,,TI02,2,,0,,1,1_PR/0617/033201
1,PR/0617/033202,,TI02,2,,0,,1,1_PR/0617/033202
1,26/621225,,TA26,6,,0,,1,1_26/621225
1,03/2423080,,CA03,3,,0,,1,1_03/2423080
1,03/2423080R,,CA03,3,,0,,1,1_03/2423080R
1,03/2521090R,,CA03,3,,0,,1,1_03/2521090R
1,04/187600001,,PL04,4,,0,,1,1_04/187600001
1,03/2421075,,CA03,3,,0,,1,1_03/2421075
1,02/185400001,,TI02,2,,0,,1,1_02/185400001
1,02/10817DR,,TI02,2,,0,,1,1_02/10817DR
1,92/00194,,X,0,,0,,1,1_92/00194
1,01/10341A,,TA01,1,,0,,1,1_01/10341A
1,02/10817D04AM,,TI02,2,,0,,1,1_02/10817D04AM
1,02/10817D04A,,TI02,2,,0,,1,1_02/10817D04A
1,PR/1173/0004,,TA01,1,,0,,1,1_PR/1173/0004
1,PR/1870/0010,,TI02,2,,0,,1,1_PR/1870/0010
1,PR/0617/0332-A,,TI02,2,,0,,1,1_PR/0617/0332-A
1,PR/0617/0332-B,,TI02,2,,0,,1,1_PR/0617/0332-B
1,PR/0617/0332-C,,TI02,2,,0,,1,1_PR/0617/0332-C
1,02/10902R,,TI02,2,,0,,1,1_02/10902R
1,03/00332,,CA03,3,,0,,1,1_03/00332
1,PR/1870/0009,,TI02,2,,0,,1,1_PR/1870/0009
1,02/10913,,TI02,2,,0,,1,1_02/10913
1,PR/1505/0020,,TI02,2,,0,,1,1_PR/1505/0020
1,03/00472,,CA03,3,,0,,1,1_03/00472
1,PR/1505/0021,,TI02,2,,0,,1,1_PR/1505/0021
1,12/5160253,,CV12,6,,0,,1,1_12/5160253
1,PR/1206/0019-A,,TA01,1,,0,,1,1_PR/1206/0019-A
1,PR/1244/0016,,TI02,2,,0,,1,1_PR/1244/0016
1,PR/0013/0035-A,,TA01,1,,0,,1,1_PR/0013/0035-A
1,PR/0013/0035,,TA01,1,,0,,1,1_PR/0013/0035
1,PR/0013/0036,,TA01,1,,0,,1,1_PR/0013/0036
1,03/00469,,CA03,3,,0,,1,1_03/00469
1,03/00468,,CA03,3,,0,,1,1_03/00468
1,PR/1870/0008,,TI02,2,,0,,1,1_PR/1870/0008
1,02/10904,,TI02,2,,0,,1,1_02/10904
1,02/10904M,,TI02,2,,0,,1,1_02/10904M
1,02/10905,,TI02,2,,0,,1,1_02/10905
1,02/10905M,,TI02,2,,0,,1,1_02/10905M
1,02/10906,,TI02,2,,0,,1,1_02/10906
1,02/10906M,,TI02,2,,0,,1,1_02/10906M
1,PR/0013/0036-A,,TA01,1,,0,,1,1_PR/0013/0036-A
1,02/10907M,,TI02,2,,0,,1,1_02/10907M
1,PR/0617/0337,,TI02,2,,0,,1,1_PR/0617/0337
1,02/10907,,TI02,2,,0,,1,1_02/10907
1,PR/1173/0005,,TA01,1,,0,,1,1_PR/1173/0005
1,10/1906012,,TI10,2,,0,,1,1_10/1906012
1,03/6421060,,CA03,3,,0,,1,1_03/6421060
1,26/621230,,TA26,1,,0,,1,1_26/621230
1,01/10353,,TA01,1,,0,,1,1_01/10353
1,01/10352,,TA01,1,,0,,1,1_01/10352
1,12/5120073,,CV12,6,,0,,1,1_12/5120073
1,01/10354,,TA01,1,,0,,1,1_01/10354
1,02/10779A01,,TI02,2,,0,,1,1_02/10779A01
1,PR/BESS/0002,,TA01,1,,0,,1,1_PR/BESS/0002
1,01/10356,,TA01,1,,0,,1,1_01/10356
1,PR/BESS/0003,,TA01,1,,0,,1,1_PR/BESS/0003
1,PR/BESS/0004,,TA01,1,,0,,1,1_PR/BESS/0004
1,PR/BESS/0005,,TA01,1,,0,,1,1_PR/BESS/0005
1,01/10358,,TA01,1,,0,,1,1_01/10358
1,01/10359,,TA01,1,,0,,1,1_01/10359
1,03/2631135A,,CA03,3,,0,,1,1_03/2631135A
1,57/34005,,TA57,1,,0,,1,1_57/34005
1,PR/0617/0338,,TI02,2,,0,,1,1_PR/0617/0338
1,PR/0617/0339,,TI02,2,,0,,1,1_PR/0617/0339
1,04/187600002,,PL04,4,,0,,1,1_04/187600002
1,PR/0066/0011,,TA01,1,,0,,1,1_PR/0066/0011
1,02/10910,,TI02,2,,0,,1,1_02/10910
1,02/10606,,TI02,2,,0,,1,1_02/10606
1,PR/1870/0011,,TI02,2,,0,,1,1_PR/1870/0011
1,PR/1870/0012,,TI02,2,,0,,1,1_PR/1870/0012
1,PR/1870/0013,,TI02,2,,0,,1,1_PR/1870/0013
1,10/00357,,TI10,2,,0,,1,1_10/00357
1,PR/1870/0014,,TI02,2,,0,,1,1_PR/1870/0014
1,10/00360,,TI10,2,,0,,1,1_10/00360
1,03/00470,,CA03,3,,0,,1,1_03/00470
1,PR/0690/0002,,TI02,2,,0,,1,1_PR/0690/0002
1,02/10911,,TI02,2,,0,,1,1_02/10911
1,PR/0847/0011,,TI02,2,,0,,1,1_PR/0847/0011
1,PR/1144/0031,,TI02,2,,0,,1,1_PR/1144/0031
1,PR/1505/0022,,TA01,1,,0,,1,1_PR/1505/0022
1,PR/0617/0340,,TI02,2,,0,,1,1_PR/0617/0340
1,PR/0617/0338-A,,TI02,2,,0,,1,1_PR/0617/0338-A
1,EP.007,,YMA-EP,1,,0,,1,1_EP.007
1,EP.007-M,,YMA-EP,1,,0,,1,1_EP.007-M
1,EP.007-R,,YMA-EP,1,,0,,1,1_EP.007-R
1,03/00471,,CA03,3,,0,,1,1_03/00471
1,PR/0617/034101,,TI02,2,,0,,1,1_PR/0617/034101
1,PR/0617/0341,,TI02,2,,0,,1,1_PR/0617/0341
1,03/00462,,CA03,3,,0,,1,1_03/00462
1,EP.001A-R,,YMA-EP,1,,0,,1,1_EP.001A-R
1,01/10358M,,TA01,1,,0,,1,1_01/10358M
1,13/10003,,CA13,3,,0,,1,1_13/10003
1,PR/0617/0342,,TI02,2,,0,,1,1_PR/0617/0342
1,EP.006,,YMA-EP,1,,0,,1,1_EP.006
1,1,,YMA-EP,1,,0,,1,1_1
1,EP.006-R,,YMA-EP,1,,0,,1,1_EP.006-R
1,EP.006-M,,YMA-EP,1,,0,,1,1_EP.006-M
1,12/00182,,CV12,6,,0,,1,1_12/00182
1,02/10913M,,TI02,2,,0,,1,1_02/10913M
1,PR/0634/0041,,TI02,2,,0,,1,1_PR/0634/0041
1,PR/0634/0042,,TA01,1,,0,,1,1_PR/0634/0042
1,01/10355,,TA01,1,,0,,1,1_01/10355
1,01/1035401,,TA01,1,,0,,1,1_01/1035401
1,PR/0634/0043,,TA01,1,,0,,1,1_PR/0634/0043
1,01/10357,,TA01,1,,0,,1,1_01/10357
1,PR/0837/0021,,TI02,2,,0,,1,1_PR/0837/0021
1,PR/0837/0021-R,,TI02,2,,0,,1,1_PR/0837/0021-R
1,02/10844AR,,TI02,2,,0,,1,1_02/10844AR
1,02/10908,,TI02,2,,0,,1,1_02/10908
1,02/10909,,TI02,2,,0,,1,1_02/10909
1,PR/0013/0038,,TA01,1,,0,,1,1_PR/0013/0038
1,PR/0013/0037,,TA01,1,,0,,1,1_PR/0013/0037
1,PR/0617/AUPC20,,TI02,2,,0,,1,1_PR/0617/AUPC20
1,02/10914R,,TI02,2,,0,,1,1_02/10914R
1,02/10914,,TI02,2,,0,,1,1_02/10914
1,PR/0617/AUPC10,,TI02,2,,0,,1,1_PR/0617/AUPC10
1,PR/0617/AUPC11,,TI02,2,,0,,1,1_PR/0617/AUPC11
1,PR/0617/AUDE00,,TI02,2,,0,,1,1_PR/0617/AUDE00
1,PR/0617/AUDE01,,TI02,2,,0,,1,1_PR/0617/AUDE01
1,PR/0617/AUDE02,,TI02,2,,0,,1,1_PR/0617/AUDE02
1,PR/0617/AUDE03,,TI02,2,,0,,1,1_PR/0617/AUDE03
1,PR/0617/AUDE04,,TI02,2,,0,,1,1_PR/0617/AUDE04
1,PR/0617/AUDE05,,TI02,2,,0,,1,1_PR/0617/AUDE05
1,01/1034201,,TA01,1,,0,,1,1_01/1034201
1,PR/0617/0344,,TI02,2,,0,,1,1_PR/0617/0344
1,PR/0617/0345,,TI02,2,,0,,1,1_PR/0617/0345
1,PR/0013/0040,,TA01,1,,0,,1,1_PR/0013/0040
1,01/08642A01,,TA01,1,,0,,1,1_01/08642A01
1,01/1033701,,TA01,1,,0,,1,1_01/1033701
1,01/1033601,,TA01,1,,0,,1,1_01/1033601
1,PR/0617/0346,,TI02,2,,0,,1,1_PR/0617/0346
1,02/1090301,,TI02,2,,0,,1,1_02/1090301
1,PR/0013/0039,,TA01,1,,0,,1,1_PR/0013/0039
1,02/10779A02,,TI02,2,,0,,1,1_02/10779A02
1,02/1077901,,TI02,2,,0,,1,1_02/1077901
1,12/HD350026,,CV12,6,,0,,1,1_12/HD350026
1,02/10738A01,,TI02,2,,0,,1,1_02/10738A01
1,12/HD400026,,CV12,6,,0,,1,1_12/HD400026
1,03/6521160,,CA03,3,,0,,1,1_03/6521160
1,03/6521150,,CA03,3,,0,,1,1_03/6521150
1,PR/1518/0001,,TA01,1,,0,,1,1_PR/1518/0001
1,PR/1204/0003,,TA01,1,,0,,1,1_PR/1204/0003
1,10/90028,,TI10,2,,0,,1,1_10/90028
1,PR/0617/0347,,TI02,2,,0,,1,1_PR/0617/0347
1,01/1036102,,TA01,1,,0,,1,1_01/1036102
1,03/1521140,,CA03,3,,0,,1,1_03/1521140
1,03/1521130,,CA03,3,,0,,1,1_03/1521130
1,91/03013,,XTA91,1,,0,,1,1_91/03013
1,03/00473M,,CA03,3,,0,,1,1_03/00473M
1,PR/0617/0346-A,,TI02,2,,0,,1,1_PR/0617/0346-A
1,91/10020,,XTA91,8,,0,,1,1_91/10020
1,12/50012B,,CV12,6,,0,,1,1_12/50012B
1,91/10021,,XTA91,8,,0,,1,1_91/10021
1,PR/0617/0348,,TI02,2,,0,,1,1_PR/0617/0348
1,01/1036104,,TA01,1,,0,,1,1_01/1036104
1,12/50138,,CV12,6,,0,,1,1_12/50138
1,PR/1439/0021,,TA01,1,,0,,1,1_PR/1439/0021
1,12/00165,,CV12,6,,0,,1,1_12/00165
1,01/10244,,TA01,1,,0,,1,1_01/10244
1,01/10334,,TA01,1,,0,,1,1_01/10334
1,01/09913R,,TA01,1,,0,,1,1_01/09913R
1,01/09914R,,TA01,1,,0,,1,1_01/09914R
1,01/1036106,,TA01,1,,0,,1,1_01/1036106
1,03/00319,,CA03,3,,0,,1,1_03/00319
1,PR/1439/0023-A,,TA01,1,,0,,1,1_PR/1439/0023-A
1,PR/0617/0349,,TI02,2,,0,,1,1_PR/0617/0349
1,PR/1439/0023,,TA01,1,,0,,1,1_PR/1439/0023
1,PR/1439/0022,,TA01,1,,0,,1,1_PR/1439/0022
1,PR/1439/0022-A,,TA01,1,,0,,1,1_PR/1439/0022-A
1,12/PG00133,,CV12,6,,0,,1,1_12/PG00133
1,91/10011A,,XTA91,8,,0,,1,1_91/10011A
1,03/00474,,CA03,3,,0,,1,1_03/00474
1,91/03022,,XTA91,1,,0,,1,1_91/03022
1,01/143900002,,TA01,1,,0,,1,1_01/143900002
1,PR-0617-0362,,TI02,2,,0,,1,1_PR-0617-0362
1,PR/0617/0360,,TI02,2,,0,,1,1_PR/0617/0360
1,12/00177,,CV12,6,,0,,1,1_12/00177
1,02/10924,,TI02,2,,0,,1,1_02/10924
1,26/01680,,TA26,1,,0,,1,1_26/01680
1,PR/BERR/0001-C,,TA01,1,,0,,1,1_PR/BERR/0001-C
1,01/09999A,,TA01,1,,0,,1,1_01/09999A
1,01/001300001,,TA01,1,,0,,1,1_01/001300001
1,57/34004,,TA57,1,,0,,1,1_57/34004
1,PR/0617/035103,,TI02,2,,0,,1,1_PR/0617/035103
1,PR/0617/035101,,TI02,2,,0,,1,1_PR/0617/035101
1,PR/0617/035102,,TI02,2,,0,,1,1_PR/0617/035102
1,02/09761B01,,TI02,2,,0,,1,1_02/09761B01
1,02/09761B02,,TI02,2,,0,,1,1_02/09761B02
1,02/09761B01M,,TI02,2,,0,,1,1_02/09761B01M
1,02/09761B02M,,TI02,2,,0,,1,1_02/09761B02M
1,02/09761B03,,TI02,2,,0,,1,1_02/09761B03
1,92/00205,,X,0,,0,,1,1_92/00205
1,PR/0617/0350,,TI02,2,,0,,1,1_PR/0617/0350
1,PR/0617/0352,,TI02,2,,0,,1,1_PR/0617/0352
1,02/10526B,,TI02,2,,0,,1,1_02/10526B
1,02/10526B02,,TI02,2,,0,,1,1_02/10526B02
1,02/10526B03,,TI02,2,,0,,1,1_02/10526B03
1,02/10526BM1,,TI02,2,,0,,1,1_02/10526BM1
1,12/PG00139,,CV12,6,,0,,1,1_12/PG00139
1,PR/0617/0353,,TI02,2,,0,,1,1_PR/0617/0353
1,02/033100002,,TI02,2,,0,,1,1_02/033100002
1,PR/1827/0001,,TI02,2,,0,,1,1_PR/1827/0001
1,PR/1557/0049A,,TI02,2,,0,,1,1_PR/1557/0049A
1,02/10903R,,TI02,2,,0,,1,1_02/10903R
1,PR/1529/0007,,TI02,2,,0,,1,1_PR/1529/0007
1,PR/0617/0355A,,TI02,2,,0,,1,1_PR/0617/0355A
1,03/00475,,CA03,3,,0,,1,1_03/00475
1,03/0047501,,CA03,3,,0,,1,1_03/0047501
1,03/00477,,CA03,3,,0,,1,1_03/00477
1,PR/0617/0356,,TI02,2,,0,,1,1_PR/0617/0356
1,PR/0617/0354,,TI02,2,,0,,1,1_PR/0617/0354
1,02/09700B03,,TI02,2,,0,,1,1_02/09700B03
1,01/1037102,,TA01,3,,0,,1,1_01/1037102
1,01/1037103,,TA01,1,,0,,1,1_01/1037103
1,02/10921M,,TI02,2,,0,,1,1_02/10921M
1,01/10372,,TA01,1,,0,,1,1_01/10372
1,02/10916,,TI02,2,,0,,1,1_02/10916
1,PR/1505/0023,,TI02,2,,0,,1,1_PR/1505/0023
1,PR/1877/0003,,TA01,1,,0,,1,1_PR/1877/0003
1,03/00436,,CA03,3,,0,,1,1_03/00436
1,jo,,TA01,1,,,,1,1_jo
1,02/1091601,,TI02,2,,0,,1,1_02/1091601
1,PR/1567/0016,,TA01,1,,0,,1,1_PR/1567/0016
1,02/10769A,,TI02,2,,0,,1,1_02/10769A
1,13/10025,,CA13,3,,0,,1,1_13/10025
1,01/1036103R,,TA01,1,,0,,1,1_01/1036103R
1,02/10917,,TI02,2,,0,,1,1_02/10917
1,13/10024,,CA13,3,,0,,1,1_13/10024
1,01/10366,,TA01,1,,0,,1,1_01/10366
1,13/10023,,CA13,3,,0,,1,1_13/10023
1,13/10022,,CA13,3,,0,,1,1_13/10022
1,PR/ANOM/0002,,TI02,2,,0,,1,1_PR/ANOM/0002
1,PR/ANOM/0001,,TI02,2,,0,,1,1_PR/ANOM/0001
1,12/PP00178,,CV12,6,,0,,1,1_12/PP00178
1,13/10021,,CA13,3,,0,,1,1_13/10021
1,PR/0617/0357,,TI02,2,,0,,1,1_PR/0617/0357
1,PR/0617/0357-A,,TI02,2,,0,,1,1_PR/0617/0357-A
1,01/10373,,TA01,1,,0,,1,1_01/10373
1,02/09806A01,,TI02,2,,0,,1,1_02/09806A01
1,02/09806A02,,TI02,2,,0,,1,1_02/09806A02
1,02/09806AM,,TI02,2,,0,,1,1_02/09806AM
1,02/09806AM1,,TI02,2,,0,,1,1_02/09806AM1
1,PR/1638/0006,,TA01,1,,0,,1,1_PR/1638/0006
1,PR/1877/0004,,TA01,1,,0,,1,1_PR/1877/0004
1,PR/0617/0358,,TI02,2,,0,,1,1_PR/0617/0358
1,02/09700B01,,TI02,2,,0,,1,1_02/09700B01
1,02/09700B02,,TI02,2,,0,,1,1_02/09700B02
1,02/10920,,TI02,2,,0,,1,1_02/10920
1,02/09700BM,,TI02,2,,0,,1,1_02/09700BM
1,02/09700BM1,,TI02,2,,0,,1,1_02/09700BM1
1,01/10372M,,TA01,1,,0,,1,1_01/10372M
1,02/09715A01M,,TI02,2,,0,,1,1_02/09715A01M
1,02/09715A02M,,TI02,2,,0,,1,1_02/09715A02M
1,02/09715A01,,TI02,2,,0,,1,1_02/09715A01
1,02/09715A02,,TI02,2,,0,,1,1_02/09715A02
1,02/09715A03,,TI02,2,,0,,1,1_02/09715A03
1,01/10374,,TA01,1,,0,,1,1_01/10374
1,PR/TRRO/0001,,TA01,1,,0,,1,1_PR/TRRO/0001
1,01/071200001,,TA01,1,,0,,1,1_01/071200001
1,04/188000001,,PL04,4,,0,,1,1_04/188000001
1,02/10920M,,TI02,2,,0,,1,1_02/10920M
1,02/10921,,TI02,2,,0,,1,1_02/10921
1,02/124400005,,TI02,2,,0,,1,1_02/124400005
1,02/061700044,,TI02,2,,0,,1,1_02/061700044
1,PR/0617/0359,,TA01,1,,0,,1,1_PR/0617/0359
1,70/31001,,TA70,1,,0,,1,1_70/31001
1,02/10919,,TI02,2,,0,,1,1_02/10919
1,02/10707,,TI02,2,,0,,1,1_02/10707
1,02/1070701,,TI02,2,,0,,1,1_02/1070701
1,02/1070702,,TI02,2,,0,,1,1_02/1070702
1,02/09751B02M,,TI02,2,,0,,1,1_02/09751B02M
1,02/09751B01,,TI02,2,,0,,1,1_02/09751B01
1,02/09751B02,,TI02,2,,0,,1,1_02/09751B02
1,02/09806R,,TI02,2,,0,,1,1_02/09806R
1,02/09751B01M,,TI02,2,,0,,1,1_02/09751B01M
1,02/10922,,TI02,2,,0,,1,1_02/10922
1,12/3325091,,CV12,6,,0,,1,1_12/3325091
1,PR/1877/0002-A,,TA01,1,,0,,1,1_PR/1877/0002-A
1,PR/1877/0001-A,,TA01,1,,0,,1,1_PR/1877/0001-A
1,PR/1877/0004-A,,TA01,1,,0,,1,1_PR/1877/0004-A
1,01/10371,,TA01,1,,0,,1,1_01/10371
1,58/90100A,,TA58,1,,0,,1,1_58/90100A
1,58/90150,,TA58,1,,0,,1,1_58/90150
1,58/90150A,,TA58,1,,0,,1,1_58/90150A
1,58/90400A,,TA58,1,,0,,1,1_58/90400A
1,56/00004A,,TA56,1,,0,,1,1_56/00004A
1,56/00005A,,TA56,1,,0,,1,1_56/00005A
1,91/10015,,XTA91,8,,0,,1,1_91/10015
1,91/10014,,XTA91,8,,0,,1,1_91/10014
1,PR/1244/0017,,TI02,2,,0,,1,1_PR/1244/0017
1,01/1037101,,TA01,1,,0,,1,1_01/1037101
1,26/00116,,TA26,1,,0,,1,1_26/00116
1,02/09700B,,TI02,2,,0,,1,1_02/09700B
1,02/09715A,,TI02,2,,0,,1,1_02/09715A
1,02/09806A,,TI02,2,,0,,1,1_02/09806A
1,02/09761B,,TI02,2,,0,,1,1_02/09761B
1,02/124400006,,TI02,2,,0,,1,1_02/124400006
1,01/10374M,,TA01,1,,0,,1,1_01/10374M
1,01/10374M1,,TA01,1,,0,,1,1_01/10374M1
1,01/10374M2,,TA01,1,,0,,1,1_01/10374M2
1,PR/0712/0010,,TA01,1,,0,,1,1_PR/0712/0010
1,12/70238,,CV12,6,,0,,1,1_12/70238
1,02/10915A02M,,TI02,2,,0,,1,1_02/10915A02M
1,02/10915A01M,,TI02,2,,0,,1,1_02/10915A01M
1,02/10915A03,,TI02,2,,0,,1,1_02/10915A03
1,02/10915A01,,TI02,2,,0,,1,1_02/10915A01
1,02/10915A02,,TI02,2,,0,,1,1_02/10915A02
1,PR/BERR/0003,,TA01,1,,0,,1,1_PR/BERR/0003
1,02/10927,,TI02,2,,0,,1,1_02/10927
1,01/100000002,,TA01,1,,0,,1,1_01/100000002
1,03/00479,,CA03,3,,0,,1,1_03/00479
1,03/6421080,,CA03,3,,0,,1,1_03/6421080
1,01/10375,,TA01,1,,0,,1,1_01/10375
1,PR/BERR/0001,,TA01,1,,0,,1,1_PR/BERR/0001
1,12/PV00024,,CV12,6,,0,,1,1_12/PV00024
1,PR/BERR/0001-B,,TA01,1,,0,,1,1_PR/BERR/0001-B
1,PR/BERR/0001-A,,TA01,1,,0,,1,1_PR/BERR/0001-A
1,02/10923,,TI02,2,,0,,1,1_02/10923
1,02/10925,,TI02,2,,0,,1,1_02/10925
1,02/10926,,TI02,2,,0,,1,1_02/10926
1,01/10042,,TA01,1,,0,,1,1_01/10042
1,01/1036401,,TA01,1,,0,,1,1_01/1036401
1,12/80042,,CV12,6,,0,,1,1_12/80042
1,12/80041,,CV12,6,,0,,1,1_12/80041
1,01/10363,,TA01,1,,0,,1,1_01/10363
1,01/10364,,TA01,1,,0,,1,1_01/10364
1,PR/1708/0046,,TA01,1,,0,,1,1_PR/1708/0046
1,BA.054,,YMA-BA,1,,0,,1,1_BA.054
1,PR/0267/030901,,TI02,2,,0,,1,1_PR/0267/030901
1,PR/1854/0008,,TA01,1,,0,,1,1_PR/1854/0008
1,PR/1854/0009,,TA01,1,,0,,1,1_PR/1854/0009
1,PR/1854/0010,,TA01,1,,0,,1,1_PR/1854/0010
1,PR/1854/0011,,TA01,1,,0,,1,1_PR/1854/0011
1,PR/1854/0012,,TA01,1,,0,,1,1_PR/1854/0012
1,02/10878,,TI02,2,,0,,1,1_02/10878
1,PR/1244/0018,,TI02,2,,0,,1,1_PR/1244/0018
1,02/10929,,TI02,2,,0,,1,1_02/10929
1,PR/BERR/0001-E,,TA01,1,,0,,1,1_PR/BERR/0001-E
1,02/10930,,TI02,2,,0,,1,1_02/10930
1,02/10931,,TI02,2,,0,,1,1_02/10931
1,01/10378,,TA01,1,,0,,1,1_01/10378
1,01/10377,,TA01,1,,0,,1,1_01/10377
1,03/00369A,,CA03,3,,0,,1,1_03/00369A
1,PR/BERR/0002,,TA01,1,,0,,1,1_PR/BERR/0002
1,02/10670A,,TI02,2,,0,,1,1_02/10670A
1,02/10932,,TI02,2,,0,,1,1_02/10932
1,PR/1149/0006,,TA01,1,,0,,1,1_PR/1149/0006
1,PR/1149/0006-A,,TA01,1,,0,,1,1_PR/1149/0006-A
1,PR/1149/0008,,TA01,1,,0,,1,1_PR/1149/0008
1,PR/0267/030902,,TI02,2,,0,,1,1_PR/0267/030902
1,PR/1149/0009,,TA01,1,,0,,1,1_PR/1149/0009
1,PR/0617/036103,,TI02,2,,0,,1,1_PR/0617/036103
1,PR/0617/,,TI02,2,,0,,1,1_PR/0617/
1,02/10915,,TI02,2,,0,,1,1_02/10915
1,2,,TI02,3,,0,,1,1_2
1,PR/0267/030902M,,TI02,2,,0,,1,1_PR/0267/030902M
1,02/0267/030901M,,TI02,2,,0,,1,1_02/0267/030901M
1,02/124400007,,TI02,2,,0,,1,1_02/124400007
1,02/10915A,,TI02,2,,0,,1,1_02/10915A
1,01/10376,,TA01,1,,0,,1,1_01/10376
1,PR/0267/030901M,,TI02,2,,0,,1,1_PR/0267/030901M
1,PR/0267/030903,,TI02,2,,0,,1,1_PR/0267/030903
1,02/09960,,TI02,2,,0,,1,1_02/09960
1,02/10928,,TI02,2,,0,,1,1_02/10928
1,02/1092801,,TI02,2,,0,,1,1_02/1092801
1,02/1092802,,TI02,2,,0,,1,1_02/1092802
1,02/0787102,,TI02,2,,0,,1,1_02/0787102
1,PR/0267/030904,,TI02,2,,0,,1,1_PR/0267/030904
1,PR/0267/030903M,,TI02,2,,0,,1,1_PR/0267/030903M
1,02/1092803,,TI02,2,,0,,1,1_02/1092803
1,02/1092801M,,TI02,2,,0,,1,1_02/1092801M
1,02/1092802M,,TI02,2,,0,,1,1_02/1092802M
1,02/10738A01M,,TI02,2,,0,,1,1_02/10738A01M
1,01/10380,,TA01,1,,0,,1,1_01/10380
1,01/10381,,TA01,1,,0,,1,1_01/10381
1,01/10382,,TA01,1,,0,,1,1_01/10382
1,01/10384R,,TA01,1,,0,,1,1_01/10384R
1,PR/1244/0019,,TI02,2,,0,,1,1_PR/1244/0019
1,02/10934,,TI02,2,,0,,1,1_02/10934
1,02/09731ANR,,TI02,2,,0,,1,1_02/09731ANR
1,02/10218C01,,TI02,2,,0,,1,1_02/10218C01
1,02/10220,,TI02,2,,0,,1,1_02/10220
1,02/10220M,,TI02,2,,0,,1,1_02/10220M
1,01/10379,,TA01,1,,0,,1,1_01/10379
1,01/10383,,TA01,1,,0,,1,1_01/10383
1,01/1037601,,TA01,1,,0,,1,1_01/1037601
1,03/1431070,,CA03,3,,0,,1,1_03/1431070
1,PR/0617/0362,,TI02,2,,0,,1,1_PR/0617/0362
1,03/00401,,CA03,3,,0,,1,1_03/00401
1,PR/1621/0033,,TI02,2,,0,,1,1_PR/1621/0033
1,PR/1870/0017,,TI02,2,,0,,1,1_PR/1870/0017
1,03/00480,,CA03,3,,0,,1,1_03/00480
1,03/00481,,CA03,3,,0,,1,1_03/00481
1,02/10903A01,,TI02,2,,0,,1,1_02/10903A01
1,02/10903A02,,TI02,2,,0,,1,1_02/10903A02
1,02/10936,,TI02,2,,0,,1,1_02/10936
1,02/10937,,TI02,2,,0,,1,1_02/10937
