empresa,ejercicio,almacen,fecha_sf,fecha_ef,documento_sf,documento_ef,lote,subcta_c,subcta_s,pedido,linea_pedido,articulo,cantidad_sf,cantidad_ef,observaciones,n_traspaso,estado,of_original,empresa_id,almacen_id,ejercicio_id,name
1,2023,1,2023-01-13,2023-01-18,3158,3158,,4301757,,23000025,,01/10316,40.000,40.000,,,1,,1,1_1,1_2023,1_2023_1_3158
1,2023,1,2023-05-24,2023-05-26,3541,3541,,4300012,,23000317,,03/10000,3.000,3.000,,,1,,1,1_1,1_2023,1_2023_1_3541
1,2023,1,2023-01-19,2023-01-20,3184,3184,,4301865,,23000042,,55/10095MPA,1.000,1.000,,,1,,1,1_1,1_2023,1_2023_1_3184
1,2023,1,2023-01-01,2023-01-26,2866,2866,,4300718,,22000515,,01/071800002,1.000,1.000,,,1,,1,1_1,1_2023,1_2023_1_2866
1,2023,1,2023-01-19,2023-01-20,3178,3178,,4300545,,23000038,,03/6221065,2.000,2.000,,,1,,1,1_1,1_2023,1_2023_1_3178
1,2023,1,2023-01-10,2023-01-20,3134,3134,,4301682,,23000015,,02/10850,20.000,20.000,,,1,,1,1_1,1_2023,1_2023_1_3134
1,2023,1,2023-01-01,,3000,,A,4309999,,0,,.03,1.000,0.000,,,0,,1,1_1,1_2023,1_2023_1_3000
1,2023,1,2023-01-01,,4000,,A,4309999,,0,,.04,1.000,0.000,,,0,,1,1_1,1_2023,1_2023_1_4000
1,2023,1,2023-01-01,,7000,,A,4309999,,0,,.91,1.000,0.000,,,0,,1,1_1,1_2023,1_2023_1_7000
1,2023,1,2023-01-01,,7001,,,4309999,,0,,.91,1.000,0.000,,,0,,1,1_1,1_2023,1_2023_1_7001
1,2023,1,2023-01-01,,7002,,,4309999,,0,,.91,1.000,0.000,,,0,,1,1_1,1_2023,1_2023_1_7002
1,2023,1,2023-01-01,,7100,,A,4309999,,0,,.91,1.000,0.000,,,0,,1,1_1,1_2023,1_2023_1_7100
1,2023,1,2023-01-01,,7110,,A,4309999,,0,,.91,1.000,0.000,,,0,,1,1_1,1_2023,1_2023_1_7110
1,2023,1,2023-01-01,,7111,,A,4309999,,0,,.91,1.000,0.000,,,0,,1,1_1,1_2023,1_2023_1_7111
1,2023,1,2023-01-01,,7112,,A,4309999,,0,,.91,1.000,0.000,,,0,,1,1_1,1_2023,1_2023_1_7112
1,2023,1,2023-01-01,,7120,,A,4309999,,0,,.91,1.000,0.000,,,0,,1,1_1,1_2023,1_2023_1_7120
1,2023,1,2023-01-01,,7130,,A,4309999,,0,,.91,1.000,0.000,,,0,,1,1_1,1_2023,1_2023_1_7130
1,2023,1,2023-01-01,,7160,,A,4309999,,0,,.91,1.000,0.000,,,0,,1,1_1,1_2023,1_2023_1_7160
1,2023,1,2023-01-01,,7161,,A,4309999,,0,,.91,1.000,0.000,,,0,,1,1_1,1_2023,1_2023_1_7161
1,2023,1,2023-01-01,,7190,,A,4309999,,0,,.91,1.000,0.000,,,0,,1,1_1,1_2023,1_2023_1_7190
1,2023,1,2023-01-01,,7199,,A,4309999,,0,,.91,1.000,0.000,,,0,,1,1_1,1_2023,1_2023_1_7199
1,2023,1,2023-01-10,2023-01-12,3136,3136,,4309999,,0,,10/00585,65.000,65.000,,,1,,1,1_1,1_2023,1_2023_1_3136
1,2023,1,2023-07-18,2023-08-02,3700,3700,,4309999,,0,,UP.121,1.000,1.000,,,1,,1,1_1,1_2023,1_2023_1_3700
1,2023,1,2023-12-18,,4015,,,4300617,,23000666,,02/107030102,100.000,0.000,,,0,,1,1_1,1_2023,1_2023_1_4015
1,2023,1,2023-01-23,2023-01-26,3191,3191,,4301799,,23000052,,02/10854,4.000,4.000,,,1,,1,1_1,1_2023,1_2023_1_3191
1,2023,1,2023-01-23,2023-01-25,3187,3187,,4301609,,23000047,,04/1609075050,1008.000,1008.000,,,1,,1,1_1,1_2023,1_2023_1_3187
1,2023,1,2023-01-02,2023-01-09,3102,3102,,4301865,,22000644,,10/06301,1.000,1.000,,,1,,1,1_1,1_2023,1_2023_1_3102
1,2023,1,2023-01-19,2023-01-19,3175,3175,,4309999,,0,,10/050031,1.000,1.000,,,1,,1,1_1,1_2023,1_2023_1_3175
1,2023,1,2023-01-02,2023-01-13,3119,3119,,4301862,,22000657,,02/10831R,1.000,1.000,,,1,,1,1_1,1_2023,1_2023_1_3119
1,2023,1,2023-10-04,2023-10-20,3846,3846,,4300617,,23000521,,02/061700042,1.000,1.000,,,1,,1,1_1,1_2023,1_2023_1_3846
1,2023,1,2023-02-13,2023-02-17,3270,3270,,4301173,,23000081,,03/00461,1.000,1.000,,,1,,1,1_1,1_2023,1_2023_1_3270
1,2023,1,2023-02-08,2023-02-15,3264,3264,,4301520,,23000091,,02/10712,635.000,635.000,,,1,,1,1_1,1_2023,1_2023_1_3264
1,2023,1,2023-01-01,2023-01-04,3043,3043,,4300267,,22000630,,02/07959,112.000,112.000,,,1,,1,1_1,1_2023,1_2023_1_3043
1,2023,1,2023-01-12,2023-01-27,3141,3141,,4309999,,0,,PS.083,1.000,1.000,,,1,,1,1_1,1_2023,1_2023_1_3141
1,2023,1,2023-01-01,2023-01-04,3044,3044,,4300267,,22000630,,02/08109,16.000,16.000,,,1,,1,1_1,1_2023,1_2023_1_3044
1,2023,1,2023-01-01,2023-01-10,3034,3034,,4300267,,22000629,,02/08468,80.000,80.000,,,1,,1,1_1,1_2023,1_2023_1_3034
1,2023,1,2023-01-03,2023-01-11,3124,3124,,4301733,,23000002,,04/173300004,1.000,1.000,,,1,,1,1_1,1_2023,1_2023_1_3124
1,2023,1,2023-01-01,2023-01-04,3045,3045,,4300267,,22000630,,02/08110,16.000,16.000,,,1,,1,1_1,1_2023,1_2023_1_3045
1,2023,1,2023-01-03,2023-01-11,3126,3126,,4301682,,23000003,,02/10848,12.000,12.000,,,1,,1,1_1,1_2023,1_2023_1_3126
1,2023,1,2023-01-03,2023-01-11,3127,3127,,4301682,,23000003,,02/10849,2.000,2.000,,,1,,1,1_1,1_2023,1_2023_1_3127
1,2023,1,2023-01-04,2023-01-11,3130,3130,,4301682,,23000003,,01/10312,12.000,12.000,,,1,,1,1_1,1_2023,1_2023_1_3130
1,2023,1,2023-01-02,2023-01-09,3115,3115,,4301557,,22000626,,02/10840,2.000,2.000,,,1,,1,1_1,1_2023,1_2023_1_3115
1,2023,1,2023-01-02,2023-01-09,3118,3118,,4301557,,22000626,,02/10842,2.000,2.000,,,1,,1,1_1,1_2023,1_2023_1_3118
1,2023,1,2023-01-02,2023-01-09,3120,3120,,4301862,,22000657,,02/10846R,1.000,1.000,,,1,,1,1_1,1_2023,1_2023_1_3120
1,2023,1,2023-01-03,2023-01-09,3123,3123,,4300160,,23000004,,03/1531070,2.000,2.000,,,1,,1,1_1,1_2023,1_2023_1_3123
1,2023,1,2023-01-03,2023-01-09,3128,3128,,4300852,,23000005,,03/2321080,2.000,2.000,,,1,,1,1_1,1_2023,1_2023_1_3128
1,2023,1,2023-01-02,2023-01-23,3122,3122,,4301206,,23000001,,02/10847,60.000,60.000,,,1,,1,1_1,1_2023,1_2023_1_3122
1,2023,1,2023-01-16,2023-01-19,3167,3167,,4300617,,23000032,,02/10749,5.000,5.000,,,1,,1,1_1,1_2023,1_2023_1_3167
1,2023,1,2023-01-10,2023-01-12,3133,3133,,4300619,,23000009,,03/6521160,1.000,1.000,,,1,,1,1_1,1_2023,1_2023_1_3133
1,2023,1,2023-01-03,2023-01-09,3129,3129,,4300012,,23000006,,03/10004,2.000,2.000,,,1,,1,1_1,1_2023,1_2023_1_3129
1,2023,1,2023-01-01,2023-01-10,3035,3035,,4300267,,22000629,,02/08467,16.000,16.000,,,1,,1,1_1,1_2023,1_2023_1_3035
1,2023,1,2023-01-02,2023-01-17,3101,3101,,4301865,,22000644,,01/10310,1.000,1.000,,,1,,1,1_1,1_2023,1_2023_1_3101
1,2023,1,2023-01-01,2023-01-17,3071,3071,,4300267,,22000651,,10/90003,32.000,32.000,,,1,,1,1_1,1_2023,1_2023_1_3071
1,2023,1,2023-01-01,2023-01-10,3036,3036,,4300267,,22000629,,02/08469,16.000,16.000,,,1,,1,1_1,1_2023,1_2023_1_3036
1,2023,1,2023-01-02,2023-01-09,3121,3121,,4301173,,22000658,,01/10311,1.000,1.000,,,1,,1,1_1,1_2023,1_2023_1_3121
1,2023,1,2023-01-30,2023-02-07,3207,3207,,4309999,,0,,02/0970001,100.000,100.000,,,1,,1,1_1,1_2023,1_2023_1_3207
1,2023,1,2023-01-01,2023-01-03,3068,3068,,4300617,,22000631,,02/09761A02,200.000,200.000,,,1,,1,1_1,1_2023,1_2023_1_3068
1,2023,1,2023-01-25,2023-01-31,3199,3199,,4300357,,23000058,,01/09874,15.000,15.000,,,1,,1,1_1,1_2023,1_2023_1_3199
1,2023,1,2023-01-01,2023-01-10,3007,3007,,4301864,,22000588,,01/10305,8.000,8.000,,,1,,1,1_1,1_2023,1_2023_1_3007
1,2023,1,2023-01-01,2023-01-10,3032,3032,,4301864,,22000622,,01/10308,8.000,8.000,,,1,,1,1_1,1_2023,1_2023_1_3032
1,2023,1,2023-01-01,2023-01-03,3052,3052,,4301526,,22000634,,04/34300,332.000,332.000,,,1,,1,1_1,1_2023,1_2023_1_3052
1,2023,1,2023-01-01,2023-01-03,3053,3053,,4301526,,22000634,,04/34301,286.000,286.000,,,1,,1,1_1,1_2023,1_2023_1_3053
1,2023,1,2023-01-02,2023-01-03,3107,3107,,4301041,,22000652,,02/10845,25.000,25.000,,,1,,1,1_1,1_2023,1_2023_1_3107
1,2023,1,2023-01-02,2023-01-03,3112,3112,,4301723,,22000659,,02/10191A02,20.000,20.000,,,1,,1,1_1,1_2023,1_2023_1_3112
1,2023,1,2023-01-01,2023-01-03,3065,3065,,4301557,,22000626,,02/1084001,4.000,4.000,,,1,,1,1_1,1_2023,1_2023_1_3065
1,2023,1,2023-01-01,2023-01-03,3066,3066,,4301557,,22000626,,02/1084201,4.000,4.000,,,1,,1,1_1,1_2023,1_2023_1_3066
1,2023,1,2023-02-22,2023-02-27,3299,3299,,4301723,,23000123,,02/10074A,129.000,129.000,,,1,,1,1_1,1_2023,1_2023_1_3299
1,2023,1,2023-01-02,2023-01-26,3114,3114,,4301557,,22000626,,02/1084101,232.000,232.000,,,1,,1,1_1,1_2023,1_2023_1_3114
1,2023,1,2023-01-01,2023-01-10,3037,3037,,4300267,,22000629,,02/08702A,4149.000,4149.000,,,1,,1,1_1,1_2023,1_2023_1_3037
1,2023,1,2023-01-16,2023-01-23,3168,3168,,4301537,,23000031,,04/00053,1500.000,1500.000,,,1,,1,1_1,1_2023,1_2023_1_3168
1,2023,1,2023-01-19,2023-01-23,3177,3177,,4301621,,23000036,,02/10853,40.000,40.000,,,1,,1,1_1,1_2023,1_2023_1_3177
1,2023,1,2023-01-01,2023-01-04,3050,3050,,4300617,,22000632,,02/1084401,1079.000,1079.000,,,1,,1,1_1,1_2023,1_2023_1_3050
1,2023,1,2023-03-27,2023-04-11,3389,3389,,4300576,,23000197,,04/20001,30000.000,30000.000,,,1,,1,1_1,1_2023,1_2023_1_3389
1,2023,1,2023-01-01,2023-01-04,3051,3051,,4300617,,22000632,,02/10844,6.000,6.000,,,1,,1,1_1,1_2023,1_2023_1_3051
1,2023,1,2023-01-03,2023-01-11,3125,3125,,4301682,,23000003,,02/10828A,9.000,9.000,,,1,,1,1_1,1_2023,1_2023_1_3125
1,2023,1,2023-01-02,2023-01-04,3110,3110,,4301723,,22000659,,02/10074A,166.000,166.000,,,1,,1,1_1,1_2023,1_2023_1_3110
1,2023,1,2023-05-16,2023-05-19,3507,3507,,4301173,,23000293,,03/6321065,1.000,1.000,,,1,,1,1_1,1_2023,1_2023_1_3507
1,2023,1,2023-01-20,2023-01-23,3186,3186,,4300357,,0,,01/09700,6.000,6.000,,,1,,1,1_1,1_2023,1_2023_1_3186
1,2023,1,2023-01-10,2023-01-12,3137,3137,,4309999,,0,,10/00586,215.000,215.000,,,1,,1,1_1,1_2023,1_2023_1_3137
1,2023,1,2023-01-19,2023-01-19,3176,3176,,4301621,,23000037,,02/10643R,81.000,81.000,,,1,,1,1_1,1_2023,1_2023_1_3176
1,2023,1,2023-01-10,2023-01-12,3138,3138,,4309999,,0,,10/90031,9.000,9.000,,,1,,1,1_1,1_2023,1_2023_1_3138
1,2023,1,2023-01-02,2023-01-04,3109,3109,,4301723,,22000659,,02/10228,44.000,44.000,,,1,,1,1_1,1_2023,1_2023_1_3109
1,2023,1,2023-03-09,2023-03-10,3340,3340,,4301407,,23000152,,04/01151,532.000,532.000,,,1,,1,1_1,1_2023,1_2023_1_3340
1,2023,1,2023-01-10,2023-01-12,3139,3139,,4309999,,0,,10/90030,45.000,45.000,,,1,,1,1_1,1_2023,1_2023_1_3139
1,2023,1,2023-01-01,2023-01-04,3042,3042,,4300267,,22000630,,02/08720,9657.000,9657.000,,,1,,1,1_1,1_2023,1_2023_1_3042
1,2023,1,2023-02-06,2023-02-20,3254,3254,,4301557,,23000086,,02/10521A01,6558.000,6558.000,,,1,,1,1_1,1_2023,1_2023_1_3254
1,2023,1,2023-02-02,2023-02-14,3240,3240,,4300357,,0,,01/09698,1.000,1.000,,,1,,1,1_1,1_2023,1_2023_1_3240
1,2023,1,2023-01-02,2023-01-26,3117,3117,,4301557,,22000626,,02/1084301,385.000,385.000,,,1,,1,1_1,1_2023,1_2023_1_3117
1,2023,1,2023-01-25,2023-01-26,3197,3197,,4300711,,23000057,,01/09249A,30.000,30.000,,,1,,1,1_1,1_2023,1_2023_1_3197
1,2023,1,2023-01-10,2023-01-19,3135,3135,,4301682,,23000015,,02/10851,10.000,10.000,,,1,,1,1_1,1_2023,1_2023_1_3135
1,2023,1,2023-01-12,2023-01-27,3140,3140,,4309999,,0,,CM.121,1.000,1.000,,,1,,1,1_1,1_2023,1_2023_1_3140
1,2023,1,2023-04-28,2023-05-08,3465,3465,,4300267,,23000261,,02/09311A,185.000,185.000,,,1,,1,1_1,1_2023,1_2023_1_3465
1,2023,1,2023-01-01,2023-01-04,3038,3038,,4300267,,22000629,,02/10008,96.000,96.000,,,1,,1,1_1,1_2023,1_2023_1_3038
1,2023,1,2023-01-19,2023-01-25,3183,3183,,4300194,,23000040,,01/09817,70.000,70.000,,,1,,1,1_1,1_2023,1_2023_1_3183
1,2023,1,2023-01-01,2023-01-04,3039,3039,,4300267,,22000630,,02/10656,80.000,80.000,,,1,,1,1_1,1_2023,1_2023_1_3039
1,2023,1,2023-01-13,2023-01-19,3159,3159,,4301557,,23000027,,02/10046ER,3.000,3.000,,,1,,1,1_1,1_2023,1_2023_1_3159
1,2023,1,2023-01-01,2023-01-04,3041,3041,,4300267,,22000630,,02/10657,16.000,16.000,,,1,,1,1_1,1_2023,1_2023_1_3041
1,2023,1,2023-01-02,2023-01-19,3111,3111,,4301723,,22000659,,02/1007702,69.000,69.000,,,1,,1,1_1,1_2023,1_2023_1_3111
1,2023,1,2023-01-01,2023-01-04,3040,3040,,4300267,,22000630,,02/10655,16.000,16.000,,,1,,1,1_1,1_2023,1_2023_1_3040
1,2023,1,2023-01-12,2023-01-27,3142,3142,,4309999,,0,,PS.084,1.000,1.000,,,1,,1,1_1,1_2023,1_2023_1_3142
1,2023,1,2023-01-31,2023-01-31,3234,3234,,4309999,,0,,.ABC03,17.000,17.000,,,1,,1,1_1,1_2023,1_2023_1_3234
1,2023,1,2023-02-16,2023-02-21,3276,3276,,4301641,,23000107,,03/1431090,1.000,1.000,,,1,,1,1_1,1_2023,1_2023_1_3276
1,2023,1,2023-02-09,2023-02-15,3269,3269,,4301144,,23000097,,01/10309,50.000,50.000,,,1,,1,1_1,1_2023,1_2023_1_3269
1,2023,1,2023-01-24,2023-02-02,3194,3194,,4302013,,23000055,,01/09968A,1.000,1.000,,,1,,1,1_1,1_2023,1_2023_1_3194
1,2023,1,2023-01-12,2023-01-17,3156,3156,,4301609,,23000023,,04/1609100050I,500.000,500.000,,,1,,1,1_1,1_2023,1_2023_1_3156
1,2023,1,2023-01-01,2023-01-17,3067,3067,,4301378,,22000645,,02/09926,10.000,10.000,,,1,,1,1_1,1_2023,1_2023_1_3067
1,2023,1,2023-01-24,2023-02-02,3195,3195,,4302013,,23000055,,01/09969A,1.000,1.000,,,1,,1,1_1,1_2023,1_2023_1_3195
1,2023,1,2023-01-12,2023-01-17,3144,3144,,4301621,,23000019,,02/10643,100.000,100.000,,,1,,1,1_1,1_2023,1_2023_1_3144
1,2023,1,2023-01-12,2023-01-17,3157,3157,,4301609,,23000023,,04/1609075050I,504.000,504.000,,,1,,1,1_1,1_2023,1_2023_1_3157
1,2023,1,2023-01-04,2023-01-12,3131,3131,,4300254,,23000008,,01/10241B,2.000,2.000,,,1,,1,1_1,1_2023,1_2023_1_3131
1,2023,1,2023-01-12,2023-01-17,3145,3145,,4301621,,23000019,,02/10071,100.000,100.000,,,1,,1,1_1,1_2023,1_2023_1_3145
1,2023,1,2023-01-02,2023-01-12,3106,3106,,4300267,,22000650,,02/08687,6003.000,6003.000,,,1,,1,1_1,1_2023,1_2023_1_3106
1,2023,1,2023-01-24,2023-02-02,3196,3196,,4302013,,23000055,,01/09970A,1.000,1.000,,,1,,1,1_1,1_2023,1_2023_1_3196
1,2023,1,2023-01-02,2023-01-12,3103,3103,,4300267,,22000650,,02/07940,112.000,112.000,,,1,,1,1_1,1_2023,1_2023_1_3103
1,2023,1,2023-01-12,2023-01-17,3146,3146,,4301621,,23000019,,02/10065,100.000,100.000,,,1,,1,1_1,1_2023,1_2023_1_3146
1,2023,1,2023-01-02,2023-01-12,3104,3104,,4300267,,22000650,,02/07961,16.000,16.000,,,1,,1,1_1,1_2023,1_2023_1_3104
1,2023,1,2023-01-13,2023-01-17,3162,3162,,4301557,,23000027,,02/09857AR,7.000,7.000,,,1,,1,1_1,1_2023,1_2023_1_3162
1,2023,1,2023-01-02,2023-01-12,3105,3105,,4300267,,22000650,,02/07962,16.000,16.000,,,1,,1,1_1,1_2023,1_2023_1_3105
1,2023,1,2023-01-16,2023-01-17,3164,3164,,4300837,,23000029,,10/01001R,9.000,9.000,,,1,,1,1_1,1_2023,1_2023_1_3164
1,2023,1,2023-01-10,2023-01-12,3132,3132,,4300768,,23000012,,02/076800001,38.000,38.000,,,1,,1,1_1,1_2023,1_2023_1_3132
1,2023,1,2023-01-30,2023-02-13,3208,3208,,4309999,,0,,02/10623,217.000,217.000,,,1,,1,1_1,1_2023,1_2023_1_3208
1,2023,1,2023-01-01,2023-01-19,2941,2941,,4309999,,0,,.RC,1.000,1.000,,,1,,1,1_1,1_2023,1_2023_1_2941
1,2023,1,2023-01-17,2023-01-17,3172,3172,,4300880,,23000033,,02/088000002,1.000,1.000,,,1,,1,1_1,1_2023,1_2023_1_3172
1,2023,1,2023-01-02,2023-01-19,3108,3108,,4301723,,22000659,,02/10191B,10.000,10.000,,,1,,1,1_1,1_2023,1_2023_1_3108
1,2023,1,2023-01-31,2023-02-13,3230,3230,,4300267,,23000073,,02/08805B,16.000,16.000,,,1,,1,1_1,1_2023,1_2023_1_3230
1,2023,1,2023-01-23,2023-01-25,3188,3188,,4300617,,23000049,,02/1051501,50.000,50.000,,,1,,1,1_1,1_2023,1_2023_1_3188
1,2023,1,2023-01-01,2023-01-03,2996,2996,,4301703,,22000598,,01/10084A,2.000,2.000,,,1,,1,1_1,1_2023,1_2023_1_2996
1,2023,1,2023-01-01,2023-01-17,3069,3069,,4300267,,22000651,,02/09002,32.000,32.000,,,1,,1,1_1,1_2023,1_2023_1_3069
1,2023,1,2023-01-16,2023-01-17,3169,3169,,4300357,,23000030,,02/09714,7.000,7.000,,,1,,1,1_1,1_2023,1_2023_1_3169
1,2023,1,2023-01-12,2023-01-17,3149,3149,,4301609,,23000022,,04/1609050050,512.000,512.000,,,1,,1,1_1,1_2023,1_2023_1_3149
1,2023,1,2023-01-17,2023-01-19,3170,3170,,4300617,,23000032,,02/1074901,120.000,120.000,,,1,,1,1_1,1_2023,1_2023_1_3170
1,2023,1,2023-01-12,2023-01-17,3151,3151,,4301609,,23000022,,04/1609075050,815.000,815.000,,,1,,1,1_1,1_2023,1_2023_1_3151
1,2023,1,2023-01-12,2023-01-17,3152,3152,,4301609,,23000022,,04/1609100050,999.000,999.000,,,1,,1,1_1,1_2023,1_2023_1_3152
1,2023,1,2023-01-23,2023-01-25,3189,3189,,4300617,,23000049,,02/1051502,50.000,50.000,,,1,,1,1_1,1_2023,1_2023_1_3189
1,2023,1,2023-01-12,2023-01-17,3153,3153,,4301609,,23000022,,04/1609150050,108.000,108.000,,,1,,1,1_1,1_2023,1_2023_1_3153
1,2023,1,2023-01-17,2023-01-19,3171,3171,,4300617,,23000032,,02/1074902,120.000,120.000,,,1,,1,1_1,1_2023,1_2023_1_3171
1,2023,1,2023-01-12,2023-01-17,3154,3154,,4301609,,23000022,,04/1609200050,104.000,104.000,,,1,,1,1_1,1_2023,1_2023_1_3154
1,2023,1,2023-01-12,2023-01-27,3143,3143,,4301167,,23000017,,04/116700001,1.000,1.000,,,1,,1,1_1,1_2023,1_2023_1_3143
1,2023,1,2023-01-12,2023-01-17,3155,3155,,4301609,,23000022,,04/1609100100,599.000,599.000,,,1,,1,1_1,1_2023,1_2023_1_3155
1,2023,1,2023-01-23,2023-01-25,3190,3190,,4300617,,23000049,,02/1051503,50.000,50.000,,,1,,1,1_1,1_2023,1_2023_1_3190
1,2023,1,2023-01-24,2023-01-25,3193,3193,,4300617,,23000054,,02/1081702,2.000,2.000,,,1,,1,1_1,1_2023,1_2023_1_3193
1,2023,1,2023-01-12,2023-01-27,3148,3148,,4302013,,23000021,,01/09198,20.000,20.000,,,1,,1,1_1,1_2023,1_2023_1_3148
1,2023,1,2023-01-13,2023-01-19,3160,3160,,4301557,,23000027,,02/10384R,2.000,2.000,,,1,,1,1_1,1_2023,1_2023_1_3160
1,2023,1,2023-01-16,2023-01-19,3166,3166,,4300837,,23000029,,02/10696R,1.000,1.000,,,1,,1,1_1,1_2023,1_2023_1_3166
1,2023,1,2023-01-13,2023-01-19,3161,3161,,4301557,,23000027,,02/10093R,10.000,10.000,,,1,,1,1_1,1_2023,1_2023_1_3161
1,2023,1,2023-01-13,2023-01-19,3163,3163,,4301557,,23000027,,02/10521AR,13.000,13.000,,,1,,1,1_1,1_2023,1_2023_1_3163
1,2023,1,2023-01-16,2023-01-19,3165,3165,,4300837,,23000029,,02/07530BR,5.000,5.000,,,1,,1,1_1,1_2023,1_2023_1_3165
1,2023,1,2023-01-26,2023-02-14,3204,3204,,4300013,,23000034,,01/10303,1.000,1.000,,,1,,1,1_1,1_2023,1_2023_1_3204
1,2023,1,2023-02-06,2023-02-22,3257,3257,,4301557,,23000086,,02/09738,80.000,80.000,,,1,,1,1_1,1_2023,1_2023_1_3257
1,2023,1,2023-01-30,2023-02-15,3206,3206,,4300104,,23000064,,01/10075,10.000,10.000,,,1,,1,1_1,1_2023,1_2023_1_3206
1,2023,1,2023-01-30,2023-02-15,3220,3220,,4300617,,23000065,,02/1062701,60.000,60.000,,,1,,1,1_1,1_2023,1_2023_1_3220
1,2023,1,2023-01-30,2023-02-20,3218,3218,,4300617,,23000065,,02/10627,10.000,10.000,,,1,,1,1_1,1_2023,1_2023_1_3218
1,2023,1,2023-01-31,2023-02-13,3231,3231,,4300267,,23000073,,02/0880501,19.000,19.000,,,1,,1,1_1,1_2023,1_2023_1_3231
1,2023,1,2023-05-23,2023-05-24,3536,3536,,4301167,,23000312,,02/10869,1.000,1.000,,,1,,1,1_1,1_2023,1_2023_1_3536
1,2023,1,2023-04-11,2023-05-09,3420,3420,,4300267,,23000219,,02/08097,288.000,288.000,,,1,,1,1_1,1_2023,1_2023_1_3420
1,2023,1,2023-01-30,2023-02-15,3221,3221,,4300617,,23000065,,02/1062702,60.000,60.000,,,1,,1,1_1,1_2023,1_2023_1_3221
1,2023,1,2023-02-16,2023-02-21,3281,3281,,4300617,,23000109,,02/09700A01,262.000,262.000,,,1,,1,1_1,1_2023,1_2023_1_3281
1,2023,1,2023-02-27,2023-03-01,3306,3306,,4300617,,23000109,,02/09602,108.000,108.000,,,1,,1,1_1,1_2023,1_2023_1_3306
1,2023,1,2023-02-03,2023-02-21,3242,3242,,4300267,,0,,02/07878,144.000,144.000,,,1,,1,1_1,1_2023,1_2023_1_3242
1,2023,1,2023-03-09,2023-04-04,3343,3343,,4301680,,23000155,,02/09825,39.000,39.000,,,1,,1,1_1,1_2023,1_2023_1_3343
1,2023,1,2023-01-31,2023-02-06,3229,3229,,4301439,,23000069,,03/1631185,2.000,2.000,,,1,,1,1_1,1_2023,1_2023_1_3229
1,2023,1,2023-01-31,2023-02-07,3232,3232,,4300267,,23000073,,10/90005,16.000,16.000,,,1,,1,1_1,1_2023,1_2023_1_3232
1,2023,1,2023-02-01,2023-03-16,3236,3236,,4300617,,23000077,,02/10021,10.000,10.000,,,1,,1,1_1,1_2023,1_2023_1_3236
1,2023,1,2023-02-22,2023-03-16,3297,3297,,4301708,,23000121,,03/00439,2.000,2.000,,,1,,1,1_1,1_2023,1_2023_1_3297
1,2023,1,2023-06-07,2023-06-12,3570,3570,,4301474,,23000344,,10/09510,100.000,100.000,,,1,,1,1_1,1_2023,1_2023_1_3570
1,2023,1,2023-01-31,2023-01-31,3235,3235,,4309999,,0,,04/99999,5.940,5.940,,,1,,1,1_1,1_2023,1_2023_1_3235
1,2023,1,2023-03-13,2023-03-24,3350,3350,,4301682,,23000162,,02/10851,5.000,5.000,,,1,,1,1_1,1_2023,1_2023_1_3350
1,2023,1,2023-03-22,2023-03-24,3380,3380,,4301784,,23000183,,03/2531085,4.000,4.000,,,1,,1,1_1,1_2023,1_2023_1_3380
1,2023,1,2023-01-02,2023-01-31,3113,3113,,4301557,,22000626,,02/10841,1.000,1.000,,,1,,1,1_1,1_2023,1_2023_1_3113
1,2023,1,2023-01-02,2023-01-31,3116,3116,,4301557,,22000626,,02/10843,1.000,1.000,,,1,,1,1_1,1_2023,1_2023_1_3116
1,2023,1,2023-01-24,2023-02-06,3192,3192,,4300617,,23000054,,02/10817A,2.000,2.000,,,1,,1,1_1,1_2023,1_2023_1_3192
1,2023,1,2023-01-30,2023-01-31,3228,3228,,4300012,,23000066,,03/10000,2.000,2.000,,,1,,1,1_1,1_2023,1_2023_1_3228
1,2023,1,2023-03-22,2023-03-24,3381,3381,,4300012,,23000190,,03/10004,2.000,2.000,,,1,,1,1_1,1_2023,1_2023_1_3381
1,2023,1,2023-01-26,2023-01-31,3203,3203,,4300739,,23000059,,03/2321065,6.000,6.000,,,1,,1,1_1,1_2023,1_2023_1_3203
1,2023,1,2023-01-30,2023-02-08,3214,3214,,4300617,,23000065,,02/10018B01,1576.000,1576.000,,,1,,1,1_1,1_2023,1_2023_1_3214
1,2023,1,2023-01-19,2023-01-31,3182,3182,,4300267,,0,,02/08686,16222.000,16222.000,,,1,,1,1_1,1_2023,1_2023_1_3182
1,2023,1,2023-02-13,2023-02-14,3272,3272,,4300357,,23000099,,02/09847,8.000,8.000,,,1,,1,1_1,1_2023,1_2023_1_3272
1,2023,1,2023-01-25,2023-01-31,3198,3198,,4300357,,23000058,,01/10318,16.000,16.000,,,1,,1,1_1,1_2023,1_2023_1_3198
1,2023,1,2023-01-25,2023-01-31,3200,3200,,4300357,,23000058,,02/10855,25.000,25.000,,,1,,1,1_1,1_2023,1_2023_1_3200
1,2023,1,2023-01-25,2023-01-31,3201,3201,,4300357,,23000058,,02/10856,6.000,6.000,,,1,,1,1_1,1_2023,1_2023_1_3201
1,2023,1,2023-01-30,2023-02-08,3213,3213,,4300617,,23000065,,02/10018B03,1546.000,1546.000,,,1,,1,1_1,1_2023,1_2023_1_3213
1,2023,1,2023-01-25,2023-01-31,3202,3202,,4300357,,23000058,,01/10319,8.000,8.000,,,1,,1,1_1,1_2023,1_2023_1_3202
1,2023,1,2023-01-30,2023-02-09,3211,3211,,4300617,,23000065,,02/10018B,10.000,10.000,,,1,,1,1_1,1_2023,1_2023_1_3211
1,2023,1,2023-01-30,2023-02-08,3212,3212,,4300617,,23000065,,02/10018B02,1534.000,1534.000,,,1,,1,1_1,1_2023,1_2023_1_3212
1,2023,1,2023-02-09,2023-02-15,3267,3267,,4301522,,23000092,,04/34202,142.000,142.000,,,1,,1,1_1,1_2023,1_2023_1_3267
1,2023,1,2023-02-06,2023-02-08,3252,3252,,4301816,,23000084,,02/10858,15.000,15.000,,,1,,1,1_1,1_2023,1_2023_1_3252
1,2023,1,2023-02-03,2023-02-09,3245,3245,,4301557,,23000080,,02/09857AR,7.000,7.000,,,1,,1,1_1,1_2023,1_2023_1_3245
1,2023,1,2023-01-30,2023-01-31,3209,3209,,4309999,,0,,02/10624,127.000,127.000,,,1,,1,1_1,1_2023,1_2023_1_3209
1,2023,1,2023-01-12,2023-02-06,3147,3147,,4301630,,23000020,,01/10314A,3.000,3.000,,,1,,1,1_1,1_2023,1_2023_1_3147
1,2023,1,2023-01-30,2023-01-31,3210,3210,,4309999,,0,,02/10278,101.000,101.000,,,1,,1,1_1,1_2023,1_2023_1_3210
1,2023,1,2023-02-09,2023-02-09,3265,3265,,4301505,,23000085,,02/10857,8.000,8.000,,,1,,1,1_1,1_2023,1_2023_1_3265
1,2023,1,2023-02-01,2023-02-13,3233,3233,,4300617,,0,,02/10166B,67.000,67.000,,,1,,1,1_1,1_2023,1_2023_1_3233
1,2023,1,2023-02-09,2023-02-09,3268,3268,,4300145,,23000098,,55/32506MP,10.250,10.250,,,1,,1,1_1,1_2023,1_2023_1_3268
1,2023,1,2023-02-13,2023-02-14,3273,3273,,4300357,,23000099,,02/09847A,12.000,12.000,,,1,,1,1_1,1_2023,1_2023_1_3273
1,2023,1,2023-01-19,2023-01-31,3179,3179,,4300267,,0,,02/07878,288.000,288.000,,,1,,1,1_1,1_2023,1_2023_1_3179
1,2023,1,2023-01-19,2023-01-31,3180,3180,,4300267,,0,,02/07879A,32.000,32.000,,,1,,1,1_1,1_2023,1_2023_1_3180
1,2023,1,2023-01-19,2023-01-31,3181,3181,,4300267,,0,,02/07880A,32.000,32.000,,,1,,1,1_1,1_2023,1_2023_1_3181
1,2023,1,2023-02-03,2023-02-21,3243,3243,,4300267,,0,,02/07879A,16.000,16.000,,,1,,1,1_1,1_2023,1_2023_1_3243
1,2023,1,2023-02-02,2023-02-06,3238,3238,,4300357,,0,,01/09700,22.000,22.000,,,1,,1,1_1,1_2023,1_2023_1_3238
1,2023,1,2023-01-27,2023-02-13,3205,3205,,4301857,,23000063,,01/10317,1.000,1.000,,,1,,1,1_1,1_2023,1_2023_1_3205
1,2023,1,2023-02-02,2023-02-06,3239,3239,,4300357,,0,,01/09691,17.000,17.000,,,1,,1,1_1,1_2023,1_2023_1_3239
1,2023,1,2023-01-30,2023-02-16,3216,3216,,4300617,,23000065,,02/1059303,70.000,70.000,,,1,,1,1_1,1_2023,1_2023_1_3216
1,2023,1,2023-01-30,2023-02-16,3215,3215,,4300617,,23000065,,02/10593,10.000,10.000,,,1,,1,1_1,1_2023,1_2023_1_3215
1,2023,1,2023-02-01,2023-02-16,3237,3237,,4300871,,23000074,,11/11009,607.000,607.000,,,1,,1,1_1,1_2023,1_2023_1_3237
1,2023,1,2023-02-03,2023-02-20,3241,3241,,4300267,,0,,02/08686,8226.000,8226.000,,,1,,1,1_1,1_2023,1_2023_1_3241
1,2023,1,2023-02-13,2023-02-20,3271,3271,,4300357,,23000099,,01/09700,17.000,17.000,,,1,,1,1_1,1_2023,1_2023_1_3271
1,2023,1,2023-02-08,2023-02-16,3263,3263,,4301862,,23000089,,02/10859,1.000,1.000,,,1,,1,1_1,1_2023,1_2023_1_3263
1,2023,1,2023-02-03,2023-02-08,3249,3249,,4301557,,23000080,,02/10093R,1.000,1.000,,,1,,1,1_1,1_2023,1_2023_1_3249
1,2023,1,2023-02-03,2023-02-08,3246,3246,,4301557,,23000080,,02/10046ER,2.000,2.000,,,1,,1,1_1,1_2023,1_2023_1_3246
1,2023,1,2023-02-03,2023-02-21,3244,3244,,4300267,,0,,02/07880A,16.000,16.000,,,1,,1,1_1,1_2023,1_2023_1_3244
1,2023,1,2023-02-03,2023-02-08,3247,3247,,4301557,,23000080,,02/10521AR,9.000,9.000,,,1,,1,1_1,1_2023,1_2023_1_3247
1,2023,1,2023-01-01,2023-01-17,3070,3070,,4300267,,22000651,,02/0900201,36.000,36.000,,,1,,1,1_1,1_2023,1_2023_1_3070
1,2023,1,2023-02-03,2023-02-08,3250,3250,,4301557,,23000080,,02/10384R,1.000,1.000,,,1,,1,1_1,1_2023,1_2023_1_3250
1,2023,1,2023-02-06,2023-02-21,3255,3255,,4301557,,23000086,,02/10384,50.000,50.000,,,1,,1,1_1,1_2023,1_2023_1_3255
1,2023,1,2023-02-14,2023-02-16,3275,3275,,4300012,,23000103,,03/10000,1.000,1.000,,,1,,1,1_1,1_2023,1_2023_1_3275
1,2023,1,2023-02-22,2023-02-24,3293,3293,,4301764,,23000116,,10/00369,5.000,5.000,,,1,,1,1_1,1_2023,1_2023_1_3293
1,2023,1,2023-02-16,2023-02-20,3277,3277,,4300617,,23000109,,02/08437,131.000,131.000,,,1,,1,1_1,1_2023,1_2023_1_3277
1,2023,1,2023-02-22,2023-02-28,3296,3296,,4301848,,23000111,,01/10327,1.000,1.000,,,1,,1,1_1,1_2023,1_2023_1_3296
1,2023,1,2023-02-22,2023-02-28,3295,3295,,4300240,,23000119,,04/024000203,6.000,6.000,,,1,,1,1_1,1_2023,1_2023_1_3295
1,2023,1,2023-02-03,2023-02-08,3248,3248,,4301557,,23000080,,02/09991AR,6.000,6.000,,,1,,1,1_1,1_2023,1_2023_1_3248
1,2023,1,2023-02-03,2023-02-08,3251,3251,,4301557,,23000080,,02/10722R,6.000,6.000,,,1,,1,1_1,1_2023,1_2023_1_3251
1,2023,1,2023-01-30,2023-02-14,3217,3217,,4300617,,23000065,,02/1059301,130.000,130.000,,,1,,1,1_1,1_2023,1_2023_1_3217
1,2023,1,2023-02-06,2023-02-14,3256,3256,,4301557,,23000086,,02/1038401,10903.000,10903.000,,,1,,1,1_1,1_2023,1_2023_1_3256
1,2023,1,2023-03-08,2023-03-09,3338,3338,,4300012,,23000148,,03/10000,5.000,5.000,,,1,,1,1_1,1_2023,1_2023_1_3338
1,2023,1,2023-01-30,2023-03-09,3226,3226,,4300617,,23000065,,02/1069902,77.000,77.000,,,1,,1,1_1,1_2023,1_2023_1_3226
1,2023,1,2023-02-07,2023-02-14,3262,3262,,4301862,,23000089,,02/10846R,1.000,1.000,,,1,,1,1_1,1_2023,1_2023_1_3262
1,2023,1,2023-01-30,2023-02-16,3219,3219,,4300617,,23000065,,02/1062703,70.000,70.000,,,1,,1,1_1,1_2023,1_2023_1_3219
1,2023,1,2023-02-06,2023-02-16,3258,3258,,4301557,,23000086,,02/0973801,122.000,122.000,,,1,,1,1_1,1_2023,1_2023_1_3258
1,2023,1,2023-03-07,2023-03-20,3332,3332,,4300267,,23000150,,02/08689,16227.000,16227.000,,,1,,1,1_1,1_2023,1_2023_1_3332
1,2023,1,2023-02-06,2023-02-16,3259,3259,,4301557,,23000086,,02/0973802,182.000,182.000,,,1,,1,1_1,1_2023,1_2023_1_3259
1,2023,1,2023-02-22,2023-02-27,3298,3298,,4301723,,23000123,,02/10228,87.000,87.000,,,1,,1,1_1,1_2023,1_2023_1_3298
1,2023,1,2023-02-16,2023-02-16,3282,3282,,4301206,,23000108,,02/120600003,1.000,1.000,,,1,,1,1_1,1_2023,1_2023_1_3282
1,2023,1,2023-01-30,2023-03-10,3225,3225,,4300617,,23000065,,02/10699,11.000,11.000,,,1,,1,1_1,1_2023,1_2023_1_3225
1,2023,1,2023-02-16,2023-02-16,3283,3283,,4300617,,23000109,,55/00161MP,25.000,25.000,,,1,,1,1_1,1_2023,1_2023_1_3283
1,2023,1,2023-03-02,2023-03-07,3326,3326,,4301768,,23000144,,02/10861R,4.000,4.000,,,1,,1,1_1,1_2023,1_2023_1_3326
1,2023,1,2023-02-16,2023-02-16,3284,3284,,4300617,,23000109,,55/00101MP,20.000,20.000,,,1,,1,1_1,1_2023,1_2023_1_3284
1,2023,1,2023-03-29,2023-04-03,3398,3398,,4309999,,0,,10/09510,120.000,120.000,,,1,,1,1_1,1_2023,1_2023_1_3398
1,2023,1,2023-02-21,2023-02-22,3290,3290,,4301173,,23000115,,02/1057801,2.000,2.000,,,1,,1,1_1,1_2023,1_2023_1_3290
1,2023,1,2023-03-09,2023-03-20,3339,3339,,4300254,,23000153,,01/10241C,2.000,2.000,,,1,,1,1_1,1_2023,1_2023_1_3339
1,2023,1,2023-02-16,2023-02-21,3278,3278,,4300617,,23000109,,02/09701A02,276.000,276.000,,,1,,1,1_1,1_2023,1_2023_1_3278
1,2023,1,2023-02-21,2023-02-28,3289,3289,,4301848,,23000111,,01/10326,2.000,2.000,,,1,,1,1_1,1_2023,1_2023_1_3289
1,2023,1,2023-02-16,2023-02-21,3279,3279,,4300617,,23000109,,02/09701A03,277.000,277.000,,,1,,1,1_1,1_2023,1_2023_1_3279
1,2023,1,2023-02-21,2023-02-23,3288,3288,,4301206,,23000114,,02/120600003,71.000,71.000,,,1,,1,1_1,1_2023,1_2023_1_3288
1,2023,1,2023-02-16,2023-02-21,3280,3280,,4300617,,23000109,,02/09701A01,201.000,201.000,,,1,,1,1_1,1_2023,1_2023_1_3280
1,2023,1,2023-03-07,2023-03-21,3329,3329,,4300267,,23000150,,02/08097,288.000,288.000,,,1,,1,1_1,1_2023,1_2023_1_3329
1,2023,1,2023-02-06,2023-02-24,3253,3253,,4301557,,23000086,,02/10521A,30.000,30.000,,,1,,1,1_1,1_2023,1_2023_1_3253
1,2023,1,2023-03-07,2023-03-21,3330,3330,,4300267,,23000150,,02/08098A,32.000,32.000,,,1,,1,1_1,1_2023,1_2023_1_3330
1,2023,1,2023-03-17,2023-04-05,3359,3359,,4300871,,23000166,,11/11006,377.000,377.000,,,1,,1,1_1,1_2023,1_2023_1_3359
1,2023,1,2023-03-07,2023-03-21,3331,3331,,4300267,,23000150,,02/08099A,32.000,32.000,,,1,,1,1_1,1_2023,1_2023_1_3331
1,2023,1,2023-02-23,2023-02-24,3300,3300,,4301779,,23000124,,04/177900002D,83.000,83.000,,,1,,1,1_1,1_2023,1_2023_1_3300
1,2023,1,2023-03-01,2023-03-06,3320,3320,,4300758,,23000133,,03/0013001,37.000,37.000,,,1,,1,1_1,1_2023,1_2023_1_3320
1,2023,1,2023-02-24,2023-02-24,3303,3303,,4301682,,23000125,,02/10815R,1.000,1.000,,,1,,1,1_1,1_2023,1_2023_1_3303
1,2023,1,2023-02-22,2023-02-28,3291,3291,,4300617,,0,,02/1081702,8.000,8.000,,,1,,1,1_1,1_2023,1_2023_1_3291
1,2023,1,2023-03-17,2023-03-28,3361,3361,,4300617,,23000177,,02/107030201,356.000,356.000,,,1,,1,1_1,1_2023,1_2023_1_3361
1,2023,1,2023-02-22,2023-03-07,3294,3294,,4301030,,23000118,,01/09606,5.000,5.000,,,1,,1,1_1,1_2023,1_2023_1_3294
1,2023,1,2023-05-09,2023-05-18,3484,3484,,4309999,,0,,10/01050,175.000,175.000,,,1,,1,1_1,1_2023,1_2023_1_3484
1,2023,1,2023-03-01,2023-03-06,3319,3319,,4300267,,23000138,,02/08709,157.000,157.000,,,1,,1,1_1,1_2023,1_2023_1_3319
1,2023,1,2023-03-27,2023-05-08,3392,3392,,4300013,,23000199,,01/10152,5.000,5.000,,,1,,1,1_1,1_2023,1_2023_1_3392
1,2023,1,2023-02-28,2023-02-28,3310,3310,,4309999,,0,,.ABC03,4.000,4.000,,,1,,1,1_1,1_2023,1_2023_1_3310
1,2023,1,2023-02-22,2023-03-02,3292,3292,,4300617,,23000117,,02/10817B,8.000,8.000,,,1,,1,1_1,1_2023,1_2023_1_3292
1,2023,1,2023-02-28,2023-02-28,3311,3311,,4309999,,0,,04/99999,7.851,7.851,,,1,,1,1_1,1_2023,1_2023_1_3311
1,2023,1,2023-03-03,2023-03-06,3325,3325,,4300753,,23000147,,04/00752,952.000,952.000,,,1,,1,1_1,1_2023,1_2023_1_3325
1,2023,1,2023-06-19,2023-09-14,3614,3614,,4300267,,23000368,,02/07878,144.000,144.000,,,1,,1,1_1,1_2023,1_2023_1_3614
1,2023,1,2023-02-07,2023-03-06,3260,3260,,4300052,,23000088,,03/5531070,6.000,6.000,,,1,,1,1_1,1_2023,1_2023_1_3260
1,2023,1,2023-03-29,2023-04-05,3395,3395,,4300837,,23000201,,02/10704,218.000,218.000,,,1,,1,1_1,1_2023,1_2023_1_3395
1,2023,1,2023-02-28,2023-03-06,3309,3309,,4300758,,23000133,,03/00130,15.000,15.000,,,1,,1,1_1,1_2023,1_2023_1_3309
1,2023,1,2023-03-31,2023-04-03,3405,3405,,4301609,,23000206,,04/1609100050I,300.000,300.000,,,1,,1,1_1,1_2023,1_2023_1_3405
1,2023,1,2023-03-01,2023-03-06,3321,3321,,4300012,,23000139,,03/10000,12.000,12.000,,,1,,1,1_1,1_2023,1_2023_1_3321
1,2023,1,2023-03-29,2023-04-05,3396,3396,,4300837,,23000201,,02/10676,214.000,214.000,,,1,,1,1_1,1_2023,1_2023_1_3396
1,2023,1,2023-01-19,2023-03-02,3185,3185,,4301797,,23000044,,01/10304R,10.000,10.000,,,1,,1,1_1,1_2023,1_2023_1_3185
1,2023,1,2023-02-09,2023-03-01,3266,3266,,4301505,,23000085,,02/10860,20.000,20.000,,,1,,1,1_1,1_2023,1_2023_1_3266
1,2023,1,2023-02-20,2023-03-01,3286,3286,,4300210,,23000112,,01/09621,4.000,4.000,,,1,,1,1_1,1_2023,1_2023_1_3286
1,2023,1,2023-02-07,2023-03-02,3261,3261,,4300052,,23000088,,13/10108,6.000,6.000,,,1,,1,1_1,1_2023,1_2023_1_3261
1,2023,1,2023-02-20,2023-03-01,3287,3287,,4300210,,23000112,,01/09611R,10.000,10.000,,,1,,1,1_1,1_2023,1_2023_1_3287
1,2023,1,2023-02-28,2023-03-24,3308,3308,,4300758,,23000133,,03/00205,2.000,2.000,,,1,,1,1_1,1_2023,1_2023_1_3308
1,2023,1,2023-03-17,2023-04-19,3364,3364,,4309999,,0,,13/10022,24.000,24.000,,,1,,1,1_1,1_2023,1_2023_1_3364
1,2023,1,2023-02-24,2023-03-01,3305,3305,,4301621,,23000128,,02/10476R,7.000,7.000,,,1,,1,1_1,1_2023,1_2023_1_3305
1,2023,1,2023-03-01,2023-03-02,3322,3322,,4300357,,23000141,,01/09700,6.000,6.000,,,1,,1,1_1,1_2023,1_2023_1_3322
1,2023,1,2023-03-14,2023-03-16,3354,3354,,4300012,,23000168,,03/10000,6.000,6.000,,,1,,1,1_1,1_2023,1_2023_1_3354
1,2023,1,2023-02-28,2023-03-09,3307,3307,,4301856,,23000130,,01/10262A,8.000,8.000,,,1,,1,1_1,1_2023,1_2023_1_3307
1,2023,1,2023-03-01,2023-03-02,3323,3323,,4300357,,23000141,,01/09700A,2.000,2.000,,,1,,1,1_1,1_2023,1_2023_1_3323
1,2023,1,2023-03-13,2023-03-16,3351,3351,,4301866,,23000163,,03/00462,1.000,1.000,,,1,,1,1_1,1_2023,1_2023_1_3351
1,2023,1,2023-03-01,2023-03-02,3324,3324,,4300357,,23000141,,01/09691,26.000,26.000,,,1,,1,1_1,1_2023,1_2023_1_3324
1,2023,1,2023-03-01,2023-03-14,3318,3318,,4300267,,23000138,,10/90003,32.000,32.000,,,1,,1,1_1,1_2023,1_2023_1_3318
1,2023,1,2023-03-07,2023-03-09,3327,3327,,4300617,,0,,02/09552,8.000,8.000,,,1,,1,1_1,1_2023,1_2023_1_3327
1,2023,1,2023-01-30,2023-03-08,3227,3227,,4300617,,23000065,,02/1069901,150.000,150.000,,,1,,1,1_1,1_2023,1_2023_1_3227
1,2023,1,2023-01-30,2023-03-09,3222,3222,,4300617,,23000065,,02/10021,10.000,10.000,,,1,,1,1_1,1_2023,1_2023_1_3222
1,2023,1,2023-03-01,2023-03-08,3315,3315,,4300267,,23000137,,02/08686,8008.000,8008.000,,,1,,1,1_1,1_2023,1_2023_1_3315
1,2023,1,2023-03-15,2023-03-16,3356,3356,,4302013,,23000172,,03/1533080,1.000,1.000,,,1,,1,1_1,1_2023,1_2023_1_3356
1,2023,1,2023-02-24,2023-03-01,3304,3304,,4301621,,23000128,,02/10629R,8.000,8.000,,,1,,1,1_1,1_2023,1_2023_1_3304
1,2023,1,2023-02-20,2023-03-08,3285,3285,,4309999,,0,,UP.066,1.000,1.000,,,1,,1,1_1,1_2023,1_2023_1_3285
1,2023,1,2023-03-07,2023-03-09,3328,3328,,4301286,,0,,03/1431060A,5.000,5.000,,,1,,1,1_1,1_2023,1_2023_1_3328
1,2023,1,2023-03-01,2023-03-08,3312,3312,,4300267,,23000137,,02/07878,144.000,144.000,,,1,,1,1_1,1_2023,1_2023_1_3312
1,2023,1,2023-03-15,2023-03-16,3357,3357,,4302013,,23000172,,03/1331060,1.000,1.000,,,1,,1,1_1,1_2023,1_2023_1_3357
1,2023,1,2023-03-01,2023-03-08,3313,3313,,4300267,,23000137,,02/07879A,16.000,16.000,,,1,,1,1_1,1_2023,1_2023_1_3313
1,2023,1,2023-03-20,2023-03-23,3375,3375,,4301609,,23000184,,04/1609075050,503.000,503.000,,,1,,1,1_1,1_2023,1_2023_1_3375
1,2023,1,2023-03-01,2023-03-08,3314,3314,,4300267,,23000137,,02/07880A,16.000,16.000,,,1,,1,1_1,1_2023,1_2023_1_3314
1,2023,1,2023-03-14,2023-03-14,3353,3353,,4300357,,23000169,,01/09700A,2.000,2.000,,,1,,1,1_1,1_2023,1_2023_1_3353
1,2023,1,2023-01-30,2023-03-15,3223,3223,,4300617,,23000065,,02/1002102,3127.000,3127.000,,,1,,1,1_1,1_2023,1_2023_1_3223
1,2023,1,2023-03-09,2023-03-09,3337,3337,,4300012,,23000149,,03/10004,2.000,2.000,,,1,,1,1_1,1_2023,1_2023_1_3337
1,2023,1,2023-03-14,2023-03-14,3352,3352,,4300357,,23000169,,01/09700,2.000,2.000,,,1,,1,1_1,1_2023,1_2023_1_3352
1,2023,1,2023-03-09,2023-03-09,3341,3341,,4300160,,23000154,,04/016000001,4.000,4.000,,,1,,1,1_1,1_2023,1_2023_1_3341
1,2023,1,2023-03-01,2023-03-14,3317,3317,,4300267,,23000138,,02/0900201,36.000,36.000,,,1,,1,1_1,1_2023,1_2023_1_3317
1,2023,1,2023-03-17,2023-03-24,3362,3362,,4300012,,23000179,,03/10005,6.000,6.000,,,1,,1,1_1,1_2023,1_2023_1_3362
1,2023,1,2023-01-30,2023-03-15,3224,3224,,4300617,,23000065,,02/1002101,6120.000,6120.000,,,1,,1,1_1,1_2023,1_2023_1_3224
1,2023,1,2023-03-17,2023-03-24,3363,3363,,4300718,,23000180,,03/2431055,5.000,5.000,,,1,,1,1_1,1_2023,1_2023_1_3363
1,2023,1,2023-03-20,2023-03-24,3368,3368,,4301784,,23000183,,03/1531085,4.000,4.000,,,1,,1,1_1,1_2023,1_2023_1_3368
1,2023,1,2023-03-14,2023-03-23,3355,3355,,4301024,,23000170,,01/10299R,1.000,1.000,,,1,,1,1_1,1_2023,1_2023_1_3355
1,2023,1,2023-02-23,2023-03-20,3301,3301,,4301723,,23000123,,01/09876C,54.000,54.000,,,1,,1,1_1,1_2023,1_2023_1_3301
1,2023,1,2023-03-20,2023-03-24,3365,3365,,4300240,,23000181,,04/024000042,120.000,120.000,,,1,,1,1_1,1_2023,1_2023_1_3365
1,2023,1,2023-03-10,2023-03-24,3346,3346,,4301489,,23000159,,12/90030,1.000,1.000,,,1,,1,1_1,1_2023,1_2023_1_3346
1,2023,1,2023-03-15,2023-03-24,3358,3358,,4300012,,23000174,,03/10004,5.000,5.000,,,1,,1,1_1,1_2023,1_2023_1_3358
1,2023,1,2023-04-13,2023-04-21,3432,3432,,4301505,,23000226,,02/10863,8.000,8.000,,,1,,1,1_1,1_2023,1_2023_1_3432
1,2023,1,2023-03-01,2023-03-27,3316,3316,,4300267,,23000138,,02/09002,32.000,32.000,,,1,,1,1_1,1_2023,1_2023_1_3316
1,2023,1,2023-03-13,2023-03-24,3349,3349,,4301682,,23000162,,02/10850,20.000,20.000,,,1,,1,1_1,1_2023,1_2023_1_3349
1,2023,1,2023-05-29,2023-06-05,3548,3548,,4300837,,23000324,,02/10333AR,18.000,18.000,,,1,,1,1_1,1_2023,1_2023_1_3548
1,2023,1,2023-05-12,2023-05-15,3503,3503,,4301868,,23000288,,02/10688,3.000,3.000,,,1,,1,1_1,1_2023,1_2023_1_3503
1,2023,1,2023-03-09,2023-04-04,3342,3342,,4301680,,23000155,,02/09734,13.000,13.000,,,1,,1,1_1,1_2023,1_2023_1_3342
1,2023,1,2023-04-05,2023-04-05,3414,3414,,4309999,,0,,11/11009,37.000,37.000,,,1,,1,1_1,1_2023,1_2023_1_3414
1,2023,1,2023-04-12,2023-04-19,3428,3428,,4300240,,23000221,,04/024000031,6.000,6.000,,,1,,1,1_1,1_2023,1_2023_1_3428
1,2023,1,2023-03-20,2023-03-23,3372,3372,,4301609,,23000164,,04/1609100100,50.000,50.000,,,1,,1,1_1,1_2023,1_2023_1_3372
1,2023,1,2023-04-03,2023-04-13,3411,3411,,4300267,,23000211,,55/40301MPA,800.000,800.000,,,1,,1,1_1,1_2023,1_2023_1_3411
1,2023,1,2023-03-17,2023-03-28,3360,3360,,4300617,,23000177,,02/1070308,20.000,20.000,,,1,,1,1_1,1_2023,1_2023_1_3360
1,2023,1,2023-05-16,2023-05-19,3523,3523,,4300012,,23000298,,03/10000,1.000,1.000,,,1,,1,1_1,1_2023,1_2023_1_3523
1,2023,1,2023-03-20,2023-03-23,3373,3373,,4301609,,23000164,,04/1609025025,234.000,234.000,,,1,,1,1_1,1_2023,1_2023_1_3373
1,2023,1,2023-03-24,2023-03-28,3386,3386,,4300012,,23000195,,03/10000,4.000,4.000,,,1,,1,1_1,1_2023,1_2023_1_3386
1,2023,1,2023-03-20,2023-03-23,3374,3374,,4301609,,23000184,,04/1609050050,512.000,512.000,,,1,,1,1_1,1_2023,1_2023_1_3374
1,2023,1,2023-03-31,2023-03-31,3402,3402,,4309999,,0,,02/10624,150.000,150.000,,,1,,1,1_1,1_2023,1_2023_1_3402
1,2023,1,2023-03-20,2023-03-23,3376,3376,,4301609,,23000184,,04/1609100050,500.000,500.000,,,1,,1,1_1,1_2023,1_2023_1_3376
1,2023,1,2023-03-20,2023-03-23,3377,3377,,4301609,,23000184,,04/1609150050,208.000,208.000,,,1,,1,1_1,1_2023,1_2023_1_3377
1,2023,1,2023-03-24,2023-03-28,3387,3387,,4300012,,23000195,,03/10000,10.000,10.000,,,1,,1,1_1,1_2023,1_2023_1_3387
1,2023,1,2023-03-20,2023-03-23,3378,3378,,4301609,,23000184,,04/1609325100,60.000,60.000,,,1,,1,1_1,1_2023,1_2023_1_3378
1,2023,1,2023-03-21,2023-03-30,3379,3379,,4301854,,23000188,,02/10862,6.000,6.000,,,1,,1,1_1,1_2023,1_2023_1_3379
1,2023,1,2023-03-10,2023-03-28,3344,3344,,4301789,,23000157,,04/178900001,609.000,609.000,,,1,,1,1_1,1_2023,1_2023_1_3344
1,2023,1,2023-03-23,2023-03-23,3384,3384,,4301723,,23000123,,02/10191A01,20.000,20.000,,,1,,1,1_1,1_2023,1_2023_1_3384
1,2023,1,2023-02-23,2023-03-23,3302,3302,,4301723,,23000123,,02/10191B,10.000,10.000,,,1,,1,1_1,1_2023,1_2023_1_3302
1,2023,1,2023-03-30,2023-04-11,3400,3400,,4300712,,23000205,,03/00440,1.000,1.000,,,1,,1,1_1,1_2023,1_2023_1_3400
1,2023,1,2023-03-20,2023-03-23,3369,3369,,4301609,,23000164,,04/1609100050I,299.000,299.000,,,1,,1,1_1,1_2023,1_2023_1_3369
1,2023,1,2023-03-27,2023-03-30,3390,3390,,4300837,,23000198,,02/07870AR,1.000,1.000,,,1,,1,1_1,1_2023,1_2023_1_3390
1,2023,1,2023-03-20,2023-03-23,3370,3370,,4301609,,23000164,,04/1609175050I,107.000,107.000,,,1,,1,1_1,1_2023,1_2023_1_3370
1,2023,1,2023-03-20,2023-03-23,3371,3371,,4301609,,23000164,,04/1609075025I,208.000,208.000,,,1,,1,1_1,1_2023,1_2023_1_3371
1,2023,1,2023-05-02,2023-05-05,3473,3473,,4300617,,23000263,,02/1081703,130.000,130.000,,,1,,1,1_1,1_2023,1_2023_1_3473
1,2023,1,2023-03-10,2023-03-23,3347,3347,,4300619,,23000160,,01/10328,2.000,2.000,,,1,,1,1_1,1_2023,1_2023_1_3347
1,2023,1,2023-03-10,2023-03-28,3345,3345,,4301789,,23000157,,04/178900002,206.000,206.000,,,1,,1,1_1,1_2023,1_2023_1_3345
1,2023,1,2023-03-10,2023-03-23,3348,3348,,4300619,,23000160,,01/10329,2.000,2.000,,,1,,1,1_1,1_2023,1_2023_1_3348
1,2023,1,2023-03-27,2023-03-30,3391,3391,,4300837,,23000198,,02/07530BR,3.000,3.000,,,1,,1,1_1,1_2023,1_2023_1_3391
1,2023,1,2023-03-23,2023-03-30,3383,3383,,4300677,,23000192,,01/10330,6.000,6.000,,,1,,1,1_1,1_2023,1_2023_1_3383
1,2023,1,2023-02-13,2023-03-28,3274,3274,,4300013,,23000101,,01/10152,2.000,2.000,,,1,,1,1_1,1_2023,1_2023_1_3274
1,2023,1,2023-03-29,2023-04-05,3393,3393,,4300837,,23000201,,02/07530B,20.000,20.000,,,1,,1,1_1,1_2023,1_2023_1_3393
1,2023,1,2023-03-30,2023-04-11,3401,3401,,4300712,,23000205,,03/00435,1.000,1.000,,,1,,1,1_1,1_2023,1_2023_1_3401
1,2023,1,2023-03-31,2023-03-31,3407,3407,,4309999,,0,,.ABC03,98.000,98.000,,,1,,1,1_1,1_2023,1_2023_1_3407
1,2023,1,2023-04-12,2023-04-18,3430,3430,,4301682,,23000222,,03/00458A,2.000,2.000,,,1,,1,1_1,1_2023,1_2023_1_3430
1,2023,1,2023-04-13,2023-04-18,3435,3435,,4300754,,23000225,,03/2421085A,2.000,2.000,,,1,,1,1_1,1_2023,1_2023_1_3435
1,2023,1,2023-03-31,2023-03-31,3408,3408,,4309999,,0,,04/99999,28.140,28.140,,,1,,1,1_1,1_2023,1_2023_1_3408
1,2023,1,2023-06-02,2023-07-13,3560,3560,,4300013,,23000333,,01/10152,8.000,8.000,,,1,,1,1_1,1_2023,1_2023_1_3560
1,2023,1,2023-04-17,2023-05-05,3445,3445,,4300048,,23000224,,03/00311,3.000,3.000,,,1,,1,1_1,1_2023,1_2023_1_3445
1,2023,1,2023-04-21,2023-04-27,3452,3452,,4300677,,23000245,,01/10331,1.000,1.000,,,1,,1,1_1,1_2023,1_2023_1_3452
1,2023,1,2023-04-13,2023-04-18,3436,3436,,4300754,,23000225,,03/1421080A,1.000,1.000,,,1,,1,1_1,1_2023,1_2023_1_3436
1,2023,1,2023-05-02,2023-05-04,3472,3472,,4300617,,23000263,,02/09761A02,206.000,206.000,,,1,,1,1_1,1_2023,1_2023_1_3472
1,2023,1,2023-04-05,2023-04-11,3415,3415,,4300066,,23000216,,03/2421050,2.000,2.000,,,1,,1,1_1,1_2023,1_2023_1_3415
1,2023,1,2023-05-03,2023-05-05,3475,3475,,4301708,,23000264,,03/6431080,1.000,1.000,,,1,,1,1_1,1_2023,1_2023_1_3475
1,2023,1,2023-04-11,2023-05-02,3427,3427,,4300267,,23000220,,02/08686,15940.000,15940.000,,,1,,1,1_1,1_2023,1_2023_1_3427
1,2023,1,2023-01-18,2023-04-03,3174,3174,,4309999,,0,,.RC,1.000,1.000,,,1,,1,1_1,1_2023,1_2023_1_3174
1,2023,1,2023-04-03,2023-04-26,3333,3333,,4300267,,23000210,,02/07878,288.000,288.000,,,1,,1,1_1,1_2023,1_2023_1_3333
1,2023,1,2023-03-24,2023-04-03,3388,3388,,4300240,,23000196,,04/024000032,302.000,302.000,,,1,,1,1_1,1_2023,1_2023_1_3388
1,2023,1,2023-03-22,2023-04-12,3382,3382,,4300677,,23000192,,02/08823,30.000,30.000,,,1,,1,1_1,1_2023,1_2023_1_3382
1,2023,1,2023-04-12,2023-05-02,3431,3431,,4301682,,23000222,,03/00463,2.000,2.000,,,1,,1,1_1,1_2023,1_2023_1_3431
1,2023,1,2023-04-12,2023-04-19,3429,3429,,4300240,,23000221,,04/024000051,20.000,20.000,,,1,,1,1_1,1_2023,1_2023_1_3429
1,2023,1,2023-03-31,2023-04-03,3403,3403,,4301609,,23000206,,04/1609035035,208.000,208.000,,,1,,1,1_1,1_2023,1_2023_1_3403
1,2023,1,2023-03-29,2023-04-12,3394,3394,,4300837,,23000201,,02/10333A,10.000,10.000,,,1,,1,1_1,1_2023,1_2023_1_3394
1,2023,1,2023-03-31,2023-04-03,3404,3404,,4301609,,23000206,,04/1609100050K,200.000,200.000,,,1,,1,1_1,1_2023,1_2023_1_3404
1,2023,1,2023-03-31,2023-04-03,3406,3406,,4301609,,23000206,,04/1609075050I,408.000,408.000,,,1,,1,1_1,1_2023,1_2023_1_3406
1,2023,1,2023-04-17,2023-04-25,3444,3444,,4300617,,23000231,,02/107030101,52.000,52.000,,,1,,1,1_1,1_2023,1_2023_1_3444
1,2023,1,2023-03-31,2023-04-03,3409,3409,,4301609,,23000206,,04/1609100050,120.000,120.000,,,1,,1,1_1,1_2023,1_2023_1_3409
1,2023,1,2023-03-29,2023-04-14,3397,3397,,4300617,,23000202,,02/10817BR,10.000,10.000,,,1,,1,1_1,1_2023,1_2023_1_3397
1,2023,1,2023-04-03,2023-04-03,3412,3412,,4300267,,23000211,,55/00201MP,30.000,30.000,,,1,,1,1_1,1_2023,1_2023_1_3412
1,2023,1,2023-04-27,2023-04-27,3457,3457,,4300357,,23000257,,01/09700A,6.000,6.000,,,1,,1,1_1,1_2023,1_2023_1_3457
1,2023,1,2023-03-30,2023-04-25,3399,3399,,4301708,,23000203,,03/00406,1.000,1.000,,,1,,1,1_1,1_2023,1_2023_1_3399
1,2023,1,2023-03-20,2023-04-17,3366,3366,,4301017,,23000182,,02/10531R,1.000,1.000,,,1,,1,1_1,1_2023,1_2023_1_3366
1,2023,1,2023-03-20,2023-04-17,3367,3367,,4301017,,23000182,,02/10708,6.000,6.000,,,1,,1,1_1,1_2023,1_2023_1_3367
1,2023,1,2023-01-17,2023-04-13,3173,3173,,4300617,,23000145,,02/1070304R,563.000,563.000,,,1,,1,1_1,1_2023,1_2023_1_3173
1,2023,1,2023-04-17,2023-04-19,3446,3446,,4301853,,23000233,,55/10063MPA,76.000,76.000,,,1,,1,1_1,1_2023,1_2023_1_3446
1,2023,1,2023-04-03,2023-04-17,3336,3336,,4300267,,23000210,,02/08686,16225.000,16225.000,,,1,,1,1_1,1_2023,1_2023_1_3336
1,2023,1,2023-04-13,2023-04-17,3441,3441,,4300357,,23000228,,01/09691,19.000,19.000,,,1,,1,1_1,1_2023,1_2023_1_3441
1,2023,1,2023-04-13,2023-04-17,3442,3442,,4300357,,23000228,,01/09700,6.000,6.000,,,1,,1,1_1,1_2023,1_2023_1_3442
1,2023,1,2023-04-14,2023-04-17,3443,3443,,4300357,,23000229,,02/09714,6.000,6.000,,,1,,1,1_1,1_2023,1_2023_1_3443
1,2023,1,2023-04-13,2023-04-26,3437,3437,,4301789,,23000227,,04/178900001,1010.000,1010.000,,,1,,1,1_1,1_2023,1_2023_1_3437
1,2023,1,2023-04-13,2023-04-26,3438,3438,,4301789,,23000227,,04/178900002,410.000,410.000,,,1,,1,1_1,1_2023,1_2023_1_3438
1,2023,1,2023-04-13,2023-04-26,3440,3440,,4301789,,23000227,,04/178900004,1210.000,1210.000,,,1,,1,1_1,1_2023,1_2023_1_3440
1,2023,1,2023-07-04,2023-07-13,3646,3646,,4301557,,23000398,,02/10722R,5.000,5.000,,,1,,1,1_1,1_2023,1_2023_1_3646
1,2023,1,2023-05-02,2023-05-04,3471,3471,,4300617,,23000263,,02/09761A01,105.000,105.000,,,1,,1,1_1,1_2023,1_2023_1_3471
1,2023,1,2023-04-28,2023-04-30,3469,3469,,4309999,,0,,04/99999,34.662,34.662,,,1,,1,1_1,1_2023,1_2023_1_3469
1,2023,1,2023-04-13,2023-04-21,3433,3433,,4301505,,23000226,,02/10813,2.000,2.000,,,1,,1,1_1,1_2023,1_2023_1_3433
1,2023,1,2023-04-19,2023-04-27,3450,3450,,4301206,,23000239,,02/10864,10.000,10.000,,,1,,1,1_1,1_2023,1_2023_1_3450
1,2023,1,2023-04-13,2023-04-21,3434,3434,,4301505,,23000226,,02/10814,6.000,6.000,,,1,,1,1_1,1_2023,1_2023_1_3434
1,2023,1,2023-04-03,2023-04-25,3410,3410,,4300357,,23000209,,03/00412,2.000,2.000,,,1,,1,1_1,1_2023,1_2023_1_3410
1,2023,1,2023-04-19,2023-04-19,3447,3447,,4309999,,0,,13/10539,116.000,116.000,,,1,,1,1_1,1_2023,1_2023_1_3447
1,2023,1,2023-04-03,2023-04-26,3334,3334,,4300267,,23000210,,02/07879A,32.000,32.000,,,1,,1,1_1,1_2023,1_2023_1_3334
1,2023,1,2023-04-19,2023-04-19,3448,3448,,4309999,,0,,13/10546,47.000,47.000,,,1,,1,1_1,1_2023,1_2023_1_3448
1,2023,1,2023-04-19,2023-04-25,3451,3451,,4301535,,23000240,,03/2321080,2.000,2.000,,,1,,1,1_1,1_2023,1_2023_1_3451
1,2023,1,2023-04-21,2023-04-25,3453,3453,,4300012,,23000246,,03/10004,2.000,2.000,,,1,,1,1_1,1_2023,1_2023_1_3453
1,2023,1,2023-04-03,2023-04-26,3335,3335,,4300267,,23000210,,02/07880A,32.000,32.000,,,1,,1,1_1,1_2023,1_2023_1_3335
1,2023,1,2023-04-24,2023-04-25,3454,3454,,4301708,,23000247,,03/00274,2.000,2.000,,,1,,1,1_1,1_2023,1_2023_1_3454
1,2023,1,2023-04-27,2023-05-02,3458,3458,,4300617,,23000258,,02/10817B01,8.000,8.000,,,1,,1,1_1,1_2023,1_2023_1_3458
1,2023,1,2023-04-13,2023-04-26,3439,3439,,4301789,,23000227,,04/178900003,303.000,303.000,,,1,,1,1_1,1_2023,1_2023_1_3439
1,2023,1,2023-04-27,2023-04-27,3456,3456,,4300357,,23000257,,01/09700,1.000,1.000,,,1,,1,1_1,1_2023,1_2023_1_3456
1,2023,1,2023-04-25,2023-04-26,3455,3455,,4301858,,23000253,,02/10783,12.000,12.000,,,1,,1,1_1,1_2023,1_2023_1_3455
1,2023,1,2023-04-11,2023-05-08,3423,3423,,4300267,,23000219,,02/08689,16192.000,16192.000,,,1,,1,1_1,1_2023,1_2023_1_3423
1,2023,1,2023-05-29,2023-05-30,3549,3549,,4300837,,23000324,,10/01001R,6.000,6.000,,,1,,1,1_1,1_2023,1_2023_1_3549
1,2023,1,2023-03-24,2023-04-26,3385,3385,,4301839,,23000193,,02/10670AR,4.000,4.000,,,1,,1,1_1,1_2023,1_2023_1_3385
1,2023,1,2023-04-28,2023-04-30,3468,3468,,4309999,,0,,.ABC03,18.000,18.000,,,1,,1,1_1,1_2023,1_2023_1_3468
1,2023,1,2023-05-11,2023-05-12,3497,3497,,4300357,,23000284,,02/09714,7.000,7.000,,,1,,1,1_1,1_2023,1_2023_1_3497
1,2023,1,2023-04-11,2023-05-10,3421,3421,,4300267,,23000219,,02/08098A,32.000,32.000,,,1,,1,1_1,1_2023,1_2023_1_3421
1,2023,1,2023-04-28,2023-05-08,3464,3464,,4300267,,23000261,,02/09309A,195.000,195.000,,,1,,1,1_1,1_2023,1_2023_1_3464
1,2023,1,2023-05-04,2023-05-05,3476,3476,,4300837,,23000266,,03/6523120,1.000,1.000,,,1,,1,1_1,1_2023,1_2023_1_3476
1,2023,1,2023-05-02,2023-05-02,3470,3470,,4300267,,23000261,,55/00201MP,60.000,60.000,,,1,,1,1_1,1_2023,1_2023_1_3470
1,2023,1,2023-05-08,2023-05-11,3482,3482,,4301708,,23000277,,03/1631135,6.000,6.000,,,1,,1,1_1,1_2023,1_2023_1_3482
1,2023,1,2023-04-11,2023-05-08,3422,3422,,4300267,,23000219,,02/08099A,32.000,32.000,,,1,,1,1_1,1_2023,1_2023_1_3422
1,2023,1,2023-05-12,2023-06-02,3501,3501,,4309999,,0,,13/10031,4.000,4.000,,,1,,1,1_1,1_2023,1_2023_1_3501
1,2023,1,2023-05-05,2023-05-09,3477,3477,,4301526,,23000272,,04/34300,339.000,339.000,,,1,,1,1_1,1_2023,1_2023_1_3477
1,2023,1,2023-05-12,2023-06-05,3499,3499,,4300718,,23000279,,03/00453,6.000,6.000,,,1,,1,1_1,1_2023,1_2023_1_3499
1,2023,1,2023-04-27,2023-05-02,3459,3459,,4300012,,23000259,,03/10004,1.000,1.000,,,1,,1,1_1,1_2023,1_2023_1_3459
1,2023,1,2023-05-05,2023-05-09,3478,3478,,4301526,,23000272,,04/34301,335.000,335.000,,,1,,1,1_1,1_2023,1_2023_1_3478
1,2023,1,2023-04-28,2023-05-02,3467,3467,,4300200,,23000262,,02/09848R,10.000,10.000,,,1,,1,1_1,1_2023,1_2023_1_3467
1,2023,1,2023-12-01,,4006,,,4309999,,0,,.RC,1.000,0.000,,,0,,1,1_1,1_2023,1_2023_1_4006
1,2023,1,2023-05-17,2023-05-19,3528,3528,,4301708,,23000299,,03/00431A,1.000,1.000,,,1,,1,1_1,1_2023,1_2023_1_3528
1,2023,1,2023-05-08,2023-05-08,3479,3479,,4301017,,23000274,,55/40401MPA,4.000,4.000,,,1,,1,1_1,1_2023,1_2023_1_3479
1,2023,1,2023-05-24,2023-06-01,3539,3539,,4301167,,23000311,,02/10868,1.000,1.000,,,1,,1,1_1,1_2023,1_2023_1_3539
1,2023,1,2023-04-11,2023-05-02,3424,3424,,4300267,,23000220,,02/07878,288.000,288.000,,,1,,1,1_1,1_2023,1_2023_1_3424
1,2023,1,2023-06-06,2023-06-07,3566,3566,,4301505,,23000339,,55/10127MPA,3.000,3.000,,,1,,1,1_1,1_2023,1_2023_1_3566
1,2023,1,2023-04-11,2023-05-02,3425,3425,,4300267,,23000220,,02/07879A,32.000,32.000,,,1,,1,1_1,1_2023,1_2023_1_3425
1,2023,1,2023-05-31,2023-06-02,3557,3557,,4301851,,23000331,,02/10700,20.000,20.000,,,1,,1,1_1,1_2023,1_2023_1_3557
1,2023,1,2023-04-11,2023-05-02,3426,3426,,4300267,,23000220,,02/07880A,32.000,32.000,,,1,,1,1_1,1_2023,1_2023_1_3426
1,2023,1,2023-05-25,2023-06-02,3544,3544,,4300228,,23000319,,01/08265,20.000,20.000,,,1,,1,1_1,1_2023,1_2023_1_3544
1,2023,1,2023-06-05,2023-06-07,3564,3564,,4300895,,23000338,,03/2621165A,3.000,3.000,,,1,,1,1_1,1_2023,1_2023_1_3564
1,2023,1,2023-05-31,2023-05-31,3554,3554,,4309999,,0,,.ABC03,41.000,41.000,,,1,,1,1_1,1_2023,1_2023_1_3554
1,2023,1,2023-05-16,2023-05-29,3524,3524,,4300267,,23000297,,02/09309A,104.000,104.000,,,1,,1,1_1,1_2023,1_2023_1_3524
1,2023,1,2023-05-03,2023-05-08,3474,3474,,4309999,,0,,12/90002,13.000,13.000,,,1,,1,1_1,1_2023,1_2023_1_3474
1,2023,1,2023-05-08,2023-05-09,3481,3481,,4300012,,23000276,,03/10000,1.000,1.000,,,1,,1,1_1,1_2023,1_2023_1_3481
1,2023,1,2023-05-08,2023-05-08,3480,3480,,4300755,,23000268,,02/07763R,5.000,5.000,,,1,,1,1_1,1_2023,1_2023_1_3480
1,2023,1,2023-05-16,2023-05-29,3525,3525,,4300267,,23000297,,02/09311A,131.000,131.000,,,1,,1,1_1,1_2023,1_2023_1_3525
1,2023,1,2023-11-23,2023-12-04,3976,3976,,4309999,,0,,02/0970001,50.000,50.000,,,1,,1,1_1,1_2023,1_2023_1_3976
1,2023,1,2023-05-08,2023-05-11,3483,3483,,4301708,,23000277,,03/2631135,12.000,12.000,,,1,,1,1_1,1_2023,1_2023_1_3483
1,2023,1,2023-05-10,2023-05-11,3492,3492,,4300739,,23000281,,03/2321065,4.000,4.000,,,1,,1,1_1,1_2023,1_2023_1_3492
1,2023,1,2023-05-31,2023-05-31,3555,3555,,4309999,,0,,04/99999,2.700,2.700,,,1,,1,1_1,1_2023,1_2023_1_3555
1,2023,1,2023-04-27,2023-05-15,3460,3460,,4300267,,23000260,,02/08097,144.000,144.000,,,1,,1,1_1,1_2023,1_2023_1_3460
1,2023,1,2023-04-27,2023-05-15,3461,3461,,4300267,,23000260,,02/08098A,16.000,16.000,,,1,,1,1_1,1_2023,1_2023_1_3461
1,2023,1,2023-05-15,2023-05-22,3505,3505,,4300240,,23000291,,04/024000204,10.000,10.000,,,1,,1,1_1,1_2023,1_2023_1_3505
1,2023,1,2023-05-09,2023-05-18,3485,3485,,4309999,,0,,10/01051,394.000,394.000,,,1,,1,1_1,1_2023,1_2023_1_3485
1,2023,1,2023-05-09,2023-05-18,3486,3486,,4309999,,0,,10/01052,402.000,402.000,,,1,,1,1_1,1_2023,1_2023_1_3486
1,2023,1,2023-04-27,2023-05-11,3463,3463,,4300267,,23000260,,02/08689,8319.000,8319.000,,,1,,1,1_1,1_2023,1_2023_1_3463
1,2023,1,2023-04-27,2023-05-15,3462,3462,,4300267,,23000260,,02/08099A,16.000,16.000,,,1,,1,1_1,1_2023,1_2023_1_3462
1,2023,1,2023-05-10,2023-05-11,3491,3491,,4309999,,0,,10/03002,12.000,12.000,,,1,,1,1_1,1_2023,1_2023_1_3491
1,2023,1,2023-05-09,2023-05-23,3487,3487,,4309999,,0,,10/01053,1363.000,1363.000,,,1,,1,1_1,1_2023,1_2023_1_3487
1,2023,1,2023-05-10,2023-05-25,3493,3493,,4300267,,23000282,,02/07878,288.000,288.000,,,1,,1,1_1,1_2023,1_2023_1_3493
1,2023,1,2023-01-01,2023-05-11,2282,2282,,4300617,,22000090,,02/10576A,8.000,8.000,,,1,,1,1_1,1_2023,1_2023_1_2282
1,2023,1,2023-05-19,2023-05-22,3529,3529,,4300837,,23000303,,02/07530BR,5.000,5.000,,,1,,1,1_1,1_2023,1_2023_1_3529
1,2023,1,2023-05-12,2023-05-15,3498,3498,,4300755,,23000286,,02/07763R,5.000,5.000,,,1,,1,1_1,1_2023,1_2023_1_3498
1,2023,1,2023-05-09,2023-05-23,3490,3490,,4309999,,0,,10/01001,131.000,131.000,,,1,,1,1_1,1_2023,1_2023_1_3490
1,2023,1,2023-05-16,2023-05-31,3513,3513,,4300267,,23000295,,02/09002,64.000,64.000,,,1,,1,1_1,1_2023,1_2023_1_3513
1,2023,1,2023-05-16,2023-05-31,3514,3514,,4300267,,23000295,,02/0900201,64.000,64.000,,,1,,1,1_1,1_2023,1_2023_1_3514
1,2023,1,2023-05-10,2023-05-25,3495,3495,,4300267,,23000282,,02/07880A,32.000,32.000,,,1,,1,1_1,1_2023,1_2023_1_3495
1,2023,1,2023-04-11,2023-05-17,3419,3419,,4300267,,23000218,,02/09935,6584.000,6584.000,,,1,,1,1_1,1_2023,1_2023_1_3419
1,2023,1,2023-05-16,2023-05-16,3508,3508,,4300617,,23000294,,55/00101MP,30.400,30.400,,,1,,1,1_1,1_2023,1_2023_1_3508
1,2023,1,2023-05-15,2023-05-16,3506,3506,,4300837,,23000292,,02/10865,1.000,1.000,,,1,,1,1_1,1_2023,1_2023_1_3506
1,2023,1,2023-04-11,2023-05-17,3416,3416,,4300267,,23000218,,02/09937,144.000,144.000,,,1,,1,1_1,1_2023,1_2023_1_3416
1,2023,1,2023-04-11,2023-05-17,3417,3417,,4300267,,23000218,,02/09936A,16.000,16.000,,,1,,1,1_1,1_2023,1_2023_1_3417
1,2023,1,2023-04-11,2023-05-17,3418,3418,,4300267,,23000218,,02/09938A,16.000,16.000,,,1,,1,1_1,1_2023,1_2023_1_3418
1,2023,1,2023-05-09,2023-05-18,3489,3489,,4309999,,0,,10/01000,150.000,150.000,,,1,,1,1_1,1_2023,1_2023_1_3489
1,2023,1,2023-04-28,2023-05-18,3466,3466,,4300267,,23000261,,02/10285,36.000,36.000,,,1,,1,1_1,1_2023,1_2023_1_3466
1,2023,1,2023-06-05,2023-06-06,3563,3563,,4300677,,23000337,,01/10331R,1.000,1.000,,,1,,1,1_1,1_2023,1_2023_1_3563
1,2023,1,2023-05-23,2023-05-30,3538,3538,,4300652,,23000313,,02/07957,980.000,980.000,,,1,,1,1_1,1_2023,1_2023_1_3538
1,2023,1,2023-05-22,2023-05-22,3532,3532,,4301024,,23000307,,55/00101MP,520.000,520.000,,,1,,1,1_1,1_2023,1_2023_1_3532
1,2023,1,2023-05-12,2023-06-13,3502,3502,,4309999,,0,,13/10023,37.000,37.000,,,1,,1,1_1,1_2023,1_2023_1_3502
1,2023,1,2023-05-19,2023-05-19,3530,3530,,4301489,,23000290,,12/90030R,1.000,1.000,,,1,,1,1_1,1_2023,1_2023_1_3530
1,2023,1,2023-08-29,2023-08-30,3725,3725,,4301167,,23000457,,55/01002MP,7.040,7.040,,,1,,1,1_1,1_2023,1_2023_1_3725
1,2023,1,2023-05-09,2023-05-23,3488,3488,,4309999,,0,,10/01054,148.000,148.000,,,1,,1,1_1,1_2023,1_2023_1_3488
1,2023,1,2023-05-12,2023-06-05,3500,3500,,4300718,,23000279,,03/2231048,4.000,4.000,,,1,,1,1_1,1_2023,1_2023_1_3500
1,2023,1,2023-05-22,2023-05-22,3533,3533,,4300145,,23000308,,55/32506MP,40.520,40.520,,,1,,1,1_1,1_2023,1_2023_1_3533
1,2023,1,2023-05-10,2023-05-23,3496,3496,,4300267,,23000282,,02/08686,16447.000,16447.000,,,1,,1,1_1,1_2023,1_2023_1_3496
1,2023,1,2023-05-16,2023-06-02,3520,3520,,4300267,,23000297,,02/09935,7904.000,7904.000,,,1,,1,1_1,1_2023,1_2023_1_3520
1,2023,1,2023-05-16,2023-05-23,3526,3526,,4300617,,23000300,,02/10866,4.000,4.000,,,1,,1,1_1,1_2023,1_2023_1_3526
1,2023,1,2023-05-15,2023-05-22,3504,3504,,4300754,,23000289,,01/10306R,1.000,1.000,,,1,,1,1_1,1_2023,1_2023_1_3504
1,2023,1,2023-05-24,2023-05-26,3542,3542,,4300012,,23000317,,03/10000,1.000,1.000,,,1,,1,1_1,1_2023,1_2023_1_3542
1,2023,1,2023-05-10,2023-05-25,3494,3494,,4300267,,23000282,,02/07879A,32.000,32.000,,,1,,1,1_1,1_2023,1_2023_1_3494
1,2023,1,2023-05-22,2023-05-22,3534,3534,,4301030,,23000309,,02/07893,10.000,10.000,,,1,,1,1_1,1_2023,1_2023_1_3534
1,2023,1,2023-06-15,2023-06-26,3588,3588,,4301854,,23000360,,01/10335,8.000,8.000,,,1,,1,1_1,1_2023,1_2023_1_3588
1,2023,1,2023-05-16,2023-05-25,3515,3515,,4300267,,23000295,,10/90003,64.000,64.000,,,1,,1,1_1,1_2023,1_2023_1_3515
1,2023,1,2023-05-25,2023-05-26,3545,3545,,4300160,,23000320,,03/6423120,1.000,1.000,,,1,,1,1_1,1_2023,1_2023_1_3545
1,2023,1,2023-06-01,2023-06-05,3562,3562,,4300012,,23000332,,03/10000,6.000,6.000,,,1,,1,1_1,1_2023,1_2023_1_3562
1,2023,1,2023-07-11,2023-11-06,3673,3673,,4300267,,23000412,,02/09909,16667.000,16667.000,,,1,,1,1_1,1_2023,1_2023_1_3673
1,2023,1,2023-05-16,2023-05-29,3512,3512,,4300267,,23000296,,02/08720,4656.000,4656.000,,,1,,1,1_1,1_2023,1_2023_1_3512
1,2023,1,2023-05-24,2023-05-29,3543,3543,,4301708,,23000318,,01/10051,1.000,1.000,,,1,,1,1_1,1_2023,1_2023_1_3543
1,2023,1,2023-05-16,2023-05-31,3521,3521,,4300267,,23000297,,02/10285,40.000,40.000,,,1,,1,1_1,1_2023,1_2023_1_3521
1,2023,1,2023-06-08,2023-06-14,3575,3575,,4301557,,23000348,,02/10093R,13.000,13.000,,,1,,1,1_1,1_2023,1_2023_1_3575
1,2023,1,2023-06-20,2023-06-22,3632,3632,,4300012,,23000379,,03/10005,1.000,1.000,,,1,,1,1_1,1_2023,1_2023_1_3632
1,2023,1,2023-06-02,2023-06-05,3561,3561,,4300788,,23000334,,10/02001,143.000,143.000,,,1,,1,1_1,1_2023,1_2023_1_3561
1,2023,1,2023-05-29,2023-05-29,3552,3552,,4300145,,23000327,,55/00161MP,50.000,50.000,,,1,,1,1_1,1_2023,1_2023_1_3552
1,2023,1,2023-06-09,2023-06-14,3449,3449,,4301677,,23000238,,03/00443A,6.000,6.000,,,1,,1,1_1,1_2023,1_2023_1_3449
1,2023,1,2023-05-24,2023-05-29,3540,3540,,4301682,,23000316,,02/10828A,3.000,3.000,,,1,,1,1_1,1_2023,1_2023_1_3540
1,2023,1,2023-06-01,2023-06-01,3559,3559,,4309999,,0,,10/01056,200.000,200.000,,,1,,1,1_1,1_2023,1_2023_1_3559
1,2023,1,2023-05-16,2023-05-29,3509,3509,,4300267,,23000296,,02/10656,96.000,96.000,,,1,,1,1_1,1_2023,1_2023_1_3509
1,2023,1,2023-06-06,2023-06-12,3565,3565,,4301244,,23000336,,02/124400002,1.000,1.000,,,1,,1,1_1,1_2023,1_2023_1_3565
1,2023,1,2023-05-16,2023-05-29,3510,3510,,4300267,,23000296,,02/10655,16.000,16.000,,,1,,1,1_1,1_2023,1_2023_1_3510
1,2023,1,2023-06-08,2023-06-13,3574,3574,,4300677,,23000349,,02/09304B,10.000,10.000,,,1,,1,1_1,1_2023,1_2023_1_3574
1,2023,1,2023-05-16,2023-05-29,3511,3511,,4300267,,23000296,,02/10657,16.000,16.000,,,1,,1,1_1,1_2023,1_2023_1_3511
1,2023,1,2023-05-16,2023-06-02,3517,3517,,4300267,,23000297,,02/09937,144.000,144.000,,,1,,1,1_1,1_2023,1_2023_1_3517
1,2023,1,2023-06-08,2023-06-14,3576,3576,,4301557,,23000348,,02/10521AR,7.000,7.000,,,1,,1,1_1,1_2023,1_2023_1_3576
1,2023,1,2023-05-16,2023-06-02,3518,3518,,4300267,,23000297,,02/09936A,16.000,16.000,,,1,,1,1_1,1_2023,1_2023_1_3518
1,2023,1,2023-06-12,2023-06-12,3582,3582,,4301854,,23000352,,02/10862R,1.000,1.000,,,1,,1,1_1,1_2023,1_2023_1_3582
1,2023,1,2023-05-16,2023-06-02,3519,3519,,4300267,,23000297,,02/09938A,16.000,16.000,,,1,,1,1_1,1_2023,1_2023_1_3519
1,2023,1,2023-05-29,2023-06-02,3550,3550,,4300837,,23000324,,02/07530BR,1.000,1.000,,,1,,1,1_1,1_2023,1_2023_1_3550
1,2023,1,2023-05-31,2023-06-07,3556,3556,,4301439,,23000330,,01/10334,4.000,4.000,,,1,,1,1_1,1_2023,1_2023_1_3556
1,2023,1,2023-05-29,2023-06-02,3551,3551,,4300837,,23000324,,02/07870AR,1.000,1.000,,,1,,1,1_1,1_2023,1_2023_1_3551
1,2023,1,2023-05-29,2023-06-07,3547,3547,,4301864,,23000322,,01/10305,8.000,8.000,,,1,,1,1_1,1_2023,1_2023_1_3547
1,2023,1,2023-05-31,2023-06-02,3558,3558,,4301851,,23000331,,02/07695,65.000,65.000,,,1,,1,1_1,1_2023,1_2023_1_3558
1,2023,1,2023-05-26,2023-06-02,3546,3546,,4301869,,23000314,,01/10333,6.000,6.000,,,1,,1,1_1,1_2023,1_2023_1_3546
1,2023,1,2023-07-04,2023-07-13,3647,3647,,4301557,,23000398,,02/09991AR,16.000,16.000,,,1,,1,1_1,1_2023,1_2023_1_3647
1,2023,1,2023-06-19,2023-07-04,3612,3612,,4300267,,23000366,,10/90003,48.000,48.000,,,1,,1,1_1,1_2023,1_2023_1_3612
1,2023,1,2023-06-16,2023-06-19,3608,3608,,4300788,,23000364,,10/10161,200.000,200.000,,,1,,1,1_1,1_2023,1_2023_1_3608
1,2023,1,2023-06-08,2023-06-14,3577,3577,,4301557,,23000348,,02/09991AR,13.000,13.000,,,1,,1,1_1,1_2023,1_2023_1_3577
1,2023,1,2023-06-13,2023-06-14,3583,3583,,4301854,,23000354,,55/00802MP,2.000,2.000,,,1,,1,1_1,1_2023,1_2023_1_3583
1,2023,1,2023-06-09,2023-06-13,3579,3579,,4300012,,23000351,,03/10000,4.000,4.000,,,1,,1,1_1,1_2023,1_2023_1_3579
1,2023,1,2023-06-07,2023-06-09,3569,3569,,4301474,,23000344,,10/10280,349.000,349.000,,,1,,1,1_1,1_2023,1_2023_1_3569
1,2023,1,2023-05-17,2023-05-19,3527,3527,,4301708,,23000299,,03/1321045,2.000,2.000,,,1,,1,1_1,1_2023,1_2023_1_3527
1,2023,1,2023-07-18,2023-08-02,3702,3702,,4300013,,23000424,,01/10337,1.000,1.000,,,1,,1,1_1,1_2023,1_2023_1_3702
1,2023,1,2023-05-31,2023-06-02,3553,3553,,4300989,,23000329,,02/10111R,2.000,2.000,,,1,,1,1_1,1_2023,1_2023_1_3553
1,2023,1,2023-04-03,2023-06-09,3413,3413,,4309999,,0,,.RC,1.000,1.000,,,1,,1,1_1,1_2023,1_2023_1_3413
1,2023,1,2023-11-29,2023-12-14,3996,3996,,4301030,,23000651,,01/09606,5.000,5.000,,,1,,1,1_1,1_2023,1_2023_1_3996
1,2023,1,2023-06-09,2023-06-13,3580,3580,,4300012,,23000351,,03/10000,3.000,3.000,,,1,,1,1_1,1_2023,1_2023_1_3580
1,2023,1,2023-06-07,2023-06-09,3571,3571,,4300619,,23000343,,03/1531145,1.000,1.000,,,1,,1,1_1,1_2023,1_2023_1_3571
1,2023,1,2023-06-08,2023-06-09,3572,3572,,4300240,,23000345,,04/024000032,100.000,100.000,,,1,,1,1_1,1_2023,1_2023_1_3572
1,2023,1,2023-06-15,2023-06-20,3587,3587,,4300240,,23000359,,04/024000033,200.000,200.000,,,1,,1,1_1,1_2023,1_2023_1_3587
1,2023,1,2023-06-08,2023-06-09,3573,3573,,4301520,,23000347,,02/10712,197.000,197.000,,,1,,1,1_1,1_2023,1_2023_1_3573
1,2023,1,2023-06-09,2023-06-13,3581,3581,,4300012,,23000351,,03/10004,3.000,3.000,,,1,,1,1_1,1_2023,1_2023_1_3581
1,2023,1,2023-05-16,2023-06-14,3522,3522,,4300267,,23000297,,10/90027,32.000,32.000,,,1,,1,1_1,1_2023,1_2023_1_3522
1,2023,1,2023-06-15,2023-07-25,3598,3598,,4300267,,23000362,,02/08687,31400.000,31400.000,,,1,,1,1_1,1_2023,1_2023_1_3598
1,2023,1,2023-11-24,2023-12-11,3981,3981,,4301244,,23000641,,10/02002,304.000,304.000,,,1,,1,1_1,1_2023,1_2023_1_3981
1,2023,1,2023-06-19,2023-07-27,3625,3625,,4300267,,23000377,,10/90027,150.000,150.000,,,1,,1,1_1,1_2023,1_2023_1_3625
1,2023,1,2023-06-14,2023-06-14,3586,3586,,4300718,,23000357,,02/10788R,1.000,1.000,,,1,,1,1_1,1_2023,1_2023_1_3586
1,2023,1,2023-11-30,2023-12-13,3999,3999,,4301621,,23000652,,02/10896,14.000,14.000,,,1,,1,1_1,1_2023,1_2023_1_3999
1,2023,1,2023-05-16,2023-06-14,3516,3516,,4300267,,23000297,,02/10867,16.000,16.000,,,1,,1,1_1,1_2023,1_2023_1_3516
1,2023,1,2023-11-09,2023-11-27,3906,3906,,4300267,,23000599,,02/1017101,20.000,20.000,,,1,,1,1_1,1_2023,1_2023_1_3906
1,2023,1,2023-10-11,2023-11-08,3851,3851,,4300532,,23000549,,01/10343,18.000,18.000,,,1,,1,1_1,1_2023,1_2023_1_3851
1,2023,1,2023-07-26,2023-08-02,3710,3710,,4301870,,23000438,,10/02001,208.000,208.000,,,1,,1,1_1,1_2023,1_2023_1_3710
1,2023,1,2023-06-15,2023-09-14,3597,3597,,4300267,,23000362,,02/07962,64.000,64.000,,,1,,1,1_1,1_2023,1_2023_1_3597
1,2023,1,2023-06-14,2023-06-14,3585,3585,,4301244,,23000353,,02/124400002,1.000,1.000,,,1,,1,1_1,1_2023,1_2023_1_3585
1,2023,1,2023-09-21,2023-10-10,3800,3800,,4301708,,23000506,,03/00452,10.000,10.000,,,1,,1,1_1,1_2023,1_2023_1_3800
1,2023,1,2023-05-23,2023-06-14,3535,3535,,4309999,,0,,10/03005,53.000,53.000,,,1,,1,1_1,1_2023,1_2023_1_3535
1,2023,1,2023-05-19,2023-06-16,3531,3531,,4300104,,23000306,,01/10302,30.000,30.000,,,1,,1,1_1,1_2023,1_2023_1_3531
1,2023,1,2023-06-15,2023-06-16,3589,3589,,4300357,,23000361,,01/09691,22.000,22.000,,,1,,1,1_1,1_2023,1_2023_1_3589
1,2023,1,2023-11-16,2023-12-05,3956,3956,,4301682,,23000618,,02/10890,12.000,12.000,,,1,,1,1_1,1_2023,1_2023_1_3956
1,2023,1,2023-06-16,2023-06-19,3606,3606,,4300012,,23000363,,03/10000,10.000,10.000,,,1,,1,1_1,1_2023,1_2023_1_3606
1,2023,1,2023-06-16,2023-06-19,3607,3607,,4300012,,23000363,,03/10000,6.000,6.000,,,1,,1,1_1,1_2023,1_2023_1_3607
1,2023,1,2023-12-18,,4016,,,4301555,,23000668,,02/10735,3.000,0.000,,,0,,1,1_1,1_2023,1_2023_1_4016
1,2023,1,2023-09-15,2023-11-22,3784,3784,,4300267,,23000495,,02/10413,192.000,192.000,,,1,,1,1_1,1_2023,1_2023_1_3784
1,2023,1,2023-12-18,,4022,,,4300267,,23000673,,02/09919A,64.000,0.000,,,0,,1,1_1,1_2023,1_2023_1_4022
1,2023,1,2023-11-09,2023-11-30,3908,3908,,4300267,,23000599,,02/09207A,20.000,20.000,,,1,,1,1_1,1_2023,1_2023_1_3908
1,2023,1,2023-07-07,2023-10-06,3662,3662,,4300617,,23000402,,02/1002101,5843.000,5843.000,,,1,,1,1_1,1_2023,1_2023_1_3662
1,2023,1,2023-07-11,2023-10-06,3666,3666,,4300267,,23000410,,02/07940,560.000,560.000,,,1,,1,1_1,1_2023,1_2023_1_3666
1,2023,1,2023-07-11,2023-07-20,3690,3690,,4301789,,23000417,,04/178900002,503.000,503.000,,,1,,1,1_1,1_2023,1_2023_1_3690
1,2023,1,2023-06-20,2023-06-22,3635,3635,,4300357,,23000380,,01/09700,8.000,8.000,,,1,,1,1_1,1_2023,1_2023_1_3635
1,2023,1,2023-07-26,2023-09-06,3714,3714,,4300012,,23000441,,03/10000,12.000,12.000,,,1,,1,1_1,1_2023,1_2023_1_3714
1,2023,1,2023-06-19,2023-06-19,3609,3609,,4300012,,23000372,,03/10005,1.000,1.000,,,1,,1,1_1,1_2023,1_2023_1_3609
1,2023,1,2023-07-14,2023-07-20,3697,3697,,4300012,,23000427,,03/10004,2.000,2.000,,,1,,1,1_1,1_2023,1_2023_1_3697
1,2023,1,2023-06-07,2023-07-10,3567,3567,,4301017,,23000341,,02/10531,1.000,1.000,,,1,,1,1_1,1_2023,1_2023_1_3567
1,2023,1,2023-06-07,2023-06-21,3568,3568,,4301474,,23000344,,02/10870,12.000,12.000,,,1,,1,1_1,1_2023,1_2023_1_3568
1,2023,1,2023-07-31,2023-07-31,3723,3723,,4309999,,0,,.ABC03,31.000,31.000,,,1,,1,1_1,1_2023,1_2023_1_3723
1,2023,1,2023-06-16,2023-07-12,3599,3599,,4300267,,23000362,,02/07706,160.000,160.000,,,1,,1,1_1,1_2023,1_2023_1_3599
1,2023,1,2023-05-23,2023-07-18,3537,3537,,4300652,,23000313,,02/07954,458.000,458.000,,,1,,1,1_1,1_2023,1_2023_1_3537
1,2023,1,2023-06-16,2023-07-12,3601,3601,,4300267,,23000362,,02/07723,32.000,32.000,,,1,,1,1_1,1_2023,1_2023_1_3601
1,2023,1,2023-07-04,2023-07-13,3648,3648,,4301557,,23000398,,02/10093R,3.000,3.000,,,1,,1,1_1,1_2023,1_2023_1_3648
1,2023,1,2023-07-04,2023-07-13,3649,3649,,4301557,,23000398,,02/10521AR,1.000,1.000,,,1,,1,1_1,1_2023,1_2023_1_3649
1,2023,1,2023-06-21,2023-06-22,3636,3636,,4300012,,23000383,,03/10005,1.000,1.000,,,1,,1,1_1,1_2023,1_2023_1_3636
1,2023,1,2023-06-19,2023-06-21,3613,3613,,4300267,,23000366,,02/08709,196.000,196.000,,,1,,1,1_1,1_2023,1_2023_1_3613
1,2023,1,2023-06-15,2023-07-24,3590,3590,,4300267,,23000362,,02/10008,288.000,288.000,,,1,,1,1_1,1_2023,1_2023_1_3590
1,2023,1,2023-10-11,2023-11-08,3853,3853,,4300532,,23000549,,01/10345,2.000,2.000,,,1,,1,1_1,1_2023,1_2023_1_3853
1,2023,1,2023-06-21,2023-07-10,3637,3637,,4300758,,23000381,,02/10871,24.000,24.000,,,1,,1,1_1,1_2023,1_2023_1_3637
1,2023,1,2023-06-20,2023-07-05,3633,3633,,4301439,,23000378,,01/09998,4.000,4.000,,,1,,1,1_1,1_2023,1_2023_1_3633
1,2023,1,2023-06-30,2023-06-30,3644,3644,,4309999,,0,,.ABC03,55.000,55.000,,,1,,1,1_1,1_2023,1_2023_1_3644
1,2023,1,2023-07-06,2023-07-07,3659,3659,,4300145,,23000403,,55/32506MPA,8.000,8.000,,,1,,1,1_1,1_2023,1_2023_1_3659
1,2023,1,2023-06-30,2023-06-30,3645,3645,,4309999,,0,,04/99999,44.010,44.010,,,1,,1,1_1,1_2023,1_2023_1_3645
1,2023,1,2023-06-20,2023-07-05,3634,3634,,4301439,,23000378,,01/09999,4.000,4.000,,,1,,1,1_1,1_2023,1_2023_1_3634
1,2023,1,2023-09-15,2023-10-06,3788,3788,,4301851,,23000496,,02/07871,4.000,4.000,,,1,,1,1_1,1_2023,1_2023_1_3788
1,2023,1,2023-06-22,2023-07-05,3639,3639,,4300240,,23000384,,04/024000038,50.000,50.000,,,1,,1,1_1,1_2023,1_2023_1_3639
1,2023,1,2023-07-05,2023-07-07,3654,3654,,4300617,,23000397,,02/107030102,100.000,100.000,,,1,,1,1_1,1_2023,1_2023_1_3654
1,2023,1,2023-06-13,2023-07-04,3584,3584,,4301000,,23000355,,04/100000009,1.000,1.000,,,1,,1,1_1,1_2023,1_2023_1_3584
1,2023,1,2023-06-26,2023-07-05,3640,3640,,4300240,,23000388,,04/024000018,22.000,22.000,,,1,,1,1_1,1_2023,1_2023_1_3640
1,2023,1,2023-06-15,2023-07-04,3594,3594,,4300267,,23000362,,02/08702A,12084.000,12084.000,,,1,,1,1_1,1_2023,1_2023_1_3594
1,2023,1,2023-06-21,2023-07-10,3638,3638,,4300758,,23000381,,02/10872,24.000,24.000,,,1,,1,1_1,1_2023,1_2023_1_3638
1,2023,1,2023-06-15,2023-07-04,3591,3591,,4300267,,23000362,,02/08468,240.000,240.000,,,1,,1,1_1,1_2023,1_2023_1_3591
1,2023,1,2023-07-05,2023-07-07,3655,3655,,4300617,,23000397,,02/107030103,100.000,100.000,,,1,,1,1_1,1_2023,1_2023_1_3655
1,2023,1,2023-06-15,2023-07-04,3592,3592,,4300267,,23000362,,02/08467,48.000,48.000,,,1,,1,1_1,1_2023,1_2023_1_3592
1,2023,1,2023-07-14,2023-07-20,3698,3698,,4302013,,23000428,,03/1631120,1.000,1.000,,,1,,1,1_1,1_2023,1_2023_1_3698
1,2023,1,2023-06-15,2023-07-04,3593,3593,,4300267,,23000362,,02/08469,48.000,48.000,,,1,,1,1_1,1_2023,1_2023_1_3593
1,2023,1,2023-07-05,2023-07-21,3658,3658,,4300227,,23000400,,02/10874,1.000,1.000,,,1,,1,1_1,1_2023,1_2023_1_3658
1,2023,1,2023-06-27,2023-07-04,3641,3641,,4301244,,23000369,,02/10873,1.000,1.000,,,1,,1,1_1,1_2023,1_2023_1_3641
1,2023,1,2023-11-07,2023-11-08,3900,3900,,4300240,,23000594,,04/024000033,6.000,6.000,,,1,,1,1_1,1_2023,1_2023_1_3900
1,2023,1,2023-06-19,2023-07-04,3624,3624,,4300267,,23000377,,10/90005,24.000,24.000,,,1,,1,1_1,1_2023,1_2023_1_3624
1,2023,1,2023-07-04,2023-07-13,3650,3650,,4301557,,23000398,,02/10384R,4.000,4.000,,,1,,1,1_1,1_2023,1_2023_1_3650
1,2023,1,2023-06-20,2023-07-04,3631,3631,,4300267,,23000377,,10/10160,8228.000,8228.000,,,1,,1,1_1,1_2023,1_2023_1_3631
1,2023,1,2023-06-19,2023-07-14,3622,3622,,4300267,,23000377,,02/08805B,24.000,24.000,,,1,,1,1_1,1_2023,1_2023_1_3622
1,2023,1,2023-07-12,2023-07-14,3692,3692,,4300357,,23000420,,02/09847A,2.000,2.000,,,1,,1,1_1,1_2023,1_2023_1_3692
1,2023,1,2023-06-19,2023-07-07,3611,3611,,4300267,,23000366,,02/0900201,48.000,48.000,,,1,,1,1_1,1_2023,1_2023_1_3611
1,2023,1,2023-07-11,2023-09-27,3675,3675,,4300267,,23000414,,02/08098A,16.000,16.000,,,1,,1,1_1,1_2023,1_2023_1_3675
1,2023,1,2023-06-19,2023-07-07,3623,3623,,4300267,,23000377,,02/0880501,24.000,24.000,,,1,,1,1_1,1_2023,1_2023_1_3623
1,2023,1,2023-06-19,2023-09-14,3615,3615,,4300267,,23000368,,02/07879A,16.000,16.000,,,1,,1,1_1,1_2023,1_2023_1_3615
1,2023,1,2023-07-07,2023-10-06,3661,3661,,4300617,,23000402,,02/10021A,20.000,20.000,,,1,,1,1_1,1_2023,1_2023_1_3661
1,2023,1,2023-11-07,2023-11-08,3901,3901,,4300240,,23000594,,04/024000181,10.000,10.000,,,1,,1,1_1,1_2023,1_2023_1_3901
1,2023,1,2023-07-11,2023-09-27,3676,3676,,4300267,,23000414,,02/08099A,16.000,16.000,,,1,,1,1_1,1_2023,1_2023_1_3676
1,2023,1,2023-09-25,2023-10-06,3808,3808,,4300871,,23000513,,11/11006,623.000,623.000,,,1,,1,1_1,1_2023,1_2023_1_3808
1,2023,1,2023-06-16,2023-07-12,3600,3600,,4300267,,23000362,,02/07722,32.000,32.000,,,1,,1,1_1,1_2023,1_2023_1_3600
1,2023,1,2023-07-05,2023-07-17,3656,3656,,4300254,,23000401,,03/6321060,2.000,2.000,,,1,,1,1_1,1_2023,1_2023_1_3656
1,2023,1,2023-11-07,2023-11-08,3904,3904,,4309999,,0,,10/09510,153.000,153.000,,,1,,1,1_1,1_2023,1_2023_1_3904
1,2023,1,2023-07-05,2023-07-17,3657,3657,,4300254,,23000401,,03/6421060,2.000,2.000,,,1,,1,1_1,1_2023,1_2023_1_3657
1,2023,1,2023-07-10,2023-07-17,3665,3665,,4301870,,23000407,,02/10875,1.000,1.000,,,1,,1,1_1,1_2023,1_2023_1_3665
1,2023,1,2023-07-11,2023-07-17,3682,3682,,4301609,,23000416,,04/1609100050,300.000,300.000,,,1,,1,1_1,1_2023,1_2023_1_3682
1,2023,1,2023-07-11,2023-07-17,3683,3683,,4301609,,23000416,,04/1609150050,204.000,204.000,,,1,,1,1_1,1_2023,1_2023_1_3683
1,2023,1,2023-06-19,2023-07-11,3626,3626,,4300267,,23000377,,02/09309A,203.000,203.000,,,1,,1,1_1,1_2023,1_2023_1_3626
1,2023,1,2023-07-11,2023-07-17,3684,3684,,4301609,,23000416,,04/1609075075,108.000,108.000,,,1,,1,1_1,1_2023,1_2023_1_3684
1,2023,1,2023-07-11,2023-07-17,3685,3685,,4301609,,23000416,,04/1609100075,105.000,105.000,,,1,,1,1_1,1_2023,1_2023_1_3685
1,2023,1,2023-06-19,2023-07-11,3628,3628,,4300267,,23000377,,02/09310A01,200.000,200.000,,,1,,1,1_1,1_2023,1_2023_1_3628
1,2023,1,2023-06-19,2023-07-11,3627,3627,,4300267,,23000377,,02/09310A,102.000,102.000,,,1,,1,1_1,1_2023,1_2023_1_3627
1,2023,1,2023-06-19,2023-07-11,3629,3629,,4300267,,23000377,,02/09311A,119.000,119.000,,,1,,1,1_1,1_2023,1_2023_1_3629
1,2023,1,2023-06-19,2023-07-11,3630,3630,,4300267,,23000377,,02/10285,84.000,84.000,,,1,,1,1_1,1_2023,1_2023_1_3630
1,2023,1,2023-06-27,2023-07-11,3642,3642,,4300160,,23000392,,03/1531070,2.000,2.000,,,1,,1,1_1,1_2023,1_2023_1_3642
1,2023,1,2023-06-30,2023-07-11,3643,3643,,4300012,,23000393,,03/10000,2.000,2.000,,,1,,1,1_1,1_2023,1_2023_1_3643
1,2023,1,2023-07-11,2023-07-17,3686,3686,,4301609,,23000416,,04/1609150075,306.000,306.000,,,1,,1,1_1,1_2023,1_2023_1_3686
1,2023,1,2023-07-11,2023-07-17,3687,3687,,4301609,,23000416,,04/1609325075,51.000,51.000,,,1,,1,1_1,1_2023,1_2023_1_3687
1,2023,1,2023-07-11,2023-07-17,3688,3688,,4301609,,23000416,,04/1609325100,50.000,50.000,,,1,,1,1_1,1_2023,1_2023_1_3688
1,2023,1,2023-07-12,2023-07-17,3693,3693,,4301609,,23000421,,04/1609100050,600.000,600.000,,,1,,1,1_1,1_2023,1_2023_1_3693
1,2023,1,2023-11-21,2023-12-12,3972,3972,,4302013,,23000635,,01/09198,20.000,20.000,,,1,,1,1_1,1_2023,1_2023_1_3972
1,2023,1,2023-10-11,2023-11-08,3852,3852,,4300532,,23000549,,01/10344,1.000,1.000,,,1,,1,1_1,1_2023,1_2023_1_3852
1,2023,1,2023-11-28,2023-12-15,3992,3992,,4300617,,23000649,,02/10817D04,1584.000,1584.000,,,1,,1,1_1,1_2023,1_2023_1_3992
1,2023,1,2023-06-19,2023-07-17,3610,3610,,4300267,,23000366,,02/09002,48.000,48.000,,,1,,1,1_1,1_2023,1_2023_1_3610
1,2023,1,2023-10-11,2023-11-07,3850,3850,,4300718,,23000548,,03/00465,2.000,2.000,,,1,,1,1_1,1_2023,1_2023_1_3850
1,2023,1,2023-07-12,2023-07-18,3691,3691,,4300617,,23000399,,02/10817B01,42.000,42.000,,,1,,1,1_1,1_2023,1_2023_1_3691
1,2023,1,2023-07-05,2023-07-18,3653,3653,,4300617,,23000397,,02/10817C01,24.000,24.000,,,1,,1,1_1,1_2023,1_2023_1_3653
1,2023,1,2023-07-10,2023-07-17,3664,3664,,4300012,,23000406,,03/10000,10.000,10.000,,,1,,1,1_1,1_2023,1_2023_1_3664
1,2023,1,2023-09-13,2023-11-08,3775,3775,,4300267,,23000492,,02/09909,7970.000,7970.000,,,1,,1,1_1,1_2023,1_2023_1_3775
1,2023,1,2023-07-11,2023-07-17,3678,3678,,4301609,,23000416,,04/1609025025,429.000,429.000,,,1,,1,1_1,1_2023,1_2023_1_3678
1,2023,1,2023-07-11,2023-07-17,3679,3679,,4301609,,23000416,,04/1609125025,160.000,160.000,,,1,,1,1_1,1_2023,1_2023_1_3679
1,2023,1,2023-07-11,2023-07-17,3680,3680,,4301609,,23000416,,04/1609050050,500.000,500.000,,,1,,1,1_1,1_2023,1_2023_1_3680
1,2023,1,2023-07-14,2023-07-21,3696,3696,,4300240,,23000426,,04/024000018,22.000,22.000,,,1,,1,1_1,1_2023,1_2023_1_3696
1,2023,1,2023-07-11,2023-07-17,3681,3681,,4301609,,23000416,,04/1609075050,2013.000,2013.000,,,1,,1,1_1,1_2023,1_2023_1_3681
1,2023,1,2023-07-11,2023-07-20,3689,3689,,4301789,,23000417,,04/178900001,1009.000,1009.000,,,1,,1,1_1,1_2023,1_2023_1_3689
1,2023,1,2023-07-31,2023-07-31,3724,3724,,4309999,,0,,04/99999,24.550,24.550,,,1,,1,1_1,1_2023,1_2023_1_3724
1,2023,1,2023-07-25,2023-07-26,3708,3708,,4300677,,23000436,,01/10331R,1.000,1.000,,,1,,1,1_1,1_2023,1_2023_1_3708
1,2023,1,2023-12-13,2023-12-13,4014,4014,,4301505,,23000665,,02/09834,9.000,9.000,,,1,,1,1_1,1_2023,1_2023_1_4014
1,2023,1,2023-09-27,2023-10-26,3811,3811,,4300617,,23000519,,02/10576AR,4.000,4.000,,,1,,1,1_1,1_2023,1_2023_1_3811
1,2023,1,2023-06-16,2023-07-28,3603,3603,,4300267,,23000362,,02/08730,160.000,160.000,,,1,,1,1_1,1_2023,1_2023_1_3603
1,2023,1,2023-07-05,2023-08-04,3652,3652,,4300617,,23000399,,02/10817C03,1565.000,1565.000,,,1,,1,1_1,1_2023,1_2023_1_3652
1,2023,1,2023-09-05,2023-09-19,3732,3732,,4300240,,23000466,,04/024000035,20.000,20.000,,,1,,1,1_1,1_2023,1_2023_1_3732
1,2023,1,2023-09-04,2023-09-08,3730,3730,,4300240,,23000463,,04/024000036,40.000,40.000,,,1,,1,1_1,1_2023,1_2023_1_3730
1,2023,1,2023-06-19,2023-09-14,3616,3616,,4300267,,23000368,,02/07880A,16.000,16.000,,,1,,1,1_1,1_2023,1_2023_1_3616
1,2023,1,2023-06-16,2023-07-27,3602,3602,,4300267,,23000362,,02/08728,8097.000,8097.000,,,1,,1,1_1,1_2023,1_2023_1_3602
1,2023,1,2023-06-16,2023-07-28,3604,3604,,4300267,,23000362,,02/08729,32.000,32.000,,,1,,1,1_1,1_2023,1_2023_1_3604
1,2023,1,2023-07-07,2023-07-27,3660,3660,,4301378,,23000404,,02/09926,10.000,10.000,,,1,,1,1_1,1_2023,1_2023_1_3660
1,2023,1,2023-07-18,2023-08-02,3701,3701,,4300013,,23000424,,01/10336,1.000,1.000,,,1,,1,1_1,1_2023,1_2023_1_3701
1,2023,1,2023-07-19,2023-07-27,3703,3703,,4301244,,23000432,,02/124400003,1.000,1.000,,,1,,1,1_1,1_2023,1_2023_1_3703
1,2023,1,2023-07-25,2023-07-27,3705,3705,,4301024,,23000434,,02/09958,150.000,150.000,,,1,,1,1_1,1_2023,1_2023_1_3705
1,2023,1,2023-06-16,2023-07-28,3605,3605,,4300267,,23000362,,02/08731,32.000,32.000,,,1,,1,1_1,1_2023,1_2023_1_3605
1,2023,1,2023-07-21,2023-07-27,3704,3704,,4300012,,23000433,,03/10000,10.000,10.000,,,1,,1,1_1,1_2023,1_2023_1_3704
1,2023,1,2023-09-05,2023-09-07,3731,3731,,4300066,,23000464,,02/10878,1.000,1.000,,,1,,1,1_1,1_2023,1_2023_1_3731
1,2023,1,2023-07-05,2023-08-04,3651,3651,,4300617,,23000399,,02/10817C,16.000,16.000,,,1,,1,1_1,1_2023,1_2023_1_3651
1,2023,1,2023-10-20,2023-11-10,3879,3879,,4300677,,23000571,,02/10887R,13.000,13.000,,,1,,1,1_1,1_2023,1_2023_1_3879
1,2023,1,2023-06-19,2023-09-12,3617,3617,,4300267,,23000368,,02/08686,7992.000,7992.000,,,1,,1,1_1,1_2023,1_2023_1_3617
1,2023,1,2023-09-21,2023-10-10,3802,3802,,4300240,,23000509,,04/024000038,60.000,60.000,,,1,,1,1_1,1_2023,1_2023_1_3802
1,2023,1,2023-07-26,2023-09-06,3715,3715,,4300012,,23000442,,03/10000,8.000,8.000,,,1,,1,1_1,1_2023,1_2023_1_3715
1,2023,1,2023-09-05,2023-09-07,3741,3741,,4300617,,23000472,,02/10624,138.000,138.000,,,1,,1,1_1,1_2023,1_2023_1_3741
1,2023,1,2023-07-26,2023-09-05,3709,3709,,4301870,,23000438,,02/10875,14.000,14.000,,,1,,1,1_1,1_2023,1_2023_1_3709
1,2023,1,2023-09-04,2023-09-06,3726,3726,,4301708,,23000459,,03/00274,1.000,1.000,,,1,,1,1_1,1_2023,1_2023_1_3726
1,2023,1,2023-08-04,2023-09-05,3722,3722,,4300357,,23000455,,01/09874,2.000,2.000,,,1,,1,1_1,1_2023,1_2023_1_3722
1,2023,1,2023-09-27,2023-09-28,3817,3817,,4300267,,23000528,,55/00101MP,20.000,20.000,,,1,,1,1_1,1_2023,1_2023_1_3817
1,2023,1,2023-08-02,2023-09-05,3716,3716,,4300718,,23000447,,03/2221036,2.000,2.000,,,1,,1,1_1,1_2023,1_2023_1_3716
1,2023,1,2023-09-04,2023-09-06,3729,3729,,4300758,,23000462,,03/00154,3.000,3.000,,,1,,1,1_1,1_2023,1_2023_1_3729
1,2023,1,2023-09-04,2023-09-05,3728,3728,,4300718,,23000461,,03/2223038,2.000,2.000,,,1,,1,1_1,1_2023,1_2023_1_3728
1,2023,1,2023-09-12,2023-09-13,3762,3762,,4301024,,23000488,,55/00201MP,300.000,300.000,,,1,,1,1_1,1_2023,1_2023_1_3762
1,2023,1,2023-12-01,2023-12-15,4007,4007,,4300048,,23000636,,01/10349,4.000,4.000,,,1,,1,1_1,1_2023,1_2023_1_4007
1,2023,1,2023-12-18,,4017,,,4301144,,23000669,,02/10893,43.000,0.000,,,0,,1,1_1,1_2023,1_2023_1_4017
1,2023,1,2023-10-02,2023-11-09,3824,3824,,4300617,,23000533,,02/09700A,20.000,20.000,,,1,,1,1_1,1_2023,1_2023_1_3824
1,2023,1,2023-11-16,2023-12-05,3960,3960,,4300837,,23000625,,02/07530BR,14.000,14.000,,,1,,1,1_1,1_2023,1_2023_1_3960
1,2023,1,2023-09-05,2023-09-07,3746,3746,,4300617,,23000473,,02/09761A01,208.000,208.000,,,1,,1,1_1,1_2023,1_2023_1_3746
1,2023,1,2023-09-12,2023-09-29,3761,3761,,4300617,,23000487,,02/1070309,37.000,37.000,,,1,,1,1_1,1_2023,1_2023_1_3761
1,2023,1,2023-09-21,2023-10-10,3803,3803,,4300240,,23000509,,04/024000181,22.000,22.000,,,1,,1,1_1,1_2023,1_2023_1_3803
1,2023,1,2023-09-05,2023-09-26,3751,3751,,4301697,,23000475,,04/01103A,1223.000,1223.000,,,1,,1,1_1,1_2023,1_2023_1_3751
1,2023,1,2023-09-05,2023-09-22,3742,3742,,4300617,,23000472,,02/10526A03,85.000,85.000,,,1,,1,1_1,1_2023,1_2023_1_3742
1,2023,1,2023-09-05,2023-09-22,3739,3739,,4300617,,23000472,,02/10526A,17.000,17.000,,,1,,1,1_1,1_2023,1_2023_1_3739
1,2023,1,2023-06-19,2023-09-20,3618,3618,,4300267,,23000370,,02/09945,96.000,96.000,,,1,,1,1_1,1_2023,1_2023_1_3618
1,2023,1,2023-11-17,2023-11-23,3967,3967,,4300240,,23000628,,04/024000032,30.000,30.000,,,1,,1,1_1,1_2023,1_2023_1_3967
1,2023,1,2023-09-05,2023-09-12,3733,3733,,4300357,,23000467,,02/09714,3.000,3.000,,,1,,1,1_1,1_2023,1_2023_1_3733
1,2023,1,2023-11-09,2023-11-23,3910,3910,,4300267,,23000599,,10/90009,20.000,20.000,,,1,,1,1_1,1_2023,1_2023_1_3910
1,2023,1,2023-09-05,2023-09-12,3734,3734,,4300357,,23000467,,01/09691,12.000,12.000,,,1,,1,1_1,1_2023,1_2023_1_3734
1,2023,1,2023-07-12,2023-09-29,3694,3694,,4301854,,23000422,,03/00443B,6.000,6.000,,,1,,1,1_1,1_2023,1_2023_1_3694
1,2023,1,2023-07-26,2023-10-25,3712,3712,,4300617,,23000402,,02/1069201,163.000,163.000,,,1,,1,1_1,1_2023,1_2023_1_3712
1,2023,1,2023-09-05,2023-09-06,3737,3737,,4301030,,23000470,,02/07893,10.000,10.000,,,1,,1,1_1,1_2023,1_2023_1_3737
1,2023,1,2023-09-05,2023-09-07,3747,3747,,4300617,,23000473,,02/09761A02,206.000,206.000,,,1,,1,1_1,1_2023,1_2023_1_3747
1,2023,1,2023-07-14,2023-09-06,3699,3699,,4300617,,0,,02/0970001,50.000,50.000,,,1,,1,1_1,1_2023,1_2023_1_3699
1,2023,1,2023-09-05,2023-09-12,3735,3735,,4300357,,23000467,,01/09700,5.000,5.000,,,1,,1,1_1,1_2023,1_2023_1_3735
1,2023,1,2023-09-07,2023-09-07,3753,3753,,4300160,,23000479,,03/1531070,1.000,1.000,,,1,,1,1_1,1_2023,1_2023_1_3753
1,2023,1,2023-09-12,2023-09-22,3758,3758,,4300837,,23000485,,10/01001R,5.000,5.000,,,1,,1,1_1,1_2023,1_2023_1_3758
1,2023,1,2023-09-05,2023-09-07,3748,3748,,4300012,,23000474,,03/10000,6.000,6.000,,,1,,1,1_1,1_2023,1_2023_1_3748
1,2023,1,2023-09-12,2023-09-22,3759,3759,,4300837,,23000485,,02/07530BR,9.000,9.000,,,1,,1,1_1,1_2023,1_2023_1_3759
1,2023,1,2023-09-05,2023-09-07,3749,3749,,4300012,,23000474,,03/10005,2.000,2.000,,,1,,1,1_1,1_2023,1_2023_1_3749
1,2023,1,2023-09-12,2023-10-20,3767,3767,,4301557,,23000490,,02/09869,92.000,92.000,,,1,,1,1_1,1_2023,1_2023_1_3767
1,2023,1,2023-09-05,2023-09-07,3750,3750,,4300012,,23000474,,03/10005,1.000,1.000,,,1,,1,1_1,1_2023,1_2023_1_3750
1,2023,1,2023-09-18,2023-09-27,3790,3790,,4301609,,23000498,,04/1609050050,416.000,416.000,,,1,,1,1_1,1_2023,1_2023_1_3790
1,2023,1,2023-11-14,2023-12-11,3949,3949,,4300617,,23000616,,02/10623,135.000,135.000,,,1,,1,1_1,1_2023,1_2023_1_3949
1,2023,1,2023-07-26,2023-10-25,3711,3711,,4300617,,23000402,,02/10692,20.000,20.000,,,1,,1,1_1,1_2023,1_2023_1_3711
1,2023,1,2023-07-11,2023-09-13,3677,3677,,4300267,,23000414,,02/08689,6992.000,6992.000,,,1,,1,1_1,1_2023,1_2023_1_3677
1,2023,1,2023-09-04,2023-09-13,3727,3727,,4300200,,23000460,,02/09848R,27.000,27.000,,,1,,1,1_1,1_2023,1_2023_1_3727
1,2023,1,2023-09-05,2023-09-13,3745,3745,,4300617,,23000472,,02/10623,97.000,97.000,,,1,,1,1_1,1_2023,1_2023_1_3745
1,2023,1,2023-09-05,2023-09-14,3740,3740,,4300617,,23000472,,02/10621,42.000,42.000,,,1,,1,1_1,1_2023,1_2023_1_3740
1,2023,1,2023-12-18,,4018,,,4301144,,23000669,,02/10892,41.000,0.000,,,0,,1,1_1,1_2023,1_2023_1_4018
1,2023,1,2023-06-15,2023-09-14,3595,3595,,4300267,,23000362,,02/07940,448.000,448.000,,,1,,1,1_1,1_2023,1_2023_1_3595
1,2023,1,2023-06-15,2023-09-14,3596,3596,,4300267,,23000362,,02/07961,64.000,64.000,,,1,,1,1_1,1_2023,1_2023_1_3596
1,2023,1,2023-06-19,2023-09-20,3619,3619,,4300267,,23000370,,02/09944,16.000,16.000,,,1,,1,1_1,1_2023,1_2023_1_3619
1,2023,1,2023-11-09,2023-11-17,3920,3920,,4300267,,23000595,,10/10160,6425.000,6425.000,,,1,,1,1_1,1_2023,1_2023_1_3920
1,2023,1,2023-10-27,2023-11-07,3886,3886,,4300012,,23000581,,03/10000,9.000,9.000,,,1,,1,1_1,1_2023,1_2023_1_3886
1,2023,1,2023-09-05,2023-09-15,3738,3738,,4300617,,23000471,,02/10817C01,18.000,18.000,,,1,,1,1_1,1_2023,1_2023_1_3738
1,2023,1,2023-09-08,2023-09-15,3755,3755,,4300012,,23000481,,03/10000,10.000,10.000,,,1,,1,1_1,1_2023,1_2023_1_3755
1,2023,1,2023-09-15,2023-11-22,3785,3785,,4300267,,23000495,,02/10414,48.000,48.000,,,1,,1,1_1,1_2023,1_2023_1_3785
1,2023,1,2023-09-08,2023-09-15,3756,3756,,4300012,,23000481,,03/10000,15.000,15.000,,,1,,1,1_1,1_2023,1_2023_1_3756
1,2023,1,2023-09-15,2023-11-22,3787,3787,,4300267,,23000495,,02/10412,9329.000,9329.000,,,1,,1,1_1,1_2023,1_2023_1_3787
1,2023,1,2023-12-01,2023-12-14,4008,4008,,4300012,,23000656,,03/10000,23.000,23.000,,,1,,1,1_1,1_2023,1_2023_1_4008
1,2023,1,2023-09-21,2023-10-10,3804,3804,,4300240,,23000509,,04/024000140,12.000,12.000,,,1,,1,1_1,1_2023,1_2023_1_3804
1,2023,1,2023-09-20,2023-09-27,3795,3795,,4301505,,23000500,,02/10814R,4.000,4.000,,,1,,1,1_1,1_2023,1_2023_1_3795
1,2023,1,2023-09-27,2023-09-28,3816,3816,,4300267,,23000528,,55/00161MP,20.000,20.000,,,1,,1,1_1,1_2023,1_2023_1_3816
1,2023,1,2023-09-05,2023-09-22,3743,3743,,4300617,,23000472,,02/10526A01,90.000,90.000,,,1,,1,1_1,1_2023,1_2023_1_3743
1,2023,1,2023-06-19,2023-09-18,3621,3621,,4300267,,23000370,,02/09909,4215.000,4215.000,,,1,,1,1_1,1_2023,1_2023_1_3621
1,2023,1,2023-06-19,2023-09-20,3620,3620,,4300267,,23000370,,02/09946,16.000,16.000,,,1,,1,1_1,1_2023,1_2023_1_3620
1,2023,1,2023-07-26,2023-09-18,3713,3713,,4301718,,23000440,,02/10877,1.000,1.000,,,1,,1,1_1,1_2023,1_2023_1_3713
1,2023,1,2023-09-25,2023-10-18,3807,3807,,4300677,,23000511,,01/10342,1.000,1.000,,,1,,1,1_1,1_2023,1_2023_1_3807
1,2023,1,2023-09-12,2023-09-19,3763,3763,,4300617,,23000489,,02/09700A01,202.000,202.000,,,1,,1,1_1,1_2023,1_2023_1_3763
1,2023,1,2023-09-05,2023-09-18,3736,3736,,4300357,,23000467,,01/10339,2.000,2.000,,,1,,1,1_1,1_2023,1_2023_1_3736
1,2023,1,2023-09-08,2023-09-18,3754,3754,,4300532,,23000480,,01/10340R,4.000,4.000,,,1,,1,1_1,1_2023,1_2023_1_3754
1,2023,1,2023-09-25,2023-10-10,3805,3805,,4300532,,23000510,,01/10340,16.000,16.000,,,1,,1,1_1,1_2023,1_2023_1_3805
1,2023,1,2023-09-12,2023-09-19,3764,3764,,4300617,,23000489,,02/09700A02,208.000,208.000,,,1,,1,1_1,1_2023,1_2023_1_3764
1,2023,1,2023-10-02,2023-10-10,3838,3838,,4300240,,23000534,,04/024000203,8.000,8.000,,,1,,1,1_1,1_2023,1_2023_1_3838
1,2023,1,2023-09-20,2023-09-25,3797,3797,,4300617,,23000501,,02/10817CR,1.000,1.000,,,1,,1,1_1,1_2023,1_2023_1_3797
1,2023,1,2023-07-25,2023-09-26,3706,3706,,4309999,,0,,EP.001,11.000,11.000,,,1,,1,1_1,1_2023,1_2023_1_3706
1,2023,1,2023-11-24,2023-11-27,3982,3982,,4300617,,23000642,,55/00101MP,20.000,20.000,,,1,,1,1_1,1_2023,1_2023_1_3982
1,2023,1,2023-09-15,2023-09-18,3789,3789,,4300532,,23000497,,02/10880R,1.000,1.000,,,1,,1,1_1,1_2023,1_2023_1_3789
1,2023,1,2023-07-25,2023-09-26,3707,3707,,4309999,,0,,EP.001A,9.000,9.000,,,1,,1,1_1,1_2023,1_2023_1_3707
1,2023,1,2023-09-06,2023-09-26,3752,3752,,4301779,,23000478,,04/177900002D,91.000,91.000,,,1,,1,1_1,1_2023,1_2023_1_3752
1,2023,1,2023-09-05,2023-09-22,3744,3744,,4300617,,23000472,,02/10526A02,89.000,89.000,,,1,,1,1_1,1_2023,1_2023_1_3744
1,2023,1,2023-11-28,2023-12-05,3987,3987,,4300240,,23000647,,04/024000032,100.000,100.000,,,1,,1,1_1,1_2023,1_2023_1_3987
1,2023,1,2023-09-12,2023-09-22,3757,3757,,4300758,,23000484,,02/10879,24.000,24.000,,,1,,1,1_1,1_2023,1_2023_1_3757
1,2023,1,2023-09-12,2023-09-29,3770,3770,,4300617,,23000487,,02/107030901,74.000,74.000,,,1,,1,1_1,1_2023,1_2023_1_3770
1,2023,1,2023-12-11,2023-12-13,4012,4012,,4309999,,0,,13/10524,312.000,312.000,,,1,,1,1_1,1_2023,1_2023_1_4012
1,2023,1,2023-09-20,2023-09-27,3796,3796,,4301505,,23000500,,02/10813R,3.000,3.000,,,1,,1,1_1,1_2023,1_2023_1_3796
1,2023,1,2023-06-09,2023-11-30,3578,3578,,4309999,,0,,.RC,1.000,1.000,,,1,,1,1_1,1_2023,1_2023_1_3578
1,2023,1,2023-07-11,2023-09-27,3674,3674,,4300267,,23000414,,02/08097,144.000,144.000,,,1,,1,1_1,1_2023,1_2023_1_3674
1,2023,1,2023-09-12,2023-09-29,3771,3771,,4300617,,23000487,,02/107030902,37.000,37.000,,,1,,1,1_1,1_2023,1_2023_1_3771
1,2023,1,2023-12-18,,4023,,,4300267,,23000673,,02/09920A,16.000,0.000,,,0,,1,1_1,1_2023,1_2023_1_4023
1,2023,1,2023-12-11,,4013,,,4301244,,23000663,,02/10881A,6.000,0.000,,,0,,1,1_1,1_2023,1_2023_1_4013
1,2023,1,2023-09-20,2023-09-27,3799,3799,,4300012,,23000504,,03/10000,4.000,4.000,,,1,,1,1_1,1_2023,1_2023_1_3799
1,2023,1,2023-07-12,2023-09-29,3695,3695,,4301854,,23000422,,03/00464,6.000,6.000,,,1,,1,1_1,1_2023,1_2023_1_3695
1,2023,1,2023-09-21,2023-09-27,3801,3801,,4300012,,23000508,,03/10000,5.000,5.000,,,1,,1,1_1,1_2023,1_2023_1_3801
1,2023,1,2023-10-11,2023-11-06,3858,3858,,4301870,,23000557,,02/10882,6.000,6.000,,,1,,1,1_1,1_2023,1_2023_1_3858
1,2023,1,2023-09-27,2023-10-11,3814,3814,,4300758,,23000526,,03/00130,12.000,12.000,,,1,,1,1_1,1_2023,1_2023_1_3814
1,2023,1,2023-10-02,2023-10-10,3822,3822,,4300357,,23000531,,01/09691,31.000,31.000,,,1,,1,1_1,1_2023,1_2023_1_3822
1,2023,1,2023-10-04,2023-10-26,3847,3847,,4300617,,23000522,,02/061700043,1.000,1.000,,,1,,1,1_1,1_2023,1_2023_1_3847
1,2023,1,2023-11-14,2023-12-11,3946,3946,,4300617,,23000616,,02/10738A02,70.000,70.000,,,1,,1,1_1,1_2023,1_2023_1_3946
1,2023,1,2023-10-02,2023-10-10,3823,3823,,4300357,,23000531,,01/09700,4.000,4.000,,,1,,1,1_1,1_2023,1_2023_1_3823
1,2023,1,2023-10-27,2023-11-08,3882,3882,,4301286,,23000574,,01/10347R,1.000,1.000,,,1,,1,1_1,1_2023,1_2023_1_3882
1,2023,1,2023-08-02,2023-09-27,3717,3717,,4301682,,23000451,,01/10338,1.000,1.000,,,1,,1,1_1,1_2023,1_2023_1_3717
1,2023,1,2023-10-04,2023-10-30,3845,3845,,4301630,,23000540,,01/10314A,2.000,2.000,,,1,,1,1_1,1_2023,1_2023_1_3845
1,2023,1,2023-09-18,2023-09-27,3791,3791,,4301609,,23000498,,04/1609075050,1008.000,1008.000,,,1,,1,1_1,1_2023,1_2023_1_3791
1,2023,1,2023-09-30,2023-09-30,3821,3821,,4309999,,0,,04/99999,25.001,25.001,,,1,,1,1_1,1_2023,1_2023_1_3821
1,2023,1,2023-09-18,2023-09-27,3792,3792,,4301609,,23000498,,04/1609100050,1397.000,1397.000,,,1,,1,1_1,1_2023,1_2023_1_3792
1,2023,1,2023-10-20,2023-10-27,3873,3873,,4300758,,23000565,,02/10886,30.000,30.000,,,1,,1,1_1,1_2023,1_2023_1_3873
1,2023,1,2023-09-18,2023-09-27,3793,3793,,4301609,,23000498,,04/1609100100,100.000,100.000,,,1,,1,1_1,1_2023,1_2023_1_3793
1,2023,1,2023-10-11,2023-10-17,3857,3857,,4300357,,23000555,,01/09874,10.000,10.000,,,1,,1,1_1,1_2023,1_2023_1_3857
1,2023,1,2023-09-30,2023-09-30,3820,3820,,4309999,,0,,.ABC03,84.000,84.000,,,1,,1,1_1,1_2023,1_2023_1_3820
1,2023,1,2023-10-06,2023-10-30,3849,3849,,4301697,,23000545,,04/01104A,1605.000,1605.000,,,1,,1,1_1,1_2023,1_2023_1_3849
1,2023,1,2023-10-02,2023-11-17,3827,3827,,4300617,,23000533,,02/09700,10.000,10.000,,,1,,1,1_1,1_2023,1_2023_1_3827
1,2023,1,2023-09-27,2023-10-17,3812,3812,,4301244,,23000516,,02/10881,1.000,1.000,,,1,,1,1_1,1_2023,1_2023_1_3812
1,2023,1,2023-09-27,2023-10-04,3813,3813,,4300617,,23000520,,02/1070304R,30.000,30.000,,,1,,1,1_1,1_2023,1_2023_1_3813
1,2023,1,2023-09-18,2023-10-10,3794,3794,,4300357,,23000499,,03/00412,3.000,3.000,,,1,,1,1_1,1_2023,1_2023_1_3794
1,2023,1,2023-10-04,2023-10-10,3841,3841,,4301708,,23000536,,03/1431080,3.000,3.000,,,1,,1,1_1,1_2023,1_2023_1_3841
1,2023,1,2023-10-04,2023-10-10,3842,3842,,4301708,,23000536,,03/6431080,4.000,4.000,,,1,,1,1_1,1_2023,1_2023_1_3842
1,2023,1,2023-07-07,2023-10-06,3663,3663,,4300617,,23000402,,02/1002102,2878.000,2878.000,,,1,,1,1_1,1_2023,1_2023_1_3663
1,2023,1,2023-07-11,2023-10-06,3667,3667,,4300267,,23000410,,02/07961,80.000,80.000,,,1,,1,1_1,1_2023,1_2023_1_3667
1,2023,1,2023-07-11,2023-10-06,3668,3668,,4300267,,23000410,,02/07962,80.000,80.000,,,1,,1,1_1,1_2023,1_2023_1_3668
1,2023,1,2023-10-02,2023-10-04,3835,3835,,4309999,,0,,10/00584,254.000,254.000,,,1,,1,1_1,1_2023,1_2023_1_3835
1,2023,1,2023-07-11,2023-10-04,3669,3669,,4300267,,23000410,,02/08687,31990.000,31990.000,,,1,,1,1_1,1_2023,1_2023_1_3669
1,2023,1,2023-09-27,2023-10-06,3819,3819,,4301438,,23000530,,04/143800015,1.000,1.000,,,1,,1,1_1,1_2023,1_2023_1_3819
1,2023,1,2023-09-25,2023-10-04,3806,3806,,4300532,,23000510,,02/10880R,34.000,34.000,,,1,,1,1_1,1_2023,1_2023_1_3806
1,2023,1,2023-10-23,2023-10-30,3880,3880,,4300753,,23000572,,04/00752,935.000,935.000,,,1,,1,1_1,1_2023,1_2023_1_3880
1,2023,1,2023-08-04,2023-10-20,3721,3721,,4300267,,23000454,,02/08689,17565.000,17565.000,,,1,,1,1_1,1_2023,1_2023_1_3721
1,2023,1,2023-09-27,2023-10-10,3815,3815,,4300012,,23000527,,03/10004,3.000,3.000,,,1,,1,1_1,1_2023,1_2023_1_3815
1,2023,1,2023-10-02,2023-10-20,3836,3836,,4300617,,23000533,,02/0970001,56.000,56.000,,,1,,1,1_1,1_2023,1_2023_1_3836
1,2023,1,2023-10-02,2023-10-17,3837,3837,,4300617,,23000533,,02/10166A,42.000,42.000,,,1,,1,1_1,1_2023,1_2023_1_3837
1,2023,1,2023-09-12,2023-10-25,3765,3765,,4301557,,23000490,,02/09991A,100.000,100.000,,,1,,1,1_1,1_2023,1_2023_1_3765
1,2023,1,2023-10-11,2023-10-23,3854,3854,,4301309,,23000550,,04/33701,308.000,308.000,,,1,,1,1_1,1_2023,1_2023_1_3854
1,2023,1,2023-10-20,2023-10-30,3861,3861,,4300267,,23000558,,02/09311A,227.000,227.000,,,1,,1,1_1,1_2023,1_2023_1_3861
1,2023,1,2023-09-27,2023-10-25,3809,3809,,4300267,,23000518,,02/07959,16.000,16.000,,,1,,1,1_1,1_2023,1_2023_1_3809
1,2023,1,2023-09-12,2023-10-20,3768,3768,,4301557,,23000490,,02/0986901,185.000,185.000,,,1,,1,1_1,1_2023,1_2023_1_3768
1,2023,1,2023-09-12,2023-10-20,3769,3769,,4301557,,23000490,,02/0973802,105.000,105.000,,,1,,1,1_1,1_2023,1_2023_1_3769
1,2023,1,2023-10-11,2023-10-25,3855,3855,,4301708,,23000552,,03/6331090,1.000,1.000,,,1,,1,1_1,1_2023,1_2023_1_3855
1,2023,1,2023-10-20,2023-10-27,3872,3872,,4300758,,23000565,,02/10885,30.000,30.000,,,1,,1,1_1,1_2023,1_2023_1_3872
1,2023,1,2023-09-12,2023-09-22,3760,3760,,4300837,,23000485,,02/10333AR,32.000,32.000,,,1,,1,1_1,1_2023,1_2023_1_3760
1,2023,1,2023-12-18,,4019,,,4300200,,23000670,,02/09848R,7.000,0.000,,,0,,1,1_1,1_2023,1_2023_1_4019
1,2023,1,2023-11-09,2023-12-01,3911,3911,,4300267,,23000599,,02/09197,50.000,50.000,,,1,,1,1_1,1_2023,1_2023_1_3911
1,2023,1,2023-12-18,,4024,,,4300267,,23000673,,02/09921A,16.000,0.000,,,0,,1,1_1,1_2023,1_2023_1_4024
1,2023,1,2023-12-05,2023-12-11,4009,4009,,4309999,,0,,10/09510,164.000,164.000,,,1,,1,1_1,1_2023,1_2023_1_4009
1,2023,1,2023-11-14,2023-12-11,3945,3945,,4300617,,23000616,,02/10738A01,165.000,165.000,,,1,,1,1_1,1_2023,1_2023_1_3945
1,2023,1,2023-11-23,2023-12-13,3977,3977,,4300357,,23000639,,01/10339,4.000,4.000,,,1,,1,1_1,1_2023,1_2023_1_3977
1,2023,1,2023-10-20,2023-11-24,3865,3865,,4300267,,23000559,,02/08689,7633.000,7633.000,,,1,,1,1_1,1_2023,1_2023_1_3865
1,2023,1,2023-10-20,2023-11-06,3877,3877,,4300228,,23000569,,01/08265,10.000,10.000,,,1,,1,1_1,1_2023,1_2023_1_3877
1,2023,1,2023-09-12,2023-10-24,3766,3766,,4301557,,23000490,,02/09991A01,16934.000,16934.000,,,1,,1,1_1,1_2023,1_2023_1_3766
1,2023,1,2023-10-31,2023-10-31,3891,3891,,4309999,,0,,.ABC03,37.000,37.000,,,1,,1,1_1,1_2023,1_2023_1_3891
1,2023,1,2023-10-31,2023-11-07,3899,3899,,4301708,,23000592,,03/6431080,3.000,3.000,,,1,,1,1_1,1_2023,1_2023_1_3899
1,2023,1,2023-11-16,2023-11-30,3957,3957,,4300357,,23000623,,02/09714,6.000,6.000,,,1,,1,1_1,1_2023,1_2023_1_3957
1,2023,1,2023-10-31,2023-11-08,3898,3898,,4300617,,23000590,,02/107030103,105.000,105.000,,,1,,1,1_1,1_2023,1_2023_1_3898
1,2023,1,2023-10-31,2023-10-31,3892,3892,,4309999,,0,,04/99999,16.768,16.768,,,1,,1,1_1,1_2023,1_2023_1_3892
1,2023,1,2023-10-04,2023-11-08,3843,3843,,4301017,,23000538,,02/10531R,1.000,1.000,,,1,,1,1_1,1_2023,1_2023_1_3843
1,2023,1,2023-10-02,2023-11-14,3829,3829,,4300617,,23000533,,02/09761A,10.000,10.000,,,1,,1,1_1,1_2023,1_2023_1_3829
1,2023,1,2023-11-10,2023-12-13,3923,3923,,4300718,,23000598,,03/00453,5.000,5.000,,,1,,1,1_1,1_2023,1_2023_1_3923
1,2023,1,2023-10-20,2023-10-25,3876,3876,,4301708,,23000567,,03/2631135R,1.000,1.000,,,1,,1,1_1,1_2023,1_2023_1_3876
1,2023,1,2023-09-27,2023-10-24,3810,3810,,4300267,,23000518,,02/08720,628.000,628.000,,,1,,1,1_1,1_2023,1_2023_1_3810
1,2023,1,2023-10-20,2023-10-26,3874,3874,,4301167,,23000564,,02/10883,2.000,2.000,,,1,,1,1_1,1_2023,1_2023_1_3874
1,2023,1,2023-08-04,2023-10-25,3719,3719,,4300267,,23000454,,02/08098A,32.000,32.000,,,1,,1,1_1,1_2023,1_2023_1_3719
1,2023,1,2023-10-27,2023-11-14,3885,3885,,4301144,,23000580,,01/10110,209.000,209.000,,,1,,1,1_1,1_2023,1_2023_1_3885
1,2023,1,2023-08-04,2023-10-25,3720,3720,,4300267,,23000454,,02/08099A,32.000,32.000,,,1,,1,1_1,1_2023,1_2023_1_3720
1,2023,1,2023-10-11,2023-10-25,3856,3856,,4301682,,23000553,,10/02009,71.000,71.000,,,1,,1,1_1,1_2023,1_2023_1_3856
1,2023,1,2023-10-20,2023-10-26,3875,3875,,4301167,,23000564,,02/10884,2.000,2.000,,,1,,1,1_1,1_2023,1_2023_1_3875
1,2023,1,2023-10-04,2023-10-25,3840,3840,,4301708,,23000536,,02/10766,1.000,1.000,,,1,,1,1_1,1_2023,1_2023_1_3840
1,2023,1,2023-12-20,,4055,,,4301851,,23000689,,02/10902,8.000,0.000,,,0,,1,1_1,1_2023,1_2023_1_4055
1,2023,1,2023-08-04,2023-10-25,3718,3718,,4300267,,23000454,,02/08097,288.000,288.000,,,1,,1,1_1,1_2023,1_2023_1_3718
1,2023,1,2023-11-09,2023-11-27,3912,3912,,4300267,,23000599,,02/0919701,50.000,50.000,,,1,,1,1_1,1_2023,1_2023_1_3912
1,2023,1,2023-09-27,2023-10-27,3818,3818,,4300267,,23000529,,02/09309A,245.000,245.000,,,1,,1,1_1,1_2023,1_2023_1_3818
1,2023,1,2023-09-20,2023-10-25,3798,3798,,4301690,,23000502,,01/10341,2.000,2.000,,,1,,1,1_1,1_2023,1_2023_1_3798
1,2023,1,2023-11-16,2023-11-30,3958,3958,,4300357,,23000623,,01/09691,19.000,19.000,,,1,,1,1_1,1_2023,1_2023_1_3958
1,2023,1,2023-10-04,2023-10-27,3844,3844,,4301851,,23000539,,04/00020,280.000,280.000,,,1,,1,1_1,1_2023,1_2023_1_3844
1,2023,1,2023-10-31,2023-11-08,3894,3894,,4300837,,23000588,,02/07530BR,9.000,9.000,,,1,,1,1_1,1_2023,1_2023_1_3894
1,2023,1,2023-10-31,2023-11-08,3895,3895,,4300837,,23000588,,02/10333AR,12.000,12.000,,,1,,1,1_1,1_2023,1_2023_1_3895
1,2023,1,2023-10-31,2023-11-24,3897,3897,,4300267,,23000589,,02/08720,997.000,997.000,,,1,,1,1_1,1_2023,1_2023_1_3897
1,2023,1,2023-10-20,2023-11-08,3870,3870,,4301856,,23000561,,01/10346,6.000,6.000,,,1,,1,1_1,1_2023,1_2023_1_3870
1,2023,1,2023-10-20,2023-11-02,3860,3860,,4300267,,23000558,,02/09310A01,225.000,225.000,,,1,,1,1_1,1_2023,1_2023_1_3860
1,2023,1,2023-10-27,2023-11-07,3887,3887,,4300160,,23000583,,03/6423120,1.000,1.000,,,1,,1,1_1,1_2023,1_2023_1_3887
1,2023,1,2023-10-20,2023-11-02,3859,3859,,4300267,,23000558,,02/09310A,107.000,107.000,,,1,,1,1_1,1_2023,1_2023_1_3859
1,2023,1,2023-12-20,2023-12-22,4054,4054,,4301872,,23000687,,02/10510B,10.000,10.000,,,1,,1,1_1,1_2023,1_2023_1_4054
1,2023,1,2023-11-30,2023-12-21,3998,3998,,4301621,,23000652,,02/10897,2.000,2.000,,,1,,1,1_1,1_2023,1_2023_1_3998
1,2023,1,2023-11-09,2023-11-23,3907,3907,,4300267,,23000599,,10/90008,20.000,20.000,,,1,,1,1_1,1_2023,1_2023_1_3907
1,2023,1,2023-10-20,2023-11-02,3871,3871,,4300617,,23000562,,02/0971502,222.000,222.000,,,1,,1,1_1,1_2023,1_2023_1_3871
1,2023,1,2023-10-25,2023-11-02,3881,3881,,4300357,,23000578,,02/09714,11.000,11.000,,,1,,1,1_1,1_2023,1_2023_1_3881
1,2023,1,2023-10-27,2023-11-02,3888,3888,,4300357,,23000578,,01/09691,22.000,22.000,,,1,,1,1_1,1_2023,1_2023_1_3888
1,2023,1,2023-11-10,2023-12-20,3935,3935,,4309999,,0,,10/01053,1030.000,1030.000,,,1,,1,1_1,1_2023,1_2023_1_3935
1,2023,1,2023-10-27,2023-11-02,3889,3889,,4300357,,23000578,,01/09874,8.000,8.000,,,1,,1,1_1,1_2023,1_2023_1_3889
1,2023,1,2023-11-23,2023-11-30,3978,3978,,4300357,,23000639,,01/09700,4.000,4.000,,,1,,1,1_1,1_2023,1_2023_1_3978
1,2023,1,2023-11-10,2023-12-20,3929,3929,,4309999,,0,,10/01000,117.000,117.000,,,1,,1,1_1,1_2023,1_2023_1_3929
1,2023,1,2023-10-31,2023-11-24,3896,3896,,4300267,,23000589,,02/10656,16.000,16.000,,,1,,1,1_1,1_2023,1_2023_1_3896
1,2023,1,2023-07-11,2023-11-07,3670,3670,,4300267,,23000412,,02/09945,384.000,384.000,,,1,,1,1_1,1_2023,1_2023_1_3670
1,2023,1,2023-07-11,2023-11-07,3671,3671,,4300267,,23000412,,02/09944,64.000,64.000,,,1,,1,1_1,1_2023,1_2023_1_3671
1,2023,1,2023-10-31,2023-11-10,3893,3893,,4301682,,23000586,,02/10889,3.000,3.000,,,1,,1,1_1,1_2023,1_2023_1_3893
1,2023,1,2023-07-11,2023-11-07,3672,3672,,4300267,,23000412,,02/09946,64.000,64.000,,,1,,1,1_1,1_2023,1_2023_1_3672
1,2023,1,2023-09-13,2023-11-09,3772,3772,,4300267,,23000492,,02/09945,192.000,192.000,,,1,,1,1_1,1_2023,1_2023_1_3772
1,2023,1,2023-10-27,2023-11-09,3883,3883,,4301827,,23000576,,02/10888,20.000,20.000,,,1,,1,1_1,1_2023,1_2023_1_3883
1,2023,1,2023-09-13,2023-11-09,3773,3773,,4300267,,23000492,,02/09944,32.000,32.000,,,1,,1,1_1,1_2023,1_2023_1_3773
1,2023,1,2023-09-13,2023-11-09,3774,3774,,4300267,,23000492,,02/09946,32.000,32.000,,,1,,1,1_1,1_2023,1_2023_1_3774
1,2023,1,2023-10-02,2023-11-09,3825,3825,,4300617,,23000533,,02/09700A01,3282.000,3282.000,,,1,,1,1_1,1_2023,1_2023_1_3825
1,2023,1,2023-10-02,2023-11-09,3826,3826,,4300617,,23000533,,02/09700A02,3084.000,3084.000,,,1,,1,1_1,1_2023,1_2023_1_3826
1,2023,1,2023-10-27,2023-11-13,3890,3890,,4301819,,23000584,,02/09510,200.000,200.000,,,1,,1,1_1,1_2023,1_2023_1_3890
1,2023,1,2023-11-28,2023-11-30,3993,3993,,4300012,,23000648,,03/10000,5.000,5.000,,,1,,1,1_1,1_2023,1_2023_1_3993
1,2023,1,2023-10-20,2023-11-30,3867,3867,,4300267,,23000560,,02/09944,16.000,16.000,,,1,,1,1_1,1_2023,1_2023_1_3867
1,2023,1,2023-11-10,2023-11-13,3936,3936,,4300267,,23000606,,02/10317,45.000,45.000,,,1,,1,1_1,1_2023,1_2023_1_3936
1,2023,1,2023-11-10,2023-11-13,3937,3937,,4300267,,23000606,,55/40301MPA,450.000,450.000,,,1,,1,1_1,1_2023,1_2023_1_3937
1,2023,1,2023-10-20,2023-11-30,3868,3868,,4300267,,23000560,,02/09946,16.000,16.000,,,1,,1,1_1,1_2023,1_2023_1_3868
1,2023,1,2023-11-09,2023-11-30,3914,3914,,4300267,,23000599,,02/09002,20.000,20.000,,,1,,1,1_1,1_2023,1_2023_1_3914
1,2023,1,2023-10-20,2023-11-13,3878,3878,,4301621,,23000570,,02/10629,10.000,10.000,,,1,,1,1_1,1_2023,1_2023_1_3878
1,2023,1,2023-11-10,2023-11-13,3924,3924,,4301621,,23000601,,02/10891R,1.000,1.000,,,1,,1,1_1,1_2023,1_2023_1_3924
1,2023,1,2023-11-13,2023-11-13,3940,3940,,4301621,,23000603,,02/10894,24.000,24.000,,,1,,1,1_1,1_2023,1_2023_1_3940
1,2023,1,2023-11-10,2023-12-01,3927,3927,,4309999,,0,,10/10161,906.000,906.000,,,1,,1,1_1,1_2023,1_2023_1_3927
1,2023,1,2023-09-15,2023-11-14,3779,3779,,4300267,,23000493,,02/09486A,3997.000,3997.000,,,1,,1,1_1,1_2023,1_2023_1_3779
1,2023,1,2023-11-28,2023-12-15,3990,3990,,4300617,,23000649,,02/10817D02,198.000,198.000,,,1,,1,1_1,1_2023,1_2023_1_3990
1,2023,1,2023-11-21,2023-12-12,3973,3973,,4302013,,23000635,,01/09968A,1.000,1.000,,,1,,1,1_1,1_2023,1_2023_1_3973
1,2023,1,2023-09-15,2023-11-14,3776,3776,,4300267,,23000493,,02/09489A,96.000,96.000,,,1,,1,1_1,1_2023,1_2023_1_3776
1,2023,1,2023-11-07,2023-11-13,3902,3902,,4301489,,23000573,,01/09618A,2.000,2.000,,,1,,1,1_1,1_2023,1_2023_1_3902
1,2023,1,2023-11-28,2023-12-04,3986,3986,,4300160,,23000646,,04/016000001,12.000,12.000,,,1,,1,1_1,1_2023,1_2023_1_3986
1,2023,1,2023-11-07,2023-11-13,3903,3903,,4301489,,23000573,,01/09618AR,1.000,1.000,,,1,,1,1_1,1_2023,1_2023_1_3903
1,2023,1,2023-10-02,2023-11-16,3833,3833,,4300617,,23000533,,02/0980601,1760.000,1760.000,,,1,,1,1_1,1_2023,1_2023_1_3833
1,2023,1,2023-10-02,2023-11-16,3834,3834,,4300617,,23000533,,02/0980602,1575.000,1575.000,,,1,,1,1_1,1_2023,1_2023_1_3834
1,2023,1,2023-09-15,2023-11-14,3777,3777,,4300267,,23000493,,02/09487A,16.000,16.000,,,1,,1,1_1,1_2023,1_2023_1_3777
1,2023,1,2023-10-02,2023-11-17,3828,3828,,4300617,,23000533,,02/0970002,3087.000,3087.000,,,1,,1,1_1,1_2023,1_2023_1_3828
1,2023,1,2023-10-02,2023-11-16,3832,3832,,4300617,,23000533,,02/09806,10.000,10.000,,,1,,1,1_1,1_2023,1_2023_1_3832
1,2023,1,2023-11-30,2023-12-05,4002,4002,,4300145,,23000653,,02/10901,2.000,2.000,,,1,,1,1_1,1_2023,1_2023_1_4002
1,2023,1,2023-09-15,2023-11-22,3786,3786,,4300267,,23000495,,02/10415,48.000,48.000,,,1,,1,1_1,1_2023,1_2023_1_3786
1,2023,1,2023-11-21,2023-11-21,3970,3970,,4300240,,23000633,,55/00101MP,40.000,40.000,,,1,,1,1_1,1_2023,1_2023_1_3970
1,2023,1,2023-11-17,2023-11-23,3965,3965,,4300240,,23000628,,04/024000043,24.000,24.000,,,1,,1,1_1,1_2023,1_2023_1_3965
1,2023,1,2023-09-15,2023-11-14,3778,3778,,4300267,,23000493,,02/09490A,16.000,16.000,,,1,,1,1_1,1_2023,1_2023_1_3778
1,2023,1,2023-12-21,,4056,,,4300052,,23000678,,13/10108,6.000,0.000,,,0,,1,1_1,1_2023,1_2023_1_4056
1,2023,1,2023-11-21,2023-11-21,3971,3971,,4300145,,23000634,,55/32506MP,5.700,5.700,,,1,,1,1_1,1_2023,1_2023_1_3971
1,2023,1,2023-10-02,2023-11-14,3830,3830,,4300617,,23000533,,02/09761A01,1648.000,1648.000,,,1,,1,1_1,1_2023,1_2023_1_3830
1,2023,1,2023-09-15,2023-11-16,3783,3783,,4300267,,23000494,,02/10799,3856.000,3856.000,,,1,,1,1_1,1_2023,1_2023_1_3783
1,2023,1,2023-10-02,2023-11-14,3831,3831,,4300617,,23000533,,02/09761A02,1751.000,1751.000,,,1,,1,1_1,1_2023,1_2023_1_3831
1,2023,1,2023-12-19,2023-12-22,4039,4039,,4300617,,23000685,,02/10900,16.000,16.000,,,1,,1,1_1,1_2023,1_2023_1_4039
1,2023,1,2023-11-17,2023-11-23,3966,3966,,4300240,,23000628,,04/024000044,5.000,5.000,,,1,,1,1_1,1_2023,1_2023_1_3966
1,2023,1,2023-11-09,2023-11-14,3921,3921,,4300267,,23000599,,02/08709,224.000,224.000,,,1,,1,1_1,1_2023,1_2023_1_3921
1,2023,1,2023-11-30,2023-12-13,4003,4003,,4300012,,23000654,,03/10005,4.000,4.000,,,1,,1,1_1,1_2023,1_2023_1_4003
1,2023,1,2023-11-24,2023-12-13,3980,3980,,4301244,,23000641,,02/10898,11.000,11.000,,,1,,1,1_1,1_2023,1_2023_1_3980
1,2023,1,2023-12-05,2023-12-14,4010,4010,,4300012,,23000662,,03/10000,9.000,9.000,,,1,,1,1_1,1_2023,1_2023_1_4010
1,2023,1,2023-12-05,2023-12-14,4011,4011,,4300012,,23000662,,03/10000,8.000,8.000,,,1,,1,1_1,1_2023,1_2023_1_4011
1,2023,1,2023-10-06,2023-11-14,3848,3848,,4300013,,23000543,,01/10152,10.000,10.000,,,1,,1,1_1,1_2023,1_2023_1_3848
1,2023,1,2023-11-10,2023-11-14,3922,3922,,4300066,,23000597,,03/2421050,4.000,4.000,,,1,,1,1_1,1_2023,1_2023_1_3922
1,2023,1,2023-09-15,2023-11-16,3780,3780,,4300267,,23000494,,02/10801,80.000,80.000,,,1,,1,1_1,1_2023,1_2023_1_3780
1,2023,1,2023-11-10,2023-11-14,3938,3938,,4300012,,23000608,,03/10005,1.000,1.000,,,1,,1,1_1,1_2023,1_2023_1_3938
1,2023,1,2023-11-10,2023-11-14,3939,3939,,4300012,,23000608,,03/10000,2.000,2.000,,,1,,1,1_1,1_2023,1_2023_1_3939
1,2023,1,2023-11-24,2023-11-27,3983,3983,,4300617,,23000642,,55/00161MP,20.000,20.000,,,1,,1,1_1,1_2023,1_2023_1_3983
1,2023,1,2023-11-14,2023-11-14,3942,3942,,4301641,,23000610,,03/2521090,2.000,2.000,,,1,,1,1_1,1_2023,1_2023_1_3942
1,2023,1,2023-09-15,2023-11-16,3781,3781,,4300267,,23000494,,02/10800,16.000,16.000,,,1,,1,1_1,1_2023,1_2023_1_3781
1,2023,1,2023-11-10,2023-11-22,3928,3928,,4309999,,0,,10/10062,600.000,600.000,,,1,,1,1_1,1_2023,1_2023_1_3928
1,2023,1,2023-09-15,2023-11-16,3782,3782,,4300267,,23000494,,02/10802,16.000,16.000,,,1,,1,1_1,1_2023,1_2023_1_3782
1,2023,1,2023-11-09,2023-11-23,3913,3913,,4300267,,23000599,,10/90004,50.000,50.000,,,1,,1,1_1,1_2023,1_2023_1_3913
1,2023,1,2023-11-14,2023-11-22,3941,3941,,4301244,,23000609,,02/10881A,2.000,2.000,,,1,,1,1_1,1_2023,1_2023_1_3941
1,2023,1,2023-11-09,2023-11-23,3916,3916,,4300267,,23000599,,10/90003,20.000,20.000,,,1,,1,1_1,1_2023,1_2023_1_3916
1,2023,1,2023-11-16,2023-11-22,3959,3959,,4300632,,23000624,,04/063200003,1.000,1.000,,,1,,1,1_1,1_2023,1_2023_1_3959
1,2023,1,2023-11-28,2023-12-15,3991,3991,,4300617,,23000649,,02/10817D03,198.000,198.000,,,1,,1,1_1,1_2023,1_2023_1_3991
1,2023,1,2023-11-14,2023-12-18,3948,3948,,4300617,,23000616,,02/1071702,70.000,70.000,,,1,,1,1_1,1_2023,1_2023_1_3948
1,2023,1,2023-11-28,2023-12-15,3988,3988,,4300617,,23000649,,02/10817D,16.000,16.000,,,1,,1,1_1,1_2023,1_2023_1_3988
1,2023,1,2023-11-10,2023-12-01,3925,3925,,4301144,,23000596,,02/10892,5.000,5.000,,,1,,1,1_1,1_2023,1_2023_1_3925
1,2023,1,2023-11-24,2023-11-30,3979,3979,,4301708,,23000640,,03/6221055,3.000,3.000,,,1,,1,1_1,1_2023,1_2023_1_3979
1,2023,1,2023-11-14,2023-11-30,3950,3950,,4300617,,23000616,,02/10624,284.000,284.000,,,1,,1,1_1,1_2023,1_2023_1_3950
1,2023,1,2023-11-09,2023-11-30,3905,3905,,4300267,,23000599,,02/10171,20.000,20.000,,,1,,1,1_1,1_2023,1_2023_1_3905
1,2023,1,2023-10-04,2023-11-29,3839,3839,,4300200,,23000517,,02/09848,10.000,10.000,,,1,,1,1_1,1_2023,1_2023_1_3839
1,2023,1,2023-11-17,2023-11-30,3964,3964,,4300012,,23000627,,03/10004,1.000,1.000,,,1,,1,1_1,1_2023,1_2023_1_3964
1,2023,1,2023-11-27,2023-11-27,3984,3984,,4300145,,23000643,,55/02002MPA,2.000,2.000,,,1,,1,1_1,1_2023,1_2023_1_3984
1,2023,1,2023-11-27,2023-11-30,3985,3985,,4300739,,23000645,,03/2321065,4.000,4.000,,,1,,1,1_1,1_2023,1_2023_1_3985
1,2023,1,2023-10-20,2023-11-27,3862,3862,,4300267,,23000559,,02/08097,144.000,144.000,,,1,,1,1_1,1_2023,1_2023_1_3862
1,2023,1,2023-11-22,2023-11-30,3974,3974,,4300012,,23000638,,03/10000,6.000,6.000,,,1,,1,1_1,1_2023,1_2023_1_3974
1,2023,1,2023-10-20,2023-11-27,3863,3863,,4300267,,23000559,,02/08098A,16.000,16.000,,,1,,1,1_1,1_2023,1_2023_1_3863
1,2023,1,2023-11-28,2023-11-30,3994,3994,,4300012,,23000648,,03/10000,2.000,2.000,,,1,,1,1_1,1_2023,1_2023_1_3994
1,2023,1,2023-10-20,2023-11-27,3864,3864,,4300267,,23000559,,02/08099A,16.000,16.000,,,1,,1,1_1,1_2023,1_2023_1_3864
1,2023,1,2023-11-22,2023-11-30,3975,3975,,4300012,,23000638,,03/10000,4.000,4.000,,,1,,1,1_1,1_2023,1_2023_1_3975
1,2023,1,2023-12-18,,4025,,,4300267,,23000673,,02/09918A,2808.000,0.000,,,0,,1,1_1,1_2023,1_2023_1_4025
1,2023,1,2023-12-18,,4027,,,4300267,,23000674,,02/09944,16.000,0.000,,,0,,1,1_1,1_2023,1_2023_1_4027
1,2023,1,2023-12-18,,4029,,,4300267,,23000674,,02/09909,4080.000,0.000,,,0,,1,1_1,1_2023,1_2023_1_4029
1,2023,1,2023-11-10,2023-11-29,3917,3917,,4300267,,23000599,,02/10895,20.000,20.000,,,1,,1,1_1,1_2023,1_2023_1_3917
1,2023,1,2023-11-09,2023-11-27,3909,3909,,4300267,,23000599,,02/0920701,20.000,20.000,,,1,,1,1_1,1_2023,1_2023_1_3909
1,2023,1,2023-11-16,2023-11-29,3963,3963,,4300837,,23000625,,10/01001R,34.000,34.000,,,1,,1,1_1,1_2023,1_2023_1_3963
1,2023,1,2023-11-09,2023-11-27,3915,3915,,4300267,,23000599,,02/0900201,30.000,30.000,,,1,,1,1_1,1_2023,1_2023_1_3915
1,2023,1,2023-11-09,2023-11-29,3918,3918,,4300267,,23000599,,02/10615,58.000,58.000,,,1,,1,1_1,1_2023,1_2023_1_3918
1,2023,1,2023-11-20,2023-11-27,3968,3968,,4300576,,23000630,,04/20001,30000.000,30000.000,,,1,,1,1_1,1_2023,1_2023_1_3968
1,2023,1,2023-10-27,2023-11-30,3884,3884,,4301705,,23000579,,03/00331,4.000,4.000,,,1,,1,1_1,1_2023,1_2023_1_3884
1,2023,1,2023-11-20,2023-11-27,3969,3969,,4300576,,23000630,,04/20002,5000.000,5000.000,,,1,,1,1_1,1_2023,1_2023_1_3969
1,2023,1,2023-11-09,2023-11-29,3919,3919,,4300267,,23000599,,02/10302,38.000,38.000,,,1,,1,1_1,1_2023,1_2023_1_3919
1,2023,1,2023-10-20,2023-11-30,3869,3869,,4300267,,23000560,,02/09909,4087.000,4087.000,,,1,,1,1_1,1_2023,1_2023_1_3869
1,2023,1,2023-11-16,2023-11-29,3961,3961,,4300837,,23000625,,02/10696R,4.000,4.000,,,1,,1,1_1,1_2023,1_2023_1_3961
1,2023,1,2023-11-28,2023-11-30,3995,3995,,4300012,,23000648,,03/10005,5.000,5.000,,,1,,1,1_1,1_2023,1_2023_1_3995
1,2023,1,2023-11-16,2023-11-29,3962,3962,,4300837,,23000625,,02/10333AR,20.000,20.000,,,1,,1,1_1,1_2023,1_2023_1_3962
1,2023,1,2023-10-20,2023-11-30,3866,3866,,4300267,,23000560,,02/09945,96.000,96.000,,,1,,1,1_1,1_2023,1_2023_1_3866
1,2023,1,2023-11-10,2023-12-01,3926,3926,,4301144,,23000596,,02/10893,6.000,6.000,,,1,,1,1_1,1_2023,1_2023_1_3926
1,2023,1,2023-11-14,2023-12-11,3947,3947,,4300617,,23000616,,02/1071701,168.000,168.000,,,1,,1,1_1,1_2023,1_2023_1_3947
1,2023,1,2023-11-30,2023-11-30,4004,4004,,4309999,,0,,.ABC03,58.000,58.000,,,1,,1,1_1,1_2023,1_2023_1_4004
1,2023,1,2023-11-30,2023-11-30,4005,4005,,4309999,,0,,04/99999,14.702,14.702,,,1,,1,1_1,1_2023,1_2023_1_4005
1,2023,1,2023-11-28,2023-12-15,3989,3989,,4300617,,23000649,,02/10817D01,96.000,96.000,,,1,,1,1_1,1_2023,1_2023_1_3989
1,2023,1,2023-11-30,2023-12-11,3997,3997,,4300617,,23000649,,02/10900,40.000,40.000,,,1,,1,1_1,1_2023,1_2023_1_3997
1,2023,1,2023-12-19,2023-12-22,4053,4053,,4301851,,23000686,,02/07695,100.000,100.000,,,1,,1,1_1,1_2023,1_2023_1_4053
1,2023,1,2023-12-18,,4026,,,4300267,,23000674,,02/09945,96.000,0.000,,,0,,1,1_1,1_2023,1_2023_1_4026
1,2023,1,2023-12-18,,4028,,,4300267,,23000674,,02/09946,16.000,0.000,,,0,,1,1_1,1_2023,1_2023_1_4028
1,2023,1,2023-12-18,,4030,,,4300267,,23000675,,02/09136,96.000,0.000,,,0,,1,1_1,1_2023,1_2023_1_4030
1,2023,1,2023-12-18,,4031,,,4300267,,23000675,,02/09137,16.000,0.000,,,0,,1,1_1,1_2023,1_2023_1_4031
1,2023,1,2023-11-14,2023-12-11,3951,3951,,4301557,,23000617,,02/10384R,6.000,6.000,,,1,,1,1_1,1_2023,1_2023_1_3951
1,2023,1,2023-12-18,,4032,,,4300267,,23000675,,02/09135,16.000,0.000,,,0,,1,1_1,1_2023,1_2023_1_4032
1,2023,1,2023-11-14,2023-12-11,3952,3952,,4301557,,23000617,,02/10521AR,4.000,4.000,,,1,,1,1_1,1_2023,1_2023_1_3952
1,2023,1,2023-12-18,,4033,,,4300267,,23000675,,02/09061,4704.000,0.000,,,0,,1,1_1,1_2023,1_2023_1_4033
1,2023,1,2023-11-14,2023-12-11,3953,3953,,4301557,,23000617,,02/10046ER,5.000,5.000,,,1,,1,1_1,1_2023,1_2023_1_3953
1,2023,1,2023-12-18,,4034,,,4300267,,23000676,,02/07940,224.000,0.000,,,0,,1,1_1,1_2023,1_2023_1_4034
1,2023,1,2023-11-14,2023-12-11,3954,3954,,4301557,,23000617,,02/10093R,3.000,3.000,,,1,,1,1_1,1_2023,1_2023_1_3954
1,2023,1,2023-12-18,,4035,,,4300267,,23000676,,02/07961,32.000,0.000,,,0,,1,1_1,1_2023,1_2023_1_4035
1,2023,1,2023-11-14,2023-12-11,3955,3955,,4301557,,23000617,,02/09991AR,5.000,5.000,,,1,,1,1_1,1_2023,1_2023_1_3955
1,2023,1,2023-12-18,,4036,,,4300267,,23000676,,02/07962,32.000,0.000,,,0,,1,1_1,1_2023,1_2023_1_4036
1,2023,1,2023-12-18,,4037,,,4300267,,23000676,,02/08687,11172.000,0.000,,,0,,1,1_1,1_2023,1_2023_1_4037
1,2023,1,2023-12-19,,4040,,,4309999,,0,,13/10525,450.000,0.000,,,0,,1,1_1,1_2023,1_2023_1_4040
1,2023,1,2023-12-19,2023-12-21,4038,4038,,4300617,,23000685,,02/061700042,1.000,1.000,,,1,,1,1_1,1_2023,1_2023_1_4038
1,2023,1,2023-12-30,2023-12-30,4057,4057,,4309999,,0,,.ABC03,52.000,52.000,,,1,,1,1_1,1_2023,1_2023_1_4057
1,2023,1,2023-11-10,2023-12-20,3934,3934,,4309999,,0,,10/01054,71.000,71.000,,,1,,1,1_1,1_2023,1_2023_1_3934
1,2023,1,2023-12-18,2023-12-21,4020,4020,,4301535,,23000671,,03/1421070,1.000,1.000,,,1,,1,1_1,1_2023,1_2023_1_4020
1,2023,1,2023-11-10,2023-12-20,3933,3933,,4309999,,0,,10/01001,88.000,88.000,,,1,,1,1_1,1_2023,1_2023_1_3933
1,2023,1,2023-11-10,2023-12-19,3930,3930,,4309999,,0,,10/01050,114.000,114.000,,,1,,1,1_1,1_2023,1_2023_1_3930
1,2023,1,2023-12-18,2023-12-21,4021,4021,,4300254,,23000672,,03/6121042,2.000,2.000,,,1,,1,1_1,1_2023,1_2023_1_4021
1,2023,1,2023-11-10,2023-12-19,3931,3931,,4309999,,0,,10/01051,156.000,156.000,,,1,,1,1_1,1_2023,1_2023_1_3931
1,2023,1,2023-12-30,2023-12-30,4058,4058,,4309999,,0,,04/99999,14.181,14.181,,,1,,1,1_1,1_2023,1_2023_1_4058
1,2023,1,2023-11-10,2023-12-19,3932,3932,,4309999,,0,,10/01052,80.000,80.000,,,1,,1,1_1,1_2023,1_2023_1_3932
1,2023,1,2023-11-14,2023-12-19,3943,3943,,4300617,,23000616,,02/10738A,10.000,10.000,,,1,,1,1_1,1_2023,1_2023_1_3943
1,2023,1,2023-11-14,2023-12-19,3944,3944,,4300617,,23000616,,02/10717,10.000,10.000,,,1,,1,1_1,1_2023,1_2023_1_3944
1,2023,1,2023-11-30,2023-12-19,4001,4001,,4301621,,23000652,,02/10899,4.000,4.000,,,1,,1,1_1,1_2023,1_2023_1_4001
1,2023,1,2023-12-19,,4041,,,4300052,,23000678,,03/5531070,6.000,0.000,,,0,,1,1_1,1_2023,1_2023_1_4041
1,2023,1,2023-12-19,,4042,,,4301609,,23000679,,04/1609100050K,100.000,0.000,,,0,,1,1_1,1_2023,1_2023_1_4042
1,2023,1,2023-12-19,,4043,,,4301609,,23000679,,04/1609075050,2808.000,0.000,,,0,,1,1_1,1_2023,1_2023_1_4043
1,2023,1,2023-12-19,,4044,,,4301609,,23000679,,04/1609100050,1200.000,0.000,,,0,,1,1_1,1_2023,1_2023_1_4044
1,2023,1,2023-12-19,,4045,,,4301609,,23000679,,04/1609100100,500.000,0.000,,,0,,1,1_1,1_2023,1_2023_1_4045
1,2023,1,2023-12-19,,4046,,,4301609,,23000679,,04/1609025025,234.000,0.000,,,0,,1,1_1,1_2023,1_2023_1_4046
1,2023,1,2023-12-19,,4047,,,4301609,,23000679,,04/1609125050,112.000,0.000,,,0,,1,1_1,1_2023,1_2023_1_4047
1,2023,1,2023-12-19,,4048,,,4301609,,23000679,,04/1609100050I,1200.000,0.000,,,0,,1,1_1,1_2023,1_2023_1_4048
1,2023,1,2023-12-19,,4049,,,4301609,,23000679,,04/1609075025I,600.000,0.000,,,0,,1,1_1,1_2023,1_2023_1_4049
1,2023,1,2023-12-19,,4051,,,4301609,,23000679,,04/1609075050I,600.000,0.000,,,0,,1,1_1,1_2023,1_2023_1_4051
1,2023,1,2023-12-19,,4050,,,4301609,,23000679,,04/1609125050I,256.000,0.000,,,0,,1,1_1,1_2023,1_2023_1_4050
1,2023,1,2023-12-19,,4052,,,4302013,,23000681,,01/09970A,1.000,0.000,,,0,,1,1_1,1_2023,1_2023_1_4052
